#%yanny
#
# confSummaryF-10023027.par
#
# Created by pydl.pydlutils.yanny.yanny
#
# 2026-08-20 08:00:07 UTC
#
configuration_id 10023027
robostrategy_run iota-1
fps_calibrations_version 2025.12.04+ccda1c9
jaeger_version 1.11.1
coordio_version 1.18.1
kaiju_version 1.4.1
design_id 747024
field_id 111950
focal_scale 0.9999416
instruments BOSS APOGEE
epoch 2461272.834907922
obstime Thu Aug 20 08:00:07 2026
MJD 61272
observatory LCO
temperature 8.673055207983644
raCen 37.4255645223752
decCen -23.9554217974918
pa 287.00513
is_dithered 0
parent_configuration -999
dither_radius -999.0
cloned_from -999
rotator_angle 163.06
fvc_centroid_method flex
fvc_rms 0.0075
fvc_90_perc 0.009
fvc_percent_reached 66.7
fvc_image_path /data/fcam/61272/proc-fimg-fvc1s-0029.fits

typedef enum {
    BOSS,
    APOGEE,
    METROLOGY,
    NONE
} FIBERTYPE;

typedef struct {
    short positionerId;
    char holeId[28];
    FIBERTYPE fiberType;
    short assigned;
    short on_target;
    short disabled;
    short valid;
    short decollided;
    short too;
    double xwok;
    double ywok;
    double zwok;
    double xFocal;
    double yFocal;
    float alpha;
    float beta;
    double racat;
    double deccat;
    float pmra;
    float pmdec;
    float parallax;
    double ra;
    double dec;
    double ra_observed;
    double dec_observed;
    double alt_observed;
    double az_observed;
    float lambda_design;
    float lambda_eff;
    float coord_epoch;
    short spectrographId;
    short fiberId;
    float mag[5];
    char optical_prov[120];
    float bp_mag;
    float gaia_g_mag;
    float rp_mag;
    float h_mag;
    long catalogid;
    long carton_to_target_pk;
    char cadence[400];
    char firstcarton[400];
    char program[400];
    char category[400];
    long sdssv_boss_target0;
    long sdssv_apogee_target0;
    double delta_ra;
    double delta_dec;
    long too_id;
    char too_program[80];
} FIBERMAP;

FIBERMAP 4 R+1C12 APOGEE 0 0 0 1 0 0 -17.798429531108994 23.560534687571742 143.1 -27.734095879654785 -10.129214250299336 38.036667 91.78384 -999.0 -999.0 -999.0 -999.0 -999.0 37.33337301854783 -23.986322303338504 37.29176160888113 -23.864083056569072 72.04617736094166 77.82159562821084 -999.0 16600.0 -999.0 2 -999 {-999.0 -999.0 -999.0 -999.0 -999.0} "" -999.0 -999.0 -999.0 -999.0 -999 -999 "" "" "" "" 0 0 0.0 0.0 -999 ""
FIBERMAP 4 R+1C12 BOSS 1 1 0 1 0 0 -17.324489425517985 22.99516943108509 143.1 -27.05488161024819 -9.841357505039472 38.036667 91.78384 37.335689491456 -23.985420681939512 1.5443431 -4.1277695 0.32703945 37.33568163680887 -23.985427430396292 37.29399799996162 -23.863216767307417 72.04395779994351 77.82132685853867 5400.0 5400.0 2016.0 1 22 {-999.0 16.966808 16.619425 16.522987 -999.0} sdss_psfmag_ps1 16.870274 16.627825 16.230091 15.561 63050395811944975 980984252 "" ops_std_boss_tic ops_std standard_boss 0 0 0.0 0.0 -999 ""
FIBERMAP 4 R+1C12 METROLOGY 0 0 0 1 0 0 -18.053013701154683 22.85719613668871 143.1 -27.13599822954177 -10.578337919506229 38.036667 91.78384 -999.0 -999.0 -999.0 -999.0 -999.0 37.33539207850942 -23.987674426353514 37.293724734259 -23.8654556710896 72.04498701742807 77.82782733796694 -999.0 6231.0 -999.0 -1 -999 {-999.0 -999.0 -999.0 -999.0 -999.0} "" -999.0 -999.0 -999.0 -999.0 -999 -999 "" "" "" "" 0 0 0.0 0.0 -999 ""
FIBERMAP 6 R+3C2 APOGEE 0 0 0 1 0 0 -221.18306047821068 62.17461733833419 143.1 -124.13561106852075 -193.31790898221533 27.149122 105.45665 -999.0 -999.0 -999.0 -999.0 -999.0 37.01341517229984 -24.540889485012034 36.971169626022345 -24.41799350464021 72.5112695625416 79.20036076332622 -999.0 16600.0 -999.0 2 -999 {-999.0 -999.0 -999.0 -999.0 -999.0} "" -999.0 -999.0 -999.0 -999.0 -999 -999 "" "" "" "" 0 0 0.0 0.0 -999 ""
FIBERMAP 6 R+3C2 BOSS 1 1 0 1 0 0 -220.69467976168062 61.651320630814155 143.1 -123.49240068593134 -193.00394125971394 27.149122 105.45665 37.01560158218245 -24.539940352939073 6.0587773 -7.675809 0.12615056 37.015598791144335 -24.539959376048348 36.97328219729434 -24.417089481915202 72.50915497934588 79.19964636684318 5400.0 5400.0 2016.0 1 75 {-999.0 18.02222 17.74134 17.639494 17.615835} sdss_psfmag_from_lsdr8 17.98334 17.73231 17.328285 -999.0 63050395811942783 908532816 "" ops_std_boss_lsdr10 ops_std standard_boss 0 0 0.0 0.0 -999 ""
FIBERMAP 6 R+3C2 METROLOGY 0 0 0 1 0 0 -221.40020079720563 61.45883224582187 143.1 -123.5146616633627 -193.73486785973978 27.149122 105.45665 -999.0 -999.0 -999.0 -999.0 -999.0 37.01548737718808 -24.542199575732912 36.97318657553092 -24.419322522616703 72.50997780073878 79.2065595825008 -999.0 6231.0 -999.0 -1 -999 {-999.0 -999.0 -999.0 -999.0 -999.0} "" -999.0 -999.0 -999.0 -999.0 -999 -999 "" "" "" "" 0 0 0.0 0.0 -999 ""
FIBERMAP 13 R-1C1 APOGEE 0 0 0 1 0 0 -285.9845433005693 -2.6876066902880495 143.1 -81.06343992676979 -274.25088448155515 143.15343 79.71375 -999.0 -999.0 -999.0 -999.0 -999.0 37.15718722902997 -24.784620704371424 37.11430065733754 -24.66188146128238 72.46742053824788 80.1075906362762 -999.0 16600.0 -999.0 2 255 {-999.0 -999.0 -999.0 -999.0 -999.0} "" -999.0 -999.0 -999.0 -999.0 -999 -999 "" "" "" "" 0 0 0.0 0.0 -999 ""
FIBERMAP 13 R-1C1 BOSS 1 1 0 1 0 0 -285.4477118268391 -2.179916056738069 143.1 -81.39191412042261 -273.5890848509935 143.15343 79.71375 37.15609090091082 -24.782603435534384 21.730057 6.739043 2.2453942 37.15616877026062 -24.782586414831936 37.113216674482715 -24.65986772364892 72.46771303209954 80.1002125363604 5400.0 5400.0 2016.0 1 525 {-999.0 15.971836 14.999898 14.661299 -999.0} sdss_psfmag_from_g3xp 15.648657 15.047463 14.308645 12.86 63050395811941909 1122075456 bright_1x1 openfibertargets_mwm_snc_further_ext_boss open_fiber science 0 0 0.0 0.0 -999 ""
FIBERMAP 13 R-1C1 METROLOGY 0 0 0 1 0 0 -285.2627544209812 -2.8928543512700493 143.1 -80.65609733015543 -273.6207162268933 143.15343 79.71375 -999.0 -999.0 -999.0 -999.0 -999.0 37.15857862095764 -24.782749612884825 37.11564314862949 -24.660028535699347 72.46567392568363 80.10305003008506 -999.0 6231.0 -999.0 -1 -999 {-999.0 -999.0 -999.0 -999.0 -999.0} "" -999.0 -999.0 -999.0 -999.0 -999 -999 "" "" "" "" 0 0 0.0 0.0 -999 ""
FIBERMAP 15 R-1C25 APOGEE 0 0 0 1 0 0 251.34492306635897 -34.0733829435016 143.1 106.08511460980944 230.37729943518437 267.69763 94.831696 -999.0 -999.0 -999.0 -999.0 -999.0 37.77360404416629 -23.257402754174837 37.73281405724646 -23.136065389867277 71.40108911147013 76.14160885091451 -999.0 16600.0 -999.0 2 -999 {-999.0 -999.0 -999.0 -999.0 -999.0} "" -999.0 -999.0 -999.0 -999.0 -999 -999 "" "" "" "" 0 0 0.0 0.0 -999 ""
FIBERMAP 15 R-1C25 BOSS 1 1 0 1 0 0 250.64210084906458 -34.130751389506905 143.1 105.93443811880393 229.68846801484295 267.69763 94.831696 37.7731981076316 -23.259417966327785 0.69853616 -3.4347746 0.082762726 37.773203282819885 -23.25943366148108 37.73233753852202 -23.138122796505044 71.40228388968578 76.14703732593767 5400.0 5400.0 2016.0 1 336 {-999.0 17.838745 17.527916 17.424553 17.40245} sdss_psfmag_from_lsdr8 17.808277 17.526215 17.087477 16.184 63050395811957378 908532517 "" ops_std_boss_lsdr10 ops_std standard_boss 0 0 0.0 0.0 -999 ""
FIBERMAP 15 R-1C25 METROLOGY 0 0 0 1 0 0 250.94532393347015 -33.441070718575816 143.1 105.36362442005228 230.1801072056297 267.69763 94.831696 -999.0 -999.0 -999.0 -999.0 -999.0 37.77131395253077 -23.25792466641246 37.73047383934676 -23.136603371709953 71.40328266759423 76.14057440302071 -999.0 6231.0 -999.0 -1 -999 {-999.0 -999.0 -999.0 -999.0 -999.0} "" -999.0 -999.0 -999.0 -999.0 -999 -999 "" "" "" "" 0 0 0.0 0.0 -999 ""
FIBERMAP 24 R+3C10 APOGEE 0 0 0 1 0 0 -50.7542873695935 69.1345047786291 143.1 -80.95058109066068 -28.31469145351736 56.812454 125.09407 -999.0 -999.0 -999.0 -999.0 -999.0 37.15655358314621 -24.041594691467623 37.11505925981322 -23.91906230053304 72.21673346920406 77.8022060835529 -999.0 16600.0 -999.0 2 -999 {-999.0 -999.0 -999.0 -999.0 -999.0} "" -999.0 -999.0 -999.0 -999.0 -999 -999 "" "" "" "" 0 0 0.0 0.0 -999 ""
FIBERMAP 24 R+3C10 BOSS 1 1 0 1 0 0 -50.00934608401397 69.14838897341431 143.1 -80.74600665959555 -27.598301367980472 56.812454 125.09407 37.15724058430203 -24.039396480417146 5.9028955 -5.2313714 1.6815741 37.157251689381795 -24.039411785707614 37.11569020112336 -23.91690549414512 72.21542942674682 77.79627288816346 5400.0 5400.0 2016.0 1 24 {-999.0 15.211063 14.369523 14.005505 -999.0} sdss_psfmag_from_g3xp 14.931438 14.470474 13.621061 12.104 63050395811955130 1095898369 bright_1x1 mwm_bin_vis_boss mwm_filler science 0 0 0.0 0.0 -999 ""
FIBERMAP 24 R+3C10 METROLOGY 0 0 0 1 0 0 -50.36036268530643 68.49864193185675 143.1 -80.22735515274746 -28.123963605414044 56.812454 125.09407 -999.0 -999.0 -999.0 -999.0 -999.0 37.15894706534074 -24.04101811591508 37.11740040671782 -23.918507113566246 72.2145355578663 77.80299055630417 -999.0 6231.0 -999.0 -1 -999 {-999.0 -999.0 -999.0 -999.0 -999.0} "" -999.0 -999.0 -999.0 -999.0 -999 -999 "" "" "" "" 0 0 0.0 0.0 -999 ""
FIBERMAP 27 R-2C1 APOGEE 0 0 0 1 0 0 -278.78299938571223 -21.592224146343025 143.1 -60.88039377163466 -272.89307551595033 169.03877 57.958984 -999.0 -999.0 -999.0 -999.0 -999.0 37.22433970063813 -24.780689305633707 37.18137453767804 -24.65805642382753 72.40841566870961 80.15986356134073 -999.0 16600.0 -999.0 2 256 {-999.0 -999.0 -999.0 -999.0 -999.0} "" -999.0 -999.0 -999.0 -999.0 -999 -999 "" "" "" "" 0 0 0.0 0.0 -999 ""
FIBERMAP 27 R-2C1 BOSS 1 1 0 1 0 0 -278.2953219707464 -21.026615413905656 143.1 -61.27862519289137 -272.2613405303912 169.03877 57.958984 37.222958325259604 -24.778816803214923 38.247585 13.72477 0.97681427 37.22308501894958 -24.778754010987573 37.18005419330518 -24.65614133255375 72.4089440745634 80.15259306403061 5400.0 5400.0 2016.0 1 526 {-999.0 14.269801 13.888502 13.760298 -999.0} sdss_psfmag_from_g3xp 14.204588 13.899144 13.428285 12.597 63050395811941901 1072537124 bright_1x1 mwm_halo_local_high_boss_single mwm_halo science 0 0 0.0 0.0 -999 ""
FIBERMAP 27 R-2C1 METROLOGY 0 0 0 1 0 0 -278.0509946278195 -21.737899862228154 143.1 -60.527027688887564 -272.23571737192066 169.03877 57.958984 -999.0 -999.0 -999.0 -999.0 -999.0 37.22555311033486 -24.77874145930391 37.18253924022849 -24.65612652728448 72.40679823888104 80.1549240464152 -999.0 6231.0 -999.0 -1 -999 {-999.0 -999.0 -999.0 -999.0 -999.0} "" -999.0 -999.0 -999.0 -999.0 -999 -999 "" "" "" "" 0 0 0.0 0.0 -999 ""
FIBERMAP 34 R-11C16 APOGEE 0 0 0 1 0 0 180.72115023735236 -218.41325178258913 143.1 261.70185326028707 108.93684592458317 341.92053 114.01909 -999.0 -999.0 -999.0 -999.0 -999.0 38.28839539297447 -23.622350024605286 38.24629473736684 -23.501733893105524 71.1002221523521 77.74487469534319 -999.0 16600.0 -999.0 2 235 {-999.0 -999.0 -999.0 -999.0 -999.0} "" -999.0 -999.0 -999.0 -999.0 -999 -999 "" "" "" "" 0 0 0.0 0.0 -999 ""
FIBERMAP 34 R-11C16 BOSS 1 1 0 1 0 0 180.79795939163398 -219.1655123603646 143.1 262.4436440100813 108.7903013143185 341.92053 114.01909 38.290875846869724 -23.622764332305973 -0.09419519 -0.13269876 1.3586298 38.290876831918304 -23.622765958200105 38.24869775245196 -23.50218034479077 71.09833060028143 77.74862718302165 5400.0 5400.0 2016.0 1 345 {-999.0 21.782885 20.123663 20.115694 -999.0} sdss_psfmag_ps1 20.646719 20.31223 19.67582 -999.0 63050395811945336 1117293210 bright_1x1 openfibertargets_bhm_quaia_boss open_fiber science 0 0 0.0 0.0 -999 ""
FIBERMAP 34 R-11C16 METROLOGY 0 0 0 1 0 0 180.11910443024846 -218.86760851341307 143.1 261.96025706821814 108.22828384596362 341.92053 114.01909 -999.0 -999.0 -999.0 -999.0 -999.0 38.28935295804568 -23.624453719458202 38.24719367648095 -23.50385762088688 71.10022438612884 77.75190777507316 -999.0 6231.0 -999.0 -1 -999 {-999.0 -999.0 -999.0 -999.0 -999.0} "" -999.0 -999.0 -999.0 -999.0 -999 -999 "" "" "" "" 0 0 0.0 0.0 -999 ""
FIBERMAP 38 R+13C14 APOGEE 0 0 0 1 0 0 146.2862145044779 266.0243336056571 143.1 -211.5985372277287 217.67842495072773 92.21242 112.49872 -999.0 -999.0 -999.0 -999.0 -999.0 36.72832480058687 -23.297389369242108 36.688727567426895 -23.17439870696708 72.30036258994949 75.05576866546107 -999.0 16600.0 -999.0 2 57 {-999.0 -999.0 -999.0 -999.0 -999.0} "" -999.0 -999.0 -999.0 -999.0 -999 -999 "" "" "" "" 0 0 0.0 0.0 -999 ""
FIBERMAP 38 R+13C14 BOSS 1 1 0 1 0 0 146.99975175502837 266.21968214765076 143.1 -211.5766669335239 218.41785326277258 92.21242 112.49872 36.72841845679519 -23.295047893725158 32.81111 -44.359337 0.83348453 36.7285304218673 -23.295183749445567 36.688868534059566 -23.1722210065274 72.29938513715173 75.04935387128671 5400.0 5400.0 2016.0 1 95 {-999.0 15.249349 14.948751 14.83957 -999.0} sdss_psfmag_from_g3xp 15.2060175 14.939491 14.507895 13.744 63050395811958073 1072501692 bright_1x1 mwm_halo_local_high_boss_single mwm_halo science 0 0 0.0 0.0 -999 ""
FIBERMAP 38 R+13C14 METROLOGY 0 0 0 1 0 0 146.80207009370525 265.4882840747976 143.1 -210.93509754705553 218.0149353321375 92.21242 112.49872 -999.0 -999.0 -999.0 -999.0 -999.0 36.7305473423907 -23.296348229775383 36.69090026396191 -23.173380638033198 72.29812562821284 75.05528037226816 -999.0 6231.0 -999.0 -1 -999 {-999.0 -999.0 -999.0 -999.0 -999.0} "" -999.0 -999.0 -999.0 -999.0 -999 -999 "" "" "" "" 0 0 0.0 0.0 -999 ""
FIBERMAP 41 R+10C10 APOGEE 0 0 0 1 0 0 12.935843787472447 180.34465575256078 143.1 -168.666697321763 65.10958353620549 260.80994 88.49734 -999.0 -999.0 -999.0 -999.0 -999.0 36.86647539760336 -23.757930642934806 36.8258661634153 -23.63502500956554 72.36031571567474 76.61656249193948 -999.0 16600.0 -999.0 2 -999 {-999.0 -999.0 -999.0 -999.0 -999.0} "" -999.0 -999.0 -999.0 -999.0 -999 -999 "" "" "" "" 0 0 0.0 0.0 -999 ""
FIBERMAP 41 R+10C10 BOSS 1 1 0 1 0 0 12.20983785273238 180.48551955435298 143.1 -169.01370784556454 64.45655440586808 260.80994 88.49734 36.8653252571624 -23.75986022341255 0.2645729 -0.045830674 -0.9602164 36.86532796057974 -23.759860621226288 36.824647479518774 -23.636977951236897 72.362076973766 76.62118084646727 5400.0 5400.0 2016.0 1 127 {-999.0 20.537086 20.473566 20.186281 -999.0} sdss_psfmag_ps1 20.611095 20.393543 19.956587 -999.0 63050395811955479 1117293202 bright_1x1 openfibertargets_bhm_quaia_boss open_fiber science 0 0 0.0 0.0 -999 ""
FIBERMAP 41 R+10C10 METROLOGY 0 0 0 1 0 0 12.678281650896581 181.04690924140834 143.1 -169.41352960338844 65.06866395122843 260.80994 88.49734 -999.0 -999.0 -999.0 -999.0 -999.0 36.86397186721812 -23.75800343695961 36.823316070466774 -23.635112016651096 72.36251744082008 76.61396865837827 -999.0 6231.0 -999.0 -1 -999 {-999.0 -999.0 -999.0 -999.0 -999.0} "" -999.0 -999.0 -999.0 -999.0 -999 -999 "" "" "" "" 0 0 0.0 0.0 -999 ""
FIBERMAP 47 R-6C12 APOGEE 0 0 0 1 0 0 21.92990428907315 -127.98370665185254 143.1 128.7941157250764 -16.457713905360887 255.4722 129.28049 -999.0 -999.0 -999.0 -999.0 -999.0 37.853419829171536 -24.004110488800855 37.811129728534524 -23.882689875632806 71.60828701879583 78.41423310154198 -999.0 16600.0 -999.0 2 -999 {-999.0 -999.0 -999.0 -999.0 -999.0} "" -999.0 -999.0 -999.0 -999.0 -999 -999 "" "" "" "" 0 0 0.0 0.0 -999 ""
FIBERMAP 47 R-6C12 BOSS 1 1 0 1 0 0 21.285951202503842 -128.3254091572902 143.1 128.9325416271404 -17.173404047551596 255.4722 129.28049 37.853860338032675 -24.00623021247432 50.061928 -16.443962 0.77239263 37.85403210050278 -24.006263044015935 37.81166411088344 -23.884867722934214 71.60859055786429 78.4212416176581 5400.0 5400.0 2016.0 1 391 {-999.0 13.961637 13.535999 13.355116 -999.0} sdss_psfmag_from_g3xp 13.872386 13.535554 13.017708 12.002 63050395811944776 1076120778 bright_1x1 mwm_halo_mp_xp_boss_single mwm_halo science 0 0 0.0 0.0 -999 ""
FIBERMAP 47 R-6C12 METROLOGY 0 0 0 1 0 0 21.315143843606656 -127.55759890551843 143.1 128.20688111690222 -16.920950760841016 255.4722 129.28049 -999.0 -999.0 -999.0 -999.0 -999.0 37.85161659206679 -24.005516796067564 37.80927371741899 -23.8841107733836 71.61037376718268 78.41657202716641 -999.0 6231.0 -999.0 -1 -999 {-999.0 -999.0 -999.0 -999.0 -999.0} "" -999.0 -999.0 -999.0 -999.0 -999 -999 "" "" "" "" 0 0 0.0 0.0 -999 ""
FIBERMAP 48 R-6C4 APOGEE 0 0 0 1 0 0 -165.74924115526727 -121.2140638584845 143.1 67.43589374562603 -193.94106231032944 180.33644 141.83415 -999.0 -999.0 -999.0 -999.0 -999.0 37.65123112614901 -24.54252886365684 37.608173587111025 -24.420635850503178 71.96438441141635 79.83391367275908 -999.0 16600.0 -999.0 2 -999 {-999.0 -999.0 -999.0 -999.0 -999.0} "" -999.0 -999.0 -999.0 -999.0 -999 -999 "" "" "" "" 0 0 0.0 0.0 -999 ""
FIBERMAP 48 R-6C4 BOSS 1 1 0 1 0 0 -166.31967934950544 -120.75679653848788 143.1 66.83182525502978 -194.3528049084124 180.33644 141.83415 37.64930820512267 -24.543823523947964 0.8121326 0.9925057 1.092347 37.64931412636011 -24.543806420013556 37.606184101379654 -24.421932774428992 71.96651979663177 79.83596578900972 5400.0 5400.0 2016.0 1 491 {-999.0 20.792173 20.412464 20.3291 -999.0} sdss_psfmag_ps1 20.804317 20.403944 19.913929 -999.0 63050395811942398 1117292902 bright_1x1 openfibertargets_bhm_quaia_boss open_fiber science 0 0 0.0 0.0 -999 ""
FIBERMAP 48 R-6C4 METROLOGY 0 0 0 1 0 0 -165.65534203895527 -120.47198490530504 143.1 66.75376086552203 -193.63426008870513 180.33644 141.83415 -999.0 -999.0 -999.0 -999.0 -999.0 37.649040262044295 -24.541674769791616 37.60593517511853 -24.41979484080948 71.96603683009887 79.829198598282 -999.0 6231.0 -999.0 -1 -999 {-999.0 -999.0 -999.0 -999.0 -999.0} "" -999.0 -999.0 -999.0 -999.0 -999 -999 "" "" "" "" 0 0 0.0 0.0 -999 ""
FIBERMAP 50 R-4C21 APOGEE 0 0 0 1 0 0 222.6995619311179 -74.26125817727616 143.1 136.13661780174408 191.23340190399009 72.096275 36.952827 -999.0 -999.0 -999.0 -999.0 -999.0 37.87344205369324 -23.375118187586363 37.83231141695467 -23.253906642785743 71.36142792635964 76.59200398810617 -999.0 16600.0 -999.0 2 225 {-999.0 -999.0 -999.0 -999.0 -999.0} "" -999.0 -999.0 -999.0 -999.0 -999 -999 "" "" "" "" 0 0 0.0 0.0 -999 ""
FIBERMAP 50 R-4C21 BOSS 1 1 0 1 0 0 222.9624523483293 -74.93553912359374 143.1 136.85826030615272 191.2875968092624 72.096275 36.952827 37.87583028097168 -23.374849659921853 19.633987 -14.803938 0.643138 37.87590852145399 -23.374897452787184 37.83470241753491 -23.253717236564718 71.35932244727786 76.59405236335596 5400.0 5400.0 2016.0 1 323 {-999.0 18.403437 17.35997 17.045765 -999.0} sdss_psfmag_ps1 18.081211 17.431633 16.68361 14.952 63050395811957309 1073780725 bright_1x1 mwm_halo_local_low_boss_single mwm_halo science 0 0 0.0 0.0 -999 ""
FIBERMAP 50 R-4C21 METROLOGY 0 0 0 1 0 0 222.22071149894882 -74.83087115177139 143.1 136.5412595352951 190.60893647846245 72.096275 36.952827 -999.0 -999.0 -999.0 -999.0 -999.0 37.87488690185274 -23.37692090784404 37.83369890398677 -23.255730739261807 71.36093681350256 76.59879532690718 -999.0 6231.0 -999.0 -1 -999 {-999.0 -999.0 -999.0 -999.0 -999.0} "" -999.0 -999.0 -999.0 -999.0 -999 -999 "" "" "" "" 0 0 0.0 0.0 -999 ""
FIBERMAP 51 R+5C4 APOGEE 0 0 0 1 0 0 -186.86607474036384 93.26074280755104 143.1 -143.8252029718147 -151.41239305295716 234.85963 64.67313 -999.0 -999.0 -999.0 -999.0 -999.0 36.94785641943822 -24.414165049690453 36.90593058545636 -24.291202246314786 72.5247731046796 78.73639641665562 -999.0 16600.0 -999.0 2 -999 {-999.0 -999.0 -999.0 -999.0 -999.0} "" -999.0 -999.0 -999.0 -999.0 -999 -999 "" "" "" "" 0 0 0.0 0.0 -999 ""
FIBERMAP 51 R+5C4 BOSS 1 1 0 1 0 0 -187.25095160485586 93.8564478721497 143.1 -144.50738317905638 -151.60621292187932 234.85963 64.67313 36.94546951055569 -24.41464283672073 -6.325921 -38.172287 2.9683 36.945624407414634 -24.414755253534715 36.90363061318169 -24.291811660092108 72.52695197166649 78.73594252223455 5400.0 5400.0 2016.0 1 38 {-999.0 14.282337 13.482049 13.239536 -999.0} sdss_psfmag_from_g3xp 14.047519 13.5448885 12.892698 11.65 63050395811943024 1077995880 bright_flexible_2x1 mwm_snc_ext_main_boss mwm_snc science 0 0 0.6266913414001465 0.0 -999 ""
FIBERMAP 51 R+5C4 METROLOGY 0 0 0 1 0 0 -186.4976068816323 93.91168800791577 143.1 -144.339896735307 -150.8696931366731 234.85963 64.67313 -999.0 -999.0 -999.0 -999.0 -999.0 36.94613484359854 -24.41256085891359 36.90416423889559 -24.289612204207316 72.52574958509943 78.72959868145631 -999.0 6231.0 -999.0 -1 -999 {-999.0 -999.0 -999.0 -999.0 -999.0} "" -999.0 -999.0 -999.0 -999.0 -999 -999 "" "" "" "" 0 0 0.0 0.0 -999 ""
FIBERMAP 60 R-3C7 APOGEE 1 1 0 1 0 0 -136.49194673227456 -45.452753988372656 143.1 3.5472177687853055 -143.80891624398402 173.46983 74.2868 37.43820004810912 -24.39152048721181 -14.898142 -53.24687 4.4485726 37.43814923631711 -24.391688663619412 37.39564617172857 -24.26950086698451 72.09715292504703 79.16404667906232 16000.0 16600.0 2016.0 2 290 {-999.0 18.060877 16.665483 15.528452 -999.0} sdss_psfmag_ps1 17.48196 16.268211 15.039749 12.978 63050395811943200 1034660686 bright_1x1 mwm_yso_disk_apogee_single mwm_yso science 0 0 0.0 0.0 -999 ""
FIBERMAP 60 R-3C7 BOSS 0 0 0 1 0 0 -136.1064275306493 -44.82517406088712 143.1 3.0598529091927102 -143.25674439226054 173.46983 74.2868 -999.0 -999.0 -999.0 -999.0 -999.0 37.43659593954529 -24.39006271608244 37.39402630904755 -24.26789614834956 72.09800627116039 79.15751802206802 -999.0 5400.0 -999.0 1 476 {-999.0 -999.0 -999.0 -999.0 -999.0} "" -999.0 -999.0 -999.0 -999.0 -999 -999 "" "" "" "" 0 0 0.0 0.0 -999 ""
FIBERMAP 60 R-3C7 METROLOGY 0 0 0 1 0 0 -135.7451492233261 -45.471339223340934 143.1 3.78338304096171 -143.10024656353616 173.46983 74.2868 -999.0 -999.0 -999.0 -999.0 -999.0 37.43898566368036 -24.38960749676949 37.3964341603583 -24.267438246920253 72.09578471205734 79.158508643436 -999.0 6231.0 -999.0 -1 -999 {-999.0 -999.0 -999.0 -999.0 -999.0} "" -999.0 -999.0 -999.0 -999.0 -999 -999 "" "" "" "" 0 0 0.0 0.0 -999 ""
FIBERMAP 73 R-11C14 APOGEE 0 0 0 1 0 0 122.1289727815264 -202.71565586940548 143.1 229.5567444185689 57.50028299602608 75.63273 135.73576 -999.0 -999.0 -999.0 -999.0 -999.0 38.18461802935757 -23.778302039184762 38.142347915707035 -23.657474985037563 71.24515082617508 78.08891480424563 -999.0 16600.0 -999.0 2 232 {-999.0 -999.0 -999.0 -999.0 -999.0} "" -999.0 -999.0 -999.0 -999.0 -999 -999 "" "" "" "" 0 0 0.0 0.0 -999 ""
FIBERMAP 73 R-11C14 BOSS 1 1 0 1 0 0 122.79739885658523 -202.45139709101215 143.1 229.49952885523652 58.21672710335075 75.63273 135.73576 38.18436528769656 -23.776104642863718 47.371723 4.234265 2.1696365 38.18451599732748 -23.776101225692642 38.14217593107077 -23.655300618679487 71.24452195812813 78.08242263562994 5400.0 5400.0 2016.0 1 341 {-999.0 16.451626 15.332816 15.069605 -999.0} sdss_psfmag_ps1 16.068811 15.430466 14.659753 13.087 63050395811944563 1124459062 bright_1x1 openfibertargets_mwm_snc_further_ext_boss open_fiber science 0 0 0.0 0.0 -999 ""
FIBERMAP 73 R-11C14 METROLOGY 0 0 0 1 0 0 122.69957664227894 -203.19605443995573 143.1 230.18297998422443 57.905419499566214 75.63273 135.73576 -999.0 -999.0 -999.0 -999.0 -999.0 38.18679176371903 -23.777029607799403 38.14446818293624 -23.656225028968493 71.24289054435144 78.08743881649912 -999.0 6231.0 -999.0 -1 -999 {-999.0 -999.0 -999.0 -999.0 -999.0} "" -999.0 -999.0 -999.0 -999.0 -999 -999 "" "" "" "" 0 0 0.0 0.0 -999 ""
FIBERMAP 85 R+2C11 APOGEE 1 1 0 1 0 0 -29.335865494628468 26.41973404601824 143.1 -33.84213791444076 -20.32542777261726 11.21933 56.997635 37.31316901645994 -24.017371771321738 -19.202263 21.83885 10.445692 37.313103262510964 -24.017306541833005 37.271459198896366 -23.895026710570153 72.07451210064362 77.89414032035995 16000.0 16600.0 2016.0 2 15 {-999.0 15.985617 14.611416 13.460737 -999.0} sdss_psfmag_from_g3xp 15.441131 14.149245 13.022771 10.87 63050395811943577 984755938 bright_1x1 mwm_snc_100pc_apogee mwm_snc science 0 0 0.0 0.0 -999 ""
FIBERMAP 85 R+2C11 BOSS 0 0 0 1 0 0 -29.587270896447 25.739950236826065 143.1 -33.26563424391507 -20.764623476916867 11.21933 56.997635 -999.0 -999.0 -999.0 -999.0 -999.0 37.31506907925161 -24.018627490199833 37.27334914005513 -23.896374942057665 72.07337351380784 77.90022479087236 -999.0 5400.0 -999.0 1 23 {-999.0 -999.0 -999.0 -999.0 -999.0} "" -999.0 -999.0 -999.0 -999.0 -999 -999 "" "" "" "" 0 0 0.0 0.0 -999 ""
FIBERMAP 85 R+2C11 METROLOGY 0 0 0 1 0 0 -30.069495453571044 26.31534191058211 143.1 -33.956858708447456 -21.057469875075945 11.21933 56.997635 -999.0 -999.0 -999.0 -999.0 -999.0 37.31274831266002 -24.01952756204614 37.271049696959494 -23.897264147138088 72.07565448793069 77.90050841277252 -999.0 6231.0 -999.0 -1 -999 {-999.0 -999.0 -999.0 -999.0 -999.0} "" -999.0 -999.0 -999.0 -999.0 -999 -999 "" "" "" "" 0 0 0.0 0.0 -999 ""
FIBERMAP 89 R-9C1 APOGEE 0 0 0 1 0 0 -185.5492420162639 -186.4255115500226 143.1 124.00224499842817 -231.94472502574425 290.62033 120.14538 -999.0 -999.0 -999.0 -999.0 -999.0 37.839568723764856 -24.655868156350195 37.796056626799555 -24.53424275528371 71.83918660476559 80.35767107022491 -999.0 16600.0 -999.0 2 258 {-999.0 -999.0 -999.0 -999.0 -999.0} "" -999.0 -999.0 -999.0 -999.0 -999 -999 "" "" "" "" 0 0 0.0 0.0 -999 ""
FIBERMAP 89 R-9C1 BOSS 1 1 0 1 0 0 -186.00537633648327 -186.99993405394957 143.1 124.4181288187252 -232.54887528871302 290.62033 120.14538 37.841033935546875 -24.65766256756379 -999.0 -999.0 -999.0 37.84102725992021 -24.657652933028235 37.7974366154898 -24.53605180180641 71.83857418385784 80.36445692432869 5400.0 5400.0 2015.5 1 352 {-999.0 -999.0 -999.0 -999.0 -999.0} "" -999.0 -999.0 -999.0 -999.0 27021603163401067 822006036 "" ops_sky_boss_good ops_sky sky_boss 0 0 0.0 0.0 -999 ""
FIBERMAP 89 R-9C1 METROLOGY 0 0 0 1 0 0 -186.28384199868242 -186.3117556653444 143.1 123.67864243564838 -232.61389942577688 290.62033 120.14538 -999.0 -999.0 -999.0 -999.0 -999.0 37.838575627377395 -24.657916254524267 37.795008364674686 -24.536304781806898 71.84074841207564 80.36296468942032 -999.0 6231.0 -999.0 -1 -999 {-999.0 -999.0 -999.0 -999.0 -999.0} "" -999.0 -999.0 -999.0 -999.0 -999 -999 "" "" "" "" 0 0 0.0 0.0 -999 ""
FIBERMAP 92 R-1C26 APOGEE 0 0 0 1 0 0 261.9666897764358 -21.702461564369628 143.1 97.36199050468237 244.1518294789858 223.76804 74.52539 -999.0 -999.0 -999.0 -999.0 -999.0 37.74460745160453 -23.216038409420623 37.70392951174841 -23.09466660454847 71.40965870594279 75.98970669050368 -999.0 16600.0 -999.0 2 229 {-999.0 -999.0 -999.0 -999.0 -999.0} "" -999.0 -999.0 -999.0 -999.0 -999 -999 "" "" "" "" 0 0 0.0 0.0 -999 ""
FIBERMAP 92 R-1C26 BOSS 1 1 0 1 0 0 261.5715723268596 -21.014456424100874 143.1 96.5885561080699 243.97520958680178 223.76804 74.52539 37.74208346405709 -23.21654440248595 19.161444 -0.2918343 0.2252453 37.74214208235307 -23.216540422499715 37.70139386078398 -23.09519241121615 71.41201322038258 75.9884019864378 5400.0 5400.0 2016.0 1 338 {-999.0 17.443272 16.943495 16.876183 -999.0} sdss_psfmag_ps1 17.084013 16.813765 16.380907 15.668 63050395811957395 975986788 "" ops_std_boss ops_std standard_boss 0 0 0.0 0.0 -999 ""
FIBERMAP 92 R-1C26 METROLOGY 0 0 0 1 0 0 262.35126644556215 -21.051082417167326 143.1 96.85159265585465 244.71005990940833 223.76804 74.52539 -999.0 -999.0 -999.0 -999.0 -999.0 37.74298925029826 -23.214295613574997 37.70226468150037 -23.092941696031435 71.41040491278073 75.98286026306619 -999.0 6231.0 -999.0 -1 -999 {-999.0 -999.0 -999.0 -999.0 -999.0} "" -999.0 -999.0 -999.0 -999.0 -999 -999 "" "" "" "" 0 0 0.0 0.0 -999 ""
FIBERMAP 101 R-9C6 APOGEE 0 0 0 1 0 0 -65.43497610435948 -170.97639873289913 143.1 144.35569780867755 -112.57079165151346 18.622383 114.00646 -999.0 -999.0 -999.0 -999.0 -999.0 37.90627640329881 -24.295178418012753 37.863368238756664 -24.173760391001245 71.66320353761319 79.33406881625137 -999.0 16600.0 -999.0 2 181 {-999.0 -999.0 -999.0 -999.0 -999.0} "" -999.0 -999.0 -999.0 -999.0 -999 -999 "" "" "" "" 0 0 0.0 0.0 -999 ""
FIBERMAP 101 R-9C6 BOSS 1 1 0 1 0 0 -64.92819626900366 -171.53620906541806 143.1 145.0392039922239 -112.24990832693805 18.622383 114.00646 37.908647498726616 -24.294197414642067 3.6463153 1.591001 1.1614252 37.908667594799155 -24.294205931376997 37.865684896354026 -24.172815854525805 71.66089559739638 79.33349585092947 5400.0 5400.0 2016.0 1 374 {-999.0 14.666094 14.105852 13.898261 -999.0} sdss_psfmag_from_g3xp 14.531743 14.175888 13.552496 12.476 63050395811943892 940018473 bright_1x1 openfibertargets_nov2020_34a open_fiber science 0 0 0.0 0.0 -999 ""
FIBERMAP 101 R-9C6 METROLOGY 0 0 0 1 0 0 -65.62992795170749 -171.6919428071861 143.1 144.98290554886327 -112.96646292472357 18.622383 114.00646 -999.0 -999.0 -999.0 -999.0 -999.0 37.90848843542654 -24.29639760326008 37.86552258844313 -24.17499985766395 71.66176812501801 79.33987664213794 -999.0 6231.0 -999.0 -1 -999 {-999.0 -999.0 -999.0 -999.0 -999.0} "" -999.0 -999.0 -999.0 -999.0 -999 -999 "" "" "" "" 0 0 0.0 0.0 -999 ""
FIBERMAP 105 R-2C23 APOGEE 0 0 0 1 0 0 213.67825956143216 -31.231618076238334 143.1 92.35250607136126 195.1906261297924 143.14247 118.5044 -999.0 -999.0 -999.0 -999.0 -999.0 37.72913465532976 -23.36342095262795 37.688200596515685 -23.241982933621028 71.47944901843888 76.39992256153323 -999.0 16600.0 -999.0 2 203 {-999.0 -999.0 -999.0 -999.0 -999.0} "" -999.0 -999.0 -999.0 -999.0 -999 -999 "" "" "" "" 0 0 0.0 0.0 -999 ""
FIBERMAP 105 R-2C23 BOSS 1 1 0 1 0 0 213.79318541557606 -30.509462900262342 143.1 91.69557382425235 195.51170808169425 143.14247 118.5044 37.72705078125 -23.36239224692008 -999.0 -999.0 -999.0 37.727056593784766 -23.3623867177128 37.686054670647195 -23.240972979589586 71.48088926033859 76.39462291334405 5400.0 5400.0 2015.5 1 286 {-999.0 -999.0 -999.0 -999.0 -999.0} "" -999.0 -999.0 -999.0 -999.0 27021603163418229 814339039 "" ops_sky_boss_good ops_sky sky_boss 0 0 0.0 0.0 -999 ""
FIBERMAP 105 R-2C23 METROLOGY 0 0 0 1 0 0 214.371854294895 -30.975780452405694 143.1 92.31070333609892 195.9286743957913 143.14247 118.5044 -999.0 -999.0 -999.0 -999.0 -999.0 37.729070517848946 -23.361104715586887 37.68808903551434 -23.239686810314655 71.47867146230602 76.39311354996494 -999.0 6231.0 -999.0 -1 -999 {-999.0 -999.0 -999.0 -999.0 -999.0} "" -999.0 -999.0 -999.0 -999.0 -999 -999 "" "" "" "" 0 0 0.0 0.0 -999 ""
FIBERMAP 109 R-5C5 APOGEE 0 0 1 1 0 0 -148.19318120318047 -89.77633827415312 143.1 42.50852454168254 -167.9599025325949 23.084576 164.12277 -999.0 -999.0 -999.0 -999.0 -999.0 37.56807031044968 -24.464404920826585 37.52526600962898 -24.34240203921716 72.01002467569359 79.51476346588578 -999.0 16600.0 -999.0 2 295 {-999.0 -999.0 -999.0 -999.0 -999.0} "" -999.0 -999.0 -999.0 -999.0 -999 -999 "" "" "" "" 0 0 0.0 0.0 -999 ""
FIBERMAP 109 R-5C5 BOSS 1 0 1 1 0 0 -147.4880491344549 -89.51306527611351 143.1 42.46298591378926 -167.2086476017282 23.084576 164.12277 37.609484184443424 -24.526918755304244 -2.9220722 15.0684595 2.2179875 37.56800362826003 -24.46217407910509 37.52513150301604 -24.340194742943346 72.00941058074608 79.50788746872854 5400.0 5400.0 2016.0 1 486 {-999.0 16.738426 15.597664 15.2847 -999.0} sdss_psfmag_ps1 16.343641 15.651322 14.843844 13.204 63050395811942415 1120550463 bright_1x1 openfibertargets_mwm_snc_further_ext_boss open_fiber science 0 0 0.0 0.0 -999 ""
FIBERMAP 109 R-5C5 METROLOGY 0 0 1 1 0 0 -147.61249806756007 -90.24912302610888 143.1 43.1304271865859 -167.5429014103543 23.084576 164.12277 -999.0 -999.0 -999.0 -999.0 -999.0 37.570214284757235 -24.463204337702994 37.52735785355645 -24.34122168417444 72.00783574414348 79.5131966003346 -999.0 6231.0 -999.0 -1 -999 {-999.0 -999.0 -999.0 -999.0 -999.0} "" -999.0 -999.0 -999.0 -999.0 -999 -999 "" "" "" "" 0 0 0.0 0.0 -999 ""
FIBERMAP 111 R+1C26 APOGEE 1 0 1 1 0 0 281.018760335837 27.082330716557962 143.1 56.28445557574764 276.63648907283437 9.07072 169.99518 37.66692172951413 -23.125142461141223 27.2458 -10.958272 2.3836508 37.60896715194415 -23.11872960441126 37.568633183429654 -22.997169958031975 71.48640470814908 75.55515348665483 16000.0 16600.0 2016.0 2 107 {-999.0 11.263119 10.532444 10.260201 -999.0} sdss_psfmag_from_g3xp 11.062586 10.569894 9.9142 8.628 63050395811957588 1109029644 bright_1x1 mwm_tess_rgb_apogee mwm_tessrgb science 0 0 0.0 0.0 -999 ""
FIBERMAP 111 R+1C26 BOSS 0 0 1 1 0 0 281.7634610719978 27.06769799317775 143.1 56.516228185759225 277.3443096449533 9.07072 169.99518 -999.0 -999.0 -999.0 -999.0 -999.0 37.60978407276947 -23.116604182415994 37.56938129813892 -22.99507459019717 71.48494965764861 75.54993337228655 -999.0 5400.0 -999.0 1 183 {-999.0 -999.0 -999.0 -999.0 -999.0} "" -999.0 -999.0 -999.0 -999.0 -999 -999 "" "" "" "" 0 0 0.0 0.0 -999 ""
FIBERMAP 111 R+1C26 METROLOGY 0 0 1 1 0 0 281.3899123737711 26.422854529717956 143.1 57.023601487785925 276.798535707916 9.07072 169.99518 -999.0 -999.0 -999.0 -999.0 -999.0 37.61145186611195 -23.118188880616135 37.57106448285316 -22.996653500511243 71.48414331636471 75.5564202473322 -999.0 6231.0 -999.0 -1 -999 {-999.0 -999.0 -999.0 -999.0 -999.0} "" -999.0 -999.0 -999.0 -999.0 -999 -999 "" "" "" "" 0 0 0.0 0.0 -999 ""
FIBERMAP 112 R-4C23 APOGEE 0 0 0 1 0 0 241.77763902473885 -59.79844041721182 143.1 127.88614033151818 213.70580282493833 143.38136 71.94176 -999.0 -999.0 -999.0 -999.0 -999.0 37.84571579385912 -23.30746789766909 37.80474528795702 -23.18623124239633 71.35918295123619 76.36602425403129 -999.0 16600.0 -999.0 2 237 {-999.0 -999.0 -999.0 -999.0 -999.0} "" -999.0 -999.0 -999.0 -999.0 -999 -999 "" "" "" "" 0 0 0.0 0.0 -999 ""
FIBERMAP 112 R-4C23 BOSS 1 1 0 1 0 0 242.37926682453786 -59.39080713677538 143.1 127.67229230661147 214.40030137809296 143.38136 71.94176 37.84505203102768 -23.305329441500522 4.2376084 -4.464973 -0.044079337 37.845077340453074 -23.305335239572035 37.80403884390387 -23.184125747237292 71.35898070768309 76.35915999949543 5400.0 5400.0 2016.0 1 347 {-999.0 18.72099 18.402065 18.135191 -999.0} sdss_psfmag_ps1 18.589825 18.273071 17.829153 -999.0 63050395811957334 978492686 "" ops_std_boss ops_std standard_boss 0 0 0.0 0.0 -999 ""
FIBERMAP 112 R-4C23 METROLOGY 0 0 0 1 0 0 242.45396528433199 -60.11249204120635 143.1 128.38422865061688 214.26068003125783 143.38136 71.94176 -999.0 -999.0 -999.0 -999.0 -999.0 37.84742586098234 -23.30572287055516 37.80640441381752 -23.18450919691781 71.35711656766821 76.36286237199738 -999.0 6231.0 -999.0 -1 -999 {-999.0 -999.0 -999.0 -999.0 -999.0} "" -999.0 -999.0 -999.0 -999.0 -999 -999 "" "" "" "" 0 0 0.0 0.0 -999 ""
FIBERMAP 113 R-7C11 APOGEE 1 1 0 1 0 0 10.971797068574848 -154.20700821092612 143.1 150.66484109103385 -34.604853873136804 304.43976 75.13252 37.926177978515625 -24.05881227367425 -999.0 -999.0 -999.0 37.926175666723125 -24.05879840869604 37.88369179696798 -23.93747849418643 71.56516821334651 78.64993438336245 16000.0 16600.0 2015.5 2 167 {-999.0 -999.0 -999.0 -999.0 -999.0} "" -999.0 -999.0 -999.0 -999.0 27021603163403386 844117736 "" ops_sky_apogee_best ops_sky sky_apogee 0 0 0.0 0.0 -999 ""
FIBERMAP 113 R-7C11 BOSS 0 0 0 1 0 0 10.267688033468184 -154.47523637853214 143.1 150.71541714089122 -35.356579647018485 304.43976 75.13252 -999.0 -999.0 -999.0 -999.0 -999.0 37.926498627313485 -24.061067023024158 37.88393668963181 -23.939771742795973 71.56575262793982 78.65698261737117 -999.0 5400.0 -999.0 1 400 {-999.0 -999.0 -999.0 -999.0 -999.0} "" -999.0 -999.0 -999.0 -999.0 -999 -999 "" "" "" "" 0 0 0.0 0.0 -999 ""
FIBERMAP 113 R-7C11 METROLOGY 0 0 0 1 0 0 10.400233204344037 -153.72988177568251 143.1 150.04145367187263 -35.0118652578795 304.43976 75.13252 -999.0 -999.0 -999.0 -999.0 -999.0 37.92425890456931 -24.060044618954425 37.8817224818294 -23.93873903622259 71.56729337008883 78.65170197143146 -999.0 6231.0 -999.0 -1 -999 {-999.0 -999.0 -999.0 -999.0 -999.0} "" -999.0 -999.0 -999.0 -999.0 -999 -999 "" "" "" "" 0 0 0.0 0.0 -999 ""
FIBERMAP 116 R+4C14 APOGEE 0 0 0 1 0 0 56.33851678829578 81.47455270923966 143.1 -61.432169267342594 77.69860853788502 10.282672 125.13848 -999.0 -999.0 -999.0 -999.0 -999.0 37.221377952784465 -23.719763646154572 37.18040114282138 -23.597423271338894 72.04461348353574 76.8955019459471 -999.0 16600.0 -999.0 2 -999 {-999.0 -999.0 -999.0 -999.0 -999.0} "" -999.0 -999.0 -999.0 -999.0 -999 -999 "" "" "" "" 0 0 0.0 0.0 -999 ""
FIBERMAP 116 R+4C14 BOSS 1 1 0 1 0 0 56.894017646578746 80.94739573112264 143.1 -60.765638975428914 78.07562916693928 10.282672 125.13848 37.22362515027608 -23.718507839333085 -7.018152 -16.399982 2.003233 37.223620677537696 -23.718548713332353 37.18257286855271 -23.596237848254148 72.04232636471987 76.89431033580718 5400.0 5400.0 2016.0 1 165 {-999.0 14.842239 14.1629715 13.950052 -999.0} sdss_psfmag_from_g3xp 14.664748 14.215417 13.607945 12.447 63050395811956708 1096074940 bright_1x1 mwm_bin_vis_boss mwm_filler science 0 0 0.0 0.0 -999 ""
FIBERMAP 116 R+4C14 METROLOGY 0 0 0 1 0 0 56.15930097970326 80.74834343448022 143.1 -60.79016136900504 77.31486548871699 10.282672 125.13848 -999.0 -999.0 -999.0 -999.0 -999.0 37.22351233288006 -23.720856829564582 37.182480352920265 -23.598537870769473 72.0432538220394 76.90114264369964 -999.0 6231.0 -999.0 -1 -999 {-999.0 -999.0 -999.0 -999.0 -999.0} "" -999.0 -999.0 -999.0 -999.0 -999 -999 "" "" "" "" 0 0 0.0 0.0 -999 ""
FIBERMAP 121 R+6C3 APOGEE 0 0 0 1 0 0 -169.30337774616692 104.16869566316244 143.1 -149.11959595680028 -131.42861859569254 329.21283 96.05336 -999.0 -999.0 -999.0 -999.0 -999.0 36.930243408978384 -24.353691765633666 36.88845243550122 -24.230718432404935 72.51918584183854 78.52897286006214 -999.0 16600.0 -999.0 2 18 {-999.0 -999.0 -999.0 -999.0 -999.0} "" -999.0 -999.0 -999.0 -999.0 -999 -999 "" "" "" "" 0 0 0.0 0.0 -999 ""
FIBERMAP 121 R+6C3 BOSS 1 1 0 1 0 0 -169.60425927726166 103.50731264852129 143.1 -148.57515635570888 -131.90974336638538 329.21283 96.05336 36.9320469683785 -24.355120071161842 3.500778 -11.319194 0.18763995 36.9320741884564 -24.35516729881301 36.89020854698913 -24.232219475617548 72.51819362332174 78.53549036984003 5400.0 5400.0 2016.0 1 26 {-999.0 17.00432 16.582972 16.526608 -999.0} sdss_psfmag_ps1 16.972937 16.699503 16.2459 15.557 63050395811943049 980353363 "" ops_std_boss_tic ops_std standard_boss 0 0 0.0 0.0 -999 ""
FIBERMAP 121 R+6C3 METROLOGY 0 0 0 1 0 0 -170.04498958379207 104.10910699193816 143.1 -149.27949306414735 -132.15519081581053 329.21283 96.05336 -999.0 -999.0 -999.0 -999.0 -999.0 36.92969529253587 -24.355925577963532 36.88785097935255 -24.23296729609907 72.52046959159 78.53538544317792 -999.0 6231.0 -999.0 -1 -999 {-999.0 -999.0 -999.0 -999.0 -999.0} "" -999.0 -999.0 -999.0 -999.0 -999 -999 "" "" "" "" 0 0 0.0 0.0 -999 ""
FIBERMAP 127 R-1C2 APOGEE 0 0 0 1 0 0 -267.0744969356622 -13.561834808089982 143.1 -65.13519721992955 -259.3487303212759 130.52904 134.1436 -999.0 -999.0 -999.0 -999.0 -999.0 37.21007902446222 -24.74005119842762 37.16720876799053 -24.617407289673977 72.40764644390927 80.01880568589593 -999.0 16600.0 -999.0 2 -999 {-999.0 -999.0 -999.0 -999.0 -999.0} "" -999.0 -999.0 -999.0 -999.0 -999 -999 "" "" "" "" 0 0 0.0 0.0 -999 ""
FIBERMAP 127 R-1C2 BOSS 1 1 0 1 0 0 -267.00141996231184 -12.830400780791368 143.1 -65.8132404126042 -259.0649517107496 130.52904 134.1436 37.20777070645673 -24.739113793013313 33.552105 -23.46487 0.69701594 37.20789172989362 -24.739171487634618 37.16495508353495 -24.616546166890885 72.40931166611806 80.01393567284265 5400.0 5400.0 2016.0 1 512 {-999.0 15.475824 15.028008 15.033038 -999.0} sdss_psfmag_ps1 15.353674 15.064677 14.595558 13.771 63050395811941920 1073349085 bright_1x1 mwm_halo_local_high_boss_single mwm_halo science 0 0 0.0 0.0 -999 ""
FIBERMAP 127 R-1C2 METROLOGY 0 0 0 1 0 0 -266.39431616592674 -13.250623726542067 143.1 -65.23387209684657 -258.60731536460315 130.52904 134.1436 -999.0 -999.0 -999.0 -999.0 -999.0 37.209783087716914 -24.73785708160622 37.166866573223444 -24.615228928084655 72.40724355228427 80.01164838580343 -999.0 6231.0 -999.0 -1 -999 {-999.0 -999.0 -999.0 -999.0 -999.0} "" -999.0 -999.0 -999.0 -999.0 -999 -999 "" "" "" "" 0 0 0.0 0.0 -999 ""
FIBERMAP 133 R-7C18 APOGEE 1 1 0 1 0 0 168.4437471694126 -153.1746937883318 143.1 195.72885458654957 116.27529409646814 301.79047 82.96705 38.070995678654164 -23.600921625755394 202.73961 -14.759391 12.0223055 38.07165156564952 -23.60097389935012 38.02985538036421 -23.480015539416016 71.2771681402424 77.45786583953901 16000.0 16600.0 2016.0 2 222 {-999.0 16.307074 14.959947 13.634687 -999.0} sdss_psfmag_from_g3xp 15.785379 14.34406 13.163524 10.926 63050395811945384 984780614 bright_1x1 mwm_snc_100pc_apogee mwm_snc science 0 0 0.0 0.0 -999 ""
FIBERMAP 133 R-7C18 BOSS 0 0 0 1 0 0 167.7524572018599 -153.4874616800326 143.1 195.82576934416224 115.52280099840856 301.79047 82.96705 -999.0 -999.0 -999.0 -999.0 -999.0 38.072102212534354 -23.60320137433485 38.03022752114924 -23.482269689216025 71.27767501417308 77.46479069991756 -999.0 5400.0 -999.0 1 320 {-999.0 -999.0 -999.0 -999.0 -999.0} "" -999.0 -999.0 -999.0 -999.0 -999 -999 "" "" "" "" 0 0 0.0 0.0 -999 ""
FIBERMAP 133 R-7C18 METROLOGY 0 0 0 1 0 0 167.82757519441114 -152.74868192676306 143.1 195.1412988775212 115.8106794638012 301.79047 82.96705 -999.0 -999.0 -999.0 -999.0 -999.0 38.06985495091117 -23.602327265646633 38.02800555551062 -23.481384694344776 71.27924805095205 77.45990210147721 -999.0 6231.0 -999.0 -1 -999 {-999.0 -999.0 -999.0 -999.0 -999.0} "" -999.0 -999.0 -999.0 -999.0 -999 -999 "" "" "" "" 0 0 0.0 0.0 -999 ""
FIBERMAP 135 R-9C8 APOGEE 0 0 0 1 0 0 -25.516431225032008 -193.05443530190172 143.1 177.1410072930678 -80.85627824645148 344.784 54.60536 -999.0 -999.0 -999.0 -999.0 -999.0 38.01453965445504 -24.198429810135234 37.971680524429075 -24.077211916959612 71.53756975782515 79.15181372525069 -999.0 16600.0 -999.0 2 189 {-999.0 -999.0 -999.0 -999.0 -999.0} "" -999.0 -999.0 -999.0 -999.0 -999 -999 "" "" "" "" 0 0 0.0 0.0 -999 ""
FIBERMAP 135 R-9C8 BOSS 1 1 0 1 0 0 -26.06322593140962 -193.53875123086152 143.1 177.44421641271686 -81.52076924212568 344.784 54.60536 38.01560649222232 -24.200670441628436 23.174404 80.1277 5.8979263 38.015683691039044 -24.20043421514192 37.97274554519299 -24.07924187013904 71.5373435758473 79.15888519026453 5400.0 5400.0 2016.0 1 386 {-999.0 20.211208 18.701843 17.374947 -999.0} sdss_psfmag_ps1 19.64099 18.066841 16.84934 14.54 63050395811943979 1083697784 bright_flexible_2x1 mwm_snc_ext_filler_boss mwm_snc science 0 0 0.0 0.0 -999 ""
FIBERMAP 135 R-9C8 METROLOGY 0 0 0 1 0 0 -26.215023753342628 -192.79438450419292 143.1 176.6880442382589 -81.44823897996895 344.784 54.60536 -999.0 -999.0 -999.0 -999.0 -999.0 38.01318560170703 -24.20025014098482 37.9702718324545 -24.079046969409177 71.5394020804351 79.15588742237082 -999.0 6231.0 -999.0 -1 -999 {-999.0 -999.0 -999.0 -999.0 -999.0} "" -999.0 -999.0 -999.0 -999.0 -999 -999 "" "" "" "" 0 0 0.0 0.0 -999 ""
FIBERMAP 137 R-11C13 APOGEE 0 0 0 1 0 0 83.66086120666355 -206.77905157274407 143.1 222.19263168549872 19.527899967007638 197.26433 73.77446 -999.0 -999.0 -999.0 -999.0 -999.0 38.161395136889496 -23.893385438307714 38.11893480012577 -23.772488679406802 71.30595298832297 78.40028130478532 -999.0 16600.0 -999.0 2 184 {-999.0 -999.0 -999.0 -999.0 -999.0} "" -999.0 -999.0 -999.0 -999.0 -999 -999 "" "" "" "" 0 0 0.0 0.0 -999 ""
FIBERMAP 137 R-11C13 BOSS 1 1 0 1 0 0 83.77436680069566 -206.05676350044192 143.1 221.53515701868417 19.847662698145555 197.26433 73.77446 38.15928985360787 -23.892345917056236 19.265507 -20.30129 0.54431516 38.15934210660607 -23.892400122610997 38.11681196400025 -23.771525878732138 71.30743262328102 78.39533630573925 5400.0 5400.0 2016.0 1 377 {-999.0 18.152887 17.649076 17.373253 -999.0} sdss_psfmag_ps1 17.949165 17.55833 17.01223 16.08 63050395811944462 1073780738 bright_1x1 mwm_halo_local_low_boss_single mwm_halo science 0 0 0.0 0.0 -999 ""
FIBERMAP 137 R-11C13 METROLOGY 0 0 0 1 0 0 84.35811171010734 -206.53126210773567 143.1 222.15959387689824 20.267090357794267 197.26433 73.77446 -999.0 -999.0 -999.0 -999.0 -999.0 38.16140434228006 -23.89112182745741 38.11889511692658 -23.77024402302737 71.30519701411447 78.3936863000169 -999.0 6231.0 -999.0 -1 -999 {-999.0 -999.0 -999.0 -999.0 -999.0} "" -999.0 -999.0 -999.0 -999.0 -999 -999 "" "" "" "" 0 0 0.0 0.0 -999 ""
FIBERMAP 139 R+9C14 APOGEE 0 0 0 1 0 0 105.24629611902311 159.6606532299909 143.1 -121.89289251130897 147.33010126339937 303.85287 98.59806 -999.0 -999.0 -999.0 -999.0 -999.0 37.02180094829549 -23.509019005667387 36.98145836987959 -23.386425445881358 72.13463824567259 76.03698139145894 -999.0 16600.0 -999.0 2 95 {-999.0 -999.0 -999.0 -999.0 -999.0} "" -999.0 -999.0 -999.0 -999.0 -999 -999 "" "" "" "" 0 0 0.0 0.0 -999 ""
FIBERMAP 139 R+9C14 BOSS 1 1 0 1 0 0 104.65397512855736 159.24783587521344 143.1 -121.6713656710728 146.64298606087135 303.85287 98.59806 37.022552490234375 -23.511041037482784 -999.0 -999.0 -999.0 37.02255308728737 -23.51102355565453 36.98213626998347 -23.388456929222222 72.13483669825581 76.04387671240488 5400.0 5400.0 2015.5 1 169 {-999.0 -999.0 -999.0 -999.0 -999.0} "" -999.0 -999.0 -999.0 -999.0 27021603163418595 822007428 "" ops_sky_boss_good ops_sky sky_boss 0 0 0.0 0.0 -999 ""
FIBERMAP 139 R+9C14 METROLOGY 0 0 0 1 0 0 104.58474372117576 159.9926503986612 143.1 -122.40382029630975 146.7945991589797 303.85287 98.59806 -999.0 -999.0 -999.0 -999.0 -999.0 37.020100223626 -23.510555262414723 36.97970701016982 -23.387977477626798 72.13671571779754 76.0396633542685 -999.0 6231.0 -999.0 -1 -999 {-999.0 -999.0 -999.0 -999.0 -999.0} "" -999.0 -999.0 -999.0 -999.0 -999 -999 "" "" "" "" 0 0 0.0 0.0 -999 ""
FIBERMAP 141 R-12C15 APOGEE 0 0 0 1 0 0 158.977903009064 -244.2639930722186 143.1 280.06231901954686 80.58566157563239 267.4853 128.7414 -999.0 -999.0 -999.0 -999.0 -999.0 38.349493335220906 -23.707672145063423 38.30715592240017 -23.5871304495988 71.07898137084807 78.0527283231508 -999.0 16600.0 -999.0 2 234 {-999.0 -999.0 -999.0 -999.0 -999.0} "" -999.0 -999.0 -999.0 -999.0 -999 -999 "" "" "" "" 0 0 0.0 0.0 -999 ""
FIBERMAP 141 R-12C15 BOSS 1 1 0 1 0 0 158.39757937531203 -244.69499095798602 143.1 280.3047390066826 79.90470179929191 267.4853 128.7414 38.35029529414749 -23.709707512307862 15.960777 1.1803514 0.9472534 38.350345923126824 -23.70970850453656 38.30792871018497 -23.58919395393961 71.07905983886333 78.05945199768286 5400.0 5400.0 2016.0 1 344 {-999.0 13.994693 13.617936 13.486162 -999.0} sdss_psfmag_from_g3xp 13.925715 13.623756 13.154943 12.304 63050395811944586 981688705 "" ops_std_boss_tic ops_std standard_boss 0 0 0.0 0.0 -999 ""
FIBERMAP 141 R-12C15 METROLOGY 0 0 0 1 0 0 158.27619806052434 -243.98640762510252 143.1 279.5916787375088 79.99585251235985 267.4853 128.7414 -999.0 -999.0 -999.0 -999.0 -999.0 38.34805420569314 -23.70943524016004 38.305661537753 -23.588909603789208 71.08089762565373 78.05633673323814 -999.0 6231.0 -999.0 -1 -999 {-999.0 -999.0 -999.0 -999.0 -999.0} "" -999.0 -999.0 -999.0 -999.0 -999 -999 "" "" "" "" 0 0 0.0 0.0 -999 ""
FIBERMAP 143 R-8C14 APOGEE 0 0 0 1 0 0 103.48629788515652 -140.49531081289317 143.1 164.6083678866192 57.86946663914206 100.10038 52.613014 -999.0 -999.0 -999.0 -999.0 -999.0 37.97056968071255 -23.77816132583413 37.92856233603737 -23.656991257471912 71.42783018386748 77.86852822386794 -999.0 16600.0 -999.0 2 -999 {-999.0 -999.0 -999.0 -999.0 -999.0} "" -999.0 -999.0 -999.0 -999.0 -999 -999 "" "" "" "" 0 0 0.0 0.0 -999 ""
FIBERMAP 143 R-8C14 BOSS 1 1 0 1 0 0 104.16716431644497 -140.84187727207606 143.1 165.1388753590499 58.419176614385975 100.10038 52.613014 37.972454651316994 -23.77643329202928 4.975736 4.6877317 0.5955984 37.9724483318097 -23.776440721018535 37.93036850460663 -23.655300003485067 71.42567903748653 77.86543622499397 5400.0 5400.0 2016.0 1 273 {-999.0 15.210202 14.877857 14.767275 -999.0} sdss_psfmag_from_g3xp 15.157207 14.878946 14.437776 13.669 63050395811945266 979197143 "" ops_std_boss ops_std standard_boss 0 0 0.0 0.0 -999 ""
FIBERMAP 143 R-8C14 METROLOGY 0 0 0 1 0 0 103.526113041235 -141.24224653311447 143.1 165.33424835261954 57.689104729660876 100.10038 52.613014 -999.0 -999.0 -999.0 -999.0 -999.0 37.973111861463394 -23.778650833125 37.93104784935781 -23.65750321901506 71.42588887127525 77.87259331018447 -999.0 6231.0 -999.0 -1 -999 {-999.0 -999.0 -999.0 -999.0 -999.0} "" -999.0 -999.0 -999.0 -999.0 -999 -999 "" "" "" "" 0 0 0.0 0.0 -999 ""
FIBERMAP 145 R-10C1 APOGEE 0 0 0 1 0 0 -181.37179560383785 -207.63030739608692 143.1 145.5004061871362 -234.15129156008015 265.68118 113.25062 -999.0 -999.0 -999.0 -999.0 -999.0 37.91096487242168 -24.66193737242734 37.867350615412136 -24.540424098614483 71.77968450120464 80.442660801832 -999.0 16600.0 -999.0 2 259 {-999.0 -999.0 -999.0 -999.0 -999.0} "" -999.0 -999.0 -999.0 -999.0 -999 -999 "" "" "" "" 0 0 0.0 0.0 -999 ""
FIBERMAP 145 R-10C1 BOSS 1 1 0 1 0 0 -182.06634363668775 -207.85526505597164 143.1 145.5124020159281 -234.88122084833006 265.68118 113.25062 37.91107177734375 -24.664075937644185 -999.0 -999.0 -999.0 37.91107247417657 -24.664094737193242 37.86738038613538 -24.542603494121188 71.78035248780444 80.44929624505426 5400.0 5400.0 2015.5 1 353 {-999.0 -999.0 -999.0 -999.0 -999.0} "" -999.0 -999.0 -999.0 -999.0 27021603163401037 814336748 "" ops_sky_boss_good ops_sky sky_boss 0 0 0.0 0.0 -999 ""
FIBERMAP 145 R-10C1 METROLOGY 0 0 0 1 0 0 -181.9121639329113 -207.11935672193192 143.1 144.85379809198764 -234.51858149631073 265.68118 113.25062 -999.0 -999.0 -999.0 -999.0 -999.0 37.90889639599526 -24.663076565765714 37.865229870826795 -24.54157577151017 71.78187991524945 80.44418865876395 -999.0 6231.0 -999.0 -1 -999 {-999.0 -999.0 -999.0 -999.0 -999.0} "" -999.0 -999.0 -999.0 -999.0 -999 -999 "" "" "" "" 0 0 0.0 0.0 -999 ""
FIBERMAP 149 R-10C17 APOGEE 1 1 0 1 0 0 171.8858078767277 -177.54145784150683 143.1 220.03550526226198 112.44084827316375 151.04305 75.16584 38.15152366538057 -23.612219404974727 38.72798 -17.494549 4.079215 38.151664240451964 -23.612288811470187 38.109749175309844 -23.49145561161122 71.21313207769762 77.57422076564535 16000.0 16600.0 2016.0 2 191 {-999.0 13.606332 12.814849 12.566557 -999.0} sdss_psfmag_from_g3xp 13.373667 12.873189 12.222119 10.985 63050395811945390 1076496512 bright_1x1 mwm_snc_ext_filler_apogee mwm_snc science 0 0 0.0 0.0 -999 ""
FIBERMAP 149 R-10C17 BOSS 0 0 0 1 0 0 172.393980707369 -176.95759666337932 143.1 219.6258141220234 113.09751919073732 151.04305 75.16584 -999.0 -999.0 -999.0 -999.0 -999.0 38.15039174571232 -23.610273030629962 38.10840798797648 -23.48946495665928 71.21355160542188 77.5670723686336 -999.0 5400.0 -999.0 1 264 {-999.0 -999.0 -999.0 -999.0 -999.0} "" -999.0 -999.0 -999.0 -999.0 -999 -999 "" "" "" "" 0 0 0.0 0.0 -999 ""
FIBERMAP 149 R-10C17 METROLOGY 0 0 0 1 0 0 172.62325688148832 -177.65298619743376 143.1 220.35781098022073 113.11339839217062 151.04305 75.16584 -999.0 -999.0 -999.0 -999.0 -999.0 38.15281510360644 -23.610204500784622 38.11084950416847 -23.4893928001191 71.21144028543503 77.56939913630339 -999.0 6231.0 -999.0 -1 -999 {-999.0 -999.0 -999.0 -999.0 -999.0} "" -999.0 -999.0 -999.0 -999.0 -999 -999 "" "" "" "" 0 0 0.0 0.0 -999 ""
FIBERMAP 152 R+6C16 APOGEE 0 0 0 1 0 0 129.86157838202516 125.71961189416969 143.1 -82.23919815025097 160.9420670984282 78.96231 55.250965 -999.0 -999.0 -999.0 -999.0 -999.0 37.15281030262531 -23.467730150848023 37.11238358105845 -23.345353161218675 72.00786807753664 76.06244599427293 -999.0 16600.0 -999.0 2 -999 {-999.0 -999.0 -999.0 -999.0 -999.0} "" -999.0 -999.0 -999.0 -999.0 -999 -999 "" "" "" "" 0 0 0.0 0.0 -999 ""
FIBERMAP 152 R+6C16 BOSS 1 1 0 1 0 0 130.36543412206436 125.19656033334368 143.1 -81.5916966628022 161.27090408088273 78.96231 55.250965 37.15494920829051 -23.46667297678738 13.222718 7.806398 2.2177808 37.154989977204586 -23.466651413991954 37.11449245473551 -23.344304709686728 72.00567832538502 76.06169904712675 5400.0 5400.0 2016.0 1 223 {-999.0 14.495706 13.782486 13.5321 -999.0} sdss_psfmag_from_g3xp 14.296775 13.82694 13.187166 11.943 63050395811957085 1095880897 bright_1x1 mwm_bin_vis_boss mwm_filler science 0 0 0.0 0.0 -999 ""
FIBERMAP 152 R+6C16 METROLOGY 0 0 0 1 0 0 129.65552859341403 125.00055577576904 143.1 -81.61187759834854 160.53475665850135 78.96231 55.250965 -999.0 -999.0 -999.0 -999.0 -999.0 37.154887543579484 -23.468863066435684 37.114405941861264 -23.346508044208836 72.00659200706974 76.06819446760363 -999.0 6231.0 -999.0 -1 -999 {-999.0 -999.0 -999.0 -999.0 -999.0} "" -999.0 -999.0 -999.0 -999.0 -999 -999 "" "" "" "" 0 0 0.0 0.0 -999 ""
FIBERMAP 154 R-11C7 APOGEE 1 1 0 1 0 0 -12.20631093138871 -208.3476158780228 143.1 195.65710900945209 -72.60118021888536 86.435524 21.16951 38.07562575555394 -24.172950017457705 -8.9897995 -11.190292 2.7315242 38.07566910813736 -24.172996974400032 38.0327823436574 -24.05188410007154 71.47649305699319 79.13643348508225 16000.0 16600.0 2016.0 2 172 {-999.0 10.271281 9.969535 9.872928 -999.0} sdss_psfmag_from_g3xp 10.233193 9.972446 9.546573 8.892 63050395811944011 975170761 "" ops_std_apogee ops_std standard_apogee 0 0 0.0 0.0 -999 ""
FIBERMAP 154 R-11C7 BOSS 0 0 0 1 0 0 -11.977632296293326 -209.0563711224032 143.1 196.4017117191771 -72.58978106947875 86.435524 21.16951 -999.0 -999.0 -999.0 -999.0 -999.0 38.07825628493605 -24.172937020209805 38.03529241045652 -24.051852730281496 71.47432670944892 79.13879265762824 -999.0 5400.0 -999.0 1 414 {-999.0 -999.0 -999.0 -999.0 -999.0} "" -999.0 -999.0 -999.0 -999.0 -999 -999 "" "" "" "" 0 0 0.0 0.0 -999 ""
FIBERMAP 154 R-11C7 METROLOGY 0 0 0 1 0 0 -12.700674220153207 -208.9056599507709 143.1 196.04615171259934 -73.23709617797701 86.435524 21.16951 -999.0 -999.0 -999.0 -999.0 -999.0 38.07710154665219 -24.17492313449013 38.03415629632303 -24.05382950966295 71.47597419149362 79.14353457772984 -999.0 6231.0 -999.0 -1 -999 {-999.0 -999.0 -999.0 -999.0 -999.0} "" -999.0 -999.0 -999.0 -999.0 -999 -999 "" "" "" "" 0 0 0.0 0.0 -999 ""
FIBERMAP 156 R-6C19 APOGEE 0 0 0 1 0 0 171.07268158591302 -129.57807561693636 143.1 173.93403822128437 125.68974178579057 255.33281 98.35696 -999.0 -999.0 -999.0 -999.0 -999.0 37.99964730114606 -23.572734041485443 37.95799211656538 -23.451668350693886 71.32809462062174 77.30017134362026 -999.0 16600.0 -999.0 2 223 {-999.0 -999.0 -999.0 -999.0 -999.0} "" -999.0 -999.0 -999.0 -999.0 -999 -999 "" "" "" "" 0 0 0.0 0.0 -999 ""
FIBERMAP 156 R-6C19 BOSS 1 1 0 1 0 0 170.35005667718195 -129.5364144758111 143.1 173.68287628435712 125.01093481876175 255.33281 98.35696 37.998981689942276 -23.574640107259274 -7.7809014 -30.76925 2.5882876 37.998954278778406 -23.574733952245293 37.9572227162941 -23.453693234083477 71.32949566725739 77.30524230170772 5400.0 5400.0 2016.0 1 321 {-999.0 15.855356 14.573481 14.089133 -999.0} sdss_psfmag_ps1 15.278931 15.144962 13.5977335 11.859 63050395811945579 1127013263 bright_1x1 openfibertargets_mwm_snc_further_ext_boss open_fiber science 0 0 0.0 0.0 -999 ""
FIBERMAP 156 R-6C19 METROLOGY 0 0 0 1 0 0 170.76565813023248 -128.89796934025634 143.1 173.19391912690796 125.59504942713612 255.33281 98.35696 -999.0 -999.0 -999.0 -999.0 -999.0 37.997335238162485 -23.572961122157423 37.955629809789116 -23.451910766933015 71.33019903754646 77.29838557858875 -999.0 6231.0 -999.0 -1 -999 {-999.0 -999.0 -999.0 -999.0 -999.0} "" -999.0 -999.0 -999.0 -999.0 -999 -999 "" "" "" "" 0 0 0.0 0.0 -999 ""
FIBERMAP 161 R-11C9 APOGEE 0 0 0 1 0 0 26.155933260718953 -206.77739913284844 143.1 205.37429624332788 -35.45913585814146 47.792995 91.60242 -999.0 -999.0 -999.0 -999.0 -999.0 38.107132816255024 -24.060287249478172 38.064421800109756 -23.939256474660407 71.41077793470416 78.83500022552346 -999.0 16600.0 -999.0 2 174 {-999.0 -999.0 -999.0 -999.0 -999.0} "" -999.0 -999.0 -999.0 -999.0 -999 -999 "" "" "" "" 0 0 0.0 0.0 -999 ""
FIBERMAP 161 R-11C9 BOSS 1 1 0 1 0 0 26.701846690201982 -207.24896007532894 143.1 205.98486059233983 -35.075024428004504 47.792995 91.60242 38.10924183501213 -24.05908006296093 7.323559 -4.9875746 0.11967273 38.10927000610157 -24.059093260291817 38.06648453762614 -23.93809112050494 71.4086064332768 78.83360800253831 5400.0 5400.0 2016.0 1 416 {-999.0 17.536865 17.156721 16.996826 -999.0} sdss_psfmag_ps1 17.46831 17.126501 16.605057 15.476 63050395811944371 944594025 bright_1x1 openfibertargets_nov2020_6c open_fiber science 0 0 0.0 0.0 -999 ""
FIBERMAP 161 R-11C9 METROLOGY 0 0 0 1 0 0 26.030634185927827 -207.51056050399077 143.1 206.038719317192 -35.79335557382188 47.792995 91.60242 -999.0 -999.0 -999.0 -999.0 -999.0 38.10947334441489 -24.061280159777713 38.06670445036082 -23.940270677110107 71.40916919945838 78.8402426938062 -999.0 6231.0 -999.0 -1 -999 {-999.0 -999.0 -999.0 -999.0 -999.0} "" -999.0 -999.0 -999.0 -999.0 -999 -999 "" "" "" "" 0 0 0.0 0.0 -999 ""
FIBERMAP 163 R+5C6 APOGEE 0 0 0 1 0 0 -120.47640227044998 89.88242082612871 143.1 -121.17976248504222 -88.91703665819088 208.37305 173.76842 -999.0 -999.0 -999.0 -999.0 -999.0 37.02294165823353 -24.225263065639968 36.98127281663591 -24.102470234277693 72.3955156815872 78.22626243383007 -999.0 16600.0 -999.0 2 -999 {-999.0 -999.0 -999.0 -999.0 -999.0} "" -999.0 -999.0 -999.0 -999.0 -999 -999 "" "" "" "" 0 0 0.0 0.0 -999 ""
FIBERMAP 163 R+5C6 BOSS 1 1 0 1 0 0 -121.15696263756818 89.5982505108922 143.1 -121.107055613003 -89.65090678612485 208.37305 173.76842 37.023182544921134 -24.227519632969603 0.06780037 -0.4280717 0.20904134 37.02319512182419 -24.227503027561507 36.98145188218507 -24.1047335700557 72.39614771976547 78.23346862245842 5400.0 5400.0 2016.0 1 51 {-999.0 20.143286 19.853043 19.61279 -999.0} sdss_psfmag_ps1 20.279202 19.95728 19.420383 -999.0 63050395811943459 1117293050 bright_1x1 openfibertargets_bhm_quaia_boss open_fiber science 0 0 0.0 0.0 -999 ""
FIBERMAP 163 R+5C6 METROLOGY 0 0 0 1 0 0 -121.07733325306272 90.3278197158132 143.1 -121.7813994313991 -89.36140796024691 208.37305 173.76842 -999.0 -999.0 -999.0 -999.0 -999.0 37.02092051166557 -24.2266374990183 36.979201560079446 -24.103858044410092 72.39777045176761 78.22839679114566 -999.0 6231.0 -999.0 -1 -999 {-999.0 -999.0 -999.0 -999.0 -999.0} "" -999.0 -999.0 -999.0 -999.0 -999 -999 "" "" "" "" 0 0 0.0 0.0 -999 ""
FIBERMAP 165 R-3C3 APOGEE 1 1 0 1 0 0 -231.8623002784368 -69.85383718720269 143.1 -1.010041655458392 -242.14007466927268 292.48944 11.706606 37.423553466796875 -24.688449751550152 -999.0 -999.0 -999.0 37.42352976413578 -24.688374440198345 37.38048471756247 -24.566080615448364 72.2074964184735 80.06339332070473 16000.0 16600.0 2015.5 2 241 {-999.0 -999.0 -999.0 -999.0 -999.0} "" -999.0 -999.0 -999.0 -999.0 27021603163401222 836447502 "" ops_sky_apogee_best ops_sky sky_apogee 0 0 0.0 0.0 -999 ""
FIBERMAP 165 R-3C3 BOSS 0 0 0 1 0 0 -232.21797711081905 -69.18968273093233 143.1 -1.7491354621164812 -242.28595544681906 292.48944 11.706606 -999.0 -999.0 -999.0 -999.0 -999.0 37.421139963834534 -24.688819828230457 37.37802546303209 -24.566544195635434 72.2097635217393 80.06248088054156 -999.0 5400.0 -999.0 1 498 {-999.0 -999.0 -999.0 -999.0 -999.0} "" -999.0 -999.0 -999.0 -999.0 -999 -999 "" "" "" "" 0 0 0.0 0.0 -999 ""
FIBERMAP 165 R-3C3 METROLOGY 0 0 0 1 0 0 -231.47654841415337 -69.22078795549909 143.1 -1.5025683481245244 -241.58608089555017 292.48944 11.706606 -999.0 -999.0 -999.0 -999.0 -999.0 37.42193686342282 -24.68676251148472 37.378845547813455 -24.564482457445216 72.20839532553927 80.05687379159673 -999.0 6231.0 -999.0 -1 -999 {-999.0 -999.0 -999.0 -999.0 -999.0} "" -999.0 -999.0 -999.0 -999.0 -999 -999 "" "" "" "" 0 0 0.0 0.0 -999 ""
FIBERMAP 166 R-4C1 APOGEE 0 0 0 1 0 0 -260.5456926857399 -69.18938338298639 143.1 -10.033585849710907 -269.3734733661389 172.32484 91.41988 -999.0 -999.0 -999.0 -999.0 -999.0 37.39363013458243 -24.770176122311412 37.35046829031967 -24.64781232720862 72.25943905508856 80.28870659058708 -999.0 16600.0 -999.0 2 272 {-999.0 -999.0 -999.0 -999.0 -999.0} "" -999.0 -999.0 -999.0 -999.0 -999 -999 "" "" "" "" 0 0 0.0 0.0 -999 ""
FIBERMAP 166 R-4C1 BOSS 1 1 0 1 0 0 -260.5075764788938 -68.45294349502186 143.1 -10.726639695324257 -269.12166111999653 172.32484 91.41988 37.39128421260362 -24.769351968888216 24.848688 -13.909982 0.24010621 37.39139210333524 -24.76939631336646 37.348163022467986 -24.64705097284637 72.26118455512726 80.28415548140799 5400.0 5400.0 2016.0 1 444 {-999.0 17.506237 17.204527 17.13269 -999.0} sdss_psfmag_ps1 17.455114 17.197485 16.781242 16.298 63050395811941860 975986753 "" ops_std_boss ops_std standard_boss 0 0 0.0 0.0 -999 ""
FIBERMAP 166 R-4C1 METROLOGY 0 0 0 1 0 0 -259.8773415545686 -68.85727677049374 143.1 -10.155700970653243 -268.6372594844894 172.32484 91.41988 -999.0 -999.0 -999.0 -999.0 -999.0 37.393268489323184 -24.76799969285536 37.350059935292165 -24.645651535586648 72.25910552159151 80.28159518643224 -999.0 6231.0 -999.0 -1 -999 {-999.0 -999.0 -999.0 -999.0 -999.0} "" -999.0 -999.0 -999.0 -999.0 -999 -999 "" "" "" "" 0 0 0.0 0.0 -999 ""
FIBERMAP 168 R+5C2 APOGEE 0 0 0 1 0 0 -211.5589912636003 83.63972945737679 143.1 -141.84657395268826 -177.83789257136996 278.8969 113.87032 -999.0 -999.0 -999.0 -999.0 -999.0 36.95451963807082 -24.493973876953984 36.91243655611089 -24.37099915019849 72.54604763341314 78.99341960221011 -999.0 16600.0 -999.0 2 -999 {-999.0 -999.0 -999.0 -999.0 -999.0} "" -999.0 -999.0 -999.0 -999.0 -999 -999 "" "" "" "" 0 0 0.0 0.0 -999 ""
FIBERMAP 168 R+5C2 BOSS 1 1 0 1 0 0 -212.20695734826208 83.22209061495492 143.1 -141.63670956148457 -178.5796268746998 278.8969 113.87032 36.955104821879914 -24.496166817253105 48.868217 -19.582499 0.23845185 36.95526346071957 -24.496221388469397 36.913105482655226 -24.373269742937957 72.54623295898281 79.00123326065562 5400.0 5400.0 2016.0 1 73 {-999.0 16.76004 16.466396 16.231796 -999.0} sdss_psfmag_ps1 16.766462 16.471493 15.948171 15.102 63050395811942963 944594075 bright_1x1 openfibertargets_nov2020_6c open_fiber science 0 0 0.0 0.0 -999 ""
FIBERMAP 168 R+5C2 METROLOGY 0 0 0 1 0 0 -212.22857012661422 83.97313965968182 143.1 -142.3612001740229 -178.3806565363008 278.8969 113.87032 -999.0 -999.0 -999.0 -999.0 -999.0 36.95281284618626 -24.495645547431018 36.91067883016643 -24.372683853739392 72.54812006726104 78.99692722222329 -999.0 6231.0 -999.0 -1 -999 {-999.0 -999.0 -999.0 -999.0 -999.0} "" -999.0 -999.0 -999.0 -999.0 -999 -999 "" "" "" "" 0 0 0.0 0.0 -999 ""
FIBERMAP 172 R-5C1 APOGEE 1 1 0 1 0 0 -220.353157382758 -100.53981062406433 143.1 31.698320164002293 -240.1085843106973 3.706507 99.69571 37.532278213957945 -24.68201316366759 58.155754 -5.603025 7.656302 37.53247592924646 -24.682016273345024 37.48930420580507 -24.559896230825675 72.1117677684708 80.14786295823109 16000.0 16600.0 2016.0 2 273 {-999.0 11.81322 11.204849 11.010497 -999.0} sdss_psfmag_from_g3xp 11.666719 11.250636 10.674366 9.599 63050395811942266 1103560038 bright_1x1 mwm_tess_2min_apogee mwm_planet science 0 0 0.0 0.0 -999 ""
FIBERMAP 172 R-5C1 BOSS 0 0 0 1 0 0 -220.18367168743484 -101.2627942328257 143.1 32.439217961191154 -240.15794774202521 3.706507 99.69571 -999.0 -999.0 -999.0 -999.0 -999.0 37.53501988962496 -24.68215981752324 37.49177255801658 -24.560065931901057 72.1096954210028 80.15072763882415 -999.0 5400.0 -999.0 1 445 {-999.0 -999.0 -999.0 -999.0 -999.0} "" -999.0 -999.0 -999.0 -999.0 -999 -999 "" "" "" "" 0 0 0.0 0.0 -999 ""
FIBERMAP 172 R-5C1 METROLOGY 0 0 0 1 0 0 -220.8910799618244 -101.06828361413376 143.1 32.04634783618302 -240.77750487845708 3.706507 99.69571 -999.0 -999.0 -999.0 -999.0 -999.0 37.53370008759592 -24.684073054842568 37.490471238314626 -24.561970258014046 72.11142659874005 80.15536625943503 -999.0 6231.0 -999.0 -1 -999 {-999.0 -999.0 -999.0 -999.0 -999.0} "" -999.0 -999.0 -999.0 -999.0 -999 -999 "" "" "" "" 0 0 0.0 0.0 -999 ""
FIBERMAP 173 R-1C17 APOGEE 0 0 0 1 0 0 97.10562379650871 -27.020103530984045 143.1 54.23482972902993 84.95283872095858 29.646322 54.55766 -999.0 -999.0 -999.0 -999.0 -999.0 37.60482632527405 -23.69717242896252 37.56342014489172 -23.57544308219653 71.71008293893351 77.24456399912123 -999.0 16600.0 -999.0 2 -999 {-999.0 -999.0 -999.0 -999.0 -999.0} "" -999.0 -999.0 -999.0 -999.0 -999 -999 "" "" "" "" 0 0 0.0 0.0 -999 ""
FIBERMAP 173 R-1C17 BOSS 1 1 0 1 0 0 97.03980140590059 -27.74384763981 143.1 54.90764117885595 84.6782459489903 29.646322 54.55766 37.60714927674849 -23.69792128883547 4.7756376 -2.0801673 0.20306541 37.60716445497782 -23.6979269295044 37.565682021029374 -23.576227021908934 71.70844073812411 77.24930663038077 5400.0 5400.0 2016.0 1 315 {-999.0 17.799164 17.26716 17.144485 -999.0} sdss_psfmag_ps1 17.697458 17.316166 16.777323 15.945 63050395811945172 944594033 bright_1x1 openfibertargets_nov2020_6c open_fiber science 0 0 0.0 0.0 -999 ""
FIBERMAP 173 R-1C17 METROLOGY 0 0 0 1 0 0 96.422828307847 -27.325535254057034 143.1 54.32721360297179 84.21061362764247 29.646322 54.55766 -999.0 -999.0 -999.0 -999.0 -999.0 37.605231348923176 -23.6993490516976 37.56376902787139 -23.57763832317585 71.71058894026584 77.25144667290817 -999.0 6231.0 -999.0 -1 -999 {-999.0 -999.0 -999.0 -999.0 -999.0} "" -999.0 -999.0 -999.0 -999.0 -999 -999 "" "" "" "" 0 0 0.0 0.0 -999 ""
FIBERMAP 174 R-8C12 APOGEE 0 0 0 1 0 0 46.91443578236538 -139.95473599365658 143.1 147.54756862256835 3.932252173609452 99.52142 97.85483 -999.0 -999.0 -999.0 -999.0 -999.0 37.915218421558606 -23.941962164886984 37.872969462364665 -23.82065759353534 71.53356297476728 78.29323423910421 -999.0 16600.0 -999.0 2 -999 {-999.0 -999.0 -999.0 -999.0 -999.0} "" -999.0 -999.0 -999.0 -999.0 -999 -999 "" "" "" "" 0 0 0.0 0.0 -999 ""
FIBERMAP 174 R-8C12 BOSS 1 1 0 1 0 0 47.576619254073044 -139.6843988921592 143.1 147.4827152400697 4.644504508039685 99.52142 97.85483 37.915050439783386 -23.93939546692233 23.627089 -128.84398 2.1394498 37.91513668747041 -23.939774874604915 37.87281869807316 -23.8184959970954 71.5329312589802 78.28669344572461 5400.0 5400.0 2016.0 1 395 {-999.0 14.109578 13.6594305 13.497067 -999.0} sdss_psfmag_from_g3xp 14.014502 13.673952 13.162321 12.18 63050395811944784 1072572382 bright_1x1 mwm_halo_local_high_boss_single mwm_halo science 0 0 0.0 0.0 -999 ""
FIBERMAP 174 R-8C12 METROLOGY 0 0 0 1 0 0 47.47774159279396 -140.44685872299704 143.1 148.18288085168342 4.3269814996664655 99.52142 97.85483 -999.0 -999.0 -999.0 -999.0 -999.0 37.91745774454147 -23.94073393885044 37.87515583054892 -23.819451351185386 71.53126628530431 78.29189207270394 -999.0 6231.0 -999.0 -1 -999 {-999.0 -999.0 -999.0 -999.0 -999.0} "" -999.0 -999.0 -999.0 -999.0 -999 -999 "" "" "" "" 0 0 0.0 0.0 -999 ""
FIBERMAP 175 R-9C10 APOGEE 0 0 0 1 0 0 -8.231531724795968 -166.25051359483516 143.1 156.56528844338763 -56.489519006840624 220.40727 36.985374 -999.0 -999.0 -999.0 -999.0 -999.0 37.946051436936855 -24.125041354112334 37.90341715065284 -24.00373457554744 71.57109740819996 78.86629282389259 -999.0 16600.0 -999.0 2 165 {-999.0 -999.0 -999.0 -999.0 -999.0} "" -999.0 -999.0 -999.0 -999.0 -999 -999 "" "" "" "" 0 0 0.0 0.0 -999 ""
FIBERMAP 175 R-9C10 BOSS 1 1 0 1 0 0 -8.065422079705481 -165.51699726507897 143.1 155.91246060329468 -56.11617149211881 220.40727 36.985374 37.94403076171875 -24.123934689388477 -999.0 -999.0 -999.0 37.94402396060077 -24.123919470192288 37.90132086671349 -24.002634296090672 71.57251837801026 78.86094425299495 5400.0 5400.0 2015.5 1 398 {-999.0 -999.0 -999.0 -999.0 -999.0} "" -999.0 -999.0 -999.0 -999.0 27021603163403333 814337062 "" ops_sky_boss_good ops_sky sky_boss 0 0 0.0 0.0 -999 ""
FIBERMAP 175 R-9C10 METROLOGY 0 0 0 1 0 0 -7.521227236684272 -166.03429881783603 143.1 156.566260579589 -55.74707980879107 220.40727 36.985374 -999.0 -999.0 -999.0 -999.0 -999.0 37.94618480418229 -24.122801349787043 37.90350195969893 -24.001512994231142 71.57026202831634 78.85977663726459 -999.0 6231.0 -999.0 -1 -999 {-999.0 -999.0 -999.0 -999.0 -999.0} "" -999.0 -999.0 -999.0 -999.0 -999 -999 "" "" "" "" 0 0 0.0 0.0 -999 ""
FIBERMAP 176 R-7C19 APOGEE 0 0 0 1 0 0 193.86335454184206 -123.18329462017546 143.1 174.48411332481797 149.35279258440792 75.84584 117.15437 -999.0 -999.0 -999.0 -999.0 -999.0 38.000789513603046 -23.501227849963385 37.95926764183497 -23.38018415362036 71.30060140196997 77.09417532481365 -999.0 16600.0 -999.0 2 -999 {-999.0 -999.0 -999.0 -999.0 -999.0} "" -999.0 -999.0 -999.0 -999.0 -999 -999 "" "" "" "" 0 0 0.0 0.0 -999 ""
FIBERMAP 176 R-7C19 BOSS 1 1 0 1 0 0 194.5923545457549 -122.98704938558839 143.1 174.5096481126002 150.10726896165662 75.84584 117.15437 38.00095469831514 -23.49888385503522 0.18284158 0.24088238 -0.017755352 38.000954728986585 -23.498898559155712 37.95936361106078 -23.377882718910495 71.2996657078708 77.08761135189229 5400.0 5400.0 2016.0 1 276 {-999.0 19.809021 19.52047 19.274168 -999.0} sdss_psfmag_ps1 19.622177 19.40846 19.05626 -999.0 63050395811945609 1117293212 bright_1x1 openfibertargets_bhm_quaia_boss open_fiber science 0 0 0.0 0.0 -999 ""
FIBERMAP 176 R-7C19 METROLOGY 0 0 0 1 0 0 194.37552960967318 -123.72843214107111 143.1 175.15516681552737 149.68312587355592 75.84584 117.15437 -999.0 -999.0 -999.0 -999.0 -999.0 38.00310041693838 -23.5001577745435 37.96152512530932 -23.379137376542083 71.29828879870568 77.09354111501608 -999.0 6231.0 -999.0 -1 -999 {-999.0 -999.0 -999.0 -999.0 -999.0} "" -999.0 -999.0 -999.0 -999.0 -999 -999 "" "" "" "" 0 0 0.0 0.0 -999 ""
FIBERMAP 180 R-4C11 APOGEE 0 0 0 1 0 0 -22.699887414634127 -93.67182927135238 143.1 82.93277142211136 -49.09956116972523 291.23 94.16855 -999.0 -999.0 -999.0 -999.0 -999.0 37.70160581284518 -24.103810104780194 37.65931581188562 -23.982119974025817 71.7729780160713 78.5572318265406 -999.0 16600.0 -999.0 2 -999 {-999.0 -999.0 -999.0 -999.0 -999.0} "" -999.0 -999.0 -999.0 -999.0 -999 -999 "" "" "" "" 0 0 0.0 0.0 -999 ""
FIBERMAP 180 R-4C11 BOSS 1 1 0 1 0 0 -23.368648999285927 -93.99636153327319 143.1 83.04752374377092 -49.83395249136823 291.23 94.16855 37.702116204834866 -24.106059630649042 -0.1252893 -0.6834185 -0.5588838 37.702118964400256 -24.106040772963283 37.6597516072822 -23.984375284557036 71.77338561526555 78.56443698344361 5400.0 5400.0 2016.0 1 422 {-999.0 20.704546 20.457024 20.10104 -999.0} sdss_psfmag_ps1 20.159863 20.20501 19.651438 -999.0 63050395811944668 1117293151 bright_1x1 openfibertargets_bhm_quaia_boss open_fiber science 0 0 0.0 0.0 -999 ""
FIBERMAP 180 R-4C11 METROLOGY 0 0 0 1 0 0 -23.31124344365063 -93.24085128748165 143.1 82.34187537050275 -49.55811839135187 291.23 94.16855 -999.0 -999.0 -999.0 -999.0 -999.0 37.69975877997607 -24.1052241195628 37.657416456804526 -23.98354818402739 71.77510066760345 78.55959365138631 -999.0 6231.0 -999.0 -1 -999 {-999.0 -999.0 -999.0 -999.0 -999.0} "" -999.0 -999.0 -999.0 -999.0 -999 -999 "" "" "" "" 0 0 0.0 0.0 -999 ""
FIBERMAP 182 R+7C8 APOGEE 0 0 0 1 0 0 -51.33895456814331 144.67341977020476 143.1 -153.3535886625127 -6.783144546457114 32.649036 143.25606 -999.0 -999.0 -999.0 -999.0 -999.0 36.91647338300346 -23.975977932427373 36.87540005688521 -23.853088931112982 72.39782823015537 77.3418167625066 -999.0 16600.0 -999.0 2 124 {-999.0 -999.0 -999.0 -999.0 -999.0} "" -999.0 -999.0 -999.0 -999.0 -999 -999 "" "" "" "" 0 0 0.0 0.0 -999 ""
FIBERMAP 182 R+7C8 BOSS 1 1 0 1 0 0 -50.591974561412854 144.62216671063186 143.1 -153.08613230428355 -6.083853744183956 32.649036 143.25606 36.91736495970429 -23.973825292034718 0.55609626 1.2804614 1.2800821 36.91736018111313 -23.973836393726664 36.87622030751578 -23.850973881522002 72.39636665243378 77.33618567231787 5400.0 5400.0 2016.0 1 109 {-999.0 20.039587 19.988342 20.23112 -999.0} sdss_psfmag_ps1 20.106993 20.073963 19.563503 -999.0 63050395811955113 1117293188 bright_1x1 openfibertargets_bhm_quaia_boss open_fiber science 0 0 0.0 0.0 -999 ""
FIBERMAP 182 R+7C8 METROLOGY 0 0 0 1 0 0 -51.02163025558178 144.00239805477872 143.1 -152.6191440469476 -6.675945582998299 32.649036 143.25606 -999.0 -999.0 -999.0 -999.0 -999.0 36.918863695919185 -23.975643075143903 36.877738272147326 -23.852775448411336 72.39572030562194 77.34339602602626 -999.0 6231.0 -999.0 -1 -999 {-999.0 -999.0 -999.0 -999.0 -999.0} "" -999.0 -999.0 -999.0 -999.0 -999 -999 "" "" "" "" 0 0 0.0 0.0 -999 ""
FIBERMAP 183 R+12C1 APOGEE 0 0 0 1 0 0 -176.57430143452493 235.22706744834005 143.1 -276.5669004528523 -100.05449844133649 223.56921 56.829006 -999.0 -999.0 -999.0 -999.0 -999.0 36.50937436266638 -24.25651631733587 36.46829475923863 -24.132918061275006 72.84492734209257 77.77499875573506 -999.0 16600.0 -999.0 2 8 {-999.0 -999.0 -999.0 -999.0 -999.0} "" -999.0 -999.0 -999.0 -999.0 -999 -999 "" "" "" "" 0 0 0.0 0.0 -999 ""
FIBERMAP 183 R+12C1 BOSS 1 1 0 1 0 0 -176.7244223664769 235.96148004110526 143.1 -277.3130638681153 -99.98327568824674 223.56921 56.829006 36.50703822590789 -24.256243183334615 3.2516458 -2.3741026 0.110527635 36.507036590529424 -24.25624548665371 36.465892515447365 -24.132666915512218 72.84689234737925 77.7715948019329 5400.0 5400.0 2016.0 1 8 {-999.0 16.159468 15.496762 15.276643 -999.0} sdss_psfmag_ps1 15.965291 15.529419 14.905742 13.591 63050395811954774 1076074573 bright_1x1 mwm_halo_mp_xp_boss_single mwm_halo science 0 0 0.0 0.0 -999 ""
FIBERMAP 183 R+12C1 METROLOGY 0 0 0 1 0 0 -176.00820786053637 235.71889361614535 143.1 -276.8716472679629 -99.36935713372675 223.56921 56.829006 -999.0 -999.0 -999.0 -999.0 -999.0 36.50840487031525 -24.254430994807592 36.46728164704871 -24.13084846705101 72.84506736406843 77.76732850730866 -999.0 6231.0 -999.0 -1 -999 {-999.0 -999.0 -999.0 -999.0 -999.0} "" -999.0 -999.0 -999.0 -999.0 -999 -999 "" "" "" "" 0 0 0.0 0.0 -999 ""
FIBERMAP 186 R+12C12 APOGEE 0 0 0 1 0 0 86.12737752019521 248.4651828268229 143.1 -212.40094332803122 155.01817535182164 124.05339 94.96822 -999.0 -999.0 -999.0 -999.0 -999.0 36.72408193414544 -23.48602855615075 36.68414616003946 -23.362978223058956 72.37773886061582 75.62279582395024 -999.0 16600.0 -999.0 2 -999 {-999.0 -999.0 -999.0 -999.0 -999.0} "" -999.0 -999.0 -999.0 -999.0 -999 -999 "" "" "" "" 0 0 0.0 0.0 -999 ""
FIBERMAP 186 R+12C12 BOSS 1 1 0 1 0 0 86.71804049960417 248.91833451990905 143.1 -212.661523648434 155.71550051035825 124.05339 94.96822 36.72329822129908 -23.48390070515911 -0.28328148 -0.3649425 0.055114493 36.723310070801425 -23.483898211512855 36.68331066518107 -23.360873540434973 72.37763535316475 75.6154043869359 5400.0 5400.0 2016.0 1 106 {-999.0 19.341799 19.00001 19.09291 -999.0} sdss_psfmag_ps1 19.433434 19.258177 18.933441 -999.0 63050395811956466 1117293262 bright_1x1 openfibertargets_bhm_quaia_boss open_fiber science 0 0 0.0 0.0 -999 ""
FIBERMAP 186 R+12C12 METROLOGY 0 0 0 1 0 0 86.82361686510133 248.19178020905784 143.1 -211.9359011249628 155.60398130832758 124.05339 94.96822 -999.0 -999.0 -999.0 -999.0 -999.0 36.72562517797933 -23.48421107480727 36.68564175966981 -23.361182462941677 72.37577982128066 75.61907060429155 -999.0 6231.0 -999.0 -1 -999 {-999.0 -999.0 -999.0 -999.0 -999.0} "" -999.0 -999.0 -999.0 -999.0 -999 -999 "" "" "" "" 0 0 0.0 0.0 -999 ""
FIBERMAP 193 R+4C23 APOGEE 0 0 0 1 0 0 235.61273534352438 80.77576655193616 143.1 -8.336977277630586 248.92033764073784 148.60773 131.52213 -999.0 -999.0 -999.0 -999.0 -999.0 37.396661187986986 -23.202177883818308 37.35642844347154 -23.080259050930227 71.69862589479608 75.55527308572425 -999.0 16600.0 -999.0 2 86 {-999.0 -999.0 -999.0 -999.0 -999.0} "" -999.0 -999.0 -999.0 -999.0 -999 -999 "" "" "" "" 0 0 0.0 0.0 -999 ""
FIBERMAP 193 R+4C23 BOSS 1 1 0 1 0 0 235.58296262781127 81.50795334443728 143.1 -9.045817669990928 249.10598917987156 148.60773 131.52213 37.39438418660165 -23.20158346502337 0.08469706 -0.6913068 0.5749424 37.39439681742413 -23.201577783060795 37.354096954341 -23.07968326013566 71.70037530594377 75.55091622893991 5400.0 5400.0 2016.0 1 259 {-999.0 19.52655 19.500751 19.382772 -999.0} sdss_psfmag_ps1 19.4929 19.329922 18.898956 -999.0 63050395811957536 1117293321 bright_1x1 openfibertargets_bhm_quaia_boss open_fiber science 0 0 0.0 0.0 -999 ""
FIBERMAP 193 R+4C23 METROLOGY 0 0 0 1 0 0 236.23893837403884 81.18885696867844 143.1 -8.548856753757383 249.6399314743347 148.60773 131.52213 -999.0 -999.0 -999.0 -999.0 -999.0 37.39600911473028 -23.199935873003398 37.35573044313736 -23.078036507781658 71.69834853806302 75.54795896982034 -999.0 6231.0 -999.0 -1 -999 {-999.0 -999.0 -999.0 -999.0 -999.0} "" -999.0 -999.0 -999.0 -999.0 -999 -999 "" "" "" "" 0 0 0.0 0.0 -999 ""
FIBERMAP 197 R0C13 APOGEE 1 1 0 1 0 0 -5.165148410531945 -2.1936677529383704 143.1 0.5871376848952875 -5.580549042712421 22.114584 83.27856 37.42707130124777 -23.972423767925033 131.20665 14.032986 8.2120905 37.42749684277891 -23.972386818803002 37.38579457460179 -23.85029977434905 71.96089220382474 77.87878111090822 16000.0 16600.0 2016.0 2 250 {-999.0 13.953339 12.63264 12.015034 -999.0} sdss_psfmag_from_g3xp 13.433157 12.559598 11.6378765 9.826 63050395811944969 1103560036 bright_1x1 mwm_tess_2min_apogee mwm_planet science 0 0 0.0 0.0 -999 ""
FIBERMAP 197 R0C13 BOSS 0 0 0 1 0 0 -5.027741084582825 -2.916101486702524 143.1 1.3181286728460195 -5.66042573432795 22.114584 83.27856 -999.0 -999.0 -999.0 -999.0 -999.0 37.42999962071334 -23.972604329807435 37.38822244765635 -23.850545974200326 71.95890381634095 77.88207059296968 -999.0 5400.0 -999.0 1 518 {-999.0 -999.0 -999.0 -999.0 -999.0} "" -999.0 -999.0 -999.0 -999.0 -999 -999 "" "" "" "" 0 0 0.0 0.0 -999 ""
FIBERMAP 197 R0C13 METROLOGY 0 0 0 1 0 0 -5.732732412174524 -2.674069622651299 143.1 0.8805244654887252 -6.263774606561332 22.114584 83.27856 -999.0 -999.0 -999.0 -999.0 -999.0 37.42852794475067 -23.974447217429447 37.386769384855654 -23.852378988709763 71.9607970207041 77.88608024101558 -999.0 6231.0 -999.0 -1 -999 {-999.0 -999.0 -999.0 -999.0 -999.0} "" -999.0 -999.0 -999.0 -999.0 -999 -999 "" "" "" "" 0 0 0.0 0.0 -999 ""
FIBERMAP 213 R+3C1 APOGEE 0 0 0 1 0 0 -237.72049803522282 60.31198604140787 143.1 -127.19073301541245 -209.67609099141677 56.819866 54.45142 -999.0 -999.0 -999.0 -999.0 -999.0 37.003357744916606 -24.590133635613586 36.9610328815657 -24.467208204571115 72.53624708939338 79.34487074800978 -999.0 16600.0 -999.0 2 3 {-999.0 -999.0 -999.0 -999.0 -999.0} "" -999.0 -999.0 -999.0 -999.0 -999 -999 "" "" "" "" 0 0 0.0 0.0 -999 ""
FIBERMAP 213 R+3C1 BOSS 1 1 0 1 0 0 -237.46628447157664 59.59683529235944 143.1 -126.43254733795116 -209.64214506594178 56.819866 54.45142 37.00594121791618 -24.59004013588821 0.07975442 -0.09850431 0.5710957 37.00593335884688 -24.59003881322808 36.96353539800606 -24.46713965093728 72.5340738225521 79.34715486783028 5400.0 5400.0 2016.0 1 3 {-999.0 19.850264 19.382822 19.058893 -999.0} sdss_psfmag_ps1 19.779062 19.437035 18.92316 -999.0 63050395811942754 1117292983 bright_1x1 openfibertargets_bhm_quaia_boss open_fiber science 0 0 0.0 0.0 -999 ""
FIBERMAP 213 R+3C1 METROLOGY 0 0 0 1 0 0 -238.19940772986936 59.73681384118257 143.1 -126.78079275460266 -210.30223882641877 56.819866 54.45142 -999.0 -999.0 -999.0 -999.0 -999.0 37.004737009540705 -24.592063421770217 36.96235662242486 -24.469155523408304 72.5357507494086 79.35231970926282 -999.0 6231.0 -999.0 -1 -999 {-999.0 -999.0 -999.0 -999.0 -999.0} "" -999.0 -999.0 -999.0 -999.0 -999 -999 "" "" "" "" 0 0 0.0 0.0 -999 ""
FIBERMAP 216 R-9C18 APOGEE 0 0 0 1 0 0 194.65953779107886 -160.51401509017109 143.1 210.41343271130145 139.1971159818509 85.6876 104.893425 -999.0 -999.0 -999.0 -999.0 -999.0 38.11919595778323 -23.53157667074132 38.0774730110366 -23.41071412207877 71.21108857939747 77.3072705114966 -999.0 16600.0 -999.0 2 192 {-999.0 -999.0 -999.0 -999.0 -999.0} "" -999.0 -999.0 -999.0 -999.0 -999 -999 "" "" "" "" 0 0 0.0 0.0 -999 ""
FIBERMAP 216 R-9C18 BOSS 1 1 0 1 0 0 195.42881346239838 -160.52584732664005 143.1 210.6497141321913 139.92925464058845 85.6876 104.893425 38.12003268740929 -23.529297783554384 0.3385552 0.21090275 0.9028548 38.12003453706617 -23.529329136739474 38.07824090915864 -23.40849545774925 71.20961588333373 77.30167327911687 5400.0 5400.0 2016.0 1 265 {-999.0 20.325573 20.03764 20.148476 -999.0} sdss_psfmag_ps1 20.289011 19.996407 19.567816 -999.0 63050395811945412 1117293211 bright_1x1 openfibertargets_bhm_quaia_boss open_fiber science 0 0 0.0 0.0 -999 ""
FIBERMAP 216 R-9C18 METROLOGY 0 0 0 1 0 0 195.04421978343345 -161.1520845854741 143.1 211.13606576157892 139.3783604450202 85.6876 104.893425 -999.0 -999.0 -999.0 -999.0 -999.0 38.12166918305632 -23.530970354634825 38.07989140878641 -23.410131211302954 71.20881062405071 77.30812690077221 -999.0 6231.0 -999.0 -1 -999 {-999.0 -999.0 -999.0 -999.0 -999.0} "" -999.0 -999.0 -999.0 -999.0 -999 -999 "" "" "" "" 0 0 0.0 0.0 -999 ""
FIBERMAP 223 R-7C9 APOGEE 0 0 0 1 0 0 -26.2354545245446 -118.75410551540384 143.1 105.88307191331207 -59.815417860261704 107.07277 70.28075 -999.0 -999.0 -999.0 -999.0 -999.0 37.77796767949098 -24.13600563438609 37.73552175522502 -24.014427834130764 71.7187978778841 78.73077874797372 -999.0 16600.0 -999.0 2 186 {-999.0 -999.0 -999.0 -999.0 -999.0} "" -999.0 -999.0 -999.0 -999.0 -999 -999 "" "" "" "" 0 0 0.0 0.0 -999 ""
FIBERMAP 223 R-7C9 BOSS 1 1 0 1 0 0 -25.478946348065392 -118.77877876536259 143.1 106.12789847380266 -59.09924299942691 107.07277 70.28075 37.77888156541981 -24.133827618952907 10.324991 -1.9733266 0.18664667 37.77890516501073 -24.13383506132639 37.73638936294344 -24.012283754878858 71.71731568705064 78.72523131470928 5400.0 5400.0 2016.0 1 380 {-999.0 17.236887 17.013075 16.856047 -999.0} sdss_psfmag_ps1 17.177607 16.925138 16.50717 15.64 63050395811944647 975986764 "" ops_std_boss ops_std standard_boss 0 0 0.0 0.0 -999 ""
FIBERMAP 223 R-7C9 METROLOGY 0 0 0 1 0 0 -25.882197227803104 -119.41638598417246 143.1 106.61966620092849 -59.67130266831765 107.07277 70.28075 -999.0 -999.0 -999.0 -999.0 -999.0 37.780536429395276 -24.135576161617344 37.738035931895126 -24.014020044847392 71.71650128877637 78.73207817263341 -999.0 6231.0 -999.0 -1 -999 {-999.0 -999.0 -999.0 -999.0 -999.0} "" -999.0 -999.0 -999.0 -999.0 -999 -999 "" "" "" "" 0 0 0.0 0.0 -999 ""
FIBERMAP 224 R+2C5 APOGEE 0 0 0 1 0 0 -191.61912786230118 45.82392758870369 143.1 -99.85502615266076 -169.82980444202667 159.66292 108.93323 -999.0 -999.0 -999.0 -999.0 -999.0 37.094014062519825 -24.470261341388206 37.05179834196963 -24.347511024935198 72.41854888881957 79.06097189633817 -999.0 16600.0 -999.0 2 23 {-999.0 -999.0 -999.0 -999.0 -999.0} "" -999.0 -999.0 -999.0 -999.0 -999 -999 "" "" "" "" 0 0 0.0 0.0 -999 ""
FIBERMAP 224 R+2C5 BOSS 1 1 0 1 0 0 -191.59197718774345 46.59346964187426 143.1 -100.58293980395773 -169.5787972817069 159.66292 108.93323 37.09156376066969 -24.46947560856255 17.680098 -10.098155 3.6993556 37.091630866969986 -24.469523150099256 37.04934927082826 -24.346792040208374 72.42041114257037 79.05625772700904 5400.0 5400.0 2016.0 1 34 {-999.0 15.723393 14.465692 13.970108 -999.0} sdss_psfmag_from_g3xp 15.239523 14.464969 13.607816 11.906 63050395811942793 1080491098 bright_flexible_2x1 mwm_snc_ext_filler_boss mwm_snc science 0 0 0.0 0.0 -999 ""
FIBERMAP 224 R+2C5 METROLOGY 0 0 0 1 0 0 -190.95906955774674 46.17924102408515 143.1 -100.00175732135598 -169.09473374064476 159.66292 108.93323 -999.0 -999.0 -999.0 -999.0 -999.0 37.093526192228836 -24.46809605932629 37.051264775992365 -24.345361876473333 72.41828808616123 79.05372854756058 -999.0 6231.0 -999.0 -1 -999 {-999.0 -999.0 -999.0 -999.0 -999.0} "" -999.0 -999.0 -999.0 -999.0 -999 -999 "" "" "" "" 0 0 0.0 0.0 -999 ""
FIBERMAP 226 R-2C25 APOGEE 0 0 0 1 0 0 274.58709268861156 -25.75373974396968 143.1 104.92662852377379 255.0349887860197 75.996666 108.49375 -999.0 -999.0 -999.0 -999.0 -999.0 37.769219258568 -23.18334156601737 37.72857260584277 -23.0620181490434 71.37612306037703 75.92283678979362 -999.0 16600.0 -999.0 2 239 {-999.0 -999.0 -999.0 -999.0 -999.0} "" -999.0 -999.0 -999.0 -999.0 -999 -999 "" "" "" "" 0 0 0.0 0.0 -999 ""
FIBERMAP 226 R-2C25 BOSS 1 1 0 1 0 0 275.3632072756367 -25.662254740311607 143.1 105.06611562567504 255.80388109062773 75.996666 108.49375 37.76970680642713 -23.181064963638473 4.0053463 15.8464775 4.748455 37.76972545523809 -23.181020044191154 37.72901010825859 -23.059726095787994 71.37486384956676 75.9167089290541 5400.0 5400.0 2016.0 1 349 {-999.0 18.730892 18.827322 18.954842 -999.0} sdss_psfmag_ps1 18.85133 18.78104 18.763306 -999.0 63050395811957401 1082527903 bright_flexible_2x1 mwm_snc_ext_filler_boss mwm_snc science 0 0 0.0 0.0 -999 ""
FIBERMAP 226 R-2C25 METROLOGY 0 0 0 1 0 0 275.0179034838038 -26.3508696666591 143.1 105.62360414275295 255.2723150376046 75.996666 108.49375 -999.0 -999.0 -999.0 -999.0 -999.0 37.77157138126708 -23.182570720928705 37.73087144047844 -23.061271331166044 71.3738837930278 75.92324689374345 -999.0 6231.0 -999.0 -1 -999 {-999.0 -999.0 -999.0 -999.0 -999.0} "" -999.0 -999.0 -999.0 -999.0 -999 -999 "" "" "" "" 0 0 0.0 0.0 -999 ""
FIBERMAP 229 R+9C7 APOGEE 0 0 0 1 0 0 -65.23664627461358 191.080622717942 143.1 -201.79345525454988 -6.501099320619469 160.15164 68.28892 -999.0 -999.0 -999.0 -999.0 -999.0 36.756353837069035 -23.97474411873925 36.7154824617906 -23.851606604113705 72.5336914314531 77.16199095719196 -999.0 16600.0 -999.0 2 133 {-999.0 -999.0 -999.0 -999.0 -999.0} "" -999.0 -999.0 -999.0 -999.0 -999 -999 "" "" "" "" 0 0 0.0 0.0 -999 ""
FIBERMAP 229 R+9C7 BOSS 1 1 0 1 0 0 -64.76045560751118 191.64942238326924 143.1 -202.19809710574322 -5.879415067233449 160.15164 68.28892 36.75502260671992 -23.972455761251688 2.7220514 -126.93739 7.3845005 36.75503397434386 -23.972833434269486 36.714098991993126 -23.849718829441283 72.53418782910961 77.15460198933147 5400.0 5400.0 2016.0 1 123 {-999.0 17.401163 15.800392 14.883485 -999.0} sdss_psfmag_ps1 16.677446 15.472672 14.3836355 12.38 63050395811955274 1096469858 bright_1x1 mwm_bin_vis_boss mwm_filler science 0 0 0.0 0.0 -999 ""
FIBERMAP 229 R+9C7 METROLOGY 0 0 0 1 0 0 -64.50438756233127 190.94873215679922 143.1 -201.4531965835899 -5.839467005570622 160.15164 68.28892 -999.0 -999.0 -999.0 -999.0 -999.0 36.757441573975555 -23.972727182904695 36.716523265666524 -23.849609422668024 72.53208128778972 77.15693581833568 -999.0 6231.0 -999.0 -1 -999 {-999.0 -999.0 -999.0 -999.0 -999.0} "" -999.0 -999.0 -999.0 -999.0 -999 -999 "" "" "" "" 0 0 0.0 0.0 -999 ""
FIBERMAP 230 R+10C2 APOGEE 0 0 0 1 0 0 -138.81330359946236 204.36580634380664 143.1 -236.01382563469951 -72.97164891045463 87.19907 44.117844 -999.0 -999.0 -999.0 -999.0 -999.0 36.64295906059877 -24.175533076846808 36.60186006155067 -24.052163704034136 72.70237662341728 77.66467245787271 -999.0 16600.0 -999.0 2 -999 {-999.0 -999.0 -999.0 -999.0 -999.0} "" -999.0 -999.0 -999.0 -999.0 -999 -999 "" "" "" "" 0 0 0.0 0.0 -999 ""
FIBERMAP 230 R+10C2 BOSS 1 1 0 1 0 0 -138.31191646716442 203.84191211736646 143.1 -235.36624029149652 -72.64541889616893 87.19907 44.117844 36.64512944417345 -24.174535752588305 -4.098959 -2.8070893 0.54304725 36.64514131672142 -24.174540328048252 36.60397297636109 -24.051198204604006 72.70023048114302 77.66392720263912 5400.0 5400.0 2016.0 1 18 {-999.0 16.437609 15.966118 15.836441 -999.0} sdss_psfmag_ps1 16.308004 16.000664 15.524084 14.753 63050395811954878 978492674 "" ops_std_boss ops_std standard_boss 0 0 0.0 0.0 -999 ""
FIBERMAP 230 R+10C2 METROLOGY 0 0 0 1 0 0 -139.02698685330546 203.64898162058407 143.1 -235.3908711260403 -73.38560609357116 87.19907 44.117844 -999.0 -999.0 -999.0 -999.0 -999.0 36.64499197226541 -24.176797830032708 36.603839052570834 -24.05344815063828 72.70113965561528 77.67086047554852 -999.0 6231.0 -999.0 -1 -999 {-999.0 -999.0 -999.0 -999.0 -999.0} "" -999.0 -999.0 -999.0 -999.0 -999 -999 "" "" "" "" 0 0 0.0 0.0 -999 ""
FIBERMAP 231 R+2C20 APOGEE 0 0 0 1 0 0 177.47406404662436 32.88918451528969 143.1 20.4511734209135 179.32285489327754 48.211205 34.61039 -999.0 -999.0 -999.0 -999.0 -999.0 37.49206037120725 -23.411693716633515 37.45132406153141 -23.28986635518608 71.69893240345883 76.27828669498803 -999.0 16600.0 -999.0 2 -999 {-999.0 -999.0 -999.0 -999.0 -999.0} "" -999.0 -999.0 -999.0 -999.0 -999 -999 "" "" "" "" 0 0 0.0 0.0 -999 ""
FIBERMAP 231 R+2C20 BOSS 1 1 0 1 0 0 177.4063079882708 32.150006885676426 143.1 21.138177271813625 179.04189972162933 48.211205 34.61039 37.494421087663284 -23.412449560848824 0.011297062 -0.9442047 0.6192689 37.49441150172944 -23.412449517459507 37.453599505509715 -23.29065262451692 71.69729827870492 76.28313302537032 5400.0 5400.0 2016.0 1 230 {-999.0 20.239126 19.876225 19.55213 -999.0} sdss_psfmag_ps1 20.263847 19.908175 19.300632 -999.0 63050395811957415 1117293318 bright_1x1 openfibertargets_bhm_quaia_boss open_fiber science 0 0 0.0 0.0 -999 ""
FIBERMAP 231 R+2C20 METROLOGY 0 0 0 1 0 0 176.7933303108854 32.579184841381846 143.1 20.54852821279764 178.58126544229418 48.211205 34.61039 -999.0 -999.0 -999.0 -999.0 -999.0 37.49245002326868 -23.41382832085963 37.45165809650979 -23.29202029299289 71.69946752389663 76.28500264107561 -999.0 6231.0 -999.0 -1 -999 {-999.0 -999.0 -999.0 -999.0 -999.0} "" -999.0 -999.0 -999.0 -999.0 -999 -999 "" "" "" "" 0 0 0.0 0.0 -999 ""
FIBERMAP 232 R+13C3 APOGEE 1 1 0 1 0 0 -103.09872083853257 241.22839034050722 143.1 -260.81828484957117 -28.040449983851598 242.13972 132.65843 36.56170973453131 -24.039205556030293 8.679026 2.8002563 1.5244353 36.56173024832622 -24.039209064967928 36.52098374123028 -23.91575236249495 72.72269747155471 77.14710490884329 16000.0 16600.0 2016.0 2 54 {-999.0 12.001423 11.688443 11.606183 -999.0} sdss_psfmag_from_g3xp 11.959717 11.696928 11.276937 10.602 63050395811954965 975170490 "" ops_std_apogee ops_std standard_apogee 0 0 0.0 0.0 -999 ""
FIBERMAP 232 R+13C3 BOSS 0 0 0 1 0 0 -103.82754710776538 241.14432397948363 143.1 -260.9510368188262 -28.761954614539306 242.13972 132.65843 -999.0 -999.0 -999.0 -999.0 -999.0 36.56135004450553 -24.04136544753108 36.52053201110817 -23.91793160985975 72.72386874076429 77.15344711583225 -999.0 5400.0 -999.0 1 91 {-999.0 -999.0 -999.0 -999.0 -999.0} "" -999.0 -999.0 -999.0 -999.0 -999 -999 "" "" "" "" 0 0 0.0 0.0 -999 ""
FIBERMAP 232 R+13C3 METROLOGY 0 0 0 1 0 0 -103.54627046959754 241.81187645880044 143.1 -261.50710906199225 -28.297772288265502 242.13972 132.65843 -999.0 -999.0 -999.0 -999.0 -999.0 36.55945669063874 -24.039964438196165 36.51866288784635 -23.916521256794727 72.72495357104496 77.14694222304905 -999.0 6231.0 -999.0 -1 -999 {-999.0 -999.0 -999.0 -999.0 -999.0} "" -999.0 -999.0 -999.0 -999.0 -999 -999 "" "" "" "" 0 0 0.0 0.0 -999 ""
FIBERMAP 234 R+3C20 APOGEE 0 0 0 1 0 0 152.5673761082938 64.18774385790128 143.1 -16.76093834803036 164.6594722412589 184.49467 89.22336 -999.0 -999.0 -999.0 -999.0 -999.0 37.369176246842265 -23.45619261709646 37.328506930824574 -23.3341588258147 71.82009369013458 76.27229288064751 -999.0 16600.0 -999.0 2 69 {-999.0 -999.0 -999.0 -999.0 -999.0} "" -999.0 -999.0 -999.0 -999.0 -999 -999 "" "" "" "" 0 0 0.0 0.0 -999 ""
FIBERMAP 234 R+3C20 BOSS 1 1 0 1 0 0 152.5416601639278 64.93627229026185 143.1 -17.484218624619178 164.8537819105559 184.49467 89.22336 37.36680448596547 -23.455466981246648 11.186976 -22.160486 0.32226065 37.36684821324822 -23.455517285903742 37.32611203950523 -23.333506746484257 71.8218806306543 76.26768383145736 5400.0 5400.0 2016.0 1 224 {-999.0 17.788773 17.424576 17.283672 17.233227} sdss_psfmag_from_gaia 17.7305 17.4359 16.9537 15.962 63050395811957055 971496576 "" ops_std_boss_gdr2 ops_std standard_boss 0 0 0.0 0.0 -999 ""
FIBERMAP 234 R+3C20 METROLOGY 0 0 0 1 0 0 153.20107566928735 64.59446696855059 143.1 -16.964536974129746 165.38437237111228 184.49467 89.22336 -999.0 -999.0 -999.0 -999.0 -999.0 37.36854215883805 -23.453898342565317 37.327827021949076 -23.331883358215528 71.8198075023466 76.2647861302874 -999.0 6231.0 -999.0 -1 -999 {-999.0 -999.0 -999.0 -999.0 -999.0} "" -999.0 -999.0 -999.0 -999.0 -999 -999 "" "" "" "" 0 0 0.0 0.0 -999 ""
FIBERMAP 243 R-11C12 APOGEE 1 1 0 1 0 0 95.25499454729763 -217.13469113516166 143.1 235.48552081624007 27.586067983841986 17.33829 83.20499 38.2049560546875 -23.868741386278614 -999.0 -999.0 -999.0 38.204935590110345 -23.868731002898674 38.162468606979076 -23.747911139932516 71.26000551932688 78.37233534124476 16000.0 16600.0 2015.5 2 183 {-999.0 -999.0 -999.0 -999.0 -999.0} "" -999.0 -999.0 -999.0 -999.0 27021603163403859 836447840 "" ops_sky_apogee_best ops_sky sky_apogee 0 0 0.0 0.0 -999 ""
FIBERMAP 243 R-11C12 BOSS 0 0 0 1 0 0 95.42832977146996 -217.8739949876454 143.1 236.24315015856837 27.535612863383204 17.33829 83.20499 -999.0 -999.0 -999.0 -999.0 -999.0 38.207534984300786 -23.86883954780658 38.164990213691226 -23.748049485997225 71.25789443381639 78.37527118596665 -999.0 5400.0 -999.0 1 376 {-999.0 -999.0 -999.0 -999.0 -999.0} "" -999.0 -999.0 -999.0 -999.0 -999 -999 "" "" "" "" 0 0 0.0 0.0 -999 ""
FIBERMAP 243 R-11C12 METROLOGY 0 0 0 1 0 0 94.71806442850003 -217.66219226248114 143.1 235.83290940649727 26.918380640930533 17.33829 83.20499 -999.0 -999.0 -999.0 -999.0 -999.0 38.20622425187059 -23.870718408052575 38.16369859973963 -23.749918434723273 71.25965964102093 78.3794174728477 -999.0 6231.0 -999.0 -1 -999 {-999.0 -999.0 -999.0 -999.0 -999.0} "" -999.0 -999.0 -999.0 -999.0 -999 -999 "" "" "" "" 0 0 0.0 0.0 -999 ""
FIBERMAP 244 R-4C15 APOGEE 1 1 0 1 0 0 78.32047651256899 -72.95078555173349 143.1 92.66125866805221 53.55807393961363 14.963996 126.27788 37.73265431178302 -23.79203869572319 -14.873698 -14.445006 6.449729 37.73259363034835 -23.792083002461162 37.69085247841656 -23.670529698176253 71.6358516762939 77.661198486574 16000.0 16600.0 2016.0 2 199 {-999.0 12.29279 11.602556 11.393237 -999.0} sdss_psfmag_from_g3xp 12.111015 11.661096 11.053204 9.973 63050395811945088 975170828 "" ops_std_apogee ops_std standard_apogee 0 0 0.0 0.0 -999 ""
FIBERMAP 244 R-4C15 BOSS 0 0 0 1 0 0 78.89072022131062 -73.43574862383755 143.1 93.2917535908917 53.96153121365288 14.963996 126.27788 -999.0 -999.0 -999.0 -999.0 -999.0 37.734804820075915 -23.790797179860956 37.692990858255996 -23.66927342036957 71.63357198261447 77.65972035241788 -999.0 5400.0 -999.0 1 280 {-999.0 -999.0 -999.0 -999.0 -999.0} "" -999.0 -999.0 -999.0 -999.0 -999 -999 "" "" "" "" 0 0 0.0 0.0 -999 ""
FIBERMAP 244 R-4C15 METROLOGY 0 0 0 1 0 0 78.18029378999304 -73.68470175504585 143.1 93.32205095195616 53.20940139834174 14.963996 126.27788 -999.0 -999.0 -999.0 -999.0 -999.0 37.73490589517291 -23.79308145649609 37.69310806201406 -23.671549934584935 71.63429250739281 77.66658241819431 -999.0 6231.0 -999.0 -1 -999 {-999.0 -999.0 -999.0 -999.0 -999.0} "" -999.0 -999.0 -999.0 -999.0 -999 -999 "" "" "" "" 0 0 0.0 0.0 -999 ""
FIBERMAP 249 R+8C6 APOGEE 0 0 0 1 0 0 -90.03119963030342 170.64621868751306 143.1 -189.5045390022852 -36.186056931411244 108.624596 100.3244 -999.0 -999.0 -999.0 -999.0 -999.0 36.7967044375191 -24.064819566172897 36.755616623787375 -23.941719426698178 72.53184140493445 77.48608363254715 -999.0 16600.0 -999.0 2 -999 {-999.0 -999.0 -999.0 -999.0 -999.0} "" -999.0 -999.0 -999.0 -999.0 -999 -999 "" "" "" "" 0 0 0.0 0.0 -999 ""
FIBERMAP 249 R+8C6 BOSS 1 1 0 1 0 0 -89.40435147524893 171.00071592788456 143.1 -189.66020169108964 -35.482981218046824 108.624596 100.3244 36.79618335626045 -24.06263026541044 6.694751 -10.991298 0.068963826 36.79620080012807 -24.06267377965995 36.75504861096118 -23.93959756297344 72.53156855564148 77.47886344443299 5400.0 5400.0 2016.0 1 79 {-999.0 18.834719 18.48116 18.394796 -999.0} sdss_psfmag_ps1 18.802961 18.475033 18.062237 -999.0 63050395811955240 979810548 "" ops_std_boss ops_std standard_boss 0 0 0.0 0.0 -999 ""
FIBERMAP 249 R+8C6 METROLOGY 0 0 0 1 0 0 -89.39884201363155 170.24669139003117 143.1 -188.93757510232322 -35.698220067846684 108.624596 100.3244 -999.0 -999.0 -999.0 -999.0 -999.0 36.79853982160872 -24.063345502362928 36.75740300321979 -23.940265897484124 72.52979731930883 77.48350303169622 -999.0 6231.0 -999.0 -1 -999 {-999.0 -999.0 -999.0 -999.0 -999.0} "" -999.0 -999.0 -999.0 -999.0 -999 -999 "" "" "" "" 0 0 0.0 0.0 -999 ""
FIBERMAP 253 R+5C3 APOGEE 0 0 0 1 0 0 -200.55351132430837 93.69337676148314 143.1 -148.24165472903536 -164.374111420062 176.0594 136.12404 -999.0 -999.0 -999.0 -999.0 -999.0 36.933240935531884 -24.4532520185671 36.89126078905707 -24.330255518153415 72.55054377498146 78.84385256414981 -999.0 16600.0 -999.0 2 19 {-999.0 -999.0 -999.0 -999.0 -999.0} "" -999.0 -999.0 -999.0 -999.0 -999 -999 "" "" "" "" 0 0 0.0 0.0 -999 ""
FIBERMAP 253 R+5C3 BOSS 1 1 0 1 0 0 -201.07631665327253 94.2194462393609 143.1 -148.89758363982864 -164.72018586972138 176.0594 136.12404 36.93078882371227 -24.454266975020218 0.16177098 -9.650442 3.2417536 36.93110404000421 -24.454295996786424 36.889055011146354 -24.331318571282445 72.5527942375719 78.84493354281409 5400.0 5400.0 2016.0 1 28 {-999.0 12.700283 12.301459 12.176645 -999.0} sdss_psfmag_from_g3xp 12.629684 12.318739 11.8435135 11.01 63050395811942975 1083495757 bright_flexible_2x1 mwm_snc_ext_filler_boss mwm_snc science 0 0 0.9839469790458679 0.0 -999 ""
FIBERMAP 253 R+5C3 METROLOGY 0 0 0 1 0 0 -200.3408575362324 94.40807118275639 143.1 -148.86287325177682 -163.96176162153816 176.0594 136.12404 -999.0 -999.0 -999.0 -999.0 -999.0 36.93117109954234 -24.452038878238938 36.889145929441895 -24.32905576259556 72.55195412923696 78.8379206302676 -999.0 6231.0 -999.0 -1 -999 {-999.0 -999.0 -999.0 -999.0 -999.0} "" -999.0 -999.0 -999.0 -999.0 -999 -999 "" "" "" "" 0 0 0.0 0.0 -999 ""
FIBERMAP 255 R-5C11 APOGEE 1 1 0 1 0 0 0.5498025643853897 -78.66958654433209 143.1 75.38643104178753 -22.48041962531969 129.52226 26.470156 37.676239013671875 -24.023072843897495 -999.0 -999.0 -999.0 37.6762454989369 -24.02309746307306 37.63413924271964 -23.90138973567691 71.76642027185412 78.28971563227822 16000.0 16600.0 2015.5 2 170 {-999.0 -999.0 -999.0 -999.0 -999.0} "" -999.0 -999.0 -999.0 -999.0 27021603163404283 836447902 "" ops_sky_apogee_best ops_sky sky_apogee 0 0 0.0 0.0 -999 ""
FIBERMAP 255 R-5C11 BOSS 0 0 0 1 0 0 1.242462424477825 -79.00054305933585 143.1 75.90546080404809 -21.914867529480222 129.52226 26.470156 -999.0 -999.0 -999.0 -999.0 -999.0 37.678085389547995 -24.021362559430997 37.635907740772666 -23.899682999887155 71.76430786238788 78.28641777928351 -999.0 5400.0 -999.0 1 409 {-999.0 -999.0 -999.0 -999.0 -999.0} "" -999.0 -999.0 -999.0 -999.0 -999 -999 "" "" "" "" 0 0 0.0 0.0 -999 ""
FIBERMAP 255 R-5C11 METROLOGY 0 0 0 1 0 0 0.6333447891135631 -79.42077299939275 143.1 76.12916371181493 -22.620211803882988 129.52226 26.470156 -999.0 -999.0 -999.0 -999.0 -999.0 37.67882336038015 -24.023510972888946 37.6366612559778 -23.901824958718834 71.7644131885668 78.29360015122529 -999.0 6231.0 -999.0 -1 -999 {-999.0 -999.0 -999.0 -999.0 -999.0} "" -999.0 -999.0 -999.0 -999.0 -999 -999 "" "" "" "" 0 0 0.0 0.0 -999 ""
FIBERMAP 266 R-11C1 APOGEE 0 0 0 1 0 0 -157.45717956815133 -226.80792978210792 143.1 170.8320808029826 -216.89190080959847 335.71567 85.59994 -999.0 -999.0 -999.0 -999.0 -999.0 37.994906628848064 -24.60932020120293 37.9512868935754 -24.487955731016974 71.69056006693238 80.36180517654401 -999.0 16600.0 -999.0 2 260 {-999.0 -999.0 -999.0 -999.0 -999.0} "" -999.0 -999.0 -999.0 -999.0 -999 -999 "" "" "" "" 0 0 0.0 0.0 -999 ""
FIBERMAP 266 R-11C1 BOSS 1 1 0 1 0 0 -157.9164460725836 -227.4097553429169 143.1 171.27325207235734 -217.50705989502697 335.71567 85.59994 37.99637220536471 -24.611158205374178 21.601519 7.00686 2.9720213 37.99643490146763 -24.611121352605007 37.95273590555064 -24.489781535391483 71.68989529644266 80.36865487236071 5400.0 5400.0 2016.0 1 354 {-999.0 17.285654 16.015202 14.91059 -999.0} sdss_psfmag_ps1 16.730463 15.603414 14.547551 12.576 63050395811940698 940018387 bright_1x1 openfibertargets_nov2020_34a open_fiber science 0 0 0.0 0.0 -999 ""
FIBERMAP 266 R-11C1 METROLOGY 0 0 0 1 0 0 -158.19234278058235 -226.7032355898852 143.1 170.51697852535747 -217.56426378655146 335.71567 85.59994 -999.0 -999.0 -999.0 -999.0 -999.0 37.99394529475006 -24.611366037578545 37.950269920860364 -24.49001573262997 71.69209632388123 80.36707457573414 -999.0 6231.0 -999.0 -1 -999 {-999.0 -999.0 -999.0 -999.0 -999.0} "" -999.0 -999.0 -999.0 -999.0 -999 -999 "" "" "" "" 0 0 0.0 0.0 -999 ""
FIBERMAP 267 R-9C2 APOGEE 0 0 0 1 0 0 -177.45373318590242 -183.60808026343094 143.1 123.67560577130261 -223.37968518685673 221.56885 118.80971 -999.0 -999.0 -999.0 -999.0 -999.0 37.838445268407945 -24.630122213908656 37.79498380237078 -24.508502225334688 71.8318796506682 80.2784368343352 -999.0 16600.0 -999.0 2 -999 {-999.0 -999.0 -999.0 -999.0 -999.0} "" -999.0 -999.0 -999.0 -999.0 -999 -999 "" "" "" "" 0 0 0.0 0.0 -999 ""
FIBERMAP 267 R-9C2 BOSS 1 1 0 1 0 0 -178.13991206367427 -183.40556956703963 143.1 123.28129412016781 -223.97660274704452 221.56885 118.80971 37.837228446765735 -24.631743420907767 -2.6395378 -58.235058 0.8034862 37.83721736603845 -24.63191438990451 37.793680772696405 -24.510314484994357 71.83358338259913 80.28272459100731 5400.0 5400.0 2016.0 1 457 {-999.0 16.273363 15.986332 15.788867 -999.0} sdss_psfmag_ps1 16.205399 15.880728 15.38569 14.437 63050395811942142 1072942876 bright_1x1 mwm_halo_local_high_boss_single mwm_halo science 0 0 0.0 0.0 -999 ""
FIBERMAP 267 R-9C2 METROLOGY 0 0 0 1 0 0 -177.60551529937794 -182.87564568831516 143.1 122.93084798513674 -223.3106293452652 221.56885 118.80971 -999.0 -999.0 -999.0 -999.0 -999.0 37.83605396859172 -24.62996662632603 37.792543336097935 -24.50835903019261 71.83393726182462 80.2757196659507 -999.0 6231.0 -999.0 -1 -999 {-999.0 -999.0 -999.0 -999.0 -999.0} "" -999.0 -999.0 -999.0 -999.0 -999 -999 "" "" "" "" 0 0 0.0 0.0 -999 ""
FIBERMAP 274 R+2C17 APOGEE 0 0 0 1 0 0 108.63629823059081 28.27549333185573 143.1 4.731956540407428 112.14938969580388 38.57054 30.551601 -999.0 -999.0 -999.0 -999.0 -999.0 37.44055242659044 -23.615027561239767 37.39950094352429 -23.493061578664328 71.81938903476549 76.8227232997931 -999.0 16600.0 -999.0 2 61 {-999.0 -999.0 -999.0 -999.0 -999.0} "" -999.0 -999.0 -999.0 -999.0 -999 -999 "" "" "" "" 0 0 0.0 0.0 -999 ""
FIBERMAP 274 R+2C17 BOSS 1 1 0 1 0 0 108.2953268545274 27.60172211163148 143.1 5.276518141063249 111.6263072942935 38.57054 30.551601 37.44230897203339 -23.616430100377936 36.93625 -30.36507 1.2241466 37.44243389489351 -23.616523909869265 37.40130602183194 -23.494586635981396 71.81841861719421 76.82923216696292 5400.0 5400.0 2016.0 1 207 {-999.0 20.949677 19.57105 18.551437 -999.0} sdss_psfmag_ps1 20.292437 19.23242 18.15631 16.612 63050395811956832 1073725959 bright_1x1 mwm_halo_local_low_boss_single mwm_halo science 0 0 0.0 0.0 -999 ""
FIBERMAP 274 R+2C17 METROLOGY 0 0 0 1 0 0 107.89228626767263 28.24115365783247 143.1 4.547213874847496 111.42790624431306 38.57054 30.551601 -999.0 -999.0 -999.0 -999.0 -999.0 37.43999905218002 -23.617125575703273 37.398893254695224 -23.495176873701624 71.82069228424795 76.82835426282747 -999.0 6231.0 -999.0 -1 -999 {-999.0 -999.0 -999.0 -999.0 -999.0} "" -999.0 -999.0 -999.0 -999.0 -999 -999 "" "" "" "" 0 0 0.0 0.0 -999 ""
FIBERMAP 280 R-3C15 APOGEE 0 0 0 1 0 0 72.5462325134441 -58.117811050891405 143.1 76.7890099864993 52.374369320704375 26.366745 89.54742 -999.0 -999.0 -999.0 -999.0 -999.0 37.679997083453905 -23.795828140680616 37.63831362177757 -23.674190244335485 71.68205128634176 77.61689632646807 -999.0 16600.0 -999.0 2 -999 {-999.0 -999.0 -999.0 -999.0 -999.0} "" -999.0 -999.0 -999.0 -999.0 -999 -999 "" "" "" "" 0 0 0.0 0.0 -999 ""
FIBERMAP 280 R-3C15 BOSS 1 1 0 1 0 0 72.86492814548156 -58.82085201011897 143.1 77.55447315972232 52.47351585544194 26.366745 89.54742 37.682646465403494 -23.795442493630564 7.1112056 -7.4601374 0.012475575 37.68265430377067 -23.795464319135426 37.64089594936098 -23.67385636347243 71.67972513254111 77.61862073908077 5400.0 5400.0 2016.0 1 328 {-999.0 18.544493 18.127333 18.114607 -999.0} sdss_psfmag_ps1 18.46353 18.189903 17.754623 -999.0 63050395811945094 944594032 bright_1x1 openfibertargets_nov2020_6c open_fiber science 0 0 0.0 0.0 -999 ""
FIBERMAP 280 R-3C15 METROLOGY 0 0 0 1 0 0 72.12539478476127 -58.73619104968921 143.1 77.25724910640398 51.79111552011371 26.366745 89.54742 -999.0 -999.0 -999.0 -999.0 -999.0 37.68166517177846 -23.797540800739633 37.639924629172015 -23.675923424229516 71.68130056512165 77.62373308510729 -999.0 6231.0 -999.0 -1 -999 {-999.0 -999.0 -999.0 -999.0 -999.0} "" -999.0 -999.0 -999.0 -999.0 -999 -999 "" "" "" "" 0 0 0.0 0.0 -999 ""
FIBERMAP 284 R-1C5 APOGEE 1 1 0 1 0 0 -202.2985274456338 -22.565443448269278 143.1 -37.582641477687574 -200.04149361271757 187.26889 125.430626 37.30145923829168 -24.561591066751895 -7.974594 -41.37651 2.4538343 37.301451877389816 -24.561702957946494 37.258801343030484 -24.43925233889012 72.2710651962617 79.55231896512805 16000.0 16600.0 2016.0 2 281 {-999.0 11.423055 10.957077 10.815172 -999.0} sdss_psfmag_from_g3xp 11.331479 10.989943 10.483794 9.641 63050395811943065 1113946435 bright_1x1 openfibertargets_mwm_subgiant_nataf24_apogee open_fiber science 0 0 0.0 0.0 -999 ""
FIBERMAP 284 R-1C5 BOSS 0 0 0 1 0 0 -202.68292438191648 -21.923944603049264 143.1 -38.30847038842926 -200.22146261885487 187.26889 125.430626 -999.0 -999.0 -999.0 -999.0 -999.0 37.29909548428161 -24.56227533177467 37.2563757383009 -24.4398433421028 72.27334511905892 79.55177260037084 -999.0 5400.0 -999.0 1 462 {-999.0 -999.0 -999.0 -999.0 -999.0} "" -999.0 -999.0 -999.0 -999.0 -999 -999 "" "" "" "" 0 0 0.0 0.0 -999 ""
FIBERMAP 284 R-1C5 METROLOGY 0 0 0 1 0 0 -201.9595562242859 -21.904711216459717 143.1 -38.115319827012506 -199.5241369296001 187.26889 125.430626 -999.0 -999.0 -999.0 -999.0 -999.0 37.29970870044288 -24.560207696612153 37.257012226108884 -24.437770880259805 72.27211758558633 79.54596776406208 -999.0 6231.0 -999.0 -1 -999 {-999.0 -999.0 -999.0 -999.0 -999.0} "" -999.0 -999.0 -999.0 -999.0 -999 -999 "" "" "" "" 0 0 0.0 0.0 -999 ""
FIBERMAP 286 R-5C13 APOGEE 0 0 1 1 0 0 34.43449661137258 -89.34437552411114 143.1 95.5031551813503 6.7991570208739045 9.594169 170.17662 -999.0 -999.0 -999.0 -999.0 -999.0 37.74267698159139 -23.933973066664613 37.700656358196056 -23.812395890669443 71.67814436006054 78.0924369453137 -999.0 16600.0 -999.0 2 162 {-999.0 -999.0 -999.0 -999.0 -999.0} "" -999.0 -999.0 -999.0 -999.0 -999 -999 "" "" "" "" 0 0 0.0 0.0 -999 ""
FIBERMAP 286 R-5C13 BOSS 1 0 1 1 0 0 35.173737117083505 -89.32921619536259 143.1 95.70484316286483 7.51046879162539 9.594169 170.17662 37.72842407226562 -23.956725954754063 -999.0 -999.0 -999.0 37.74346848724756 -23.931781642683596 37.701378417993965 -23.810231479502995 71.67676045278172 78.08674137732191 5400.0 5400.0 2015.5 1 392 {-999.0 -999.0 -999.0 -999.0 -999.0} "" -999.0 -999.0 -999.0 -999.0 27021603163404293 822006320 "" ops_sky_boss_good ops_sky sky_boss 0 0 0.0 0.0 -999 ""
FIBERMAP 286 R-5C13 METROLOGY 0 0 1 1 0 0 34.81529966292072 -89.98351781130432 143.1 96.22567970120718 6.976378625158581 9.594169 170.17662 -999.0 -999.0 -999.0 -999.0 -999.0 37.74519324610873 -23.93340357208975 37.70311855566422 -23.811848567108253 71.67584384036132 78.09334439638275 -999.0 6231.0 -999.0 -1 -999 {-999.0 -999.0 -999.0 -999.0 -999.0} "" -999.0 -999.0 -999.0 -999.0 -999 -999 "" "" "" "" 0 0 0.0 0.0 -999 ""
FIBERMAP 290 R+8C13 APOGEE 0 0 0 1 0 0 59.669647461664404 163.8731047953006 143.1 -139.24938083621646 104.98056433508397 118.59092 129.55719 -999.0 -999.0 -999.0 -999.0 -999.0 36.96405408269652 -23.637186876911763 36.92354660585943 -23.5144671464422 72.23225432959303 76.3586799206401 -999.0 16600.0 -999.0 2 -999 {-999.0 -999.0 -999.0 -999.0 -999.0} "" -999.0 -999.0 -999.0 -999.0 -999 -999 "" "" "" "" 0 0 0.0 0.0 -999 ""
FIBERMAP 290 R+8C13 BOSS 1 1 0 1 0 0 59.95267507903706 164.57667390693558 143.1 -139.8393809449942 105.45695370032651 118.59092 129.55719 36.962127685546875 -23.635679481671744 -999.0 -999.0 -999.0 36.96212520669707 -23.63568048565058 36.92155343078679 -23.51298398624889 72.23339097576945 76.35192549600276 5400.0 5400.0 2015.5 1 157 {-999.0 -999.0 -999.0 -999.0 -999.0} "" -999.0 -999.0 -999.0 -999.0 27021603163417871 814338990 "" ops_sky_boss_good ops_sky sky_boss 0 0 0.0 0.0 -999 ""
FIBERMAP 290 R+8C13 METROLOGY 0 0 0 1 0 0 60.41009692371763 163.97908975150278 143.1 -139.13418883645244 105.71959320630819 118.59092 129.55719 -999.0 -999.0 -999.0 -999.0 -999.0 36.96441779125971 -23.634878534237902 36.92386434393643 -23.51217852262189 72.23112455817724 76.35208834388743 -999.0 6231.0 -999.0 -1 -999 {-999.0 -999.0 -999.0 -999.0 -999.0} "" -999.0 -999.0 -999.0 -999.0 -999 -999 "" "" "" "" 0 0 0.0 0.0 -999 ""
FIBERMAP 294 R+11C8 APOGEE 0 0 0 1 0 0 -20.65952052571248 213.7495599459745 143.1 -210.43386257630533 42.75387106842772 142.97217 147.36493 -999.0 -999.0 -999.0 -999.0 -999.0 36.72844625676041 -23.825461352953614 36.68788397783419 -23.70232243127432 72.50262511511227 76.66870607380679 -999.0 16600.0 -999.0 2 129 {-999.0 -999.0 -999.0 -999.0 -999.0} "" -999.0 -999.0 -999.0 -999.0 -999 -999 "" "" "" "" 0 0 0.0 0.0 -999 ""
FIBERMAP 294 R+11C8 BOSS 1 1 0 1 0 0 -20.92833848896337 214.4267864013688 143.1 -211.16005509646703 42.694869494314474 142.97217 147.36493 36.72606558457733 -23.825604116617303 0.64980024 0.10608239 -0.11111333 36.72607196030127 -23.825600849560228 36.68544376996084 -23.702483172267787 72.50476088983037 76.66645826076234 5400.0 5400.0 2016.0 1 116 {-999.0 20.904379 20.633656 20.408415 -999.0} sdss_psfmag_ps1 20.455345 20.462957 19.959742 -999.0 63050395811955367 1117293198 bright_1x1 openfibertargets_bhm_quaia_boss open_fiber science 0 0 0.0 0.0 -999 ""
FIBERMAP 294 R+11C8 METROLOGY 0 0 0 1 0 0 -20.19428634112746 214.33399452181092 143.1 -210.85665900073076 43.36965076130703 142.97217 147.36493 -999.0 -999.0 -999.0 -999.0 -999.0 36.72702673614386 -23.82355965064128 36.686420545338535 -23.70043695742594 72.50317395624323 76.66123218352288 -999.0 6231.0 -999.0 -1 -999 {-999.0 -999.0 -999.0 -999.0 -999.0} "" -999.0 -999.0 -999.0 -999.0 -999 -999 "" "" "" "" 0 0 0.0 0.0 -999 ""
FIBERMAP 300 R-4C2 APOGEE 0 0 0 1 0 0 -209.59061133544978 -72.88570605824054 143.1 8.402238486096218 -221.73001999647488 33.73655 99.784676 -999.0 -999.0 -999.0 -999.0 -999.0 37.454770921867684 -24.62691571309327 37.41180248394784 -24.504688339825787 72.16073909613262 79.90346000479764 -999.0 16600.0 -999.0 2 -999 {-999.0 -999.0 -999.0 -999.0 -999.0} "" -999.0 -999.0 -999.0 -999.0 -999 -999 "" "" "" "" 0 0 0.0 0.0 -999 ""
FIBERMAP 300 R-4C2 BOSS 1 1 0 1 0 0 -209.05831866022967 -73.43228521835728 143.1 9.080553703071299 -221.3808713872418 33.73655 99.784676 37.457116996571585 -24.625886448857 -0.48527327 -0.6778647 0.6536701 37.45710262185987 -24.62588006128502 37.41406141229646 -24.503679000044816 72.15846757156187 79.90251457870744 5400.0 5400.0 2016.0 1 453 {-999.0 20.59338 20.422335 20.514826 -999.0} sdss_psfmag_ps1 20.462534 20.31402 20.220861 -999.0 63050395811942289 1117292901 bright_1x1 openfibertargets_bhm_quaia_boss open_fiber science 0 0 0.0 0.0 -999 ""
FIBERMAP 300 R-4C2 METROLOGY 0 0 0 1 0 0 -209.78628742878556 -73.60765417500029 143.1 9.03535811856883 -222.1282566099226 33.73655 99.784676 -999.0 -999.0 -999.0 -999.0 -999.0 37.45693748474658 -24.628171028271698 37.41391248614309 -24.50596272798002 72.15933493630055 79.90942415906346 -999.0 6231.0 -999.0 -1 -999 {-999.0 -999.0 -999.0 -999.0 -999.0} "" -999.0 -999.0 -999.0 -999.0 -999 -999 "" "" "" "" 0 0 0.0 0.0 -999 ""
FIBERMAP 303 R-1C21 APOGEE 0 0 0 1 0 0 177.12851043635638 -39.08297853875901 143.1 89.17153772226554 157.94487152508856 2.2640486 30.329113 -999.0 -999.0 -999.0 -999.0 -999.0 37.71933817421877 -23.475886890819833 37.67820593042126 -23.3544015778809 71.53037917221768 76.7171749323764 -999.0 16600.0 -999.0 2 -999 {-999.0 -999.0 -999.0 -999.0 -999.0} "" -999.0 -999.0 -999.0 -999.0 -999 -999 "" "" "" "" 0 0 0.0 0.0 -999 ""
FIBERMAP 303 R-1C21 BOSS 1 1 0 1 0 0 176.5002004515927 -39.500050204351425 143.1 89.38660800080666 157.2220986965543 2.2640486 30.329113 37.720184326171875 -23.477993512582174 -999.0 -999.0 -999.0 37.72016694329848 -23.47798896864373 37.67895743388709 -23.356531228301492 71.53053798222597 76.72422346305757 5400.0 5400.0 2015.5 1 324 {-999.0 -999.0 -999.0 -999.0 -999.0} "" -999.0 -999.0 -999.0 -999.0 27021603163418068 822007415 "" ops_sky_boss_good ops_sky sky_boss 0 0 0.0 0.0 -999 ""
FIBERMAP 303 R-1C21 METROLOGY 0 0 0 1 0 0 176.45917711129542 -38.749075683486836 143.1 88.65651222014641 157.4024864206844 2.2640486 30.329113 -999.0 -999.0 -999.0 -999.0 -999.0 37.717744606545644 -23.477435495735442 37.67655958195883 -23.355966454300223 71.53236709024257 76.71996557266658 -999.0 6231.0 -999.0 -1 -999 {-999.0 -999.0 -999.0 -999.0 -999.0} "" -999.0 -999.0 -999.0 -999.0 -999 -999 "" "" "" "" 0 0 0.0 0.0 -999 ""
FIBERMAP 306 R+4C10 APOGEE 0 0 0 1 0 0 -60.69103538127269 86.45595635506153 143.1 -100.41965181186495 -32.750946162938384 186.49445 75.94892 -999.0 -999.0 -999.0 -999.0 -999.0 37.09189380373999 -24.05501675478163 37.05045519058632 -23.932379379721148 72.27667172889066 77.77438209081402 -999.0 16600.0 -999.0 2 -999 {-999.0 -999.0 -999.0 -999.0 -999.0} "" -999.0 -999.0 -999.0 -999.0 -999 -999 "" "" "" "" 0 0 0.0 0.0 -999 ""
FIBERMAP 306 R+4C10 BOSS 1 1 0 1 0 0 -60.59226267118436 87.18545055762698 143.1 -101.08832563243904 -32.443163987758936 186.49445 75.94892 37.08957199703057 -24.05406748342996 35.8359 -2.7941327 6.6345305 37.089683654407146 -24.054073819218114 37.04817945219173 -23.931457551375313 72.27828982387254 77.76912771740058 5400.0 5400.0 2016.0 1 76 {-999.0 22.273262 20.894484 18.783434 -999.0} sdss_psfmag_ps1 21.291807 19.5025 18.126858 15.182 63050395811955124 1081376493 bright_flexible_2x1 mwm_snc_ext_filler_boss mwm_snc science 0 0 0.0 0.0 -999 ""
FIBERMAP 306 R+4C10 METROLOGY 0 0 0 1 0 0 -60.002773890539515 86.74886305892787 143.1 -100.49846049877793 -32.0071571739236 186.49445 75.94892 -999.0 -999.0 -999.0 -999.0 -999.0 37.091612082221324 -24.05276222198376 37.05012777123568 -23.930142456194325 72.27615836448615 77.76716293963938 -999.0 6231.0 -999.0 -1 -999 {-999.0 -999.0 -999.0 -999.0 -999.0} "" -999.0 -999.0 -999.0 -999.0 -999 -999 "" "" "" "" 0 0 0.0 0.0 -999 ""
FIBERMAP 313 R-10C2 APOGEE 0 0 0 1 0 0 -176.80970666295198 -194.66923732409472 143.1 134.44087482453875 -225.9985798930018 233.04314 56.247097 -999.0 -999.0 -999.0 -999.0 -999.0 37.87421533845458 -24.637730500447915 37.830693996617015 -24.51616538493947 71.80355040341723 80.33503313132849 -999.0 16600.0 -999.0 2 -999 {-999.0 -999.0 -999.0 -999.0 -999.0} "" -999.0 -999.0 -999.0 -999.0 -999 -999 "" "" "" "" 0 0 0.0 0.0 -999 ""
FIBERMAP 313 R-10C2 BOSS 1 1 0 1 0 0 -177.0186376810897 -193.8889001907076 143.1 133.63359888362734 -225.9701624969392 233.04314 56.247097 37.871582925180306 -24.63764288802785 -999.0 -999.0 -999.0 37.871609707196754 -24.637645971870135 37.82801843276599 -24.516099265524527 71.80583577993201 80.33233947583375 5400.0 5400.0 2016.0 1 515 {-999.0 19.621332 18.029596 16.472904 15.681711} sdss_psfmag_from_lsdr10 18.982391 17.592197 15.9878025 13.558 63050395811942131 1058739957 bright_flexible_2x1 bhm_spiders_agn_lsdr10 bhm_spiders science 0 0 0.0 0.0 -999 ""
FIBERMAP 313 R-10C2 METROLOGY 0 0 0 1 0 0 -176.3147018011772 -194.10846249975307 143.1 134.04940853642336 -225.36125186554514 233.04314 56.247097 -999.0 -999.0 -999.0 -999.0 -999.0 37.87299471287194 -24.635852630619034 37.829425909637166 -24.514302251936698 71.80404770508511 80.32819845457499 -999.0 6231.0 -999.0 -1 -999 {-999.0 -999.0 -999.0 -999.0 -999.0} "" -999.0 -999.0 -999.0 -999.0 -999 -999 "" "" "" "" 0 0 0.0 0.0 -999 ""
FIBERMAP 316 R-2C11 APOGEE 1 1 0 1 0 0 -30.292835973453478 -31.18860007880032 143.1 20.96440380572384 -38.08750016444208 49.700233 91.028145 37.49543788344883 -24.07098641943061 9.991889 1.0309659 0.3019251 37.49546501724309 -24.070987142252704 37.45349343509167 -23.948979716678345 71.93775481068839 78.24721936613372 16000.0 16600.0 2016.0 2 299 {-999.0 13.045297 12.227866 11.914989 -999.0} sdss_psfmag_from_g3xp 12.804022 12.257234 11.559767 10.088 63050395811944891 1155965027 bright_1x1 mwm_galactic_core_dist_apogee_extra mwm_galactic science 0 0 0.0 0.0 -999 ""
FIBERMAP 316 R-2C11 BOSS 0 0 0 1 0 0 -29.69802645959468 -31.651080971888817 143.1 21.58058478813735 -37.65397781523388 49.700233 91.028145 -999.0 -999.0 -999.0 -999.0 -999.0 37.49759830963596 -24.06966573995863 37.45555485867885 -23.94768652862894 71.93553746900966 78.24543814865194 -999.0 5400.0 -999.0 1 495 {-999.0 -999.0 -999.0 -999.0 -999.0} "" -999.0 -999.0 -999.0 -999.0 -999 -999 "" "" "" "" 0 0 0.0 0.0 -999 ""
FIBERMAP 316 R-2C11 METROLOGY 0 0 0 1 0 0 -30.402390534694085 -31.93088701429978 143.1 21.642157281064858 -38.40933330072271 49.700233 91.028145 -999.0 -999.0 -999.0 -999.0 -999.0 37.49779014620483 -24.071969593695574 37.45576244685219 -23.949983097386852 71.93616317850652 78.25259051072885 -999.0 6231.0 -999.0 -1 -999 {-999.0 -999.0 -999.0 -999.0 -999.0} "" -999.0 -999.0 -999.0 -999.0 -999 -999 "" "" "" "" 0 0 0.0 0.0 -999 ""
FIBERMAP 318 R-5C18 APOGEE 0 0 0 1 0 0 137.54710747831732 -91.78773274009257 143.1 127.99382629104154 104.6832430712775 114.37403 144.19789 -999.0 -999.0 -999.0 -999.0 -999.0 37.8486088842861 -23.636741385277364 37.80701748308837 -23.515416466023954 71.48029894849037 77.32671138180001 -999.0 16600.0 -999.0 2 216 {-999.0 -999.0 -999.0 -999.0 -999.0} "" -999.0 -999.0 -999.0 -999.0 -999 -999 "" "" "" "" 0 0 0.0 0.0 -999 ""
FIBERMAP 318 R-5C18 BOSS 1 1 0 1 0 0 137.66937018491683 -91.05402913236227 143.1 127.3279967619637 105.01471791448479 114.37403 144.19789 37.84652709960937 -23.635679481671744 -999.0 -999.0 -999.0 37.846529862188 -23.635675629531203 37.8048701242584 -23.51437402020874 71.48174900647436 77.3213858612744 5400.0 5400.0 2015.5 1 308 {-999.0 -999.0 -999.0 -999.0 -999.0} "" -999.0 -999.0 -999.0 -999.0 27021603163405060 814337289 "" ops_sky_boss_good ops_sky sky_boss 0 0 0.0 0.0 -999 ""
FIBERMAP 318 R-5C18 METROLOGY 0 0 0 1 0 0 138.2556498191184 -91.50465720478827 143.1 127.93034932775542 105.44355004070306 114.37403 144.19789 -999.0 -999.0 -999.0 -999.0 -999.0 37.84850725174672 -23.63436591288256 37.80686820805698 -23.513060368878175 71.47956286445829 77.31965192047363 -999.0 6231.0 -999.0 -1 -999 {-999.0 -999.0 -999.0 -999.0 -999.0} "" -999.0 -999.0 -999.0 -999.0 -999 -999 "" "" "" "" 0 0 0.0 0.0 -999 ""
FIBERMAP 342 R+6C13 APOGEE 0 0 0 1 0 0 53.33452494393569 107.62182936206794 143.1 -87.31327759150342 82.47263930902778 307.2787 124.037476 -999.0 -999.0 -999.0 -999.0 -999.0 37.135646399107486 -23.70533835020547 37.094801916674896 -23.582867622282148 72.11211630861051 76.75728278673785 -999.0 16600.0 -999.0 2 -999 {-999.0 -999.0 -999.0 -999.0 -999.0} "" -999.0 -999.0 -999.0 -999.0 -999 -999 "" "" "" "" 0 0 0.0 0.0 -999 ""
FIBERMAP 342 R+6C13 BOSS 1 1 0 1 0 0 53.10807198213421 106.90167474177639 143.1 -86.69087333613702 82.04549764501165 307.2787 124.037476 37.13764254324353 -23.706565356240173 28.252817 -0.48547897 0.8921693 37.13772702550176 -23.706564311717155 37.09680756025398 -23.58412214282649 72.11087386838383 76.76329359835171 5400.0 5400.0 2016.0 1 155 {-999.0 15.825407 15.491417 15.332466 -999.0} sdss_psfmag_ps1 15.753101 15.449157 14.970643 14.151 63050395811956887 1072826084 bright_1x1 mwm_halo_local_high_boss_single mwm_halo science 0 0 0.0 0.0 -999 ""
FIBERMAP 342 R+6C13 METROLOGY 0 0 0 1 0 0 52.60395320505485 107.46132032448838 143.1 -87.37344378163353 81.72711070536606 307.2787 124.037476 -999.0 -999.0 -999.0 -999.0 -999.0 37.13543544708102 -23.707530069033375 37.09453690474959 -23.585076768607365 72.11316044510978 76.76367032455397 -999.0 6231.0 -999.0 -1 -999 {-999.0 -999.0 -999.0 -999.0 -999.0} "" -999.0 -999.0 -999.0 -999.0 -999 -999 "" "" "" "" 0 0 0.0 0.0 -999 ""
FIBERMAP 351 R0C11 APOGEE 0 0 0 1 0 0 -81.17725735663493 13.233429385624198 143.1 -36.393603151249785 -73.75355110830662 181.2933 64.10533 -999.0 -999.0 -999.0 -999.0 -999.0 37.304808385779424 -24.179511035045888 37.26287138514721 -24.05717267061764 72.1386676502763 78.37948645478116 -999.0 16600.0 -999.0 2 251 {-999.0 -999.0 -999.0 -999.0 -999.0} "" -999.0 -999.0 -999.0 -999.0 -999 -999 "" "" "" "" 0 0 0.0 0.0 -999 ""
FIBERMAP 351 R0C11 BOSS 1 1 0 1 0 0 -80.86629657641488 13.922882624158918 143.1 -36.96193656029852 -73.25457946730717 181.2933 64.10533 37.30293840119361 -24.177952694595483 9.058304 -24.459866 0.2670232 37.30296239370968 -24.17801714809837 37.26095952122165 -24.055700250557376 72.13979495720594 78.37301047999654 5400.0 5400.0 2016.0 1 519 {-999.0 17.877636 17.532951 17.332031 -999.0} sdss_psfmag_ps1 17.779182 17.465643 16.996277 15.721 63050395811943499 944594003 bright_1x1 openfibertargets_nov2020_6c open_fiber science 0 0 0.0 0.0 -999 ""
FIBERMAP 351 R0C11 METROLOGY 0 0 0 1 0 0 -80.43960987763408 13.312786405543156 143.1 -36.25376832623249 -73.02498863722826 181.2933 64.10533 -999.0 -999.0 -999.0 -999.0 -999.0 37.30529474664422 -24.17733269655922 37.263310344322406 -24.055012873588307 72.13754312064476 78.37333428981259 -999.0 6231.0 -999.0 -1 -999 {-999.0 -999.0 -999.0 -999.0 -999.0} "" -999.0 -999.0 -999.0 -999.0 -999 -999 "" "" "" "" 0 0 0.0 0.0 -999 ""
FIBERMAP 357 R-9C9 APOGEE 0 0 0 1 0 0 -13.684810300563933 -192.79496369957354 143.1 180.3529367971779 -69.46673347169578 299.71893 73.95243 -999.0 -999.0 -999.0 -999.0 -999.0 38.02500487186254 -24.16386289019408 37.98219855033153 -24.042671448029513 71.51679427507575 79.05960256888875 -999.0 16600.0 -999.0 2 166 {-999.0 -999.0 -999.0 -999.0 -999.0} "" -999.0 -999.0 -999.0 -999.0 -999 -999 "" "" "" "" 0 0 0.0 0.0 -999 ""
FIBERMAP 357 R-9C9 BOSS 1 1 0 1 0 0 -14.393840127749868 -192.98199057533265 143.1 180.32442728858888 -70.19941809294502 299.71893 73.95243 38.02505493164062 -24.16609038676455 -999.0 -999.0 -999.0 38.02505470659953 -24.166078917923485 37.98217030870347 -24.04491134946871 71.51758163682379 79.06621764831107 5400.0 5400.0 2015.5 1 399 {-999.0 -999.0 -999.0 -999.0 -999.0} "" -999.0 -999.0 -999.0 -999.0 27021603163403290 814337046 "" ops_sky_boss_good ops_sky sky_boss 0 0 0.0 0.0 -999 ""
FIBERMAP 357 R-9C9 METROLOGY 0 0 0 1 0 0 -14.207376028318986 -192.26514354903415 143.1 179.6934914769777 -69.81148196159322 299.71893 73.95243 -999.0 -999.0 -999.0 -999.0 -999.0 38.02296742543132 -24.164934533283244 37.98010872286977 -24.043757028665553 71.51895847117653 79.0607708104368 -999.0 6231.0 -999.0 -1 -999 {-999.0 -999.0 -999.0 -999.0 -999.0} "" -999.0 -999.0 -999.0 -999.0 -999 -999 "" "" "" "" 0 0 0.0 0.0 -999 ""
FIBERMAP 374 R+10C5 APOGEE 0 0 0 1 0 0 -102.21781098108237 189.9400955939733 143.1 -211.51763824401064 -42.196865549204446 199.23083 116.26809 -999.0 -999.0 -999.0 -999.0 -999.0 36.72395771876197 -24.082767312409853 36.68292790817452 -23.959549303919257 72.60025906029334 77.4625155192731 -999.0 16600.0 -999.0 2 -999 {-999.0 -999.0 -999.0 -999.0 -999.0} "" -999.0 -999.0 -999.0 -999.0 -999 -999 "" "" "" "" 0 0 0.0 0.0 -999 ""
FIBERMAP 374 R+10C5 BOSS 1 1 0 1 0 0 -102.7655597003087 190.4758636038099 143.1 -212.19013556270303 -42.563955194458934 199.23083 116.26809 36.72171592164233 -24.083856145747202 8.166396 0.097312436 0.32537192 36.72175476019492 -24.083855032314617 36.68065702055827 -23.960657287561567 72.60259304544883 77.46349969170274 5400.0 5400.0 2016.0 1 152 {-999.0 17.64082 17.154753 17.187147 -999.0} sdss_psfmag_ps1 17.563171 17.245106 16.768715 15.934 63050395811955236 979810547 "" ops_std_boss ops_std standard_boss 0 0 0.0 0.0 -999 ""
FIBERMAP 374 R+10C5 METROLOGY 0 0 0 1 0 0 -102.03857681501343 190.66630033818095 143.1 -212.15963644166663 -41.81310627111592 199.23083 116.26809 -999.0 -999.0 -999.0 -999.0 -999.0 36.721806221680474 -24.08159454078269 36.6807320476687 -23.95839071870335 72.60171989009766 77.4565006161368 -999.0 6231.0 -999.0 -1 -999 {-999.0 -999.0 -999.0 -999.0 -999.0} "" -999.0 -999.0 -999.0 -999.0 -999 -999 "" "" "" "" 0 0 0.0 0.0 -999 ""
FIBERMAP 391 R+1C10 APOGEE 0 0 0 1 0 0 -97.63550050914313 28.050496324101573 143.1 -55.3750720132266 -85.15819055344217 216.30612 40.494858 -999.0 -999.0 -999.0 -999.0 -999.0 37.24168813311916 -24.214120149043907 37.19976546168783 -24.09167291479606 72.2046627742276 78.42009776996485 -999.0 16600.0 -999.0 2 -999 {-999.0 -999.0 -999.0 -999.0 -999.0} "" -999.0 -999.0 -999.0 -999.0 -999 -999 "" "" "" "" 0 0 0.0 0.0 -999 ""
FIBERMAP 391 R+1C10 BOSS 1 1 0 1 0 0 -97.47294104385301 28.785608479537064 143.1 -56.030464033562076 -84.78777111767732 216.30612 40.494858 37.23954127083093 -24.2130238656738 0.060968947 -0.22299738 0.10135248 37.23954304093063 -24.21301961249418 37.19755437099326 -24.09059310115134 72.20618387662213 78.41449994021934 5400.0 5400.0 2016.0 1 30 {-999.0 19.651531 19.565979 19.410505 -999.0} sdss_psfmag_ps1 19.368906 19.324589 18.937157 -999.0 63050395811943491 1117293051 bright_1x1 openfibertargets_bhm_quaia_boss open_fiber science 0 0 0.0 0.0 -999 ""
FIBERMAP 391 R+1C10 METROLOGY 0 0 0 1 0 0 -96.9243080671487 28.28223653909695 143.1 -55.388685980244084 -84.41036201078374 216.30612 40.494858 -999.0 -999.0 -999.0 -999.0 -999.0 37.241651581223614 -24.211889988239015 37.199682423164404 -24.089460367831546 72.20396941512936 78.41321850325755 -999.0 6231.0 -999.0 -1 -999 {-999.0 -999.0 -999.0 -999.0 -999.0} "" -999.0 -999.0 -999.0 -999.0 -999 -999 "" "" "" "" 0 0 0.0 0.0 -999 ""
FIBERMAP 398 R-5C4 APOGEE 0 0 0 1 1 0 -158.50664792151468 -96.37977461991571 143.1 45.806807701173454 -179.75298436863136 331.47174 145.90944 -999.0 -999.0 -999.0 -999.0 -999.0 37.579127761819635 -24.49999242193424 37.53624209377358 -24.3779970807897 72.01231888958662 79.634250981979 -999.0 16600.0 -999.0 2 -999 {-999.0 -999.0 -999.0 -999.0 -999.0} "" -999.0 -999.0 -999.0 -999.0 -999 -999 "" "" "" "" 0 0 0.0 0.0 -999 ""
FIBERMAP 398 R-5C4 BOSS 1 0 0 1 1 0 -158.17723467788673 -97.04706863425216 143.1 46.541223094223035 -179.63313556470345 331.47174 145.90944 37.56914076737944 -24.463714241511205 12.422571 -7.4670568 0.22694561 37.58166204132588 -24.499657874086548 37.53870160298652 -24.377689530683362 72.01010207600115 79.63569524058096 5400.0 5400.0 2016.0 1 492 {-999.0 17.841831 17.479696 17.397224 -999.0} sdss_psfmag_ps1 17.769598 17.518589 17.018879 15.337 63050395811942471 975986767 "" ops_std_boss ops_std standard_boss 0 0 0.0 0.0 -999 ""
FIBERMAP 398 R-5C4 METROLOGY 0 0 0 1 1 0 -158.91115838209274 -97.00895623445878 143.1 46.29015032187126 -180.3237844915549 331.47174 145.90944 -999.0 -999.0 -999.0 -999.0 -999.0 37.58081626694635 -24.501776533913002 37.53787334583723 -24.37979976518703 72.0115082077764 79.64134544779245 -999.0 6231.0 -999.0 -1 -999 {-999.0 -999.0 -999.0 -999.0 -999.0} "" -999.0 -999.0 -999.0 -999.0 -999 -999 "" "" "" "" 0 0 0.0 0.0 -999 ""
FIBERMAP 400 R-2C24 APOGEE 0 0 0 1 0 0 255.18864921129276 -45.15685778005707 143.1 117.80744537588743 230.81150361396337 305.13818 135.61778 -999.0 -999.0 -999.0 -999.0 -999.0 37.81214057632833 -23.25605277054371 37.77130664478767 -23.134777138343864 71.36791044714391 76.18045673246337 -999.0 16600.0 -999.0 2 -999 {-999.0 -999.0 -999.0 -999.0 -999.0} "" -999.0 -999.0 -999.0 -999.0 -999 -999 "" "" "" "" 0 0 0.0 0.0 -999 ""
FIBERMAP 400 R-2C24 BOSS 1 1 0 1 0 0 254.9955915804821 -45.95656871236189 143.1 118.51568932379361 230.3930298568961 305.13818 135.61778 37.814606617795874 -23.2571855352471 -13.244547 -30.871752 2.8080218 37.814555722487725 -23.257273695833852 37.773643987309356 -23.136029308855505 71.36640610943678 76.18665725982322 5400.0 5400.0 2016.0 1 335 {-999.0 15.51878 14.531302 14.178919 -999.0} sdss_psfmag_from_g3xp 15.18634 14.571089 13.821729 12.312 63050395811957381 1095754230 bright_1x1 mwm_bin_vis_boss mwm_filler science 0 0 0.0 0.0 -999 ""
FIBERMAP 400 R-2C24 METROLOGY 0 0 0 1 0 0 254.489405500017 -45.42248241942135 143.1 117.8569546893711 230.06519154974964 305.13818 135.61778 -999.0 -999.0 -999.0 -999.0 -999.0 37.81240113236456 -23.258227136046585 37.77151079805668 -23.136971182208658 71.36857897645594 76.18702396101509 -999.0 6231.0 -999.0 -1 -999 {-999.0 -999.0 -999.0 -999.0 -999.0} "" -999.0 -999.0 -999.0 -999.0 -999 -999 "" "" "" "" 0 0 0.0 0.0 -999 ""
FIBERMAP 401 R+11C3 APOGEE 0 0 0 1 0 0 -124.32063163816844 197.77323483157502 143.1 -225.4716183493421 -61.04135983631836 284.17548 96.46275 -999.0 -999.0 -999.0 -999.0 -999.0 36.67778972642201 -24.1396155249706 36.63671310029696 -24.01631009401595 72.6599151643735 77.58987876028044 -999.0 16600.0 -999.0 2 5 {-999.0 -999.0 -999.0 -999.0 -999.0} "" -999.0 -999.0 -999.0 -999.0 -999 -999 "" "" "" "" 0 0 0.0 0.0 -999 ""
FIBERMAP 401 R+11C3 BOSS 1 1 0 1 0 0 -125.01342807634573 197.54767175030693 143.1 -225.45853136608451 -61.76979125951132 284.17548 96.46275 36.6778564453125 -24.141817226710316 -999.0 -999.0 -999.0 36.67786167940481 -24.141804877223976 36.63671239154263 -24.01852268336483 72.66070037230503 77.59681944186252 5400.0 5400.0 2015.5 1 5 {-999.0 -999.0 -999.0 -999.0 -999.0} "" -999.0 -999.0 -999.0 -999.0 27021603163415900 822007095 "" ops_sky_boss_good ops_sky sky_boss 0 0 0.0 0.0 -999 ""
FIBERMAP 401 R+11C3 METROLOGY 0 0 0 1 0 0 -124.87687913760077 198.2579375811102 143.1 -226.0977712909149 -61.43150974570874 284.17548 96.46275 -999.0 -999.0 -999.0 -999.0 -999.0 36.675696277010125 -24.14078758541323 36.634571012581034 -24.017495599280423 72.6621650556088 77.59126971634413 -999.0 6231.0 -999.0 -1 -999 {-999.0 -999.0 -999.0 -999.0 -999.0} "" -999.0 -999.0 -999.0 -999.0 -999 -999 "" "" "" "" 0 0 0.0 0.0 -999 ""
FIBERMAP 403 R-11C5 APOGEE 0 0 0 1 0 0 -64.0890389816065 -205.8366141420331 143.1 178.08343426535535 -121.4783059948776 50.7242 91.88824 -999.0 -999.0 -999.0 -999.0 -999.0 38.018173623909895 -24.321333462956684 37.97507557737322 -24.20008689812814 71.57598401155948 79.52087276386362 -999.0 16600.0 -999.0 2 188 {-999.0 -999.0 -999.0 -999.0 -999.0} "" -999.0 -999.0 -999.0 -999.0 -999 -999 "" "" "" "" 0 0 0.0 0.0 -999 ""
FIBERMAP 403 R-11C5 BOSS 1 1 0 1 0 0 -63.46575133606696 -206.2785691901936 143.1 178.68831612020787 -121.01154962574569 50.7242 91.88824 38.02020297823259 -24.319756558350942 22.95787 -51.133774 4.752953 38.02028771958482 -24.31990845579775 37.977115907088375 -24.198689503701306 71.57376346856414 79.51866856375352 5400.0 5400.0 2016.0 1 385 {-999.0 17.051714 15.802371 14.727303 -999.0} sdss_psfmag_ps1 16.558039 15.4013605 14.328765 12.309 63050395811943812 940018472 bright_1x1 openfibertargets_nov2020_34a open_fiber science 0 0 0.0 0.0 -999 ""
FIBERMAP 403 R-11C5 METROLOGY 0 0 0 1 0 0 -64.17062181150337 -206.57426147382247 143.1 178.76493130620827 -121.7720351190544 50.7242 91.88824 -999.0 -999.0 -999.0 -999.0 -999.0 38.02055847427098 -24.32223092811012 37.97740281330448 -24.201004998383695 71.57428896944005 79.525850969531 -999.0 6231.0 -999.0 -1 -999 {-999.0 -999.0 -999.0 -999.0 -999.0} "" -999.0 -999.0 -999.0 -999.0 -999 -999 "" "" "" "" 0 0 0.0 0.0 -999 ""
FIBERMAP 405 R+10C6 APOGEE 0 0 0 1 0 0 -60.5789267901519 209.30629655527636 143.1 -217.85915417087352 3.282638472052832 92.091965 89.86621 -999.0 -999.0 -999.0 -999.0 -999.0 36.703472839697135 -23.944948221879237 36.66272222249569 -23.821737091921264 72.56782480714784 77.0107727051032 -999.0 16600.0 -999.0 2 -999 {-999.0 -999.0 -999.0 -999.0 -999.0} "" -999.0 -999.0 -999.0 -999.0 -999 -999 "" "" "" "" 0 0 0.0 0.0 -999 ""
FIBERMAP 405 R+10C6 BOSS 1 1 0 1 0 0 -59.84221818792539 209.3207604074351 143.1 -217.6575415893179 3.9913257938019764 92.091965 89.86621 36.70413209882196 -23.94276694268655 10.677048 -1.9739696 0.3830596 36.704164562943404 -23.942778147645114 36.66334850819658 -23.819593204850438 72.5665110238128 77.00480306661177 5400.0 5400.0 2016.0 1 124 {-999.0 16.434517 16.042257 15.92971 -999.0} sdss_psfmag_ps1 16.337755 16.04162 15.571301 14.798 63050395811955295 979810549 "" ops_std_boss ops_std standard_boss 0 0 0.0 0.0 -999 ""
FIBERMAP 405 R+10C6 METROLOGY 0 0 0 1 0 0 -60.1890698235711 208.6679316420766 143.1 -217.13472526454728 3.468744971110494 92.091965 89.86621 -999.0 -999.0 -999.0 -999.0 -999.0 36.705825698057666 -23.944372567168394 36.66502406734236 -23.821182801814512 72.56566171107794 77.01160665785017 -999.0 6231.0 -999.0 -1 -999 {-999.0 -999.0 -999.0 -999.0 -999.0} "" -999.0 -999.0 -999.0 -999.0 -999 -999 "" "" "" "" 0 0 0.0 0.0 -999 ""
FIBERMAP 406 R-1C24 APOGEE 0 0 0 1 0 0 244.99293673955378 -16.74203617068778 143.1 87.65491047007278 229.37176907642825 347.67957 142.0596 -999.0 -999.0 -999.0 -999.0 -999.0 37.712985231012226 -23.26050074191289 37.67226259174424 -23.139066113262277 71.45364596788153 76.08311094284375 -999.0 16600.0 -999.0 2 204 {-999.0 -999.0 -999.0 -999.0 -999.0} "" -999.0 -999.0 -999.0 -999.0 -999 -999 "" "" "" "" 0 0 0.0 0.0 -999 ""
FIBERMAP 406 R-1C24 BOSS 1 1 0 1 0 0 245.4888419104401 -17.2939684754214 143.1 88.32770331483495 229.6845576520729 347.67957 142.0596 37.71527188730999 -23.25945435766377 -0.5581248 -18.481754 2.67644 37.71527396692935 -23.259509157666802 37.674478186015904 -23.138106122141334 71.4513960932789 76.08278872840327 5400.0 5400.0 2016.0 1 287 {-999.0 16.00395 14.860936 14.40503 -999.0} sdss_psfmag_from_g3xp 15.574177 14.870497 14.030616 12.357 63050395811957372 1079297291 bright_flexible_2x1 mwm_snc_ext_filler_boss mwm_snc science 0 0 0.0 0.0 -999 ""
FIBERMAP 406 R-1C24 METROLOGY 0 0 0 1 0 0 244.75375393081393 -17.447584567097895 143.1 88.25962520261074 228.93672629116963 347.67957 142.0596 -999.0 -999.0 -999.0 -999.0 -999.0 37.71506105219216 -23.261726598630442 37.674281866136255 -23.14031474921426 71.45241216708894 76.08897959705479 -999.0 6231.0 -999.0 -1 -999 {-999.0 -999.0 -999.0 -999.0 -999.0} "" -999.0 -999.0 -999.0 -999.0 -999 -999 "" "" "" "" 0 0 0.0 0.0 -999 ""
FIBERMAP 407 R-6C15 APOGEE 1 1 0 1 0 0 88.38660415670608 -96.3229247989616 143.1 117.95397027086497 56.34857979615943 147.05272 52.976006 37.816314697265625 -23.78336426993154 -999.0 -999.0 -999.0 37.81632488939435 -23.78334846474758 37.7744972078458 -23.661930829516844 71.56128866047817 77.72322779783605 16000.0 16600.0 2015.5 2 200 {-999.0 -999.0 -999.0 -999.0 -999.0} "" -999.0 -999.0 -999.0 -999.0 27021603163404988 848355773 "" ops_sky_apogee_best ops_sky sky_apogee 0 0 0.0 0.0 -999 ""
FIBERMAP 407 R-6C15 BOSS 0 0 0 1 0 0 89.08143255792054 -96.07383954938305 143.1 117.91898508343351 57.08583305730519 147.05272 52.976006 -999.0 -999.0 -999.0 -999.0 -999.0 37.816332139247734 -23.781058565786136 37.77443594009554 -23.659667339983073 71.56052583510152 77.71648787201832 -999.0 5400.0 -999.0 1 282 {-999.0 -999.0 -999.0 -999.0 -999.0} "" -999.0 -999.0 -999.0 -999.0 -999 -999 "" "" "" "" 0 0 0.0 0.0 -999 ""
FIBERMAP 407 R-6C15 METROLOGY 0 0 0 1 0 0 88.9590246318343 -96.80496298615506 143.1 118.58230492637674 56.75497389775692 147.05272 52.976006 -999.0 -999.0 -999.0 -999.0 -999.0 37.818527096151314 -23.78205611562235 37.77664695120609 -23.660660804742452 71.5589943917839 77.72172370781271 -999.0 6231.0 -999.0 -1 -999 {-999.0 -999.0 -999.0 -999.0 -999.0} "" -999.0 -999.0 -999.0 -999.0 -999 -999 "" "" "" "" 0 0 0.0 0.0 -999 ""
FIBERMAP 408 R+13C11 APOGEE 0 0 0 1 0 0 59.51797308989745 242.4599593681407 143.1 -214.44027297949202 127.81748902859043 271.42493 36.25831 -999.0 -999.0 -999.0 -999.0 -999.0 36.71677967926279 -23.56813241177962 36.67670296347205 -23.44504767488362 72.41552192079246 75.86475425472054 -999.0 16600.0 -999.0 2 96 {-999.0 -999.0 -999.0 -999.0 -999.0} "" -999.0 -999.0 -999.0 -999.0 -999 -999 "" "" "" "" 0 0 0.0 0.0 -999 ""
FIBERMAP 408 R+13C11 BOSS 1 1 0 1 0 0 59.09898856173781 243.0626109944853 143.1 -215.13907010054868 127.59308609070943 271.42493 36.25831 36.71447968180595 -23.568716947727633 3.77947 -22.463173 2.914379 36.714532378861996 -23.56877511826677 36.674388790251385 -23.445712650075546 72.41773812350162 75.86410682566657 5400.0 5400.0 2016.0 1 170 {-999.0 16.12835 14.956176 14.514453 -999.0} sdss_psfmag_from_g3xp 15.691173 14.975454 14.155345 12.501 63050395811956262 1078985702 bright_flexible_2x1 mwm_snc_ext_filler_boss mwm_snc science 0 0 0.0 0.0 -999 ""
FIBERMAP 408 R+13C11 METROLOGY 0 0 0 1 0 0 59.83471149148137 243.13448983508871 143.1 -214.99264728616743 128.31762134343978 271.42493 36.25831 -999.0 -999.0 -999.0 -999.0 -999.0 36.714968544868086 -23.566571704931818 36.67484784587583 -23.44350318929371 72.41650555999706 75.85787859095018 -999.0 6231.0 -999.0 -1 -999 {-999.0 -999.0 -999.0 -999.0 -999.0} "" -999.0 -999.0 -999.0 -999.0 -999 -999 "" "" "" "" 0 0 0.0 0.0 -999 ""
FIBERMAP 418 R-5C2 APOGEE 0 0 0 1 0 0 -217.27356680666935 -118.45414395237047 143.1 49.72900907597582 -242.40268187566497 330.5444 24.699024 -999.0 -999.0 -999.0 -999.0 -999.0 37.59253615469822 -24.688701168682364 37.54927529971275 -24.566674279438143 72.06226005809872 80.22548343097719 -999.0 16600.0 -999.0 2 -999 {-999.0 -999.0 -999.0 -999.0 -999.0} "" -999.0 -999.0 -999.0 -999.0 -999 -999 "" "" "" "" 0 0 0.0 0.0 -999 ""
FIBERMAP 418 R-5C2 BOSS 1 1 0 1 0 0 -217.9974293779725 -118.39123730231488 143.1 49.45716975819625 -243.07645928189194 330.5444 24.699024 37.591680008503154 -24.69067109888163 9.479749 -22.04756 0.5609525 37.59171101873881 -24.690726599984195 37.548375039060886 -24.568720013632962 72.063689544055 80.23092839013123 5400.0 5400.0 2016.0 1 454 {-999.0 17.26085 16.909409 16.6877 -999.0} sdss_psfmag_ps1 17.181452 16.864744 16.362902 15.396 63050395811942072 944594055 bright_1x1 openfibertargets_nov2020_6c open_fiber science 0 0 0.0 0.0 -999 ""
FIBERMAP 418 R-5C2 METROLOGY 0 0 0 1 0 0 -217.59977147136095 -117.78102529007568 143.1 48.98996233978394 -242.51775920200126 330.5444 24.699024 -999.0 -999.0 -999.0 -999.0 -999.0 37.59014159369149 -24.689102553145997 37.546831199692974 -24.56708765543665 72.06449845494332 80.22444877908981 -999.0 6231.0 -999.0 -1 -999 {-999.0 -999.0 -999.0 -999.0 -999.0} "" -999.0 -999.0 -999.0 -999.0 -999 -999 "" "" "" "" 0 0 0.0 0.0 -999 ""
FIBERMAP 420 R+1C6 APOGEE 0 0 0 1 0 0 -175.91235013380518 28.883298201485985 143.1 -79.0627173475297 -159.7647484418974 122.55228 122.928734 -999.0 -999.0 -999.0 -999.0 -999.0 37.16313846661111 -24.439985750546708 37.120891912701154 -24.317352102225374 72.34912829450835 79.03673559525822 -999.0 16600.0 -999.0 2 -999 {-999.0 -999.0 -999.0 -999.0 -999.0} "" -999.0 -999.0 -999.0 -999.0 -999 -999 "" "" "" "" 0 0 0.0 0.0 -999 ""
FIBERMAP 420 R+1C6 BOSS 1 1 0 1 0 0 -175.61185339973767 29.577807649792927 143.1 -79.63894572752255 -159.27430412041872 122.55228 122.928734 37.1612548828125 -24.438522789015664 -999.0 -999.0 -999.0 37.16125852410378 -24.438533732112283 37.11894653398929 -24.315920428465542 72.35031832319156 79.03032651183258 5400.0 5400.0 2015.5 1 20 {-999.0 -999.0 -999.0 -999.0 -999.0} "" -999.0 -999.0 -999.0 -999.0 27021603163402246 822006135 "" ops_sky_boss_good ops_sky sky_boss 0 0 0.0 0.0 -999 ""
FIBERMAP 420 R+1C6 METROLOGY 0 0 0 1 0 0 -175.17037686852672 28.978028821710428 143.1 -78.93631807452513 -159.02755369619146 122.55228 122.928734 -999.0 -999.0 -999.0 -999.0 -999.0 37.16356454475 -24.437818424563456 37.12127096024693 -24.31520245156175 72.3480819805845 79.03043884784472 -999.0 6231.0 -999.0 -1 -999 {-999.0 -999.0 -999.0 -999.0 -999.0} "" -999.0 -999.0 -999.0 -999.0 -999 -999 "" "" "" "" 0 0 0.0 0.0 -999 ""
FIBERMAP 426 R+3C15 APOGEE 0 0 0 1 0 0 68.93575631600191 58.94172519338353 143.1 -36.20182763298839 83.15486963439058 1.090724 119.291275 -999.0 -999.0 -999.0 -999.0 -999.0 37.305008941118565 -23.703132443529146 37.26396004472741 -23.580928136763234 71.96735352746975 76.93732985593539 -999.0 16600.0 -999.0 2 -999 {-999.0 -999.0 -999.0 -999.0 -999.0} "" -999.0 -999.0 -999.0 -999.0 -999 -999 "" "" "" "" 0 0 0.0 0.0 -999 ""
FIBERMAP 426 R+3C15 BOSS 1 1 0 1 0 0 69.3257276224033 58.304060426711615 143.1 -35.47803478511945 83.34129021880705 1.090724 119.291275 37.30745263357914 -23.702485333099663 -0.536305 -0.49603862 0.22554688 37.307456585177135 -23.702490383220802 37.266335061548716 -23.58031586353412 71.9651044856555 76.9380853737614 5400.0 5400.0 2016.0 1 205 {-999.0 19.88197 19.791142 19.58638 -999.0} sdss_psfmag_ps1 20.003859 19.709375 19.28135 -999.0 63050395811956694 1117293266 bright_1x1 openfibertargets_bhm_quaia_boss open_fiber science 0 0 0.0 0.0 -999 ""
FIBERMAP 426 R+3C15 METROLOGY 0 0 0 1 0 0 68.57734887797321 58.285187056515774 143.1 -35.678843704579585 82.62015412130097 1.090724 119.291275 -999.0 -999.0 -999.0 -999.0 -999.0 37.306768263846855 -23.70467867883316 37.26566358973582 -23.582495155658716 71.9664803306145 76.94389519800745 -999.0 6231.0 -999.0 -1 -999 {-999.0 -999.0 -999.0 -999.0 -999.0} "" -999.0 -999.0 -999.0 -999.0 -999 -999 "" "" "" "" 0 0 0.0 0.0 -999 ""
FIBERMAP 427 R+3C22 APOGEE 1 1 0 1 0 0 196.784614491586 53.183838781986815 143.1 6.692145902285919 203.72301582580866 224.36075 87.22622 37.446456861262575 -23.338001641301425 -8.718476 -48.22805 4.1744676 37.44644655613687 -23.338135302131004 37.405902080110195 -23.21625664393679 71.70936826302643 76.01079896613663 16000.0 16600.0 2016.0 2 115 {-999.0 10.985226 10.66879 10.566094 -999.0} sdss_psfmag_from_g3xp 10.947961 10.675204 10.241437 9.526 63050395811957440 975170740 "" ops_std_apogee ops_std standard_apogee 0 0 0.0 0.0 -999 ""
FIBERMAP 427 R+3C22 BOSS 0 0 0 1 0 0 196.32553626974146 53.76671916642559 143.1 6.000529482406498 203.4544924799132 224.36075 87.22622 -999.0 -999.0 -999.0 -999.0 -999.0 37.44423888829781 -23.33886770247827 37.40362452898148 -23.217012570028636 71.71159117860493 76.01046158266502 -999.0 5400.0 -999.0 1 200 {-999.0 -999.0 -999.0 -999.0 -999.0} "" -999.0 -999.0 -999.0 -999.0 -999 -999 "" "" "" "" 0 0 0.0 0.0 -999 ""
FIBERMAP 427 R+3C22 METROLOGY 0 0 0 1 0 0 197.05350572360106 53.88130057591651 143.1 6.10385170147621 204.1841016325834 224.36075 87.22622 -999.0 -999.0 -999.0 -999.0 -999.0 37.44455579552095 -23.336646169997003 37.40396534620527 -23.214784457519656 71.71044620549553 76.00428933519038 -999.0 6231.0 -999.0 -1 -999 {-999.0 -999.0 -999.0 -999.0 -999.0} "" -999.0 -999.0 -999.0 -999.0 -999 -999 "" "" "" "" 0 0 0.0 0.0 -999 ""
FIBERMAP 429 R-3C5 APOGEE 0 0 0 1 0 0 -166.24237111679534 -45.00107137262212 143.1 -5.58491287437344 -172.1248580277487 84.79193 115.5445 -999.0 -999.0 -999.0 -999.0 -999.0 37.40788907405742 -24.477360784168877 37.365262674590724 -24.355101295928517 72.15178509260767 79.3969197921748 -999.0 16600.0 -999.0 2 289 {-999.0 -999.0 -999.0 -999.0 -999.0} "" -999.0 -999.0 -999.0 -999.0 -999 -999 "" "" "" "" 0 0 0.0 0.0 -999 ""
FIBERMAP 429 R-3C5 BOSS 1 1 0 1 0 0 -165.55689844958655 -44.74284330199721 143.1 -5.631376628251076 -171.39387720324828 84.79193 115.5445 37.407776738313274 -24.475177836897128 8.185155 -5.2450166 0.24896729 37.40779950869179 -24.475193561236388 37.365105798438435 -24.35295742326987 72.15120952174539 79.39016580675366 5400.0 5400.0 2016.0 1 474 {-999.0 17.037594 16.617619 16.48454 -999.0} sdss_psfmag_ps1 16.939312 16.62043 16.14818 15.12 63050395811943093 980984247 "" ops_std_boss_tic ops_std standard_boss 0 0 0.0 0.0 -999 ""
FIBERMAP 429 R-3C5 METROLOGY 0 0 0 1 0 0 -165.6524665061643 -45.47105596572689 143.1 -4.962991074573663 -171.69822024237214 84.79193 115.5445 -999.0 -999.0 -999.0 -999.0 -999.0 37.410007298019934 -24.476138016698776 37.36732927396463 -24.353898607475912 72.14961025080592 79.3952528374939 -999.0 6231.0 -999.0 -1 -999 {-999.0 -999.0 -999.0 -999.0 -999.0} "" -999.0 -999.0 -999.0 -999.0 -999 -999 "" "" "" "" 0 0 0.0 0.0 -999 ""
FIBERMAP 434 R+1C15 APOGEE 0 0 0 1 0 0 45.68868046392397 18.167937588630167 143.1 -4.011385832934373 49.00159082377074 345.35938 125.01858 -999.0 -999.0 -999.0 -999.0 -999.0 37.41191943281157 -23.80664500909643 37.37054611827534 -23.68457995938155 71.91441117416778 77.3637721796685 -999.0 16600.0 -999.0 2 -999 {-999.0 -999.0 -999.0 -999.0 -999.0} "" -999.0 -999.0 -999.0 -999.0 -999 -999 "" "" "" "" 0 0 0.0 0.0 -999 ""
FIBERMAP 434 R+1C15 BOSS 1 1 0 1 0 0 45.95944121964055 17.407781058365295 143.1 -3.205325539650537 49.03819804860278 345.35938 125.01858 37.414666726493124 -23.80646547889012 0.3216115 -0.23288764 -0.47987872 37.41466393411153 -23.806473291959815 37.37321628765778 -23.684438041850886 71.91208118350013 77.36620531073584 5400.0 5400.0 2016.0 1 197 {-999.0 20.623045 20.09973 20.13439 -999.0} sdss_psfmag_ps1 20.690657 20.154928 19.705414 -999.0 63050395811956613 1117293264 bright_1x1 openfibertargets_bhm_quaia_boss open_fiber science 0 0 0.0 0.0 -999 ""
FIBERMAP 434 R+1C15 METROLOGY 0 0 0 1 0 0 45.2265025441212 17.5798136329517 143.1 -3.5841677648239796 48.38765467758565 345.35938 125.01858 -999.0 -999.0 -999.0 -999.0 -999.0 37.41338904928407 -23.808453870151407 37.371959479939505 -23.686408842248216 71.91386893505391 77.3707749103678 -999.0 6231.0 -999.0 -1 -999 {-999.0 -999.0 -999.0 -999.0 -999.0} "" -999.0 -999.0 -999.0 -999.0 -999 -999 "" "" "" "" 0 0 0.0 0.0 -999 ""
FIBERMAP 435 R-5C3 APOGEE 0 0 0 1 0 0 -207.8355696428615 -94.88921873102773 143.1 29.955742222632534 -226.48652192618178 203.51706 82.437645 -999.0 -999.0 -999.0 -999.0 -999.0 37.52659899913113 -24.641058330264386 37.48351247352957 -24.51894044485218 72.10359419855234 80.01611673990482 -999.0 16600.0 -999.0 2 243 {-999.0 -999.0 -999.0 -999.0 -999.0} "" -999.0 -999.0 -999.0 -999.0 -999 -999 "" "" "" "" 0 0 0.0 0.0 -999 ""
FIBERMAP 435 R-5C3 BOSS 1 1 0 1 0 0 -208.04548748548953 -94.17698340573067 143.1 29.21329819122641 -226.47896386371534 203.51706 82.437645 37.524149156790436 -24.641013026097053 17.399727 -18.264687 0.57526493 37.52420332948635 -24.64105761334895 37.48104781220218 -24.51895826562883 72.10572260615186 80.01381879321826 5400.0 5400.0 2016.0 1 500 {-999.0 16.571352 16.154076 15.994209 -999.0} sdss_psfmag_ps1 16.465197 16.142424 15.653248 14.732 63050395811942273 1072942877 bright_1x1 mwm_halo_local_high_boss_single mwm_halo science 0 0 0.0 0.0 -999 ""
FIBERMAP 435 R-5C3 METROLOGY 0 0 0 1 0 0 -207.31824605020768 -94.3502657220872 143.1 29.591669345541185 -225.83423379809145 203.51706 82.437645 -999.0 -999.0 -999.0 -999.0 -999.0 37.5254451880668 -24.639156091354078 37.482312111131876 -24.51705291732209 72.10401934996023 80.0091564016335 -999.0 6231.0 -999.0 -1 -999 {-999.0 -999.0 -999.0 -999.0 -999.0} "" -999.0 -999.0 -999.0 -999.0 -999 -999 "" "" "" "" 0 0 0.0 0.0 -999 ""
FIBERMAP 438 R+12C2 APOGEE 1 1 0 1 0 0 -137.20001388668146 214.52648434779096 143.1 -245.25790603008738 -68.45759343366684 300.2072 71.33591 36.61255699636614 -24.161659667055574 -3.5022738 -22.040762 8.115456 36.61253661670394 -24.161715752099937 36.57150131949351 -24.03830321637174 72.72340488007664 77.58804031936279 16000.0 16600.0 2016.0 2 6 {-999.0 10.449083 10.05184 9.924612 -999.0} sdss_psfmag_from_g3xp 10.380814 10.071354 9.59547 8.787 63050395811954886 1103560257 bright_1x1 mwm_tess_2min_apogee mwm_planet science 0 0 0.0 0.0 -999 ""
FIBERMAP 438 R+12C2 BOSS 0 0 0 1 0 0 -137.90676190285654 214.34544965045149 143.1 -245.2914781024946 -69.1863437812288 300.2072 71.33591 -999.0 -999.0 -999.0 -999.0 -999.0 36.61247637663245 -24.163898436182937 36.57136884562959 -24.040508815670012 72.72429925293895 77.5948413526931 -999.0 5400.0 -999.0 1 6 {-999.0 -999.0 -999.0 -999.0 -999.0} "" -999.0 -999.0 -999.0 -999.0 -999 -999 "" "" "" "" 0 0 0.0 0.0 -999 ""
FIBERMAP 438 R+12C2 METROLOGY 0 0 0 1 0 0 -137.7063462634947 215.076874983147 143.1 -245.93227403023042 -68.78080358678059 300.2072 71.33591 -999.0 -999.0 -999.0 -999.0 -999.0 36.610302079447486 -24.16267911140177 36.569218886735314 -24.03927978132278 72.72570012768418 77.58862900834549 -999.0 6231.0 -999.0 -1 -999 {-999.0 -999.0 -999.0 -999.0 -999.0} "" -999.0 -999.0 -999.0 -999.0 -999 -999 "" "" "" "" 0 0 0.0 0.0 -999 ""
FIBERMAP 439 R-6C3 APOGEE 0 0 0 1 0 0 -190.51354787734786 -104.81159340128399 143.1 44.50939872300355 -212.82451272275884 154.83481 94.028175 -999.0 -999.0 -999.0 -999.0 -999.0 37.57499912285639 -24.599760749018877 37.53192949735984 -24.477730963962678 72.04858163077839 79.93566887773238 -999.0 16600.0 -999.0 2 244 {-999.0 -999.0 -999.0 -999.0 -999.0} "" -999.0 -999.0 -999.0 -999.0 -999 -999 "" "" "" "" 0 0 0.0 0.0 -999 ""
FIBERMAP 439 R-6C3 BOSS 1 1 0 1 0 0 -190.20334695667879 -104.12642592516721 143.1 43.94494124387011 -212.32752100615278 154.83481 94.028175 37.57318437893504 -24.598278608650453 7.5568075 -10.582621 0.14025958 37.57319908143197 -24.59829230185042 37.5300623152462 -24.4762825930415 72.04971997955982 79.92943629478822 5400.0 5400.0 2016.0 1 501 {-999.0 14.999614 14.420381 14.16875 -999.0} sdss_psfmag_from_g3xp 14.856047 14.428838 13.824704 12.59 63050395811942281 1061886526 bright_1x1 manual_mwm_halo_mp_wise_boss_single mwm_halo science 0 0 0.0 0.0 -999 ""
FIBERMAP 439 R-6C3 METROLOGY 0 0 0 1 0 0 -189.76531656011497 -104.74789877286464 143.1 44.667305423013715 -212.09041005865643 154.83481 94.028175 -999.0 -999.0 -999.0 -999.0 -999.0 37.575590827653166 -24.59760791029722 37.532472783737205 -24.475595800609796 72.04742195492561 79.92963513064262 -999.0 6231.0 -999.0 -1 -999 {-999.0 -999.0 -999.0 -999.0 -999.0} "" -999.0 -999.0 -999.0 -999.0 -999 -999 "" "" "" "" 0 0 0.0 0.0 -999 ""
FIBERMAP 441 R-2C4 APOGEE 0 0 0 1 0 0 -211.97476535855478 -47.86419087268622 143.1 -16.22112561127492 -216.69250417480504 225.4603 113.24727 -999.0 -999.0 -999.0 -999.0 -999.0 37.37270751189872 -24.611859777378687 37.32987184778932 -24.489507251398585 72.22633815044435 79.77741342740643 -999.0 16600.0 -999.0 2 -999 {-999.0 -999.0 -999.0 -999.0 -999.0} "" -999.0 -999.0 -999.0 -999.0 -999 -999 "" "" "" "" 0 0 0.0 0.0 -999 ""
FIBERMAP 441 R-2C4 BOSS 1 1 0 1 0 0 -212.65139315787678 -47.623890200181265 143.1 -16.648779776711827 -217.26923746674873 225.4603 113.24727 37.37131197591549 -24.613647292279005 13.105717 6.3070216 0.96449566 37.37135388823916 -24.613620675334936 37.328445189988145 -24.4912878660649 72.22814476057509 79.78154744656399 5400.0 5400.0 2016.0 1 472 {-999.0 18.377348 17.032694 16.376617 -999.0} sdss_psfmag_ps1 17.820944 16.970385 15.992926 14.122 63050395811942326 940018434 bright_1x1 openfibertargets_nov2020_34a open_fiber science 0 0 0.0 0.0 -999 ""
FIBERMAP 441 R-2C4 METROLOGY 0 0 0 1 0 0 -212.09666931236987 -47.126195179717534 143.1 -16.962463488328122 -216.59325186320063 225.4603 113.24727 -999.0 -999.0 -999.0 -999.0 -999.0 37.370281778895674 -24.611625058046094 37.32739845851876 -24.489284792199573 72.22839442001353 79.7743267583628 -999.0 6231.0 -999.0 -1 -999 {-999.0 -999.0 -999.0 -999.0 -999.0} "" -999.0 -999.0 -999.0 -999.0 -999 -999 "" "" "" "" 0 0 0.0 0.0 -999 ""
FIBERMAP 442 R+13C12 APOGEE 1 1 0 1 0 0 118.77253491298751 257.51252500683364 143.1 -211.50545965054673 188.8800237882199 57.536816 70.5018 36.72760040446344 -23.383961256580346 86.641754 -4.1717124 4.188961 36.727851073849976 -23.383988196662955 36.6880967458942 -23.26097241728023 72.33484192255742 75.31722121198345 16000.0 16600.0 2016.0 2 59 {-999.0 13.705806 12.724884 12.342166 -999.0} sdss_psfmag_from_g3xp 13.372841 12.748708 11.985486 10.452 63050395811957995 1076236033 bright_1x1 mwm_snc_ext_main_apogee mwm_snc science 0 0 0.0 0.0 -999 ""
FIBERMAP 442 R+13C12 BOSS 0 0 0 1 0 0 119.24455921711775 256.93049256344176 143.1 -210.81086809566474 189.16117444432282 57.536816 70.5018 -999.0 -999.0 -999.0 -999.0 -999.0 36.730222567738004 -23.3831285273659 36.69039845505415 -23.26014331272547 72.33257140296686 75.31742391970965 -999.0 5400.0 -999.0 1 97 {-999.0 -999.0 -999.0 -999.0 -999.0} "" -999.0 -999.0 -999.0 -999.0 -999 -999 "" "" "" "" 0 0 0.0 0.0 -999 ""
FIBERMAP 442 R+13C12 METROLOGY 0 0 0 1 0 0 118.49709048982815 256.8163674975991 143.1 -210.92032905324405 188.41305309647163 57.536816 70.5018 -999.0 -999.0 -999.0 -999.0 -999.0 36.729778532799294 -23.385350029456724 36.689970314796255 -23.262355943641705 72.3337966525651 75.3236316697492 -999.0 6231.0 -999.0 -1 -999 {-999.0 -999.0 -999.0 -999.0 -999.0} "" -999.0 -999.0 -999.0 -999.0 -999 -999 "" "" "" "" 0 0 0.0 0.0 -999 ""
FIBERMAP 445 R-4C10 APOGEE 0 0 0 1 0 0 -46.312305261549234 -95.73637095836662 143.1 78.00171179455948 -72.28204685557907 300.426 76.38195 -999.0 -999.0 -999.0 -999.0 -999.0 37.68545006291042 -24.174213083297467 37.64304723730612 -24.052477548011634 71.81118832098682 78.75219019418483 -999.0 16600.0 -999.0 2 -999 {-999.0 -999.0 -999.0 -999.0 -999.0} "" -999.0 -999.0 -999.0 -999.0 -999 -999 "" "" "" "" 0 0 0.0 0.0 -999 ""
FIBERMAP 445 R-4C10 BOSS 1 1 0 1 0 0 -47.043125993018954 -95.95556490311913 143.1 77.99758863099548 -73.04497538037172 300.426 76.38195 37.685495374483764 -24.176544598961126 20.45531 -5.904352 0.6442493 37.68556297203973 -24.176542790723904 37.64308313321919 -24.054830957804796 71.8119652377619 78.75930781041643 5400.0 5400.0 2016.0 1 360 {-999.0 15.271587 14.843876 14.700674 -999.0} sdss_psfmag_from_g3xp 15.185954 14.863719 14.367069 13.458 63050395811944639 1072466309 bright_1x1 mwm_halo_local_high_boss_single mwm_halo science 0 0 0.0 0.0 -999 ""
FIBERMAP 445 R-4C10 METROLOGY 0 0 0 1 0 0 -46.864594544901685 -95.23191604037083 143.1 77.35782892226912 -72.66263549976554 300.426 76.38195 -999.0 -999.0 -999.0 -999.0 -999.0 37.68341969392044 -24.17540504779505 37.640965223487854 -24.053683283028022 71.81338790370467 78.75372768948165 -999.0 6231.0 -999.0 -1 -999 {-999.0 -999.0 -999.0 -999.0 -999.0} "" -999.0 -999.0 -999.0 -999.0 -999 -999 "" "" "" "" 0 0 0.0 0.0 -999 ""
FIBERMAP 449 R-10C16 APOGEE 0 0 0 1 0 0 175.52136693086698 -200.2796938303864 143.1 242.84150709433024 109.26767711652728 28.542267 59.779938 -999.0 -999.0 -999.0 -999.0 -999.0 38.22660375427418 -23.62159591942973 38.1845797718579 -23.50088053140151 71.15264461214272 77.67888305800858 -999.0 16600.0 -999.0 2 -999 {-999.0 -999.0 -999.0 -999.0 -999.0} "" -999.0 -999.0 -999.0 -999.0 -999 -999 "" "" "" "" 0 0 0.0 0.0 -999 ""
FIBERMAP 449 R-10C16 BOSS 1 1 0 1 0 0 175.43953155816126 -201.16317695375201 143.1 243.66238177994043 108.93105825024317 28.542267 59.779938 38.22938319260363 -23.62256062676068 9.20325 -12.248302 0.14818347 38.229378722180435 -23.62257629082607 38.18727512851973 -23.50189169157544 71.15070929289247 77.68457942477306 5400.0 5400.0 2016.0 1 333 {-999.0 17.521706 17.236517 17.225496 -999.0} sdss_psfmag_ps1 17.502214 17.254107 16.85118 16.186 63050395811945345 944594067 bright_1x1 openfibertargets_nov2020_6c open_fiber science 0 0 0.0 0.0 -999 ""
FIBERMAP 449 R-10C16 METROLOGY 0 0 0 1 0 0 174.8714947986242 -200.6500509938521 143.1 243.0056022644796 108.53794727306037 28.542267 59.779938 -999.0 -999.0 -999.0 -999.0 -999.0 38.227268711063005 -23.62375840345268 38.185186527305575 -23.503062533914424 71.15291914997147 77.68580168379225 -999.0 6231.0 -999.0 -1 -999 {-999.0 -999.0 -999.0 -999.0 -999.0} "" -999.0 -999.0 -999.0 -999.0 -999 -999 "" "" "" "" 0 0 0.0 0.0 -999 ""
FIBERMAP 453 R+7C19 APOGEE 0 0 0 1 0 0 184.01478573546206 140.024044075699 143.1 -80.08084396807351 216.90778643825092 77.47265 169.2203 -999.0 -999.0 -999.0 -999.0 -999.0 37.16029370596435 -23.29887600880082 37.12016878988288 -23.17655832470638 71.93624800440328 75.56802056791264 -999.0 16600.0 -999.0 2 -999 {-999.0 -999.0 -999.0 -999.0 -999.0} "" -999.0 -999.0 -999.0 -999.0 -999 -999 "" "" "" "" 0 0 0.0 0.0 -999 ""
FIBERMAP 453 R+7C19 BOSS 1 1 0 1 0 0 184.31537038415547 140.70368959747591 143.1 -80.64283341391838 217.39396801534477 77.47265 169.2203 37.15850031459534 -23.297355570344738 0.21804884 0.55167794 -0.8763034 37.15850298676482 -23.297355548781155 37.118312959409025 -23.17506269832206 71.93723779510375 75.56143637830849 5400.0 5400.0 2016.0 1 249 {-999.0 20.458593 20.692207 20.733229 -999.0} sdss_psfmag_ps1 20.523922 20.398968 20.156462 -999.0 63050395811957889 1117293171 bright_1x1 openfibertargets_bhm_quaia_boss open_fiber science 0 0 0.0 0.0 -999 ""
FIBERMAP 453 R+7C19 METROLOGY 0 0 0 1 0 0 184.75927885695526 140.0963504298138 143.1 -79.93226519478537 217.6408329698168 77.47265 169.2203 -999.0 -999.0 -999.0 -999.0 -999.0 37.16081157161568 -23.296580630595418 37.12064002210411 -23.17428390849797 71.93496406261737 75.5618071599443 -999.0 6231.0 -999.0 -1 -999 {-999.0 -999.0 -999.0 -999.0 -999.0} "" -999.0 -999.0 -999.0 -999.0 -999 -999 "" "" "" "" 0 0 0.0 0.0 -999 ""
FIBERMAP 454 R+10C8 APOGEE 0 0 0 1 0 0 -30.748122122986324 208.9319659282421 143.1 -208.77748282764577 31.698062543651897 146.92174 85.54787 -999.0 -999.0 -999.0 -999.0 -999.0 36.73375301226455 -23.858957133668934 36.69312265647244 -23.735817041041372 72.51050814614977 76.77817232130843 -999.0 16600.0 -999.0 2 -999 {-999.0 -999.0 -999.0 -999.0 -999.0} "" -999.0 -999.0 -999.0 -999.0 -999 -999 "" "" "" "" 0 0 0.0 0.0 -999 ""
FIBERMAP 454 R+10C8 BOSS 1 1 0 1 0 0 -30.327699386980573 209.51570843329964 143.1 -209.2127221493614 32.270790121582365 146.92174 85.54787 36.73213960789354 -23.857240238445115 60.442467 18.114388 3.7718732 36.73234196742397 -23.85718666922541 36.69164797728746 -23.734069733204326 72.51112106187216 76.77111380071324 5400.0 5400.0 2016.0 1 125 {-999.0 19.3162 18.036411 16.590044 -999.0} sdss_psfmag_ps1 18.752863 17.359152 16.03881 13.621 63050395811955358 1096344169 bright_1x1 mwm_bin_vis_boss mwm_filler science 0 0 0.0 0.0 -999 ""
FIBERMAP 454 R+10C8 METROLOGY 0 0 0 1 0 0 -30.004845984134363 208.84806838233388 143.1 -208.47989422968178 32.3842650616263 146.92174 85.54787 -999.0 -999.0 -999.0 -999.0 -999.0 36.734704891512486 -23.85685027557644 36.694028027994534 -23.733730057392343 72.50897005781547 76.77272866163577 -999.0 6231.0 -999.0 -1 -999 {-999.0 -999.0 -999.0 -999.0 -999.0} "" -999.0 -999.0 -999.0 -999.0 -999 -999 "" "" "" "" 0 0 0.0 0.0 -999 ""
FIBERMAP 458 R-13C8 APOGEE 1 1 0 1 0 0 32.16927841181948 -247.61904710714938 143.1 246.186552421318 -41.65278018241156 78.03291 35.085705 38.24172994679179 -24.078049679046504 8.550465 5.2136946 0.61049646 38.24178422456444 -24.078045221630937 38.19887255629203 -23.95722573868476 71.3015691669926 79.01992647406234 16000.0 16600.0 2016.0 2 265 {-999.0 12.564008 11.6350565 11.316842 -999.0} sdss_psfmag_from_g3xp 12.268763 11.684176 10.96031 9.481 63050395811944199 1106347825 bright_1x1 mwm_tess_rgb_apogee mwm_tessrgb science 0 0 0.0 0.0 -999 ""
FIBERMAP 458 R-13C8 BOSS 0 0 0 1 0 0 32.389599136951006 -248.33351218138566 143.1 246.9341708108677 -41.651042840523985 78.03291 35.085705 -999.0 -999.0 -999.0 -999.0 -999.0 38.24433762522391 -24.07799802949907 38.20134826872061 -23.95720754935099 71.29943758412578 79.02229219183931 -999.0 5400.0 -999.0 1 359 {-999.0 -999.0 -999.0 -999.0 -999.0} "" -999.0 -999.0 -999.0 -999.0 -999 -999 "" "" "" "" 0 0 0.0 0.0 -999 ""
FIBERMAP 458 R-13C8 METROLOGY 0 0 0 1 0 0 31.671443644179387 -248.1843035185114 143.1 246.58147652642836 -42.294124826590156 78.03291 35.085705 -999.0 -999.0 -999.0 -999.0 -999.0 38.243216949890986 -24.07996716463228 38.20024636521816 -23.95916727090928 71.30105524023321 79.02695795975671 -999.0 6231.0 -999.0 -1 -999 {-999.0 -999.0 -999.0 -999.0 -999.0} "" -999.0 -999.0 -999.0 -999.0 -999 -999 "" "" "" "" 0 0 0.0 0.0 -999 ""
FIBERMAP 461 R+11C5 APOGEE 0 0 0 1 0 0 -71.09585682591896 205.18352072037584 143.1 -216.99243583477858 -7.979554639472639 295.0579 133.45482 -999.0 -999.0 -999.0 -999.0 -999.0 36.70620515123905 -23.979068402276305 36.665388410934156 -23.855851941019463 72.57793606230436 77.11986770720841 -999.0 16600.0 -999.0 2 147 {-999.0 -999.0 -999.0 -999.0 -999.0} "" -999.0 -999.0 -999.0 -999.0 -999 -999 "" "" "" "" 0 0 0.0 0.0 -999 ""
FIBERMAP 461 R+11C5 BOSS 1 1 0 1 0 0 -71.34643339170634 204.51075716031534 143.1 -216.4224027010139 -8.415904788530389 295.0579 133.45482 36.708132712376276 -23.98035520022225 -14.162051 -3.5102146 5.49585 36.70809814804198 -23.98037333680482 36.66720805289145 -23.857183809281587 72.57686712697911 77.12602669155899 5400.0 5400.0 2016.0 1 150 {-999.0 18.946299 17.509628 16.328142 -999.0} sdss_psfmag_ps1 18.367828 16.93228 15.756299 13.587 63050395811955291 1078886711 bright_flexible_2x1 mwm_snc_ext_filler_boss mwm_snc science 0 0 0.0 0.0 -999 ""
FIBERMAP 461 R+11C5 METROLOGY 0 0 0 1 0 0 -71.85050280676708 205.0688669274033 143.1 -217.103490129264 -8.73469366139257 295.0579 133.45482 -999.0 -999.0 -999.0 -999.0 -999.0 36.705794397512726 -23.98133973839716 36.66492484615594 -23.858139462347445 72.57915957682101 77.12647684714602 -999.0 6231.0 -999.0 -1 -999 {-999.0 -999.0 -999.0 -999.0 -999.0} "" -999.0 -999.0 -999.0 -999.0 -999 -999 "" "" "" "" 0 0 0.0 0.0 -999 ""
FIBERMAP 462 R+11C9 APOGEE 0 0 0 1 0 0 17.061264851088485 226.08282573600047 143.1 -211.19613583453489 82.43008665389878 71.44828 111.241516 -999.0 -999.0 -999.0 -999.0 -999.0 36.726562442227525 -23.705351331625764 36.686222680209255 -23.582243205031734 72.4593475870229 76.29657458183777 -999.0 16600.0 -999.0 2 128 {-999.0 -999.0 -999.0 -999.0 -999.0} "" -999.0 -999.0 -999.0 -999.0 -999 -999 "" "" "" "" 0 0 0.0 0.0 -999 ""
FIBERMAP 462 R+11C9 BOSS 1 1 0 1 0 0 17.81269465769487 226.09016819040073 143.1 -210.9834085379412 83.15076814253662 71.44828 111.241516 36.727294921875 -23.703135412985816 -999.0 -999.0 -999.0 36.72730409548601 -23.703131671678648 36.686898920882356 -23.580050747160946 72.4579507071748 76.29060259696269 5400.0 5400.0 2015.5 1 115 {-999.0 -999.0 -999.0 -999.0 -999.0} "" -999.0 -999.0 -999.0 -999.0 27021603163417167 814338842 "" ops_sky_boss_good ops_sky sky_boss 0 0 0.0 0.0 -999 ""
FIBERMAP 462 R+11C9 METROLOGY 0 0 0 1 0 0 17.448710843697594 225.44810519020484 143.1 -210.47589682097322 82.61495348455288 71.44828 111.241516 -999.0 -999.0 -999.0 -999.0 -999.0 36.7289082767816 -23.704748552741137 36.68851758350189 -23.58166245075692 72.45718004655707 76.29740548585471 -999.0 6231.0 -999.0 -1 -999 {-999.0 -999.0 -999.0 -999.0 -999.0} "" -999.0 -999.0 -999.0 -999.0 -999 -999 "" "" "" "" 0 0 0.0 0.0 -999 ""
FIBERMAP 465 R+5C7 APOGEE 0 0 0 1 0 0 -105.35606105727011 105.92366127082481 143.1 -132.09696485954225 -69.76751841691251 88.906 142.72662 -999.0 -999.0 -999.0 -999.0 -999.0 36.98671114762802 -24.167138309284155 36.945195844503246 -24.044305211868057 72.40611094277672 78.00797942752496 -999.0 16600.0 -999.0 2 33 {-999.0 -999.0 -999.0 -999.0 -999.0} "" -999.0 -999.0 -999.0 -999.0 -999 -999 "" "" "" "" 0 0 0.0 0.0 -999 ""
FIBERMAP 465 R+5C7 BOSS 1 1 0 1 0 0 -104.8907353505372 106.50142843094451 143.1 -132.5133589847638 -69.15360102917543 88.906 142.72662 36.985333342369096 -24.165277241706665 0.10896025 0.31266516 -0.9340069 36.98533590225472 -24.165280513094583 36.94375603480091 -24.042469610560197 72.4066996179 78.00076761056903 5400.0 5400.0 2016.0 1 55 {-999.0 20.30896 20.008337 20.067034 -999.0} sdss_psfmag_ps1 20.518192 20.12921 19.63432 -999.0 63050395811955018 1117293184 bright_1x1 openfibertargets_bhm_quaia_boss open_fiber science 0 0 0.0 0.0 -999 ""
FIBERMAP 465 R+5C7 METROLOGY 0 0 0 1 0 0 -104.62430619883025 105.79573813574662 143.1 -131.76064727869843 -69.10520766330042 88.906 142.72662 -999.0 -999.0 -999.0 -999.0 -999.0 36.98779728570276 -24.16515416642756 36.94623432224847 -24.042340389977543 72.40453447293937 78.002990014376 -999.0 6231.0 -999.0 -1 -999 {-999.0 -999.0 -999.0 -999.0 -999.0} "" -999.0 -999.0 -999.0 -999.0 -999 -999 "" "" "" "" 0 0 0.0 0.0 -999 ""
FIBERMAP 468 R-2C9 APOGEE 1 1 0 1 0 0 -79.40451256732014 -51.23341265689769 143.1 25.76947832663572 -90.91111147080753 332.177 94.694305 37.511562072463775 -24.23121363951298 78.39853 -16.187754 11.342354 37.511821176442986 -24.231266129218394 37.46952779646847 -24.10923959620469 71.97946576091272 78.74908140870343 16000.0 16600.0 2016.0 2 300 {-999.0 12.514395 11.399805 11.017002 -999.0} sdss_psfmag_from_g3xp 12.111199 11.445376 10.664611 9.181 63050395811943322 984771333 bright_1x1 mwm_snc_100pc_apogee mwm_snc science 0 0 0.0 0.0 -999 ""
FIBERMAP 468 R-2C9 BOSS 0 0 0 1 0 0 -79.71725333693513 -51.90230144847983 143.1 26.3176270035842 -91.40577130617221 332.177 94.694305 -999.0 -999.0 -999.0 -999.0 -999.0 37.51373765145699 -24.23278983106409 37.471367178595926 -24.110789763853276 71.9784184623356 78.75564643354096 -999.0 5400.0 -999.0 1 496 {-999.0 -999.0 -999.0 -999.0 -999.0} "" -999.0 -999.0 -999.0 -999.0 -999 -999 "" "" "" "" 0 0 0.0 0.0 -999 ""
FIBERMAP 468 R-2C9 METROLOGY 0 0 0 1 0 0 -80.1413884609645 -51.30276321827055 143.1 25.620300741143748 -91.63600984322113 332.177 94.694305 -999.0 -999.0 -999.0 -999.0 -999.0 37.511399769149506 -24.233509191663707 37.46905122976983 -24.111498462143977 71.98064725935731 78.75546181635048 -999.0 6231.0 -999.0 -1 -999 {-999.0 -999.0 -999.0 -999.0 -999.0} "" -999.0 -999.0 -999.0 -999.0 -999 -999 "" "" "" "" 0 0 0.0 0.0 -999 ""
FIBERMAP 470 R+2C23 APOGEE 0 0 0 1 0 0 233.30315606279763 19.51102759726629 143.1 49.570344590702504 228.79559003848084 0.4371389 35.283646 -999.0 -999.0 -999.0 -999.0 -999.0 37.58757977653021 -23.262401192259752 37.54700499505407 -23.14076707436528 71.56059067808049 75.94815947033197 -999.0 16600.0 -999.0 2 74 {-999.0 -999.0 -999.0 -999.0 -999.0} "" -999.0 -999.0 -999.0 -999.0 -999 -999 "" "" "" "" 0 0 0.0 0.0 -999 ""
FIBERMAP 470 R+2C23 BOSS 1 1 0 1 0 0 232.70937052063542 19.04604106973211 143.1 49.841328485761494 228.0918180325593 0.4371389 35.283646 37.58859514135364 -23.26466054605049 -2.211424 -3.9197607 4.415226 37.588561618286036 -23.26445725063547 37.54791009620578 -23.142851691178915 71.56062718990836 75.95525498213942 5400.0 5400.0 2016.0 1 233 {-999.0 18.897148 17.545935 16.214811 -999.0} sdss_psfmag_ps1 18.403467 16.904566 15.710599 13.426 63050395811957553 1078609448 bright_flexible_2x1 mwm_snc_ext_filler_boss mwm_snc science 0 0 0.0 0.0 -999 ""
FIBERMAP 470 R+2C23 METROLOGY 0 0 0 1 0 0 232.60742410737464 19.78441851008445 143.1 49.10546196127621 228.21026583633292 0.4371389 35.283646 -999.0 -999.0 -999.0 -999.0 -999.0 37.58612374684977 -23.26407485074472 37.545496215944695 -23.142457720700463 71.56252297202333 75.95139823044474 -999.0 6231.0 -999.0 -1 -999 {-999.0 -999.0 -999.0 -999.0 -999.0} "" -999.0 -999.0 -999.0 -999.0 -999 -999 "" "" "" "" 0 0 0.0 0.0 -999 ""
FIBERMAP 472 R-1C15 APOGEE 0 0 0 1 0 0 40.690562606438505 -27.134027306801002 143.1 37.84573179458425 30.974159121011674 290.50153 138.62907 -999.0 -999.0 -999.0 -999.0 -999.0 37.55101673908083 -23.861123342058033 37.50936985746682 -23.73926268603282 71.81562386186897 77.67504422012081 -999.0 16600.0 -999.0 2 -999 {-999.0 -999.0 -999.0 -999.0 -999.0} "" -999.0 -999.0 -999.0 -999.0 -999 -999 "" "" "" "" 0 0 0.0 0.0 -999 ""
FIBERMAP 472 R-1C15 BOSS 1 1 0 1 0 0 40.408921910472365 -27.826861975752884 143.1 38.425872976936546 30.50223514461119 290.50153 138.62907 37.553066561931345 -23.862522725161362 -0.30830547 -1.2362686 -0.46045873 37.55304561938835 -23.862507271723445 37.511321812539336 -23.740674727622714 71.81446323170537 77.68132275041125 5400.0 5400.0 2016.0 1 326 {-999.0 19.839602 19.881958 19.43252 -999.0} sdss_psfmag_ps1 19.790966 19.739542 19.02888 -999.0 63050395811945110 1117293173 bright_1x1 openfibertargets_bhm_quaia_boss open_fiber science 0 0 0.0 0.0 -999 ""
FIBERMAP 472 R-1C15 METROLOGY 0 0 0 1 0 0 39.95021068037594 -27.24069146372144 143.1 37.73121778543302 30.235024890292593 290.50153 138.62907 -999.0 -999.0 -999.0 -999.0 -999.0 37.550724225271175 -23.863328722561175 37.50902210785051 -23.741485104240837 71.8167189167311 77.68132470380607 -999.0 6231.0 -999.0 -1 -999 {-999.0 -999.0 -999.0 -999.0 -999.0} "" -999.0 -999.0 -999.0 -999.0 -999 -999 "" "" "" "" 0 0 0.0 0.0 -999 ""
FIBERMAP 474 R-3C8 APOGEE 0 0 0 1 0 0 -111.58660094877389 -77.22928368075023 143.1 41.215983149321886 -129.28659475814 313.53122 21.859022 -999.0 -999.0 -999.0 -999.0 -999.0 37.56351159343917 -24.3474270654928 37.520934257657586 -24.22544972517819 71.9747590550149 79.15383452391359 -999.0 16600.0 -999.0 2 -999 {-999.0 -999.0 -999.0 -999.0 -999.0} "" -999.0 -999.0 -999.0 -999.0 -999 -999 "" "" "" "" 0 0 0.0 0.0 -999 ""
FIBERMAP 474 R-3C8 BOSS 1 1 0 1 0 0 -112.31921170129873 -76.86800985656046 143.1 40.65628003811323 -129.88148280392943 313.53122 21.859022 37.561689785713924 -24.349204063098124 19.089872 -27.574335 0.6109167 37.56174567038681 -24.349272456405213 37.519095008928275 -24.22731525533156 71.97696580430853 79.15769075112257 5400.0 5400.0 2016.0 1 477 {-999.0 15.475649 15.078854 14.954488 -999.0} sdss_psfmag_ps1 15.365465 15.057325 14.577063 13.706 63050395811942520 1072826105 bright_1x1 mwm_halo_local_high_boss_single mwm_halo science 0 0 0.0 0.0 -999 ""
FIBERMAP 474 R-3C8 METROLOGY 0 0 0 1 0 0 -111.68067527935267 -76.48722691936183 143.1 40.478900488244086 -129.1595435084372 313.53122 21.859022 -999.0 -999.0 -999.0 -999.0 -999.0 37.56113450063782 -24.347108672821236 37.5185091184419 -24.22514447081841 71.97673928068174 79.15050246585099 -999.0 6231.0 -999.0 -1 -999 {-999.0 -999.0 -999.0 -999.0 -999.0} "" -999.0 -999.0 -999.0 -999.0 -999 -999 "" "" "" "" 0 0 0.0 0.0 -999 ""
FIBERMAP 477 R-7C14 APOGEE 0 0 0 1 0 0 63.5338447910752 -150.67029252335317 143.1 162.65421139599226 16.69044879108209 285.5677 40.260338 -999.0 -999.0 -999.0 -999.0 -999.0 37.96496655554278 -23.90303088911961 37.92272989377369 -23.78181672707955 71.47726391068602 78.22925764879949 -999.0 16600.0 -999.0 2 197 {-999.0 -999.0 -999.0 -999.0 -999.0} "" -999.0 -999.0 -999.0 -999.0 -999 -999 "" "" "" "" 0 0 0.0 0.0 -999 ""
FIBERMAP 477 R-7C14 BOSS 1 1 0 1 0 0 62.90714875194864 -150.26060145450992 143.1 162.07918433999063 16.210997952450846 285.5677 40.260338 37.96325683593749 -23.904438047603847 -999.0 -999.0 -999.0 37.96321901592128 -23.904461496676102 37.92090835624208 -23.783269511115066 71.47933646859892 78.23168281781483 5400.0 5400.0 2015.5 1 272 {-999.0 -999.0 -999.0 -999.0 -999.0} "" -999.0 -999.0 -999.0 -999.0 27021603163404690 814337183 "" ops_sky_boss_good ops_sky sky_boss 0 0 0.0 0.0 -999 ""
FIBERMAP 477 R-7C14 METROLOGY 0 0 0 1 0 0 63.57022695468377 -149.91495991174222 143.1 161.94258479460433 16.946127898442402 285.5677 40.260338 -999.0 -999.0 -999.0 -999.0 -999.0 37.96275351259336 -23.902239187324657 37.92046844987493 -23.78103989859697 71.47892548051644 78.22466858025865 -999.0 6231.0 -999.0 -1 -999 {-999.0 -999.0 -999.0 -999.0 -999.0} "" -999.0 -999.0 -999.0 -999.0 -999 -999 "" "" "" "" 0 0 0.0 0.0 -999 ""
FIBERMAP 479 R-1C14 APOGEE 0 0 0 1 0 0 22.50851601804451 -32.424785713451925 143.1 37.58771303233419 12.040842238308413 341.73138 83.0583 -999.0 -999.0 -999.0 -999.0 -999.0 37.55032917467836 -23.91862295099826 37.50857536839453 -23.796745048856526 71.83686838812227 77.8463090328089 -999.0 16600.0 -999.0 2 230 {-999.0 -999.0 -999.0 -999.0 -999.0} "" -999.0 -999.0 -999.0 -999.0 -999 -999 "" "" "" "" 0 0 0.0 0.0 -999 ""
FIBERMAP 479 R-1C14 BOSS 1 1 0 1 0 0 22.081477983622477 -33.020826781560814 143.1 38.032777940055475 11.458192366862328 341.73138 83.0583 37.55191267542723 -23.920343610040852 -1.7052473 -1.7677441 0.23293938 37.551911262625666 -23.920356433650667 37.51008040229834 -23.7985056181848 71.83620919814784 77.85316031152036 5400.0 5400.0 2016.0 1 339 {-999.0 17.30659 16.938988 16.863827 -999.0} sdss_psfmag_ps1 17.215 16.925755 16.465836 15.699 63050395811944951 980984251 "" ops_std_boss_tic ops_std standard_boss 0 0 0.0 0.0 -999 ""
FIBERMAP 479 R-1C14 METROLOGY 0 0 0 1 0 0 21.76921541204005 -32.34893112884772 143.1 37.29897790257681 11.35608912960643 341.73138 83.0583 -999.0 -999.0 -999.0 -999.0 -999.0 37.54945702133804 -23.92067848368655 37.50764896185706 -23.798816588109982 71.83839865955737 77.85154918498853 -999.0 6231.0 -999.0 -1 -999 {-999.0 -999.0 -999.0 -999.0 -999.0} "" -999.0 -999.0 -999.0 -999.0 -999 -999 "" "" "" "" 0 0 0.0 0.0 -999 ""
FIBERMAP 480 R+9C15 APOGEE 0 0 0 1 0 0 118.27867465150143 168.78412223083893 143.1 -126.8057689275657 162.46002734364174 156.09094 169.48553 -999.0 -999.0 -999.0 -999.0 -999.0 37.00577013431132 -23.46331735589286 36.96553115925366 -23.340711627302994 72.13068387528344 75.8810824596186 -999.0 16600.0 -999.0 2 -999 {-999.0 -999.0 -999.0 -999.0 -999.0} "" -999.0 -999.0 -999.0 -999.0 -999 -999 "" "" "" "" 0 0 0.0 0.0 -999 ""
FIBERMAP 480 R+9C15 BOSS 1 1 0 1 0 0 117.64925944668758 169.18643817618465 143.1 -127.37453891634401 161.97581959404104 156.09094 169.48553 37.00382034414839 -23.464670700310265 30.572659 -14.00018 0.8361766 37.003923718300044 -23.464714212555243 36.963614891514965 -23.342131696460882 72.13285318251997 75.8831599804447 5400.0 5400.0 2016.0 1 237 {-999.0 18.217426 17.219736 16.87783 -999.0} sdss_psfmag_ps1 17.86175 17.236506 16.495481 14.802 63050395811957725 1072883486 bright_1x1 mwm_halo_local_high_boss_single mwm_halo science 0 0 0.0 0.0 -999 ""
FIBERMAP 480 R+9C15 METROLOGY 0 0 0 1 0 0 118.33180931809696 169.53022874066303 143.1 -127.50367421462154 162.7290274916196 156.09094 169.48553 -999.0 -999.0 -999.0 -999.0 -999.0 37.00346765372333 -23.46242392357087 36.96318330068374 -23.339833839766026 72.13233857527936 75.8757474360977 -999.0 6231.0 -999.0 -1 -999 {-999.0 -999.0 -999.0 -999.0 -999.0} "" -999.0 -999.0 -999.0 -999.0 -999 -999 "" "" "" "" 0 0 0.0 0.0 -999 ""
FIBERMAP 482 R+7C10 APOGEE 1 1 0 1 0 0 1.129524112773323 131.87819108226876 143.1 -125.77460530941728 39.646567423755045 341.1497 118.12198 37.00807610708832 -23.835211841847336 -3.6558528 -7.257477 1.8289347 37.00806481101256 -23.8352367751475 36.9671377707441 -23.712530072069995 72.26858718073953 77.01064910138643 16000.0 16600.0 2016.0 2 137 {-999.0 11.162345 10.912283 10.850312 -999.0} sdss_psfmag_from_g3xp 11.142989 10.912901 10.525553 9.936 63050395811955407 975170570 "" ops_std_apogee ops_std standard_apogee 0 0 0.0 0.0 -999 ""
FIBERMAP 482 R+7C10 BOSS 0 0 0 1 0 0 1.2948493410436708 131.14020850069915 143.1 -125.02058184154806 39.588839355957546 341.1497 118.12198 -999.0 -999.0 -999.0 -999.0 -999.0 37.01056389469371 -23.835368668154445 36.96956380647231 -23.71269091404745 72.26657876125506 77.01380844336757 -999.0 5400.0 -999.0 1 132 {-999.0 -999.0 -999.0 -999.0 -999.0} "" -999.0 -999.0 -999.0 -999.0 -999 -999 "" "" "" "" 0 0 0.0 0.0 -999 ""
FIBERMAP 482 R+7C10 METROLOGY 0 0 0 1 0 0 0.5665607199024318 131.38444167961777 143.1 -125.46710406249656 38.96385683519869 341.1497 118.12198 -999.0 -999.0 -999.0 -999.0 -999.0 37.00904714196903 -23.83726714572882 36.96806518257699 -23.71457937628181 72.26854650443144 77.0179314381761 -999.0 6231.0 -999.0 -1 -999 {-999.0 -999.0 -999.0 -999.0 -999.0} "" -999.0 -999.0 -999.0 -999.0 -999 -999 "" "" "" "" 0 0 0.0 0.0 -999 ""
FIBERMAP 486 R-1C9 APOGEE 0 0 0 1 0 0 -113.28856434407697 -10.874464753657115 143.1 -22.731725406879924 -111.50923119121498 159.72339 102.20472 -999.0 -999.0 -999.0 -999.0 -999.0 37.350453188744126 -24.293976925864808 37.308244317731294 -24.171678300891625 72.13911803647898 78.7764858228162 -999.0 16600.0 -999.0 2 279 {-999.0 -999.0 -999.0 -999.0 -999.0} "" -999.0 -999.0 -999.0 -999.0 -999 -999 "" "" "" "" 0 0 0.0 0.0 -999 ""
FIBERMAP 486 R-1C9 BOSS 1 1 0 1 0 0 -113.10052585402158 -10.150220353895945 143.1 -23.369274339939103 -111.11762630204173 159.72339 102.20472 37.34837854819539 -24.292824479044505 3.3481724 0.75335056 0.2719929 37.34838610257145 -24.292827188852634 37.30611078454905 -24.170549173873734 72.14056341234684 78.770862310638 5400.0 5400.0 2016.0 1 458 {-999.0 16.872784 16.615519 16.521914 -999.0} sdss_psfmag_ps1 16.857704 16.543177 16.074251 15.059 63050395811943295 977163889 "" ops_std_boss ops_std standard_boss 0 0 0.0 0.0 -999 ""
FIBERMAP 486 R-1C9 METROLOGY 0 0 0 1 0 0 -112.5621936120987 -10.690975925072282 143.1 -22.694761558687155 -110.760999470072 159.72339 102.20472 -999.0 -999.0 -999.0 -999.0 -999.0 37.35060802309661 -24.291762238255238 37.30835208506193 -24.169481351321476 72.13827711731504 78.7698606867221 -999.0 6231.0 -999.0 -1 -999 {-999.0 -999.0 -999.0 -999.0 -999.0} "" -999.0 -999.0 -999.0 -999.0 -999 -999 "" "" "" "" 0 0 0.0 0.0 -999 ""
FIBERMAP 491 R+1C18 APOGEE 0 0 0 1 0 0 86.62378695393815 3.8901192288941164 143.1 21.61246124627942 83.96926128626849 287.32144 42.233578 -999.0 -999.0 -999.0 -999.0 -999.0 37.4966976776184 -23.70037688916894 37.455418266933464 -23.57847554808797 71.80329026001971 77.13766637309425 -999.0 16600.0 -999.0 2 79 {-999.0 -999.0 -999.0 -999.0 -999.0} "" -999.0 -999.0 -999.0 -999.0 -999 -999 "" "" "" "" 0 0 0.0 0.0 -999 ""
FIBERMAP 491 R+1C18 BOSS 1 1 0 1 0 0 85.97490754406402 4.262764469074005 143.1 21.06637094319325 83.45776451305753 287.32144 42.233578 37.49496459960937 -23.70186233713291 -999.0 -999.0 -999.0 37.494976058847875 -23.70185714751193 37.453624463222525 -23.57997853646467 71.80537119317835 77.14021133150794 5400.0 5400.0 2015.5 1 240 {-999.0 -999.0 -999.0 -999.0 -999.0} "" -999.0 -999.0 -999.0 -999.0 27021603163417667 814338984 "" ops_sky_boss_good ops_sky sky_boss 0 0 0.0 0.0 -999 ""
FIBERMAP 491 R+1C18 METROLOGY 0 0 0 1 0 0 86.6312879948847 4.635110981219464 143.1 20.90227680691621 84.19429952428831 287.32144 42.233578 -999.0 -999.0 -999.0 -999.0 -999.0 37.49440778561355 -23.699623142016755 37.453081332032525 -23.577736936986124 71.80501144779183 77.13294837559062 -999.0 6231.0 -999.0 -1 -999 {-999.0 -999.0 -999.0 -999.0 -999.0} "" -999.0 -999.0 -999.0 -999.0 -999 -999 "" "" "" "" 0 0 0.0 0.0 -999 ""
FIBERMAP 492 R-4C12 APOGEE 0 0 0 1 0 0 -10.395084960878904 -67.21045063762716 143.1 61.22821923325934 -29.595057293871758 146.76057 104.494385 -999.0 -999.0 -999.0 -999.0 -999.0 37.629273623952976 -24.044851030612573 37.587184733528716 -23.923062695275895 71.81421572216993 78.30659004072174 -999.0 16600.0 -999.0 2 -999 {-999.0 -999.0 -999.0 -999.0 -999.0} "" -999.0 -999.0 -999.0 -999.0 -999 -999 "" "" "" "" 0 0 0.0 0.0 -999 ""
FIBERMAP 492 R-4C12 BOSS 1 1 0 1 0 0 -10.165976186424471 -66.48746372428482 143.1 60.603883341414495 -29.164547804956154 146.76057 104.494385 37.62702920439314 -24.043648418019146 82.673874 36.279957 2.7737992 37.62730719752663 -24.04354324230396 37.58515102413145 -23.921776804238096 71.81550735960522 78.30064616164015 5400.0 5400.0 2016.0 1 408 {-999.0 19.809618 18.479532 17.20277 -999.0} sdss_psfmag_ps1 19.269018 17.87119 16.707067 -999.0 63050395811944720 1073349092 bright_1x1 mwm_halo_local_high_boss_single mwm_halo science 0 0 0.0 0.0 -999 ""
FIBERMAP 492 R-4C12 METROLOGY 0 0 0 1 0 0 -9.664951935353626 -67.04795761675118 143.1 61.28635999602758 -28.849368001326056 146.76057 104.494385 -999.0 -999.0 -999.0 -999.0 -999.0 37.629558244571605 -24.042588601874513 37.587421522776765 -23.92081901876148 71.81322795474709 78.30009823171889 -999.0 6231.0 -999.0 -1 -999 {-999.0 -999.0 -999.0 -999.0 -999.0} "" -999.0 -999.0 -999.0 -999.0 -999 -999 "" "" "" "" 0 0 0.0 0.0 -999 ""
FIBERMAP 494 R+10C13 APOGEE 0 0 0 1 0 0 98.17328336056114 213.3362988640194 143.1 -175.28719839766492 156.2636447852443 127.159615 39.618877 -999.0 -999.0 -999.0 -999.0 -999.0 36.84602559889652 -23.482181972020193 36.80594745665127 -23.359322042490398 72.27312437914665 75.75339063951117 -999.0 16600.0 -999.0 2 -999 {-999.0 -999.0 -999.0 -999.0 -999.0} "" -999.0 -999.0 -999.0 -999.0 -999 -999 "" "" "" "" 0 0 0.0 0.0 -999 ""
FIBERMAP 494 R+10C13 BOSS 1 1 0 1 0 0 98.912650891974 213.189062068177 143.1 -174.9301864034747 156.92758685804534 127.159615 39.618877 36.847301157272526 -23.480057021869236 -13.52087 -20.486633 3.6061263 36.84725503113227 -23.48012888350132 36.80711019870017 -23.357297785557726 72.27136112946178 75.74859984631036 5400.0 5400.0 2016.0 1 103 {-999.0 19.093203 17.725573 16.425125 -999.0} sdss_psfmag_ps1 18.577402 17.105736 15.926757 13.692 63050395811957750 1081931930 bright_flexible_2x1 mwm_snc_ext_filler_boss mwm_snc science 0 0 0.0 0.0 -999 ""
FIBERMAP 494 R+10C13 METROLOGY 0 0 0 1 0 0 98.40734519389943 212.6258671115122 143.1 -174.539418308941 156.27970119270833 127.159615 39.618877 -999.0 -999.0 -999.0 -999.0 -999.0 36.848477278844 -23.482065087886692 36.808346939824844 -23.35922787586189 72.27105441504216 75.75588418817676 -999.0 6231.0 -999.0 -1 -999 {-999.0 -999.0 -999.0 -999.0 -999.0} "" -999.0 -999.0 -999.0 -999.0 -999 -999 "" "" "" "" 0 0 0.0 0.0 -999 ""
FIBERMAP 496 R-9C5 APOGEE 0 0 1 1 0 0 -99.30132707241955 -167.12492776002773 143.1 130.7689496811785 -143.82824103314815 11.968334 168.57275 -999.0 -999.0 -999.0 -999.0 -999.0 37.86147998243224 -24.390025533342357 37.81844742628499 -24.26850947445594 71.73343441649644 79.57498441286305 -999.0 16600.0 -999.0 2 268 {-999.0 -999.0 -999.0 -999.0 -999.0} "" -999.0 -999.0 -999.0 -999.0 -999 -999 "" "" "" "" 0 0 0.0 0.0 -999 ""
FIBERMAP 496 R-9C5 BOSS 1 0 1 1 0 0 -98.54845681858247 -167.16359446630204 143.1 131.02609322764252 -143.1196370864495 11.968334 168.57275 37.88234114446168 -24.448923887245652 59.334682 73.76194 8.994355 37.86244412584469 -24.38789661265336 37.819341160779516 -24.266406166653606 71.73196821228576 79.56951606945665 5400.0 5400.0 2016.0 1 364 {-999.0 20.757736 20.306631 19.994217 -999.0} sdss_psfmag_ps1 20.667711 20.231102 19.92889 -999.0 63050395811943694 1080544325 bright_flexible_2x1 mwm_snc_ext_filler_boss mwm_snc science 0 0 0.0 0.0 -999 ""
FIBERMAP 496 R-9C5 METROLOGY 0 0 1 1 0 0 -98.95992064658941 -167.80043967976675 143.1 131.51473051131677 -143.69932732210643 11.968334 168.57275 -999.0 -999.0 -999.0 -999.0 -999.0 37.86407077698032 -24.38966485770353 37.82098315543982 -24.268169851058065 71.73114094145267 79.57640767323869 -999.0 6231.0 -999.0 -1 -999 {-999.0 -999.0 -999.0 -999.0 -999.0} "" -999.0 -999.0 -999.0 -999.0 -999 -999 "" "" "" "" 0 0 0.0 0.0 -999 ""
FIBERMAP 499 R+7C3 APOGEE 0 0 0 1 0 0 -163.8822224007379 123.03311496830138 143.1 -165.57281843487337 -120.72807119903145 291.05164 114.85773 -999.0 -999.0 -999.0 -999.0 -999.0 36.87567481938748 -24.321113494596602 36.83401331693648 -24.198064333524766 72.55463591156801 78.37004361281936 -999.0 16600.0 -999.0 2 17 {-999.0 -999.0 -999.0 -999.0 -999.0} "" -999.0 -999.0 -999.0 -999.0 -999 -999 "" "" "" "" 0 0 0.0 0.0 -999 ""
FIBERMAP 499 R+7C3 BOSS 1 1 0 1 0 0 -164.39535076924577 122.51925948407681 143.1 -165.23151752894196 -121.36900823211393 291.05164 114.85773 36.876823387039046 -24.323075036359544 1.6498075 -1.4410768 0.36679643 36.8768289808472 -24.323064618892314 36.83509301613759 -24.200039869233564 72.55439019573544 78.37736080661887 5400.0 5400.0 2016.0 1 27 {-999.0 16.889412 16.46924 16.343054 -999.0} sdss_psfmag_ps1 16.775995 16.48894 16.03407 15.272 63050395811954613 977163925 "" ops_std_boss ops_std standard_boss 0 0 0.0 0.0 -999 ""
FIBERMAP 499 R+7C3 METROLOGY 0 0 0 1 0 0 -164.59639575625235 123.25900371702456 143.1 -165.9976714229709 -121.34492103168877 291.05164 114.85773 -999.0 -999.0 -999.0 -999.0 -999.0 36.87424398314839 -24.32300495527076 36.83253106248975 -24.199969636620533 72.55656049586048 78.37446156177998 -999.0 6231.0 -999.0 -1 -999 {-999.0 -999.0 -999.0 -999.0 -999.0} "" -999.0 -999.0 -999.0 -999.0 -999 -999 "" "" "" "" 0 0 0.0 0.0 -999 ""
FIBERMAP 500 R-7C10 APOGEE 0 0 0 1 0 0 -1.1034533488134919 -141.0774263100319 143.1 134.5787472536656 -42.31186459043936 317.6142 131.51239 -999.0 -999.0 -999.0 -999.0 -999.0 37.872973761238356 -24.082452165293613 37.83051108643815 -23.961040717506005 71.61892177723585 78.66666133996353 -999.0 16600.0 -999.0 2 190 {-999.0 -999.0 -999.0 -999.0 -999.0} "" -999.0 -999.0 -999.0 -999.0 -999 -999 "" "" "" "" 0 0 0.0 0.0 -999 ""
FIBERMAP 500 R-7C10 BOSS 1 1 0 1 0 0 -1.1038446979228738 -141.7893945998852 143.1 135.25943306769898 -42.52044699000899 317.6142 131.51239 37.8753662109375 -24.083069698208035 -999.0 -999.0 -999.0 37.875375623530495 -24.0830678934236 37.83283562498474 -23.961684745080927 71.61715134280637 78.670907026814 5400.0 5400.0 2015.5 1 388 {-999.0 -999.0 -999.0 -999.0 -999.0} "" -999.0 -999.0 -999.0 -999.0 27021603163403357 822006238 "" ops_sky_boss_good ops_sky sky_boss 0 0 0.0 0.0 -999 ""
FIBERMAP 500 R-7C10 METROLOGY 0 0 0 1 0 0 -1.7520904148608665 -141.44784367297567 143.1 134.74326117098752 -43.04043104029009 317.6142 131.51239 -999.0 -999.0 -999.0 -999.0 -999.0 37.8736667833649 -24.084665774664245 37.831146620346544 -23.96327246414864 71.61914855233074 78.67393901281469 -999.0 6231.0 -999.0 -1 -999 {-999.0 -999.0 -999.0 -999.0 -999.0} "" -999.0 -999.0 -999.0 -999.0 -999 -999 "" "" "" "" 0 0 0.0 0.0 -999 ""
FIBERMAP 502 R+1C22 APOGEE 0 0 0 1 0 0 190.79036428852103 11.58490390369538 143.1 44.71703287617012 185.8259747477268 199.34312 169.68353 -999.0 -999.0 -999.0 -999.0 -999.0 37.57212996391373 -23.39192862074609 37.5313331408791 -23.270233485519498 71.62349264318863 76.30939767107077 -999.0 16600.0 -999.0 2 81 {-999.0 -999.0 -999.0 -999.0 -999.0} "" -999.0 -999.0 -999.0 -999.0 -999 -999 "" "" "" "" 0 0 0.0 0.0 -999 ""
FIBERMAP 502 R+1C22 BOSS 1 1 0 1 0 0 190.034013881935 11.46520581758892 143.1 44.6103036067412 185.06773076084755 199.34312 169.68353 37.571868896484375 -23.394140776763848 -999.0 -999.0 -999.0 37.57187355882013 -23.394133190557042 37.53100122648891 -23.27246410828888 71.62462278444976 76.31557421573126 5400.0 5400.0 2015.5 1 245 {-999.0 -999.0 -999.0 -999.0 -999.0} "" -999.0 -999.0 -999.0 -999.0 27021603163418147 814338999 "" ops_sky_boss_good ops_sky sky_boss 0 0 0.0 0.0 -999 ""
FIBERMAP 502 R+1C22 METROLOGY 0 0 0 1 0 0 190.31736529700862 12.169091410353335 143.1 44.02009556299427 185.5445223006307 199.34312 169.68353 -999.0 -999.0 -999.0 -999.0 -999.0 37.56990496362891 -23.392679811853117 37.52905805497119 -23.27100035135473 71.62571725482432 76.30912645765966 -999.0 6231.0 -999.0 -1 -999 {-999.0 -999.0 -999.0 -999.0 -999.0} "" -999.0 -999.0 -999.0 -999.0 -999 -999 "" "" "" "" 0 0 0.0 0.0 -999 ""
FIBERMAP 504 R+7C15 APOGEE 0 0 0 1 0 0 115.79756110782674 141.5955559646948 143.1 -101.53302138427232 152.13649914394142 43.52111 93.27364 -999.0 -999.0 -999.0 -999.0 -999.0 37.08904288229762 -23.49442139034722 37.04864489896477 -23.37193704594734 72.07209808832414 76.06982819816369 -999.0 16600.0 -999.0 2 -999 {-999.0 -999.0 -999.0 -999.0 -999.0} "" -999.0 -999.0 -999.0 -999.0 -999 -999 "" "" "" "" 0 0 0.0 0.0 -999 ""
FIBERMAP 504 R+7C15 BOSS 1 1 0 1 0 0 116.3308269611249 141.08539321916163 143.1 -100.88924377415107 152.4972279534526 43.52111 93.27364 37.091217041015625 -23.493245186792024 -999.0 -999.0 -999.0 37.09120406147068 -23.49325058487229 37.05073570052707 -23.370796380090937 72.06988904094857 76.06877669188447 5400.0 5400.0 2015.5 1 195 {-999.0 -999.0 -999.0 -999.0 -999.0} "" -999.0 -999.0 -999.0 -999.0 27021603163417905 814339025 "" ops_sky_boss_good ops_sky sky_boss 0 0 0.0 0.0 -999 ""
FIBERMAP 504 R+7C15 METROLOGY 0 0 0 1 0 0 115.62527044459232 140.8676726332753 143.1 -100.88738752368859 151.75888851461502 43.52111 93.27364 -999.0 -999.0 -999.0 -999.0 -999.0 37.0911698595357 -23.495470325968093 37.05071725838633 -23.37300794707316 72.07074694369726 76.07539830207361 -999.0 6231.0 -999.0 -1 -999 {-999.0 -999.0 -999.0 -999.0 -999.0} "" -999.0 -999.0 -999.0 -999.0 -999 -999 "" "" "" "" 0 0 0.0 0.0 -999 ""
FIBERMAP 508 R-3C10 APOGEE 0 0 0 1 0 0 -74.63177219741412 -64.10945527862228 143.1 39.477584299666226 -90.11278174176827 243.50621 61.751293 -999.0 -999.0 -999.0 -999.0 -999.0 37.55744412049417 -24.2287263408181 37.51509840577057 -24.10677266428358 71.93953451177126 78.78753179748674 -999.0 16600.0 -999.0 2 -999 {-999.0 -999.0 -999.0 -999.0 -999.0} "" -999.0 -999.0 -999.0 -999.0 -999 -999 "" "" "" "" 0 0 0.0 0.0 -999 ""
FIBERMAP 508 R-3C10 BOSS 1 1 0 1 0 0 -75.0919782483286 -63.48877139783586 143.1 38.74948949477516 -90.37132827963804 243.50621 61.751293 37.55512091185289 -24.229551281867327 -0.52309877 0.06671824 -0.33069256 37.55511876256937 -24.229543925842236 37.51270243390326 -24.107610241179756 71.94187608247037 78.78765921903897 5400.0 5400.0 2016.0 1 494 {-999.0 19.618103 19.599163 19.316887 -999.0} sdss_psfmag_ps1 19.713413 19.45585 19.061785 -999.0 63050395811944625 1117293140 bright_1x1 openfibertargets_bhm_quaia_boss open_fiber science 0 0 0.0 0.0 -999 ""
FIBERMAP 508 R-3C10 METROLOGY 0 0 0 1 0 0 -74.32512947983842 -63.42720278829785 143.1 38.9148736344067 -89.62004491899594 243.50621 61.751293 -999.0 -999.0 -999.0 -999.0 -999.0 37.55564746612121 -24.227278916942005 37.51325514397689 -24.105339937048285 71.94062578723897 78.7813332091502 -999.0 6231.0 -999.0 -1 -999 {-999.0 -999.0 -999.0 -999.0 -999.0} "" -999.0 -999.0 -999.0 -999.0 -999 -999 "" "" "" "" 0 0 0.0 0.0 -999 ""
FIBERMAP 510 R-3C24 APOGEE 0 0 0 1 0 0 268.03475635184054 -50.956013852143826 143.1 127.10944896160565 241.39933659104855 31.663141 119.69704 -999.0 -999.0 -999.0 -999.0 -999.0 37.84243205489793 -23.22420737940975 37.801621091967206 -23.102989009686112 71.3299551032381 76.1221945212975 -999.0 16600.0 -999.0 2 238 {-999.0 -999.0 -999.0 -999.0 -999.0} "" -999.0 -999.0 -999.0 -999.0 -999 -999 "" "" "" "" 0 0 0.0 0.0 -999 ""
FIBERMAP 510 R-3C24 BOSS 1 1 0 1 0 0 268.7108938232239 -51.25168479423724 143.1 127.58990604564646 241.95940852494928 31.663141 119.69704 37.84405027104804 -23.22249020453873 6.448802 -2.6991737 0.8831813 37.84406216116385 -23.222505628618347 37.803179699018074 -23.101318231099015 71.32798887665297 76.11910109979021 5400.0 5400.0 2016.0 1 348 {-999.0 17.902222 16.73232 16.187485 -999.0} sdss_psfmag_ps1 17.427042 16.6671 15.827457 14.049 63050395811957389 1075846755 bright_1x1 mwm_erosita_stars_boss mwm_erosita science 0 0 0.0 0.0 -999 ""
FIBERMAP 510 R-3C24 METROLOGY 0 0 0 1 0 0 268.09646498877004 -51.68806288565735 143.1 127.827496974385 241.2442631918891 31.663141 119.69704 -999.0 -999.0 -999.0 -999.0 -999.0 37.84486825833135 -23.224613056101234 37.80400149426208 -23.103418438038826 71.32809948036031 76.12606457374693 -999.0 6231.0 -999.0 -1 -999 {-999.0 -999.0 -999.0 -999.0 -999.0} "" -999.0 -999.0 -999.0 -999.0 -999 -999 "" "" "" "" 0 0 0.0 0.0 -999 ""
FIBERMAP 511 R-1C13 APOGEE 0 0 0 1 0 0 -29.049806704858984 -19.747235082482554 143.1 10.38742234519706 -33.55297171903174 215.19716 78.54501 -999.0 -999.0 -999.0 -999.0 -999.0 37.460254169392364 -24.057286959671863 37.41835213229939 -23.93522777294346 71.96301890802883 78.16933218578725 -999.0 16600.0 -999.0 2 180 {-999.0 -999.0 -999.0 -999.0 -999.0} "" -999.0 -999.0 -999.0 -999.0 -999 -999 "" "" "" "" 0 0 0.0 0.0 -999 ""
FIBERMAP 511 R-1C13 BOSS 1 1 0 1 0 0 -29.34403150651592 -19.06508718938206 143.1 9.64909385234389 -33.63482866301236 215.19716 78.54501 37.4578857421875 -24.057535694167598 -999.0 -999.0 -999.0 37.45787736698202 -24.057537032297557 37.415906285902 -23.935498519692086 71.9652073107965 78.16761789001339 5400.0 5400.0 2015.5 1 431 {-999.0 -999.0 -999.0 -999.0 -999.0} "" -999.0 -999.0 -999.0 -999.0 27021603163404362 822006321 "" ops_sky_boss_good ops_sky sky_boss 0 0 0.0 0.0 -999 ""
FIBERMAP 511 R-1C13 METROLOGY 0 0 0 1 0 0 -28.603648467766238 -19.149209849172692 143.1 9.946051650409624 -32.951458425469106 215.19716 78.54501 -999.0 -999.0 -999.0 -999.0 -999.0 37.45884157131663 -24.05546926025737 37.41689343755655 -23.93342591395401 71.96363516008259 78.16237179772679 -999.0 6231.0 -999.0 -1 -999 {-999.0 -999.0 -999.0 -999.0 -999.0} "" -999.0 -999.0 -999.0 -999.0 -999 -999 "" "" "" "" 0 0 0.0 0.0 -999 ""
FIBERMAP 512 R+9C8 APOGEE 0 0 0 1 0 0 -42.63548403725736 170.58290573256542 143.1 -175.58358293331293 9.116288265008905 174.5345 142.6039 -999.0 -999.0 -999.0 -999.0 -999.0 36.84305833394036 -23.927621334890837 36.802165703477044 -23.804631666227227 72.4427616892706 77.11202526860382 -999.0 16600.0 -999.0 2 134 {-999.0 -999.0 -999.0 -999.0 -999.0} "" -999.0 -999.0 -999.0 -999.0 -999 -999 "" "" "" "" 0 0 0.0 0.0 -999 ""
FIBERMAP 512 R+9C8 BOSS 1 1 0 1 0 0 -43.19864899784828 171.07165700767703 143.1 -176.21563011110715 8.720707673859897 174.5345 142.6039 36.84093343163276 -23.928797574399688 -999.0 -999.0 -999.0 36.840966088246574 -23.928788359913348 36.800004824469 -23.805819747517024 72.4450352133997 77.11331481019738 5400.0 5400.0 2016.0 1 129 {-999.0 17.87172 17.103167 16.766115 16.474669} sdss_fiber2mag_from_lsdr10 nan nan nan -999.0 63050396656233043 1065951209 bright_1x1 bhm_colr_galaxies_lsdr10 bhm_filler science 0 0 0.0 0.0 -999 ""
FIBERMAP 512 R+9C8 METROLOGY 0 0 0 1 0 0 -42.483647286953904 171.31388227516857 143.1 -176.23815614008552 9.475244977360427 174.5345 142.6039 -999.0 -999.0 -999.0 -999.0 -999.0 36.84085409893171 -23.926506144490126 36.799916760616725 -23.80353102267475 72.44427901351452 77.10614803282414 -999.0 6231.0 -999.0 -1 -999 {-999.0 -999.0 -999.0 -999.0 -999.0} "" -999.0 -999.0 -999.0 -999.0 -999 -999 "" "" "" "" 0 0 0.0 0.0 -999 ""
FIBERMAP 513 R+2C25 APOGEE 0 0 0 1 0 0 276.88250543248387 25.70646576731422 143.1 56.39048150439713 272.27894984026267 317.98138 100.62679 -999.0 -999.0 -999.0 -999.0 -999.0 37.609384068341356 -23.131786328892545 37.5690253916315 -23.010223653286126 71.49118612499723 75.59342820985034 -999.0 16600.0 -999.0 2 108 {-999.0 -999.0 -999.0 -999.0 -999.0} "" -999.0 -999.0 -999.0 -999.0 -999 -999 "" "" "" "" 0 0 0.0 0.0 -999 ""
FIBERMAP 513 R+2C25 BOSS 1 1 0 1 0 0 276.5232156124183 25.077629311950687 143.1 56.886718411331074 271.75149166000074 317.98138 100.62679 37.61106936217319 -23.13336577498231 10.8254795 -6.0456343 2.3074048 37.61109146174047 -23.133353502044695 37.5706560510032 -23.01182118542792 71.49043023338297 75.59990952413767 5400.0 5400.0 2016.0 1 184 {-999.0 21.193703 19.832113 18.44242 -999.0} sdss_psfmag_ps1 20.425491 19.154041 17.965284 15.243 63050395811957634 1096447686 bright_1x1 mwm_bin_vis_boss mwm_filler science 0 0 0.0 0.0 -999 ""
FIBERMAP 513 R+2C25 METROLOGY 0 0 0 1 0 0 276.13677609791034 25.72680201266428 143.1 56.15295425347517 271.5718136383383 317.98138 100.62679 -999.0 -999.0 -999.0 -999.0 -999.0 37.60867426297415 -23.133848710128852 37.56826118640856 -23.012304457938264 71.49264783596684 75.59859294717671 -999.0 6231.0 -999.0 -1 -999 {-999.0 -999.0 -999.0 -999.0 -999.0} "" -999.0 -999.0 -999.0 -999.0 -999 -999 "" "" "" "" 0 0 0.0 0.0 -999 ""
FIBERMAP 516 R+10C9 APOGEE 0 0 0 1 0 0 -6.483826499743464 203.98146119137547 143.1 -196.9478410746524 53.45240666495065 113.45689 127.40159 -999.0 -999.0 -999.0 -999.0 -999.0 36.77303406952056 -23.7931362523831 36.73247582503819 -23.670075556097736 72.4527591669052 76.6193545241652 -999.0 16600.0 -999.0 2 -999 {-999.0 -999.0 -999.0 -999.0 -999.0} "" -999.0 -999.0 -999.0 -999.0 -999 -999 "" "" "" "" 0 0 0.0 0.0 -999 ""
FIBERMAP 516 R+10C9 BOSS 1 1 0 1 0 0 -6.13035477758413 204.62166202046015 143.1 -197.45664630001593 53.977624848021705 113.45689 127.40159 36.77134779004871 -23.791437407333046 6.6704664 -14.619735 1.0359219 36.77137723489975 -23.791503630035155 36.73075527647666 -23.668465938980997 72.45362669300368 76.61245928478252 5400.0 5400.0 2016.0 1 126 {-999.0 -999.0 -999.0 -999.0 -999.0} "" -999.0 17.17776 -999.0 13.483 63050395811955456 1094516179 bright_1x1 mwm_bin_vis_boss mwm_filler science 0 0 0.0 0.0 -999 ""
FIBERMAP 516 R+10C9 METROLOGY 0 0 0 1 0 0 -5.735927404624197 203.99350944086993 143.1 -196.74064608842028 54.171088170899466 113.45689 127.40159 -999.0 -999.0 -999.0 -999.0 -999.0 36.77368936258623 -23.790920314839276 36.73308509090191 -23.66787925982278 72.45142733155687 76.61327369784163 -999.0 6231.0 -999.0 -1 -999 {-999.0 -999.0 -999.0 -999.0 -999.0} "" -999.0 -999.0 -999.0 -999.0 -999 -999 "" "" "" "" 0 0 0.0 0.0 -999 ""
FIBERMAP 517 R+13C10 APOGEE 1 1 0 1 0 0 49.28378761476605 267.424862468675 143.1 -241.30516845256193 125.33207070938802 138.518 89.41093 36.628603294080406 -23.575584283737694 -5.3908205 -16.368374 0.9433405 36.62859420761256 -23.575623963459385 36.58861230127684 -23.4524006046514 72.4930187946694 75.78490191527476 16000.0 16600.0 2016.0 2 97 {-999.0 13.5917845 12.929682 12.682061 -999.0} sdss_psfmag_from_g3xp 13.418758 12.959664 12.336855 11.093 63050395811956432 1110366819 bright_flexible_3x1 mwm_tess_rgb_apogee mwm_tessrgb science 0 0 0.0 0.0 -999 ""
FIBERMAP 517 R+13C10 BOSS 0 0 0 1 0 0 49.81731669989925 267.95550353424153 143.1 -241.65655412226047 125.99742415092845 138.518 89.41093 -999.0 -999.0 -999.0 -999.0 -999.0 36.62753653248963 -23.573593861379326 36.58749150085072 -23.45039530359572 72.49320217759073 75.7774354288012 -999.0 5400.0 -999.0 1 171 {-999.0 -999.0 -999.0 -999.0 -999.0} "" -999.0 -999.0 -999.0 -999.0 -999 -999 "" "" "" "" 0 0 0.0 0.0 -999 ""
FIBERMAP 517 R+13C10 METROLOGY 0 0 0 1 0 0 50.0029962509499 267.2309912789689 143.1 -240.9094588633632 125.96309861473505 138.518 89.41093 -999.0 -999.0 -999.0 -999.0 -999.0 36.6299131133144 -23.57368060803768 36.589884299015694 -23.450478371381877 72.49120559933488 75.78048076304219 -999.0 6231.0 -999.0 -1 -999 {-999.0 -999.0 -999.0 -999.0 -999.0} "" -999.0 -999.0 -999.0 -999.0 -999 -999 "" "" "" "" 0 0 0.0 0.0 -999 ""
FIBERMAP 519 R-5C15 APOGEE 0 0 0 1 0 0 85.02814459028954 -114.77464707686234 143.1 134.61577773521415 47.74111820467173 333.66544 66.44828 -999.0 -999.0 -999.0 -999.0 -999.0 37.87162579476028 -23.80925757334088 37.82968129489029 -23.687920776552986 71.52345913011621 77.85718319502604 -999.0 16600.0 -999.0 2 -999 {-999.0 -999.0 -999.0 -999.0 -999.0} "" -999.0 -999.0 -999.0 -999.0 -999 -999 "" "" "" "" 0 0 0.0 0.0 -999 ""
FIBERMAP 519 R-5C15 BOSS 1 1 0 1 0 0 84.4890762232267 -115.24709799393442 143.1 134.9099007534089 47.087485117262396 333.66544 66.44828 37.87281958298488 -23.811104689611124 -22.789957 -32.645348 2.7559376 37.87275192467473 -23.811188528066754 37.83072934443072 -23.68987865611095 71.52326469131697 77.86403598127237 5400.0 5400.0 2016.0 1 281 {-999.0 17.430134 16.07253 15.299325 -999.0} sdss_psfmag_ps1 16.844177 15.917653 14.966782 13.089 63050395811945252 1120550499 bright_1x1 openfibertargets_mwm_snc_further_ext_boss open_fiber science 0 0 0.0 0.0 -999 ""
FIBERMAP 519 R-5C15 METROLOGY 0 0 0 1 0 0 84.32463333174104 -114.52054055216924 143.1 134.1670602946769 47.14271572483874 333.66544 66.44828 -999.0 -999.0 -999.0 -999.0 -999.0 37.87028828477447 -23.81103221326383 37.82828973862621 -23.68971118065293 71.52529039272198 77.86101674673682 -999.0 6231.0 -999.0 -1 -999 {-999.0 -999.0 -999.0 -999.0 -999.0} "" -999.0 -999.0 -999.0 -999.0 -999 -999 "" "" "" "" 0 0 0.0 0.0 -999 ""
FIBERMAP 520 R+1C14 APOGEE 1 1 0 1 0 0 -1.2567959548161838 27.196553053238272 143.1 -26.373499868245798 6.751589840602317 160.17438 105.56255 37.33771580224449 -23.934942170254175 38.253593 -35.542778 4.7052717 37.337834259524705 -23.935046869127 37.296313030270824 -23.812829037725933 72.02401178820966 77.67115721465865 16000.0 16600.0 2016.0 2 121 {-999.0 13.04198 12.480278 12.27537 -999.0} sdss_psfmag_from_g3xp 12.907713 12.5063505 11.935447 10.839 63050395811944987 1103529024 bright_flexible_2x1 mwm_tess_2min_apogee mwm_planet science 0 0 0.0 0.0 -999 ""
FIBERMAP 520 R+1C14 BOSS 0 0 0 1 0 0 -1.153925385472732 27.938326930974632 143.1 -27.05271741433548 7.066881553179091 160.17438 105.56255 -999.0 -999.0 -999.0 -999.0 -999.0 37.33562815422175 -23.934061996963347 37.29404049079045 -23.811865864358793 72.02560862099914 77.66583230234812 -999.0 5400.0 -999.0 1 101 {-999.0 -999.0 -999.0 -999.0 -999.0} "" -999.0 -999.0 -999.0 -999.0 -999 -999 "" "" "" "" 0 0 0.0 0.0 -999 ""
FIBERMAP 520 R+1C14 METROLOGY 0 0 0 1 0 0 -0.5602396799521028 27.480248325172035 143.1 -26.44107464586743 7.500616697294564 160.17438 105.56255 -999.0 -999.0 -999.0 -999.0 -999.0 37.3376368776187 -23.932748755733552 37.29606929094575 -23.81054910281357 72.02340422200231 77.66400035030046 -999.0 6231.0 -999.0 -1 -999 {-999.0 -999.0 -999.0 -999.0 -999.0} "" -999.0 -999.0 -999.0 -999.0 -999 -999 "" "" "" "" 0 0 0.0 0.0 -999 ""
FIBERMAP 521 R+12C7 APOGEE 0 0 0 1 0 0 -35.19479878023639 248.88056682344882 143.1 -248.2776301700055 39.12862798020441 184.31392 48.811375 -999.0 -999.0 -999.0 -999.0 -999.0 36.60391006192188 -23.83614634885298 36.563482880538515 -23.712811694350716 72.61233498493073 76.56072517890448 -999.0 16600.0 -999.0 2 -999 {-999.0 -999.0 -999.0 -999.0 -999.0} "" -999.0 -999.0 -999.0 -999.0 -999 -999 "" "" "" "" 0 0 0.0 0.0 -999 ""
FIBERMAP 521 R+12C7 BOSS 1 1 0 1 0 0 -34.75033899942517 249.45961222548004 143.1 -248.7013486157284 39.72296670471817 184.31392 48.811375 36.60248913821283 -23.83432681563177 29.165236 3.4430177 1.6976953 36.60258015917892 -23.834317025407373 36.562089849140534 -23.711005692039755 72.61285119463943 76.55353094941029 5400.0 5400.0 2016.0 1 162 {-999.0 15.8350935 14.953081 14.671081 -999.0} sdss_psfmag_from_g3xp 15.560226 15.014073 14.32182 13.003 63050395811956082 1095796587 bright_1x1 mwm_bin_vis_boss mwm_filler science 0 0 0.0 0.0 -999 ""
FIBERMAP 521 R+12C7 METROLOGY 0 0 0 1 0 0 -34.45184491219253 248.79386176734045 143.1 -247.97745121193424 39.813701306530746 184.31392 48.811375 -999.0 -999.0 -999.0 -999.0 -999.0 36.60489132268543 -23.834048612893888 36.56441793211536 -23.710733881671526 72.6107704838441 76.55532695824667 -999.0 6231.0 -999.0 -1 -999 {-999.0 -999.0 -999.0 -999.0 -999.0} "" -999.0 -999.0 -999.0 -999.0 -999 -999 "" "" "" "" 0 0 0.0 0.0 -999 ""
FIBERMAP 522 R-4C13 APOGEE 0 0 0 1 0 0 26.975227634832574 -96.82333288050191 143.1 100.47331372297246 -2.520713645435373 330.75812 59.89078 -999.0 -999.0 -999.0 -999.0 -999.0 37.75929239607631 -23.962204193382696 37.71719799555103 -23.840645500673574 71.67396435536557 78.19350043639668 -999.0 16600.0 -999.0 2 -999 {-999.0 -999.0 -999.0 -999.0 -999.0} "" -999.0 -999.0 -999.0 -999.0 -999 -999 "" "" "" "" 0 0 0.0 0.0 -999 ""
FIBERMAP 522 R-4C13 BOSS 1 1 0 1 0 0 26.33134197608144 -97.18912435590258 143.1 100.63479376421334 -3.243383895943735 330.75812 59.89078 37.759966114121035 -23.96436655659885 -0.19308108 0.015588999 -0.19594808 37.759971995398324 -23.96437228594739 37.71779999029144 -23.842839089432495 71.67422203250129 78.20064661454671 5400.0 5400.0 2016.0 1 406 {-999.0 18.888073 18.767334 18.642788 18.599121} sdss_psfmag_from_gaiadr2 18.795252 18.761772 18.411554 -999.0 63050395811944824 1057697241 bright_flexible_2x1 bhm_gua_bright bhm_filler science 0 0 0.0 0.0 -999 ""
FIBERMAP 522 R-4C13 METROLOGY 0 0 0 1 0 0 26.322563263324586 -96.45791882089257 143.1 99.93303116398131 -3.0379443732179974 330.75812 59.89078 -999.0 -999.0 -999.0 -999.0 -999.0 37.757630344512535 -23.96376471268861 37.71548298566711 -23.842220872094487 71.67598755681016 78.19643134215329 -999.0 6231.0 -999.0 -1 -999 {-999.0 -999.0 -999.0 -999.0 -999.0} "" -999.0 -999.0 -999.0 -999.0 -999 -999 "" "" "" "" 0 0 0.0 0.0 -999 ""
FIBERMAP 525 R+2C1 APOGEE 1 1 0 1 0 0 -260.1410875170273 32.594096191682894 143.1 -107.24293950275569 -239.22099478411417 304.979 135.79851 37.06979233805042 -24.679175869273646 21.787102 -33.078342 7.4305778 37.069850580965564 -24.67925137870724 37.02727389760679 -24.5564048999638 72.5084439999293 79.69114695588166 16000.0 16600.0 2016.0 2 4 {-999.0 13.276697 12.202651 11.847214 -999.0} sdss_psfmag_from_g3xp 12.899897 12.258299 11.494943 10.009 63050395811942674 1164969032 bright_1x1 openfibertargets_mwm_rvscnn24_nearby_dwarfs_apogee open_fiber science 0 0 0.0 0.0 -999 ""
FIBERMAP 525 R+2C1 BOSS 0 0 0 1 0 0 -260.2278156279644 31.839632160866735 143.1 -106.54686663934508 -239.52456182258268 304.979 135.79851 -999.0 -999.0 -999.0 -999.0 -999.0 37.072235626709166 -24.680152961149982 37.029583914028535 -24.55733187794971 72.50675718811975 79.69633145545725 -999.0 5400.0 -999.0 1 4 {-999.0 -999.0 -999.0 -999.0 -999.0} "" -999.0 -999.0 -999.0 -999.0 -999 -999 "" "" "" "" 0 0 0.0 0.0 -999 ""
FIBERMAP 525 R+2C1 METROLOGY 0 0 0 1 0 0 -260.82956929580865 32.31954642970421 143.1 -107.18174856198071 -239.95962610894452 304.979 135.79851 -999.0 -999.0 -999.0 -999.0 -999.0 37.07008655689198 -24.681502704670432 37.02745498073432 -24.558671669523 72.50902338107646 79.6984588145504 -999.0 6231.0 -999.0 -1 -999 {-999.0 -999.0 -999.0 -999.0 -999.0} "" -999.0 -999.0 -999.0 -999.0 -999 -999 "" "" "" "" 0 0 0.0 0.0 -999 ""
FIBERMAP 526 R+6C6 APOGEE 0 0 0 1 0 0 -102.19258608015967 120.78719036054012 143.1 -145.38468178693458 -62.395837624119636 3.2067385 135.90979 -999.0 -999.0 -999.0 -999.0 -999.0 36.942651704783636 -24.144684855377694 36.901233326191004 -24.021789353343003 72.4358061739098 77.89151335189433 -999.0 16600.0 -999.0 2 -999 {-999.0 -999.0 -999.0 -999.0 -999.0} "" -999.0 -999.0 -999.0 -999.0 -999 -999 "" "" "" "" 0 0 0.0 0.0 -999 ""
FIBERMAP 526 R+6C6 BOSS 1 1 0 1 0 0 -101.6256917629005 120.2794409250544 143.1 -144.73337752241756 -62.002246764079636 3.2067385 135.90979 36.94472383025106 -24.143496812182086 22.827433 -2.7946298 1.4412228 36.94481515851639 -24.143498963918358 36.9033266931811 -24.020631045123245 72.43360886583169 77.89014903987334 5400.0 5400.0 2016.0 1 56 {-999.0 15.835896 15.121412 14.893683 -999.0} sdss_psfmag_ps1 15.64621 15.179931 14.556022 13.379 63050395811955033 1096559303 bright_1x1 mwm_bin_vis_boss mwm_filler science 0 0 0.0 0.0 -999 ""
FIBERMAP 526 R+6C6 METROLOGY 0 0 0 1 0 0 -102.32903007787314 120.05174406591075 143.1 -144.72133304131478 -62.74138257198779 3.2067385 135.90979 -999.0 -999.0 -999.0 -999.0 -999.0 36.94481522234491 -24.14575418309711 36.90334229026695 -24.022878859300416 72.43438609222622 77.89713772770386 -999.0 6231.0 -999.0 -1 -999 {-999.0 -999.0 -999.0 -999.0 -999.0} "" -999.0 -999.0 -999.0 -999.0 -999 -999 "" "" "" "" 0 0 0.0 0.0 -999 ""
FIBERMAP 527 R0C23 APOGEE 0 0 0 1 0 0 216.02607052444952 3.8368846799935135 143.1 59.50580112262515 207.6910979469754 29.011206 100.397285 -999.0 -999.0 -999.0 -999.0 -999.0 37.62062790788836 -23.325904900751862 37.5798951288815 -23.2043052282004 71.55709376212923 76.17032881440099 -999.0 16600.0 -999.0 2 84 {-999.0 -999.0 -999.0 -999.0 -999.0} "" -999.0 -999.0 -999.0 -999.0 -999 -999 "" "" "" "" 0 0 0.0 0.0 -999 ""
FIBERMAP 527 R0C23 BOSS 1 1 0 1 0 0 216.52749234906494 3.3021140313874966 143.1 60.163796893330684 208.01418043125716 29.011206 100.397285 37.62292374389534 -23.324758144835233 -20.734982 -31.812553 6.6324415 37.622878325882915 -23.324856268647057 37.58207288212361 -23.203287833483778 71.55485518447504 76.16977919298836 5400.0 5400.0 2016.0 1 257 {-999.0 17.218592 15.736931 14.6328535 -999.0} sdss_psfmag_ps1 16.595072 15.308145 14.190504 12.148 63050395811957270 940018871 bright_1x1 openfibertargets_nov2020_34a open_fiber science 0 0 0.0 0.0 -999 ""
FIBERMAP 527 R0C23 METROLOGY 0 0 0 1 0 0 215.80215365428407 3.1309969123251538 143.1 60.115304744523286 207.27055355332885 29.011206 100.397285 -999.0 -999.0 -999.0 -999.0 -999.0 37.62271913717132 -23.327073567001317 37.58193013401649 -23.205496490148963 71.55582160959676 76.17606995947347 -999.0 6231.0 -999.0 -1 -999 {-999.0 -999.0 -999.0 -999.0 -999.0} "" -999.0 -999.0 -999.0 -999.0 -999 -999 "" "" "" "" 0 0 0.0 0.0 -999 ""
FIBERMAP 529 R-10C15 APOGEE 0 0 0 1 0 0 145.51034343857293 -212.9274080393537 143.1 246.15910774855777 76.8717536979503 12.363805 25.582785 -999.0 -999.0 -999.0 -999.0 -999.0 38.23856132071145 -23.719442111634976 38.19633701144511 -23.598718375962687 71.1779346637949 77.97353574107092 -999.0 16600.0 -999.0 2 228 {-999.0 -999.0 -999.0 -999.0 -999.0} "" -999.0 -999.0 -999.0 -999.0 -999 -999 "" "" "" "" 0 0 0.0 0.0 -999 ""
FIBERMAP 529 R-10C15 BOSS 1 1 0 1 0 0 144.93154281776071 -213.38785852685115 143.1 246.43013637314252 76.18363713506814 12.363805 25.582785 38.23957001700946 -23.72137682302393 2.460463 -45.845676 5.5310884 38.23955618133615 -23.721489129097634 38.19725231514394 -23.60079264897638 71.17789632223317 77.9804696966603 5400.0 5400.0 2016.0 1 330 {-999.0 17.369024 16.022602 14.992269 -999.0} sdss_psfmag_ps1 16.724598 15.599642 14.543362 12.589 63050395811944598 940018495 bright_1x1 openfibertargets_nov2020_34a open_fiber science 0 0 0.0 0.0 -999 ""
FIBERMAP 529 R-10C15 METROLOGY 0 0 0 1 0 0 144.82408048458797 -212.64595941632436 143.1 245.68928927061407 76.29784036895322 12.363805 25.582785 -999.0 -999.0 -999.0 -999.0 -999.0 38.237149813439196 -23.72114862828419 38.194870641169985 -23.600440938480883 71.17980715732875 77.97702422006205 -999.0 6231.0 -999.0 -1 -999 {-999.0 -999.0 -999.0 -999.0 -999.0} "" -999.0 -999.0 -999.0 -999.0 -999 -999 "" "" "" "" 0 0 0.0 0.0 -999 ""
FIBERMAP 530 R+6C5 APOGEE 0 0 0 1 0 0 -132.01076931574605 128.11927267171956 143.1 -161.1158224106828 -88.76446617377647 67.40453 126.35968 -999.0 -999.0 -999.0 -999.0 -999.0 36.89046048533283 -24.224427402040355 36.848959768511634 -24.10142829897685 72.50839534816794 78.08373664468718 -999.0 16600.0 -999.0 2 30 {-999.0 -999.0 -999.0 -999.0 -999.0} "" -999.0 -999.0 -999.0 -999.0 -999 -999 "" "" "" "" 0 0 0.0 0.0 -999 ""
FIBERMAP 530 R+6C5 BOSS 1 1 0 1 0 0 -131.29264113461923 128.3132928934288 143.1 -161.09133937355975 -88.02103636388485 67.40453 126.35968 36.890556819928165 -24.222176035644083 -999.0 -999.0 -999.0 36.89055290882537 -24.2221818854887 36.84898684555469 -24.099207106285096 72.50759824859156 78.07683851765034 5400.0 5400.0 2016.0 1 50 {-999.0 17.462309 15.970587 14.553986 13.796774} sdss_psfmag_from_lsdr10 16.757814 15.711477 13.946005 11.632 63050395811954990 1058745388 bright_flexible_2x1 bhm_spiders_agn_lsdr10 bhm_spiders science 0 0 0.0 0.0 -999 ""
FIBERMAP 530 R+6C5 METROLOGY 0 0 0 1 0 0 -131.48190577490547 127.5855493463208 143.1 -160.450803051956 -88.41483701729153 67.40453 126.35968 -999.0 -999.0 -999.0 -999.0 -999.0 36.89263229955746 -24.223400269895187 36.8510810207614 -24.10042170887047 72.50622963661627 78.0828419721148 -999.0 6231.0 -999.0 -1 -999 {-999.0 -999.0 -999.0 -999.0 -999.0} "" -999.0 -999.0 -999.0 -999.0 -999 -999 "" "" "" "" 0 0 0.0 0.0 -999 ""
FIBERMAP 531 R-4C14 APOGEE 0 0 0 1 0 0 58.68914638574639 -84.03174650339224 143.1 97.51613434198565 31.545630934987038 349.65375 100.98204 -999.0 -999.0 -999.0 -999.0 -999.0 37.749008463162184 -23.85883343259388 37.70712153790055 -23.737287446397254 71.64590661414161 77.87600025955987 -999.0 16600.0 -999.0 2 -999 {-999.0 -999.0 -999.0 -999.0 -999.0} "" -999.0 -999.0 -999.0 -999.0 -999 -999 "" "" "" "" 0 0 0.0 0.0 -999 ""
FIBERMAP 531 R-4C14 BOSS 1 1 0 1 0 0 58.73548157310223 -84.74687852696472 143.1 98.2135101099791 31.380804308508196 349.65375 100.98204 37.75145071674943 -23.85927550416489 -0.112125956 0.10401586 0.80647427 37.75145485049533 -23.859282855270372 37.709491463872666 -23.73776605080562 71.6440513498304 77.87988105514557 5400.0 5400.0 2016.0 1 270 {-999.0 19.608423 19.617817 19.32413 -999.0} sdss_psfmag_ps1 19.717863 19.500257 19.072382 -999.0 63050395811944873 1117293168 bright_1x1 openfibertargets_bhm_quaia_boss open_fiber science 0 0 0.0 0.0 -999 ""
FIBERMAP 531 R-4C14 METROLOGY 0 0 0 1 0 0 58.05407157642232 -84.42694038411166 143.1 97.70830627842982 30.822787372273872 349.65375 100.98204 -999.0 -999.0 -999.0 -999.0 -999.0 37.74977749188042 -23.86098661517958 37.7078335443818 -23.739459455978096 71.64607377016635 77.88318226529168 -999.0 6231.0 -999.0 -1 -999 {-999.0 -999.0 -999.0 -999.0 -999.0} "" -999.0 -999.0 -999.0 -999.0 -999 -999 "" "" "" "" 0 0 0.0 0.0 -999 ""
FIBERMAP 534 R-5C9 APOGEE 0 0 0 1 0 0 -75.04537457536541 -100.23407671919519 143.1 73.89981437435347 -101.07257095859734 235.56133 61.958427 -999.0 -999.0 -999.0 -999.0 -999.0 37.67207116543628 -24.261566627366683 37.62951993448928 -24.139785362133427 71.85259124702972 79.0018714178089 -999.0 16600.0 -999.0 2 266 {-999.0 -999.0 -999.0 -999.0 -999.0} "" -999.0 -999.0 -999.0 -999.0 -999 -999 "" "" "" "" 0 0 0.0 0.0 -999 ""
FIBERMAP 534 R-5C9 BOSS 1 1 0 1 0 0 -75.38362346934713 -99.57395589197647 143.1 73.16967424608364 -101.20296634082246 235.56133 61.958427 37.669952128390456 -24.261887905927775 -15.140597 -39.08392 3.0383546 37.66975675104922 -24.261998518139542 37.62713515658595 -24.14023730346086 71.85479172641305 79.0008657414212 5400.0 5400.0 2016.0 1 361 {-999.0 16.723158 15.35695 14.791448 -999.0} sdss_psfmag_ps1 16.14729 15.311667 14.411443 12.643 63050395811943934 1081233728 bright_flexible_2x1 mwm_snc_ext_filler_boss mwm_snc science 0 0 0.0 0.0 -999 ""
FIBERMAP 534 R-5C9 METROLOGY 0 0 0 1 0 0 -74.63124612332987 -99.60079167551406 143.1 73.41536064925076 -100.49137388581455 235.56133 61.958427 -999.0 -999.0 -999.0 -999.0 -999.0 37.67055596838394 -24.259855420354405 37.62795795500705 -24.138089323623277 71.85335656185475 78.99519605877936 -999.0 6231.0 -999.0 -1 -999 {-999.0 -999.0 -999.0 -999.0 -999.0} "" -999.0 -999.0 -999.0 -999.0 -999 -999 "" "" "" "" 0 0 0.0 0.0 -999 ""
FIBERMAP 536 R+4C9 APOGEE 0 0 0 1 0 0 -84.81897755133818 67.36543194559736 143.1 -89.22083985677094 -61.40547051888765 264.6034 50.667248 -999.0 -999.0 -999.0 -999.0 -999.0 37.129092211947686 -24.142004732255135 37.08744523523296 -24.019401184307434 72.2756953145352 78.08102117268089 -999.0 16600.0 -999.0 2 40 {-999.0 -999.0 -999.0 -999.0 -999.0} "" -999.0 -999.0 -999.0 -999.0 -999 -999 "" "" "" "" 0 0 0.0 0.0 -999 ""
FIBERMAP 536 R+4C9 BOSS 1 1 0 1 0 0 -85.35418854571009 67.89210281088317 143.1 -89.88097174373007 -61.76323167788174 264.6034 50.667248 37.126922607421875 -24.143094646506796 -999.0 -999.0 -999.0 37.12691588583124 -24.143097327408213 37.085199317724914 -24.020514049548492 72.2780064910085 78.08208711489306 5400.0 5400.0 2015.5 1 66 {-999.0 -999.0 -999.0 -999.0 -999.0} "" -999.0 -999.0 -999.0 -999.0 27021603163402663 814336980 "" ops_sky_boss_good ops_sky sky_boss 0 0 0.0 0.0 -999 ""
FIBERMAP 536 R+4C9 METROLOGY 0 0 0 1 0 0 -84.62850191280583 68.08586973639443 143.1 -89.85403610351966 -61.01264837861591 264.6034 50.667248 -999.0 -999.0 -999.0 -999.0 -999.0 37.126975122612826 -24.140832686800653 37.08528261631943 -24.018243345832236 72.27714040040928 78.07518704640694 -999.0 6231.0 -999.0 -1 -999 {-999.0 -999.0 -999.0 -999.0 -999.0} "" -999.0 -999.0 -999.0 -999.0 -999 -999 "" "" "" "" 0 0 0.0 0.0 -999 ""
FIBERMAP 537 R-10C13 APOGEE 0 0 0 1 0 0 79.88285031325591 -204.72052095695005 143.1 219.1193754852573 16.51727728675487 237.25783 106.71072 -999.0 -999.0 -999.0 -999.0 -999.0 38.15134645768435 -23.90256213326794 38.10888103745515 -23.781646657228123 71.3177865823578 78.41693732682472 -999.0 16600.0 -999.0 2 -999 {-999.0 -999.0 -999.0 -999.0 -999.0} "" -999.0 -999.0 -999.0 -999.0 -999 -999 "" "" "" "" 0 0 0.0 0.0 -999 ""
FIBERMAP 537 R-10C13 BOSS 1 1 0 1 0 0 79.09661281155418 -204.4531886851137 143.1 218.63381880171437 15.843637833792897 237.25783 106.71072 38.14987073702543 -23.90459727173846 0.8844012 1.6605484 -0.008995793 38.149885612392545 -23.904582571264694 38.10734397384914 -23.78368966402284 71.31982151138106 78.42136502251589 5400.0 5400.0 2016.0 1 378 {-999.0 20.485722 20.243832 20.226442 -999.0} sdss_psfmag_ps1 20.683907 20.373535 19.648748 -999.0 63050395811944451 1117293139 bright_1x1 openfibertargets_bhm_quaia_boss open_fiber science 0 0 0.0 0.0 -999 ""
FIBERMAP 537 R-10C13 METROLOGY 0 0 0 1 0 0 79.69385456714956 -203.99679530122836 143.1 218.37206260182668 16.54820176849893 237.25783 106.71072 -999.0 -999.0 -999.0 -999.0 -999.0 38.14902199674413 -23.902458173639683 38.10650648508852 -23.781557261628958 71.31978936439708 78.4142909987259 -999.0 6231.0 -999.0 -1 -999 {-999.0 -999.0 -999.0 -999.0 -999.0} "" -999.0 -999.0 -999.0 -999.0 -999 -999 "" "" "" "" 0 0 0.0 0.0 -999 ""
FIBERMAP 538 R+13C9 APOGEE 0 0 0 1 0 0 19.181617425373453 258.884747833761 143.1 -241.94200283056387 94.05021818215893 176.16025 95.14854 -999.0 -999.0 -999.0 -999.0 -999.0 36.62578155097656 -23.670103368762614 36.58563074507123 -23.54684911998472 72.53144499317675 76.07216030072925 -999.0 16600.0 -999.0 2 98 {-999.0 -999.0 -999.0 -999.0 -999.0} "" -999.0 -999.0 -999.0 -999.0 -999 -999 "" "" "" "" 0 0 0.0 0.0 -999 ""
FIBERMAP 538 R+13C9 BOSS 1 1 0 1 0 0 19.180176375880862 259.6194445012867 143.1 -242.64495790299472 94.263695092923 176.16025 95.14854 36.62351481779682 -23.66940077145482 6.2653084 -9.461258 0.310347 36.62354236375551 -23.669427864031327 36.58332740889733 -23.546195842960124 72.53315312857076 76.06748710378406 5400.0 5400.0 2016.0 1 172 {-999.0 16.828682 16.448406 16.299274 16.242285} sdss_psfmag_from_gaia 16.7715 16.4607 15.974 15.001 63050395811956225 971496571 "" ops_std_boss_gdr2 ops_std standard_boss 0 0 0.0 0.0 -999 ""
FIBERMAP 538 R+13C9 METROLOGY 0 0 0 1 0 0 19.80612421596334 259.2771355554579 143.1 -242.1345819679834 94.76213573133204 176.16025 95.14854 -999.0 -999.0 -999.0 -999.0 -999.0 36.625159479877915 -23.667913056702925 36.58496460164565 -23.544676739539 72.53118944123752 76.06469133873458 -999.0 6231.0 -999.0 -1 -999 {-999.0 -999.0 -999.0 -999.0 -999.0} "" -999.0 -999.0 -999.0 -999.0 -999 -999 "" "" "" "" 0 0 0.0 0.0 -999 ""
FIBERMAP 539 R-12C10 APOGEE 0 0 0 1 0 0 65.14740370503247 -239.52955559419746 143.1 248.0953278916232 -7.752654357807415 45.26652 35.634216 -999.0 -999.0 -999.0 -999.0 -999.0 38.24729868418512 -23.975418785685097 38.20457620909906 -23.854637034616477 71.26127081584828 78.72550269942815 -999.0 16600.0 -999.0 2 -999 {-999.0 -999.0 -999.0 -999.0 -999.0} "" -999.0 -999.0 -999.0 -999.0 -999 -999 "" "" "" "" 0 0 0.0 0.0 -999 ""
FIBERMAP 539 R-12C10 BOSS 1 1 0 1 0 0 65.04672380137293 -240.20924942719105 143.1 248.71582372679822 -8.047696602439688 45.26652 35.634216 38.249454288346975 -23.976249965968393 5.754449 -8.435626 0.19119854 38.24944121125766 -23.976272168105663 38.20663987025762 -23.85551889503887 71.25980733004948 78.73011750600699 5400.0 5400.0 2016.0 1 368 {-999.0 17.880644 17.595829 17.501883 17.48479} sdss_psfmag_from_lsdr8 17.848793 17.588808 17.168274 15.827 63050395811944391 908532593 "" ops_std_boss_lsdr10 ops_std standard_boss 0 0 0.0 0.0 -999 ""
FIBERMAP 539 R-12C10 METROLOGY 0 0 0 1 0 0 64.45745662416566 -239.81846949555816 143.1 248.16982563563724 -8.496887490266207 45.26652 35.634216 -999.0 -999.0 -999.0 -999.0 -999.0 38.247683522857706 -23.97765268432321 38.204902859266724 -23.856889028596623 71.26177292243057 78.73239933983109 -999.0 6231.0 -999.0 -1 -999 {-999.0 -999.0 -999.0 -999.0 -999.0} "" -999.0 -999.0 -999.0 -999.0 -999 -999 "" "" "" "" 0 0 0.0 0.0 -999 ""
FIBERMAP 540 R-12C4 APOGEE 0 0 0 1 0 0 -97.18329972715806 -230.6991807446924 143.1 192.17949173131598 -160.3946054034294 92.84941 168.66519 -999.0 -999.0 -999.0 -999.0 -999.0 38.06523116644293 -24.43848779325082 38.02185011729023 -24.31728371587565 71.5744803364547 79.91543607702664 -999.0 16600.0 -999.0 2 -999 {-999.0 -999.0 -999.0 -999.0 -999.0} "" -999.0 -999.0 -999.0 -999.0 -999 -999 "" "" "" "" 0 0 0.0 0.0 -999 ""
FIBERMAP 540 R-12C4 BOSS 1 1 0 1 0 0 -97.09749155202037 -229.96251873020367 143.1 191.50017253426657 -160.09712405453527 92.84941 168.66519 38.06303419973566 -24.437511659542118 10.392507 -32.38668 0.640361 38.06306973277972 -24.43759852829782 38.019619042372256 -24.31641464807359 71.5761164401512 79.91073025816553 5400.0 5400.0 2016.0 1 426 {-999.0 16.533733 16.05328 15.812918 -999.0} sdss_psfmag_ps1 16.401846 16.060019 15.525479 14.422 63050395811943654 1072826107 bright_1x1 mwm_halo_local_high_boss_single mwm_halo science 0 0 0.0 0.0 -999 ""
FIBERMAP 540 R-12C4 METROLOGY 0 0 0 1 0 0 -96.48897107643627 -230.420961511743 143.1 192.116501819675 -159.6493100657652 92.84941 168.66519 -999.0 -999.0 -999.0 -999.0 -999.0 38.06512148104803 -24.436263263515098 38.02169175235878 -24.31507641424557 71.57389333397174 79.90868864024412 -999.0 6231.0 -999.0 -1 -999 {-999.0 -999.0 -999.0 -999.0 -999.0} "" -999.0 -999.0 -999.0 -999.0 -999 -999 "" "" "" "" 0 0 0.0 0.0 -999 ""
FIBERMAP 541 R-13C2 APOGEE 0 0 0 1 0 0 -115.65142116968404 -236.15205214074467 143.1 191.9928292929612 -179.64888192620785 99.06294 78.70842 -999.0 -999.0 -999.0 -999.0 -999.0 38.064768984137885 -24.496549696321985 38.021277277145145 -24.375328608513787 71.59391365012885 80.08857876202666 -999.0 16600.0 -999.0 2 155 {-999.0 -999.0 -999.0 -999.0 -999.0} "" -999.0 -999.0 -999.0 -999.0 -999 -999 "" "" "" "" 0 0 0.0 0.0 -999 ""
FIBERMAP 541 R-13C2 BOSS 1 1 0 1 0 0 -114.88663771343121 -236.17642344581895 143.1 192.23978715175303 -178.92470575393756 99.06294 78.70842 38.06565559436753 -24.49432771491565 -0.20456974 -0.05997122 -0.17383325 38.065657710579785 -24.494338510374952 38.02209502870505 -24.373142662206696 71.59249880947365 80.08279840248036 5400.0 5400.0 2016.0 1 436 {-999.0 18.133669 18.011248 17.88707 17.84157} sdss_psfmag_from_gaiadr2 17.909029 18.004953 17.51677 -999.0 63050395811943634 1057697237 bright_flexible_2x1 bhm_gua_bright bhm_filler science 0 0 0.0 0.0 -999 ""
FIBERMAP 541 R-13C2 METROLOGY 0 0 0 1 0 0 -115.28973224293397 -236.80163145962 143.1 192.71974420034357 -179.49298989060276 99.06294 78.70842 -999.0 -999.0 -999.0 -999.0 -999.0 38.06726814746392 -24.49607511928559 38.02372110204698 -24.374874786435665 71.59166099008826 80.08951021316125 -999.0 6231.0 -999.0 -1 -999 {-999.0 -999.0 -999.0 -999.0 -999.0} "" -999.0 -999.0 -999.0 -999.0 -999 -999 "" "" "" "" 0 0 0.0 0.0 -999 ""
FIBERMAP 542 R+1C25 APOGEE 0 0 0 1 0 0 247.6645547327139 38.33494896598352 143.1 35.77033412737461 248.03315806795672 184.70844 32.73793 -999.0 -999.0 -999.0 -999.0 -999.0 37.54188831922429 -23.20462530264251 37.50147586279485 -23.082935161056966 71.5767893608637 75.72821638788241 -999.0 16600.0 -999.0 2 -999 {-999.0 -999.0 -999.0 -999.0 -999.0} "" -999.0 -999.0 -999.0 -999.0 -999 -999 "" "" "" "" 0 0 0.0 0.0 -999 ""
FIBERMAP 542 R+1C25 BOSS 1 1 0 1 0 0 248.26486469766087 38.810312194019815 143.1 35.49133579926721 248.74620344009065 184.70844 32.73793 37.54101732667961 -23.202440877261434 -2.2250748 -0.17990822 0.80054474 37.54103558571785 -23.202440520577397 37.5005566774085 -23.080777438685118 71.57672896111268 75.7208858047751 5400.0 5400.0 2016.0 1 192 {-999.0 14.92499 14.5653105 14.450762 -999.0} sdss_psfmag_from_g3xp 14.865755 14.577093 14.120651 13.325 63050395811957600 977878719 "" ops_std_boss ops_std standard_boss 0 0 0.0 0.0 -999 ""
FIBERMAP 542 R+1C25 METROLOGY 0 0 0 1 0 0 248.3561053733845 38.04989471117553 143.1 36.24514672477457 248.61107317129188 184.70844 32.73793 -999.0 -999.0 -999.0 -999.0 -999.0 37.54350520497931 -23.202807141381882 37.503042903538244 -23.081139987730474 71.57476299542598 75.72475804100918 -999.0 6231.0 -999.0 -1 -999 {-999.0 -999.0 -999.0 -999.0 -999.0} "" -999.0 -999.0 -999.0 -999.0 -999 -999 "" "" "" "" 0 0 0.0 0.0 -999 ""
FIBERMAP 545 R-11C6 APOGEE 0 0 0 1 0 0 -42.680309674738076 -205.00936814657535 143.1 183.55317693291903 -100.76487243396312 52.49764 95.57185 -999.0 -999.0 -999.0 -999.0 -999.0 38.036031750171546 -24.25854053465145 37.9930312197572 -24.137340166012002 71.53953503232424 79.35132058650544 -999.0 16600.0 -999.0 2 171 {-999.0 -999.0 -999.0 -999.0 -999.0} "" -999.0 -999.0 -999.0 -999.0 -999 -999 "" "" "" "" 0 0 0.0 0.0 -999 ""
FIBERMAP 545 R-11C6 BOSS 1 1 0 1 0 0 -42.050507059424106 -205.37569038551564 143.1 184.08764221599543 -100.26976822523972 52.49764 95.57185 38.03791090978367 -24.257024168893153 -0.2457026 -0.9502367 -1.5373325 38.037916700871726 -24.25702865668366 37.9948428187472 -24.13585580881767 71.53747892025396 79.34866186776532 5400.0 5400.0 2016.0 1 413 {-999.0 20.07169 19.705917 19.31697 -999.0} sdss_psfmag_ps1 19.941553 19.940126 18.736376 -999.0 63050395811943825 1117293105 bright_1x1 openfibertargets_bhm_quaia_boss open_fiber science 0 0 0.0 0.0 -999 ""
FIBERMAP 545 R-11C6 METROLOGY 0 0 0 1 0 0 -42.678139162295906 -205.75953951224884 143.1 184.27114258775063 -100.98217724022679 52.49764 95.57185 -999.0 -999.0 -999.0 -999.0 -999.0 38.03854175176773 -24.259201214441415 37.99548387953564 -24.1380219281366 71.53765637939222 79.35572476762792 -999.0 6231.0 -999.0 -1 -999 {-999.0 -999.0 -999.0 -999.0 -999.0} "" -999.0 -999.0 -999.0 -999.0 -999 -999 "" "" "" "" 0 0 0.0 0.0 -999 ""
FIBERMAP 549 R+8C4 APOGEE 0 0 0 1 0 0 -127.57965129007634 170.02016893918608 143.1 -199.88657448813376 -72.27382194706408 87.303055 92.57286 -999.0 -999.0 -999.0 -999.0 -999.0 36.762195331507655 -24.1739967747256 36.72094923258595 -24.050812507416175 72.60013853349255 77.78906024163769 -999.0 16600.0 -999.0 2 -999 {-999.0 -999.0 -999.0 -999.0 -999.0} "" -999.0 -999.0 -999.0 -999.0 -999 -999 "" "" "" "" 0 0 0.0 0.0 -999 ""
FIBERMAP 549 R+8C4 BOSS 1 1 0 1 0 0 -126.883170689257 170.06643704079184 143.1 -199.72713813941584 -71.59430071198717 87.303055 92.57286 36.762732129804014 -24.17194566312823 5.268083 3.2687292 0.35972396 36.762743776460866 -24.171934374504044 36.72143191883845 -24.04877520635212 72.59900851800457 77.78320312953258 5400.0 5400.0 2016.0 1 58 {-999.0 17.377615 17.00978 16.950943 -999.0} sdss_psfmag_ps1 17.336435 17.017635 16.535725 15.961 63050395811954719 944594147 bright_1x1 openfibertargets_nov2020_6c open_fiber science 0 0 0.0 0.0 -999 ""
FIBERMAP 549 R+8C4 METROLOGY 0 0 0 1 0 0 -127.20185682321235 169.37459202076113 143.1 -199.1587768588964 -72.10135896498086 87.303055 92.57286 -999.0 -999.0 -999.0 -999.0 -999.0 36.76456788444052 -24.173495028040577 36.723270365680264 -24.0503315409427 72.59798530048732 77.79005068064231 -999.0 6231.0 -999.0 -1 -999 {-999.0 -999.0 -999.0 -999.0 -999.0} "" -999.0 -999.0 -999.0 -999.0 -999 -999 "" "" "" "" 0 0 0.0 0.0 -999 ""
FIBERMAP 551 R-1C12 APOGEE 0 0 0 1 0 0 -49.641417393109535 -6.310584267102824 143.1 -8.482824269755042 -49.31372037661256 197.8559 45.837605 -999.0 -999.0 -999.0 -999.0 -999.0 37.3975709217115 -24.105243881438593 37.35565709722857 -23.983072369785045 72.03343373678662 78.24946799838165 -999.0 16600.0 -999.0 2 -999 {-999.0 -999.0 -999.0 -999.0 -999.0} "" -999.0 -999.0 -999.0 -999.0 -999 -999 "" "" "" "" 0 0 0.0 0.0 -999 ""
FIBERMAP 551 R-1C12 BOSS 1 1 0 1 0 0 -49.30558345184813 -5.630683698881448 143.1 -9.034749284975877 -48.79375803897945 197.8559 45.837605 37.393434921736535 -24.103795759299224 348.68277 37.941486 20.600916 37.395797096527495 -24.10367410182701 37.353817116119956 -23.981524520400754 72.03446849867751 78.24286252367779 5400.0 5400.0 2016.0 1 507 {-999.0 7.8228827 7.0208764 6.7594285 -999.0} sdss_psfmag_from_g3xp 7.5912237 7.082129 6.417715 5.13 63050395811943517 1114301409 bright_1x1 openfibertargets_mwm_tessperiodic_boss open_fiber science 0 0 4.064334392547607 0.0 -999 ""
FIBERMAP 551 R-1C12 METROLOGY 0 0 0 1 0 0 -48.895544663233665 -6.2542629778454195 143.1 -8.318556761127754 -48.58402930847347 197.8559 45.837605 -999.0 -999.0 -999.0 -999.0 -999.0 37.398158328429496 -24.10304504014735 37.35619678342982 -23.98089247696986 72.03221042222007 78.24340440745209 -999.0 6231.0 -999.0 -1 -999 {-999.0 -999.0 -999.0 -999.0 -999.0} "" -999.0 -999.0 -999.0 -999.0 -999 -999 "" "" "" "" 0 0 0.0 0.0 -999 ""
FIBERMAP 553 R+3C6 APOGEE 0 0 0 1 0 0 -162.70244578704006 50.808636357967195 143.1 -96.16511631631062 -140.72128636323643 244.7225 69.24175 -999.0 -999.0 -999.0 -999.0 -999.0 37.10617101775497 -24.38230280034157 37.06410443707722 -24.259596098812356 72.37840016690402 78.79968425103874 -999.0 16600.0 -999.0 2 -999 {-999.0 -999.0 -999.0 -999.0 -999.0} "" -999.0 -999.0 -999.0 -999.0 -999 -999 "" "" "" "" 0 0 0.0 0.0 -999 ""
FIBERMAP 553 R+3C6 BOSS 1 1 0 1 0 0 -163.21296468244117 51.34279817202423 143.1 -96.82519025521194 -141.05324572108626 244.7225 69.24175 37.10381395396085 -24.38333753513021 51.817837 -0.07305283 2.695934 37.10400742700905 -24.383332519008764 37.06187136484891 -24.26064520509114 72.38067101035192 78.80066786101878 5400.0 5400.0 2016.0 1 40 {-999.0 14.894045 14.083775 13.811138 -999.0} sdss_psfmag_from_g3xp 14.654835 14.134303 13.461954 12.109 63050395811943353 1083641237 bright_flexible_2x1 mwm_snc_ext_filler_boss mwm_snc science 0 0 0.0 0.0 -999 ""
FIBERMAP 553 R+3C6 METROLOGY 0 0 0 1 0 0 -162.4959514178256 51.52756493041291 143.1 -96.79218489261056 -140.31358810480288 244.7225 69.24175 -999.0 -999.0 -999.0 -999.0 -999.0 37.10408134489744 -24.38111920187122 37.06196924641739 -24.258426093678633 72.3798355306087 78.79386979386226 -999.0 6231.0 -999.0 -1 -999 {-999.0 -999.0 -999.0 -999.0 -999.0} "" -999.0 -999.0 -999.0 -999.0 -999 -999 "" "" "" "" 0 0 0.0 0.0 -999 ""
FIBERMAP 555 R-12C1 APOGEE 1 1 0 1 0 0 -150.0952471767175 -254.06514031223526 143.1 199.04897033773014 -217.82335912043766 8.210767 12.102985 38.08840919008156 -24.611149574544644 -2.173592 -7.4417777 3.1564164 38.0883428443965 -24.611194734552964 38.04460137498302 -24.48997930779726 71.61074593504482 80.45415459460276 16000.0 16600.0 2016.0 2 249 {-999.0 12.23801 11.79432 11.672349 -999.0} sdss_psfmag_from_g3xp 12.154972 11.828755 11.342247 10.553 63050395811940691 975170566 "" ops_std_apogee ops_std standard_apogee 0 0 0.0 0.0 -999 ""
FIBERMAP 555 R-12C1 BOSS 0 0 0 1 0 0 -150.7935821844027 -254.31446433253643 143.1 199.0831583702903 -218.56403530455754 8.210767 12.102985 -999.0 -999.0 -999.0 -999.0 -999.0 38.08850022597474 -24.61336345286249 38.04468015342587 -24.49217043082009 71.61137766042489 80.46080921465693 -999.0 5400.0 -999.0 1 517 {-999.0 -999.0 -999.0 -999.0 -999.0} "" -999.0 -999.0 -999.0 -999.0 -999 -999 "" "" "" "" 0 0 0.0 0.0 -999 ""
FIBERMAP 555 R-12C1 METROLOGY 0 0 0 1 0 0 -150.66862236484388 -253.58532783856592 143.1 198.42248476357068 -218.23131702851566 8.210767 12.102985 -999.0 -999.0 -999.0 -999.0 -999.0 38.08633971460535 -24.612440157080222 38.04254519151789 -24.49123748297651 71.61292093721585 80.45603993495399 -999.0 6231.0 -999.0 -1 -999 {-999.0 -999.0 -999.0 -999.0 -999.0} "" -999.0 -999.0 -999.0 -999.0 -999 -999 "" "" "" "" 0 0 0.0 0.0 -999 ""
FIBERMAP 557 R+4C13 APOGEE 0 0 0 1 0 0 41.66246907844641 69.42526181963869 143.1 -54.202230483914015 60.14134055687888 36.741 41.42648 -999.0 -999.0 -999.0 -999.0 -999.0 37.245341833687746 -23.77301757515845 37.20423665991706 -23.65069985227065 72.04389119487635 77.08225949163011 -999.0 16600.0 -999.0 2 -999 {-999.0 -999.0 -999.0 -999.0 -999.0} "" -999.0 -999.0 -999.0 -999.0 -999 -999 "" "" "" "" 0 0 0.0 0.0 -999 ""
FIBERMAP 557 R+4C13 BOSS 1 1 0 1 0 0 41.529786073608555 68.68868317454154 143.1 -53.5366990933549 59.79906081102699 36.741 41.42648 37.24728301416688 -23.773874974897776 82.65305 -23.771128 3.920109 37.24758518987442 -23.77399366263977 37.20640483141801 -23.651704639781176 72.04241111691154 77.08765144373916 5400.0 5400.0 2016.0 1 112 {-999.0 15.608166 14.336651 13.7826395 -999.0} sdss_psfmag_from_g3xp 15.114095 14.298018 13.407364 11.649 63050395811956684 935497968 bright_1x1 openfibertargets_nov2020_34a open_fiber science 0 0 0.0 0.0 -999 ""
FIBERMAP 557 R+4C13 METROLOGY 0 0 0 1 0 0 40.9569209085562 69.17686697919171 143.1 -54.171040373186734 59.394038712705196 36.741 41.42648 -999.0 -999.0 -999.0 -999.0 -999.0 37.24545559764906 -23.775226640508794 37.204295591494486 -23.652926709939987 72.04465648059475 77.08904524042794 -999.0 6231.0 -999.0 -1 -999 {-999.0 -999.0 -999.0 -999.0 -999.0} "" -999.0 -999.0 -999.0 -999.0 -999 -999 "" "" "" "" 0 0 0.0 0.0 -999 ""
FIBERMAP 558 R+4C15 APOGEE 1 1 0 1 0 0 65.4156345925567 86.32494215647348 143.1 -63.41570732149065 87.79680397444284 57.209137 153.38707 37.21481323242187 -23.689132261434153 -999.0 -999.0 -999.0 37.21481721599062 -23.689141181606335 37.17390524685845 -23.566799120640205 72.03882185006736 76.79607693372935 16000.0 16600.0 2015.5 2 67 {-999.0 -999.0 -999.0 -999.0 -999.0} "" -999.0 -999.0 -999.0 -999.0 27021603163417819 844118779 "" ops_sky_apogee_best ops_sky sky_apogee 0 0 0.0 0.0 -999 ""
FIBERMAP 558 R+4C15 BOSS 0 0 0 1 0 0 66.02889944305178 86.71785963306357 143.1 -63.61208061831915 88.4981266466441 57.209137 153.38707 -999.0 -999.0 -999.0 -999.0 -999.0 37.21420055261149 -23.68694124973044 37.17322297799967 -23.564624602572486 72.03859694461676 76.78877590160278 -999.0 5400.0 -999.0 1 220 {-999.0 -999.0 -999.0 -999.0 -999.0} "" -999.0 -999.0 -999.0 -999.0 -999 -999 "" "" "" "" 0 0 0.0 0.0 -999 ""
FIBERMAP 558 R+4C15 METROLOGY 0 0 0 1 0 0 66.07257105270324 85.97872354956087 143.1 -62.89253055998205 88.32373329340804 57.209137 153.38707 -999.0 -999.0 -999.0 -999.0 -999.0 37.2165577916589 -23.687466776040985 37.17559629844743 -23.565146378765508 72.03676978038956 76.79296141682397 -999.0 6231.0 -999.0 -1 -999 {-999.0 -999.0 -999.0 -999.0 -999.0} "" -999.0 -999.0 -999.0 -999.0 -999 -999 "" "" "" "" 0 0 0.0 0.0 -999 ""
FIBERMAP 560 R+6C18 APOGEE 0 0 0 1 0 0 164.6090390503958 117.64479645756269 143.1 -64.3563201204675 191.80697770239766 299.3271 167.77354 -999.0 -999.0 -999.0 -999.0 -999.0 37.21199297941203 -23.374445047572117 37.17166611419998 -23.25218714361556 71.92187577669006 75.85188047215615 -999.0 16600.0 -999.0 2 -999 {-999.0 -999.0 -999.0 -999.0 -999.0} "" -999.0 -999.0 -999.0 -999.0 -999 -999 "" "" "" "" 0 0 0.0 0.0 -999 ""
FIBERMAP 560 R+6C18 BOSS 1 1 0 1 0 0 164.82989715133988 116.9389185927779 143.1 -63.616755865448624 191.81174014090502 299.3271 167.77354 37.214455873096306 -23.374330478940287 5.483031 -7.6125464 0.20096378 37.21448484101472 -23.37434837507213 37.174084798300896 -23.25212135961959 71.91979949533093 75.85444157322502 5400.0 5400.0 2016.0 1 211 {-999.0 17.604494 17.287422 17.163738 -999.0} sdss_psfmag_ps1 17.533644 17.2523 16.799469 15.972 63050395811957127 975986745 "" ops_std_boss ops_std standard_boss 0 0 0.0 0.0 -999 ""
FIBERMAP 560 R+6C18 METROLOGY 0 0 0 1 0 0 164.10168355936145 117.0951705643286 143.1 -63.97912651474164 191.16110011870853 299.3271 167.77354 -999.0 -999.0 -999.0 -999.0 -999.0 37.21325656706546 -23.376293591133717 37.172874364293534 -23.254056456491213 71.92157078295735 75.8588172360341 -999.0 6231.0 -999.0 -1 -999 {-999.0 -999.0 -999.0 -999.0 -999.0} "" -999.0 -999.0 -999.0 -999.0 -999 -999 "" "" "" "" 0 0 0.0 0.0 -999 ""
FIBERMAP 562 R+5C17 APOGEE 0 0 0 1 0 0 115.60733022655853 105.5272852009164 143.1 -67.09935229176644 141.4067820348434 118.352684 130.03589 -999.0 -999.0 -999.0 -999.0 -999.0 37.202748939284575 -23.526745976927202 37.16215226349061 -23.40443067009968 71.9880410214334 76.29541918310923 -999.0 16600.0 -999.0 2 -999 {-999.0 -999.0 -999.0 -999.0 -999.0} "" -999.0 -999.0 -999.0 -999.0 -999 -999 "" "" "" "" 0 0 0.0 0.0 -999 ""
FIBERMAP 562 R+5C17 BOSS 1 1 0 1 0 0 115.91890633876844 106.26632332172869 143.1 -67.71491994436735 141.92084268550553 118.352684 130.03589 37.200537041252346 -23.525062058723872 65.56942 -15.670993 5.013255 37.20075486285696 -23.525107002774178 37.16009332691101 -23.40281539886056 71.9891793949264 76.28827221557509 5400.0 5400.0 2016.0 1 214 {-999.0 17.533567 16.183804 15.06421 -999.0} sdss_psfmag_ps1 16.986277 15.709321 14.578698 12.464 63050395811957066 940018865 bright_1x1 openfibertargets_nov2020_34a open_fiber science 0 0 0.0 0.0 -999 ""
FIBERMAP 562 R+5C17 METROLOGY 0 0 0 1 0 0 116.34526124094785 105.64958006915892 143.1 -67.00049269604186 142.14817238388076 118.352684 130.03589 -999.0 -999.0 -999.0 -999.0 -999.0 37.20308937231883 -23.52440705486645 37.162446197900465 -23.40211184032972 71.98691438071393 76.28880714239591 -999.0 6231.0 -999.0 -1 -999 {-999.0 -999.0 -999.0 -999.0 -999.0} "" -999.0 -999.0 -999.0 -999.0 -999 -999 "" "" "" "" 0 0 0.0 0.0 -999 ""
FIBERMAP 563 R-1C20 APOGEE 0 0 0 1 0 0 137.98897102180618 -15.293695027821153 143.1 54.97770756969972 127.47569832921913 97.3384 158.74248 -999.0 -999.0 -999.0 -999.0 -999.0 37.60677090247324 -23.568294226641513 37.565603214900534 -23.446604249247635 71.66067708162852 76.86584498427283 -999.0 16600.0 -999.0 2 226 {-999.0 -999.0 -999.0 -999.0 -999.0} "" -999.0 -999.0 -999.0 -999.0 -999 -999 "" "" "" "" 0 0 0.0 0.0 -999 ""
FIBERMAP 563 R-1C20 BOSS 1 1 0 1 0 0 138.1942914753867 -14.59140663334294 143.1 54.36620740958954 127.87740780508526 97.3384 158.74248 37.60482788085937 -23.566986523120107 -999.0 -999.0 -999.0 37.604842117470305 -23.566995109424067 37.56360729812394 -23.445328884599625 71.66190238097882 76.85991746633579 5400.0 5400.0 2015.5 1 325 {-999.0 -999.0 -999.0 -999.0 -999.0} "" -999.0 -999.0 -999.0 -999.0 27021603163418050 814339028 "" ops_sky_boss_good ops_sky sky_boss 0 0 0.0 0.0 -999 ""
FIBERMAP 563 R-1C20 METROLOGY 0 0 0 1 0 0 138.72237857208594 -15.124021831905686 143.1 55.029940088733824 128.2266185689212 97.3384 158.74248 -999.0 -999.0 -999.0 -999.0 -999.0 37.60702030351511 -23.565926804640565 37.56580519213571 -23.444256842369693 71.65963184105313 76.85913915589845 -999.0 6231.0 -999.0 -1 -999 {-999.0 -999.0 -999.0 -999.0 -999.0} "" -999.0 -999.0 -999.0 -999.0 -999 -999 "" "" "" "" 0 0 0.0 0.0 -999 ""
FIBERMAP 564 R+1C4 APOGEE 0 0 0 1 0 0 -212.76501371935026 33.374440936949185 143.1 -94.13445215274302 -193.6907120524703 90.2869 113.14245 -999.0 -999.0 -999.0 -999.0 -999.0 37.11315836005748 -24.542317889594294 37.07078337846565 -24.41957738032608 72.42621149659018 79.30506217105687 -999.0 16600.0 -999.0 2 -999 {-999.0 -999.0 -999.0 -999.0 -999.0} "" -999.0 -999.0 -999.0 -999.0 -999 -999 "" "" "" "" 0 0 0.0 0.0 -999 ""
FIBERMAP 564 R+1C4 BOSS 1 1 0 1 0 0 -212.0952665513727 33.70316422040939 143.1 -94.25292380022007 -192.9541526702762 90.2869 113.14245 37.11283274578317 -24.540097722058892 -4.5970373 -10.2182455 0.9976395 37.11280796664526 -24.540115454748626 37.07036716960681 -24.41739748477827 72.42584800588912 79.29783373293856 5400.0 5400.0 2016.0 1 63 {-999.0 15.433921 14.78306 14.64559 -999.0} sdss_psfmag_from_g3xp 15.314542 14.8977785 14.308418 13.059 63050395811942774 942647810 bright_1x1 openfibertargets_nov2020_34b open_fiber science 0 0 0.0 0.0 -999 ""
FIBERMAP 564 R+1C4 METROLOGY 0 0 0 1 0 0 -212.14447782370377 32.956788666501275 143.1 -93.55361388870789 -193.21947985880647 90.2869 113.14245 -999.0 -999.0 -999.0 -999.0 -999.0 37.115100352501905 -24.54095670577331 37.072675007319845 -24.41823571788779 72.42414224270813 79.30275584695079 -999.0 6231.0 -999.0 -1 -999 {-999.0 -999.0 -999.0 -999.0 -999.0} "" -999.0 -999.0 -999.0 -999.0 -999 -999 "" "" "" "" 0 0 0.0 0.0 -999 ""
FIBERMAP 568 R-13C13 APOGEE 0 0 0 1 0 0 133.85367286803927 -268.1539699142791 143.1 295.55912177143455 49.57491096273775 347.86618 66.14532 -999.0 -999.0 -999.0 -999.0 -999.0 38.401241627402364 -23.801036015640182 38.35866288684184 -23.68055153900231 71.06816340635389 78.3736784567829 -999.0 16600.0 -999.0 2 179 {-999.0 -999.0 -999.0 -999.0 -999.0} "" -999.0 -999.0 -999.0 -999.0 -999 -999 "" "" "" "" 0 0 0.0 0.0 -999 ""
FIBERMAP 568 R-13C13 BOSS 1 1 0 1 0 0 133.40647820656199 -268.74695071894547 143.1 295.99536577670085 48.97388181058223 347.86618 66.14532 38.40270932559065 -23.802799462346602 2.820077 -8.714157 4.622965 38.40270686807301 -23.802825025010932 38.360047792799946 -23.682368432593318 71.06762001728407 78.38029928405513 5400.0 5400.0 2016.0 1 430 {-999.0 19.970472 18.580645 17.185354 -999.0} sdss_psfmag_ps1 19.405853 17.87572 16.685236 14.427 63050395811944526 1078743908 bright_flexible_2x1 mwm_snc_ext_filler_boss mwm_snc science 0 0 0.0 0.0 -999 ""
FIBERMAP 568 R-13C13 METROLOGY 0 0 0 1 0 0 133.1112080618635 -268.05817029576934 143.1 295.2503894074688 48.89296490456151 347.86618 66.14532 -999.0 -999.0 -999.0 -999.0 -999.0 38.400324712957264 -23.80308086022007 38.357689361729854 -23.682612972086947 71.06972666901439 78.37864910622085 -999.0 6231.0 -999.0 -1 -999 {-999.0 -999.0 -999.0 -999.0 -999.0} "" -999.0 -999.0 -999.0 -999.0 -999 -999 "" "" "" "" 0 0 0.0 0.0 -999 ""
FIBERMAP 569 R+13C1 APOGEE 0 0 0 1 0 0 -144.67007341170716 236.2515976317799 143.1 -268.21649917109363 -69.24733663145399 294.95462 93.72768 -999.0 -999.0 -999.0 -999.0 -999.0 36.53701130041248 -24.163660715262022 36.49606744664305 -24.040131038960745 72.78846750624523 77.51139787505991 -999.0 16600.0 -999.0 2 7 {-999.0 -999.0 -999.0 -999.0 -999.0} "" -999.0 -999.0 -999.0 -999.0 -999 -999 "" "" "" "" 0 0 0.0 0.0 -999 ""
FIBERMAP 569 R+13C1 BOSS 1 1 0 1 0 0 -145.31222611779546 235.8780555822093 143.1 -268.04710106957253 -69.97061637306578 294.95462 93.72768 36.53761116808526 -24.165833163196716 8.329832 0.5688415 0.39780733 36.53764696977468 -24.165822193901263 36.4966303415689 -24.04231646431173 72.78876249763007 77.51891941344087 5400.0 5400.0 2016.0 1 7 {-999.0 17.298443 16.951546 16.708786 -999.0} sdss_psfmag_ps1 17.222977 16.916044 16.449234 15.547 63050395811954871 977163928 "" ops_std_boss ops_std standard_boss 0 0 0.0 0.0 -999 ""
FIBERMAP 569 R+13C1 METROLOGY 0 0 0 1 0 0 -145.3181116899505 236.63078096541253 143.1 -268.7685953669941 -69.75611709381721 294.95462 93.72768 -999.0 -999.0 -999.0 -999.0 -999.0 36.535201427825335 -24.165179297973264 36.49420833709894 -24.04166329750204 72.79059864366516 77.51420270261428 -999.0 6231.0 -999.0 -1 -999 {-999.0 -999.0 -999.0 -999.0 -999.0} "" -999.0 -999.0 -999.0 -999.0 -999 -999 "" "" "" "" 0 0 0.0 0.0 -999 ""
FIBERMAP 570 R+1C20 APOGEE 0 0 0 1 0 0 147.11114844208396 3.8054851306558675 143.1 39.382329238379576 141.78390067208608 293.08408 96.956184 -999.0 -999.0 -999.0 -999.0 -999.0 37.55500715823539 -23.52507842219123 37.513983265337515 -23.403318647760617 71.68846654278161 76.68189954587632 -999.0 16600.0 -999.0 2 80 {-999.0 -999.0 -999.0 -999.0 -999.0} "" -999.0 -999.0 -999.0 -999.0 -999 -999 "" "" "" "" 0 0 0.0 0.0 -999 ""
FIBERMAP 570 R+1C20 BOSS 1 1 0 1 0 0 146.47560646313312 3.406115808863122 143.1 39.57835720727572 141.05938932413855 293.08408 96.956184 37.555441388130056 -23.527111549459576 22.539629 -28.58392 3.0945356 37.5557544259033 -23.52717970158622 37.51465399876099 -23.40544708337173 71.68869263239768 76.68891488767719 5400.0 5400.0 2016.0 1 242 {-999.0 13.916711 13.172044 12.772268 -999.0} sdss_psfmag_from_g3xp 13.599021 13.341661 12.393336 11.053 63050395811957209 1075917357 bright_1x1 mwm_erosita_stars_boss mwm_erosita science 0 0 0.8106077909469604 0.0 -999 ""
FIBERMAP 570 R+1C20 METROLOGY 0 0 0 1 0 0 146.43954045962553 4.142085318325655 143.1 38.86405928434577 141.24012929713345 293.08408 96.956184 -999.0 -999.0 -999.0 -999.0 -999.0 37.553373630191345 -23.526628560950126 37.51229746247111 -23.404884802318662 71.69048750737846 76.68467823037372 -999.0 6231.0 -999.0 -1 -999 {-999.0 -999.0 -999.0 -999.0 -999.0} "" -999.0 -999.0 -999.0 -999.0 -999 -999 "" "" "" "" 0 0 0.0 0.0 -999 ""
FIBERMAP 571 R+11C2 APOGEE 0 0 0 1 1 0 -149.13873010209446 205.58576320643965 143.1 -240.19994639223157 -82.48829192054254 196.04185 156.41646 -999.0 -999.0 -999.0 -999.0 -999.0 36.62911011366488 -24.204234058390632 36.58797568648413 -24.080835241721513 72.72435020878225 77.73991760429476 -999.0 16600.0 -999.0 2 -999 {-999.0 -999.0 -999.0 -999.0 -999.0} "" -999.0 -999.0 -999.0 -999.0 -999 -999 "" "" "" "" 0 0 0.0 0.0 -999 ""
FIBERMAP 571 R+11C2 BOSS 0 0 0 1 1 0 -149.93648228269447 205.7488454055738 143.1 -240.58918414242007 -83.20342888819864 196.04185 156.41646 -999.0 -999.0 -999.0 -999.0 -999.0 36.62787910468659 -24.20636924572402 36.58667392513752 -24.082991395349076 72.72622149291394 77.74530537069978 -999.0 5400.0 -999.0 1 17 {-999.0 -999.0 -999.0 -999.0 -999.0} "" -999.0 -999.0 -999.0 -999.0 -999 -999 "" "" "" "" 0 0 0.0 0.0 -999 ""
FIBERMAP 571 R+11C2 METROLOGY 0 0 0 1 1 0 -149.42861511332575 206.27530283333542 143.1 -240.94407389955327 -82.56383741782604 196.04185 156.41646 -999.0 -999.0 -999.0 -999.0 -999.0 36.62664673529664 -24.204450048440258 36.58546602225215 -24.081064184460722 72.72657540055813 77.73792318389934 -999.0 6231.0 -999.0 -1 -999 {-999.0 -999.0 -999.0 -999.0 -999.0} "" -999.0 -999.0 -999.0 -999.0 -999 -999 "" "" "" "" 0 0 0.0 0.0 -999 ""
FIBERMAP 573 R-6C13 APOGEE 0 0 0 1 0 0 42.570543487378345 -135.81237487759978 143.1 142.31621984005352 0.9899167424429611 310.0178 61.613453 -999.0 -999.0 -999.0 -999.0 -999.0 37.89794728529322 -23.95096848089773 37.855702624164735 -23.829633813475663 71.55150646528074 78.30222273428421 -999.0 16600.0 -999.0 2 -999 {-999.0 -999.0 -999.0 -999.0 -999.0} "" -999.0 -999.0 -999.0 -999.0 -999 -999 "" "" "" "" 0 0 0.0 0.0 -999 ""
FIBERMAP 573 R-6C13 BOSS 1 1 0 1 0 0 41.86026709416776 -135.97325724753236 143.1 142.2623458147085 0.26368583217504005 310.0178 61.613453 37.89792206516176 -23.953149428097372 0.73243314 0.58844113 0.45955336 37.897926139033366 -23.95314673429548 37.855604174282405 -23.8318365692067 71.55236529205553 78.30863912219968 5400.0 5400.0 2016.0 1 393 {-999.0 20.609629 20.28468 19.884178 -999.0} sdss_psfmag_ps1 20.80522 20.331451 19.714977 -999.0 63050395811944794 1117293160 bright_1x1 openfibertargets_bhm_quaia_boss open_fiber science 0 0 0.0 0.0 -999 ""
FIBERMAP 573 R-6C13 METROLOGY 0 0 0 1 0 0 42.07064039417979 -135.25596215829276 143.1 141.63797356765696 0.6746155161644174 310.0178 61.613453 -999.0 -999.0 -999.0 -999.0 -999.0 37.895847773793875 -23.951916470235982 37.85355145812429 -23.830596210456914 71.55368698767951 78.3028830837734 -999.0 6231.0 -999.0 -1 -999 {-999.0 -999.0 -999.0 -999.0 -999.0} "" -999.0 -999.0 -999.0 -999.0 -999 -999 "" "" "" "" 0 0 0.0 0.0 -999 ""
FIBERMAP 574 R-2C2 APOGEE 0 0 1 1 0 0 -244.8635978226477 -31.023526464469693 143.1 -41.94256996513767 -243.21666520737935 10.337912 169.51456 -999.0 -999.0 -999.0 -999.0 -999.0 37.28718993531323 -24.69168579717144 37.24431244002261 -24.569176444654637 72.32576402329128 79.94232228237871 -999.0 16600.0 -999.0 2 -999 {-999.0 -999.0 -999.0 -999.0 -999.0} "" -999.0 -999.0 -999.0 -999.0 -999 -999 "" "" "" "" 0 0 0.0 0.0 -999 ""
FIBERMAP 574 R-2C2 BOSS 1 0 1 1 0 0 -244.04652907037064 -31.107554897458453 143.1 -41.62327627986367 -242.45993879195083 10.337912 169.51456 37.370244708548306 -24.670173099518085 15.063163 -16.619608 1.0042489 37.28831563490691 -24.689411205753323 37.24536985957718 -24.566926263877985 72.32412904751864 79.93632554777173 5400.0 5400.0 2016.0 1 513 {-999.0 19.073498 17.632751 16.835503 -999.0} sdss_psfmag_ps1 18.457302 17.5569 16.3789 14.43 63050395811942309 940018433 bright_1x1 openfibertargets_nov2020_34a open_fiber science 0 0 0.0 0.0 -999 ""
FIBERMAP 574 R-2C2 METROLOGY 0 0 1 1 0 0 -244.52435368242917 -31.69016851994134 143.1 -41.20590304014344 -243.08722521768485 10.337912 169.51456 -999.0 -999.0 -999.0 -999.0 -999.0 37.28968180920253 -24.691344734271198 37.246750796976244 -24.568855158154978 72.32356105322677 79.94367166400656 -999.0 6231.0 -999.0 -1 -999 {-999.0 -999.0 -999.0 -999.0 -999.0} "" -999.0 -999.0 -999.0 -999.0 -999 -999 "" "" "" "" 0 0 0.0 0.0 -999 ""
FIBERMAP 576 R+4C19 APOGEE 0 0 0 1 0 0 149.08161411976536 69.67426920429921 143.1 -23.026655678636935 162.93078823233014 208.82442 133.45406 -999.0 -999.0 -999.0 -999.0 -999.0 37.34846927109677 -23.46144944650044 37.3078154524635 -23.339381560736822 71.83965311994635 76.26466476985922 -999.0 16600.0 -999.0 2 65 {-999.0 -999.0 -999.0 -999.0 -999.0} "" -999.0 -999.0 -999.0 -999.0 -999 -999 "" "" "" "" 0 0 0.0 0.0 -999 ""
FIBERMAP 576 R+4C19 BOSS 1 1 0 1 0 0 148.38770811298875 69.93551578867708 143.1 -23.479391644320746 162.3436585533671 208.82442 133.45406 37.346953267551136 -23.463141334882074 21.855688 -0.797862 0.49525487 37.34703470009656 -23.463135155234408 37.30630863601647 -23.34109122446866 71.84158194701317 76.2680554065916 5400.0 5400.0 2016.0 1 217 {-999.0 15.4699745 15.119599 15.0687065 -999.0} sdss_psfmag_ps1 15.403898 15.137744 14.705909 13.939 63050395811957057 982174365 "" ops_std_boss_tic ops_std standard_boss 0 0 0.0 0.0 -999 ""
FIBERMAP 576 R+4C19 METROLOGY 0 0 0 1 0 0 148.9526940097604 70.41727180277569 143.1 -23.77483307898317 163.02479575660792 208.82442 133.45406 -999.0 -999.0 -999.0 -999.0 -999.0 37.346033161974496 -23.461065413212303 37.305332240078656 -23.339012930541628 71.84162262040712 76.26079380643256 -999.0 6231.0 -999.0 -1 -999 {-999.0 -999.0 -999.0 -999.0 -999.0} "" -999.0 -999.0 -999.0 -999.0 -999 -999 "" "" "" "" 0 0 0.0 0.0 -999 ""
FIBERMAP 578 R+9C13 APOGEE 0 0 0 1 0 0 78.53155559403505 165.71054534737445 143.1 -135.49040217698513 123.5540911510025 226.7825 152.61089 -999.0 -999.0 -999.0 -999.0 -999.0 36.976668303586784 -23.580961769985947 36.93624875314066 -23.45827752355986 72.20028800949676 76.20264620538671 -999.0 16600.0 -999.0 2 92 {-999.0 -999.0 -999.0 -999.0 -999.0} "" -999.0 -999.0 -999.0 -999.0 -999 -999 "" "" "" "" 0 0 0.0 0.0 -999 ""
FIBERMAP 578 R+9C13 BOSS 1 1 0 1 0 0 77.84434749655254 165.4523214024789 143.1 -135.44444987788185 122.82145207516106 226.7825 152.61089 36.97682429346679 -23.5831194939326 2.83962 1.4556024 0.2842973 36.97683146690598 -23.583110974506944 36.93633828203957 -23.46045240150108 72.20103417975803 76.20933454891019 5400.0 5400.0 2016.0 1 159 {-999.0 16.908306 16.505026 16.401924 -999.0} sdss_psfmag_ps1 16.82873 16.531965 16.066435 15.257 63050395811957685 977163935 "" ops_std_boss ops_std standard_boss 0 0 0.0 0.0 -999 ""
FIBERMAP 578 R+9C13 METROLOGY 0 0 0 1 0 0 77.95042973846972 166.1863075355932 143.1 -136.11528138324397 123.13753741208512 226.7825 152.61089 -999.0 -999.0 -999.0 -999.0 -999.0 36.974581947976716 -23.582147023468828 36.93411299483557 -23.45947783942203 72.20255562684173 76.20385819895438 -999.0 6231.0 -999.0 -1 -999 {-999.0 -999.0 -999.0 -999.0 -999.0} "" -999.0 -999.0 -999.0 -999.0 -999 -999 "" "" "" "" 0 0 0.0 0.0 -999 ""
FIBERMAP 579 R+10C17 APOGEE 1 1 0 1 0 0 173.24373976593836 208.02513974488986 143.1 -148.25492451093822 226.49452470434798 129.35187 100.16949 36.93570317142059 -23.270625476920685 143.63132 53.103783 11.717977 36.936172800100536 -23.270460210882007 36.89637200917798 -23.147800240215165 72.11438839941184 75.22158444957313 16000.0 16600.0 2016.0 2 103 {-999.0 14.714291 13.323315 12.510919 -999.0} sdss_psfmag_from_g3xp 14.154768 13.124344 12.116829 10.227 63050395811958109 984776747 bright_1x1 mwm_snc_100pc_apogee mwm_snc science 0 0 0.0 0.0 -999 ""
FIBERMAP 579 R+10C17 BOSS 0 0 0 1 0 0 173.70109869075458 208.60786021700173 143.1 -148.67838491333765 227.1022726219318 129.35187 100.16949 -999.0 -999.0 -999.0 -999.0 -999.0 36.9348677641929 -23.268615785163995 36.89500272466836 -23.145981495331878 72.11483154466883 75.21452784231332 -999.0 5400.0 -999.0 1 177 {-999.0 -999.0 -999.0 -999.0 -999.0} "" -999.0 -999.0 -999.0 -999.0 -999 -999 "" "" "" "" 0 0 0.0 0.0 -999 ""
FIBERMAP 579 R+10C17 METROLOGY 0 0 0 1 0 0 173.98546970128066 207.91501457432884 143.1 -147.93270863432036 227.17157869434863 129.35187 100.16949 -999.0 -999.0 -999.0 -999.0 -999.0 36.93726669584322 -23.26836606415975 36.897418805807206 -23.145727878545912 72.11268900426447 75.21661106960534 -999.0 6231.0 -999.0 -1 -999 {-999.0 -999.0 -999.0 -999.0 -999.0} "" -999.0 -999.0 -999.0 -999.0 -999 -999 "" "" "" "" 0 0 0.0 0.0 -999 ""
FIBERMAP 583 R+3C18 APOGEE 0 0 0 1 0 0 139.12291078527446 59.76565791725803 143.1 -16.464142029131704 150.51037303018882 25.895031 95.494804 -999.0 -999.0 -999.0 -999.0 -999.0 37.37020473639865 -23.498977746547364 37.32945485493286 -23.37693352197033 71.83548117604947 76.40029530173291 -999.0 16600.0 -999.0 2 70 {-999.0 -999.0 -999.0 -999.0 -999.0} "" -999.0 -999.0 -999.0 -999.0 -999 -999 "" "" "" "" 0 0 0.0 0.0 -999 ""
FIBERMAP 583 R+3C18 BOSS 1 1 0 1 0 0 139.50979483961333 59.12674363744418 143.1 -15.74005720515393 150.69347610608443 25.895031 95.494804 37.37267484726552 -23.498331008356793 0.21630113 0.46328622 0.32351783 37.37266245418091 -23.498327937919438 37.33183979382068 -23.3763143381036 71.8332202606484 76.40110762166188 5400.0 5400.0 2016.0 1 226 {-999.0 20.277466 20.610783 20.077728 -999.0} sdss_psfmag_ps1 20.32196 20.154375 19.822155 -999.0 63050395811957041 1117293306 bright_1x1 openfibertargets_bhm_quaia_boss open_fiber science 0 0 0.0 0.0 -999 ""
FIBERMAP 583 R+3C18 METROLOGY 0 0 0 1 0 0 138.77277222365655 59.10457412111125 143.1 -15.93439328574593 149.98223507093388 25.895031 95.494804 -999.0 -999.0 -999.0 -999.0 -999.0 37.37199989114687 -23.500470942554955 37.331194182819274 -23.37844815953864 71.83457462388814 76.4067276295799 -999.0 6231.0 -999.0 -1 -999 {-999.0 -999.0 -999.0 -999.0 -999.0} "" -999.0 -999.0 -999.0 -999.0 -999 -999 "" "" "" "" 0 0 0.0 0.0 -999 ""
FIBERMAP 584 R+9C4 APOGEE 0 0 0 1 0 0 -107.20292811463622 170.86326517954254 143.1 -194.73378831313246 -52.542580854762406 10.797533 90.393295 -999.0 -999.0 -999.0 -999.0 -999.0 36.77932284694753 -24.11431389477108 36.73816545544588 -23.991172911466773 72.56434686227192 77.6212533974126 -999.0 16600.0 -999.0 2 -999 {-999.0 -999.0 -999.0 -999.0 -999.0} "" -999.0 -999.0 -999.0 -999.0 -999 -999 "" "" "" "" 0 0 0.0 0.0 -999 ""
FIBERMAP 584 R+9C4 BOSS 1 1 0 1 0 0 -107.05203691809362 170.11675631334106 143.1 -193.9758329099202 -52.616604500537555 10.797533 90.393295 36.78184972975456 -24.114544004212316 0.10974604 -0.045313418 0.54492897 36.78183855177994 -24.114537582951886 36.74060866267246 -23.99142434028179 72.56234918650638 77.62468102664826 5400.0 5400.0 2016.0 1 15 {-999.0 19.864014 19.423183 19.10364 -999.0} sdss_psfmag_ps1 19.846191 19.4893 18.766739 -999.0 63050395811955072 1117293187 bright_1x1 openfibertargets_bhm_quaia_boss open_fiber science 0 0 0.0 0.0 -999 ""
FIBERMAP 584 R+9C4 METROLOGY 0 0 0 1 0 0 -107.76092948889888 170.3651359963811 143.1 -194.42064792659647 -53.22182747244456 10.797533 90.393295 -999.0 -999.0 -999.0 -999.0 -999.0 36.7803156255109 -24.11637970727302 36.739103783058 -23.99325680685433 72.56428472319377 77.6287707957062 -999.0 6231.0 -999.0 -1 -999 {-999.0 -999.0 -999.0 -999.0 -999.0} "" -999.0 -999.0 -999.0 -999.0 -999 -999 "" "" "" "" 0 0 0.0 0.0 -999 ""
FIBERMAP 585 R+12C4 APOGEE 0 0 0 1 0 0 -76.23271705687887 225.9335343106236 143.1 -238.33629510847695 -6.823398039124915 347.96295 101.79235 -999.0 -999.0 -999.0 -999.0 -999.0 36.635915540936786 -23.975322133452323 36.59519345103587 -23.85199793365517 72.63636763395141 77.02997142658467 -999.0 16600.0 -999.0 2 -999 {-999.0 -999.0 -999.0 -999.0 -999.0} "" -999.0 -999.0 -999.0 -999.0 -999 -999 "" "" "" "" 0 0 0.0 0.0 -999 ""
FIBERMAP 585 R+12C4 BOSS 1 1 0 1 0 0 -76.20975639033719 225.22601598177516 143.1 -237.6530353790657 -7.008349362891856 347.96295 101.79235 36.63813116107939 -23.975800970153728 21.541218 -22.664047 0.7813784 36.63819787060739 -23.97586663989529 36.5974036108895 -23.852570162563698 72.63469193459859 77.03421699342613 5400.0 5400.0 2016.0 1 98 {-999.0 16.76646 16.158464 16.03696 -999.0} sdss_psfmag_ps1 16.622585 16.233612 15.668392 14.638 63050395811955303 1072781096 bright_1x1 mwm_halo_local_high_boss_single mwm_halo science 0 0 0.0 0.0 -999 ""
FIBERMAP 585 R+12C4 METROLOGY 0 0 0 1 0 0 -76.88320080070199 225.5642524185439 143.1 -238.17340699710718 -7.553398266855686 347.96295 101.79235 -999.0 -999.0 -999.0 -999.0 -999.0 36.636416457173205 -23.977518297871896 36.595640756662476 -23.854211698434113 72.63679012678858 77.03738099135535 -999.0 6231.0 -999.0 -1 -999 {-999.0 -999.0 -999.0 -999.0 -999.0} "" -999.0 -999.0 -999.0 -999.0 -999 -999 "" "" "" "" 0 0 0.0 0.0 -999 ""
FIBERMAP 586 R-5C20 APOGEE 1 1 0 1 0 0 207.57317389516697 -98.6689270715498 143.1 155.05222087628496 169.63142114968312 23.888826 85.240524 37.936353135379804 -23.440105003326348 -19.163023 -17.845554 4.423302 37.93627355793431 -23.44015558653513 37.894944822196294 -23.319025981176964 71.33261182544507 76.84830988090499 16000.0 16600.0 2016.0 2 224 {-999.0 10.779078 10.512111 10.442727 -999.0} sdss_psfmag_from_g3xp 10.7547 10.514524 10.1184025 9.488 63050395811945647 1103529151 bright_1x1 mwm_tess_2min_apogee mwm_planet science 0 0 0.0 0.0 -999 ""
FIBERMAP 586 R-5C20 BOSS 0 0 0 1 0 0 207.7814061707841 -99.35729492773766 143.1 155.7713493636394 169.62923111829693 23.888826 85.240524 -999.0 -999.0 -999.0 -999.0 -999.0 37.938739757997965 -23.44010351749747 37.89733496420263 -23.31900498780936 71.33056863665198 76.85081584373853 -999.0 5400.0 -999.0 1 322 {-999.0 -999.0 -999.0 -999.0 -999.0} "" -999.0 -999.0 -999.0 -999.0 -999 -999 "" "" "" "" 0 0 0.0 0.0 -999 ""
FIBERMAP 586 R-5C20 METROLOGY 0 0 0 1 0 0 207.06521114749538 -99.22694085210446 143.1 155.43725758422428 168.98250993755462 23.888826 85.240524 -999.0 -999.0 -999.0 -999.0 -999.0 37.937664861970575 -23.44203740483333 37.89627847639372 -23.32092892064242 71.33218838163145 76.8552551128634 -999.0 6231.0 -999.0 -1 -999 {-999.0 -999.0 -999.0 -999.0 -999.0} "" -999.0 -999.0 -999.0 -999.0 -999 -999 "" "" "" "" 0 0 0.0 0.0 -999 ""
FIBERMAP 590 R+11C14 APOGEE 0 0 0 1 0 0 109.5868981611941 226.2826632858967 143.1 -184.3290059675286 170.96364067588576 176.29967 69.63565 -999.0 -999.0 -999.0 -999.0 -999.0 36.81659178596937 -23.43785772569497 36.776630723282096 -23.314964517606786 72.28086982085883 75.58485476816253 -999.0 16600.0 -999.0 2 55 {-999.0 -999.0 -999.0 -999.0 -999.0} "" -999.0 -999.0 -999.0 -999.0 -999 -999 "" "" "" "" 0 0 0.0 0.0 -999 ""
FIBERMAP 590 R+11C14 BOSS 1 1 0 1 0 0 109.84083473109501 226.9919923918583 143.1 -184.93302130690654 171.41389697452348 176.29967 69.63565 36.81473608976457 -23.436351162209917 -19.901958 -36.63358 2.9201932 36.81467361001263 -23.43646510068368 36.77464863717705 -23.31359579415712 72.28201937313034 75.57839486506998 5400.0 5400.0 2016.0 1 92 {-999.0 16.832178 15.575219 15.081436 -999.0} sdss_psfmag_ps1 16.33201 15.543899 14.670988 12.952 63050395811957770 1096242567 bright_1x1 mwm_bin_vis_boss mwm_filler science 0 0 0.0 0.0 -999 ""
FIBERMAP 590 R+11C14 METROLOGY 0 0 0 1 0 0 110.32327780633271 226.4119986821331 143.1 -184.23733236749493 171.70560650413302 176.29967 69.63565 -999.0 -999.0 -999.0 -999.0 -999.0 36.81690979023929 -23.435559863567196 36.77690322902504 -23.3126867826516 72.27975841765559 75.57827090121214 -999.0 6231.0 -999.0 -1 -999 {-999.0 -999.0 -999.0 -999.0 -999.0} "" -999.0 -999.0 -999.0 -999.0 -999 -999 "" "" "" "" 0 0 0.0 0.0 -999 ""
FIBERMAP 591 R+11C1 APOGEE 1 1 0 1 0 0 -169.99297462495426 201.65059635130996 143.1 -242.53567083014565 -103.58039567310759 251.58989 126.69839 36.6214020021057 -24.26783629899817 -16.254341 -18.082891 2.4528716 36.62131964500993 -24.26793259998686 36.580077665052386 -24.144503924283537 72.75341593270136 77.93236367486094 16000.0 16600.0 2016.0 2 9 {-999.0 11.062025 10.480261 10.28617 -999.0} sdss_psfmag_from_g3xp 10.927447 10.5226145 9.950846 8.913 63050395811954681 975170506 "" ops_std_apogee ops_std standard_apogee 0 0 0.0 0.0 -999 ""
FIBERMAP 591 R+11C1 BOSS 0 0 0 1 0 0 -170.70749037968918 201.44075320821926 143.1 -242.54396721135595 -104.32499845782029 251.58989 126.69839 -999.0 -999.0 -999.0 -999.0 -999.0 36.6213566275401 -24.27015911211588 36.580042126093815 -24.146753092471855 72.7542310303038 77.93943512038351 -999.0 5400.0 -999.0 1 9 {-999.0 -999.0 -999.0 -999.0 -999.0} "" -999.0 -999.0 -999.0 -999.0 -999 -999 "" "" "" "" 0 0 0.0 0.0 -999 ""
FIBERMAP 591 R+11C1 METROLOGY 0 0 0 1 0 0 -170.54411650204563 202.15305051816262 143.1 -243.1773049909496 -103.96047224150796 251.58989 126.69839 -999.0 -999.0 -999.0 -999.0 -999.0 36.61920235576933 -24.269070167462903 36.57791196348825 -24.145654544220235 72.75566943799531 77.93367494999683 -999.0 6231.0 -999.0 -1 -999 {-999.0 -999.0 -999.0 -999.0 -999.0} "" -999.0 -999.0 -999.0 -999.0 -999 -999 "" "" "" "" 0 0 0.0 0.0 -999 ""
FIBERMAP 593 R-1C22 APOGEE 0 0 0 1 0 0 192.20235645069997 0.8261574911992504 143.1 55.41771405583403 184.02986328471192 140.9837 48.951164 -999.0 -999.0 -999.0 -999.0 -999.0 37.607479474889374 -23.397292245405858 37.56662976454402 -23.27565159217349 71.59555843898934 76.36433382280529 -999.0 16600.0 -999.0 2 205 {-999.0 -999.0 -999.0 -999.0 -999.0} "" -999.0 -999.0 -999.0 -999.0 -999 -999 "" "" "" "" 0 0 0.0 0.0 -999 ""
FIBERMAP 593 R-1C22 BOSS 1 1 0 1 0 0 192.94251889534735 0.940494495427302 143.1 55.52483570201055 184.77106017835837 140.9837 48.951164 37.60793240677169 -23.394945592532448 -5.8418617 -2.6657314 2.3433497 37.60791284336818 -23.394971267889005 37.56699506879164 -23.273359054530516 71.59437751138951 76.35802016284345 5400.0 5400.0 2016.0 1 289 {-999.0 17.03798 15.578477 15.150164 -999.0} sdss_psfmag_ps1 16.448961 15.6256895 14.73405 12.968 63050395811957261 1124459398 bright_1x1 openfibertargets_mwm_snc_further_ext_boss open_fiber science 0 0 0.0 0.0 -999 ""
FIBERMAP 593 R-1C22 METROLOGY 0 0 0 1 0 0 192.6634240045215 0.2440307958718293 143.1 56.1091915417905 184.300509284087 140.9837 48.951164 -999.0 -999.0 -999.0 -999.0 -999.0 37.6098364590507 -23.396370970748467 37.56893410234909 -23.274753728645035 71.59325924455165 76.36424841181508 -999.0 6231.0 -999.0 -1 -999 {-999.0 -999.0 -999.0 -999.0 -999.0} "" -999.0 -999.0 -999.0 -999.0 -999 -999 "" "" "" "" 0 0 0.0 0.0 -999 ""
FIBERMAP 595 R-3C1 APOGEE 0 0 0 1 0 0 -238.87652322883864 -52.945689585989086 143.1 -19.22923777078997 -243.90261120906598 62.70938 60.68069 -999.0 -999.0 -999.0 -999.0 -999.0 37.3628470023158 -24.693738510450466 37.319869146176984 -24.571347581326876 72.26139639386957 80.02173202270859 -999.0 16600.0 -999.0 2 271 {-999.0 -999.0 -999.0 -999.0 -999.0} "" -999.0 -999.0 -999.0 -999.0 -999 -999 "" "" "" "" 0 0 0.0 0.0 -999 ""
FIBERMAP 595 R-3C1 BOSS 1 1 0 1 0 0 -238.45492232627342 -53.569477119782675 143.1 -18.509464881479108 -243.6818874245122 62.70938 60.68069 37.36544700497797 -24.69299025976696 -31.759876 -28.068436 4.945637 37.365312909736765 -24.693074622771658 37.32226172572621 -24.570709797780882 72.25913091358817 80.0220435190704 5400.0 5400.0 2016.0 1 443 {-999.0 21.149818 19.57071 17.934858 -999.0} sdss_psfmag_ps1 20.605492 18.666328 17.360619 14.833 63050395811942307 1082654909 bright_flexible_2x1 mwm_snc_ext_filler_boss mwm_snc science 0 0 0.0 0.0 -999 ""
FIBERMAP 595 R-3C1 METROLOGY 0 0 0 1 0 0 -239.21366803176488 -53.60640989390588 143.1 -18.696036705107655 -244.41821794235196 62.70938 60.68069 -999.0 -999.0 -999.0 -999.0 -999.0 37.364672152278175 -24.695335467070496 37.32163775601117 -24.572962750460057 72.26039185366801 80.02844770635403 -999.0 6231.0 -999.0 -1 -999 {-999.0 -999.0 -999.0 -999.0 -999.0} "" -999.0 -999.0 -999.0 -999.0 -999 -999 "" "" "" "" 0 0 0.0 0.0 -999 ""
FIBERMAP 596 R-5C10 APOGEE 0 0 0 1 0 0 -45.66091181532308 -80.53492485718684 143.1 63.6562371968942 -67.21365498246772 181.22644 47.713547 -999.0 -999.0 -999.0 -999.0 -999.0 37.63770045294684 -24.15900999169991 37.59538591675323 -24.037202976267885 71.84680827462758 78.65820754222881 -999.0 16600.0 -999.0 2 269 {-999.0 -999.0 -999.0 -999.0 -999.0} "" -999.0 -999.0 -999.0 -999.0 -999 -999 "" "" "" "" 0 0 0.0 0.0 -999 ""
FIBERMAP 596 R-5C10 BOSS 1 1 0 1 0 0 -45.18833192607095 -79.95504922083536 143.1 63.239948313707565 -66.59218437722345 181.22644 47.713547 37.63641357421874 -24.157147107028166 -999.0 -999.0 -999.0 37.63642259784873 -24.157142760238276 37.59404090798216 -24.035358464464156 71.84732612765481 78.65129139899295 5400.0 5400.0 2015.5 1 370 {-999.0 -999.0 -999.0 -999.0 -999.0} "" -999.0 -999.0 -999.0 -999.0 27021603163404061 814337145 "" ops_sky_boss_good ops_sky sky_boss 0 0 0.0 0.0 -999 ""
FIBERMAP 596 R-5C10 METROLOGY 0 0 0 1 0 0 -44.92078408827703 -80.64392827352839 143.1 63.976911876442216 -66.5378050143735 181.22644 47.713547 -999.0 -999.0 -999.0 -999.0 -999.0 37.6388594911525 -24.156982411671027 37.59649553737654 -24.035195161545374 71.84516529697932 78.65327808933614 -999.0 6231.0 -999.0 -1 -999 {-999.0 -999.0 -999.0 -999.0 -999.0} "" -999.0 -999.0 -999.0 -999.0 -999 -999 "" "" "" "" 0 0 0.0 0.0 -999 ""
FIBERMAP 601 R+5C20 APOGEE 0 0 0 1 0 0 184.3203275804402 106.59605398284276 143.1 -48.02688736239685 207.42426280981942 110.327415 130.00105 -999.0 -999.0 -999.0 -999.0 -999.0 37.26590607845101 -23.327266417326182 37.22560071032797 -23.20510647729216 71.85798763332971 75.77364958753594 -999.0 16600.0 -999.0 2 117 {-999.0 -999.0 -999.0 -999.0 -999.0} "" -999.0 -999.0 -999.0 -999.0 -999 -999 "" "" "" "" 0 0 0.0 0.0 -999 ""
FIBERMAP 601 R+5C20 BOSS 1 1 0 1 0 0 184.68210990074982 107.2481656175384 143.1 -48.544651617415425 207.96091097466058 110.327415 130.00105 37.264251708984375 -23.32557346928361 -999.0 -999.0 -999.0 37.26425820937551 -23.325577911191985 37.22388745566491 -23.20344302211561 71.85879683144294 75.76676747902275 5400.0 5400.0 2015.5 1 202 {-999.0 -999.0 -999.0 -999.0 -999.0} "" -999.0 -999.0 -999.0 -999.0 27021603163418031 814339009 "" ops_sky_boss_good ops_sky sky_boss 0 0 0.0 0.0 -999 ""
FIBERMAP 601 R+5C20 METROLOGY 0 0 0 1 0 0 185.07304339349935 106.61363018589908 143.1 -47.823569728814235 208.14916676704195 110.327415 130.00105 -999.0 -999.0 -999.0 -999.0 -999.0 37.266609037554396 -23.32498329006616 37.22625650031557 -23.20284456730967 71.85655735400962 75.76769856202475 -999.0 6231.0 -999.0 -1 -999 {-999.0 -999.0 -999.0 -999.0 -999.0} "" -999.0 -999.0 -999.0 -999.0 -999 -999 "" "" "" "" 0 0 0.0 0.0 -999 ""
FIBERMAP 602 R+3C5 APOGEE 0 0 0 1 0 0 -189.1689206433088 63.14012303106531 143.1 -115.69662658975481 -162.42290813621074 234.6825 30.346964 -999.0 -999.0 -999.0 -999.0 -999.0 37.04131694847697 -24.447748082623775 36.999210095507294 -24.324921697819597 72.45611841828541 78.93720786556707 -999.0 16600.0 -999.0 2 24 {-999.0 -999.0 -999.0 -999.0 -999.0} "" -999.0 -999.0 -999.0 -999.0 -999 -999 "" "" "" "" 0 0 0.0 0.0 -999 ""
FIBERMAP 602 R+3C5 BOSS 1 1 0 1 0 0 -189.08549192488417 63.87706033367721 143.1 -116.37690487247355 -162.12762157257876 234.6825 30.346964 37.03918137984923 -24.446917423315323 0.17168292 0.006801634 0.6445635 37.039089510615916 -24.446871482026697 36.99691705363506 -24.32406464689898 72.45779833852534 78.93220021360531 5400.0 5400.0 2016.0 1 41 {-999.0 20.80781 20.603043 20.131628 -999.0} sdss_psfmag_ps1 20.247189 20.214632 19.771013 -999.0 63050395811942960 1117292994 bright_1x1 openfibertargets_bhm_quaia_boss open_fiber science 0 0 0.0 0.0 -999 ""
FIBERMAP 602 R+3C5 METROLOGY 0 0 0 1 0 0 -188.47829995537947 63.45411997015802 143.1 -115.79491231471572 -161.6706955956152 234.6825 30.346964 -999.0 -999.0 -999.0 -999.0 -999.0 37.04098407014397 -24.445526278863053 36.99883157696223 -24.322716326656607 72.45570205599176 78.92993275828826 -999.0 6231.0 -999.0 -1 -999 {-999.0 -999.0 -999.0 -999.0 -999.0} "" -999.0 -999.0 -999.0 -999.0 -999 -999 "" "" "" "" 0 0 0.0 0.0 -999 ""
FIBERMAP 603 R-11C2 APOGEE 0 0 0 1 0 0 -151.58895393539927 -219.7256231170479 143.1 165.77592355872295 -209.20941857581795 177.76918 155.83351 -999.0 -999.0 -999.0 -999.0 -999.0 37.97810851688866 -24.586363529639094 37.93455401675095 -24.464978631533615 71.69761358679929 80.2769630575649 -999.0 16600.0 -999.0 2 -999 {-999.0 -999.0 -999.0 -999.0 -999.0} "" -999.0 -999.0 -999.0 -999.0 -999 -999 "" "" "" "" 0 0 0.0 0.0 -999 ""
FIBERMAP 603 R-11C2 BOSS 1 1 0 1 0 0 -152.25534660589634 -219.39234237639116 143.1 165.2623529024859 -209.74917369084525 177.76918 155.83351 37.9764817579492 -24.587969498312432 -1.5815874 -4.1912103 0.18163773 37.97648092350891 -24.587978037671082 37.93285160184263 -24.46661287549809 71.69960613149725 80.28030552643418 5400.0 5400.0 2016.0 1 516 {-999.0 18.535238 18.055845 17.844177 -999.0} sdss_psfmag_ps1 18.369598 18.061256 17.563646 -999.0 63050395811943600 944594009 bright_1x1 openfibertargets_nov2020_6c open_fiber science 0 0 0.0 0.0 -999 ""
FIBERMAP 603 R-11C2 METROLOGY 0 0 0 1 0 0 -151.64105921182644 -218.97944401189648 143.1 165.04717245941623 -209.04103002344021 177.76918 155.83351 -999.0 -999.0 -999.0 -999.0 -999.0 37.975777864400854 -24.585899868696114 37.932174325259496 -24.464527711716865 71.69951975432015 80.2733862031829 -999.0 6231.0 -999.0 -1 -999 {-999.0 -999.0 -999.0 -999.0 -999.0} "" -999.0 -999.0 -999.0 -999.0 -999 -999 "" "" "" "" 0 0 0.0 0.0 -999 ""
FIBERMAP 606 R-1C4 APOGEE 0 0 0 1 0 0 -218.17540100409056 -32.29610016885147 143.1 -32.92100319220208 -218.06895661287976 253.76324 111.06252 -999.0 -999.0 -999.0 -999.0 -999.0 37.31708391622493 -24.616031823703285 37.27431109893939 -24.493590598539352 72.27547883040492 79.73613679372568 -999.0 16600.0 -999.0 2 -999 {-999.0 -999.0 -999.0 -999.0 -999.0} "" -999.0 -999.0 -999.0 -999.0 -999 -999 "" "" "" "" 0 0 0.0 0.0 -999 ""
FIBERMAP 606 R-1C4 BOSS 1 1 0 1 0 0 -218.94150213073456 -32.38138331070449 143.1 -33.06349231648748 -218.82646014508774 253.76324 111.06252 37.316585060523515 -24.618404353241292 31.421362 23.736778 7.6724377 37.31667804131602 -24.61833306445182 37.273830181752544 -24.49591284941744 72.2766481271643 79.74288236850873 5400.0 5400.0 2016.0 1 510 {-999.0 17.406693 15.93943 14.914631 -999.0} sdss_psfmag_ps1 16.795042 15.493833 14.36474 12.257 63050395811942332 940018435 bright_1x1 openfibertargets_nov2020_34a open_fiber science 0 0 0.0 0.0 -999 ""
FIBERMAP 606 R-1C4 METROLOGY 0 0 0 1 0 0 -218.61359908767207 -31.689898340792872 143.1 -33.628813913722524 -218.31069376727115 253.76324 111.06252 -999.0 -999.0 -999.0 -999.0 -999.0 37.31476586752629 -24.616820227401497 37.27194348197503 -24.494391114305873 72.27777660085415 79.73632059414535 -999.0 6231.0 -999.0 -1 -999 {-999.0 -999.0 -999.0 -999.0 -999.0} "" -999.0 -999.0 -999.0 -999.0 -999 -999 "" "" "" "" 0 0 0.0 0.0 -999 ""
FIBERMAP 609 R+3C17 APOGEE 0 0 0 1 0 0 105.8745342761697 40.72245182605877 143.1 -7.977758997746048 113.14851985210834 321.23245 75.25774 -999.0 -999.0 -999.0 -999.0 -999.0 37.398446224017476 -23.612065454913704 37.357451837118845 -23.490033894005737 71.85406231264034 76.76770769499552 -999.0 16600.0 -999.0 2 -999 {-999.0 -999.0 -999.0 -999.0 -999.0} "" -999.0 -999.0 -999.0 -999.0 -999 -999 "" "" "" "" 0 0 0.0 0.0 -999 ""
FIBERMAP 609 R+3C17 BOSS 1 1 0 1 0 0 105.16841269314162 40.248211020507114 143.1 -7.730777531273035 112.33462324740385 321.23245 75.25774 37.3993042230903 -23.614446538642706 9.977921 -0.7668965 1.7135322 37.39933473055691 -23.614444621471684 37.35826369988325 -23.492439935449426 71.85426637198 76.77576819741341 5400.0 5400.0 2016.0 1 227 {-999.0 20.147776 18.767529 17.626427 -999.0} sdss_psfmag_ps1 19.559607 18.32769 17.143797 14.958 63050395811956809 1096404854 bright_1x1 mwm_bin_vis_boss mwm_filler science 0 0 0.0 0.0 -999 ""
FIBERMAP 609 R+3C17 METROLOGY 0 0 0 1 0 0 105.17987946001548 40.99985568902728 143.1 -8.446163902437826 112.56539918314414 321.23245 75.25774 -999.0 -999.0 -999.0 -999.0 -999.0 37.396942426673945 -23.61374497797024 37.35589579312597 -23.49172930960976 71.85601776918628 76.77105583774511 -999.0 6231.0 -999.0 -1 -999 {-999.0 -999.0 -999.0 -999.0 -999.0} "" -999.0 -999.0 -999.0 -999.0 -999 -999 "" "" "" "" 0 0 0.0 0.0 -999 ""
FIBERMAP 616 R+10C3 APOGEE 0 0 0 1 0 0 -125.89019670235238 182.1636154036836 143.1 -211.00434947466786 -67.10709458713322 317.67236 105.4088 -999.0 -999.0 -999.0 -999.0 -999.0 36.72549409187982 -24.158194981088933 36.684323284175605 -24.034958233771228 72.62584578295842 77.69993630085162 -999.0 16600.0 -999.0 2 13 {-999.0 -999.0 -999.0 -999.0 -999.0} "" -999.0 -999.0 -999.0 -999.0 -999 -999 "" "" "" "" 0 0 0.0 0.0 -999 ""
FIBERMAP 616 R+10C3 BOSS 1 1 0 1 0 0 -126.21080264375075 181.50351367590878 143.1 -210.46690328062328 -67.60670558740392 317.67236 105.4088 36.727294921875 -24.159702265910212 -999.0 -999.0 -999.0 36.72728997515576 -24.15970444071976 36.68604538937353 -24.03649375198288 72.62491675102564 77.70660728378886 5400.0 5400.0 2015.5 1 16 {-999.0 -999.0 -999.0 -999.0 -999.0} "" -999.0 -999.0 -999.0 -999.0 27021603163415740 814338663 "" ops_sky_boss_good ops_sky sky_boss 0 0 0.0 0.0 -999 ""
FIBERMAP 616 R+10C3 METROLOGY 0 0 0 1 0 0 -126.64265832080577 182.11946340455776 143.1 -211.18218039130485 -67.83952731006751 317.67236 105.4088 -999.0 -999.0 -999.0 -999.0 -999.0 36.72487212274418 -24.160415515673858 36.68364874896514 -24.037194162177325 72.62721187905483 77.70621298683068 -999.0 6231.0 -999.0 -1 -999 {-999.0 -999.0 -999.0 -999.0 -999.0} "" -999.0 -999.0 -999.0 -999.0 -999 -999 "" "" "" "" 0 0 0.0 0.0 -999 ""
FIBERMAP 617 R-4C3 APOGEE 1 1 0 1 0 0 -185.15870738027064 -67.14642684464931 143.1 10.059081291912339 -196.68928191821428 80.03053 60.303284 37.46004024620338 -24.551382278887473 40.586067 -15.06095 5.4942026 37.46014857048172 -24.55143568097973 37.41731611652159 -24.42923789724895 72.13143561388358 79.67609376271753 16000.0 16600.0 2016.0 2 242 {-999.0 12.508296 11.880328 11.666729 -999.0} sdss_psfmag_from_g3xp 12.354568 11.930415 11.324624 10.203 63050395811942355 1077527077 bright_1x1 mwm_snc_ext_filler_apogee mwm_snc science 0 0 0.0 0.0 -999 ""
FIBERMAP 617 R-4C3 BOSS 0 0 0 1 0 0 -184.5873302389639 -67.64473315958337 143.1 10.702666788108537 -196.28864293142692 80.03053 60.303284 -999.0 -999.0 -999.0 -999.0 -999.0 37.46236576437114 -24.550256674396213 37.4194609730024 -24.42808535198171 72.12921310014464 79.67462767425991 -999.0 5400.0 -999.0 1 499 {-999.0 -999.0 -999.0 -999.0 -999.0} "" -999.0 -999.0 -999.0 -999.0 -999 -999 "" "" "" "" 0 0 0.0 0.0 -999 ""
FIBERMAP 617 R-4C3 METROLOGY 0 0 0 1 0 0 -185.2924833580881 -67.89111114302175 143.1 10.732043863069022 -197.03497720891744 80.03053 60.303284 -999.0 -999.0 -999.0 -999.0 -999.0 37.46244924330429 -24.55254140480677 37.419560359869365 -24.430363155262736 72.12987305994406 79.68173820095495 -999.0 6231.0 -999.0 -1 -999 {-999.0 -999.0 -999.0 -999.0 -999.0} "" -999.0 -999.0 -999.0 -999.0 -999 -999 "" "" "" "" 0 0 0.0 0.0 -999 ""
FIBERMAP 618 R+8C5 APOGEE 0 0 0 1 0 0 -118.94252233572728 136.00722073219674 143.1 -164.83677624536273 -73.9615579179601 305.82443 49.071262 -999.0 -999.0 -999.0 -999.0 -999.0 36.87816099101309 -24.179547588186672 36.836758921946 -24.05654191203594 72.50314286424779 77.93088504464748 -999.0 16600.0 -999.0 2 42 {-999.0 -999.0 -999.0 -999.0 -999.0} "" -999.0 -999.0 -999.0 -999.0 -999 -999 "" "" "" "" 0 0 0.0 0.0 -999 ""
FIBERMAP 618 R+8C5 BOSS 1 1 0 1 0 0 -119.68009035909458 136.0697613751085 143.1 -165.11227360458193 -74.64854782416585 305.82443 49.071262 36.87725508290753 -24.18163065780407 -0.023917293 -0.012414455 0.34416917 36.877253992184194 -24.181627464758908 36.83577988249908 -24.058643492983304 72.50471698717243 77.93638893929511 5400.0 5400.0 2016.0 1 70 {-999.0 20.036512 19.91138 19.839294 -999.0} sdss_psfmag_ps1 20.102314 19.832039 19.431683 -999.0 63050395811955000 1117293182 bright_1x1 openfibertargets_bhm_quaia_boss open_fiber science 0 0 0.0 0.0 -999 ""
FIBERMAP 618 R+8C5 METROLOGY 0 0 0 1 0 0 -119.25909167599517 136.67770022839852 143.1 -165.57048159429795 -74.06819352647682 305.82443 49.071262 -999.0 -999.0 -999.0 -999.0 -999.0 36.87569435432957 -24.17988034384166 36.834245091628816 -24.056887723423902 72.50541384272614 77.92928463635798 -999.0 6231.0 -999.0 -1 -999 {-999.0 -999.0 -999.0 -999.0 -999.0} "" -999.0 -999.0 -999.0 -999.0 -999 -999 "" "" "" "" 0 0 0.0 0.0 -999 ""
FIBERMAP 621 R-1C10 APOGEE 0 0 0 1 0 0 -85.50527600350715 -33.360599813896854 143.1 6.894979708453875 -91.51807032040357 262.27533 96.85911 -999.0 -999.0 -999.0 -999.0 -999.0 37.448990204702916 -24.23323830564602 37.40677181765784 -24.111111996716158 72.03392591979284 78.6912862218062 -999.0 16600.0 -999.0 2 -999 {-999.0 -999.0 -999.0 -999.0 -999.0} "" -999.0 -999.0 -999.0 -999.0 -999 -999 "" "" "" "" 0 0 0.0 0.0 -999 ""
FIBERMAP 621 R-1C10 BOSS 1 1 0 1 0 0 -86.25564694064336 -33.341579926939545 143.1 6.6573537979444 -92.2300298843658 262.27533 96.85911 37.448261263982964 -24.235455154848317 -0.64328825 -0.11993044 0.42773065 37.44827925691904 -24.235427833127414 37.40598607436539 -24.11332360501936 72.03535736173332 78.69722603082084 5400.0 5400.0 2016.0 1 509 {-999.0 20.229715 19.654772 19.532291 -999.0} sdss_psfmag_ps1 20.608635 20.083723 19.485006 -999.0 63050395811943311 1117293048 bright_1x1 openfibertargets_bhm_quaia_boss open_fiber science 0 0 0.0 0.0 -999 ""
FIBERMAP 621 R-1C10 METROLOGY 0 0 0 1 0 0 -85.87043491775272 -32.70779265696374 143.1 6.163963504958018 -91.67633648715777 262.27533 96.85911 -999.0 -999.0 -999.0 -999.0 -999.0 37.44661335737747 -24.233766610974417 37.40434567311985 -24.111653474305577 72.03619187655791 78.69047555614327 -999.0 6231.0 -999.0 -1 -999 {-999.0 -999.0 -999.0 -999.0 -999.0} "" -999.0 -999.0 -999.0 -999.0 -999 -999 "" "" "" "" 0 0 0.0 0.0 -999 ""
FIBERMAP 622 R-9C14 APOGEE 1 1 0 1 0 0 97.57986691301912 -162.61964919291765 143.1 184.03688495082113 45.75155611896256 102.16256 122.00958 38.034923904958085 -23.814654743714478 16.791273 20.12219 3.2101371 38.034982730536086 -23.814604849158627 37.99282734730946 -23.693527568780087 71.38593867292496 78.04156827176098 16000.0 16600.0 2016.0 2 198 {-999.0 11.132994 10.819965 10.72905 -999.0} sdss_psfmag_from_g3xp 11.092327 10.828294 10.401534 9.711 63050395811945221 975170850 "" ops_std_apogee ops_std standard_apogee 0 0 0.0 0.0 -999 ""
FIBERMAP 622 R-9C14 BOSS 0 0 0 1 0 0 98.11603950653277 -162.109405010758 143.1 183.7057763128577 46.41347247367276 102.16256 122.00958 -999.0 -999.0 -999.0 -999.0 -999.0 38.034011484531575 -23.812563409748805 37.99178747679758 -23.691510911752832 71.38610903539224 78.03460174528749 -999.0 5400.0 -999.0 1 274 {-999.0 -999.0 -999.0 -999.0 -999.0} "" -999.0 -999.0 -999.0 -999.0 -999 -999 "" "" "" "" 0 0 0.0 0.0 -999 ""
FIBERMAP 622 R-9C14 METROLOGY 0 0 0 1 0 0 98.29586250030539 -162.8289888193269 143.1 184.44644618594594 46.37498804047534 102.16256 122.00958 -999.0 -999.0 -999.0 -999.0 -999.0 38.036462409099656 -23.812669837809057 37.99425606362831 -23.691613933727417 71.38403393296585 78.03742923147303 -999.0 6231.0 -999.0 -1 -999 {-999.0 -999.0 -999.0 -999.0 -999.0} "" -999.0 -999.0 -999.0 -999.0 -999 -999 "" "" "" "" 0 0 0.0 0.0 -999 ""
FIBERMAP 625 R+1C2 APOGEE 0 0 0 1 0 0 -241.09051003185417 6.892362181659378 143.1 -77.09520170895244 -228.5206210605948 21.48292 43.3296 -999.0 -999.0 -999.0 -999.0 -999.0 37.17006121905141 -24.647354537366052 37.127416602283915 -24.524673779688605 72.4119801936589 79.68972493194974 -999.0 16600.0 -999.0 2 -999 {-999.0 -999.0 -999.0 -999.0 -999.0} "" -999.0 -999.0 -999.0 -999.0 -999 -999 "" "" "" "" 0 0 0.0 0.0 -999 ""
FIBERMAP 625 R+1C2 BOSS 1 1 0 1 0 0 -241.37104390668003 6.227692653671719 143.1 -76.54166899547532 -228.98325004868033 21.48292 43.3296 37.17195298980712 -24.648746919770293 1.6110202 -1.6015574 0.19861403 37.171967990862306 -24.648752495488875 37.129247648311775 -24.52609642943468 72.41086724808255 79.69596916575006 5400.0 5400.0 2016.0 1 11 {-999.0 17.503363 17.135775 17.001377 16.97541} sdss_psfmag_from_ps1dr2 17.4528 17.1542 16.6889 15.747 63050395811942691 1036992934 "" ops_std_boss_ps1dr2 ops_std standard_boss 0 0 0.0 0.0 -999 ""
FIBERMAP 625 R+1C2 METROLOGY 0 0 0 1 0 0 -241.83423566491922 6.8125473990807865 143.1 -77.23637630778747 -229.25512946895807 21.48292 43.3296 -999.0 -999.0 -999.0 -999.0 -999.0 37.16962341909752 -24.649610388464662 37.12692448424474 -24.526944144618152 72.41314156281781 79.69634907300491 -999.0 6231.0 -999.0 -1 -999 {-999.0 -999.0 -999.0 -999.0 -999.0} "" -999.0 -999.0 -999.0 -999.0 -999 -999 "" "" "" "" 0 0 0.0 0.0 -999 ""
FIBERMAP 628 R-7C16 APOGEE 0 0 0 1 0 0 136.08672027468864 -128.25435310707 143.1 162.43696149890857 92.62248016240389 45.091877 103.0043 -999.0 -999.0 -999.0 -999.0 -999.0 37.96259981722968 -23.672907774250827 37.92080095995078 -23.551754608742574 71.39644340171539 77.55261912635513 -999.0 16600.0 -999.0 2 207 {-999.0 -999.0 -999.0 -999.0 -999.0} "" -999.0 -999.0 -999.0 -999.0 -999 -999 "" "" "" "" 0 0 0.0 0.0 -999 ""
FIBERMAP 628 R-7C16 BOSS 1 1 0 1 0 0 136.7347795691147 -128.65298072540406 143.1 163.00765690774492 93.12559442949467 45.091877 103.0043 37.964630126953125 -23.671312239804493 -999.0 -999.0 -999.0 37.96460080247558 -23.671321454420013 37.92272913472891 -23.550198191925787 71.39423081450904 77.55008975807533 5400.0 5400.0 2015.5 1 292 {-999.0 -999.0 -999.0 -999.0 -999.0} "" -999.0 -999.0 -999.0 -999.0 27021603163404827 814337228 "" ops_sky_boss_good ops_sky sky_boss 0 0 0.0 0.0 -999 ""
FIBERMAP 628 R-7C16 METROLOGY 0 0 0 1 0 0 136.07444970144158 -129.00409154793815 143.1 163.15029002653358 92.3914930664265 45.091877 103.0043 -999.0 -999.0 -999.0 -999.0 -999.0 37.96509215523981 -23.673537815440802 37.92323649231463 -23.552407266876518 71.39460095003136 77.55706967578891 -999.0 6231.0 -999.0 -1 -999 {-999.0 -999.0 -999.0 -999.0 -999.0} "" -999.0 -999.0 -999.0 -999.0 -999 -999 "" "" "" "" 0 0 0.0 0.0 -999 ""
FIBERMAP 629 R0C19 APOGEE 0 0 0 1 1 0 95.9723409695248 -14.645400928735064 143.1 42.07044034039129 87.48802901228538 292.34555 28.25574 -999.0 -999.0 -999.0 -999.0 -999.0 37.564483424984495 -23.689570456195675 37.523140968670475 -23.56777936071513 71.74162411552844 77.17867525700882 -999.0 16600.0 -999.0 2 90 {-999.0 -999.0 -999.0 -999.0 -999.0} "" -999.0 -999.0 -999.0 -999.0 -999 -999 "" "" "" "" 0 0 0.0 0.0 -999 ""
FIBERMAP 629 R0C19 BOSS 0 0 0 1 1 0 95.39535676142553 -14.176309113552593 143.1 41.45315068084157 87.07348492526638 292.34555 28.25574 -999.0 -999.0 -999.0 -999.0 -999.0 37.56253903289022 -23.69075664022491 37.521124950035414 -23.568988081509023 71.74378654715946 77.18010076643401 -999.0 5400.0 -999.0 1 253 {-999.0 -999.0 -999.0 -999.0 -999.0} "" -999.0 -999.0 -999.0 -999.0 -999 -999 "" "" "" "" 0 0 0.0 0.0 -999 ""
FIBERMAP 629 R0C19 METROLOGY 0 0 0 1 1 0 96.08517077999704 -13.899676722503242 143.1 41.390357883349054 87.8139992126232 292.34555 28.25574 -999.0 -999.0 -999.0 -999.0 -999.0 37.562307105926635 -23.688509875987382 37.5209178539601 -23.56673423504172 71.74313625410304 77.17318560553957 -999.0 6231.0 -999.0 -1 -999 {-999.0 -999.0 -999.0 -999.0 -999.0} "" -999.0 -999.0 -999.0 -999.0 -999 -999 "" "" "" "" 0 0 0.0 0.0 -999 ""
FIBERMAP 632 R-6C1 APOGEE 0 0 0 1 0 0 -215.48270448255604 -131.50522894378776 143.1 62.73247338852188 -244.50688113953572 329.75748 81.93687 -999.0 -999.0 -999.0 -999.0 -999.0 37.63584031726697 -24.694839845413878 37.592512685433235 -24.572879839036112 72.02697622224137 80.2852809158918 -999.0 16600.0 -999.0 2 274 {-999.0 -999.0 -999.0 -999.0 -999.0} "" -999.0 -999.0 -999.0 -999.0 -999 -999 "" "" "" "" 0 0 0.0 0.0 -999 ""
FIBERMAP 632 R-6C1 BOSS 1 1 0 1 0 0 -215.94678294924077 -132.10312209355328 143.1 63.168477185651156 -245.12549153737808 329.75748 81.93687 37.63731768717359 -24.696624644170697 16.916855 -23.058056 0.37806565 37.63737113059597 -24.696683279329335 37.593965537058295 -24.574747363291603 72.02631942341485 80.29238242394445 5400.0 5400.0 2016.0 1 446 {-999.0 17.428608 17.037006 16.852564 -999.0} sdss_psfmag_ps1 17.260082 16.975182 16.514097 15.601 63050395811942067 944594054 bright_1x1 openfibertargets_nov2020_6c open_fiber science 0 0 0.0 0.0 -999 ""
FIBERMAP 632 R-6C1 METROLOGY 0 0 0 1 0 0 -216.23152074420236 -131.4291512691242 143.1 62.440742174291564 -245.2006680939207 329.75748 81.93687 -999.0 -999.0 -999.0 -999.0 -999.0 37.634940666706626 -24.69697018387008 37.59155817328946 -24.575024048278607 72.02848268961952 80.29097024627856 -999.0 6231.0 -999.0 -1 -999 {-999.0 -999.0 -999.0 -999.0 -999.0} "" -999.0 -999.0 -999.0 -999.0 -999 -999 "" "" "" "" 0 0 0.0 0.0 -999 ""
FIBERMAP 633 R+7C5 APOGEE 0 0 0 1 0 0 -118.53049813537892 125.97162266106928 143.1 -155.12001682323248 -76.50238379351049 279.37988 133.82979 -999.0 -999.0 -999.0 -999.0 -999.0 36.91035130904195 -24.18734760391284 36.8688943511641 -24.064389842761894 72.47840845023671 77.98948528340424 -999.0 16600.0 -999.0 2 34 {-999.0 -999.0 -999.0 -999.0 -999.0} "" -999.0 -999.0 -999.0 -999.0 -999 -999 "" "" "" "" 0 0 0.0 0.0 -999 ""
FIBERMAP 633 R+7C5 BOSS 1 1 0 1 0 0 -118.99685649801886 125.39052829576403 143.1 -154.70074313894096 -77.11826163900275 279.37988 133.82979 36.91174390150066 -24.189218023631703 0.0502066 -0.016903786 -0.23881242 36.911746473453896 -24.18922252307182 36.87021482280596 -24.06629009732487 72.4779439314592 77.99679928998518 5400.0 5400.0 2016.0 1 57 {-999.0 19.715784 19.541193 19.37579 -999.0} sdss_psfmag_ps1 19.477888 19.253136 18.86844 -999.0 63050395811955002 1117293183 bright_1x1 openfibertargets_bhm_quaia_boss open_fiber science 0 0 0.0 0.0 -999 ""
FIBERMAP 633 R+7C5 METROLOGY 0 0 0 1 0 0 -119.26951236617772 126.06359978885942 143.1 -155.42408494757902 -77.18214818321796 279.37988 133.82979 -999.0 -999.0 -999.0 -999.0 -999.0 36.90930781844366 -24.189425027354986 36.867798547573955 -24.066482033499437 72.48007787569094 77.99483248152347 -999.0 6231.0 -999.0 -1 -999 {-999.0 -999.0 -999.0 -999.0 -999.0} "" -999.0 -999.0 -999.0 -999.0 -999 -999 "" "" "" "" 0 0 0.0 0.0 -999 ""
FIBERMAP 634 R+2C21 APOGEE 0 0 0 1 0 0 166.51572634632686 55.23662442252434 143.1 -4.122615513132964 175.37953417476288 186.73114 44.500237 -999.0 -999.0 -999.0 -999.0 -999.0 37.41089993490085 -23.423733840363262 37.37023997822308 -23.301774962275115 71.77233737451698 76.223033335016 -999.0 16600.0 -999.0 2 73 {-999.0 -999.0 -999.0 -999.0 -999.0} "" -999.0 -999.0 -999.0 -999.0 -999 -999 "" "" "" "" 0 0 0.0 0.0 -999 ""
FIBERMAP 634 R+2C21 BOSS 1 1 0 1 0 0 167.01900007335524 55.789826742563406 143.1 -4.504422651528981 176.0225545740786 186.73114 44.500237 37.409522993187196 -23.421624885171273 51.79808 -17.720396 3.4309757 37.40970445440175 -23.42170303571449 37.36897861745871 -23.299769726921944 71.772645436245 76.21569537954349 5400.0 5400.0 2016.0 1 231 {-999.0 18.977806 17.490206 16.236963 -999.0} sdss_psfmag_ps1 18.288378 16.861544 15.693905 13.489 63050395811957423 1080288569 bright_flexible_2x1 mwm_snc_ext_filler_boss mwm_snc science 0 0 0.0 0.0 -999 ""
FIBERMAP 634 R+2C21 METROLOGY 0 0 0 1 0 0 167.2431885734414 55.0849905278574 143.1 -3.7648805032416575 176.03080623634492 186.73114 44.500237 -999.0 -999.0 -999.0 -999.0 -999.0 37.412127484683985 -23.42165955546119 37.37141892271802 -23.29972246313522 71.77055488456224 76.2182831196514 -999.0 6231.0 -999.0 -1 -999 {-999.0 -999.0 -999.0 -999.0 -999.0} "" -999.0 -999.0 -999.0 -999.0 -999 -999 "" "" "" "" 0 0 0.0 0.0 -999 ""
FIBERMAP 636 R-3C16 APOGEE 0 0 0 1 0 0 73.59788617996006 -45.325634073191964 143.1 64.8643854799554 57.12093185555755 116.40701 112.0356 -999.0 -999.0 -999.0 -999.0 -999.0 37.6403960917274 -23.781529026112317 37.598788198854606 -23.659832324976886 71.7106176343214 77.53261290755103 -999.0 16600.0 -999.0 2 220 {-999.0 -999.0 -999.0 -999.0 -999.0} "" -999.0 -999.0 -999.0 -999.0 -999 -999 "" "" "" "" 0 0 0.0 0.0 -999 ""
FIBERMAP 636 R-3C16 BOSS 1 1 0 1 0 0 74.08927765681636 -44.75345860141176 143.1 64.46096093446845 57.758138690385415 116.40701 112.0356 37.63916015625 -23.779542726789785 -999.0 -999.0 -999.0 37.63916364626006 -23.779539086080916 37.597488872095255 -23.657866646000787 71.71101561211444 77.52540110212027 5400.0 5400.0 2015.5 1 317 {-999.0 -999.0 -999.0 -999.0 -999.0} "" -999.0 -999.0 -999.0 -999.0 27021603163404637 814337171 "" ops_sky_boss_good ops_sky sky_boss 0 0 0.0 0.0 -999 ""
FIBERMAP 636 R-3C16 METROLOGY 0 0 0 1 0 0 74.33619629637815 -45.46275476306758 143.1 65.21141499300047 57.78682116063709 116.40701 112.0356 -999.0 -999.0 -999.0 -999.0 -999.0 37.64163836185628 -23.77944766533912 37.59998114761265 -23.65777190596468 71.70885330497434 77.52775277087062 -999.0 6231.0 -999.0 -1 -999 {-999.0 -999.0 -999.0 -999.0 -999.0} "" -999.0 -999.0 -999.0 -999.0 -999 -999 "" "" "" "" 0 0 0.0 0.0 -999 ""
FIBERMAP 642 R-2C18 APOGEE 0 0 0 1 0 0 116.76532510834423 -32.73069760009167 143.1 65.44471747819374 102.08188439699119 338.33685 169.8605 -999.0 -999.0 -999.0 -999.0 -999.0 37.641746823331374 -23.64515361248417 37.600392708795255 -23.52349743358518 71.65948664025333 77.13039648605309 -999.0 16600.0 -999.0 2 -999 {-999.0 -999.0 -999.0 -999.0 -999.0} "" -999.0 -999.0 -999.0 -999.0 -999 -999 "" "" "" "" 0 0 0.0 0.0 -999 ""
FIBERMAP 642 R-2C18 BOSS 1 1 0 1 0 0 117.40477730009168 -33.13605430151143 143.1 66.01933032597951 102.57480050215901 338.33685 169.8605 37.64362470785011 -23.64363634002673 34.27571 15.643595 4.326453 37.64375174276397 -23.643576380810998 37.602326030365134 -23.521950000211774 71.65726880645201 77.12789809537367 5400.0 5400.0 2016.0 1 299 {-999.0 18.005981 16.594511 15.48987 -999.0} sdss_psfmag_ps1 17.427492 16.198336 15.092116 13.083 63050395811945519 1079222558 bright_flexible_2x1 mwm_snc_ext_filler_boss mwm_snc science 0 0 0.0 0.0 -999 ""
FIBERMAP 642 R-2C18 METROLOGY 0 0 0 1 0 0 116.74385146950974 -33.47838543577667 143.1 66.15339382376176 101.8426968000198 338.33685 169.8605 -999.0 -999.0 -999.0 -999.0 -999.0 37.64419254565899 -23.645791580320196 37.60278257757062 -23.524157851630175 71.65769230123156 77.13491093526409 -999.0 6231.0 -999.0 -1 -999 {-999.0 -999.0 -999.0 -999.0 -999.0} "" -999.0 -999.0 -999.0 -999.0 -999 -999 "" "" "" "" 0 0 0.0 0.0 -999 ""
FIBERMAP 643 R+9C3 APOGEE 0 0 0 1 0 0 -145.94480156381402 165.928443871347 143.1 -201.34468306739956 -91.03158112928693 221.69038 153.48521 -999.0 -999.0 -999.0 -999.0 -999.0 36.75730754230518 -24.230745910850057 36.71596272903105 -24.107538180257293 72.62429888320267 77.96147793194541 -999.0 16600.0 -999.0 2 35 {-999.0 -999.0 -999.0 -999.0 -999.0} "" -999.0 -999.0 -999.0 -999.0 -999 -999 "" "" "" "" 0 0 0.0 0.0 -999 ""
FIBERMAP 643 R+9C3 BOSS 1 1 0 1 0 0 -146.69156946849196 165.72131005654978 143.1 -201.36500199660213 -91.80623183616123 221.69038 153.48521 36.757262122657345 -24.233043315732438 1.4704977 -12.439401 0.3048616 36.75726427187616 -24.233083450257734 36.71584630987678 -24.109898434971566 72.62522298137631 77.96875931612345 5400.0 5400.0 2016.0 1 59 {-999.0 17.41398 16.998747 16.939154 -999.0} sdss_psfmag_ps1 17.343876 17.048918 16.588999 15.735 63050395811954696 977163926 "" ops_std_boss ops_std standard_boss 0 0 0.0 0.0 -999 ""
FIBERMAP 643 R+9C3 METROLOGY 0 0 0 1 0 0 -146.4717160801315 166.4504372424832 143.1 -201.99791600405064 -91.3827768949495 221.69038 153.48521 -999.0 -999.0 -999.0 -999.0 -999.0 36.75511990940396 -24.23181278751707 36.713726524176934 -24.10861816304385 72.6265887320128 77.96247848540048 -999.0 6231.0 -999.0 -1 -999 {-999.0 -999.0 -999.0 -999.0 -999.0} "" -999.0 -999.0 -999.0 -999.0 -999 -999 "" "" "" "" 0 0 0.0 0.0 -999 ""
FIBERMAP 646 R-9C11 APOGEE 0 0 0 1 0 0 53.66422499164695 -170.4560712064818 143.1 178.68754860739142 1.4667360152652344 65.58904 49.293503 -999.0 -999.0 -999.0 -999.0 -999.0 38.01826719599035 -23.948920178114985 37.97587779255139 -23.82777835216078 71.44792468768071 78.41840662710979 -999.0 16600.0 -999.0 2 164 {-999.0 -999.0 -999.0 -999.0 -999.0} "" -999.0 -999.0 -999.0 -999.0 -999 -999 "" "" "" "" 0 0 0.0 0.0 -999 ""
FIBERMAP 646 R-9C11 BOSS 1 1 0 1 0 0 54.00225580645194 -171.11964525789406 143.1 179.42092701199113 1.5959130034884337 65.58904 49.293503 38.02082221524964 -23.948432019466278 1.0061772 -21.137642 1.4030974 38.02083041386004 -23.948489206941577 37.97836497630749 -23.8273768431287 71.44565317107688 78.4197322464525 5400.0 5400.0 2016.0 1 397 {-999.0 17.596277 16.343285 15.707151 -999.0} sdss_psfmag_ps1 17.101877 16.277372 15.34131 13.494 63050395811944432 940018487 bright_1x1 openfibertargets_nov2020_34a open_fiber science 0 0 0.0 0.0 -999 ""
FIBERMAP 646 R-9C11 METROLOGY 0 0 0 1 0 0 53.24452112211567 -171.07748361773005 143.1 179.15901897505196 0.883679637118941 65.58904 49.293503 -999.0 -999.0 -999.0 -999.0 -999.0 38.0199833757422 -23.950660227279545 37.97753574863219 -23.829538738650847 71.44712154156639 78.42525945297291 -999.0 6231.0 -999.0 -1 -999 {-999.0 -999.0 -999.0 -999.0 -999.0} "" -999.0 -999.0 -999.0 -999.0 -999 -999 "" "" "" "" 0 0 0.0 0.0 -999 ""
FIBERMAP 651 R-2C19 APOGEE 0 0 0 1 0 0 147.5655645561995 -51.093400266523076 143.1 92.01078074932241 126.1637800737943 351.80695 74.750656 -999.0 -999.0 -999.0 -999.0 -999.0 37.72927727487069 -23.572004114652863 37.68795308374331 -23.45050750393002 71.55790151739562 77.00941112935664 -999.0 16600.0 -999.0 2 240 {-999.0 -999.0 -999.0 -999.0 -999.0} "" -999.0 -999.0 -999.0 -999.0 -999 -999 "" "" "" "" 0 0 0.0 0.0 -999 ""
FIBERMAP 651 R-2C19 BOSS 1 1 0 1 0 0 147.29402035510802 -51.77193429330211 143.1 92.58019995406285 125.70569267859617 351.80695 74.750656 37.731167089353015 -23.573288251295576 37.25429 -7.641181 4.9927235 37.7312824562994 -23.57330672460789 37.68988097075328 -23.451839426447712 71.55675220170971 77.01539301283748 5400.0 5400.0 2016.0 1 303 {-999.0 19.356585 17.908699 16.739689 -999.0} sdss_psfmag_ps1 18.73781 17.415546 16.269026 14.139 63050395811945555 940018515 bright_1x1 openfibertargets_nov2020_34a open_fiber science 0 0 0.0 0.0 -999 ""
FIBERMAP 651 R-2C19 METROLOGY 0 0 0 1 0 0 146.82453635584088 -51.18827539601699 143.1 91.88479603438444 125.42744676031748 351.80695 74.750656 -999.0 -999.0 -999.0 -999.0 -999.0 37.72897928673496 -23.574147094618983 37.68759956413811 -23.4526683880872 71.55900332692329 77.0153761599106 -999.0 6231.0 -999.0 -1 -999 {-999.0 -999.0 -999.0 -999.0 -999.0} "" -999.0 -999.0 -999.0 -999.0 -999 -999 "" "" "" "" 0 0 0.0 0.0 -999 ""
FIBERMAP 652 R-4C22 APOGEE 0 0 0 1 0 0 212.8371394799117 -69.60103056500488 143.1 128.79623298269914 183.16556751929147 150.24353 110.64546 -999.0 -999.0 -999.0 -999.0 -999.0 37.84947996173871 -23.39948685505063 37.808332696945456 -23.27823022265789 71.39100808293212 76.63649960117482 -999.0 16600.0 -999.0 2 -999 {-999.0 -999.0 -999.0 -999.0 -999.0} "" -999.0 -999.0 -999.0 -999.0 -999 -999 "" "" "" "" 0 0 0.0 0.0 -999 ""
FIBERMAP 652 R-4C22 BOSS 1 1 0 1 0 0 212.92448390406724 -68.83740642569056 143.1 128.091581250143 183.47240267486012 150.24353 110.64546 37.84723112152893 -23.398102846721056 0.7808391 -135.22858 14.81866 37.84725001547618 -23.39850432904861 37.806034499549185 -23.277271644522468 71.39260194140036 76.63122266183495 5400.0 5400.0 2016.0 1 278 {-999.0 16.626501 15.097808 13.925723 -999.0} sdss_psfmag_ps1 15.898828 14.4399805 13.222883 11.02 63050395811957284 1151091304 bright_1x1 mwm_snc_100pc_boss_single mwm_snc science 0 0 0.0 0.0 -999 ""
FIBERMAP 652 R-4C22 METROLOGY 0 0 0 1 0 0 213.52956797033187 -69.31811537903818 143.1 128.72819701070588 183.91041916614975 150.24353 110.64546 -999.0 -999.0 -999.0 -999.0 -999.0 37.849336765900645 -23.397158798121165 37.808141865107814 -23.27592210892525 71.39030010053021 76.62959349982793 -999.0 6231.0 -999.0 -1 -999 {-999.0 -999.0 -999.0 -999.0 -999.0} "" -999.0 -999.0 -999.0 -999.0 -999 -999 "" "" "" "" 0 0 0.0 0.0 -999 ""
FIBERMAP 653 R+5C11 APOGEE 1 1 0 1 0 0 -6.122016880655425 82.41321302437441 143.1 -80.59571149846518 18.246928704779783 306.5482 98.94126 37.15757303224601 -23.900232244225425 57.369675 5.020684 8.924412 37.15775384528473 -23.900229636567214 37.116520822495374 -23.777738791527245 72.16490910620996 77.37230076381883 16000.0 16600.0 2016.0 2 142 {-999.0 11.884597 11.127987 10.890154 -999.0} sdss_psfmag_from_g3xp 11.6707535 11.188678 10.549833 9.385 63050395811955210 1103528958 bright_1x1 mwm_tess_2min_apogee mwm_planet science 0 0 0.0 0.0 -999 ""
FIBERMAP 653 R+5C11 BOSS 0 0 0 1 0 0 -6.663144077907659 81.90340451709817 143.1 -80.2664683882691 17.580402054237865 306.5482 98.94126 -999.0 -999.0 -999.0 -999.0 -999.0 37.15886422128153 -23.902217824177253 37.117555819963 -23.779753075405985 72.16475337089406 77.37955032953425 -999.0 5400.0 -999.0 1 143 {-999.0 -999.0 -999.0 -999.0 -999.0} "" -999.0 -999.0 -999.0 -999.0 -999 -999 "" "" "" "" 0 0 0.0 0.0 -999 ""
FIBERMAP 653 R+5C11 METROLOGY 0 0 0 1 0 0 -6.836432285179764 82.62575353376701 143.1 -81.00787138161037 17.625943856948904 306.5482 98.94126 -999.0 -999.0 -999.0 -999.0 -999.0 37.15637557591483 -23.902085034666705 37.11509044065099 -23.779609362678674 72.16680530673267 77.37645257670636 -999.0 6231.0 -999.0 -1 -999 {-999.0 -999.0 -999.0 -999.0 -999.0} "" -999.0 -999.0 -999.0 -999.0 -999 -999 "" "" "" "" 0 0 0.0 0.0 -999 ""
FIBERMAP 656 R+4C4 APOGEE 0 0 0 1 0 0 -196.11493235215568 82.63991941178827 143.1 -136.37406845830898 -163.3623171268959 195.70126 80.68553 -999.0 -999.0 -999.0 -999.0 -999.0 36.97263074157816 -24.450354916532923 36.9306060580322 -24.327420613129878 72.51583089504182 78.87517079275995 -999.0 16600.0 -999.0 2 -999 {-999.0 -999.0 -999.0 -999.0 -999.0} "" -999.0 -999.0 -999.0 -999.0 -999 -999 "" "" "" "" 0 0 0.0 0.0 -999 ""
FIBERMAP 656 R+4C4 BOSS 1 1 0 1 0 0 -196.18592031310433 83.36991085219114 143.1 -137.0928626016009 -163.2167185513004 195.70126 80.68553 36.970268875542935 -24.449925461748517 0.1911224 -0.058907922 -0.85051125 36.970279333890154 -24.449920209619492 36.92818864460082 -24.327005095047937 72.5177652979668 78.87140061665588 5400.0 5400.0 2016.0 1 37 {-999.0 20.34245 20.107931 19.964428 -999.0} sdss_psfmag_ps1 20.478893 20.307657 20.00815 -999.0 63050395811942971 1117292999 bright_1x1 openfibertargets_bhm_quaia_boss open_fiber science 0 0 0.0 0.0 -999 ""
FIBERMAP 656 R+4C4 METROLOGY 0 0 0 1 0 0 -195.51612685812879 83.08817179284085 143.1 -136.62758274620708 -162.65863866684182 195.70126 80.68553 -999.0 -999.0 -999.0 -999.0 -999.0 36.97177975123598 -24.448271717271307 36.92971001106815 -24.32535296550171 72.51590376424195 78.8677755917646 -999.0 6231.0 -999.0 -1 -999 {-999.0 -999.0 -999.0 -999.0 -999.0} "" -999.0 -999.0 -999.0 -999.0 -999 -999 "" "" "" "" 0 0 0.0 0.0 -999 ""
FIBERMAP 657 R-1C7 APOGEE 0 0 0 1 0 0 -156.71721586664896 -10.196537914280464 143.1 -36.08026004371339 -152.83844172435298 149.6782 107.4819 -999.0 -999.0 -999.0 -999.0 -999.0 37.306203852901426 -24.419134395554153 37.2638155900936 -24.296731120053373 72.21949690208186 79.1163566578362 -999.0 16600.0 -999.0 2 280 {-999.0 -999.0 -999.0 -999.0 -999.0} "" -999.0 -999.0 -999.0 -999.0 -999 -999 "" "" "" "" 0 0 0.0 0.0 -999 ""
FIBERMAP 657 R-1C7 BOSS 1 1 0 1 0 0 -156.54584221252352 -9.457191473114351 143.1 -36.73712336073914 -152.45835568533067 149.6782 107.4819 37.3040771484375 -24.41803801481018 -999.0 -999.0 -999.0 37.30406856398554 -24.418026101498555 37.26161399783274 -24.295642821240115 72.22102286658583 79.11079688844677 5400.0 5400.0 2015.5 1 460 {-999.0 -999.0 -999.0 -999.0 -999.0} "" -999.0 -999.0 -999.0 -999.0 27021603163402254 822006140 "" ops_sky_boss_good ops_sky sky_boss 0 0 0.0 0.0 -999 ""
FIBERMAP 657 R-1C7 METROLOGY 0 0 0 1 0 0 -155.99865814707528 -9.97147357803169 143.1 -36.085336480149316 -152.08552263150708 149.6782 107.4819 -999.0 -999.0 -999.0 -999.0 -999.0 37.30621287974403 -24.41692243008781 37.26377781876357 -24.29453630395573 72.21879390424714 79.10954714227353 -999.0 6231.0 -999.0 -1 -999 {-999.0 -999.0 -999.0 -999.0 -999.0} "" -999.0 -999.0 -999.0 -999.0 -999 -999 "" "" "" "" 0 0 0.0 0.0 -999 ""
FIBERMAP 658 R-3C12 APOGEE 0 0 0 1 0 0 -23.966230945630357 -55.731887173091366 143.1 46.28340667938112 -39.215301590770444 169.05423 118.4092 -999.0 -999.0 -999.0 -999.0 -999.0 37.579678714619455 -24.074205836793123 37.53759625268003 -23.952330695251273 71.86690823492697 78.34377534554505 -999.0 16600.0 -999.0 2 177 {-999.0 -999.0 -999.0 -999.0 -999.0} "" -999.0 -999.0 -999.0 -999.0 -999 -999 "" "" "" "" 0 0 0.0 0.0 -999 ""
FIBERMAP 658 R-3C12 BOSS 1 1 0 1 0 0 -24.155209730988002 -55.02689283007755 143.1 45.55401006288968 -39.18983868049094 169.05423 118.4092 37.577362060546875 -24.074132218542147 -999.0 -999.0 -999.0 37.577356134673806 -24.074134821366968 37.53520469049022 -23.952280524891666 71.8689389741112 78.34117376867164 5400.0 5400.0 2015.5 1 421 {-999.0 -999.0 -999.0 -999.0 -999.0} "" -999.0 -999.0 -999.0 -999.0 27021603163404168 822006289 "" ops_sky_boss_good ops_sky sky_boss 0 0 0.0 0.0 -999 ""
FIBERMAP 658 R-3C12 METROLOGY 0 0 0 1 0 0 -23.42535090207204 -55.21060714470263 143.1 45.94312196228697 -38.545656539738445 169.05423 118.4092 -999.0 -999.0 -999.0 -999.0 -999.0 37.578628682556314 -24.07218528842931 37.53649972520901 -23.950326615893985 71.86714798961353 78.33661716021874 -999.0 6231.0 -999.0 -1 -999 {-999.0 -999.0 -999.0 -999.0 -999.0} "" -999.0 -999.0 -999.0 -999.0 -999 -999 "" "" "" "" 0 0 0.0 0.0 -999 ""
FIBERMAP 659 R+7C14 APOGEE 0 0 0 1 0 0 73.18702748604794 147.6950214170696 143.1 -119.82650386163515 113.17506763358722 112.25181 118.333885 -999.0 -999.0 -999.0 -999.0 -999.0 37.028290039082506 -23.61235283604973 36.987749303750434 -23.489740341820067 72.168400794548 76.35610973494886 -999.0 16600.0 -999.0 2 94 {-999.0 -999.0 -999.0 -999.0 -999.0} "" -999.0 -999.0 -999.0 -999.0 -999 -999 "" "" "" "" 0 0 0.0 0.0 -999 ""
FIBERMAP 659 R+7C14 BOSS 1 1 0 1 0 0 73.66348974827723 148.27469508206883 143.1 -120.24146425311137 113.80019158755807 112.25181 118.333885 37.026945836990635 -23.610371468531984 -1.1932272 -6.3705688 0.31261313 37.026942713848044 -23.610389811358726 36.986337564545806 -23.487801712544876 72.16887132463363 76.34865336684072 5400.0 5400.0 2016.0 1 167 {-999.0 17.931019 17.49088 17.37539 -999.0} sdss_psfmag_ps1 17.839289 17.519567 17.069073 16.087 63050395811956967 977163933 "" ops_std_boss ops_std standard_boss 0 0 0.0 0.0 -999 ""
FIBERMAP 659 R+7C14 METROLOGY 0 0 0 1 0 0 73.93264923613148 147.57603423183423 143.1 -119.4946758019063 113.85325145553426 112.25181 118.333885 -999.0 -999.0 -999.0 -999.0 -999.0 37.029375088001245 -23.610221296263664 36.98878700221462 -23.487629692218935 72.16672512325128 76.35089240511809 -999.0 6231.0 -999.0 -1 -999 {-999.0 -999.0 -999.0 -999.0 -999.0} "" -999.0 -999.0 -999.0 -999.0 -999 -999 "" "" "" "" 0 0 0.0 0.0 -999 ""
FIBERMAP 662 R+12C15 APOGEE 0 0 0 1 0 0 143.45733220502882 221.89096226358816 143.1 -170.22448353280348 202.06700937819357 248.25676 83.445244 -999.0 -999.0 -999.0 -999.0 -999.0 36.86355620083039 -23.344078786442733 36.82370917973469 -23.22128499850961 72.2046261077884 75.35690300950705 -999.0 16600.0 -999.0 2 109 {-999.0 -999.0 -999.0 -999.0 -999.0} "" -999.0 -999.0 -999.0 -999.0 -999 -999 "" "" "" "" 0 0 0.0 0.0 -999 ""
FIBERMAP 662 R+12C15 BOSS 1 1 0 1 0 0 142.7837086864309 222.22182202929855 143.1 -170.73785378877906 201.51963197135896 248.25676 83.445244 36.86192769732725 -23.345687607350555 -4.5836554 -8.380629 0.81438124 36.86192738054364 -23.34570139133233 36.8220104287671 -23.222931473715224 72.20670606037724 75.35986937147669 5400.0 5400.0 2016.0 1 187 {-999.0 14.053318 13.82951 13.78361 -999.0} sdss_psfmag_from_g3xp 14.042373 13.821491 13.460104 12.898 63050395811958013 980602327 "" ops_std_boss_tic ops_std standard_boss 0 0 0.0 0.0 -999 ""
FIBERMAP 662 R+12C15 METROLOGY 0 0 0 1 0 0 143.42022925645153 222.64282696567088 143.1 -170.95428404465284 202.25140619480385 248.25676 83.445244 -999.0 -999.0 -999.0 -999.0 -999.0 36.86117829854229 -23.34347022212932 36.82128587781716 -23.220692161186097 72.2064449619716 75.3522722500901 -999.0 6231.0 -999.0 -1 -999 {-999.0 -999.0 -999.0 -999.0 -999.0} "" -999.0 -999.0 -999.0 -999.0 -999 -999 "" "" "" "" 0 0 0.0 0.0 -999 ""
FIBERMAP 666 R-7C1 APOGEE 1 1 0 1 0 0 -203.2452908729194 -151.28894956423528 143.1 85.22882894779138 -238.5907442639864 338.85028 74.29313 37.71051647300622 -24.676621763080814 -13.829028 -32.13209 3.031731 37.71068247175802 -24.676679747549333 37.66729427475832 -24.55484354819142 71.95676258225417 80.30018198247717 16000.0 16600.0 2016.0 2 275 {-999.0 9.391821 8.751431 8.417259 -999.0} sdss_psfmag_from_g3xp 9.170692 8.797505 8.050512 6.72 63050395811942155 1106543159 bright_1x1 mwm_tess_rgb_apogee mwm_tessrgb science 0 0 0.6963199377059937 0.0 -999 ""
FIBERMAP 666 R-7C1 BOSS 0 0 0 1 0 0 -203.68813612656655 -151.89387747557828 143.1 85.6777689898948 -239.19110822835148 338.85028 74.29313 -999.0 -999.0 -999.0 -999.0 -999.0 37.712256577861005 -24.67846572143294 37.6687901856933 -24.55665381397531 71.95605086255114 80.30712274747617 -999.0 5400.0 -999.0 1 447 {-999.0 -999.0 -999.0 -999.0 -999.0} "" -999.0 -999.0 -999.0 -999.0 -999 -999 "" "" "" "" 0 0 0.0 0.0 -999 ""
FIBERMAP 666 R-7C1 METROLOGY 0 0 0 1 0 0 -203.98504670123504 -151.2013476082154 143.1 84.92872758916869 -239.27249726240822 338.85028 74.29313 -999.0 -999.0 -999.0 -999.0 -999.0 37.7097610593065 -24.678773432298346 37.666317886593674 -24.556951157095163 71.95827686440344 80.30571584006543 -999.0 6231.0 -999.0 -1 -999 {-999.0 -999.0 -999.0 -999.0 -999.0} "" -999.0 -999.0 -999.0 -999.0 -999 -999 "" "" "" "" 0 0 0.0 0.0 -999 ""
FIBERMAP 670 R+9C6 APOGEE 1 1 0 1 0 0 -90.7912368954962 185.44016248288094 143.1 -203.87310977958373 -32.58647725837006 162.59224 91.59942 36.7493185893809 -24.05368715304021 -13.456059 -24.943302 11.947266 36.74926453362305 -24.053753156189977 36.70825649748588 -23.93058250624025 72.56828409800659 77.39978297045673 16000.0 16600.0 2016.0 2 149 {-999.0 12.355294 11.133742 10.671322 -999.0} sdss_psfmag_from_g3xp 11.892689 11.148836 10.313723 8.675 63050395811955243 984779784 bright_1x1 mwm_snc_100pc_apogee mwm_snc science 0 0 0.0 0.0 -999 ""
FIBERMAP 670 R+9C6 BOSS 0 0 0 1 0 0 -90.57127933305033 186.13257574776605 143.1 -204.47088663660222 -32.17365933167588 162.59224 91.59942 -999.0 -999.0 -999.0 -999.0 -999.0 36.747306979889565 -24.052479302706704 36.706234968933245 -23.929330089273048 72.56956076211159 77.3936703280333 -999.0 5400.0 -999.0 1 153 {-999.0 -999.0 -999.0 -999.0 -999.0} "" -999.0 -999.0 -999.0 -999.0 -999 -999 "" "" "" "" 0 0 0.0 0.0 -999 ""
FIBERMAP 670 R+9C6 METROLOGY 0 0 0 1 0 0 -90.07334562295594 185.6206089551726 143.1 -203.83571649637108 -31.84724349648789 162.59224 91.59942 -999.0 -999.0 -999.0 -999.0 -999.0 36.749354319356506 -24.05150924875276 36.70830101787067 -23.928356651319515 72.56744891728106 77.39289447382043 -999.0 6231.0 -999.0 -1 -999 {-999.0 -999.0 -999.0 -999.0 -999.0} "" -999.0 -999.0 -999.0 -999.0 -999 -999 "" "" "" "" 0 0 0.0 0.0 -999 ""
FIBERMAP 679 R+6C12 APOGEE 0 0 0 1 0 0 16.430011441386462 121.96821485675173 143.1 -111.82398251407099 51.379165257733604 77.43063 161.78427 -999.0 -999.0 -999.0 -999.0 -999.0 37.05432838331777 -23.799661496819912 37.01340983205421 -23.677037044848422 72.21615735905885 76.95327548525694 -999.0 16600.0 -999.0 2 -999 {-999.0 -999.0 -999.0 -999.0 -999.0} "" -999.0 -999.0 -999.0 -999.0 -999 -999 "" "" "" "" 0 0 0.0 0.0 -999 ""
FIBERMAP 679 R+6C12 BOSS 1 1 0 1 0 0 16.829424049955904 122.62235695557231 143.1 -112.33268373423441 51.95239014889474 77.43063 161.78427 37.05252083764171 -23.79785884628782 40.426033 3.1596942 0.33873305 37.05265426697783 -23.79787037563649 37.01167124181643 -23.67526906097107 72.2169894848565 76.94597721691287 5400.0 5400.0 2016.0 1 122 {-999.0 17.124617 16.621939 16.536863 -999.0} sdss_psfmag_ps1 16.999348 16.682325 16.200113 15.109 63050395811955417 944594157 bright_1x1 openfibertargets_nov2020_6c open_fiber science 0 0 0.0 0.0 -999 ""
FIBERMAP 679 R+6C12 METROLOGY 0 0 0 1 0 0 17.178006168570388 121.9667640290081 143.1 -111.60385143671428 52.09399053575219 77.43063 161.78427 -999.0 -999.0 -999.0 -999.0 -999.0 37.05503659377242 -23.797442932711224 37.014071202421064 -23.674838307661663 72.21478684922704 76.94730728374799 -999.0 6231.0 -999.0 -1 -999 {-999.0 -999.0 -999.0 -999.0 -999.0} "" -999.0 -999.0 -999.0 -999.0 -999 -999 "" "" "" "" 0 0 0.0 0.0 -999 ""
FIBERMAP 680 R-6C10 APOGEE 0 0 0 1 0 0 -36.78256969113852 -129.91096779511318 143.1 113.46711623044972 -73.16352465841065 272.25726 58.22323 -999.0 -999.0 -999.0 -999.0 -999.0 37.80330676512079 -24.176368677459642 37.76075283650721 -24.05481987201511 71.71101450141353 78.8769065559141 -999.0 16600.0 -999.0 2 -999 {-999.0 -999.0 -999.0 -999.0 -999.0} "" -999.0 -999.0 -999.0 -999.0 -999 -999 "" "" "" "" 0 0 0.0 0.0 -999 ""
FIBERMAP 680 R-6C10 BOSS 1 1 0 1 0 0 -37.42236224889232 -129.54052687673948 143.1 112.92579111125411 -73.6669770095134 272.25726 58.22323 37.801639297236065 -24.17792707628973 4.7533965 2.9120867 0.4360028 37.801647487946376 -24.177914869478215 37.759019774013325 -24.056387228362947 71.71303773251066 78.87987490612215 5400.0 5400.0 2016.0 1 411 {-999.0 16.598186 16.202969 16.201223 -999.0} sdss_psfmag_ps1 16.503841 16.212833 15.753906 15.109 63050395811943964 977163891 "" ops_std_boss ops_std standard_boss 0 0 0.0 0.0 -999 ""
FIBERMAP 680 R-6C10 METROLOGY 0 0 0 1 0 0 -36.7866196754685 -129.16298262519132 143.1 112.75069143245994 -72.9486563775084 272.25726 58.22323 -999.0 -999.0 -999.0 -999.0 -999.0 37.80105057913552 -24.17575409051267 37.75844837195751 -24.05421924204535 71.71278635668385 78.8728136272967 -999.0 6231.0 -999.0 -1 -999 {-999.0 -999.0 -999.0 -999.0 -999.0} "" -999.0 -999.0 -999.0 -999.0 -999 -999 "" "" "" "" 0 0 0.0 0.0 -999 ""
FIBERMAP 682 R-8C1 APOGEE 0 0 0 1 0 0 -217.00610320432378 -165.9509020053478 143.1 95.2247057472302 -256.03689076467094 255.65982 69.74947 -999.0 -999.0 -999.0 -999.0 -999.0 37.744004139978045 -24.728875902385514 37.70047397382899 -24.607078043310178 71.94475484709825 80.49097953593423 -999.0 16600.0 -999.0 2 257 {-999.0 -999.0 -999.0 -999.0 -999.0} "" -999.0 -999.0 -999.0 -999.0 -999 -999 "" "" "" "" 0 0 0.0 0.0 -999 ""
FIBERMAP 682 R-8C1 BOSS 1 1 0 1 0 0 -217.60773159586802 -165.5253420984488 143.1 94.64183533666989 -256.4877306620271 255.65982 69.74947 37.74209351360392 -24.730198883328374 7.0655375 -6.08486 0.48489714 37.74213619520321 -24.730208498385938 37.6985329318851 -24.608429411887343 71.9468565126728 80.49331428273183 5400.0 5400.0 2016.0 1 527 {-999.0 17.190107 16.849815 16.67207 -999.0} sdss_psfmag_ps1 17.12532 16.814285 16.345383 15.368 63050395811942113 977163886 "" ops_std_boss ops_std standard_boss 0 0 0.0 0.0 -999 ""
FIBERMAP 682 R-8C1 METROLOGY 0 0 0 1 0 0 -216.94685106174578 -165.20241675870898 143.1 94.5263148541569 -255.76134530873952 255.65982 69.74947 -999.0 -999.0 -999.0 -999.0 -999.0 37.74174933265471 -24.728087832697604 37.698171280691724 -24.606302463066264 71.94649540123211 80.48646791477711 -999.0 6231.0 -999.0 -1 -999 {-999.0 -999.0 -999.0 -999.0 -999.0} "" -999.0 -999.0 -999.0 -999.0 -999 -999 "" "" "" "" 0 0 0.0 0.0 -999 ""
FIBERMAP 684 R-12C13 APOGEE 0 0 0 1 0 0 120.75002808203736 -231.37329903393842 143.1 256.55657521026444 47.80105648379442 325.1522 154.03552 -999.0 -999.0 -999.0 -999.0 -999.0 38.27357948261554 -23.807165253022028 38.231145445219795 -23.68647316719861 71.17946381649632 78.26290627604021 -999.0 16600.0 -999.0 2 -999 {-999.0 -999.0 -999.0 -999.0 -999.0} "" -999.0 -999.0 -999.0 -999.0 -999 -999 "" "" "" "" 0 0 0.0 0.0 -999 ""
FIBERMAP 684 R-12C13 BOSS 1 1 0 1 0 0 121.11346560616592 -232.01744581199995 143.1 257.27880675890026 47.96020926153298 325.1522 154.03552 38.27590409988386 -23.80665772079616 34.677895 5.9071035 0.6341842 38.2760234416155 -23.80664347845282 38.23351277342488 -23.685981405425235 71.17726245695218 78.26386488339762 5400.0 5400.0 2016.0 1 429 {-999.0 16.25674 15.543491 15.392682 -999.0} sdss_psfmag_ps1 16.063423 15.6287365 15.023979 13.829 63050395811944552 1072826114 bright_1x1 mwm_halo_local_high_boss_single mwm_halo science 0 0 0.0 0.0 -999 ""
FIBERMAP 684 R-12C13 METROLOGY 0 0 0 1 0 0 120.36007260504654 -232.01160377523445 143.1 257.05289803511016 47.24150619753786 325.1522 154.03552 -999.0 -999.0 -999.0 -999.0 -999.0 38.2753349749384 -23.80881944833794 38.23284215699596 -23.688148299136994 71.17860523946445 78.26946937181731 -999.0 6231.0 -999.0 -1 -999 {-999.0 -999.0 -999.0 -999.0 -999.0} "" -999.0 -999.0 -999.0 -999.0 -999 -999 "" "" "" "" 0 0 0.0 0.0 -999 ""
FIBERMAP 686 R+8C2 APOGEE 0 0 0 1 0 0 -189.26846458213896 143.06221904484846 143.1 -192.14906190932976 -139.14565680090638 250.56212 95.9991 -999.0 -999.0 -999.0 -999.0 -999.0 36.78767457971622 -24.376359590319037 36.74602181109128 -24.253158248618455 72.64890471232133 78.45111408193259 -999.0 16600.0 -999.0 2 -999 {-999.0 -999.0 -999.0 -999.0 -999.0} "" -999.0 -999.0 -999.0 -999.0 -999 -999 "" "" "" "" 0 0 0.0 0.0 -999 ""
FIBERMAP 686 R+8C2 BOSS 1 1 0 1 0 0 -190.02537320906856 143.2610367034593 143.1 -192.5605264191295 -139.81128774765497 250.56212 95.9991 36.78634643554687 -24.378358221530704 -999.0 -999.0 -999.0 36.786356628601034 -24.378356735966335 36.744632771379315 -24.255175692977186 72.65078459086547 78.45601957627582 5400.0 5400.0 2015.5 1 71 {-999.0 -999.0 -999.0 -999.0 -999.0} "" -999.0 -999.0 -999.0 -999.0 27021603163415624 814338606 "" ops_sky_boss_good ops_sky sky_boss 0 0 0.0 0.0 -999 ""
FIBERMAP 686 R+8C2 METROLOGY 0 0 0 1 0 0 -189.4918508482542 143.77607953045276 143.1 -192.8969986650515 -139.15050228880466 250.56212 95.9991 -999.0 -999.0 -999.0 -999.0 -999.0 36.78518760013703 -24.376384408802295 36.74348845332588 -24.253195617451407 72.65108801112486 78.44858323135907 -999.0 6231.0 -999.0 -1 -999 {-999.0 -999.0 -999.0 -999.0 -999.0} "" -999.0 -999.0 -999.0 -999.0 -999 -999 "" "" "" "" 0 0 0.0 0.0 -999 ""
FIBERMAP 696 R+9C5 APOGEE 1 1 0 1 0 0 -102.2104457689396 166.77552354510777 143.1 -189.36499408559104 -48.964075941346934 197.17397 163.56615 36.79704173622059 -24.103600858662773 10.551068 12.140028 1.7281243 36.79708914792523 -24.103537451614713 36.755929380997145 -23.980427063760935 72.5453591790733 77.60696369408157 16000.0 16600.0 2016.0 2 45 {-999.0 12.547881 12.214444 12.087682 -999.0} sdss_psfmag_from_g3xp 12.498591 12.2098875 11.74815 10.723 63050395811955079 1113946305 bright_1x1 openfibertargets_mwm_subgiant_nataf24_apogee open_fiber science 0 0 0.0 0.0 -999 ""
FIBERMAP 696 R+9C5 BOSS 0 0 0 1 0 0 -102.9613589881156 166.7199386463621 143.1 -189.53143978949896 -49.69837148969101 197.17397 163.56615 -999.0 -999.0 -999.0 -999.0 -999.0 36.796543395087724 -24.10575039339848 36.755311242185144 -23.98266247893563 72.54668101995078 77.61326204355453 -999.0 5400.0 -999.0 1 80 {-999.0 -999.0 -999.0 -999.0 -999.0} "" -999.0 -999.0 -999.0 -999.0 -999 -999 "" "" "" "" 0 0 0.0 0.0 -999 ""
FIBERMAP 696 R+9C5 METROLOGY 0 0 0 1 0 0 -102.62188455992907 167.39790021504848 143.1 -190.08044606439896 -49.17549507722293 197.17397 163.56615 -999.0 -999.0 -999.0 -999.0 -999.0 36.7946830085724 -24.10417324486179 36.753475654546946 -23.981076102880934 72.54768545151818 77.60633162437688 -999.0 6231.0 -999.0 -1 -999 {-999.0 -999.0 -999.0 -999.0 -999.0} "" -999.0 -999.0 -999.0 -999.0 -999 -999 "" "" "" "" 0 0 0.0 0.0 -999 ""
FIBERMAP 697 R-7C20 APOGEE 0 0 0 1 0 0 231.57653560141625 -134.36518060613795 143.1 196.20533883513642 182.1449599514781 45.00237 69.96581 -999.0 -999.0 -999.0 -999.0 -999.0 38.071116001886715 -23.402161259058726 38.029695404477366 -23.281258136470836 71.20371313552478 76.88358592712547 -999.0 16600.0 -999.0 2 194 {-999.0 -999.0 -999.0 -999.0 -999.0} "" -999.0 -999.0 -999.0 -999.0 -999 -999 "" "" "" "" 0 0 0.0 0.0 -999 ""
FIBERMAP 697 R-7C20 BOSS 1 1 0 1 0 0 231.89041004696003 -135.00558644028246 143.1 196.9094989692237 182.2578133895756 45.00237 69.96581 38.07336852049447 -23.40174120479527 42.981018 -14.970298 0.7589925 38.07349278632314 -23.401792214650886 38.03199633209607 -23.28092035282162 71.2016269468956 76.88507147608692 5400.0 5400.0 2016.0 1 267 {-999.0 18.458164 17.623148 17.369968 -999.0} sdss_psfmag_ps1 18.170195 17.686998 16.9669 15.544 63050395812040839 1073672774 bright_1x1 mwm_halo_local_low_boss_single mwm_halo science 0 0 0.0 0.0 -999 ""
FIBERMAP 697 R-7C20 METROLOGY 0 0 0 1 0 0 231.16711673289436 -134.98538873929448 143.1 196.67866539295224 181.57209050443575 45.00237 69.96581 -999.0 -999.0 -999.0 -999.0 -999.0 38.07277913391161 -23.40383205616724 38.031300582699885 -23.282950718765072 71.20298009490794 76.89017070542604 -999.0 6231.0 -999.0 -1 -999 {-999.0 -999.0 -999.0 -999.0 -999.0} "" -999.0 -999.0 -999.0 -999.0 -999 -999 "" "" "" "" 0 0 0.0 0.0 -999 ""
FIBERMAP 700 R+2C2 APOGEE 0 0 0 1 0 0 -259.47968681281316 44.42710404471831 143.1 -118.36451036519887 -235.12810065731097 164.31209 109.041725 -999.0 -999.0 -999.0 -999.0 -999.0 37.03285387732749 -24.666814341812348 36.99034777238637 -24.543913540154954 72.53615234842613 79.61548098788808 -999.0 16600.0 -999.0 2 -999 {-999.0 -999.0 -999.0 -999.0 -999.0} "" -999.0 -999.0 -999.0 -999.0 -999 -999 "" "" "" "" 0 0 0.0 0.0 -999 ""
FIBERMAP 700 R+2C2 BOSS 1 1 0 1 0 0 -259.5114146606693 45.1784487417288 143.1 -119.09224174059612 -234.9387161176385 164.31209 109.041725 37.03036833073354 -24.666185935760303 39.00428 -8.5707855 5.615838 37.03050320906816 -24.666215495772047 36.98793110618959 -24.543333139882556 72.53804222253592 79.6112687527363 5400.0 5400.0 2016.0 1 10 {-999.0 17.941086 18.063417 18.362965 -999.0} sdss_psfmag_ps1 18.0128 18.007584 18.011663 -999.0 63050395811942722 1080217222 bright_flexible_2x1 mwm_snc_ext_filler_boss mwm_snc science 0 0 0.0 0.0 -999 ""
FIBERMAP 700 R+2C2 METROLOGY 0 0 0 1 0 0 -258.8626978489295 44.849978535840535 143.1 -118.5884401595416 -234.41445626651245 164.31209 109.041725 -999.0 -999.0 -999.0 -999.0 -999.0 37.03212911306117 -24.664696969643366 36.98957764891128 -24.541811360983516 72.53613076266235 79.60809778958316 -999.0 6231.0 -999.0 -1 -999 {-999.0 -999.0 -999.0 -999.0 -999.0} "" -999.0 -999.0 -999.0 -999.0 -999 -999 "" "" "" "" 0 0 0.0 0.0 -999 ""
FIBERMAP 701 R+2C8 APOGEE 0 0 0 1 0 0 -100.68474538514165 38.547567953592775 143.1 -66.30433240637417 -85.0041815848279 343.20523 132.1367 -999.0 -999.0 -999.0 -999.0 -999.0 37.20532806665846 -24.213642388311193 37.163451893725664 -24.09113823172489 72.23558506684824 78.38092946603575 -999.0 16600.0 -999.0 2 -999 {-999.0 -999.0 -999.0 -999.0 -999.0} "" -999.0 -999.0 -999.0 -999.0 -999 -999 "" "" "" "" 0 0 0.0 0.0 -999 ""
FIBERMAP 701 R+2C8 BOSS 1 1 0 1 0 0 -100.36757933336277 37.840760963000704 143.1 -65.53571537919548 -84.90759900864073 343.20523 132.1367 37.20794677734375 -24.213372422731112 -999.0 -999.0 -999.0 37.20791612327254 -24.213372970103723 37.16596658329223 -24.090896711282276 72.23334753847575 78.38278873070982 5400.0 5400.0 2015.5 1 45 {-999.0 -999.0 -999.0 -999.0 -999.0} "" -999.0 -999.0 -999.0 -999.0 27021603163402616 822006158 "" ops_sky_boss_good ops_sky sky_boss 0 0 0.0 0.0 -999 ""
FIBERMAP 701 R+2C8 METROLOGY 0 0 0 1 0 0 -101.10815282785236 37.93094460481878 143.1 -65.83852452295258 -85.58937888920899 343.20523 132.1367 -999.0 -999.0 -999.0 -999.0 -999.0 37.206883518012184 -24.215455554954083 37.16495139796467 -24.09297035277728 72.23493415921997 78.38811524549811 -999.0 6231.0 -999.0 -1 -999 {-999.0 -999.0 -999.0 -999.0 -999.0} "" -999.0 -999.0 -999.0 -999.0 -999 -999 "" "" "" "" 0 0 0.0 0.0 -999 ""
FIBERMAP 702 R-4C16 APOGEE 0 0 0 1 0 0 104.54814737514457 -78.96739928367452 143.1 106.08450801276084 76.8780689100312 9.506763 102.11342 -999.0 -999.0 -999.0 -999.0 -999.0 37.77667993408594 -23.72121407336254 37.735017820277506 -23.599750818691323 71.57251856209393 77.49851865613613 -999.0 16600.0 -999.0 2 -999 {-999.0 -999.0 -999.0 -999.0 -999.0} "" -999.0 -999.0 -999.0 -999.0 -999 -999 "" "" "" "" 0 0 0.0 0.0 -999 ""
FIBERMAP 702 R-4C16 BOSS 1 1 0 1 0 0 104.82290981935927 -79.65142101924664 143.1 106.81893673975298 76.94076751853254 9.506763 102.11342 37.77923583984374 -23.720959779379868 -999.0 -999.0 -999.0 37.77923929644342 -23.72095282487508 37.737501882033314 -23.599519675911033 71.57031381138546 77.50045341352421 5400.0 5400.0 2015.5 1 318 {-999.0 -999.0 -999.0 -999.0 -999.0} "" -999.0 -999.0 -999.0 -999.0 27021603163405013 814337258 "" ops_sky_boss_good ops_sky sky_boss 0 0 0.0 0.0 -999 ""
FIBERMAP 702 R-4C16 METROLOGY 0 0 0 1 0 0 104.08208491982224 -79.55244971272745 143.1 106.50765111032979 76.2613171055812 9.506763 102.11342 -999.0 -999.0 -999.0 -999.0 -999.0 37.77821233074251 -23.723015538480364 37.73649289042322 -23.601572811968204 71.57192104664631 77.50544202604272 -999.0 6231.0 -999.0 -1 -999 {-999.0 -999.0 -999.0 -999.0 -999.0} "" -999.0 -999.0 -999.0 -999.0 -999 -999 "" "" "" "" 0 0 0.0 0.0 -999 ""
FIBERMAP 703 R0C3 APOGEE 0 0 0 1 0 0 -236.35579331424637 -1.8346810171518133 143.1 -67.36558292820935 -226.54531599536406 323.11804 139.95366 -999.0 -999.0 -999.0 -999.0 -999.0 37.202433273842885 -24.641468106296667 37.15975847593677 -24.518839734480544 72.38225715670083 79.70311333103416 -999.0 16600.0 -999.0 2 252 {-999.0 -999.0 -999.0 -999.0 -999.0} "" -999.0 -999.0 -999.0 -999.0 -999 -999 "" "" "" "" 0 0 0.0 0.0 -999 ""
FIBERMAP 703 R0C3 BOSS 1 1 0 1 0 0 -236.27473676016976 -2.5806588975069062 143.1 -66.62855772583482 -226.6859618318241 323.11804 139.95366 37.20493039799468 -24.64184665234613 7.543972 -23.4122 0.53523093 37.20494891124033 -24.64190239970405 37.16219929912546 -24.51929999039298 72.38030668016162 79.7069364251688 5400.0 5400.0 2016.0 1 521 {-999.0 14.720247 14.079169 13.838604 -999.0} sdss_psfmag_from_g3xp 14.552571 14.105202 13.493031 12.283 63050395811942693 1072501702 bright_1x1 mwm_halo_local_high_boss_single mwm_halo science 0 0 0.0 0.0 -999 ""
FIBERMAP 703 R0C3 METROLOGY 0 0 0 1 0 0 -236.9603357305452 -2.269656868817825 143.1 -67.12644166642475 -227.25059763934723 323.11804 139.95366 -999.0 -999.0 -999.0 -999.0 -999.0 37.203262931603476 -24.643642194245654 37.16053225913299 -24.5210303757502 72.38230345206904 79.71071421189333 -999.0 6231.0 -999.0 -1 -999 {-999.0 -999.0 -999.0 -999.0 -999.0} "" -999.0 -999.0 -999.0 -999.0 -999 -999 "" "" "" "" 0 0 0.0 0.0 -999 ""
FIBERMAP 708 R+12C13 APOGEE 0 0 0 1 0 0 114.10752128227884 246.10549061193817 143.1 -201.9620318440042 181.08335577098623 84.12403 114.066315 -999.0 -999.0 -999.0 -999.0 -999.0 36.7589393583146 -23.407424218568647 36.719104331547214 -23.284450059611565 72.31774690931282 75.42498285059344 -999.0 16600.0 -999.0 2 -999 {-999.0 -999.0 -999.0 -999.0 -999.0} "" -999.0 -999.0 -999.0 -999.0 -999 -999 "" "" "" "" 0 0 0.0 0.0 -999 ""
FIBERMAP 708 R+12C13 BOSS 1 1 0 1 0 0 114.81635927381478 246.35494740855887 143.1 -201.99327534510556 181.83411397611405 84.12403 114.066315 36.758928796972974 -23.405132640497058 -0.81428206 0.05042892 -0.4780597 36.75893036098965 -23.405141853284732 36.71903093433167 -23.282194900929042 72.31693244515492 75.41805588911814 5400.0 5400.0 2016.0 1 105 {-999.0 19.860174 19.448696 19.40002 -999.0} sdss_psfmag_ps1 19.734844 19.411978 18.938297 -999.0 63050395811957979 1117293227 bright_1x1 openfibertargets_bhm_quaia_boss open_fiber science 0 0 0.0 0.0 -999 ""
FIBERMAP 708 R+12C13 METROLOGY 0 0 0 1 0 0 114.67235099708826 245.61511768235863 143.1 -201.3279471622159 181.48005400092185 84.12403 114.066315 -999.0 -999.0 -999.0 -999.0 -999.0 36.76104168783417 -23.40617759715191 36.7211572193678 -23.28322609524889 72.3155337560695 75.42368301957549 -999.0 6231.0 -999.0 -1 -999 {-999.0 -999.0 -999.0 -999.0 -999.0} "" -999.0 -999.0 -999.0 -999.0 -999 -999 "" "" "" "" 0 0 0.0 0.0 -999 ""
FIBERMAP 711 R-8C15 APOGEE 0 0 0 1 1 0 116.26488046982409 -169.14248591052743 143.1 195.73841965302125 61.71105077019732 296.73032 106.46503 -999.0 -999.0 -999.0 -999.0 -999.0 38.07318290265458 -23.766084696754454 38.03107253853875 -23.645082265536246 71.33590585329245 77.93919099653584 -999.0 16600.0 -999.0 2 201 {-999.0 -999.0 -999.0 -999.0 -999.0} "" -999.0 -999.0 -999.0 -999.0 -999 -999 "" "" "" "" 0 0 0.0 0.0 -999 ""
FIBERMAP 711 R-8C15 BOSS 0 0 0 1 1 0 115.76318527148806 -169.68806003306145 143.1 196.11339416091138 61.07177058785758 296.73032 106.46503 -999.0 -999.0 -999.0 -999.0 -999.0 38.07456355439762 -23.767973110889564 38.032374096470676 -23.646998316630636 71.33547944997869 77.94611571888709 -999.0 5400.0 -999.0 1 284 {-999.0 -999.0 -999.0 -999.0 -999.0} "" -999.0 -999.0 -999.0 -999.0 -999 -999 "" "" "" "" 0 0 0.0 0.0 -999 ""
FIBERMAP 711 R-8C15 METROLOGY 0 0 0 1 1 0 115.53865278059111 -168.95906619045124 143.1 195.35065134301348 61.070254656434976 296.73032 106.46503 -999.0 -999.0 -999.0 -999.0 -999.0 38.07205985037556 -23.767987223764656 38.02989436324384 -23.64700105642254 71.33760109850368 77.94358007129267 -999.0 6231.0 -999.0 -1 -999 {-999.0 -999.0 -999.0 -999.0 -999.0} "" -999.0 -999.0 -999.0 -999.0 -999 -999 "" "" "" "" 0 0 0.0 0.0 -999 ""
FIBERMAP 712 R-7C5 APOGEE 0 0 0 1 0 0 -129.78552841107165 -157.0394221619593 143.1 112.2101526324501 -170.0285194435522 330.01584 15.983226 -999.0 -999.0 -999.0 -999.0 -999.0 37.800025428830615 -24.46957405284429 37.756918735746865 -24.347937830784108 71.81257729467652 79.75554494953218 -999.0 16600.0 -999.0 2 298 {-999.0 -999.0 -999.0 -999.0 -999.0} "" -999.0 -999.0 -999.0 -999.0 -999 -999 "" "" "" "" 0 0 0.0 0.0 -999 ""
FIBERMAP 712 R-7C5 BOSS 1 1 0 1 0 0 -130.49370833558808 -156.8496331483397 143.1 111.82157175197027 -170.65019523672765 330.01584 15.983226 37.79885977490789 -24.471466875868597 -0.1248425 -0.2643209 0.020375192 37.79884358012636 -24.471480221662034 37.755661708932166 -24.34986471058346 71.81429165749547 79.76017172504311 5400.0 5400.0 2016.0 1 489 {-999.0 19.18003 18.962383 18.772593 18.624235} sdss_psfmag_from_gaiadr2 18.924006 18.977924 18.198092 16.348 63050395811942229 1057697232 bright_flexible_2x1 bhm_gua_bright bhm_filler science 0 0 0.0 0.0 -999 ""
FIBERMAP 712 R-7C5 METROLOGY 0 0 0 1 0 0 -129.97980131751194 -156.32446988446344 143.1 111.46968579860665 -170.00520679135474 330.01584 15.983226 -999.0 -999.0 -999.0 -999.0 -999.0 37.79766644815127 -24.46957078006834 37.75451039815397 -24.347947381520587 71.81465290248471 79.75326541744204 -999.0 6231.0 -999.0 -1 -999 {-999.0 -999.0 -999.0 -999.0 -999.0} "" -999.0 -999.0 -999.0 -999.0 -999 -999 "" "" "" "" 0 0 0.0 0.0 -999 ""
FIBERMAP 713 R+3C9 APOGEE 0 0 0 1 0 0 -76.17745752494793 44.51688447802836 143.1 -64.84541121762551 -59.8240875352386 285.48105 110.76112 -999.0 -999.0 -999.0 -999.0 -999.0 37.2101197561421 -24.13725394412127 37.16838024107625 -24.014778709400662 72.2048191937535 78.15158626318345 -999.0 16600.0 -999.0 2 22 {-999.0 -999.0 -999.0 -999.0 -999.0} "" -999.0 -999.0 -999.0 -999.0 -999 -999 "" "" "" "" 0 0 0.0 0.0 -999 ""
FIBERMAP 713 R+3C9 BOSS 1 1 0 1 0 0 -76.76549924127336 44.04542024255262 143.1 -64.5665534651611 -60.524261506861684 285.48105 110.76112 37.21108747115185 -24.13937440762263 -1.3817946 -0.34510574 -0.20672248 37.21107819043145 -24.139389879658644 37.169262883305976 -24.016939594725223 72.2048187700689 78.15913297799182 5400.0 5400.0 2016.0 1 32 {-999.0 20.378605 20.141527 19.737404 -999.0} sdss_psfmag_ps1 20.17639 19.954525 19.444822 -999.0 63050395811943546 1117293084 bright_1x1 openfibertargets_bhm_quaia_boss open_fiber science 0 0 0.0 0.0 -999 ""
FIBERMAP 713 R+3C9 METROLOGY 0 0 0 1 0 0 -76.86345357457981 44.79129287253516 143.1 -65.30841961547175 -60.39980449039635 285.48105 110.76112 -999.0 -999.0 -999.0 -999.0 -999.0 37.20858395317674 -24.13902390118351 37.166792465614435 -24.016562991968808 72.2068015591009 78.15539861913157 -999.0 6231.0 -999.0 -1 -999 {-999.0 -999.0 -999.0 -999.0 -999.0} "" -999.0 -999.0 -999.0 -999.0 -999 -999 "" "" "" "" 0 0 0.0 0.0 -999 ""
FIBERMAP 718 R+2C7 APOGEE 0 0 0 1 0 0 -116.70417586252853 39.43416029244591 143.1 -71.83683835933299 -100.06304981175343 35.197544 78.7712 -999.0 -999.0 -999.0 -999.0 -999.0 37.1869657744333 -24.259288260067958 37.14502734788033 -24.136742524191657 72.26709623369018 78.50233047543742 -999.0 16600.0 -999.0 2 29 {-999.0 -999.0 -999.0 -999.0 -999.0} "" -999.0 -999.0 -999.0 -999.0 -999 -999 "" "" "" "" 0 0 0.0 0.0 -999 ""
FIBERMAP 718 R+2C7 BOSS 1 1 0 1 0 0 -116.37095774998355 38.734750237159425 143.1 -71.070600181192 -99.94895472864391 35.197544 78.7712 37.18952356071461 -24.25892856020111 11.472925 -14.634875 1.1786823 37.18954525114185 -24.258971638533335 37.14753360369974 -24.13645361509424 72.26484919343844 78.50402145120222 5400.0 5400.0 2016.0 1 48 {-999.0 14.49643 13.954316 13.778257 -999.0} sdss_psfmag_from_g3xp 14.373295 13.991529 13.44097 12.402 63050395811943407 940018465 bright_1x1 openfibertargets_nov2020_34a open_fiber science 0 0 0.0 0.0 -999 ""
FIBERMAP 718 R+2C7 METROLOGY 0 0 0 1 0 0 -117.12482105882742 38.81790407162001 143.1 -71.37057373997601 -100.64549843034771 35.197544 78.7712 -999.0 -999.0 -999.0 -999.0 -999.0 37.18852121794543 -24.26109946946989 37.14652688120651 -24.138572556207322 72.26644032998236 78.50951704038113 -999.0 6231.0 -999.0 -1 -999 {-999.0 -999.0 -999.0 -999.0 -999.0} "" -999.0 -999.0 -999.0 -999.0 -999 -999 "" "" "" "" 0 0 0.0 0.0 -999 ""
FIBERMAP 720 R-7C15 APOGEE 0 0 0 1 0 0 110.66426280764264 -118.72457869020639 143.1 145.889824865108 71.09983812057918 110.91605 56.940937 -999.0 -999.0 -999.0 -999.0 -999.0 37.90844438746936 -23.738300183441595 37.86658850850597 -23.61704210112957 71.46641326550751 77.68714778262375 -999.0 16600.0 -999.0 2 -999 {-999.0 -999.0 -999.0 -999.0 -999.0} "" -999.0 -999.0 -999.0 -999.0 -999 -999 "" "" "" "" 0 0 0.0 0.0 -999 ""
FIBERMAP 720 R-7C15 BOSS 1 1 0 1 0 0 111.43212941453034 -118.9257375020696 143.1 146.30673259322444 71.77526268937923 110.91605 56.940937 37.90977945029546 -23.73615597978202 47.474876 -12.720954 1.1000669 37.90994512854879 -23.736192996941252 37.86801821497596 -23.61496388246618 71.46444094263862 77.68254044174802 5400.0 5400.0 2016.0 1 283 {-999.0 19.750338 18.70082 17.960472 -999.0} sdss_psfmag_ps1 19.305561 18.53878 17.704361 16.198 63050395811945281 1073672642 bright_1x1 mwm_halo_local_low_boss_single mwm_halo science 0 0 0.0 0.0 -999 ""
FIBERMAP 720 R-7C15 METROLOGY 0 0 0 1 0 0 110.89093410908535 -119.43740288865811 143.1 146.63773137604505 71.10812788599043 110.91605 56.940937 -999.0 -999.0 -999.0 -999.0 -999.0 37.911051606495214 -23.73820999069329 37.86914026394078 -23.61697470729818 71.46420876825165 77.68960702545189 -999.0 6231.0 -999.0 -1 -999 {-999.0 -999.0 -999.0 -999.0 -999.0} "" -999.0 -999.0 -999.0 -999.0 -999 -999 "" "" "" "" 0 0 0.0 0.0 -999 ""
FIBERMAP 722 R-4C20 APOGEE 0 0 0 1 0 0 174.72966886676016 -84.02032551757576 143.1 131.44013241101197 142.50955583841605 163.15031 168.10037 -999.0 -999.0 -999.0 -999.0 -999.0 37.85916009949529 -23.52224855085376 37.817770908228 -23.400972721354314 71.42890749379495 77.00371493719956 -999.0 16600.0 -999.0 2 -999 {-999.0 -999.0 -999.0 -999.0 -999.0} "" -999.0 -999.0 -999.0 -999.0 -999 -999 "" "" "" "" 0 0 0.0 0.0 -999 ""
FIBERMAP 722 R-4C20 BOSS 1 1 0 1 0 0 174.07379352371083 -83.65978438535242 143.1 130.90357043862727 141.98782966657794 163.15031 168.10037 37.857513427734375 -23.523753831660187 -999.0 -999.0 -999.0 37.85751781588563 -23.523760250668015 37.81605490507002 -23.40250813164468 71.43093997544418 77.006354562909 5400.0 5400.0 2015.5 1 312 {-999.0 -999.0 -999.0 -999.0 -999.0} "" -999.0 -999.0 -999.0 -999.0 27021603163405234 814337248 "" ops_sky_boss_good ops_sky sky_boss 0 0 0.0 0.0 -999 ""
FIBERMAP 722 R-4C20 METROLOGY 0 0 0 1 0 0 174.70250974156355 -83.27282260874219 143.1 130.7174107191688 142.70218560104874 163.15031 168.10037 -999.0 -999.0 -999.0 -999.0 -999.0 37.8568858662567 -23.521589933475127 37.815448454145496 -23.400329842373328 71.43064758648927 76.99935448273766 -999.0 6231.0 -999.0 -1 -999 {-999.0 -999.0 -999.0 -999.0 -999.0} "" -999.0 -999.0 -999.0 -999.0 -999 -999 "" "" "" "" 0 0 0.0 0.0 -999 ""
FIBERMAP 725 R-11C8 APOGEE 0 0 0 1 0 0 -18.376828349103533 -233.61473934011065 143.1 218.01359909244258 -85.89069304662007 316.4531 33.91598 -999.0 -999.0 -999.0 -999.0 -999.0 38.14972679053209 -24.212637940549236 38.1066721625682 -24.09163270737664 71.4264766493933 79.32582573084676 -999.0 16600.0 -999.0 2 173 {-999.0 -999.0 -999.0 -999.0 -999.0} "" -999.0 -999.0 -999.0 -999.0 -999 -999 "" "" "" "" 0 0 0.0 0.0 -999 ""
FIBERMAP 725 R-11C8 BOSS 1 1 0 1 0 0 -19.112890732202825 -233.46064121726548 143.1 217.65099269981886 -86.54946813332023 316.4531 33.91598 38.148651123046875 -24.21465055897623 -999.0 -999.0 -999.0 38.1486477680664 -24.214627983580108 38.10551638057677 -24.093644765498777 71.42814872922001 79.33065482399672 5400.0 5400.0 2015.5 1 415 {-999.0 -999.0 -999.0 -999.0 -999.0} "" -999.0 -999.0 -999.0 -999.0 27021603163403053 814337017 "" ops_sky_boss_good ops_sky sky_boss 0 0 0.0 0.0 -999 ""
FIBERMAP 725 R-11C8 METROLOGY 0 0 0 1 0 0 -18.637918973787208 -232.91373696757506 143.1 217.26693128473548 -85.93535252888425 316.4531 33.91598 -999.0 -999.0 -999.0 -999.0 -999.0 38.14738889292268 -24.212801701223572 38.1042836237894 -24.09181009163814 71.42858909685364 79.32403989851127 -999.0 6231.0 -999.0 -1 -999 {-999.0 -999.0 -999.0 -999.0 -999.0} "" -999.0 -999.0 -999.0 -999.0 -999 -999 "" "" "" "" 0 0 0.0 0.0 -999 ""
FIBERMAP 727 R+5C12 APOGEE 0 0 0 1 0 0 -1.4490533478325265 80.2665757150625 143.1 -77.17648550433704 22.08755949595846 293.79077 41.694466 -999.0 -999.0 -999.0 -999.0 -999.0 37.16910446933136 -23.888568730706655 37.127879022121874 -23.766098946592553 72.15101028031313 77.34914059767954 -999.0 16600.0 -999.0 2 132 {-999.0 -999.0 -999.0 -999.0 -999.0} "" -999.0 -999.0 -999.0 -999.0 -999 -999 "" "" "" "" 0 0 0.0 0.0 -999 ""
FIBERMAP 727 R+5C12 BOSS 1 1 0 1 0 0 -2.1320523416727717 80.57039276813327 143.1 -77.66673867016115 21.52330866904447 293.79077 41.694466 37.16749591957936 -23.89024244388929 -0.16250442 0.025727337 -0.112318695 37.1674971020184 -23.89024414158525 37.12620019877005 -23.76779633282102 72.15305654835811 77.35249116991372 5400.0 5400.0 2016.0 1 121 {-999.0 20.324045 20.131618 19.962692 -999.0} sdss_psfmag_ps1 19.975746 19.830524 19.366339 -999.0 63050395811955211 1117293196 bright_1x1 openfibertargets_bhm_quaia_boss open_fiber science 0 0 0.0 0.0 -999 ""
FIBERMAP 727 R+5C12 METROLOGY 0 0 0 1 0 0 -1.5191339541625108 81.00438553049321 143.1 -77.90249040851647 22.236312112188106 293.79077 41.694466 -999.0 -999.0 -999.0 -999.0 -999.0 37.16668779068204 -23.88808419399336 37.12541583779296 -23.765628654024603 72.1529418971661 77.34504991912127 -999.0 6231.0 -999.0 -1 -999 {-999.0 -999.0 -999.0 -999.0 -999.0} "" -999.0 -999.0 -999.0 -999.0 -999 -999 "" "" "" "" 0 0 0.0 0.0 -999 ""
FIBERMAP 728 R+7C12 APOGEE 1 1 0 1 0 0 35.14014364157781 149.50599794467553 143.1 -132.68464089217628 77.32337500111265 88.32915 112.70303 36.9854736328125 -23.720959779379868 -999.0 -999.0 -999.0 36.98547741633197 -23.720975046798348 36.94478921414577 -23.59826518495092 72.24549292596483 76.63734349773284 16000.0 16600.0 2015.5 2 143 {-999.0 -999.0 -999.0 -999.0 -999.0} "" -999.0 -999.0 -999.0 -999.0 27021603163416487 836449520 "" ops_sky_apogee_best ops_sky sky_apogee 0 0 0.0 0.0 -999 ""
FIBERMAP 728 R+7C12 BOSS 0 0 0 1 0 0 35.84221452091688 149.76611338761455 143.1 -132.72805540909874 78.0707793569197 88.32915 112.70303 -999.0 -999.0 -999.0 -999.0 -999.0 36.985347876302974 -23.718650528921135 36.94459455392092 -23.59596663159677 72.24480460823948 76.63012804700975 -999.0 5400.0 -999.0 1 144 {-999.0 -999.0 -999.0 -999.0 -999.0} "" -999.0 -999.0 -999.0 -999.0 -999 -999 "" "" "" "" 0 0 0.0 0.0 -999 ""
FIBERMAP 728 R+7C12 METROLOGY 0 0 0 1 0 0 35.75365664108012 149.0345107222068 143.1 -132.0543782009505 77.77214823519314 88.32915 112.70303 -999.0 -999.0 -999.0 -999.0 -999.0 36.987536230301714 -23.71955418859079 36.94679824945865 -23.596866219917178 72.2432639446055 76.63532696937364 -999.0 6231.0 -999.0 -1 -999 {-999.0 -999.0 -999.0 -999.0 -999.0} "" -999.0 -999.0 -999.0 -999.0 -999 -999 "" "" "" "" 0 0 0.0 0.0 -999 ""
FIBERMAP 729 R-8C19 APOGEE 1 1 0 1 0 0 207.9508360022416 -144.58547182292276 143.1 199.06910815166 156.56470454396478 54.627754 123.66225 38.08135986328125 -23.479264418064233 -999.0 -999.0 -999.0 38.081374622128415 -23.479260797526326 38.03979632382436 -23.358352354385886 71.22385522840501 77.11645419983495 16000.0 16600.0 2015.5 2 193 {-999.0 -999.0 -999.0 -999.0 -999.0} "" -999.0 -999.0 -999.0 -999.0 27021603163405204 844117880 "" ops_sky_apogee_best ops_sky sky_apogee 0 0 0.0 0.0 -999 ""
FIBERMAP 729 R-8C19 BOSS 0 0 0 1 0 0 208.6903178292 -144.6189021585792 143.1 199.3173292466623 157.2620374981097 54.627754 123.66225 -999.0 -999.0 -999.0 -999.0 -999.0 38.08225191806341 -23.477119482906755 38.04060285353074 -23.35624011638478 71.22238364423585 77.11121477471079 -999.0 5400.0 -999.0 1 266 {-999.0 -999.0 -999.0 -999.0 -999.0} "" -999.0 -999.0 -999.0 -999.0 -999 -999 "" "" "" "" 0 0 0.0 0.0 -999 ""
FIBERMAP 729 R-8C19 METROLOGY 0 0 0 1 0 0 208.30648879165565 -145.24936075964592 143.1 199.80794103136083 156.7106399796805 54.627754 123.66225 -999.0 -999.0 -999.0 -999.0 -999.0 38.08389870914646 -23.47875869420584 38.04226544830465 -23.357873831082713 71.22157276600448 77.11768743012811 -999.0 6231.0 -999.0 -1 -999 {-999.0 -999.0 -999.0 -999.0 -999.0} "" -999.0 -999.0 -999.0 -999.0 -999 -999 "" "" "" "" 0 0 0.0 0.0 -999 ""
FIBERMAP 731 R0C27 APOGEE 0 0 0 1 0 0 299.31286673401684 -20.093947737219512 143.1 106.74541824516383 280.33348686517394 359.36835 30.95246 -999.0 -999.0 -999.0 -999.0 -999.0 37.77457271072431 -23.107520147850277 37.734060796914264 -22.986226683323224 71.34198230114467 75.71054939093216 -999.0 16600.0 -999.0 2 -999 {-999.0 -999.0 -999.0 -999.0 -999.0} "" -999.0 -999.0 -999.0 -999.0 -999 -999 "" "" "" "" 0 0 0.0 0.0 -999 ""
FIBERMAP 731 R0C27 BOSS 1 1 0 1 0 0 298.6617380822269 -20.498574412498602 143.1 106.94191524449444 279.5925337246532 359.36835 30.95246 37.775455055825795 -23.10990760963036 -46.269592 44.868725 11.077042 37.77528874489843 -23.10975687158302 37.73469940426787 -22.9884921957254 71.34232612624085 75.71778615643075 5400.0 5400.0 2016.0 1 182 {-999.0 16.220303 14.734276 13.835818 -999.0} sdss_psfmag_from_g3xp 15.601292 14.480506 13.431428 11.517 63050395812053167 1150955573 bright_1x1 mwm_snc_100pc_boss_single mwm_snc science 0 0 0.0 0.0 -999 ""
FIBERMAP 731 R0C27 METROLOGY 0 0 0 1 0 0 298.659844700175 -19.72917323137638 143.1 106.20564264715827 279.8157271012773 359.36835 30.95246 -999.0 -999.0 -999.0 -999.0 -999.0 37.77287214592117 -23.10903760349775 37.73230756805003 -22.987761271487884 71.34406756795836 75.71299415454405 -999.0 6231.0 -999.0 -1 -999 {-999.0 -999.0 -999.0 -999.0 -999.0} "" -999.0 -999.0 -999.0 -999.0 -999 -999 "" "" "" "" 0 0 0.0 0.0 -999 ""
FIBERMAP 732 R-10C12 APOGEE 0 0 0 1 0 0 75.40375661453552 -182.668440602843 143.1 196.7228077860468 18.683181921092086 61.3599 110.17883 -999.0 -999.0 -999.0 -999.0 -999.0 38.07745940915693 -23.896417483290634 38.035096653339906 -23.77538521866762 71.37878113328101 78.3242895370347 -999.0 16600.0 -999.0 2 -999 {-999.0 -999.0 -999.0 -999.0 -999.0} "" -999.0 -999.0 -999.0 -999.0 -999 -999 "" "" "" "" 0 0 0.0 0.0 -999 ""
FIBERMAP 732 R-10C12 BOSS 1 1 0 1 0 0 76.16410045409879 -182.76051791744553 143.1 197.0332093473593 19.38331286882002 61.3599 110.17883 38.07861328125 -23.894237996336813 -999.0 -999.0 -999.0 38.07860281569366 -23.894259019667466 38.03616885785044 -23.77325467397355 71.37711179483668 78.31912919280057 5400.0 5400.0 2015.5 1 402 {-999.0 -999.0 -999.0 -999.0 -999.0} "" -999.0 -999.0 -999.0 -999.0 27021603163403867 822006266 "" ops_sky_boss_good ops_sky sky_boss 0 0 0.0 0.0 -999 ""
FIBERMAP 732 R-10C12 METROLOGY 0 0 0 1 0 0 75.68885842698405 -183.3599716385418 143.1 197.4674407238921 18.75357124690512 61.3599 110.17883 -999.0 -999.0 -999.0 -999.0 -999.0 38.08005864902376 -23.89616412499462 38.03764021698407 -23.77515435141979 71.37652146204407 78.32618245812239 -999.0 6231.0 -999.0 -1 -999 {-999.0 -999.0 -999.0 -999.0 -999.0} "" -999.0 -999.0 -999.0 -999.0 -999 -999 "" "" "" "" 0 0 0.0 0.0 -999 ""
FIBERMAP 736 R+11C12 APOGEE 1 1 0 1 0 0 59.762609359974746 217.35174969424668 143.1 -190.35969074249587 120.70876474724702 211.97098 65.397316 36.795710395513375 -23.589613668439682 32.376785 -1.572622 2.2945158 36.79579562961304 -23.589613347400835 36.755582459788684 -23.46664515275666 72.3568300808687 76.02178482696871 16000.0 16600.0 2016.0 2 145 {-999.0 11.352526 10.675883 10.430952 -999.0} sdss_psfmag_from_g3xp 11.174452 10.714373 10.088798 8.911 63050395811956254 1103964423 bright_1x1 mwm_tess_rgb_apogee mwm_tessrgb science 0 0 0.0 0.0 -999 ""
FIBERMAP 736 R+11C12 BOSS 0 0 0 1 0 0 59.66475281662382 218.1046378777704 143.1 -191.10823672683227 120.83536690290195 211.97098 65.397316 -999.0 -999.0 -999.0 -999.0 -999.0 36.79336764796447 -23.589183551717433 36.75308947698767 -23.4662376057915 72.35879081722368 76.01767553358786 -999.0 5400.0 -999.0 1 148 {-999.0 -999.0 -999.0 -999.0 -999.0} "" -999.0 -999.0 -999.0 -999.0 -999 -999 "" "" "" "" 0 0 0.0 0.0 -999 ""
FIBERMAP 736 R+11C12 METROLOGY 0 0 0 1 0 0 60.35770652232888 217.81599716295818 143.1 -190.62958436217832 121.4135748236616 211.97098 65.397316 -999.0 -999.0 -999.0 -999.0 -999.0 36.794900667624695 -23.587423658561598 36.75464331980032 -23.464473253962744 72.35680218016242 76.01407636666266 -999.0 6231.0 -999.0 -1 -999 {-999.0 -999.0 -999.0 -999.0 -999.0} "" -999.0 -999.0 -999.0 -999.0 -999 -999 "" "" "" "" 0 0 0.0 0.0 -999 ""
FIBERMAP 738 R-6C11 APOGEE 0 0 0 1 0 0 -1.4409494518795396 -99.64891592809198 143.1 94.8651666018379 -30.519222219073008 121.0976 87.60907 -999.0 -999.0 -999.0 -999.0 -999.0 37.741033263189955 -24.04726405202326 37.698800996175066 -23.925652434932385 71.71951823956074 78.42822915642398 -999.0 16600.0 -999.0 2 -999 {-999.0 -999.0 -999.0 -999.0 -999.0} "" -999.0 -999.0 -999.0 -999.0 -999 -999 "" "" "" "" 0 0 0.0 0.0 -999 ""
FIBERMAP 738 R-6C11 BOSS 1 1 0 1 0 0 -0.7855095152553788 -99.27210540640758 143.1 94.69652883397832 -29.7822810928399 121.0976 87.60907 37.740590206734275 -24.045011437612757 -999.0 -999.0 -999.0 37.74059526319523 -24.04502109212529 37.69829514286164 -23.923434116230204 71.71917802035782 78.42108694314913 5400.0 5400.0 2016.0 1 389 {-999.0 19.640295 18.861292 18.209517 -999.0} sdss_psfmag_ps1 -999.0 -999.0 -999.0 15.056 63050397371148411 1115982684 bright_1x1 openfibertargets_bhm_racsradio_boss open_fiber science 0 0 0.0 0.0 -999 ""
FIBERMAP 738 R-6C11 METROLOGY 0 0 0 1 0 0 -0.7956883832879356 -100.02724960377539 143.1 95.41563816761945 -30.01284891351811 121.0976 87.60907 -999.0 -999.0 -999.0 -999.0 -999.0 37.7429755589276 -24.04572148643744 37.70069173711914 -23.92413109456353 71.71736794242008 78.42560486836021 -999.0 6231.0 -999.0 -1 -999 {-999.0 -999.0 -999.0 -999.0 -999.0} "" -999.0 -999.0 -999.0 -999.0 -999 -999 "" "" "" "" 0 0 0.0 0.0 -999 ""
FIBERMAP 740 R-10C6 APOGEE 0 0 0 1 0 0 -54.35937329962442 -188.17898389997654 143.1 164.04415274484273 -107.01077678312451 33.125732 109.299934 -999.0 -999.0 -999.0 -999.0 -999.0 37.97149801275337 -24.27791121655237 37.92854116210043 -24.156602190731736 71.60143277422046 79.34614352134736 -999.0 16600.0 -999.0 2 -999 {-999.0 -999.0 -999.0 -999.0 -999.0} "" -999.0 -999.0 -999.0 -999.0 -999 -999 "" "" "" "" 0 0 0.0 0.0 -999 ""
FIBERMAP 740 R-10C6 BOSS 1 1 0 1 0 0 -53.78114796970927 -188.68418509084677 143.1 164.69633396408403 -106.60560574196815 33.125732 109.299934 37.973677303918336 -24.276639057098446 26.250412 -13.778271 2.0824006 37.97378076562034 -24.276676423820067 37.93074977464914 -24.15539535948568 71.59912925577835 79.34468709988346 5400.0 5400.0 2016.0 1 384 {-999.0 16.766293 15.714293 15.015772 -999.0} sdss_psfmag_ps1 16.114155 15.593144 14.525913 12.669 63050395811943966 1096276831 bright_1x1 mwm_bin_vis_boss mwm_filler science 0 0 0.0 0.0 -999 ""
FIBERMAP 740 R-10C6 METROLOGY 0 0 0 1 0 0 -54.45738194017386 -188.92053128428435 143.1 164.72457553642653 -107.32135317309304 33.125732 109.299934 -999.0 -999.0 -999.0 -999.0 -999.0 37.97388679205228 -24.278863488135286 37.93087236869775 -24.157575181949046 71.59975610810264 79.35131052907673 -999.0 6231.0 -999.0 -1 -999 {-999.0 -999.0 -999.0 -999.0 -999.0} "" -999.0 -999.0 -999.0 -999.0 -999 -999 "" "" "" "" 0 0 0.0 0.0 -999 ""
FIBERMAP 745 R+1C8 APOGEE 0 0 0 1 0 0 -124.21721760955057 28.293581659168304 143.1 -63.381079654276135 -110.50514465456595 51.074345 153.07216 -999.0 -999.0 -999.0 -999.0 -999.0 37.215132244831686 -24.290952158341213 37.17309918230154 -24.168441728827894 72.25390570870512 78.62888859520183 -999.0 16600.0 -999.0 2 -999 {-999.0 -999.0 -999.0 -999.0 -999.0} "" -999.0 -999.0 -999.0 -999.0 -999 -999 "" "" "" "" 0 0 0.0 0.0 -999 ""
FIBERMAP 745 R+1C8 BOSS 1 1 0 1 0 0 -123.56545929047331 28.607984760498873 143.1 -63.4911186815525 -109.78997441613949 51.074345 153.07216 37.21481323242187 -24.288804434283477 -999.0 -999.0 -999.0 37.21479948171065 -24.288816275822455 37.17270015324533 -24.16632940325276 72.25352519521952 78.62196797384001 5400.0 5400.0 2015.5 1 47 {-999.0 -999.0 -999.0 -999.0 -999.0} "" -999.0 -999.0 -999.0 -999.0 27021603163402494 801954398 "" ops_sky_boss_best ops_sky sky_boss 0 0 0.0 0.0 -999 ""
FIBERMAP 745 R+1C8 METROLOGY 0 0 0 1 0 0 -123.60373209404686 27.865640379244006 143.1 -62.7924646204442 -110.04366311510893 51.074345 153.07216 -999.0 -999.0 -999.0 -999.0 -999.0 37.21709836667831 -24.289604590443624 37.17501469524268 -24.167114448286306 72.25180949966641 78.62675804981302 -999.0 6231.0 -999.0 -1 -999 {-999.0 -999.0 -999.0 -999.0 -999.0} "" -999.0 -999.0 -999.0 -999.0 -999 -999 "" "" "" "" 0 0 0.0 0.0 -999 ""
FIBERMAP 746 R-9C7 APOGEE 0 0 0 1 0 0 -56.83018306894079 -166.7259417049041 143.1 142.80770199683616 -103.0996882788105 33.109837 162.99103 -999.0 -999.0 -999.0 -999.0 -999.0 37.90103687839748 -24.266538208888807 37.85818975700926 -24.145119854526396 71.65801964849673 79.24329659993668 -999.0 16600.0 -999.0 2 187 {-999.0 -999.0 -999.0 -999.0 -999.0} "" -999.0 -999.0 -999.0 -999.0 -999 -999 "" "" "" "" 0 0 0.0 0.0 -999 ""
FIBERMAP 746 R-9C7 BOSS 1 1 0 1 0 0 -56.09310786637957 -166.49683279385258 143.1 142.8041733033511 -102.32787955141441 33.109837 162.99103 37.90110373218297 -24.264155355319854 10.767714 -19.813848 4.2013206 37.90114669960533 -24.26421383200122 37.85823051140113 -24.1428202757256 71.65720944230182 79.23645681832261 5400.0 5400.0 2016.0 1 383 {-999.0 19.881577 18.518005 17.026743 -999.0} sdss_psfmag_ps1 19.347855 17.744196 16.52628 14.119 63050395811943906 1081399723 bright_flexible_2x1 mwm_snc_ext_filler_boss mwm_snc science 0 0 0.0 0.0 -999 ""
FIBERMAP 746 R-9C7 METROLOGY 0 0 0 1 0 0 -56.2811128941477 -167.22982534166485 143.1 143.45009720012285 -102.72201075376633 33.109837 162.99103 -999.0 -999.0 -999.0 -999.0 -999.0 37.903293182416924 -24.26541357639786 37.86039280957425 -24.14401631301084 71.6557550030419 79.24214837569536 -999.0 6231.0 -999.0 -1 -999 {-999.0 -999.0 -999.0 -999.0 -999.0} "" -999.0 -999.0 -999.0 -999.0 -999 -999 "" "" "" "" 0 0 0.0 0.0 -999 ""
FIBERMAP 749 R-2C15 APOGEE 0 0 0 1 0 0 55.410031680625465 -40.117540729756094 143.1 54.565427591071646 41.252348117131696 331.87042 137.05826 -999.0 -999.0 -999.0 -999.0 -999.0 37.60641343969812 -23.829783403165344 37.564756930524936 -23.708019266791077 71.75707456211907 77.6400994521473 -999.0 16600.0 -999.0 2 227 {-999.0 -999.0 -999.0 -999.0 -999.0} "" -999.0 -999.0 -999.0 -999.0 -999 -999 "" "" "" "" 0 0 0.0 0.0 -999 ""
FIBERMAP 749 R-2C15 BOSS 1 1 0 1 0 0 55.64528531546093 -40.82646256785293 143.1 55.31211239604368 41.26998571201776 331.87042 137.05826 37.60901208452642 -23.829399348464378 -4.015521 -93.300964 6.789452 37.60899984356227 -23.829672830069875 37.56726832088117 -23.707938270539227 71.754900124334 77.64250220663547 5400.0 5400.0 2016.0 1 327 {-999.0 18.770075 17.152407 16.171467 -999.0} sdss_psfmag_ps1 18.130735 16.715559 15.550099 13.433 63050395811945067 940018504 bright_1x1 openfibertargets_nov2020_34a open_fiber science 0 0 0.0 0.0 -999 ""
FIBERMAP 749 R-2C15 METROLOGY 0 0 0 1 0 0 54.93219977809458 -40.69267743027729 143.1 54.975649096050226 40.62724127298881 331.87042 137.05826 -999.0 -999.0 -999.0 -999.0 -999.0 37.60787496085415 -23.831630990081717 37.56616156909803 -23.709886880199413 71.75654693418228 77.64714418122605 -999.0 6231.0 -999.0 -1 -999 {-999.0 -999.0 -999.0 -999.0 -999.0} "" -999.0 -999.0 -999.0 -999.0 -999 -999 "" "" "" "" 0 0 0.0 0.0 -999 ""
FIBERMAP 750 R+11C10 APOGEE 0 0 0 1 0 0 32.18977469495691 229.2554379700192 143.1 -209.8056746014026 97.82411111092134 115.77736 94.75973 -999.0 -999.0 -999.0 -999.0 -999.0 36.731411955734664 -23.65878858017914 36.691151452226336 -23.535701049333163 72.43765628498521 76.1592051885774 -999.0 16600.0 -999.0 2 127 {-999.0 -999.0 -999.0 -999.0 -999.0} "" -999.0 -999.0 -999.0 -999.0 -999 -999 "" "" "" "" 0 0 0.0 0.0 -999 ""
FIBERMAP 750 R+11C10 BOSS 1 1 0 1 0 0 32.84312755192203 229.594899906102 143.1 -209.93920914894835 98.54813429454515 115.77736 94.75973 36.73101090055538 -23.65656828146885 2.0084016 -0.05205553 -0.14150493 36.73102063261989 -23.656558129826564 36.69069613577744 -23.533496226817313 72.43721113450053 76.1519163164055 5400.0 5400.0 2016.0 1 114 {-999.0 20.68448 20.461515 20.250822 -999.0} sdss_psfmag_ps1 20.601227 20.41789 19.650887 -999.0 63050395811956176 1117293235 bright_1x1 openfibertargets_bhm_quaia_boss open_fiber science 0 0 0.0 0.0 -999 ""
FIBERMAP 750 R+11C10 METROLOGY 0 0 0 1 0 0 32.85698831334248 228.88011222353944 143.1 -209.25165947680173 98.35235558308317 115.77736 94.75973 -999.0 -999.0 -999.0 -999.0 -999.0 36.73322121337041 -23.657142757110545 36.69291235465306 -23.534076843752302 72.43554844902962 76.15623849439999 -999.0 6231.0 -999.0 -1 -999 {-999.0 -999.0 -999.0 -999.0 -999.0} "" -999.0 -999.0 -999.0 -999.0 -999 -999 "" "" "" "" 0 0 0.0 0.0 -999 ""
FIBERMAP 752 R-8C5 APOGEE 0 0 0 1 0 0 -120.5403808269323 -163.2259444512439 143.1 120.82949909635376 -162.99728730866016 210.14838 128.54648 -999.0 -999.0 -999.0 -999.0 -999.0 37.82861872834586 -24.448162305448584 37.78551678792678 -24.32657760190985 71.78094677358072 79.71838947313177 -999.0 16600.0 -999.0 2 285 {-999.0 -999.0 -999.0 -999.0 -999.0} "" -999.0 -999.0 -999.0 -999.0 -999 -999 "" "" "" "" 0 0 0.0 0.0 -999 ""
FIBERMAP 752 R-8C5 BOSS 1 1 0 1 0 0 -121.24965803120523 -162.9976327482384 143.1 120.40376105598214 -163.60874676087218 210.14838 128.54648 37.827301025390625 -24.45004693705438 -999.0 -999.0 -999.0 37.8273171129993 -24.450037866707376 37.78414009867856 -24.3284737884297 71.78275536932537 79.72279629566742 5400.0 5400.0 2015.5 1 468 {-999.0 -999.0 -999.0 -999.0 -999.0} "" -999.0 -999.0 -999.0 -999.0 27021603163402851 822006192 "" ops_sky_boss_good ops_sky sky_boss 0 0 0.0 0.0 -999 ""
FIBERMAP 752 R-8C5 METROLOGY 0 0 0 1 0 0 -120.67696426279709 -162.4942395369665 143.1 120.08988373350219 -162.91391152829993 210.14838 128.54648 -999.0 -999.0 -999.0 -999.0 -999.0 37.82626735633257 -24.447975666572848 37.783116322086244 -24.32640391798603 71.7829550591604 79.71556200351245 -999.0 6231.0 -999.0 -1 -999 {-999.0 -999.0 -999.0 -999.0 -999.0} "" -999.0 -999.0 -999.0 -999.0 -999 -999 "" "" "" "" 0 0 0.0 0.0 -999 ""
FIBERMAP 754 R+8C15 APOGEE 1 1 0 1 0 0 124.26801312455207 169.5827413578914 143.1 -125.81790306434601 168.42071729124157 92.25768 67.77723 37.009047078050656 -23.445294563415302 15.026369 -5.4508038 2.6995609 37.00909873078184 -23.445313469931065 36.96888875635011 -23.322718006650597 72.12093397575391 75.8307963403231 16000.0 16600.0 2016.0 2 78 {-999.0 11.24792 11.022163 10.966853 -999.0} sdss_psfmag_from_g3xp 11.236237 11.021373 10.642674 10.041 63050395811957732 975170766 "" ops_std_apogee ops_std standard_apogee 0 0 0.0 0.0 -999 ""
FIBERMAP 754 R+8C15 BOSS 0 0 0 1 0 0 124.95085476040161 169.31455719875342 143.1 -125.3617688993691 168.99523814117728 92.25768 67.77723 -999.0 -999.0 -999.0 -999.0 -999.0 37.0106464359413 -23.443510334270325 36.970368321878084 -23.320944367796322 72.11899832435734 75.82716204116218 -999.0 5400.0 -999.0 1 238 {-999.0 -999.0 -999.0 -999.0 -999.0} "" -999.0 -999.0 -999.0 -999.0 -999 -999 "" "" "" "" 0 0 0.0 0.0 -999 ""
FIBERMAP 754 R+8C15 METROLOGY 0 0 0 1 0 0 124.37590720535944 168.84111667817376 143.1 -125.07719211840951 168.3070071588711 92.25768 67.77723 -999.0 -999.0 -999.0 -999.0 -999.0 37.01153604150948 -23.445569709525437 36.97127276869031 -23.322997016631874 72.11901974242137 75.83437348641144 -999.0 6231.0 -999.0 -1 -999 {-999.0 -999.0 -999.0 -999.0 -999.0} "" -999.0 -999.0 -999.0 -999.0 -999 -999 "" "" "" "" 0 0 0.0 0.0 -999 ""
FIBERMAP 755 R-9C15 APOGEE 0 0 0 1 0 0 115.12550043800867 -160.00571698993406 143.1 186.6684329739531 63.29350864952804 145.42297 87.33492 -999.0 -999.0 -999.0 -999.0 -999.0 38.0432432378736 -23.76142295205556 38.00117840319331 -23.6403738716707 71.35977985124467 77.8947367008513 -999.0 16600.0 -999.0 2 -999 {-999.0 -999.0 -999.0 -999.0 -999.0} "" -999.0 -999.0 -999.0 -999.0 -999 -999 "" "" "" "" 0 0 0.0 0.0 -999 ""
FIBERMAP 755 R-9C15 BOSS 1 1 0 1 0 0 115.60692095068056 -159.3987989160082 143.1 186.22887085143938 63.93134115694275 145.42297 87.33492 38.0419071350694 -23.75944990343703 -0.2999983 0.12592906 -0.76436377 38.04191014021166 -23.75945246046472 37.999776975771624 -23.638427769293237 71.36027951267866 77.88761184007694 5400.0 5400.0 2016.0 1 329 {-999.0 19.94046 19.809896 19.787083 -999.0} sdss_psfmag_ps1 19.786085 19.630753 19.178915 -999.0 63050395811945233 1117293208 bright_1x1 openfibertargets_bhm_quaia_boss open_fiber science 0 0 0.0 0.0 -999 ""
FIBERMAP 755 R-9C15 METROLOGY 0 0 0 1 0 0 115.86844898469646 -160.09246763126086 143.1 186.96865396546758 63.97856355650021 145.42297 87.33492 -999.0 -999.0 -999.0 -999.0 -999.0 38.04435558119551 -23.759297467449066 38.00224058946827 -23.638269378080288 71.35811620881023 77.88968430869835 -999.0 6231.0 -999.0 -1 -999 {-999.0 -999.0 -999.0 -999.0 -999.0} "" -999.0 -999.0 -999.0 -999.0 -999 -999 "" "" "" "" 0 0 0.0 0.0 -999 ""
FIBERMAP 764 R-10C8 APOGEE 0 0 0 1 0 0 -19.863151008772874 -206.9078480723399 143.1 192.04120210612098 -79.50177867141429 280.3351 118.013374 -999.0 -999.0 -999.0 -999.0 -999.0 38.06381833589154 -24.19397611514631 38.0209063147546 -24.072838363941536 71.49380617473155 79.18691063363639 -999.0 16600.0 -999.0 2 -999 {-999.0 -999.0 -999.0 -999.0 -999.0} "" -999.0 -999.0 -999.0 -999.0 -999 -999 "" "" "" "" 0 0 0.0 0.0 -999 ""
FIBERMAP 764 R-10C8 BOSS 1 1 0 1 0 0 -20.478142422437244 -207.39856841632735 143.1 192.33059181104343 -80.23335381727401 280.3351 118.013374 38.06486115180031 -24.19618927872827 13.763271 -9.818189 2.372674 38.064911804586515 -24.196178594017397 38.02192025835342 -24.075066301886906 71.49369041943281 79.1945028734217 5400.0 5400.0 2016.0 1 405 {-999.0 16.99115 15.701254 15.15573 -999.0} sdss_psfmag_ps1 16.453688 15.650774 14.771501 12.983 63050395811944005 1124458986 bright_1x1 openfibertargets_mwm_snc_further_ext_boss open_fiber science 0 0 0.0 0.0 -999 ""
FIBERMAP 764 R-10C8 METROLOGY 0 0 0 1 0 0 -20.56204390672987 -206.64130176495343 143.1 191.5819400571557 -80.09212707675877 280.3351 118.013374 -999.0 -999.0 -999.0 -999.0 -999.0 38.06244403818803 -24.1957879222329 38.0194772776166 -24.07466489304536 71.4956528282448 79.19093121226837 -999.0 6231.0 -999.0 -1 -999 {-999.0 -999.0 -999.0 -999.0 -999.0} "" -999.0 -999.0 -999.0 -999.0 -999 -999 "" "" "" "" 0 0 0.0 0.0 -999 ""
FIBERMAP 767 R+3C3 APOGEE 0 0 0 1 0 0 -219.3658459276756 50.918363611240785 143.1 -112.84069875196236 -194.872028749698 196.29297 144.9526 -999.0 -999.0 -999.0 -999.0 -999.0 37.050960496712804 -24.545704338655494 37.00865821229644 -24.422865639974876 72.48067896975408 79.25325829826647 -999.0 16600.0 -999.0 2 36 {-999.0 -999.0 -999.0 -999.0 -999.0} "" -999.0 -999.0 -999.0 -999.0 -999 -999 "" "" "" "" 0 0 0.0 0.0 -999 ""
FIBERMAP 767 R+3C3 BOSS 1 1 0 1 0 0 -220.05704509148433 51.14952114543501 143.1 -113.26387129417468 -195.465369333167 196.29297 144.9526 37.04956833606268 -24.54748514807223 7.2548127 -9.858925 4.048762 37.04960544731991 -24.547500069827596 37.00723137759019 -24.42468116122969 72.48250597138737 79.25752043548073 5400.0 5400.0 2016.0 1 60 {-999.0 18.816633 17.37558 16.2301 -999.0} sdss_psfmag_ps1 18.22213 16.929438 15.7942095 13.732 63050395811942775 1078141437 bright_flexible_2x1 mwm_snc_ext_filler_boss mwm_snc science 0 0 0.0 0.0 -999 ""
FIBERMAP 767 R+3C3 METROLOGY 0 0 0 1 0 0 -219.51613051082677 51.649726650529175 143.1 -113.5839939730782 -194.80185429577688 196.29297 144.9526 -999.0 -999.0 -999.0 -999.0 -999.0 37.048497917273764 -24.545533565169713 37.006148818993836 -24.422707130367524 72.48278240448295 79.25024770464984 -999.0 6231.0 -999.0 -1 -999 {-999.0 -999.0 -999.0 -999.0 -999.0} "" -999.0 -999.0 -999.0 -999.0 -999 -999 "" "" "" "" 0 0 0.0 0.0 -999 ""
FIBERMAP 768 R+6C11 APOGEE 0 0 0 1 0 0 -21.560840903001864 120.61218972264427 143.1 -121.63737471082172 14.654892470396376 243.14497 21.144234 -999.0 -999.0 -999.0 -999.0 -999.0 37.02163737827435 -23.911075978160593 36.98055323262594 -23.788369178616286 72.28475297924072 77.25736921443752 -999.0 16600.0 -999.0 2 -999 {-999.0 -999.0 -999.0 -999.0 -999.0} "" -999.0 -999.0 -999.0 -999.0 -999 -999 "" "" "" "" 0 0 0.0 0.0 -999 ""
FIBERMAP 768 R+6C11 BOSS 1 1 0 1 0 0 -21.4699599777838 121.38471433177554 143.1 -122.34950305966052 14.967712164251221 243.14497 21.144234 37.018827718565184 -23.910161833752234 131.21257 27.46452 10.119326 37.01928064983169 -23.910092088115064 36.978131482660956 -23.787406690889778 72.28647003022192 77.25178325493118 5400.0 5400.0 2016.0 1 142 {-999.0 16.871864 15.532697 14.401639 -999.0} sdss_psfmag_ps1 16.33338 14.98423 13.8397045 11.729 63050395811955191 1151068813 bright_1x1 mwm_snc_100pc_boss_single mwm_snc science 0 0 0.0 0.0 -999 ""
FIBERMAP 768 R+6C11 METROLOGY 0 0 0 1 0 0 -20.88203208882796 120.92638203731144 143.1 -121.73930152562787 15.395867364529803 243.14497 21.144234 -999.0 -999.0 -999.0 -999.0 -999.0 37.02127131797 -23.908799753627157 36.98014183682528 -23.786110801887354 72.28428599148118 77.25000320613123 -999.0 6231.0 -999.0 -1 -999 {-999.0 -999.0 -999.0 -999.0 -999.0} "" -999.0 -999.0 -999.0 -999.0 -999 -999 "" "" "" "" 0 0 0.0 0.0 -999 ""
FIBERMAP 769 R-5C12 APOGEE 0 0 0 1 0 0 7.310607720295474 -78.59948584443964 143.1 77.29653069012575 -15.995083810694663 144.08772 67.82923 -999.0 -999.0 -999.0 -999.0 -999.0 37.68251827761998 -24.003385824580935 37.640441374974046 -23.881693588824294 71.75411453518825 78.23724547160145 -999.0 16600.0 -999.0 2 161 {-999.0 -999.0 -999.0 -999.0 -999.0} "" -999.0 -999.0 -999.0 -999.0 -999 -999 "" "" "" "" 0 0 0.0 0.0 -999 ""
FIBERMAP 769 R-5C12 BOSS 1 1 0 1 0 0 7.9608122703375646 -78.23108825030901 143.1 77.13440651705476 -15.265609158713577 144.08772 67.82923 37.681729824642105 -24.001179845985547 21.768871 9.753774 2.559782 37.682094310802086 -24.001156804236423 37.63994974778433 -23.87948936132442 71.7537610695511 78.23014975474842 5400.0 5400.0 2016.0 1 390 {-999.0 12.7885275 12.417316 12.308499 -999.0} sdss_psfmag_from_g3xp 12.727278 12.432952 11.978452 11.181 63050395811944814 1078117465 bright_flexible_2x1 mwm_snc_ext_filler_boss mwm_snc science 0 0 0.9421711564064026 0.0 -999 ""
FIBERMAP 769 R-5C12 METROLOGY 0 0 0 1 0 0 7.958347154273847 -78.96370962599633 143.1 77.83423482824209 -15.482214334903173 144.08772 67.82923 -999.0 -999.0 -999.0 -999.0 -999.0 37.68440863270573 -24.001815160782648 37.642280465852195 -23.880144166224813 71.75199578283556 78.2344989983668 -999.0 6231.0 -999.0 -1 -999 {-999.0 -999.0 -999.0 -999.0 -999.0} "" -999.0 -999.0 -999.0 -999.0 -999 -999 "" "" "" "" 0 0 0.0 0.0 -999 ""
FIBERMAP 770 R-13C4 APOGEE 0 0 0 1 0 0 -67.66225977267896 -256.3424610115004 143.1 225.3333193597606 -139.66504326858364 325.96857 130.01727 -999.0 -999.0 -999.0 -999.0 -999.0 38.17460559129921 -24.374901637692375 38.13120920930231 -24.253890815467333 71.45950053836948 79.82993524894596 -999.0 16600.0 -999.0 2 261 {-999.0 -999.0 -999.0 -999.0 -999.0} "" -999.0 -999.0 -999.0 -999.0 -999 -999 "" "" "" "" 0 0 0.0 0.0 -999 ""
FIBERMAP 770 R-13C4 BOSS 1 1 0 1 0 0 -67.6165449193032 -257.04514082609785 143.1 226.0186066318978 -139.8268215454427 325.96857 130.01727 38.17693950108381 -24.375352190030977 -0.31843922 -0.3972432 -0.021241449 38.17694317528165 -24.375343352025585 38.133468539372984 -24.254359874057297 71.45771047625607 79.8334636881242 5400.0 5400.0 2016.0 1 355 {-999.0 19.649576 19.604595 19.415941 -999.0} sdss_psfmag_ps1 19.67538 19.551308 19.262897 -999.0 63050395811943747 1117293098 bright_1x1 openfibertargets_bhm_quaia_boss open_fiber science 0 0 0.0 0.0 -999 ""
FIBERMAP 770 R-13C4 METROLOGY 0 0 0 1 0 0 -68.26818955839235 -256.7978821225621 143.1 225.59160512060157 -140.37763056344386 325.96857 130.01727 -999.0 -999.0 -999.0 -999.0 -999.0 38.17556550468765 -24.377052247549507 38.13211042656229 -24.25605935211638 71.45943973334231 79.83722570502186 -999.0 6231.0 -999.0 -1 -999 {-999.0 -999.0 -999.0 -999.0 -999.0} "" -999.0 -999.0 -999.0 -999.0 -999 -999 "" "" "" "" 0 0 0.0 0.0 -999 ""
FIBERMAP 771 R-13C5 APOGEE 0 0 0 1 0 0 -63.10157813383815 -262.85573653915793 143.1 232.89518831772546 -137.20875973619945 233.93666 120.72478 -999.0 -999.0 -999.0 -999.0 -999.0 38.199529944683064 -24.367241288987884 38.156117051468414 -24.246272657222 71.43554866892904 79.83087213522322 -999.0 16600.0 -999.0 2 262 {-999.0 -999.0 -999.0 -999.0 -999.0} "" -999.0 -999.0 -999.0 -999.0 -999 -999 "" "" "" "" 0 0 0.0 0.0 -999 ""
FIBERMAP 771 R-13C5 BOSS 1 1 0 1 0 0 -63.85879414499494 -262.7863055643112 143.1 232.6073564041022 -137.9125224845118 233.93666 120.72478 38.19860226349315 -24.369337305658956 14.351438 -4.2221856 2.761127 38.1986567796586 -24.36934716397848 38.15516637682424 -24.248400287833498 71.4370687476491 79.83628317508908 5400.0 5400.0 2016.0 1 356 {-999.0 16.199455 14.962799 14.482832 -999.0} sdss_psfmag_from_g3xp 15.72164 14.980669 14.121397 12.42 63050395811943746 1083552092 bright_flexible_2x1 mwm_snc_ext_filler_boss mwm_snc science 0 0 0.0 0.0 -999 ""
FIBERMAP 771 R-13C5 METROLOGY 0 0 0 1 0 0 -63.41716525872661 -262.1665085086619 143.1 232.14384243349258 -137.30897330204374 233.93666 120.72478 -999.0 -999.0 -999.0 -999.0 -999.0 38.19714936431053 -24.367574419042132 38.153685384778555 -24.24661889159931 71.43775593383329 79.82960132746604 -999.0 6231.0 -999.0 -1 -999 {-999.0 -999.0 -999.0 -999.0 -999.0} "" -999.0 -999.0 -999.0 -999.0 -999 -999 "" "" "" "" 0 0 0.0 0.0 -999 ""
FIBERMAP 773 R+3C12 APOGEE 0 0 0 1 0 0 -27.055961698157756 61.63001474678135 143.1 -66.84427294461405 -7.84842875432892 190.39279 92.46665 -999.0 -999.0 -999.0 -999.0 -999.0 37.20340379379803 -23.979462631975 37.16196676457838 -23.8570211147176 72.15457781541643 77.66255702231439 -999.0 16600.0 -999.0 2 131 {-999.0 -999.0 -999.0 -999.0 -999.0} "" -999.0 -999.0 -999.0 -999.0 -999 -999 "" "" "" "" 0 0 0.0 0.0 -999 ""
FIBERMAP 773 R+3C12 BOSS 1 1 0 1 0 0 -27.221240239172623 62.36641891484385 143.1 -67.5967734443813 -7.79111763475277 190.39279 92.46665 37.20089944893864 -23.979294041389924 4.2600765 10.990577 4.144718 37.20092959724018 -23.979268785609502 37.159425503341026 -23.85684808809107 72.1566869995086 77.65932173702208 5400.0 5400.0 2016.0 1 119 {-999.0 17.76169 16.328697 15.428529 -999.0} sdss_psfmag_ps1 17.146307 16.04618 15.0046425 13.113 63050395811955147 1080521146 bright_flexible_2x1 mwm_snc_ext_filler_boss mwm_snc science 0 0 0.0 0.0 -999 ""
FIBERMAP 773 R+3C12 METROLOGY 0 0 0 1 0 0 -26.51227623542913 62.14373094704533 143.1 -67.17650453987021 -7.1783130654914435 190.39279 92.46665 -999.0 -999.0 -999.0 -999.0 -999.0 37.202299013519934 -23.977415156956848 37.16081664296934 -23.85499014861724 72.15483515697478 77.65514086500139 -999.0 6231.0 -999.0 -1 -999 {-999.0 -999.0 -999.0 -999.0 -999.0} "" -999.0 -999.0 -999.0 -999.0 -999 -999 "" "" "" "" 0 0 0.0 0.0 -999 ""
FIBERMAP 774 R-6C6 APOGEE 0 0 0 1 0 0 -117.78010147198789 -129.25693947424205 143.1 89.15478127181595 -150.42394124291118 252.82068 110.333755 -999.0 -999.0 -999.0 -999.0 -999.0 37.72321696319187 -24.410755157151172 37.680318825605184 -24.28901328279114 71.85901907640294 79.50321265139303 -999.0 16600.0 -999.0 2 -999 {-999.0 -999.0 -999.0 -999.0 -999.0} "" -999.0 -999.0 -999.0 -999.0 -999 -999 "" "" "" "" 0 0 0.0 0.0 -999 ""
FIBERMAP 774 R-6C6 BOSS 1 1 0 1 0 0 -118.5538613973299 -129.29420656876616 143.1 88.96413837078909 -151.1747264677536 252.82068 110.333755 37.7227097792641 -24.413078585747968 0.19162104 -0.0153997075 -0.07421495 37.7226967990222 -24.413059656321227 37.67972222543648 -24.291339612507922 71.86030379563803 79.50968199649799 5400.0 5400.0 2016.0 1 483 {-999.0 18.551111 18.322504 18.121292 17.961647} sdss_psfmag_from_gaiadr2 18.611269 18.343727 17.855906 16.147 63050395811942455 1057697233 bright_flexible_2x1 bhm_gua_bright bhm_filler science 0 0 0.0 0.0 -999 ""
FIBERMAP 774 R-6C6 METROLOGY 0 0 0 1 0 0 -118.19608245995545 -128.63528198458584 143.1 88.43868866833454 -150.63991404803213 252.82068 110.333755 -999.0 -999.0 -999.0 -999.0 -999.0 37.720936659381955 -24.41147694026584 37.67798791793098 -24.289747943739194 71.86126705410807 79.50317460185443 -999.0 6231.0 -999.0 -1 -999 {-999.0 -999.0 -999.0 -999.0 -999.0} "" -999.0 -999.0 -999.0 -999.0 -999 -999 "" "" "" "" 0 0 0.0 0.0 -999 ""
FIBERMAP 775 R-7C2 APOGEE 0 0 0 1 0 0 -188.823802010259 -147.1204815988298 143.1 85.46026890642192 -223.58156104203402 263.59924 130.7565 -999.0 -999.0 -999.0 -999.0 -999.0 37.71138137045948 -24.631536213472685 37.668078317633785 -24.50971374734196 71.94163273515102 80.16294565088413 -999.0 16600.0 -999.0 2 -999 {-999.0 -999.0 -999.0 -999.0 -999.0} "" -999.0 -999.0 -999.0 -999.0 -999 -999 "" "" "" "" 0 0 0.0 0.0 -999 ""
FIBERMAP 775 R-7C2 BOSS 1 1 0 1 0 0 -189.39683267687388 -147.55359659680835 143.1 85.70684608148346 -224.25616624626286 263.59924 130.7565 37.7120671531196 -24.633488783620713 69.00251 -27.781572 1.348208 37.712288848159034 -24.633564755563707 37.66890800923164 -24.511765624736068 71.9415771269797 80.16999641386184 5400.0 5400.0 2016.0 1 455 {-999.0 18.599634 17.474213 16.91196 -999.0} sdss_psfmag_ps1 18.204023 17.411001 16.548561 14.89 63050395811942163 1073349087 bright_1x1 mwm_halo_local_high_boss_single mwm_halo science 0 0 0.0 0.0 -999 ""
FIBERMAP 775 R-7C2 METROLOGY 0 0 0 1 0 0 -189.50231459086393 -146.80565006489948 143.1 84.96079545145986 -224.138300781141 263.59924 130.7565 -999.0 -999.0 -999.0 -999.0 -999.0 37.709801212430264 -24.633267902999094 37.66644472457034 -24.51145853941156 71.94360093757089 80.16673522621454 -999.0 6231.0 -999.0 -1 -999 {-999.0 -999.0 -999.0 -999.0 -999.0} "" -999.0 -999.0 -999.0 -999.0 -999 -999 "" "" "" "" 0 0 0.0 0.0 -999 ""
FIBERMAP 777 R+4C22 APOGEE 0 0 0 1 0 0 216.47999027049062 77.35322522345817 143.1 -10.659450170405629 229.62428312378742 93.10126 177.18843 -999.0 -999.0 -999.0 -999.0 -999.0 37.38908730304355 -23.260207096434627 37.34875650298784 -23.138259945001693 71.72771263215921 75.71677156266787 -999.0 16600.0 -999.0 2 -999 {-999.0 -999.0 -999.0 -999.0 -999.0} "" -999.0 -999.0 -999.0 -999.0 -999 -999 "" "" "" "" 0 0 0.0 0.0 -999 ""
FIBERMAP 777 R+4C22 BOSS 1 1 0 1 0 0 216.52891742700095 78.18668808446823 143.1 -11.442118031176475 229.9148064679262 93.10126 177.18843 37.3865757877231 -23.259272924235113 -0.040296 0.14022918 0.1425412 37.386575658171324 -23.259272510038574 37.34617865459688 -23.13734914754211 71.72954357871848 75.71115914802884 5400.0 5400.0 2016.0 1 246 {-999.0 19.093138 18.76166 18.730503 -999.0} sdss_psfmag_ps1 19.228271 19.06045 18.675127 -999.0 63050395811957529 1117293320 bright_1x1 openfibertargets_bhm_quaia_boss open_fiber science 0 0 0.0 0.0 -999 ""
FIBERMAP 777 R+4C22 METROLOGY 0 0 0 1 0 0 217.12293889964226 77.73547550412269 143.1 -10.836942520480667 230.35087058237545 93.10126 177.18843 -999.0 -999.0 -999.0 -999.0 -999.0 37.38854661609071 -23.257929205511424 37.34816983104366 -23.136001546199285 71.7273330236187 75.70946555228522 -999.0 6231.0 -999.0 -1 -999 {-999.0 -999.0 -999.0 -999.0 -999.0} "" -999.0 -999.0 -999.0 -999.0 -999 -999 "" "" "" "" 0 0 0.0 0.0 -999 ""
FIBERMAP 778 R-4C7 APOGEE 1 1 0 1 0 0 -131.91475843256347 -83.95138937857342 143.1 41.69904199764402 -150.69065521110537 255.06128 45.049507 37.56524970179888 -24.412224057238955 -4.4861784 4.386205 1.0972015 37.56526380386337 -24.41220166027365 37.52256182231514 -24.29020895180921 71.99503084428459 79.35276412698482 16000.0 16600.0 2016.0 2 297 {-999.0 12.239596 11.984401 11.912467 -999.0} sdss_psfmag_from_g3xp 12.079133 12.005749 11.456144 10.709 63050395811942493 975170665 "" ops_std_apogee ops_std standard_apogee 0 0 0.0 0.0 -999 ""
FIBERMAP 778 R-4C7 BOSS 0 0 0 1 0 0 -132.1771078573832 -83.25978653474624 143.1 40.960994109095985 -150.73926718716817 255.06128 45.049507 -999.0 -999.0 -999.0 -999.0 -999.0 37.562897637773425 -24.41239664245648 37.52012617832878 -24.29042334737268 71.99719551192473 79.35102577603965 -999.0 5400.0 -999.0 1 488 {-999.0 -999.0 -999.0 -999.0 -999.0} "" -999.0 -999.0 -999.0 -999.0 -999 -999 "" "" "" "" 0 0 0.0 0.0 -999 ""
FIBERMAP 778 R-4C7 METROLOGY 0 0 0 1 0 0 -131.44776446372103 -83.36327587469411 143.1 41.27324233035302 -150.07211690589685 255.06128 45.049507 -999.0 -999.0 -999.0 -999.0 -999.0 37.563918225692504 -24.41039940299861 37.521169685021846 -24.288421709809676 71.99563190187993 79.34594465073985 -999.0 6231.0 -999.0 -1 -999 {-999.0 -999.0 -999.0 -999.0 -999.0} "" -999.0 -999.0 -999.0 -999.0 -999 -999 "" "" "" "" 0 0 0.0 0.0 -999 ""
FIBERMAP 782 R-9C4 APOGEE 0 0 0 1 0 0 -135.20402936359704 -182.09440419016136 143.1 134.58370813579154 -182.53689834219907 219.52568 109.41351 -999.0 -999.0 -999.0 -999.0 -999.0 37.87444676928676 -24.506834183269508 37.83117522065146 -24.385306073709074 71.76088370577008 79.93932781436592 -999.0 16600.0 -999.0 2 -999 {-999.0 -999.0 -999.0 -999.0 -999.0} "" -999.0 -999.0 -999.0 -999.0 -999 -999 "" "" "" "" 0 0 0.0 0.0 -999 ""
FIBERMAP 782 R-9C4 BOSS 1 1 0 1 0 0 -135.8336231713506 -181.73248429180748 143.1 134.05351353457417 -183.03309030595665 219.52568 109.41351 37.872737792810945 -24.50839060703235 8.296103 11.107907 4.453052 37.872788096821516 -24.508351290984383 37.82944240080508 -24.386843141634053 71.76287675096727 79.94232714607244 5400.0 5400.0 2016.0 1 466 {-999.0 21.215794 19.687893 18.124474 -999.0} sdss_psfmag_ps1 20.518356 18.898148 17.580147 14.981 63050395811943668 1094896010 bright_1x1 mwm_bin_vis_boss mwm_filler science 0 0 0.0 0.0 -999 ""
FIBERMAP 782 R-9C4 METROLOGY 0 0 0 1 0 0 -135.19713767363592 -181.34643980504296 143.1 133.8705029986373 -182.31157346197202 219.52568 109.41351 -999.0 -999.0 -999.0 -999.0 -999.0 37.872178445317424 -24.506214942462123 37.82885838266162 -24.384699898599397 71.76268096068355 79.93529870004602 -999.0 6231.0 -999.0 -1 -999 {-999.0 -999.0 -999.0 -999.0 -999.0} "" -999.0 -999.0 -999.0 -999.0 -999 -999 "" "" "" "" 0 0 0.0 0.0 -999 ""
FIBERMAP 783 R+5C15 APOGEE 0 0 0 1 0 0 92.83957934149026 81.28955988562252 143.1 -50.58089517015343 112.54765479473004 16.97284 34.75026 -999.0 -999.0 -999.0 -999.0 -999.0 37.257350846716605 -23.614070922674408 37.21652571843117 -23.49181675826608 71.97465577315464 76.61782052202466 -999.0 16600.0 -999.0 2 -999 {-999.0 -999.0 -999.0 -999.0 -999.0} "" -999.0 -999.0 -999.0 -999.0 -999 -999 "" "" "" "" 0 0 0.0 0.0 -999 ""
FIBERMAP 783 R+5C15 BOSS 1 1 0 1 0 0 92.28953687059176 80.65832501047714 143.1 -50.1381485920697 111.83709319987085 16.97284 34.75026 37.25886475870754 -23.6161394676769 0.31527728 0.55044657 0.32054433 37.25885914099699 -23.61613912268116 37.21795774340444 -23.493912802924797 71.97422025524077 76.62568909386277 5400.0 5400.0 2016.0 1 221 {-999.0 19.955292 19.404198 19.197748 -999.0} sdss_psfmag_ps1 19.645264 19.411642 19.099932 -999.0 63050395811957010 1117293305 bright_1x1 openfibertargets_bhm_quaia_boss open_fiber science 0 0 0.0 0.0 -999 ""
FIBERMAP 783 R+5C15 METROLOGY 0 0 0 1 0 0 92.09689656931896 81.37855717050265 143.1 -50.883186730129694 111.86351103638701 16.97284 34.75026 -999.0 -999.0 -999.0 -999.0 -999.0 37.256366129301526 -23.616057763504564 37.215487951459465 -23.493820165154848 71.97628687018353 76.62267790476938 -999.0 6231.0 -999.0 -1 -999 {-999.0 -999.0 -999.0 -999.0 -999.0} "" -999.0 -999.0 -999.0 -999.0 -999 -999 "" "" "" "" 0 0 0.0 0.0 -999 ""
FIBERMAP 785 R+5C13 APOGEE 0 0 0 1 0 0 47.1083293154507 90.28501076455989 143.1 -72.55620780849404 71.44902602538222 347.27908 101.87452 -999.0 -999.0 -999.0 -999.0 -999.0 37.184501477797944 -23.738747335442802 37.14353492399226 -23.61634377528803 72.08299088378786 76.91216116269868 -999.0 16600.0 -999.0 2 150 {-999.0 -999.0 -999.0 -999.0 -999.0} "" -999.0 -999.0 -999.0 -999.0 -999 -999 "" "" "" "" 0 0 0.0 0.0 -999 ""
FIBERMAP 785 R+5C13 BOSS 1 1 0 1 0 0 47.12016190676562 89.53049605960857 143.1 -71.83126337319656 71.239690151323 347.27908 101.87452 37.186928802975864 -23.73928576112315 0.062792644 -4.7970533 0.4688615 37.18693035056324 -23.739315683511673 37.14588939372811 -23.61694132078614 72.08120558320852 76.91655052862433 5400.0 5400.0 2016.0 1 154 {-999.0 15.771957 15.40635 15.330225 -999.0} sdss_psfmag_ps1 15.674549 15.3870535 14.933837 14.193 63050395811956677 978492685 "" ops_std_boss ops_std standard_boss 0 0 0.0 0.0 -999 ""
FIBERMAP 785 R+5C13 METROLOGY 0 0 0 1 0 0 46.46435468124447 89.8993249041723 143.1 -72.37573032417623 70.72045277565877 347.27908 101.87452 -999.0 -999.0 -999.0 -999.0 -999.0 37.18509703339593 -23.740892754415484 37.144075356943745 -23.618507828433195 72.08332789756139 76.91929377706066 -999.0 6231.0 -999.0 -1 -999 {-999.0 -999.0 -999.0 -999.0 -999.0} "" -999.0 -999.0 -999.0 -999.0 -999 -999 "" "" "" "" 0 0 0.0 0.0 -999 ""
FIBERMAP 788 R+7C6 APOGEE 0 0 0 1 0 0 -103.54092757337952 157.81190607341358 143.1 -181.18286576317206 -52.85763539063273 172.68634 17.888693 -999.0 -999.0 -999.0 -999.0 -999.0 36.82412735318797 -24.115426893166248 36.78291173189734 -23.99235516850348 72.52654204583227 77.67326633833989 -999.0 16600.0 -999.0 2 -999 {-999.0 -999.0 -999.0 -999.0 -999.0} "" -999.0 -999.0 -999.0 -999.0 -999 -999 "" "" "" "" 0 0 0.0 0.0 -999 ""
FIBERMAP 788 R+7C6 BOSS 1 1 0 1 0 0 -102.79766230160325 157.98809981905117 143.1 -181.1339855474694 -52.09538210241857 172.68634 17.888693 36.82408448181647 -24.113248596101354 62.87837 36.496677 12.914491 36.82429874449653 -24.113110189024116 36.783018095814384 -23.99006330747339 72.52563896636778 77.66624377092751 5400.0 5400.0 2016.0 1 69 {-999.0 20.52994 19.15256 17.061281 -999.0} sdss_psfmag_ps1 20.118355 17.77882 16.405895 13.905 63050395811955074 1157703373 bright_1x1 mwm_snc_100pc_bright_boss_single mwm_snc science 0 0 0.0 0.0 -999 ""
FIBERMAP 788 R+7C6 METROLOGY 0 0 0 1 0 0 -103.03996597703208 157.25644617766852 143.1 -180.50522105339857 -52.54104335562778 172.68634 17.888693 -999.0 -999.0 -999.0 -999.0 -999.0 36.826330436278816 -24.11448149283019 36.7850642810767 -23.991430599934358 72.5243754557349 77.67270776545325 -999.0 6231.0 -999.0 -1 -999 {-999.0 -999.0 -999.0 -999.0 -999.0} "" -999.0 -999.0 -999.0 -999.0 -999 -999 "" "" "" "" 0 0 0.0 0.0 -999 ""
FIBERMAP 794 R-11C15 APOGEE 0 0 0 1 0 0 147.10580063211452 -228.92821372154327 143.1 261.92601770173775 73.71808655921865 292.78796 98.42557 -999.0 -999.0 -999.0 -999.0 -999.0 38.29036205012415 -23.728719633552807 38.24805679197931 -23.6080766799054 71.13704794448812 78.05319733333926 -999.0 16600.0 -999.0 2 -999 {-999.0 -999.0 -999.0 -999.0 -999.0} "" -999.0 -999.0 -999.0 -999.0 -999 -999 "" "" "" "" 0 0 0.0 0.0 -999 ""
FIBERMAP 794 R-11C15 BOSS 1 1 0 1 0 0 146.52460131010253 -229.3181265235895 143.1 262.12889511155265 73.04830436189957 292.78796 98.42557 38.29107819577369 -23.73072892669757 9.895178 0.11833052 -0.015939435 38.291114341682004 -23.730716450093013 38.248729707671544 -23.610100373404592 71.13719679560253 78.05972461786473 5400.0 5400.0 2016.0 1 332 {-999.0 18.614803 18.27376 18.139147 -999.0} sdss_psfmag_ps1 18.57618 18.290026 17.807089 -999.0 63050395811944595 979810543 "" ops_std_boss ops_std standard_boss 0 0 0.0 0.0 -999 ""
FIBERMAP 794 R-11C15 METROLOGY 0 0 0 1 0 0 146.44629086828812 -228.57530425976344 143.1 261.3956904551722 73.19065326404022 292.78796 98.42557 -999.0 -999.0 -999.0 -999.0 -999.0 38.28874158763092 -23.730291260537776 38.24638182650551 -23.60966404876589 71.13904933441802 78.05608199322614 -999.0 6231.0 -999.0 -1 -999 {-999.0 -999.0 -999.0 -999.0 -999.0} "" -999.0 -999.0 -999.0 -999.0 -999 -999 "" "" "" "" 0 0 0.0 0.0 -999 ""
FIBERMAP 797 R0C6 APOGEE 0 0 0 1 0 0 -175.15505003675096 21.907688864941775 143.1 -72.17101613178984 -161.08054979578344 163.22472 3.9308593 -999.0 -999.0 -999.0 -999.0 -999.0 37.186079629765054 -24.44399402009108 37.14379653775802 -24.321395202650585 72.33081778122826 79.07234792642726 -999.0 16600.0 -999.0 2 -999 {-999.0 -999.0 -999.0 -999.0 -999.0} "" -999.0 -999.0 -999.0 -999.0 -999 -999 "" "" "" "" 0 0 0.0 0.0 -999 ""
FIBERMAP 797 R0C6 BOSS 1 1 0 1 0 0 -174.3255176363758 21.67129081119891 143.1 -71.70237827978707 -160.35646436632507 163.22472 3.9308593 37.18766101334128 -24.44182197052229 5.228213 -7.0875683 0.12820958 37.187677976151484 -24.441842905153454 37.14532623349979 -24.31927007939251 72.32879250141883 79.06728938837102 5400.0 5400.0 2016.0 1 451 {-999.0 17.374073 16.813786 16.665966 -999.0} sdss_psfmag_ps1 17.219658 16.860474 16.317362 15.045 63050395811943150 944125681 bright_1x1 openfibertargets_nov2020_6b open_fiber science 0 0 0.0 0.0 -999 ""
FIBERMAP 797 R0C6 METROLOGY 0 0 0 1 0 0 -174.9030892243404 21.20340627548957 143.1 -71.42388163067248 -161.0455797149616 163.22472 3.9308593 -999.0 -999.0 -999.0 -999.0 -999.0 37.18857863437129 -24.443953250502865 37.14624183296968 -24.321374757090464 72.32871132725522 79.07474289306163 -999.0 6231.0 -999.0 -1 -999 {-999.0 -999.0 -999.0 -999.0 -999.0} "" -999.0 -999.0 -999.0 -999.0 -999 -999 "" "" "" "" 0 0 0.0 0.0 -999 ""
FIBERMAP 798 R+9C9 APOGEE 0 0 0 1 0 0 -19.972993821395264 185.4245431431319 143.1 -183.1480697037023 35.126968591657906 134.76915 111.75266 -999.0 -999.0 -999.0 -999.0 -999.0 36.818328657815684 -23.84873012224645 36.77761205268047 -23.72572415385903 72.43486432378486 76.84136735300655 -999.0 16600.0 -999.0 2 135 {-999.0 -999.0 -999.0 -999.0 -999.0} "" -999.0 -999.0 -999.0 -999.0 -999 -999 "" "" "" "" 0 0 0.0 0.0 -999 ""
FIBERMAP 798 R+9C9 BOSS 1 1 0 1 0 0 -19.695526096499723 186.09924415274057 143.1 -183.71209141354288 35.58959926645774 134.76915 111.75266 36.81641230454192 -23.847354392480135 19.91136 22.55039 1.6803044 36.81647624750564 -23.84728831283154 36.77569563403773 -23.724304802610618 72.43597491126481 76.83485764769586 5400.0 5400.0 2016.0 1 130 {-999.0 15.634192 14.798628 14.477244 -999.0} sdss_psfmag_from_g3xp 15.383164 14.832133 14.125321 12.736 63050395811955442 940018817 bright_1x1 openfibertargets_nov2020_34a open_fiber science 0 0 0.0 0.0 -999 ""
FIBERMAP 798 R+9C9 METROLOGY 0 0 0 1 0 0 -19.215446855723805 185.54915263701713 143.1 -183.04568691198247 35.88779304883463 134.76915 111.75266 -999.0 -999.0 -999.0 -999.0 -999.0 36.818633035214226 -23.846390320350668 36.77787093348712 -23.723403350785954 72.43379152976226 76.83450326907302 -999.0 6231.0 -999.0 -1 -999 {-999.0 -999.0 -999.0 -999.0 -999.0} "" -999.0 -999.0 -999.0 -999.0 -999 -999 "" "" "" "" 0 0 0.0 0.0 -999 ""
FIBERMAP 801 R+7C20 APOGEE 1 1 0 1 0 0 221.6868064694826 119.42037011941014 143.1 -49.36232759935763 246.90528536378426 337.86676 70.932434 37.261027529905604 -23.20835352078011 16.147682 -43.25416 2.4453747 37.26160022734971 -23.20846669667057 37.22151899118791 -23.086333501428886 71.81521443102699 75.41799485594584 16000.0 16600.0 2016.0 2 89 {-999.0 8.575562 7.2467475 6.4427276 -999.0} sdss_psfmag_from_g3xp 8.056417 7.045556 6.040207 3.856 63050395811958294 1107544788 bright_1x1 mwm_tess_rgb_apogee mwm_tessrgb science 0 0 1.6895227432250977 0.0 -999 ""
FIBERMAP 801 R+7C20 BOSS 0 0 0 1 0 0 221.20700397042924 118.86700247945333 143.1 -48.97349844658868 246.2846603399111 337.86676 70.932434 -999.0 -999.0 -999.0 -999.0 -999.0 37.26294531984783 -23.210285100648488 37.222788657443914 -23.088181108074266 71.8148639243936 75.42490814286037 -999.0 5400.0 -999.0 1 263 {-999.0 -999.0 -999.0 -999.0 -999.0} "" -999.0 -999.0 -999.0 -999.0 -999 -999 "" "" "" "" 0 0 0.0 0.0 -999 ""
FIBERMAP 801 R+7C20 METROLOGY 0 0 0 1 0 0 220.96162698236776 119.56231159281302 143.1 -49.71012693069864 246.25336165600166 337.86676 70.932434 -999.0 -999.0 -999.0 -999.0 -999.0 37.260490989772194 -23.210348248820782 37.22035714963056 -23.088232558400854 71.81694196103146 75.42225127670383 -999.0 6231.0 -999.0 -1 -999 {-999.0 -999.0 -999.0 -999.0 -999.0} "" -999.0 -999.0 -999.0 -999.0 -999 -999 "" "" "" "" 0 0 0.0 0.0 -999 ""
FIBERMAP 803 R-5C19 APOGEE 0 0 0 1 0 0 177.78291477907925 -103.57724142150853 143.1 151.03379187417997 139.70990965279302 312.46234 129.73578 -999.0 -999.0 -999.0 -999.0 -999.0 37.92383187133229 -23.530554713697292 37.88234838084725 -23.40937973598995 71.37699023495036 77.09712936914678 -999.0 16600.0 -999.0 2 -999 {-999.0 -999.0 -999.0 -999.0 -999.0} "" -999.0 -999.0 -999.0 -999.0 -999 -999 "" "" "" "" 0 0 0.0 0.0 -999 ""
FIBERMAP 803 R-5C19 BOSS 1 1 0 1 0 0 177.69749153772312 -104.30932435505063 143.1 151.70884502008573 139.41413549389333 312.46234 129.73578 37.926177978515625 -23.531382097539804 -999.0 -999.0 -999.0 37.926179071810346 -23.531380726955824 37.88461802081065 -23.41023603146112 71.37537274170425 77.10203576148234 5400.0 5400.0 2015.5 1 313 {-999.0 -999.0 -999.0 -999.0 -999.0} "" -999.0 -999.0 -999.0 -999.0 27021603163405178 814337259 "" ops_sky_boss_good ops_sky sky_boss 0 0 0.0 0.0 -999 ""
FIBERMAP 803 R-5C19 METROLOGY 0 0 0 1 0 0 177.09489442364165 -103.87071409025233 143.1 151.11321226723737 138.96618573191972 312.46234 129.73578 -999.0 -999.0 -999.0 -999.0 -999.0 37.92423058268473 -23.532726955055466 37.882690106778 -23.41157117834565 71.37751061768614 77.10386753126062 -999.0 6231.0 -999.0 -1 -999 {-999.0 -999.0 -999.0 -999.0 -999.0} "" -999.0 -999.0 -999.0 -999.0 -999 -999 "" "" "" "" 0 0 0.0 0.0 -999 ""
FIBERMAP 810 R+10C16 APOGEE 0 0 0 1 0 0 169.33967281248363 210.7732636821726 143.1 -152.02444938351476 223.56502919587334 111.98491 42.862595 -999.0 -999.0 -999.0 -999.0 -999.0 36.92374064473782 -23.279292276203634 36.88393880658003 -23.156610442597966 72.12836189158516 75.23335097329118 -999.0 16600.0 -999.0 2 -999 {-999.0 -999.0 -999.0 -999.0 -999.0} "" -999.0 -999.0 -999.0 -999.0 -999 -999 "" "" "" "" 0 0 0.0 0.0 -999 ""
FIBERMAP 810 R+10C16 BOSS 1 1 0 1 0 0 170.02177458781364 210.46899483641124 143.1 -151.53402658605455 224.12828995968988 111.98491 42.862595 36.925421885053936 -23.27758150744768 -0.25486007 -0.11550423 0.47445434 36.92543498509864 -23.27757406386183 36.88556505816672 -23.154922510170373 72.1263239676916 75.23020581096478 5400.0 5400.0 2016.0 1 185 {-999.0 20.352999 20.291504 20.138199 -999.0} sdss_psfmag_ps1 20.266554 20.206364 19.823069 -999.0 63050395811958108 1117293269 bright_1x1 openfibertargets_bhm_quaia_boss open_fiber science 0 0 0.0 0.0 -999 ""
FIBERMAP 810 R+10C16 METROLOGY 0 0 0 1 0 0 169.42118314797233 210.02972196713262 143.1 -151.289620993835 223.42552970829993 111.98491 42.862595 -999.0 -999.0 -999.0 -999.0 -999.0 36.92617262123362 -23.279649449482125 36.886317604825194 -23.15699075927674 72.12649966975933 75.2372885835639 -999.0 6231.0 -999.0 -1 -999 {-999.0 -999.0 -999.0 -999.0 -999.0} "" -999.0 -999.0 -999.0 -999.0 -999 -999 "" "" "" "" 0 0 0.0 0.0 -999 ""
FIBERMAP 811 R-13C1 APOGEE 1 1 0 1 0 0 -146.00918228610857 -244.10879550298722 143.1 190.72341697138444 -211.00453506772854 34.190067 161.48738 38.060760498046875 -24.590983028758018 -999.0 -999.0 -999.0 38.06076124515506 -24.59098128018644 38.01709345050972 -24.469727325949137 71.62798544560565 80.36790337514856 16000.0 16600.0 2015.5 2 154 {-999.0 -999.0 -999.0 -999.0 -999.0} "" -999.0 -999.0 -999.0 -999.0 27021603163399355 836447304 "" ops_sky_apogee_best ops_sky sky_apogee 0 0 0.0 0.0 -999 ""
FIBERMAP 811 R-13C1 BOSS 0 0 0 1 0 0 -145.29405320144102 -243.90819134043343 143.1 190.74072723812333 -210.26204765274633 34.190067 161.48738 -999.0 -999.0 -999.0 -999.0 -999.0 38.06086974421231 -24.588705985333288 38.017132062980295 -24.46747567842747 71.627230307475 80.36117243599028 -999.0 5400.0 -999.0 1 435 {-999.0 -999.0 -999.0 -999.0 -999.0} "" -999.0 -999.0 -999.0 -999.0 -999 -999 "" "" "" "" 0 0 0.0 0.0 -999 ""
FIBERMAP 811 R-13C1 METROLOGY 0 0 0 1 0 0 -145.47074935851742 -244.62398967289135 143.1 191.37351680432602 -210.64033677532856 34.190067 161.48738 -999.0 -999.0 -999.0 -999.0 -999.0 38.062987393826845 -24.58987083242862 38.01926579925379 -24.4686371170087 71.62576307679343 80.36663792776704 -999.0 6231.0 -999.0 -1 -999 {-999.0 -999.0 -999.0 -999.0 -999.0} "" -999.0 -999.0 -999.0 -999.0 -999 -999 "" "" "" "" 0 0 0.0 0.0 -999 ""
FIBERMAP 812 R-8C7 APOGEE 0 0 0 1 0 0 -81.75688954815078 -161.5070141833852 143.1 130.52767268204417 -125.4089470902694 222.08627 96.15666 -999.0 -999.0 -999.0 -999.0 -999.0 37.860510543258755 -24.334320509532258 37.817585222287335 -24.21281851906963 71.7156354605561 79.40668619300664 -999.0 16600.0 -999.0 2 -999 {-999.0 -999.0 -999.0 -999.0 -999.0} "" -999.0 -999.0 -999.0 -999.0 -999 -999 "" "" "" "" 0 0 0.0 0.0 -999 ""
FIBERMAP 812 R-8C7 BOSS 1 1 0 1 0 0 -82.35879065045904 -160.90841894711764 143.1 129.779262205218 -125.80944526536783 222.08627 96.15666 37.85812214161325 -24.33557500781307 0.26720828 -1.0932224 -1.8631407 37.85815185491697 -24.335566935646153 37.815153907377635 -24.21408451150879 71.71814847860111 79.40812739793557 5400.0 5400.0 2016.0 1 373 {-999.0 20.667274 20.407295 20.10298 -999.0} sdss_psfmag_ps1 20.613771 20.431414 19.975449 -999.0 63050395811943884 1117293107 bright_1x1 openfibertargets_bhm_quaia_boss open_fiber science 0 0 0.0 0.0 -999 ""
FIBERMAP 812 R-8C7 METROLOGY 0 0 0 1 0 0 -81.61894015988142 -160.77184877133686 143.1 129.86503275951844 -125.06204479510883 222.08627 96.15666 -999.0 -999.0 -999.0 -999.0 -999.0 37.85842750734248 -24.33332640949273 37.81545422378849 -24.211838349700724 71.71713958157801 79.40167079897685 -999.0 6231.0 -999.0 -1 -999 {-999.0 -999.0 -999.0 -999.0 -999.0} "" -999.0 -999.0 -999.0 -999.0 -999 -999 "" "" "" "" 0 0 0.0 0.0 -999 ""
FIBERMAP 813 R+1C24 APOGEE 1 1 0 1 0 0 240.46022538008975 3.5685291328252493 143.1 66.90793908116662 230.97711419311514 312.175 89.63744 37.6446533203125 -23.25577274848291 -999.0 -999.0 -999.0 37.644652612111884 -23.25576033592641 37.60402125969591 -23.134218561961372 71.5096921123554 75.99293782706178 16000.0 16600.0 2015.5 2 112 {-999.0 -999.0 -999.0 -999.0 -999.0} "" -999.0 -999.0 -999.0 -999.0 27021603163418428 836449851 "" ops_sky_apogee_best ops_sky sky_apogee 0 0 0.0 0.0 -999 ""
FIBERMAP 813 R+1C24 BOSS 0 0 0 1 0 0 239.909251164685 3.0407588863216155 143.1 67.25147795022123 230.29591886455518 312.175 89.63744 -999.0 -999.0 -999.0 -999.0 -999.0 37.645875527777726 -23.25775360053097 37.605167036181456 -23.136240846116618 71.50949955844261 76.00010222019193 -999.0 5400.0 -999.0 1 191 {-999.0 -999.0 -999.0 -999.0 -999.0} "" -999.0 -999.0 -999.0 -999.0 -999 -999 "" "" "" "" 0 0 0.0 0.0 -999 ""
FIBERMAP 813 R+1C24 METROLOGY 0 0 0 1 0 0 239.7432118601678 3.78334235840188 143.1 66.49284618164326 230.35430960197408 312.175 89.63744 -999.0 -999.0 -999.0 -999.0 -999.0 37.64336785915452 -23.257550370712107 37.602683171311696 -23.13602586177196 71.51152425067147 75.99670027695481 -999.0 6231.0 -999.0 -1 -999 {-999.0 -999.0 -999.0 -999.0 -999.0} "" -999.0 -999.0 -999.0 -999.0 -999 -999 "" "" "" "" 0 0 0.0 0.0 -999 ""
FIBERMAP 815 R-12C7 APOGEE 0 0 0 1 0 0 -37.43148222203445 -236.1696171259875 143.1 214.88428360996792 -104.85833524233499 208.83205 99.31832 -999.0 -999.0 -999.0 -999.0 -999.0 38.13967215390331 -24.270083938085698 38.09652020980917 -24.149046441457426 71.45450269509348 79.48592570462677 -999.0 16600.0 -999.0 2 -999 {-999.0 -999.0 -999.0 -999.0 -999.0} "" -999.0 -999.0 -999.0 -999.0 -999 -999 "" "" "" "" 0 0 0.0 0.0 -999 ""
FIBERMAP 815 R-12C7 BOSS 1 1 0 1 0 0 -37.87636142526903 -235.63445858158997 143.1 214.24245226266234 -105.12723695061923 208.83205 99.31832 38.13766479492187 -24.270901262858843 -999.0 -999.0 -999.0 38.13765893721755 -24.270903461076358 38.094433657797936 -24.149886589763238 71.45657804795498 79.48641022650565 5400.0 5400.0 2015.5 1 366 {-999.0 -999.0 -999.0 -999.0 -999.0} "" -999.0 -999.0 -999.0 -999.0 27021603163403032 822006204 "" ops_sky_boss_good ops_sky sky_boss 0 0 0.0 0.0 -999 ""
FIBERMAP 815 R-12C7 METROLOGY 0 0 0 1 0 0 -37.16139375229216 -235.47208545265048 143.1 214.2962727093776 -104.39608417408367 208.83205 99.31832 -999.0 -999.0 -999.0 -999.0 -999.0 38.13784510327308 -24.26871552926814 38.094644827054026 -24.147692751041724 71.45566177735634 79.48011327529639 -999.0 6231.0 -999.0 -1 -999 {-999.0 -999.0 -999.0 -999.0 -999.0} "" -999.0 -999.0 -999.0 -999.0 -999 -999 "" "" "" "" 0 0 0.0 0.0 -999 ""
FIBERMAP 817 R+10C12 APOGEE 0 0 0 1 0 0 48.46885619221227 199.85873088016004 143.1 -176.93521654159713 104.79375853993196 210.34601 58.935467 -999.0 -999.0 -999.0 -999.0 -999.0 36.83973623471046 -23.637751582445258 36.7993807589973 -23.51483812935738 72.33788082564584 76.21901122138246 -999.0 16600.0 -999.0 2 -999 {-999.0 -999.0 -999.0 -999.0 -999.0} "" -999.0 -999.0 -999.0 -999.0 -999 -999 "" "" "" "" 0 0 0.0 0.0 -999 ""
FIBERMAP 817 R+10C12 BOSS 1 1 0 1 0 0 48.515276503134125 200.66489453825287 143.1 -177.69251338662988 105.0739013956954 210.34601 58.935467 36.837169642410394 -23.63689970648211 28.716753 15.718335 4.688732 36.83726539129292 -23.63685101112341 36.79684564918733 -23.51395971164205 72.3397027347602 76.21344089265784 5400.0 5400.0 2016.0 1 147 {-999.0 18.951675 17.603662 16.333595 -999.0} sdss_psfmag_ps1 18.442255 17.054655 15.893568 13.785 63050395811956193 1079199805 bright_flexible_2x1 mwm_snc_ext_filler_boss mwm_snc science 0 0 0.0 0.0 -999 ""
FIBERMAP 817 R+10C12 METROLOGY 0 0 0 1 0 0 49.11337331159208 200.23833053719684 143.1 -177.1097156154464 105.52107067549574 210.34601 58.935467 -999.0 -999.0 -999.0 -999.0 -999.0 36.83914502188885 -23.635490147574746 36.79874499943793 -23.51259486202068 72.33757501800913 76.21143879687867 -999.0 6231.0 -999.0 -1 -999 {-999.0 -999.0 -999.0 -999.0 -999.0} "" -999.0 -999.0 -999.0 -999.0 -999 -999 "" "" "" "" 0 0 0.0 0.0 -999 ""
FIBERMAP 822 R+8C14 APOGEE 0 0 0 1 0 0 85.37251159629238 176.7909897499055 143.1 -144.0852040851941 133.335936660307 176.27132 20.126692 -999.0 -999.0 -999.0 -999.0 -999.0 36.948431208119686 -23.551387125760574 36.908100668052555 -23.428667163727674 72.21296594402607 76.08095165240468 -999.0 16600.0 -999.0 2 -999 {-999.0 -999.0 -999.0 -999.0 -999.0} "" -999.0 -999.0 -999.0 -999.0 -999 -999 "" "" "" "" 0 0 0.0 0.0 -999 ""
FIBERMAP 822 R+8C14 BOSS 1 1 0 1 0 0 86.04373857112918 177.01785054978373 143.1 -144.10583975567152 134.04412237757742 176.27132 20.126692 36.948394775390625 -23.5491831049723 -999.0 -999.0 -999.0 36.94839650869853 -23.549180688389825 36.90800070517173 -23.426487429197934 72.21222284350756 76.07423707734017 5400.0 5400.0 2015.5 1 168 {-999.0 -999.0 -999.0 -999.0 -999.0} "" -999.0 -999.0 -999.0 -999.0 27021603163418557 814339098 "" ops_sky_boss_good ops_sky sky_boss 0 0 0.0 0.0 -999 ""
FIBERMAP 822 R+8C14 METROLOGY 0 0 0 1 0 0 85.91532609556116 176.27635333827132 143.1 -143.43435624548252 133.7044878220951 176.27132 20.126692 -999.0 -999.0 -999.0 -999.0 -999.0 36.95056505465992 -23.55019508991473 36.9101843772018 -23.427497517344364 72.21075304650248 76.07978685129706 -999.0 6231.0 -999.0 -1 -999 {-999.0 -999.0 -999.0 -999.0 -999.0} "" -999.0 -999.0 -999.0 -999.0 -999 -999 "" "" "" "" 0 0 0.0 0.0 -999 ""
FIBERMAP 823 R-1C16 APOGEE 0 0 0 1 0 0 58.8468357037347 -32.45557343180197 143.1 48.24394013872009 46.77936584554897 284.30475 115.81839 -999.0 -999.0 -999.0 -999.0 -999.0 37.58537822626498 -23.81305536522 37.54377900442847 -23.69126261314916 71.76895114088867 77.56802816899682 -999.0 16600.0 -999.0 2 219 {-999.0 -999.0 -999.0 -999.0 -999.0} "" -999.0 -999.0 -999.0 -999.0 -999 -999 "" "" "" "" 0 0 0.0 0.0 -999 ""
FIBERMAP 823 R-1C16 BOSS 1 1 0 1 0 0 58.29611047419529 -32.94167357349362 143.1 48.54770591996974 46.11059461868284 284.30475 115.81839 37.58650630755104 -23.81505594277389 -0.82805586 0.53485304 -0.099904336 37.58649745691763 -23.815029318561265 37.54482121904863 -23.693263274129816 71.76878319452645 77.57509307731272 5400.0 5400.0 2016.0 1 316 {-999.0 20.786816 19.4315 19.260786 -999.0} sdss_psfmag_ps1 20.51925 19.771864 19.23381 -999.0 63050395811945119 1117293177 bright_1x1 openfibertargets_bhm_quaia_boss open_fiber science 0 0 0.0 0.0 -999 ""
FIBERMAP 823 R-1C16 METROLOGY 0 0 0 1 0 0 58.146579971884904 -32.21282137010741 143.1 47.80703214079693 46.18075587237072 284.30475 115.81839 -999.0 -999.0 -999.0 -999.0 -999.0 37.584022617214195 -23.81482529691431 37.542370205796885 -23.69304816660368 71.77079872331524 77.57186259891307 -999.0 6231.0 -999.0 -1 -999 {-999.0 -999.0 -999.0 -999.0 -999.0} "" -999.0 -999.0 -999.0 -999.0 -999 -999 "" "" "" "" 0 0 0.0 0.0 -999 ""
FIBERMAP 826 R+6C9 APOGEE 0 0 0 1 0 0 -44.798587508282985 107.10663795224079 143.1 -115.518711516609 -11.515135875314117 233.38437 148.61389 -999.0 -999.0 -999.0 -999.0 -999.0 37.04182695632427 -23.990516178747555 37.00057051919606 -23.867818626512285 72.2962807882618 77.52270687566539 -999.0 16600.0 -999.0 2 -999 {-999.0 -999.0 -999.0 -999.0 -999.0} "" -999.0 -999.0 -999.0 -999.0 -999 -999 "" "" "" "" 0 0 0.0 0.0 -999 ""
FIBERMAP 826 R+6C9 BOSS 1 1 0 1 0 0 -45.476109461339334 106.82875528664265 143.1 -115.45112848349949 -12.24426184085122 233.38437 148.61389 37.041866763914356 -23.992733142524703 54.472683 8.601944 3.944691 37.04205258804246 -23.99271098582514 37.000721908716855 -23.87003767615569 72.29694608110212 77.52968342036354 5400.0 5400.0 2016.0 1 135 {-999.0 15.557131 14.354726 13.904303 -999.0} sdss_psfmag_from_g3xp 15.10168 14.372344 13.5457325 11.916 63050395811955176 935497965 bright_1x1 openfibertargets_nov2020_34a open_fiber science 0 0 0.0 0.0 -999 ""
FIBERMAP 826 R+6C9 METROLOGY 0 0 0 1 0 0 -45.39336356205378 107.56022329443886 143.1 -116.12637658600798 -11.951227646326746 233.38437 148.61389 -999.0 -999.0 -999.0 -999.0 -999.0 37.03978092178129 -23.991827275760528 36.9984745244077 -23.869143721954234 72.2985449278279 77.52451842956123 -999.0 6231.0 -999.0 -1 -999 {-999.0 -999.0 -999.0 -999.0 -999.0} "" -999.0 -999.0 -999.0 -999.0 -999 -999 "" "" "" "" 0 0 0.0 0.0 -999 ""
FIBERMAP 829 R-13C9 APOGEE 0 0 0 1 0 0 44.01335080301001 -266.2779441859961 143.1 267.4922973421505 -35.78382144521899 337.9994 82.9001 -999.0 -999.0 -999.0 -999.0 -999.0 38.31169916172012 -24.059721609302947 38.268736020643416 -23.93901985472774 71.23534837696985 79.03485253574172 -999.0 16600.0 -999.0 2 157 {-999.0 -999.0 -999.0 -999.0 -999.0} "" -999.0 -999.0 -999.0 -999.0 -999 -999 "" "" "" "" 0 0 0.0 0.0 -999 ""
FIBERMAP 829 R-13C9 BOSS 1 1 0 1 0 0 43.633841578979215 -266.91700206950446 143.1 267.9923952434945 -36.333603036069064 337.9994 82.9001 38.313446044921875 -24.06136547078465 -999.0 -999.0 -999.0 38.31342158631176 -24.061344261421144 38.27037832835538 -23.94066981266673 71.23450433372963 79.04127088282007 5400.0 5400.0 2015.5 1 438 {-999.0 -999.0 -999.0 -999.0 -999.0} "" -999.0 -999.0 -999.0 -999.0 27021603163403517 822006258 "" ops_sky_boss_good ops_sky sky_boss 0 0 0.0 0.0 -999 ""
FIBERMAP 829 R-13C9 METROLOGY 0 0 0 1 0 0 43.25492841213878 -266.27987301250215 143.1 267.27234849845354 -36.50960623917783 337.9994 82.9001 -999.0 -999.0 -999.0 -999.0 -999.0 38.31109656693408 -24.061910044781833 38.26807632854673 -23.94122460660267 71.23667094990245 79.0406479249848 -999.0 6231.0 -999.0 -1 -999 {-999.0 -999.0 -999.0 -999.0 -999.0} "" -999.0 -999.0 -999.0 -999.0 -999 -999 "" "" "" "" 0 0 0.0 0.0 -999 ""
FIBERMAP 833 R0C10 APOGEE 0 0 0 1 0 0 -98.59142507555825 0.043594130403656804 143.1 -28.87378641551341 -94.26261274974206 136.4895 153.13719 -999.0 -999.0 -999.0 -999.0 -999.0 37.329922906061846 -24.24170804268161 37.2878378951894 -24.119391750856458 72.13873520893154 78.59552632012566 -999.0 16600.0 -999.0 2 -999 {-999.0 -999.0 -999.0 -999.0 -999.0} "" -999.0 -999.0 -999.0 -999.0 -999 -999 "" "" "" "" 0 0 0.0 0.0 -999 ""
FIBERMAP 833 R0C10 BOSS 1 1 0 1 0 0 -98.84302209328712 0.7299860338753928 143.1 -29.603707047872856 -94.30246691845102 136.4895 153.13719 37.32754216640823 -24.24185691905042 0.2682483 0.06860159 -0.14223364 37.327546245730524 -24.241859543202576 37.2853928310185 -24.119563192628174 72.14089001772815 78.59355314298722 5400.0 5400.0 2016.0 1 448 {-999.0 19.345224 19.035711 19.181581 -999.0} sdss_psfmag_ps1 19.17686 19.026005 18.65621 -999.0 63050395811943300 1117293036 bright_1x1 openfibertargets_bhm_quaia_boss open_fiber science 0 0 0.0 0.0 -999 ""
FIBERMAP 833 R0C10 METROLOGY 0 0 0 1 0 0 -98.10419654500659 0.6111384685945745 143.1 -29.273999978852842 -93.630740948637 136.4895 153.13719 -999.0 -999.0 -999.0 -999.0 -999.0 37.328617758614406 -24.23983725020864 37.286486938715655 -24.11753643510231 72.1392561852359 78.58846457557513 -999.0 6231.0 -999.0 -1 -999 {-999.0 -999.0 -999.0 -999.0 -999.0} "" -999.0 -999.0 -999.0 -999.0 -999 -999 "" "" "" "" 0 0 0.0 0.0 -999 ""
FIBERMAP 834 R+2C24 APOGEE 0 0 0 1 0 0 227.3139388221165 40.473774850402556 143.1 27.77380105897838 229.1989153788489 218.5302 63.776005 -999.0 -999.0 -999.0 -999.0 -999.0 37.51575531582337 -23.26129106773034 37.47526936822567 -23.139543590937308 71.62096136147971 75.86389377189977 -999.0 16600.0 -999.0 2 -999 {-999.0 -999.0 -999.0 -999.0 -999.0} "" -999.0 -999.0 -999.0 -999.0 -999 -999 "" "" "" "" 0 0 0.0 0.0 -999 ""
FIBERMAP 834 R+2C24 BOSS 1 1 0 1 0 0 227.16498494620782 41.227771211412154 143.1 27.009252493580952 229.27698117947764 218.5302 63.776005 37.51332210014745 -23.260977128415078 -0.76168215 -10.2646675 0.22568153 37.5133109330297 -23.260996932280985 37.47275704193123 -23.139273226565987 71.62298724351854 75.86026912679074 5400.0 5400.0 2016.0 1 193 {-999.0 17.03608 16.64811 16.49499 16.434782} sdss_psfmag_from_gaia 16.9785 16.6608 16.1711 15.291 63050395811957479 971496580 "" ops_std_boss_gdr2 ops_std standard_boss 0 0 0.0 0.0 -999 ""
FIBERMAP 834 R+2C24 METROLOGY 0 0 0 1 0 0 227.85521426214842 40.99002974366204 143.1 27.43843712014779 229.86746896521623 218.5302 63.776005 -999.0 -999.0 -999.0 -999.0 -999.0 37.51470379261316 -23.25918929792633 37.47417181199387 -23.137460502038735 71.62108637930672 75.85656321608548 -999.0 6231.0 -999.0 -1 -999 {-999.0 -999.0 -999.0 -999.0 -999.0} "" -999.0 -999.0 -999.0 -999.0 -999 -999 "" "" "" "" 0 0 0.0 0.0 -999 ""
FIBERMAP 836 R+9C2 APOGEE 0 0 0 1 0 0 -180.38667179092812 188.72009547483432 143.1 -233.21076737777395 -117.30048400181859 172.83813 69.576035 -999.0 -999.0 -999.0 -999.0 -999.0 36.65202316175569 -24.309572460643942 36.61066557485009 -24.18617961417806 72.74174351202043 78.0968360900568 -999.0 16600.0 -999.0 2 -999 {-999.0 -999.0 -999.0 -999.0 -999.0} "" -999.0 -999.0 -999.0 -999.0 -999 -999 "" "" "" "" 0 0 0.0 0.0 -999 ""
FIBERMAP 836 R+9C2 BOSS 1 1 0 1 0 0 -180.04283788783567 189.36378627435798 143.1 -233.7257282783808 -116.78346111256839 172.83813 69.576035 36.650390625 -24.30798920562364 -999.0 -999.0 -999.0 36.65038957017373 -24.307978992676365 36.608968492260885 -24.184607159228896 72.74265060413558 78.09005557894272 5400.0 5400.0 2015.5 1 19 {-999.0 -999.0 -999.0 -999.0 -999.0} "" -999.0 -999.0 -999.0 -999.0 27021603163415696 814338613 "" ops_sky_boss_good ops_sky sky_boss 0 0 0.0 0.0 -999 ""
FIBERMAP 836 R+9C2 METROLOGY 0 0 0 1 0 0 -179.63905513791332 188.74391892821558 143.1 -233.01491470656228 -116.5786290298943 172.83813 69.576035 -999.0 -999.0 -999.0 -999.0 -999.0 36.65266708106899 -24.3074035123221 36.6112635920818 -24.18402882024077 72.74048628215942 78.09067356833208 -999.0 6231.0 -999.0 -1 -999 {-999.0 -999.0 -999.0 -999.0 -999.0} "" -999.0 -999.0 -999.0 -999.0 -999 -999 "" "" "" "" 0 0 0.0 0.0 -999 ""
FIBERMAP 843 R+7C18 APOGEE 0 0 0 1 0 0 186.0402704183972 130.20094924873592 143.1 -70.09544419543937 215.97193264787836 22.793139 70.11177 -999.0 -999.0 -999.0 -999.0 -999.0 37.19318611841461 -23.30163678133083 37.15301621559547 -23.179369893992828 71.90951998954294 75.6141999272316 -999.0 16600.0 -999.0 2 119 {-999.0 -999.0 -999.0 -999.0 -999.0} "" -999.0 -999.0 -999.0 -999.0 -999 -999 "" "" "" "" 0 0 0.0 0.0 -999 ""
FIBERMAP 843 R+7C18 BOSS 1 1 0 1 0 0 186.07379596924582 129.44204692964828 143.1 -69.35996032933602 215.78205695979702 22.793139 70.11177 37.19556864572934 -23.302023434654263 35.4472 -43.42628 5.6437674 37.195665942399835 -23.30214008947133 37.155421878978984 -23.179904164748766 71.90768976978613 75.61855184356136 5400.0 5400.0 2016.0 1 204 {-999.0 19.505255 18.09461 16.678907 -999.0} sdss_psfmag_ps1 18.979822 17.41072 16.196112 13.952 63050395811957873 940018887 bright_1x1 openfibertargets_nov2020_34a open_fiber science 0 0 0.0 0.0 -999 ""
FIBERMAP 843 R+7C18 METROLOGY 0 0 0 1 0 0 185.41426472342317 129.7915410335568 143.1 -69.88702801528153 215.25360433494552 22.793139 70.11177 -999.0 -999.0 -999.0 -999.0 -999.0 37.19389407449117 -23.3037081295975 37.15366918029463 -23.181461265919932 71.9097792785924 75.62115705697306 -999.0 6231.0 -999.0 -1 -999 {-999.0 -999.0 -999.0 -999.0 -999.0} "" -999.0 -999.0 -999.0 -999.0 -999 -999 "" "" "" "" 0 0 0.0 0.0 -999 ""
FIBERMAP 844 R-3C20 APOGEE 0 0 0 1 0 0 176.2252099915642 -45.117447171519146 143.1 94.67767237404962 155.3163936112445 75.21562 98.84634 -999.0 -999.0 -999.0 -999.0 -999.0 37.73756657961515 -23.48379583268625 37.6963973762426 -23.362337261252677 71.51786862611695 76.760137375998 -999.0 16600.0 -999.0 2 214 {-999.0 -999.0 -999.0 -999.0 -999.0} "" -999.0 -999.0 -999.0 -999.0 -999 -999 "" "" "" "" 0 0 0.0 0.0 -999 ""
FIBERMAP 844 R-3C20 BOSS 1 1 0 1 0 0 176.98903278496826 -45.16034911659277 143.1 94.94206871548944 156.03423207092348 75.21562 98.84634 37.73853422760783 -23.48149241795708 -3.9529705 -17.076351 0.8811663 37.73853336500059 -23.48154445784746 37.697294795823325 -23.360114903771233 71.51627253250132 76.75461041988473 5400.0 5400.0 2016.0 1 306 {-999.0 18.570211 17.578438 17.322498 -999.0} sdss_psfmag_ps1 18.228142 17.681324 16.976587 15.572 63050395811957189 940018869 bright_1x1 openfibertargets_nov2020_34a open_fiber science 0 0 0.0 0.0 -999 ""
FIBERMAP 844 R-3C20 METROLOGY 0 0 0 1 0 0 176.5763166875438 -45.773517410073445 143.1 95.4076993761716 155.46026847112032 75.21562 98.84634 -999.0 -999.0 -999.0 -999.0 -999.0 37.74007463146763 -23.483263659666438 37.698851484909085 -23.361828459294685 71.5155890822551 76.76130991426737 -999.0 6231.0 -999.0 -1 -999 {-999.0 -999.0 -999.0 -999.0 -999.0} "" -999.0 -999.0 -999.0 -999.0 -999 -999 "" "" "" "" 0 0 0.0 0.0 -999 ""
FIBERMAP 845 R+9C16 APOGEE 0 0 0 1 0 0 134.441203632061 186.66381644220678 143.1 -139.17616492956958 183.14374708869477 156.35606 91.281425 -999.0 -999.0 -999.0 -999.0 -999.0 36.96529734998179 -23.40094134634695 36.92522225280328 -23.278290025001784 72.1408252738031 75.64682620534859 -999.0 16600.0 -999.0 2 76 {-999.0 -999.0 -999.0 -999.0 -999.0} "" -999.0 -999.0 -999.0 -999.0 -999 -999 "" "" "" "" 0 0 0.0 0.0 -999 ""
FIBERMAP 845 R+9C16 BOSS 1 1 0 1 0 0 134.78409002218004 187.3288222384446 143.1 -139.71178480540658 183.6660973074122 156.35606 91.281425 36.96357039985824 -23.399293037073505 0.20280609 1.1611431 0.7556732 36.96358801109644 -23.399313269510486 36.92344862058587 -23.276686454901512 72.14170790006654 75.63994988967397 5400.0 5400.0 2016.0 1 235 {-999.0 20.120253 19.910248 19.885727 -999.0} sdss_psfmag_ps1 20.310045 20.134867 19.673378 -999.0 63050395811957786 1117293162 bright_1x1 openfibertargets_bhm_quaia_boss open_fiber science 0 0 0.0 0.0 -999 ""
FIBERMAP 845 R+9C16 METROLOGY 0 0 0 1 0 0 135.18061161887238 186.68766585662283 143.1 -138.9827376272628 183.85776033948147 156.35606 91.281425 -999.0 -999.0 -999.0 -999.0 -999.0 36.96594660830152 -23.39870968323202 36.92582509791134 -23.27607914920334 72.13945981611735 75.64087597914005 -999.0 6231.0 -999.0 -1 -999 {-999.0 -999.0 -999.0 -999.0 -999.0} "" -999.0 -999.0 -999.0 -999.0 -999 -999 "" "" "" "" 0 0 0.0 0.0 -999 ""
FIBERMAP 850 R+3C23 APOGEE 0 0 0 1 0 0 218.13727839926955 49.15245498057099 143.1 16.79142502861687 222.9619794791069 253.05852 62.124195 -999.0 -999.0 -999.0 -999.0 -999.0 37.47961399050842 -23.280117984733476 37.439136846663985 -23.15830807173952 71.65885540743264 75.87806961112597 -999.0 16600.0 -999.0 2 -999 {-999.0 -999.0 -999.0 -999.0 -999.0} "" -999.0 -999.0 -999.0 -999.0 -999 -999 "" "" "" "" 0 0 0.0 0.0 -999 ""
FIBERMAP 850 R+3C23 BOSS 1 1 0 1 0 0 217.56501095881208 49.79454459472464 143.1 16.01009031451848 222.60253719159869 253.05852 62.124195 37.47711181640625 -23.281150594285975 -999.0 -999.0 -999.0 37.47711557095776 -23.28113517564044 37.43656825523283 -23.159348484215542 71.66143560287613 75.87822035498891 5400.0 5400.0 2015.5 1 194 {-999.0 -999.0 -999.0 -999.0 -999.0} "" -999.0 -999.0 -999.0 -999.0 27021603163418384 814339064 "" ops_sky_boss_good ops_sky sky_boss 0 0 0.0 0.0 -999 ""
FIBERMAP 850 R+3C23 METROLOGY 0 0 0 1 0 0 218.31545863432044 49.878919033799576 143.1 16.148870661934087 223.34480679679655 253.05852 62.124195 -999.0 -999.0 -999.0 -999.0 -999.0 37.47754944486519 -23.27887320262737 37.43702600281932 -23.157080060656316 71.66017109085819 75.87208723675911 -999.0 6231.0 -999.0 -1 -999 {-999.0 -999.0 -999.0 -999.0 -999.0} "" -999.0 -999.0 -999.0 -999.0 -999 -999 "" "" "" "" 0 0 0.0 0.0 -999 ""
FIBERMAP 853 R+1C21 APOGEE 0 0 0 1 0 0 160.42598893129588 -1.1160499489972935 143.1 47.98220818103445 153.07659883040594 322.1564 24.230547 -999.0 -999.0 -999.0 -999.0 -999.0 37.583316712666424 -23.490862667505834 37.54232207416152 -23.369157353343727 71.6515417638244 76.61222617223353 -999.0 16600.0 -999.0 2 -999 {-999.0 -999.0 -999.0 -999.0 -999.0} "" -999.0 -999.0 -999.0 -999.0 -999 -999 "" "" "" "" 0 0 0.0 0.0 -999 ""
FIBERMAP 853 R+1C21 BOSS 1 1 0 1 0 0 159.69005579823516 -0.9265527156142568 143.1 47.58579015228207 152.42829946016528 322.1564 24.230547 37.58213225290429 -23.492732927942676 -6.428169 -4.488355 1.2217991 37.582107008076164 -23.492736142799387 37.54103855528416 -23.371055096632116 71.6533465949473 76.61640730343049 5400.0 5400.0 2016.0 1 243 {-999.0 14.281284 13.935384 13.825678 -999.0} sdss_psfmag_from_g3xp 14.227105 13.9424715 13.494487 12.73 63050395811957217 979197178 "" ops_std_boss ops_std standard_boss 0 0 0.0 0.0 -999 ""
FIBERMAP 853 R+1C21 METROLOGY 0 0 0 1 0 0 160.21218899325234 -0.3992600193186675 143.1 47.23427365245952 153.08177669463552 322.1564 24.230547 -999.0 -999.0 -999.0 -999.0 -999.0 37.58092247462678 -23.49075119317134 37.539879514264726 -23.36906126561463 71.65358358611309 76.60926706157835 -999.0 6231.0 -999.0 -1 -999 {-999.0 -999.0 -999.0 -999.0 -999.0} "" -999.0 -999.0 -999.0 -999.0 -999 -999 "" "" "" "" 0 0 0.0 0.0 -999 ""
FIBERMAP 855 R+8C7 APOGEE 0 0 0 1 0 0 -57.74960617682538 151.4758145755921 143.1 -161.73292572012525 -10.923861296798007 314.1659 139.07916 -999.0 -999.0 -999.0 -999.0 -999.0 36.88871432175261 -23.988481713298533 36.84765250049668 -23.865545990724996 72.42598748575165 77.35005085503752 -999.0 16600.0 -999.0 2 -999 {-999.0 -999.0 -999.0 -999.0 -999.0} "" -999.0 -999.0 -999.0 -999.0 -999 -999 "" "" "" "" 0 0 0.0 0.0 -999 ""
FIBERMAP 855 R+8C7 BOSS 1 1 0 1 0 0 -57.69346400623834 150.7258578116888 143.1 -160.99938178733606 -11.089494418689279 314.1659 139.07916 36.89116367018173 -23.988973202552696 -1.1195971 0.43002093 0.73098224 36.89113847747639 -23.988968893476606 36.850003428564605 -23.866061242578247 72.42416689089606 77.35420452402002 5400.0 5400.0 2016.0 1 108 {-999.0 21.062294 20.101843 20.121801 -999.0} sdss_psfmag_ps1 20.817757 20.432442 19.85184 -999.0 63050395811955263 1117293197 bright_1x1 openfibertargets_bhm_quaia_boss open_fiber science 0 0 0.0 0.0 -999 ""
FIBERMAP 855 R+8C7 METROLOGY 0 0 0 1 0 0 -58.36659995924371 151.05294711496973 143.1 -161.50900405763974 -11.63750823918779 314.1659 139.07916 -999.0 -999.0 -999.0 -999.0 -999.0 36.88940781797063 -23.990635802990912 36.848291492667556 -23.86771806128583 72.42622361608642 77.3574592994895 -999.0 6231.0 -999.0 -1 -999 {-999.0 -999.0 -999.0 -999.0 -999.0} "" -999.0 -999.0 -999.0 -999.0 -999 -999 "" "" "" "" 0 0 0.0 0.0 -999 ""
FIBERMAP 861 R+12C6 APOGEE 0 0 0 1 0 0 -36.11292495638343 244.48490232567798 143.1 -244.3428929191286 36.965225651369444 63.764175 106.08104 -999.0 -999.0 -999.0 -999.0 -999.0 36.616798433992564 -23.84272661148874 36.57634319115169 -23.71941002940984 72.60383691229434 76.59580604425275 -999.0 16600.0 -999.0 2 -999 {-999.0 -999.0 -999.0 -999.0 -999.0} "" -999.0 -999.0 -999.0 -999.0 -999 -999 "" "" "" "" 0 0 0.0 0.0 -999 ""
FIBERMAP 861 R+12C6 BOSS 1 1 0 1 0 0 -35.390706436824395 244.3572198296592 143.1 -244.00959425212193 37.61848791354926 63.764175 106.08104 36.61795805298335 -23.84072223108668 -0.23459965 0.548193 -0.7138583 36.61795022836679 -23.84072464259899 36.577429028159486 -23.717435249398427 72.6021830838238 76.5908986326566 5400.0 5400.0 2016.0 1 163 {-999.0 21.02246 21.009409 20.909693 -999.0} sdss_psfmag_ps1 20.643402 20.466158 20.438618 -999.0 63050395811956064 1117293206 bright_1x1 openfibertargets_bhm_quaia_boss open_fiber science 0 0 0.0 0.0 -999 ""
FIBERMAP 861 R+12C6 METROLOGY 0 0 0 1 0 0 -35.85087582546362 243.78431081146996 143.1 -243.59633767769162 37.01092183059227 63.764175 106.08104 -999.0 -999.0 -999.0 -999.0 -999.0 36.61923211326858 -23.8425671657238 36.578725267415905 -23.719272191299417 72.60175960215489 76.59807420315929 -999.0 6231.0 -999.0 -1 -999 {-999.0 -999.0 -999.0 -999.0 -999.0} "" -999.0 -999.0 -999.0 -999.0 -999 -999 "" "" "" "" 0 0 0.0 0.0 -999 ""
FIBERMAP 862 R+6C19 APOGEE 0 0 0 1 0 0 185.09939617999441 98.37074833541222 143.1 -39.933832145030244 205.76381549474112 330.78958 66.264084 -999.0 -999.0 -999.0 -999.0 -999.0 37.292597755267636 -23.332227837125153 37.25225083720318 -23.21010845688481 71.8373270555369 75.81882714348296 -999.0 16600.0 -999.0 2 118 {-999.0 -999.0 -999.0 -999.0 -999.0} "" -999.0 -999.0 -999.0 -999.0 -999 -999 "" "" "" "" 0 0 0.0 0.0 -999 ""
FIBERMAP 862 R+6C19 BOSS 1 1 0 1 0 0 184.4972944154597 97.88685690183327 143.1 -39.64720294726953 205.0465627725809 330.78958 66.264084 37.29347942106575 -23.334430446808348 38.35833 43.571995 4.6092367 37.293602976668936 -23.334311424319967 37.25318037533498 -23.212220185214957 71.83735397206308 75.82613453198007 5400.0 5400.0 2016.0 1 203 {-999.0 17.141376 15.82464 14.892651 -999.0} sdss_psfmag_ps1 16.570917 15.487392 14.449732 12.507 63050395811957499 940018876 bright_1x1 openfibertargets_nov2020_34a open_fiber science 0 0 0.0 0.0 -999 ""
FIBERMAP 862 R+6C19 METROLOGY 0 0 0 1 0 0 184.39408318087754 98.64054046461992 143.1 -40.398075418561525 205.16827725168815 330.78958 66.264084 -999.0 -999.0 -999.0 -999.0 -999.0 37.2910994375723 -23.333926382432153 37.25070060488713 -23.211823621691096 71.83930341623699 75.82213910468477 -999.0 6231.0 -999.0 -1 -999 {-999.0 -999.0 -999.0 -999.0 -999.0} "" -999.0 -999.0 -999.0 -999.0 -999 -999 "" "" "" "" 0 0 0.0 0.0 -999 ""
FIBERMAP 863 R+9C12 APOGEE 1 1 0 1 0 0 46.24598022123219 188.30367764529308 143.1 -166.536070415308 99.28903139131438 151.60187 88.12135 36.87392158698344 -23.654392539371315 5.1417427 -1.7377698 1.4101617 36.873937764762196 -23.654417998158397 36.833509566809994 -23.531553052766274 72.31518048136881 76.30881526488054 16000.0 16600.0 2016.0 2 144 {-999.0 12.923771 12.207799 11.962192 -999.0} sdss_psfmag_from_g3xp 12.73143 12.253878 11.61822 10.352 63050395811956185 1104555342 bright_1x1 mwm_tess_rgb_apogee mwm_tessrgb science 0 0 0.0 0.0 -999 ""
FIBERMAP 863 R+9C12 BOSS 0 0 0 1 0 0 46.656706383262794 188.9802894880567 143.1 -167.06294917694817 99.87964561690016 151.60187 88.12135 -999.0 -999.0 -999.0 -999.0 -999.0 36.87222358706707 -23.652574409750766 36.83173178411448 -23.52973301664486 72.31600686030743 76.30124643207546 -999.0 5400.0 -999.0 1 146 {-999.0 -999.0 -999.0 -999.0 -999.0} "" -999.0 -999.0 -999.0 -999.0 -999 -999 "" "" "" "" 0 0 0.0 0.0 -999 ""
FIBERMAP 863 R+9C12 METROLOGY 0 0 0 1 0 0 46.99657061904213 188.31508679322872 143.1 -166.3274772604159 100.0100994830457 151.60187 88.12135 -999.0 -999.0 -999.0 -999.0 -999.0 36.87460617087864 -23.652173272739613 36.834131745844275 -23.529328417953078 72.31381573493437 76.30273503327533 -999.0 6231.0 -999.0 -1 -999 {-999.0 -999.0 -999.0 -999.0 -999.0} "" -999.0 -999.0 -999.0 -999.0 -999 -999 "" "" "" "" 0 0 0.0 0.0 -999 ""
FIBERMAP 864 R-6C5 APOGEE 0 0 0 1 0 0 -117.60655438510476 -104.07620794373149 143.1 65.12714563152629 -142.89413222156148 93.36698 46.94943 -999.0 -999.0 -999.0 -999.0 -999.0 37.64321007699858 -24.388336335284908 37.600455124088796 -24.266473770567313 71.920175563906 79.35692325953346 -999.0 16600.0 -999.0 2 294 {-999.0 -999.0 -999.0 -999.0 -999.0} "" -999.0 -999.0 -999.0 -999.0 -999 -999 "" "" "" "" 0 0 0.0 0.0 -999 ""
FIBERMAP 864 R-6C5 BOSS 1 1 0 1 0 0 -117.07553618874577 -104.61691484437993 143.1 65.79947295162084 -142.54448501297125 93.36698 46.94943 37.64551810620815 -24.387268617041197 11.27054 -9.844592 1.3499755 37.64554830921387 -24.387305717367713 37.60271996378299 -24.26547050351767 71.91789443092641 79.35609481024778 5400.0 5400.0 2016.0 1 485 {-999.0 13.788686 13.441071 13.334771 -999.0} sdss_psfmag_from_g3xp 13.735097 13.451876 13.005419 12.24 63050395811942509 979197127 "" ops_std_boss ops_std standard_boss 0 0 0.0 0.0 -999 ""
FIBERMAP 864 R-6C5 METROLOGY 0 0 0 1 0 0 -117.80718129961548 -104.79037802610732 143.1 65.75137991137498 -143.29482831244053 93.36698 46.94943 -999.0 -999.0 -999.0 -999.0 -999.0 37.645381527130354 -24.3896001522441 37.6025695633798 -24.267757406432157 71.91878639996504 79.36289387601789 -999.0 6231.0 -999.0 -1 -999 {-999.0 -999.0 -999.0 -999.0 -999.0} "" -999.0 -999.0 -999.0 -999.0 -999 -999 "" "" "" "" 0 0 0.0 0.0 -999 ""
FIBERMAP 867 R-6C9 APOGEE 0 0 0 1 0 0 -32.488356203240215 -107.3698730183037 143.1 93.16860994809566 -62.46537679520942 51.37449 100.94964 -999.0 -999.0 -999.0 -999.0 -999.0 37.735761121566874 -24.144229430772857 37.6933522219191 -24.02258221314998 71.7577691915971 78.71290048089531 -999.0 16600.0 -999.0 2 -999 {-999.0 -999.0 -999.0 -999.0 -999.0} "" -999.0 -999.0 -999.0 -999.0 -999 -999 "" "" "" "" 0 0 0.0 0.0 -999 ""
FIBERMAP 867 R-6C9 BOSS 1 1 0 1 0 0 -31.82044421820784 -107.70768112022911 143.1 93.6869540787932 -61.92549285974112 51.37449 100.94964 37.73758636330856 -24.142575103904864 7.812212 -5.9442635 0.104442336 37.73760522766267 -24.142592709710126 37.6951244646026 -24.02097321791827 71.75569549766485 78.70985491615602 5400.0 5400.0 2016.0 1 371 {-999.0 16.137741 15.491543 15.315138 -999.0} sdss_psfmag_ps1 15.899082 15.528376 14.967612 13.886 63050395811944650 1076074558 bright_1x1 mwm_halo_mp_xp_boss_single mwm_halo science 0 0 0.0 0.0 -999 ""
FIBERMAP 867 R-6C9 METROLOGY 0 0 0 1 0 0 -32.447328264384524 -108.11674310408122 143.1 93.89478231944425 -62.644559820082144 51.37449 100.94964 -999.0 -999.0 -999.0 -999.0 -999.0 37.738293193104255 -24.144784659694462 37.69582801693019 -24.023158743945242 71.75584443911357 78.71711585526646 -999.0 6231.0 -999.0 -1 -999 {-999.0 -999.0 -999.0 -999.0 -999.0} "" -999.0 -999.0 -999.0 -999.0 -999 -999 "" "" "" "" 0 0 0.0 0.0 -999 ""
FIBERMAP 873 R+3C16 APOGEE 1 1 0 1 0 0 62.338233166161366 71.94534709425096 143.1 -50.565567739519864 80.6489504537206 200.88675 40.605175 37.25738525390625 -23.710774128938382 -999.0 -999.0 -999.0 37.25739645118618 -23.71078310523349 37.21639194549505 -23.58850181002922 72.01066673324632 76.90807443576296 16000.0 16600.0 2015.5 2 71 {-999.0 -999.0 -999.0 -999.0 -999.0} "" -999.0 -999.0 -999.0 -999.0 27021603163417650 844118848 "" ops_sky_apogee_best ops_sky sky_apogee 0 0 0.0 0.0 -999 ""
FIBERMAP 873 R+3C16 BOSS 0 0 0 1 0 0 62.76959884070406 72.56278598975966 143.1 -51.02982815998087 81.24199609894156 200.88675 40.605175 -999.0 -999.0 -999.0 -999.0 -999.0 37.255896589419 -23.70891379071404 37.21482678775419 -23.58665636823669 72.01131870984032 76.9008065943857 -999.0 5400.0 -999.0 1 228 {-999.0 -999.0 -999.0 -999.0 -999.0} "" -999.0 -999.0 -999.0 -999.0 -999 -999 "" "" "" "" 0 0 0.0 0.0 -999 ""
FIBERMAP 873 R+3C16 METROLOGY 0 0 0 1 0 0 63.08413356609388 71.89406513715178 143.1 -50.29839946929815 81.34720046063671 200.88675 40.605175 -999.0 -999.0 -999.0 -999.0 -999.0 37.258296195001115 -23.708591940071603 37.217244040582955 -23.586331095355295 72.00913978681825 76.90247554206371 -999.0 6231.0 -999.0 -1 -999 {-999.0 -999.0 -999.0 -999.0 -999.0} "" -999.0 -999.0 -999.0 -999.0 -999 -999 "" "" "" "" 0 0 0.0 0.0 -999 ""
FIBERMAP 874 R+8C3 APOGEE 0 0 1 1 0 0 -154.03221070703702 162.8953534908376 143.1 -200.8094570386944 -99.65194326197239 10.349079 169.83391 -999.0 -999.0 -999.0 -999.0 -999.0 36.75905423472048 -24.25683287375337 36.71765898436922 -24.133620553502407 72.63194412898523 78.0451586116161 -999.0 16600.0 -999.0 2 16 {-999.0 -999.0 -999.0 -999.0 -999.0} "" -999.0 -999.0 -999.0 -999.0 -999 -999 "" "" "" "" 0 0 0.0 0.0 -999 ""
FIBERMAP 874 R+8C3 BOSS 1 0 1 1 0 0 -153.28989328743478 162.819525899586 143.1 -200.5198654828801 -98.96429751359983 10.349079 169.83391 36.83824739022098 -24.23552322782987 -21.277285 -48.509407 3.3553445 36.76004158054412 -24.254752176583988 36.71858003233052 -24.131565325748138 72.63044064246166 78.03968490531724 5400.0 5400.0 2016.0 1 25 {-999.0 20.064415 18.578999 17.174078 -999.0} sdss_psfmag_ps1 19.595346 17.894041 16.672667 14.398 63050395811954639 940018795 bright_1x1 openfibertargets_nov2020_34a open_fiber science 0 0 0.0 0.0 -999 ""
FIBERMAP 874 R+8C3 METROLOGY 0 0 1 1 0 0 -153.72586607483498 162.21133927505193 143.1 -200.06579959943198 -99.55904284843423 10.349079 169.83391 -999.0 -999.0 -999.0 -999.0 -999.0 36.76148750402887 -24.256580786874864 36.72004027242116 -24.133389043930386 72.62982630007511 78.04696559673891 -999.0 6231.0 -999.0 -1 -999 {-999.0 -999.0 -999.0 -999.0 -999.0} "" -999.0 -999.0 -999.0 -999.0 -999 -999 "" "" "" "" 0 0 0.0 0.0 -999 ""
FIBERMAP 876 R+5C22 APOGEE 0 0 0 1 0 0 244.76454033407367 112.01458939899943 143.1 -35.531893561737974 266.8069906479865 91.173874 79.11737 -999.0 -999.0 -999.0 -999.0 -999.0 37.30714065975429 -23.1486432616055 37.267114601757214 -23.026598555709153 71.75316019212181 75.29502530902244 -999.0 16600.0 -999.0 2 87 {-999.0 -999.0 -999.0 -999.0 -999.0} "" -999.0 -999.0 -999.0 -999.0 -999 -999 "" "" "" "" 0 0 0.0 0.0 -999 ""
FIBERMAP 876 R+5C22 BOSS 1 1 0 1 0 0 245.49551928842234 111.91737108887313 143.1 -35.225163537951914 267.47753879107 91.173874 79.11737 37.307870007273614 -23.14656397041473 33.103672 -19.082066 2.251274 37.30822137485617 -23.14660831226442 37.26812715525273 -23.024593751460234 71.75151358053755 75.29031398178182 5400.0 5400.0 2016.0 1 260 {-999.0 13.412198 12.914724 12.764795 -999.0} sdss_psfmag_from_g3xp 13.309699 12.949949 12.429915 11.494 63050395811958325 1078396401 bright_flexible_2x1 mwm_snc_ext_filler_boss mwm_snc science 0 0 0.7985731363296509 0.0 -999 ""
FIBERMAP 876 R+5C22 METROLOGY 0 0 0 1 0 0 245.0262270338911 111.31217690533573 143.1 -34.7837030477997 266.8518077346698 91.173874 79.11737 -999.0 -999.0 -999.0 -999.0 -999.0 37.30964535975839 -23.148438434884053 37.269566058801615 -23.0264176950521 71.75101536278675 75.29733389016985 -999.0 6231.0 -999.0 -1 -999 {-999.0 -999.0 -999.0 -999.0 -999.0} "" -999.0 -999.0 -999.0 -999.0 -999 -999 "" "" "" "" 0 0 0.0 0.0 -999 ""
FIBERMAP 878 R-3C23 APOGEE 0 0 0 1 0 0 225.17398966164745 -49.61040811845387 143.1 113.2885369718673 200.8084066223088 142.24965 115.648094 -999.0 -999.0 -999.0 -999.0 -999.0 37.797991285669475 -23.346379196188547 37.75700571465461 -23.225055525035092 71.41453311769871 76.42620023712567 -999.0 16600.0 -999.0 2 -999 {-999.0 -999.0 -999.0 -999.0 -999.0} "" -999.0 -999.0 -999.0 -999.0 -999 -999 "" "" "" "" 0 0 0.0 0.0 -999 ""
FIBERMAP 878 R-3C23 BOSS 1 1 0 1 0 0 225.3308591086826 -48.87201096053104 143.1 112.62833976714757 201.17434580023573 142.24965 115.648094 37.7958830693497 -23.345222070307596 0.54690593 -0.043149885 -0.7350024 37.79590041742046 -23.345220986096017 37.754846967418246 -23.22392171065893 71.41593735873687 76.42054443215625 5400.0 5400.0 2016.0 1 279 {-999.0 19.837032 19.707342 19.51257 -999.0} sdss_psfmag_ps1 19.821337 19.772076 19.012047 -999.0 63050395811957305 1117293316 bright_1x1 openfibertargets_bhm_quaia_boss open_fiber science 0 0 0.0 0.0 -999 ""
FIBERMAP 878 R-3C23 METROLOGY 0 0 0 1 0 0 225.88650361811065 -49.38276348609622 143.1 113.27922575806969 201.55630111393862 142.24965 115.648094 -999.0 -999.0 -999.0 -999.0 -999.0 37.79803386860572 -23.3440424968053 37.75700060125263 -23.22273919062814 71.41365732504977 76.41947223114062 -999.0 6231.0 -999.0 -1 -999 {-999.0 -999.0 -999.0 -999.0 -999.0} "" -999.0 -999.0 -999.0 -999.0 -999 -999 "" "" "" "" 0 0 0.0 0.0 -999 ""
FIBERMAP 879 R0C22 APOGEE 0 0 0 1 0 0 166.09516566298302 -8.816948292521188 143.1 57.00387764657024 156.24554185446797 234.84328 95.71157 -999.0 -999.0 -999.0 -999.0 -999.0 37.6130969113315 -23.481225478286554 37.572083973703 -23.35957006116095 71.62261997091873 76.6166115110513 -999.0 16600.0 -999.0 2 -999 {-999.0 -999.0 -999.0 -999.0 -999.0} "" -999.0 -999.0 -999.0 -999.0 -999 -999 "" "" "" "" 0 0 0.0 0.0 -999 ""
FIBERMAP 879 R0C22 BOSS 1 1 0 1 0 0 165.43355063438835 -8.41387840978503 143.1 56.42497020129875 155.7307643831722 234.84328 95.71157 37.61127241903249 -23.482750164045644 9.918226 18.85104 1.8150901 37.6112864542272 -23.48269730818769 37.57020107016041 -23.36106537381904 71.62478376461573 76.61894651385103 5400.0 5400.0 2016.0 1 255 {-999.0 15.611367 14.845875 14.5886 -999.0} sdss_psfmag_from_g3xp 15.389126 14.897853 14.243388 12.955 63050395811957224 1095982474 bright_1x1 mwm_bin_vis_boss mwm_filler science 0 0 0.0 0.0 -999 ""
FIBERMAP 879 R0C22 METROLOGY 0 0 0 1 0 0 166.0977968457405 -8.068956786103234 143.1 56.289400631633264 156.46680067223426 234.84328 95.71157 -999.0 -999.0 -999.0 -999.0 -999.0 37.61081541852084 -23.480461110721603 37.56975515707131 -23.35882148061069 71.62431980714925 76.6118623025888 -999.0 6231.0 -999.0 -1 -999 {-999.0 -999.0 -999.0 -999.0 -999.0} "" -999.0 -999.0 -999.0 -999.0 -999 -999 "" "" "" "" 0 0 0.0 0.0 -999 ""
FIBERMAP 881 R+5C5 APOGEE 0 0 1 1 0 0 -144.73286817397076 104.69552505837979 143.1 -142.43795630599772 -107.77967278944162 9.176441 171.81436 -999.0 -999.0 -999.0 -999.0 -999.0 36.95238720624952 -24.282210233642164 36.91070123127844 -24.159291400374418 72.4756024203459 78.32907864466802 -999.0 16600.0 -999.0 2 27 {-999.0 -999.0 -999.0 -999.0 -999.0} "" -999.0 -999.0 -999.0 -999.0 -999 -999 "" "" "" "" 0 0 0.0 0.0 -999 ""
FIBERMAP 881 R+5C5 BOSS 1 0 1 1 0 0 -143.9898135871796 104.68209879129671 143.1 -142.20781873724616 -107.07307348638567 9.176441 171.81436 36.92300586175545 -24.269257122179436 0.11768346 -0.03391086 -0.27790838 36.9531649528359 -24.280087667516742 36.91141228316002 -24.15719400740954 72.47426986256004 78.32328439930347 5400.0 5400.0 2016.0 1 43 {-999.0 19.437836 19.183805 18.98953 -999.0} sdss_psfmag_ps1 19.420832 19.341887 18.649364 -999.0 63050395811954972 1117293181 bright_1x1 openfibertargets_bhm_quaia_boss open_fiber science 0 0 0.0 0.0 -999 ""
FIBERMAP 881 R+5C5 METROLOGY 0 0 1 1 0 0 -144.38204763179434 104.03532237958807 143.1 -141.70406145348815 -107.63728004818043 9.176441 171.81436 -999.0 -999.0 -999.0 -999.0 -999.0 36.95479718206626 -24.281821697990473 36.913058968169935 -24.158923470603977 72.47345631763284 78.33039613674907 -999.0 6231.0 -999.0 -1 -999 {-999.0 -999.0 -999.0 -999.0 -999.0} "" -999.0 -999.0 -999.0 -999.0 -999 -999 "" "" "" "" 0 0 0.0 0.0 -999 ""
FIBERMAP 882 R-1C8 APOGEE 0 0 0 1 0 0 -115.95082518949665 -26.840033646161643 143.1 -8.24363778851611 -118.7239204320782 290.99484 138.61787 -999.0 -999.0 -999.0 -999.0 -999.0 37.39873648161337 -24.315788112400174 37.3564259317335 -24.193559426429964 72.10521883186341 78.89218413148296 -999.0 16600.0 -999.0 2 -999 {-999.0 -999.0 -999.0 -999.0 -999.0} "" -999.0 -999.0 -999.0 -999.0 -999 -999 "" "" "" "" 0 0 0.0 0.0 -999 ""
FIBERMAP 882 R-1C8 BOSS 1 1 0 1 0 0 -116.20831408333014 -27.55169834877848 143.1 -7.638427941022175 -119.17825656606006 290.99484 138.61787 37.40061583722786 -24.317155870874334 6.667573 -18.95101 2.5394902 37.40082170318365 -24.31720014948914 37.35843445789169 -24.194997833721782 72.1039830737058 78.89860974323773 5400.0 5400.0 2016.0 1 459 {-999.0 13.989691 13.3793955 13.182419 -999.0} sdss_psfmag_from_g3xp 13.84029 13.424657 12.844702 11.747 63050395811943284 1079930387 bright_flexible_2x1 mwm_snc_ext_filler_boss mwm_snc science 0 0 0.6469056606292725 0.0 -999 ""
FIBERMAP 882 R-1C8 METROLOGY 0 0 0 1 0 0 -116.6874991412559 -26.96968589487146 143.1 -8.335094474114205 -119.4662603434207 290.99484 138.61787 -999.0 -999.0 -999.0 -999.0 -999.0 37.39848160877211 -24.31809467301165 37.35611586877684 -24.195881761515494 72.10627240839209 78.89898235164799 -999.0 6231.0 -999.0 -1 -999 {-999.0 -999.0 -999.0 -999.0 -999.0} "" -999.0 -999.0 -999.0 -999.0 -999 -999 "" "" "" "" 0 0 0.0 0.0 -999 ""
FIBERMAP 883 R+4C1 APOGEE 1 1 0 1 0 0 -228.14177244505183 65.82709573370177 143.1 -129.66320137065628 -198.9038558367476 38.64791 25.791296 36.995086669921875 -24.557656578960504 -999.0 -999.0 -999.0 36.99508186991498 -24.55765422575583 36.952828291908816 -24.434724954681446 72.5325702372883 79.23449498981086 16000.0 16600.0 2015.5 2 2 {-999.0 -999.0 -999.0 -999.0 -999.0} "" -999.0 -999.0 -999.0 -999.0 27021603163401745 836447606 "" ops_sky_apogee_best ops_sky sky_apogee 0 0 0.0 0.0 -999 ""
FIBERMAP 883 R+4C1 BOSS 0 0 0 1 0 0 -228.43668119260087 65.14404236338609 143.1 -129.09629340065203 -199.38560658023513 38.64791 25.791296 -999.0 -999.0 -999.0 -999.0 -999.0 36.99701983961347 -24.559115840542077 36.95469111631877 -24.436211519872597 72.53146195493065 79.24103839136296 -999.0 5400.0 -999.0 1 2 {-999.0 -999.0 -999.0 -999.0 -999.0} "" -999.0 -999.0 -999.0 -999.0 -999 -999 "" "" "" "" 0 0 0.0 0.0 -999 ""
FIBERMAP 883 R+4C1 METROLOGY 0 0 0 1 0 0 -228.87853776684506 65.76359211817069 143.1 -129.81793760299118 -199.626938595557 38.64791 25.791296 -999.0 -999.0 -999.0 -999.0 -999.0 36.994580691751 -24.559872442992837 36.95227348599735 -24.43695777312202 72.53378595200016 79.24095753504196 -999.0 6231.0 -999.0 -1 -999 {-999.0 -999.0 -999.0 -999.0 -999.0} "" -999.0 -999.0 -999.0 -999.0 -999 -999 "" "" "" "" 0 0 0.0 0.0 -999 ""
FIBERMAP 884 R+2C18 APOGEE 0 0 0 1 0 0 130.59645075533396 41.439938357789856 143.1 -1.4341525608081371 136.99800020408048 48.91424 69.11466 -999.0 -999.0 -999.0 -999.0 -999.0 37.41999123440619 -23.539793543873632 37.379104798544745 -23.417816305020654 71.80865257103626 76.57668273968432 -999.0 16600.0 -999.0 2 -999 {-999.0 -999.0 -999.0 -999.0 -999.0} "" -999.0 -999.0 -999.0 -999.0 -999 -999 "" "" "" "" 0 0 0.0 0.0 -999 ""
FIBERMAP 884 R+2C18 BOSS 1 1 0 1 0 0 130.9436686655131 40.65235730408606 143.1 -0.5795091657632644 137.09969746330327 48.91424 69.11466 37.42318715662512 -23.539177259566884 -90.57914 -74.068214 12.691873 37.42288987036089 -23.539389565191122 37.381929448487654 -23.417443454873222 71.80611003949025 76.57869056564613 5400.0 5400.0 2016.0 1 208 {-999.0 17.794004 16.312462 14.858244 -999.0} sdss_psfmag_ps1 17.203775 15.54969 14.317622 11.968 63050395811956864 1151084726 bright_1x1 mwm_snc_100pc_boss_single mwm_snc science 0 0 0.0 0.0 -999 ""
FIBERMAP 884 R+2C18 METROLOGY 0 0 0 1 0 0 130.20957420734274 40.79976279326829 143.1 -0.9351404095167459 136.4408469557043 48.91424 69.11466 -999.0 -999.0 -999.0 -999.0 -999.0 37.42169605376459 -23.54137879591424 37.38075357338124 -23.419422742772262 71.80785276453398 76.58327052753532 -999.0 6231.0 -999.0 -1 -999 {-999.0 -999.0 -999.0 -999.0 -999.0} "" -999.0 -999.0 -999.0 -999.0 -999 -999 "" "" "" "" 0 0 0.0 0.0 -999 ""
FIBERMAP 888 R-5C14 APOGEE 0 0 0 1 0 0 63.504244115114815 -77.35894835057394 143.1 92.54358146001859 38.10133156168772 130.26007 41.106365 -999.0 -999.0 -999.0 -999.0 -999.0 37.73242816394339 -23.838990210714076 37.690599016746546 -23.717423449076414 71.65292324743865 77.79989211526936 -999.0 16600.0 -999.0 2 196 {-999.0 -999.0 -999.0 -999.0 -999.0} "" -999.0 -999.0 -999.0 -999.0 -999 -999 "" "" "" "" 0 0 0.0 0.0 -999 ""
FIBERMAP 888 R-5C14 BOSS 1 1 0 1 0 0 64.24539692874242 -77.46533578428318 143.1 92.86205445409122 38.77892675947678 130.26007 41.106365 37.733563233058995 -23.83688134881726 10.067061 0.7326451 1.4370022 37.73360339985755 -23.836882909316614 37.69170424813194 -23.71534410118296 71.65123334188092 77.79487743340945 5400.0 5400.0 2016.0 1 271 {-999.0 16.007132 15.533422 15.257023 -999.0} sdss_psfmag_ps1 15.854061 15.452823 14.821828 13.669 63050395811945072 940018505 bright_1x1 openfibertargets_nov2020_34a open_fiber science 0 0 0.0 0.0 -999 ""
FIBERMAP 888 R-5C14 METROLOGY 0 0 0 1 0 0 63.791809408804454 -78.05340414211923 143.1 93.29173153694077 38.17322120793049 130.26007 41.106365 -999.0 -999.0 -999.0 -999.0 -999.0 37.73502600957658 -23.838720598061673 37.693142194942084 -23.71717630523571 71.65066093295393 77.80180971933322 -999.0 6231.0 -999.0 -1 -999 {-999.0 -999.0 -999.0 -999.0 -999.0} "" -999.0 -999.0 -999.0 -999.0 -999 -999 "" "" "" "" 0 0 0.0 0.0 -999 ""
FIBERMAP 889 R-7C3 APOGEE 0 0 0 1 0 0 -181.49251543776953 -136.31959662639483 143.1 77.2761804722047 -213.41260472614968 184.4602 115.062805 -999.0 -999.0 -999.0 -999.0 -999.0 37.68409489962524 -24.601064541971848 37.64088446270847 -24.479207283761887 71.9552302527027 80.04401643143859 -999.0 16600.0 -999.0 2 245 {-999.0 -999.0 -999.0 -999.0 -999.0} "" -999.0 -999.0 -999.0 -999.0 -999 -999 "" "" "" "" 0 0 0.0 0.0 -999 ""
FIBERMAP 889 R-7C3 BOSS 1 1 0 1 0 0 -181.75598351702695 -135.63297438628032 143.1 76.5425680105449 -213.46374291399115 184.4602 115.062805 37.68173217773437 -24.601239105373594 -999.0 -999.0 -999.0 37.68174085874791 -24.601244537330405 37.63846042654774 -24.479406059399395 71.9573823213326 80.04232285877492 5400.0 5400.0 2015.5 1 502 {-999.0 -999.0 -999.0 -999.0 -999.0} "" -999.0 -999.0 -999.0 -999.0 27021603163401110 814336765 "" ops_sky_boss_good ops_sky sky_boss 0 0 0.0 0.0 -999 ""
FIBERMAP 889 R-7C3 METROLOGY 0 0 0 1 0 0 -181.0415678361279 -135.72388291806197 143.1 76.8384207130887 -212.80718771628906 184.4602 115.062805 -999.0 -999.0 -999.0 -999.0 -999.0 37.682715072545676 -24.599302414478082 37.639457683155285 -24.47745963634304 71.95589449975162 80.03732254134451 -999.0 6231.0 -999.0 -1 -999 {-999.0 -999.0 -999.0 -999.0 -999.0} "" -999.0 -999.0 -999.0 -999.0 -999 -999 "" "" "" "" 0 0 0.0 0.0 -999 ""
FIBERMAP 890 R+11C6 APOGEE 1 1 0 1 0 0 -54.53624562859752 235.04902858258163 143.1 -240.70781643983128 16.588998452569022 153.71059 30.55992 36.62841796875 -23.904438047603847 -999.0 -999.0 -999.0 36.62842778226285 -23.904426734550718 36.58784505709491 -23.781110828430382 72.61676377016512 76.80072223660954 16000.0 16600.0 2015.5 2 146 {-999.0 -999.0 -999.0 -999.0 -999.0} "" -999.0 -999.0 -999.0 -999.0 27021603163417038 844118718 "" ops_sky_apogee_best ops_sky sky_apogee 0 0 0.0 0.0 -999 ""
FIBERMAP 890 R+11C6 BOSS 0 0 0 1 0 0 -53.77538625486181 235.08971147016712 143.1 -240.5242124382636 17.328446792130872 153.71059 30.55992 -999.0 -999.0 -999.0 -999.0 -999.0 36.62908177478278 -23.902163763039148 36.58843412596025 -23.77887412264888 72.6154421611478 76.79441881027947 -999.0 5400.0 -999.0 1 149 {-999.0 -999.0 -999.0 -999.0 -999.0} "" -999.0 -999.0 -999.0 -999.0 -999 -999 "" "" "" "" 0 0 0.0 0.0 -999 ""
FIBERMAP 890 R+11C6 METROLOGY 0 0 0 1 0 0 -54.136387279800786 234.41870495632782 143.1 -239.98815198815663 16.787020096553423 153.71059 30.55992 -999.0 -999.0 -999.0 -999.0 -999.0 36.630772651135544 -23.90381210790495 36.590139213021416 -23.780517638812892 72.61459309851756 76.8014510191557 -999.0 6231.0 -999.0 -1 -999 {-999.0 -999.0 -999.0 -999.0 -999.0} "" -999.0 -999.0 -999.0 -999.0 -999 -999 "" "" "" "" 0 0 0.0 0.0 -999 ""
FIBERMAP 892 R-3C17 APOGEE 0 0 0 1 0 0 98.29926489624899 -77.44221478884108 143.1 102.7986671980232 71.34877079070806 307.8 62.384632 -999.0 -999.0 -999.0 -999.0 -999.0 37.765895061304875 -23.7380136183922 37.724214608458226 -23.6165284777029 71.58783231626543 77.53662374834147 -999.0 16600.0 -999.0 2 -999 {-999.0 -999.0 -999.0 -999.0 -999.0} "" -999.0 -999.0 -999.0 -999.0 -999 -999 "" "" "" "" 0 0 0.0 0.0 -999 ""
FIBERMAP 892 R-3C17 BOSS 1 1 0 1 0 0 97.54919057455041 -77.58501967533756 143.1 102.7158685561107 70.58977078042285 307.8 62.384632 37.76572605944085 -23.740196585816392 10.441305 -23.910213 0.62500286 37.76576266847563 -23.74025435432297 37.72400555959234 -23.618794251069385 71.58883237249782 77.54308941930162 5400.0 5400.0 2016.0 1 298 {-999.0 16.984322 16.484138 16.378954 -999.0} sdss_psfmag_ps1 16.869375 16.514492 15.973596 14.986 63050395811945440 1072826115 bright_1x1 mwm_halo_local_high_boss_single mwm_halo science 0 0 0.0 0.0 -999 ""
FIBERMAP 892 R-3C17 METROLOGY 0 0 0 1 0 0 97.8052288860332 -76.88058623062297 143.1 102.11714919311267 71.04060512374413 307.8 62.384632 -999.0 -999.0 -999.0 -999.0 -999.0 37.763763551034394 -23.738892700325895 37.722032037514396 -23.617422469633592 71.59002015482687 77.53696556746343 -999.0 6231.0 -999.0 -1 -999 {-999.0 -999.0 -999.0 -999.0 -999.0} "" -999.0 -999.0 -999.0 -999.0 -999 -999 "" "" "" "" 0 0 0.0 0.0 -999 ""
FIBERMAP 893 R+11C7 APOGEE 0 0 0 1 0 0 -45.93754942627839 206.80894571422493 143.1 -211.18940252216012 16.552730377155076 215.97267 109.76383 -999.0 -999.0 -999.0 -999.0 -999.0 36.725612732159654 -23.904814640836168 36.68490827148594 -23.781649068314433 72.53430428553217 76.91097625277962 -999.0 16600.0 -999.0 2 130 {-999.0 -999.0 -999.0 -999.0 -999.0} "" -999.0 -999.0 -999.0 -999.0 -999 -999 "" "" "" "" 0 0 0.0 0.0 -999 ""
FIBERMAP 893 R+11C7 BOSS 1 1 0 1 0 0 -46.59214372883051 207.21732048239411 143.1 -211.77132947659214 16.046217645674403 215.97267 109.76383 36.723623899297486 -23.90629932849496 17.061457 -6.4639945 0.7770405 36.723704126272125 -23.906315381688376 36.68293066031441 -23.78317108656035 72.53654505527571 76.91349283947807 5400.0 5400.0 2016.0 1 117 {-999.0 14.267841 13.722361 13.531015 -999.0} sdss_psfmag_from_g3xp 14.141179 13.751092 13.192056 12.109 63050395811955300 940018815 bright_1x1 openfibertargets_nov2020_34a open_fiber science 0 0 0.0 0.0 -999 ""
FIBERMAP 893 R+11C7 METROLOGY 0 0 0 1 0 0 -45.901881286172376 207.55601458185524 143.1 -211.89333595294625 16.805310067681834 215.97267 109.76383 -999.0 -999.0 -999.0 -999.0 -999.0 36.72325744061317 -23.904019212159955 36.68250819845923 -23.780867887349668 72.5360629937426 76.90587833225425 -999.0 6231.0 -999.0 -1 -999 {-999.0 -999.0 -999.0 -999.0 -999.0} "" -999.0 -999.0 -999.0 -999.0 -999 -999 "" "" "" "" 0 0 0.0 0.0 -999 ""
FIBERMAP 900 R-5C6 APOGEE 0 0 0 1 1 0 -101.26472361729486 -101.14488193838059 143.1 67.10315411131226 -126.41046452524311 70.98754 10.886205 -999.0 -999.0 -999.0 -999.0 -999.0 37.64966378098528 -24.338417064282574 37.60699523692466 -24.216578717167874 71.89785655996761 79.21193876479998 -999.0 16600.0 -999.0 2 -999 {-999.0 -999.0 -999.0 -999.0 -999.0} "" -999.0 -999.0 -999.0 -999.0 -999 -999 "" "" "" "" 0 0 0.0 0.0 -999 ""
FIBERMAP 900 R-5C6 BOSS 1 0 0 1 1 0 -101.45721865441355 -101.96375490419939 143.1 67.82988575621458 -126.83400406725255 70.98754 10.886205 37.597861447643005 -24.457826304908924 55.062332 1.490954 1.3321955 37.65219216436963 -24.3397241431 37.609445562188625 -24.217912978214944 71.89619968835282 79.21839848887032 5400.0 5400.0 2016.0 1 484 {-999.0 18.562553 17.326077 16.747528 -999.0} sdss_psfmag_ps1 18.09839 17.221645 16.31194 14.572 63050395811942469 1073349088 bright_1x1 mwm_halo_local_high_boss_single mwm_halo science 0 0 0.0 0.0 -999 ""
FIBERMAP 900 R-5C6 METROLOGY 0 0 0 1 1 0 -101.95859922601575 -101.42422913528496 143.1 67.16735509543787 -127.1556565159072 70.98754 10.886205 -999.0 -999.0 -999.0 -999.0 -999.0 37.64997724462632 -24.340727811934464 37.60725205005946 -24.218906179083984 71.89841748848625 79.21924778918492 -999.0 6231.0 -999.0 -1 -999 {-999.0 -999.0 -999.0 -999.0 -999.0} "" -999.0 -999.0 -999.0 -999.0 -999 -999 "" "" "" "" 0 0 0.0 0.0 -999 ""
FIBERMAP 909 R+1C23 APOGEE 0 0 0 1 0 0 221.70243410682937 11.244964087191086 143.1 54.08202439278871 215.28538638880838 307.76825 126.70985 -999.0 -999.0 -999.0 -999.0 -999.0 37.602636252213955 -23.303051482943832 37.56196774290021 -23.181429744554055 71.56354517309202 76.0835626061749 -999.0 16600.0 -999.0 2 -999 {-999.0 -999.0 -999.0 -999.0 -999.0} "" -999.0 -999.0 -999.0 -999.0 -999 -999 "" "" "" "" 0 0 0.0 0.0 -999 ""
FIBERMAP 909 R+1C23 BOSS 1 1 0 1 0 0 221.50590309737402 10.537140207591587 143.1 54.70138809679389 214.8904627805428 307.76825 126.70985 37.60452508963587 -23.30414682646864 76.66151 -8.88711 1.1404622 37.60476668156321 -23.30416923561081 37.56402170360997 -23.182577999656406 71.56224251335877 76.08920694142387 5400.0 5400.0 2016.0 1 190 {-999.0 18.100569 16.972073 16.584242 -999.0} sdss_psfmag_ps1 17.680168 16.977633 16.149113 14.525 63050395811957547 1072942864 bright_1x1 mwm_halo_local_high_boss_single mwm_halo science 0 0 0.0 0.0 -999 ""
FIBERMAP 909 R+1C23 METROLOGY 0 0 0 1 0 0 220.9796202138381 11.052510734674428 143.1 54.054672788996356 214.53793421034973 307.76825 126.70985 -999.0 -999.0 -999.0 -999.0 -999.0 37.60262840994329 -23.305208519856386 37.56190444333845 -23.18360582169395 71.56443423951396 76.0898457739122 -999.0 6231.0 -999.0 -1 -999 {-999.0 -999.0 -999.0 -999.0 -999.0} "" -999.0 -999.0 -999.0 -999.0 -999 -999 "" "" "" "" 0 0 0.0 0.0 -999 ""
FIBERMAP 911 R+5C9 APOGEE 0 0 0 1 0 0 -64.53028147770831 103.44106567144671 143.1 -117.78394945250784 -31.454990971576166 122.427 136.41844 -999.0 -999.0 -999.0 -999.0 -999.0 37.03426334601057 -24.051017675315748 36.99290410855184 -23.928291342971796 72.32440008732026 77.70040094486507 -999.0 16600.0 -999.0 2 43 {-999.0 -999.0 -999.0 -999.0 -999.0} "" -999.0 -999.0 -999.0 -999.0 -999 -999 "" "" "" "" 0 0 0.0 0.0 -999 ""
FIBERMAP 911 R+5C9 BOSS 1 1 0 1 0 0 -64.36267528488364 104.15355956339829 143.1 -118.41623750898802 -31.086360230805166 122.427 136.41844 37.03216552734375 -24.04987648374366 -999.0 -999.0 -999.0 37.03216996732353 -24.049887688052554 36.990745565275574 -23.927182686262253 72.32585040227775 77.69467856445533 5400.0 5400.0 2015.5 1 77 {-999.0 -999.0 -999.0 -999.0 -999.0} "" -999.0 -999.0 -999.0 -999.0 27021603163416145 814338726 "" ops_sky_boss_good ops_sky sky_boss 0 0 0.0 0.0 -999 ""
FIBERMAP 911 R+5C9 METROLOGY 0 0 0 1 0 0 -63.81764952831633 103.67456726309594 143.1 -117.79882671801491 -30.705270841803298 122.427 136.41844 -999.0 -999.0 -999.0 -999.0 -999.0 37.03418627179353 -24.048744024113777 36.992781271281615 -23.926035614408814 72.32370344733316 77.69332530930069 -999.0 6231.0 -999.0 -1 -999 {-999.0 -999.0 -999.0 -999.0 -999.0} "" -999.0 -999.0 -999.0 -999.0 -999 -999 "" "" "" "" 0 0 0.0 0.0 -999 ""
FIBERMAP 913 R-2C5 APOGEE 1 1 0 1 0 0 -190.88321988656605 -21.406831644536098 143.1 -35.352237053156124 -188.78709235713106 183.26152 42.979515 37.30874870232338 -24.527776651221835 20.179699 8.164347 0.8418105 37.3088181139361 -24.52774995655248 37.26622218822854 -24.40532041070352 72.2535225478309 79.45443635562629 16000.0 16600.0 2016.0 2 287 {-999.0 12.347576 11.554596 11.263642 -999.0} sdss_psfmag_from_g3xp 12.119864 11.5936775 10.91447 9.525 63050395811943068 1109864648 bright_1x1 mwm_tess_rgb_apogee mwm_tessrgb science 0 0 0.0 0.0 -999 ""
FIBERMAP 913 R-2C5 BOSS 0 0 0 1 0 0 -190.38098403242387 -20.883193978995546 143.1 -35.7060773127831 -188.1537102903266 183.26152 42.979515 -999.0 -999.0 -999.0 -999.0 -999.0 37.30769521407337 -24.525873474832512 37.265033102949246 -24.403465324312926 72.25393301866643 79.44751904113963 -999.0 5400.0 -999.0 1 471 {-999.0 -999.0 -999.0 -999.0 -999.0} "" -999.0 -999.0 -999.0 -999.0 -999 -999 "" "" "" "" 0 0 0.0 0.0 -999 ""
FIBERMAP 913 R-2C5 METROLOGY 0 0 0 1 0 0 -190.1543157311221 -21.58182008022378 143.1 -34.971748222465315 -188.141271298657 183.26152 42.979515 -999.0 -999.0 -999.0 -999.0 -999.0 37.310115995862894 -24.525867745854324 37.26747098099395 -24.403456989325853 72.25183443014143 79.44989549216046 -999.0 6231.0 -999.0 -1 -999 {-999.0 -999.0 -999.0 -999.0 -999.0} "" -999.0 -999.0 -999.0 -999.0 -999 -999 "" "" "" "" 0 0 0.0 0.0 -999 ""
FIBERMAP 915 R+5C16 APOGEE 0 0 0 1 0 0 88.71637320216942 103.18894256987052 143.1 -72.72737404112262 115.00921225760813 157.43462 113.447975 -999.0 -999.0 -999.0 -999.0 -999.0 37.18404804024027 -23.60668772428194 37.14332650985426 -23.48432058846471 72.03411172792981 76.51403082942983 -999.0 16600.0 -999.0 2 68 {-999.0 -999.0 -999.0 -999.0 -999.0} "" -999.0 -999.0 -999.0 -999.0 -999 -999 "" "" "" "" 0 0 0.0 0.0 -999 ""
FIBERMAP 915 R+5C16 BOSS 1 1 0 1 0 0 88.71583243164007 103.92857992182063 143.1 -73.43479023048867 115.22499489055248 157.43462 113.447975 37.18174070461245 -23.605961691057107 0.027291697 -0.5762113 -0.53483665 37.18174002059296 -23.605955193991235 37.14095239266584 -23.48361069721291 72.03586461792243 76.50925184463335 5400.0 5400.0 2016.0 1 222 {-999.0 20.03621 19.773497 19.37824 -999.0} sdss_psfmag_ps1 19.846891 19.560139 19.034544 -999.0 63050395811956931 1117293277 bright_1x1 openfibertargets_bhm_quaia_boss open_fiber science 0 0 0.0 0.0 -999 ""
FIBERMAP 915 R+5C16 METROLOGY 0 0 0 1 0 0 89.35530142230714 103.56499063559505 143.1 -72.90011142171477 115.73014153245177 157.43462 113.447975 -999.0 -999.0 -999.0 -999.0 -999.0 37.18348269286253 -23.60441799588545 37.14271568251206 -23.482069286130617 72.03378760031646 76.50658332245092 -999.0 6231.0 -999.0 -1 -999 {-999.0 -999.0 -999.0 -999.0 -999.0} "" -999.0 -999.0 -999.0 -999.0 -999 -999 "" "" "" "" 0 0 0.0 0.0 -999 ""
FIBERMAP 922 R-1C18 APOGEE 1 1 0 1 0 0 110.2140008440732 -1.8427582197078891 143.1 33.99309693924307 104.85023586475023 112.08771 58.155556 37.53753662109374 -23.63695191309847 -999.0 -999.0 -999.0 37.537544682558824 -23.636979698758843 37.4963334687568 -23.515160779783905 71.74509997372151 76.99362639819509 16000.0 16600.0 2015.5 2 212 {-999.0 -999.0 -999.0 -999.0 -999.0} "" -999.0 -999.0 -999.0 -999.0 27021603163417686 836449749 "" ops_sky_apogee_best ops_sky sky_apogee 0 0 0.0 0.0 -999 ""
FIBERMAP 922 R-1C18 BOSS 0 0 0 1 0 0 110.93079931688136 -2.087277031659479 143.1 34.43653210717105 105.46414771393191 112.08771 58.155556 -999.0 -999.0 -999.0 -999.0 -999.0 37.53909943777044 -23.63503307456601 37.497818268531944 -23.513243309245972 71.74312621957353 76.98954499434899 -999.0 5400.0 -999.0 1 301 {-999.0 -999.0 -999.0 -999.0 -999.0} "" -999.0 -999.0 -999.0 -999.0 -999 -999 "" "" "" "" 0 0 0.0 0.0 -999 ""
FIBERMAP 922 R-1C18 METROLOGY 0 0 0 1 0 0 110.359207445471 -2.5698735560660353 143.1 34.73084540403681 104.77644792855975 112.08771 58.155556 -999.0 -999.0 -999.0 -999.0 -999.0 37.54006471305583 -23.637113093562 37.49879879081925 -23.51531685481811 71.74305705624121 76.99675591142932 -999.0 6231.0 -999.0 -1 -999 {-999.0 -999.0 -999.0 -999.0 -999.0} "" -999.0 -999.0 -999.0 -999.0 -999 -999 "" "" "" "" 0 0 0.0 0.0 -999 ""
FIBERMAP 923 R+4C16 APOGEE 0 0 0 1 0 0 82.93560506871417 57.20789533251015 143.1 -30.449780884318706 96.03480156509389 316.31403 35.33247 -999.0 -999.0 -999.0 -999.0 -999.0 37.324049647129 -23.66404688659238 37.28304994149971 -23.54188352651756 71.93666003981811 76.84111336289845 -999.0 16600.0 -999.0 2 -999 {-999.0 -999.0 -999.0 -999.0 -999.0} "" -999.0 -999.0 -999.0 -999.0 -999 -999 "" "" "" "" 0 0 0.0 0.0 -999 ""
FIBERMAP 923 R+4C16 BOSS 1 1 0 1 0 0 82.17572505035619 57.31734753393216 143.1 -30.77666106731387 95.34019524994004 316.31403 35.33247 37.32312568563036 -23.666021652136486 -33.426373 -21.817863 5.2909465 37.323019946758215 -23.666075237135512 37.28194688361003 -23.543935590327234 71.93835954041211 76.84605259096321 5400.0 5400.0 2016.0 1 219 {-999.0 17.817894 16.321487 15.399353 -999.0} sdss_psfmag_ps1 17.186222 16.027754 14.950674 12.998 63050395811956811 940018860 bright_1x1 openfibertargets_nov2020_34a open_fiber science 0 0 0.0 0.0 -999 ""
FIBERMAP 923 R+4C16 METROLOGY 0 0 0 1 0 0 82.64779716805914 57.89830450764954 143.1 -31.19413244270361 95.96149653905498 316.31403 35.33247 -999.0 -999.0 -999.0 -999.0 -999.0 37.321611591811596 -23.664190947389677 37.28056384227176 -23.54204227830167 71.93883581984277 76.8388653018045 -999.0 6231.0 -999.0 -1 -999 {-999.0 -999.0 -999.0 -999.0 -999.0} "" -999.0 -999.0 -999.0 -999.0 -999 -999 "" "" "" "" 0 0 0.0 0.0 -999 ""
FIBERMAP 924 R-11C4 APOGEE 0 0 1 1 0 0 -100.55677090993613 -205.83277212593526 143.1 167.4151279036574 -156.34845653761818 8.434768 172.57431 -999.0 -999.0 -999.0 -999.0 -999.0 37.983175124105095 -24.426975609329517 37.93991919513371 -24.30564345285278 71.64118739427491 79.80290820164237 -999.0 16600.0 -999.0 2 178 {-999.0 -999.0 -999.0 -999.0 -999.0} "" -999.0 -999.0 -999.0 -999.0 -999 -999 "" "" "" "" 0 0 0.0 0.0 -999 ""
FIBERMAP 924 R-11C4 BOSS 0 0 1 1 0 0 -99.81412064775367 -205.79844414193556 143.1 167.59948353138384 -155.62827859395276 8.434768 172.57431 -999.0 -999.0 -999.0 -999.0 -999.0 37.983883845790665 -24.424797954129577 37.94055744406745 -24.30349095233722 71.63993010319444 79.79706199926773 -999.0 5400.0 -999.0 1 424 {-999.0 -999.0 -999.0 -999.0 -999.0} "" -999.0 -999.0 -999.0 -999.0 -999 -999 "" "" "" "" 0 0 0.0 0.0 -999 ""
FIBERMAP 924 R-11C4 METROLOGY 0 0 1 1 0 0 -100.15709429658426 -206.46621966261904 143.1 168.1377263627265 -156.15152223033488 8.434768 172.57431 -999.0 -999.0 -999.0 -999.0 -999.0 37.98568073137551 -24.426394570169943 37.942369913517666 -24.305083355422877 71.63889393298817 79.80356083655619 -999.0 6231.0 -999.0 -1 -999 {-999.0 -999.0 -999.0 -999.0 -999.0} "" -999.0 -999.0 -999.0 -999.0 -999 -999 "" "" "" "" 0 0 0.0 0.0 -999 ""
FIBERMAP 926 R+12C11 APOGEE 0 0 0 1 0 0 73.9049562686773 239.92333075773948 143.1 -207.80735813339277 140.83283703149752 15.178332 144.94345 -999.0 -999.0 -999.0 -999.0 -999.0 36.73884061772172 -23.528827592708375 36.69880859948529 -23.40578810562634 72.38176632020303 75.77044493323046 -999.0 16600.0 -999.0 2 -999 {-999.0 -999.0 -999.0 -999.0 -999.0} "" -999.0 -999.0 -999.0 -999.0 -999 -999 "" "" "" "" 0 0 0.0 0.0 -999 ""
FIBERMAP 926 R+12C11 BOSS 1 1 0 1 0 0 74.62605280015939 239.66723794542605 143.1 -207.35159871792578 141.44747407854234 15.178332 144.94345 36.74040219036573 -23.526939760341183 0.80031586 0.26652205 0.4701648 36.74040421890093 -23.52693599383479 36.70030519008196 -23.403925568621972 72.37978391656561 75.76650049901713 5400.0 5400.0 2016.0 1 107 {-999.0 20.129335 20.0361 20.076378 -999.0} sdss_psfmag_ps1 20.189623 20.019268 19.564932 -999.0 63050395811956268 1117293241 bright_1x1 openfibertargets_bhm_quaia_boss open_fiber science 0 0 0.0 0.0 -999 ""
FIBERMAP 926 R+12C11 METROLOGY 0 0 0 1 0 0 74.0349427936408 239.18671571572364 143.1 -207.06497679705555 140.74171721603048 15.178332 144.94345 -999.0 -999.0 -999.0 -999.0 -999.0 36.74127064661172 -23.529048581399845 36.70118611750155 -23.406031502400563 72.37984426079427 75.77394988650883 -999.0 6231.0 -999.0 -1 -999 {-999.0 -999.0 -999.0 -999.0 -999.0} "" -999.0 -999.0 -999.0 -999.0 -999 -999 "" "" "" "" 0 0 0.0 0.0 -999 ""
FIBERMAP 928 R-10C10 APOGEE 0 0 0 1 0 0 15.083036154257918 -184.61703443605296 143.1 180.9458910962667 -39.56670920529708 118.85677 125.40934 -999.0 -999.0 -999.0 -999.0 -999.0 38.026487904474145 -24.073258393484352 37.98385215745043 -23.95209477373346 71.48432350473799 78.79306866508341 -999.0 16600.0 -999.0 2 -999 {-999.0 -999.0 -999.0 -999.0 -999.0} "" -999.0 -999.0 -999.0 -999.0 -999 -999 "" "" "" "" 0 0 0.0 0.0 -999 ""
FIBERMAP 928 R-10C10 BOSS 1 1 0 1 0 0 15.424158879816442 -183.9549622521535 143.1 180.41256064072232 -39.046903349034004 118.85677 125.40934 38.02469506388007 -24.071663798907522 46.937054 -5.3999677 3.623294 38.02485454245131 -24.07168173010041 37.98215006511231 -23.950540713173844 71.48524750144065 78.78678555097645 5400.0 5400.0 2016.0 1 403 {-999.0 18.225225 16.71864 15.719539 -999.0} sdss_psfmag_ps1 17.54498 16.360313 15.216128 13.02 63050395811944087 1096563825 bright_1x1 mwm_bin_vis_boss mwm_filler science 0 0 0.0 0.0 -999 ""
FIBERMAP 928 R-10C10 METROLOGY 0 0 0 1 0 0 15.827598558830097 -184.54544503394766 143.1 181.09517569652184 -38.83380608929931 118.85677 125.40934 -999.0 -999.0 -999.0 -999.0 -999.0 38.027113551159864 -24.07103373726259 37.98442839965878 -23.949889499967554 71.48306850443538 78.78712277347222 -999.0 6231.0 -999.0 -1 -999 {-999.0 -999.0 -999.0 -999.0 -999.0} "" -999.0 -999.0 -999.0 -999.0 -999 -999 "" "" "" "" 0 0 0.0 0.0 -999 ""
FIBERMAP 929 R-3C18 APOGEE 0 0 0 1 0 0 125.10714700091881 -69.35414239014857 143.1 102.90437221452507 99.34835483596314 263.5801 132.27814 -999.0 -999.0 -999.0 -999.0 -999.0 37.765768066521325 -23.65313242779641 37.724247185675836 -23.531670983492603 71.55686788995743 77.28668802553005 -999.0 16600.0 -999.0 2 217 {-999.0 -999.0 -999.0 -999.0 -999.0} "" -999.0 -999.0 -999.0 -999.0 -999 -999 "" "" "" "" 0 0 0.0 0.0 -999 ""
FIBERMAP 929 R-3C18 BOSS 1 1 0 1 0 0 124.5079146912245 -69.80059004809863 143.1 103.1560359670958 98.64479601873742 263.5801 132.27814 37.76671263948828 -23.655201808960957 7.2701006 -6.4855757 1.2915626 37.76673711209239 -23.655190196916188 37.72513860555307 -23.533755916878295 71.55687147172586 77.29376657860729 5400.0 5400.0 2016.0 1 309 {-999.0 16.270576 14.874652 14.568785 -999.0} sdss_psfmag_ps1 15.712182 15.130017 14.196431 12.563 63050395811945507 940018512 bright_1x1 openfibertargets_nov2020_34a open_fiber science 0 0 0.0 0.0 -999 ""
FIBERMAP 929 R-3C18 METROLOGY 0 0 0 1 0 0 124.42577737659971 -69.04674474345714 143.1 102.41117169692717 98.78670915890075 263.5801 132.27814 -999.0 -999.0 -999.0 -999.0 -999.0 37.76426218379307 -23.654763061115744 37.72268808254569 -23.533317539191298 71.5588012924116 77.28987491612423 -999.0 6231.0 -999.0 -1 -999 {-999.0 -999.0 -999.0 -999.0 -999.0} "" -999.0 -999.0 -999.0 -999.0 -999 -999 "" "" "" "" 0 0 0.0 0.0 -999 ""
FIBERMAP 931 R+4C2 APOGEE 0 0 0 1 0 0 -233.91659370330746 95.92904047009247 143.1 -160.13615523605353 -195.6228510143535 174.75879 45.374798 -999.0 -999.0 -999.0 -999.0 -999.0 36.893917892547876 -24.547301364449446 36.85181238011245 -24.42421736588125 72.61584670352254 79.09950133223288 -999.0 16600.0 -999.0 2 -999 {-999.0 -999.0 -999.0 -999.0 -999.0} "" -999.0 -999.0 -999.0 -999.0 -999 -999 "" "" "" "" 0 0 0.0 0.0 -999 ""
FIBERMAP 931 R+4C2 BOSS 1 1 0 1 0 0 -233.3443103195479 96.41732058248766 143.1 -160.4357010828874 -194.93282787928032 174.75879 45.374798 36.892966648398506 -24.54513408741755 2.2255962 -23.128214 0.89291 36.89297993167125 -24.54520664328232 36.85080998268904 -24.422144100272448 72.61601799555902 79.09194118941872 5400.0 5400.0 2016.0 1 74 {-999.0 18.11762 17.32945 17.044748 -999.0} sdss_psfmag_ps1 17.873753 17.36296 16.70015 15.248 63050395811942939 940018454 bright_1x1 openfibertargets_nov2020_34a open_fiber science 0 0 0.0 0.0 -999 ""
FIBERMAP 931 R+4C2 METROLOGY 0 0 0 1 0 0 -233.2058900169448 95.69580563781687 143.1 -159.70529242680678 -195.01146724868698 174.75879 45.374798 -999.0 -999.0 -999.0 -999.0 -999.0 36.895351663143394 -24.545497356138878 36.853197852798644 -24.42243209460323 72.614063340247 79.09527032422079 -999.0 6231.0 -999.0 -1 -999 {-999.0 -999.0 -999.0 -999.0 -999.0} "" -999.0 -999.0 -999.0 -999.0 -999 -999 "" "" "" "" 0 0 0.0 0.0 -999 ""
FIBERMAP 933 R+1C7 APOGEE 0 0 0 1 0 0 -129.25011001600433 21.767894255322318 143.1 -58.61288934318447 -117.22608439770983 32.64899 89.8564 -999.0 -999.0 -999.0 -999.0 -999.0 37.231024843900684 -24.31132253542441 37.188933647410636 -24.18883133995488 72.247291133654 78.70793198444164 -999.0 16600.0 -999.0 2 14 {-999.0 -999.0 -999.0 -999.0 -999.0} "" -999.0 -999.0 -999.0 -999.0 -999 -999 "" "" "" "" 0 0 0.0 0.0 -999 ""
FIBERMAP 933 R+1C7 BOSS 1 1 0 1 0 0 -128.80929670046643 21.144868283936056 143.1 -57.888226194357834 -116.98676655571617 32.64899 89.8564 37.2334937178568 -24.310628113894722 4.1483965 -3.8610501 0.07994792 37.23347541070707 -24.310632542791776 37.1913116587682 -24.188168795496523 72.24502598397508 78.7083145796156 5400.0 5400.0 2016.0 1 21 {-999.0 17.582012 17.344332 17.26313 17.255785} sdss_psfmag_from_gaia 17.574 17.3416 16.9606 15.953 63050395811943393 971496499 "" ops_std_boss_gdr2 ops_std standard_boss 0 0 0.0 0.0 -999 ""
FIBERMAP 933 R+1C7 METROLOGY 0 0 0 1 0 0 -129.5687150765091 21.096773648415294 143.1 -58.06432150837522 -117.72700447393125 32.64899 89.8564 -999.0 -999.0 -999.0 -999.0 -999.0 37.23286530953545 -24.31289409108859 37.190718144386835 -24.190422112831605 72.24630304317635 78.71465630890947 -999.0 6231.0 -999.0 -1 -999 {-999.0 -999.0 -999.0 -999.0 -999.0} "" -999.0 -999.0 -999.0 -999.0 -999 -999 "" "" "" "" 0 0 0.0 0.0 -999 ""
FIBERMAP 937 R+8C19 APOGEE 0 0 0 1 0 0 202.39643698963013 169.77860593050616 143.1 -103.15729763472322 243.18617056587053 97.67921 105.58711 -999.0 -999.0 -999.0 -999.0 -999.0 37.084603235740964 -23.21999054656559 37.04471489651348 -23.0975765842597 71.96920296872122 75.2457762900624 -999.0 16600.0 -999.0 2 101 {-999.0 -999.0 -999.0 -999.0 -999.0} "" -999.0 -999.0 -999.0 -999.0 -999 -999 "" "" "" "" 0 0 0.0 0.0 -999 ""
FIBERMAP 937 R+8C19 BOSS 1 1 0 1 0 0 203.08462523575528 170.09147201145342 143.1 -103.2552133513059 243.93572644189314 97.67921 105.58711 37.0843505859375 -23.217715033118438 -999.0 -999.0 -999.0 37.08435991686519 -23.217711839050065 37.044406285109176 -23.095325611373653 71.9685781824498 75.23872994371101 5400.0 5400.0 2015.5 1 175 {-999.0 -999.0 -999.0 -999.0 -999.0} "" -999.0 -999.0 -999.0 -999.0 27021603163418792 822007358 "" ops_sky_boss_good ops_sky sky_boss 0 0 0.0 0.0 -999 ""
FIBERMAP 937 R+8C19 METROLOGY 0 0 0 1 0 0 203.00736102947857 169.34151765868526 143.1 -102.56068511792206 243.64252781551806 97.67921 105.58711 -999.0 -999.0 -999.0 -999.0 -999.0 37.086598719432914 -23.218549434667334 37.046660606426826 -23.096158686485154 71.96699968732011 75.24384017518855 -999.0 6231.0 -999.0 -1 -999 {-999.0 -999.0 -999.0 -999.0 -999.0} "" -999.0 -999.0 -999.0 -999.0 -999 -999 "" "" "" "" 0 0 0.0 0.0 -999 ""
FIBERMAP 939 R+2C6 APOGEE 0 0 0 1 0 0 -150.1630825462891 19.06023551346134 143.1 -62.13955937062866 -138.01537242969724 347.29117 43.3531 -999.0 -999.0 -999.0 -999.0 -999.0 37.21936885898381 -24.374264785262028 37.17717442424225 -24.251737681536884 72.27873173942879 78.89021165836795 -999.0 16600.0 -999.0 2 -999 {-999.0 -999.0 -999.0 -999.0 -999.0} "" -999.0 -999.0 -999.0 -999.0 -999 -999 "" "" "" "" 0 0 0.0 0.0 -999 ""
FIBERMAP 939 R+2C6 BOSS 1 1 0 1 0 0 -150.78237188548584 18.66805968380083 143.1 -61.94565705641521 -138.72223896750728 347.29117 43.3531 37.22001964539917 -24.376438550587192 15.888621 -1.6366279 0.36121073 37.220058489140406 -24.376441475464482 37.17778836603367 -24.253937996694958 72.27894844822708 78.89763657892905 5400.0 5400.0 2016.0 1 49 {-999.0 17.60136 17.097054 16.993567 -999.0} sdss_psfmag_ps1 17.48188 17.146486 16.642721 15.829 63050395811943184 944282556 bright_1x1 openfibertargets_nov2020_6c open_fiber science 0 0 0.0 0.0 -999 ""
FIBERMAP 939 R+2C6 METROLOGY 0 0 0 1 0 0 -150.82152489430706 19.415132528287728 143.1 -62.67147500524725 -138.54120379711537 347.29117 43.3531 -999.0 -999.0 -999.0 -999.0 -999.0 37.21761347519613 -24.375914328269978 37.175367478678425 -24.253400600381294 72.28084426009404 78.89352449007902 -999.0 6231.0 -999.0 -1 -999 {-999.0 -999.0 -999.0 -999.0 -999.0} "" -999.0 -999.0 -999.0 -999.0 -999 -999 "" "" "" "" 0 0 0.0 0.0 -999 ""
FIBERMAP 947 R+11C15 APOGEE 0 0 0 1 0 0 133.08311232701837 205.63724620635298 143.1 -157.7161502521593 187.3937038060738 223.93816 104.66027 -999.0 -999.0 -999.0 -999.0 -999.0 36.90437249032399 -23.38821331331162 36.86439501776499 -23.26547062670978 72.18738111038209 75.53759800756586 -999.0 16600.0 -999.0 2 -999 {-999.0 -999.0 -999.0 -999.0 -999.0} "" -999.0 -999.0 -999.0 -999.0 -999 -999 "" "" "" "" 0 0 0.0 0.0 -999 ""
FIBERMAP 947 R+11C15 BOSS 1 1 0 1 0 0 132.45584020880688 205.99332562123087 143.1 -158.24008109487184 186.8980239021921 223.93816 104.66027 36.902455839572006 -23.389623158511796 74.38154 -15.568621 6.2837787 36.90269412724368 -23.389665507001343 36.86264692048428 -23.26694651470095 72.18943374355565 75.54000920542177 5400.0 5400.0 2016.0 1 186 {-999.0 20.3987 20.133934 20.04095 -999.0} sdss_psfmag_ps1 20.33192 20.105446 19.72507 -999.0 63050395811957797 1158302738 bright_1x1 openfibertargets_mwm_ztf_scope_boss open_fiber science 0 0 0.0 0.0 -999 ""
FIBERMAP 947 R+11C15 METROLOGY 0 0 0 1 0 0 133.09782837868082 206.3850975649929 143.1 -158.42695915255615 187.62647746529925 223.93816 104.66027 -999.0 -999.0 -999.0 -999.0 -999.0 36.9020440615096 -23.3874466035514 36.86202129963482 -23.264719658271343 72.18909980590507 75.53256999686653 -999.0 6231.0 -999.0 -1 -999 {-999.0 -999.0 -999.0 -999.0 -999.0} "" -999.0 -999.0 -999.0 -999.0 -999 -999 "" "" "" "" 0 0 0.0 0.0 -999 ""
FIBERMAP 949 R+1C19 APOGEE 0 0 0 1 0 0 115.80883657240251 6.763435981467312 143.1 27.399813587047053 112.71694250606767 251.89096 105.392105 -999.0 -999.0 -999.0 -999.0 -999.0 37.51563182273759 -23.613177971925577 37.47449184012237 -23.49133110054882 71.7548850573234 76.8992621155059 -999.0 16600.0 -999.0 2 -999 {-999.0 -999.0 -999.0 -999.0 -999.0} "" -999.0 -999.0 -999.0 -999.0 -999 -999 "" "" "" "" 0 0 0.0 0.0 -999 ""
FIBERMAP 949 R+1C19 BOSS 1 1 0 1 0 0 115.0633556972111 6.773623843518953 143.1 27.172063110409052 112.00707609093128 251.89096 105.392105 37.514959971325304 -23.61524184885624 2.3190906 -4.114509 0.14129959 37.51497094902078 -23.615245140470783 37.47375633972547 -23.49342284969916 71.7562871336263 76.90466827202295 5400.0 5400.0 2016.0 1 241 {-999.0 18.239557 17.833294 17.817383 -999.0} sdss_psfmag_ps1 18.144695 17.852486 17.414976 -999.0 63050395811956792 975986751 "" ops_std_boss ops_std standard_boss 0 0 0.0 0.0 -999 ""
FIBERMAP 949 R+1C19 METROLOGY 0 0 0 1 0 0 115.46642175477733 7.428455010869326 143.1 26.66377140278402 112.58399600442932 251.89096 105.392105 -999.0 -999.0 -999.0 -999.0 -999.0 37.51326457344758 -23.61349581951049 37.4720756053984 -23.491663900705902 71.75706643585562 76.89762434451814 -999.0 6231.0 -999.0 -1 -999 {-999.0 -999.0 -999.0 -999.0 -999.0} "" -999.0 -999.0 -999.0 -999.0 -999 -999 "" "" "" "" 0 0 0.0 0.0 -999 ""
FIBERMAP 952 R+4C8 APOGEE 0 0 0 1 0 0 -84.7941986359014 99.21859217699208 143.1 -119.67230927160823 -52.06663030579292 154.60446 18.168856 -999.0 -999.0 -999.0 -999.0 -999.0 37.027962478009734 -24.113541309133538 36.98649503450872 -23.990787611981933 72.35199158917754 77.88623229388003 -999.0 16600.0 -999.0 2 -999 {-999.0 -999.0 -999.0 -999.0 -999.0} "" -999.0 -999.0 -999.0 -999.0 -999 -999 "" "" "" "" 0 0 0.0 0.0 -999 ""
FIBERMAP 952 R+4C8 BOSS 1 1 0 1 0 0 -84.05965648555096 99.12925985697778 143.1 -119.3720779888794 -51.390368772811286 154.60446 18.168856 37.028941571406065 -24.11144450974787 6.530865 -13.459519 2.270773 37.02896518378016 -24.111492730371886 36.98743040305004 -23.98876522120658 72.35047912500674 77.88098302411112 5400.0 5400.0 2016.0 1 33 {-999.0 -999.0 -999.0 -999.0 -999.0} "" -999.0 18.86303 -999.0 14.083 63050395811955025 1095302049 bright_1x1 mwm_bin_vis_boss mwm_filler science 0 0 0.0 0.0 -999 ""
FIBERMAP 952 R+4C8 METROLOGY 0 0 0 1 0 0 -84.50746032424314 98.52773809875016 143.1 -118.92784507763558 -51.99447815263544 154.60446 18.168856 -999.0 -999.0 -999.0 -999.0 -999.0 37.03040537880295 -24.113340317898608 36.98888516471794 -23.990607720712443 72.34988460387797 77.8882148550419 -999.0 6231.0 -999.0 -1 -999 {-999.0 -999.0 -999.0 -999.0 -999.0} "" -999.0 -999.0 -999.0 -999.0 -999 -999 "" "" "" "" 0 0 0.0 0.0 -999 ""
FIBERMAP 953 R+4C11 APOGEE 0 0 0 1 0 0 -40.68370335669944 76.45812676574646 143.1 -85.00855080709411 -16.543248313662772 219.90422 74.01541 -999.0 -999.0 -999.0 -999.0 -999.0 37.14307671566872 -24.005852730033617 37.10166567735109 -23.88330925315183 72.21547056206232 77.6785411091106 -999.0 16600.0 -999.0 2 -999 {-999.0 -999.0 -999.0 -999.0 -999.0} "" -999.0 -999.0 -999.0 -999.0 -999 -999 "" "" "" "" 0 0 0.0 0.0 -999 ""
FIBERMAP 953 R+4C11 BOSS 1 1 0 1 0 0 -40.99061875187925 77.19025357036068 143.1 -85.79838151135621 -16.62262444636383 219.90422 74.01541 37.140298490368224 -24.005882453207793 55.464817 -65.48782 1.8581597 37.14046962255634 -24.006077643880538 37.09899113478241 -23.88355453116649 72.21784293510241 77.67643797188578 5400.0 5400.0 2016.0 1 118 {-999.0 21.276384 19.729864 19.073128 -999.0} sdss_psfmag_ps1 20.389713 19.607712 18.662838 -999.0 63050395811955145 1073621981 bright_1x1 mwm_halo_local_low_boss_single mwm_halo science 0 0 0.0 0.0 -999 ""
FIBERMAP 953 R+4C11 METROLOGY 0 0 0 1 0 0 -40.25888459493383 77.07377864501593 143.1 -85.47301702280282 -15.95698557070718 219.90422 74.01541 -999.0 -999.0 -999.0 -999.0 -999.0 37.14152196355839 -24.004065336479773 37.1000658203983 -23.88153749623064 72.21620589131857 77.67141418947216 -999.0 6231.0 -999.0 -1 -999 {-999.0 -999.0 -999.0 -999.0 -999.0} "" -999.0 -999.0 -999.0 -999.0 -999 -999 "" "" "" "" 0 0 0.0 0.0 -999 ""
FIBERMAP 955 R-1C19 APOGEE 0 0 0 1 0 0 128.1861472199168 -2.047083290251713 143.1 39.44425614376211 121.9758578233824 109.60534 76.44294 -999.0 -999.0 -999.0 -999.0 -999.0 37.55542376486121 -23.585051234499634 37.514287551146595 -23.463275225465615 71.71057618566127 76.85938921167582 -999.0 16600.0 -999.0 2 -999 {-999.0 -999.0 -999.0 -999.0 -999.0} "" -999.0 -999.0 -999.0 -999.0 -999 -999 "" "" "" "" 0 0 0.0 0.0 -999 ""
FIBERMAP 955 R-1C19 BOSS 1 1 0 1 0 0 128.90637354626818 -1.9720771697341988 143.1 39.58315675148698 122.68648941425577 109.60534 76.44294 37.555709254152035 -23.582690279159227 72.73915 -47.740273 2.1538537 37.55596906880271 -23.582810505313386 37.51476463910802 -23.461062344711824 71.70934723767759 76.85336177034134 5400.0 5400.0 2016.0 1 302 {-999.0 15.327062 14.569283 14.299757 -999.0} sdss_psfmag_from_g3xp 15.111543 14.6103525 13.952206 12.648 63050395811957155 1072466301 bright_1x1 mwm_halo_local_high_boss_single mwm_halo science 0 0 0.0 0.0 -999 ""
FIBERMAP 955 R-1C19 METROLOGY 0 0 0 1 0 0 128.6323968082872 -2.6473828168843205 143.1 40.14877753456293 122.2270200801342 109.60534 76.44294 -999.0 -999.0 -999.0 -999.0 -999.0 37.557830923807316 -23.584193457335306 37.51664196001059 -23.462440382298787 71.70826087194936 76.85947781483236 -999.0 6231.0 -999.0 -1 -999 {-999.0 -999.0 -999.0 -999.0 -999.0} "" -999.0 -999.0 -999.0 -999.0 -999 -999 "" "" "" "" 0 0 0.0 0.0 -999 ""
FIBERMAP 960 R+13C6 APOGEE 1 1 0 1 0 0 -55.679830614693564 255.41220282217282 143.1 -260.5139767348098 21.450488205283616 252.80751 11.42391 36.56370871970579 -23.888986677898824 -63.96862 -195.98642 20.343594 36.56343451802073 -23.889503728985698 36.52296008019772 -23.76609160372778 72.66647527638668 76.68079375107328 16000.0 16600.0 2016.0 2 51 {-999.0 8.924004 8.455817 8.300071 -999.0} sdss_psfmag_from_g3xp 8.832427 8.488566 7.9725056 7.139 63050395811956029 984828708 bright_1x1 mwm_snc_100pc_apogee mwm_snc science 0 0 0.0 0.0 -999 ""
FIBERMAP 960 R+13C6 BOSS 0 0 0 1 0 0 -55.620983928622145 256.17073119830565 143.1 -261.2220896683649 21.72858296975976 252.80751 11.42391 -999.0 -999.0 -999.0 -999.0 -999.0 36.561178992860235 -23.888629566025966 36.520640974783134 -23.76523883880549 72.66813485072667 76.67551009318191 -999.0 5400.0 -999.0 1 88 {-999.0 -999.0 -999.0 -999.0 -999.0} "" -999.0 -999.0 -999.0 -999.0 -999 -999 "" "" "" "" 0 0 0.0 0.0 -999 ""
FIBERMAP 960 R+13C6 METROLOGY 0 0 0 1 0 0 -55.00549823384809 255.7414211225036 143.1 -260.6315808278847 22.19157683509005 252.80751 11.42391 -999.0 -999.0 -999.0 -999.0 -999.0 36.56305231928732 -23.887238307838036 36.522533775392105 -23.76384388549497 72.66601067416282 76.67329714663663 -999.0 6231.0 -999.0 -1 -999 {-999.0 -999.0 -999.0 -999.0 -999.0} "" -999.0 -999.0 -999.0 -999.0 -999 -999 "" "" "" "" 0 0 0.0 0.0 -999 ""
FIBERMAP 961 R-2C8 APOGEE 0 0 0 1 0 0 -94.68838136616804 -50.25925622090779 143.1 20.368349432926728 -105.24101163677199 22.626938 46.614063 -999.0 -999.0 -999.0 -999.0 -999.0 37.493934787105225 -24.274757389386703 37.45158191145964 -24.15269040550891 72.0096860059813 78.86313682650518 -999.0 16600.0 -999.0 2 -999 {-999.0 -999.0 -999.0 -999.0 -999.0} "" -999.0 -999.0 -999.0 -999.0 -999 -999 "" "" "" "" 0 0 0.0 0.0 -999 ""
FIBERMAP 961 R-2C8 BOSS 1 0 0 1 0 0 -95.02509627940276 -51.03299918462287 143.1 21.00975104789257 -105.7892596731611 22.626938 46.614063 37.45096386209708 -24.33540853261431 -23.258896 -18.565882 2.314015 37.4961584185962 -24.27644808734232 37.453727795613474 -24.154407830936627 72.00842904385466 78.87052222027097 5400.0 5400.0 2016.0 1 497 {-999.0 16.859652 15.434116 15.075268 -999.0} sdss_psfmag_ps1 16.26462 15.387046 14.44604 12.608 63050395811943238 1125987541 bright_1x1 openfibertargets_mwm_snc_further_ext_boss open_fiber science 0 0 0.0 0.0 -999 ""
FIBERMAP 961 R-2C8 METROLOGY 0 0 0 1 0 0 -95.42407787025572 -50.39434460186366 143.1 20.28237674557256 -105.9840066342933 22.626938 46.614063 -999.0 -999.0 -999.0 -999.0 -999.0 37.49371922461109 -24.2770611130675 37.451310853187806 -24.15501011583883 72.01070773552155 78.86992726446658 -999.0 6231.0 -999.0 -1 -999 {-999.0 -999.0 -999.0 -999.0 -999.0} "" -999.0 -999.0 -999.0 -999.0 -999 -999 "" "" "" "" 0 0 0.0 0.0 -999 ""
FIBERMAP 966 R-8C2 APOGEE 0 0 0 1 0 0 -187.62787783474644 -155.15272881270573 143.1 93.49062260948557 -224.78694352512593 124.85185 158.43695 -999.0 -999.0 -999.0 -999.0 -999.0 37.73810252977219 -24.635011841944216 37.69475895597469 -24.51323084890113 71.91977230332292 80.19882160857355 -999.0 16600.0 -999.0 2 -999 {-999.0 -999.0 -999.0 -999.0 -999.0} "" -999.0 -999.0 -999.0 -999.0 -999 -999 "" "" "" "" 0 0 0.0 0.0 -999 ""
FIBERMAP 966 R-8C2 BOSS 1 1 0 1 0 0 -187.82707004847373 -154.4557983934446 143.1 92.76595008264529 -224.77360514303805 124.85185 158.43695 37.73573378264632 -24.634810956011176 11.211303 -53.830746 0.9265002 37.73577523135444 -24.634985823083316 37.692361796492605 -24.513223609342276 71.92183565486621 80.1965435134316 5400.0 5400.0 2016.0 1 456 {-999.0 18.209278 17.203775 16.75888 -999.0} sdss_psfmag_ps1 17.83891 17.175993 16.414963 14.755 63050395811942167 1072826104 bright_1x1 mwm_halo_local_high_boss_single mwm_halo science 0 0 0.0 0.0 -999 ""
FIBERMAP 966 R-8C2 METROLOGY 0 0 0 1 0 0 -187.09670531259698 -154.62608475025988 143.1 93.14236981115293 -224.12501236725066 124.85185 158.43695 -999.0 -999.0 -999.0 -999.0 -999.0 37.73702131669769 -24.63307176000483 37.69363059561101 -24.51130569946236 71.9201265934114 80.19188469537204 -999.0 6231.0 -999.0 -1 -999 {-999.0 -999.0 -999.0 -999.0 -999.0} "" -999.0 -999.0 -999.0 -999.0 -999 -999 "" "" "" "" 0 0 0.0 0.0 -999 ""
FIBERMAP 968 R0C21 APOGEE 1 1 0 1 0 0 166.57284919149157 -13.94448982053347 143.1 62.046643282774326 155.20281418935667 331.82584 87.02108 37.629800357126086 -23.48425352026663 -4.391223 -32.62301 4.933195 37.62977687873085 -23.48434761274395 37.588737811607984 -23.362717756655712 71.60963361065541 76.64407187341362 16000.0 16600.0 2016.0 2 83 {-999.0 13.03727 12.316403 12.077635 -999.0} sdss_psfmag_from_g3xp 12.843174 12.367602 11.732004 10.494 63050395811957195 1076236030 bright_1x1 mwm_snc_ext_main_apogee mwm_snc science 0 0 0.0 0.0 -999 ""
FIBERMAP 968 R0C21 BOSS 0 0 0 1 0 0 166.1514597763283 -14.57615681431971 143.1 62.52742639394102 154.6151472015163 331.82584 87.02108 -999.0 -999.0 -999.0 -999.0 -999.0 37.63147245302059 -23.4860343907137 37.59035618891369 -23.364433513570916 71.60890081637666 76.65088034298543 -999.0 5400.0 -999.0 1 254 {-999.0 -999.0 -999.0 -999.0 -999.0} "" -999.0 -999.0 -999.0 -999.0 -999 -999 "" "" "" "" 0 0 0.0 0.0 -999 ""
FIBERMAP 968 R0C21 METROLOGY 0 0 0 1 0 0 165.82295510604115 -13.924266151966954 143.1 61.80800573955561 154.49166263600554 331.82584 87.02108 -999.0 -999.0 -999.0 -999.0 -999.0 37.629084153286435 -23.486400830578656 37.58799051983283 -23.364788476177466 71.61104691452887 76.64933895575007 -999.0 6231.0 -999.0 -1 -999 {-999.0 -999.0 -999.0 -999.0 -999.0} "" -999.0 -999.0 -999.0 -999.0 -999 -999 "" "" "" "" 0 0 0.0 0.0 -999 ""
FIBERMAP 970 R-3C14 APOGEE 1 1 0 1 0 0 47.38063682118944 -75.33430927567316 143.1 85.89238385872248 23.27565776384591 23.426003 19.16432 37.7105712890625 -23.884038749465745 -999.0 -999.0 -999.0 37.7105731090744 -23.884062595171468 37.6686861297523 -23.76244843570562 71.68774998874852 77.9108078305004 16000.0 16600.0 2015.5 2 231 {-999.0 -999.0 -999.0 -999.0 -999.0} "" -999.0 -999.0 -999.0 -999.0 27021603163404335 836447915 "" ops_sky_apogee_best ops_sky sky_apogee 0 0 0.0 0.0 -999 ""
FIBERMAP 970 R-3C14 BOSS 0 0 0 1 0 0 46.88169116633994 -75.86234877740905 143.1 86.25139544085806 22.644134586319304 23.426003 19.16432 -999.0 -999.0 -999.0 -999.0 -999.0 37.711899416611544 -23.885937206035425 37.66993481771851 -23.764349920476224 71.68736001020787 77.91775866034351 -999.0 5400.0 -999.0 1 340 {-999.0 -999.0 -999.0 -999.0 -999.0} "" -999.0 -999.0 -999.0 -999.0 -999 -999 "" "" "" "" 0 0 0.0 0.0 -999 ""
FIBERMAP 970 R-3C14 METROLOGY 0 0 0 1 0 0 46.65998534521525 -75.15602702392827 143.1 85.51115882188031 22.638691349428356 23.426003 19.16432 -999.0 -999.0 -999.0 -999.0 -999.0 37.70943148509117 -23.885966683194855 37.66749041784789 -23.76436830006029 71.68945678949144 77.91527552893979 -999.0 6231.0 -999.0 -1 -999 {-999.0 -999.0 -999.0 -999.0 -999.0} "" -999.0 -999.0 -999.0 -999.0 -999 -999 "" "" "" "" 0 0 0.0 0.0 -999 ""
FIBERMAP 974 R+9C1 APOGEE 0 0 0 1 0 0 -199.966555153223 168.34794530577244 143.1 -219.45640030090422 -141.98085011210256 199.67204 129.89983 -999.0 -999.0 -999.0 -999.0 -999.0 36.69740185687157 -24.38437925372492 36.65584856557831 -24.261035725138576 72.7288492907429 78.38144803025818 -999.0 16600.0 -999.0 2 47 {-999.0 -999.0 -999.0 -999.0 -999.0} "" -999.0 -999.0 -999.0 -999.0 -999 -999 "" "" "" "" 0 0 0.0 0.0 -999 ""
FIBERMAP 974 R+9C1 BOSS 1 1 0 1 0 0 -200.6565549989604 168.68887840594059 143.1 -219.98419200538981 -142.540941086728 199.67204 129.89983 36.695709228515625 -24.386037208995873 -999.0 -999.0 -999.0 36.695724413866074 -24.386037257766695 36.654101475017 -24.26271349194216 72.73092025727156 78.38492083928105 5400.0 5400.0 2015.5 1 83 {-999.0 -999.0 -999.0 -999.0 -999.0} "" -999.0 -999.0 -999.0 -999.0 27021603163415640 822007023 "" ops_sky_boss_good ops_sky sky_boss 0 0 0.0 0.0 -999 ""
FIBERMAP 974 R+9C1 METROLOGY 0 0 0 1 0 0 -200.0162247650587 169.0889855576719 143.1 -220.1795252255812 -141.81163532940013 199.67204 129.89983 -999.0 -999.0 -999.0 -999.0 -999.0 36.69501447408903 -24.383864759202822 36.65341592800587 -24.260534038905426 72.73076118757315 78.37730208348796 -999.0 6231.0 -999.0 -1 -999 {-999.0 -999.0 -999.0 -999.0 -999.0} "" -999.0 -999.0 -999.0 -999.0 -999 -999 "" "" "" "" 0 0 0.0 0.0 -999 ""
FIBERMAP 976 R-8C8 APOGEE 0 0 0 1 0 0 -36.82064779578803 -152.39199527690292 143.1 134.9528500835409 -79.77429304075623 330.0675 156.006 -999.0 -999.0 -999.0 -999.0 -999.0 37.874704069611724 -24.196032001882028 37.83202380978781 -24.074591427116385 71.65659501342904 79.00672519644525 -999.0 16600.0 -999.0 2 -999 {-999.0 -999.0 -999.0 -999.0 -999.0} "" -999.0 -999.0 -999.0 -999.0 -999 -999 "" "" "" "" 0 0 0.0 0.0 -999 ""
FIBERMAP 976 R-8C8 BOSS 1 1 0 1 0 0 -36.353724060620294 -152.93412187479706 143.1 135.6077911503359 -79.48634958929956 330.0675 156.006 37.87699511531373 -24.195166917178042 -0.057415415 0.13033831 -0.060751576 37.877009331434 -24.195155736614083 37.834254633494595 -24.073743302077485 71.65439114533993 79.00639553514787 5400.0 5400.0 2016.0 1 382 {-999.0 18.426332 18.281372 18.152746 18.082455} sdss_psfmag_from_gaiadr2 18.386238 18.27193 17.894253 -999.0 63050395811944055 1057697240 bright_flexible_2x1 bhm_gua_bright bhm_filler science 0 0 0.0 0.0 -999 ""
FIBERMAP 976 R-8C8 METROLOGY 0 0 0 1 0 0 -37.109726347108634 -153.08187338784896 143.1 135.5279890096736 -80.25246464693912 330.0675 156.006 -999.0 -999.0 -999.0 -999.0 -999.0 37.876750449516145 -24.197495552807194 37.83401238367867 -24.076075179128967 71.65539317258009 79.01312234270881 -999.0 6231.0 -999.0 -1 -999 {-999.0 -999.0 -999.0 -999.0 -999.0} "" -999.0 -999.0 -999.0 -999.0 -999 -999 "" "" "" "" 0 0 0.0 0.0 -999 ""
FIBERMAP 977 R+4C7 APOGEE 1 1 0 1 0 0 -112.90379456321799 86.23460246286655 143.1 -115.47710038946636 -82.74270596322808 47.18011 155.74515 37.0418761047467 -24.206591186976205 -999.0 -999.0 -999.0 37.04187665740158 -24.2065885688328 37.000218779022134 -24.083830538032664 72.3728220626898 78.1883603956087 16000.0 16600.0 2016.0 2 31 {-999.0 11.697886 11.337089 11.161087 -999.0} sdss_psfmag_from_g3xp 11.628559 11.445991 10.827967 9.974 63050395811943461 1103560276 bright_1x1 mwm_tess_2min_apogee mwm_planet science 0 0 0.0 0.0 -999 ""
FIBERMAP 977 R+4C7 BOSS 0 0 0 1 0 0 -112.22880436944462 86.55579022853024 143.1 -115.58683313180067 -82.00333676929223 47.18011 155.74515 -999.0 -999.0 -999.0 -999.0 -999.0 37.04152333014647 -24.20436066396588 36.999800067821525 -24.08162640838369 72.37241384255957 78.18109723141782 -999.0 5400.0 -999.0 1 52 {-999.0 -999.0 -999.0 -999.0 -999.0} "" -999.0 -999.0 -999.0 -999.0 -999 -999 "" "" "" "" 0 0 0.0 0.0 -999 ""
FIBERMAP 977 R+4C7 METROLOGY 0 0 0 1 0 0 -112.27285960924836 85.81563212928036 143.1 -114.89196066031538 -82.2619154083574 47.18011 155.74515 -999.0 -999.0 -999.0 -999.0 -999.0 37.04379756682389 -24.205164992327028 37.00208977544844 -24.082427345626872 72.37073255451581 78.18597779511435 -999.0 6231.0 -999.0 -1 -999 {-999.0 -999.0 -999.0 -999.0 -999.0} "" -999.0 -999.0 -999.0 -999.0 -999 -999 "" "" "" "" 0 0 0.0 0.0 -999 ""
FIBERMAP 978 R-1C23 APOGEE 0 0 0 1 0 0 227.18989907455176 -13.496365259399308 143.1 79.34500144258853 213.29726463995422 40.314598 99.17462 -999.0 -999.0 -999.0 -999.0 -999.0 37.68592615367127 -23.308918921943086 37.6451460056997 -23.187427642773926 71.49522459572928 76.19356426205377 -999.0 16600.0 -999.0 2 -999 {-999.0 -999.0 -999.0 -999.0 -999.0} "" -999.0 -999.0 -999.0 -999.0 -999 -999 "" "" "" "" 0 0 0.0 0.0 -999 ""
FIBERMAP 978 R-1C23 BOSS 1 1 0 1 0 0 227.7361281649497 -13.991243586173095 143.1 79.97795471637164 213.6748589706064 40.314598 99.17462 37.68831155709462 -23.30697861608105 -68.855446 -249.12053 3.2304957 37.68809109973793 -23.30771576614677 37.64723843653934 -23.186255741349044 71.49299908660785 76.19247290321056 5400.0 5400.0 2016.0 1 288 {-999.0 15.172893 14.43333 14.134283 -999.0} sdss_psfmag_from_g3xp 14.960448 14.455145 13.786968 12.454 63050395811957362 1072537113 bright_1x1 mwm_halo_local_high_boss_single mwm_halo science 0 0 0.0 0.0 -999 ""
FIBERMAP 978 R-1C23 METROLOGY 0 0 0 1 0 0 227.05039500290195 -14.231237241984864 143.1 80.00690612920089 212.9489615317953 40.314598 99.17462 -999.0 -999.0 -999.0 -999.0 -999.0 37.688193215022125 -23.30987540041078 37.64735684773518 -23.188407135547795 71.4937219708072 76.19886590607496 -999.0 6231.0 -999.0 -1 -999 {-999.0 -999.0 -999.0 -999.0 -999.0} "" -999.0 -999.0 -999.0 -999.0 -999 -999 "" "" "" "" 0 0 0.0 0.0 -999 ""
FIBERMAP 980 R+4C20 APOGEE 0 0 0 1 0 0 163.87271551596996 79.76066885262908 143.1 -28.345986916396807 180.02404476340078 190.1567 97.69524 -999.0 -999.0 -999.0 -999.0 -999.0 37.33085927089689 -23.409829350990456 37.290322453564556 -23.287748288425355 71.83484571985852 76.09187813060703 -999.0 16600.0 -999.0 2 -999 {-999.0 -999.0 -999.0 -999.0 -999.0} "" -999.0 -999.0 -999.0 -999.0 -999 -999 "" "" "" "" 0 0 0.0 0.0 -999 ""
FIBERMAP 980 R+4C20 BOSS 1 1 0 1 0 0 163.62466835448927 80.48006817005813 143.1 -29.106431867331064 179.99723774421284 190.1567 97.69524 37.32839590469138 -23.409817683457014 -6.1128235 -3.8248687 1.0164932 37.32840754297707 -23.409826139672937 37.28780293514177 -23.287768099972393 71.83699196167184 76.08910042619158 5400.0 5400.0 2016.0 1 213 {-999.0 14.3348465 13.962728 13.842895 -999.0} sdss_psfmag_from_g3xp 14.272181 13.9759445 13.512958 12.695 63050395811957115 979197176 "" ops_std_boss ops_std standard_boss 0 0 0.0 0.0 -999 ""
FIBERMAP 980 R+4C20 METROLOGY 0 0 0 1 0 0 164.36974197013427 80.31965268124753 143.1 -28.73514941871813 180.66278212421474 190.1567 97.69524 -999.0 -999.0 -999.0 -999.0 -999.0 37.32960897189472 -23.40779863797724 37.289026708219126 -23.28573544887786 71.8351764484559 76.0844527787674 -999.0 6231.0 -999.0 -1 -999 {-999.0 -999.0 -999.0 -999.0 -999.0} "" -999.0 -999.0 -999.0 -999.0 -999 -999 "" "" "" "" 0 0 0.0 0.0 -999 ""
FIBERMAP 981 R-9C12 APOGEE 1 1 0 1 0 0 57.755455306795675 -161.57074295473703 143.1 171.38763619325925 7.977291017526655 84.71218 115.903145 37.9940491642762 -23.929178662417982 -9.888327 -40.173256 3.9320252 37.994011261093604 -23.92930824493592 37.9516889892962 -23.808133129156953 71.46174399923356 78.3361381555315 16000.0 16600.0 2016.0 2 168 {-999.0 9.72786 9.02212 8.764975 -999.0} sdss_psfmag_from_g3xp 9.541268 9.064972 8.422916 7.174 63050395811945181 1103529150 bright_1x1 mwm_tess_2min_apogee mwm_planet science 0 0 0.0 0.0 -999 ""
FIBERMAP 981 R-9C12 BOSS 0 0 0 1 0 0 58.428156665362444 -161.27533756340864 143.1 171.30188779570864 8.706931771294613 84.71218 115.903145 -999.0 -999.0 -999.0 -999.0 -999.0 37.99385733060859 -23.927068368238615 37.951465921528325 -23.805918940400794 71.4611560335384 78.32939344861222 -999.0 5400.0 -999.0 1 401 {-999.0 -999.0 -999.0 -999.0 -999.0} "" -999.0 -999.0 -999.0 -999.0 -999 -999 "" "" "" "" 0 0 0.0 0.0 -999 ""
FIBERMAP 981 R-9C12 METROLOGY 0 0 0 1 0 0 58.33627737644846 -162.0307891495625 143.1 171.99739857021743 8.398150258442394 84.71218 115.903145 -999.0 -999.0 -999.0 -999.0 -999.0 37.996165034893096 -23.92799901304817 37.953789857429 -23.806845841908615 71.45949190698846 78.33447496538975 -999.0 6231.0 -999.0 -1 -999 {-999.0 -999.0 -999.0 -999.0 -999.0} "" -999.0 -999.0 -999.0 -999.0 -999 -999 "" "" "" "" 0 0 0.0 0.0 -999 ""
FIBERMAP 982 R+12C10 APOGEE 0 0 0 1 0 0 54.65281481958008 227.4598090612573 143.1 -201.51955642199565 118.77866645272032 314.41238 131.66864 -999.0 -999.0 -999.0 -999.0 -999.0 36.75905297992344 -23.595445333301328 36.718874333850295 -23.47241846898434 72.39017117040035 75.9971910175442 -999.0 16600.0 -999.0 2 -999 {-999.0 -999.0 -999.0 -999.0 -999.0} "" -999.0 -999.0 -999.0 -999.0 -999 -999 "" "" "" "" 0 0 0.0 0.0 -999 ""
FIBERMAP 982 R+12C10 BOSS 1 1 0 1 0 0 54.604436497254625 226.67098467895704 143.1 -200.77941238789893 118.50172200404977 314.41238 131.66864 36.761514593562794 -23.596188562859908 6.0632586 -21.889273 0.61864966 36.76151853809646 -23.596239562291647 36.72126675151554 -23.47324215376841 72.38845404303319 76.00246445186644 5400.0 5400.0 2016.0 1 160 {-999.0 16.160625 15.707212 15.670964 -999.0} sdss_psfmag_ps1 16.0234 15.724276 15.245174 14.362 63050395811956248 1072883476 bright_1x1 mwm_halo_local_high_boss_single mwm_halo science 0 0 0.0 0.0 -999 ""
FIBERMAP 982 R+12C10 METROLOGY 0 0 0 1 0 0 53.99261536916747 227.10819150983104 143.1 -201.37640061826752 118.04454160967823 314.41238 131.66864 -999.0 -999.0 -999.0 -999.0 -999.0 36.759491801169645 -23.597609399023636 36.71925946309506 -23.474601129801712 72.3906733733375 76.00430859297757 -999.0 6231.0 -999.0 -1 -999 {-999.0 -999.0 -999.0 -999.0 -999.0} "" -999.0 -999.0 -999.0 -999.0 -999 -999 "" "" "" "" 0 0 0.0 0.0 -999 ""
FIBERMAP 987 R-13C12 APOGEE 0 0 0 1 0 0 91.80299295337917 -272.08257979775703 143.1 287.0184366032545 8.216211461616398 315.35126 26.976683 -999.0 -999.0 -999.0 -999.0 -999.0 38.37460135445314 -23.926191076760983 38.331816108599924 -23.805628338848745 71.13509882080571 78.7086052775253 -999.0 16600.0 -999.0 2 160 {-999.0 -999.0 -999.0 -999.0 -999.0} "" -999.0 -999.0 -999.0 -999.0 -999 -999 "" "" "" "" 0 0 0.0 0.0 -999 ""
FIBERMAP 987 R-13C12 BOSS 1 1 0 1 0 0 91.07588953330175 -271.8812370725748 143.1 286.6132738094684 7.5798193621602445 315.35126 26.976683 38.373280375401016 -23.928033623160257 28.03805 -12.190836 2.356306 38.37333498147252 -23.928099825407074 38.33047258260825 -23.807560034371924 71.13692412982442 78.71288045808541 5400.0 5400.0 2016.0 1 350 {-999.0 17.346237 16.121574 15.388046 -999.0} sdss_psfmag_ps1 16.767328 15.879085 14.947337 13.088 63050395811944325 1120550467 bright_1x1 openfibertargets_mwm_snc_further_ext_boss open_fiber science 0 0 0.0 0.0 -999 ""
FIBERMAP 987 R-13C12 METROLOGY 0 0 0 1 0 0 91.61159655237323 -271.358728919534 143.1 286.2703019311098 8.244877002683005 315.35126 26.976683 -999.0 -999.0 -999.0 -999.0 -999.0 38.37223611792157 -23.926103239996497 38.32940016446315 -23.805555007949142 71.13714506619544 78.70600998591004 -999.0 6231.0 -999.0 -1 -999 {-999.0 -999.0 -999.0 -999.0 -999.0} "" -999.0 -999.0 -999.0 -999.0 -999 -999 "" "" "" "" 0 0 0.0 0.0 -999 ""
FIBERMAP 992 R-2C20 APOGEE 0 0 0 1 0 0 159.38535065452217 -29.907699614729065 143.1 75.20911344873106 143.66167971421908 38.684303 148.28023 -999.0 -999.0 -999.0 -999.0 -999.0 37.67345054949668 -23.51916961782222 37.63229327288269 -23.397599228815913 71.58562659616875 76.79395108954373 -999.0 16600.0 -999.0 2 -999 {-999.0 -999.0 -999.0 -999.0 -999.0} "" -999.0 -999.0 -999.0 -999.0 -999 -999 "" "" "" "" 0 0 0.0 0.0 -999 ""
FIBERMAP 992 R-2C20 BOSS 1 1 0 1 0 0 160.12799873900298 -29.828988800708846 143.1 75.35102856881814 144.39483490129766 38.684303 148.28023 37.67400731560125 -23.516841373463603 3.2157428 -1.9840012 0.24964884 37.67401316643921 -23.51686581457178 37.63278734604239 -23.395323641504767 71.58435596386782 76.7878051218363 5400.0 5400.0 2016.0 1 304 {-999.0 17.290874 16.821955 16.767073 -999.0} sdss_psfmag_ps1 17.187845 16.868637 16.400732 15.435 63050395811957183 980984271 "" ops_std_boss_tic ops_std standard_boss 0 0 0.0 0.0 -999 ""
FIBERMAP 992 R-2C20 METROLOGY 0 0 0 1 0 0 159.83149964988664 -30.508073906926327 143.1 75.91367691462055 143.9127239171921 38.684303 148.28023 -999.0 -999.0 -999.0 -999.0 -999.0 37.67587006649958 -23.51831091818029 37.634659727916755 -23.396763722991718 71.58329984099316 76.79406545155575 -999.0 6231.0 -999.0 -1 -999 {-999.0 -999.0 -999.0 -999.0 -999.0} "" -999.0 -999.0 -999.0 -999.0 -999 -999 "" "" "" "" 0 0 0.0 0.0 -999 ""
FIBERMAP 998 R+3C8 APOGEE 0 0 0 1 0 0 -93.4890777271073 61.050295255620455 143.1 -85.7176488626859 -71.54281749414616 305.90417 170.82985 -999.0 -999.0 -999.0 -999.0 -999.0 37.14074642120002 -24.17276843252732 37.09902751360272 -24.05017451226688 72.27652973782457 78.1878763562143 -999.0 16600.0 -999.0 2 -999 {-999.0 -999.0 -999.0 -999.0 -999.0} "" -999.0 -999.0 -999.0 -999.0 -999 -999 "" "" "" "" 0 0 0.0 0.0 -999 ""
FIBERMAP 998 R+3C8 BOSS 1 1 0 1 0 0 -93.14077883805611 60.37465007060863 143.1 -84.96972496761701 -71.40735202525092 305.90417 170.82985 37.143243772293424 -24.172288606666026 8.240225 -26.47462 0.49238327 37.14325278895737 -24.172374113515925 37.10146111977491 -24.049808110425847 72.27431898566084 78.18929161723224 5400.0 5400.0 2016.0 1 53 {-999.0 15.978799 15.775245 15.580133 -999.0} sdss_psfmag_ps1 15.92428 15.684978 15.273116 14.562 63050395811943541 976503591 "" ops_std_boss ops_std standard_boss 0 0 0.0 0.0 -999 ""
FIBERMAP 998 R+3C8 METROLOGY 0 0 0 1 0 0 -93.8910946121814 60.41951744932776 143.1 -85.23205070532242 -72.111699994209 305.90417 170.82985 -999.0 -999.0 -999.0 -999.0 -999.0 37.14235252930454 -24.174524048145514 37.10057791975646 -24.05194925880168 72.2758208964736 78.19496107887915 -999.0 6231.0 -999.0 -1 -999 {-999.0 -999.0 -999.0 -999.0 -999.0} "" -999.0 -999.0 -999.0 -999.0 -999 -999 "" "" "" "" 0 0 0.0 0.0 -999 ""
FIBERMAP 1001 R+8C12 APOGEE 0 0 0 1 0 0 62.29875099512048 156.4648058625906 143.1 -131.39654133493883 105.3280881166989 35.441113 79.518196 -999.0 -999.0 -999.0 -999.0 -999.0 36.98999301187779 -23.63612871833238 36.94945557018781 -23.5134497488274 72.2098532215647 76.38480742312737 -999.0 16600.0 -999.0 2 -999 {-999.0 -999.0 -999.0 -999.0 -999.0} "" -999.0 -999.0 -999.0 -999.0 -999 -999 "" "" "" "" 0 0 0.0 0.0 -999 ""
FIBERMAP 1001 R+8C12 BOSS 1 1 0 1 0 0 62.626327865003574 155.8316219647528 143.1 -130.69527984012655 105.45615610921475 35.441113 79.518196 36.992340087890625 -23.635679481671744 -999.0 -999.0 -999.0 36.99232532536122 -23.63567352739136 36.9517162915825 -23.513024157865864 72.20777204951551 76.38606315877229 5400.0 5400.0 2015.5 1 145 {-999.0 -999.0 -999.0 -999.0 -999.0} "" -999.0 -999.0 -999.0 -999.0 27021603163417863 814338978 "" ops_sky_boss_good ops_sky sky_boss 0 0 0.0 0.0 -999 ""
FIBERMAP 1001 R+8C12 METROLOGY 0 0 0 1 0 0 61.892227523480344 155.83692300424698 143.1 -130.9150292998894 104.75574291543033 35.441113 79.518196 -999.0 -999.0 -999.0 -999.0 -999.0 36.991555103987466 -23.637789486504893 36.95096283594512 -23.51513099342083 72.20920318498568 76.39160554057435 -999.0 6231.0 -999.0 -1 -999 {-999.0 -999.0 -999.0 -999.0 -999.0} "" -999.0 -999.0 -999.0 -999.0 -999 -999 "" "" "" "" 0 0 0.0 0.0 -999 ""
FIBERMAP 1002 R+12C5 APOGEE 0 0 0 1 0 0 -57.749138109033645 219.5100803669426 143.1 -226.78870006029527 8.972543783819136 329.4173 91.22322 -999.0 -999.0 -999.0 -999.0 -999.0 36.674126211203046 -23.927627256546174 36.63344398888319 -23.80437554074955 72.58644194433577 76.92417657393833 -999.0 16600.0 -999.0 2 -999 {-999.0 -999.0 -999.0 -999.0 -999.0} "" -999.0 -999.0 -999.0 -999.0 -999 -999 "" "" "" "" 0 0 0.0 0.0 -999 ""
FIBERMAP 1002 R+12C5 BOSS 1 1 0 1 0 0 -58.1030784031087 218.87427601181702 143.1 -226.28423587254062 8.448163247563887 329.4173 91.22322 36.67576179736547 -23.929175145897503 11.078684 -1.5535197 1.017581 36.67580652918331 -23.929193955851733 36.635050889044294 -23.805968945065864 72.5856546472508 76.93092639320707 5400.0 5400.0 2016.0 1 164 {-999.0 15.695277 15.438144 15.206841 -999.0} sdss_psfmag_ps1 15.637284 15.32156 14.837661 13.976 63050395811955313 940018816 bright_1x1 openfibertargets_nov2020_34a open_fiber science 0 0 0.0 0.0 -999 ""
FIBERMAP 1002 R+12C5 METROLOGY 0 0 0 1 0 0 -58.497065769745795 219.49995954001218 143.1 -226.9977464455183 8.254398618732179 329.4173 91.22322 -999.0 -999.0 -999.0 -999.0 -999.0 36.673396385621956 -23.92977906285906 36.63266207943417 -23.80654319955866 72.58789905285829 76.93004812343565 -999.0 6231.0 -999.0 -1 -999 {-999.0 -999.0 -999.0 -999.0 -999.0} "" -999.0 -999.0 -999.0 -999.0 -999 -999 "" "" "" "" 0 0 0.0 0.0 -999 ""
FIBERMAP 1003 R-2C13 APOGEE 0 0 0 1 0 0 7.544013239832297 -40.21150605131797 143.1 40.65732910365779 -4.545705849330879 275.9204 169.1009 -999.0 -999.0 -999.0 -999.0 -999.0 37.560674038968386 -23.968973029447582 37.518812948887216 -23.847097352342058 71.84600008028967 78.00801471023613 -999.0 16600.0 -999.0 2 -999 {-999.0 -999.0 -999.0 -999.0 -999.0} "" -999.0 -999.0 -999.0 -999.0 -999 -999 "" "" "" "" 0 0 0.0 0.0 -999 ""
FIBERMAP 1003 R-2C13 BOSS 1 1 0 1 0 0 7.485235882612746 -40.96794638934301 143.1 41.36346568226428 -4.823123693602851 275.9204 169.1009 37.56306268260015 -23.969772903559136 15.65275 -5.3233824 2.0579538 37.56312388593745 -23.969787736494833 37.52118632027867 -23.847940597142212 71.84426836355121 78.01301182023644 5400.0 5400.0 2016.0 1 420 {-999.0 16.490376 15.5433 14.981047 -999.0} sdss_psfmag_ps1 16.043707 15.358082 14.56109 12.994 63050395811944928 1124459063 bright_1x1 openfibertargets_mwm_snc_further_ext_boss open_fiber science 0 0 0.0 0.0 -999 ""
FIBERMAP 1003 R-2C13 METROLOGY 0 0 0 1 0 0 6.87693248205887 -40.54988672364506 143.1 40.78581513152013 -5.2825397586732326 275.9204 169.1009 -999.0 -999.0 -999.0 -999.0 -999.0 37.56119128436551 -23.971195596446627 37.51927385514449 -23.849337945130042 71.84639886974654 78.0152193986151 -999.0 6231.0 -999.0 -1 -999 {-999.0 -999.0 -999.0 -999.0 -999.0} "" -999.0 -999.0 -999.0 -999.0 -999 -999 "" "" "" "" 0 0 0.0 0.0 -999 ""
FIBERMAP 1005 R+8C16 APOGEE 0 0 0 1 0 0 140.97078938432256 140.1113384804156 143.1 -92.75211379367569 175.773667227246 316.85245 90.84647 -999.0 -999.0 -999.0 -999.0 -999.0 37.11821097489803 -23.42297263775006 37.07790892320554 -23.300554060708798 72.01997692316966 75.88917785519493 -999.0 16600.0 -999.0 2 -999 {-999.0 -999.0 -999.0 -999.0 -999.0} "" -999.0 -999.0 -999.0 -999.0 -999 -999 "" "" "" "" 0 0 0.0 0.0 -999 ""
FIBERMAP 1005 R+8C16 BOSS 1 1 0 1 0 0 140.48967181321802 139.53969574768195 143.1 -92.34619416183567 175.1464403289402 316.85245 90.84647 37.119556866212044 -23.424875394345406 6.480626 12.5375805 1.1538649 37.11958681673878 -23.424788120679544 37.07920976964033 -23.302397891476346 72.01958126567801 75.89617893120186 5400.0 5400.0 2016.0 1 210 {-999.0 16.384357 15.804032 15.629937 -999.0} sdss_psfmag_ps1 16.23793 15.80487 15.201452 14.007 63050395811957823 1096757121 bright_1x1 mwm_bin_vis_boss mwm_filler science 0 0 0.0 0.0 -999 ""
FIBERMAP 1005 R+8C16 METROLOGY 0 0 0 1 0 0 140.23792650272082 140.26103889312887 143.1 -93.10957933291206 175.11666550915768 316.85245 90.84647 -999.0 -999.0 -999.0 -999.0 -999.0 37.11703390359105 -23.424864797884773 37.076679665925155 -23.30246298097509 72.02175207127935 75.89348489282577 -999.0 6231.0 -999.0 -1 -999 {-999.0 -999.0 -999.0 -999.0 -999.0} "" -999.0 -999.0 -999.0 -999.0 -999 -999 "" "" "" "" 0 0 0.0 0.0 -999 ""
FIBERMAP 1007 R+12C9 APOGEE 0 0 0 1 0 0 6.126232492696751 234.6788264000754 143.1 -222.61367060372626 74.48757674188198 197.8887 90.15018 -999.0 -999.0 -999.0 -999.0 -999.0 36.688871261404884 -23.729336188764808 36.64853418999934 -23.60616293131822 72.50033172853352 76.327257126299 -999.0 16600.0 -999.0 2 -999 {-999.0 -999.0 -999.0 -999.0 -999.0} "" -999.0 -999.0 -999.0 -999.0 -999 -999 "" "" "" "" 0 0 0.0 0.0 -999 ""
FIBERMAP 1007 R+12C9 BOSS 1 1 0 1 0 0 5.886115818848509 235.41583324823154 143.1 -223.38863308195968 74.47350218584882 197.8887 90.15018 36.686293002649094 -23.729315565926193 16.217495 -6.6874437 1.5810869 36.6863588701893 -23.729339708504273 36.64595648799161 -23.606187866655823 72.50253133077626 76.32439346359695 5400.0 5400.0 2016.0 1 161 {-999.0 18.12081 16.77728 16.210651 -999.0} sdss_psfmag_ps1 17.595879 16.724308 15.816204 13.982 63050395811956168 1096538187 bright_1x1 mwm_bin_vis_boss mwm_filler science 0 0 0.0 0.0 -999 ""
FIBERMAP 1007 R+12C9 METROLOGY 0 0 0 1 0 0 6.620530436520649 235.24022444026397 143.1 -223.0059395562591 75.12441105172353 197.8887 90.15018 -999.0 -999.0 -999.0 -999.0 -999.0 36.68756931450037 -23.72736681205892 36.64718843031574 -23.604210232541735 72.50074416823765 76.31970016262733 -999.0 6231.0 -999.0 -1 -999 {-999.0 -999.0 -999.0 -999.0 -999.0} "" -999.0 -999.0 -999.0 -999.0 -999 -999 "" "" "" "" 0 0 0.0 0.0 -999 ""
FIBERMAP 1008 R0C26 APOGEE 1 1 0 1 0 0 273.14296849021406 -10.49986607093166 143.1 89.91820779240429 258.1149309928112 276.01947 132.27248 37.71964635919119 -23.174064473352633 56.154385 -31.01117 8.12806 37.71983666479754 -23.174146550592486 37.67926652083963 -23.05274720423498 71.41434193027753 75.84089402891334 16000.0 16600.0 2016.0 2 106 {-999.0 10.005746 9.6491165 9.537022 -999.0} sdss_psfmag_from_g3xp 9.950999 9.66436 9.21137 8.471 63050395811957570 1076236032 bright_1x1 mwm_snc_ext_main_apogee mwm_snc science 0 0 0.0 0.0 -999 ""
FIBERMAP 1008 R0C26 BOSS 0 0 0 1 0 0 272.68083999089106 -11.0788794212083 143.1 90.33672854510233 257.5037064113076 276.01947 132.27248 -999.0 -999.0 -999.0 -999.0 -999.0 37.72129373145876 -23.175960431993136 37.68064624057098 -23.054590886591697 71.41388795995853 75.84777136057602 -999.0 5400.0 -999.0 1 180 {-999.0 -999.0 -999.0 -999.0 -999.0} "" -999.0 -999.0 -999.0 -999.0 -999 -999 "" "" "" "" 0 0 0.0 0.0 -999 ""
FIBERMAP 1008 R0C26 METROLOGY 0 0 0 1 0 0 272.42096349099427 -10.361904228008862 143.1 89.57514222220138 257.4648789983819 276.01947 132.27248 -999.0 -999.0 -999.0 -999.0 -999.0 37.718790000639224 -23.176037171261566 37.678165851764845 -23.054655689554902 71.41601633947712 75.84517825737714 -999.0 6231.0 -999.0 -1 -999 {-999.0 -999.0 -999.0 -999.0 -999.0} "" -999.0 -999.0 -999.0 -999.0 -999 -999 "" "" "" "" 0 0 0.0 0.0 -999 ""
FIBERMAP 1015 R+8C1 APOGEE 0 0 0 1 0 0 -214.14351216494356 159.9629557951499 143.1 -215.58439557061624 -157.98928702335408 161.82938 115.32327 -999.0 -999.0 -999.0 -999.0 -999.0 36.710212854571914 -24.432758506543784 36.66855373632211 -24.309421299902336 72.73447075751025 78.5479767925658 -999.0 16600.0 -999.0 2 48 {-999.0 -999.0 -999.0 -999.0 -999.0} "" -999.0 -999.0 -999.0 -999.0 -999 -999 "" "" "" "" 0 0 0.0 0.0 -999 ""
FIBERMAP 1015 R+8C1 BOSS 1 1 0 1 0 0 -214.26722362736996 160.7182450433173 143.1 -216.34279852646074 -157.88670576100787 161.82938 115.32327 36.70777675155749 -24.432398982622004 0.4737869 0.033018474 0.08628461 36.707778865086375 -24.432407486466705 36.66605471592641 -24.309089262556007 72.73649972313697 78.54431612284128 5400.0 5400.0 2016.0 1 84 {-999.0 19.28714 19.504368 19.43832 -999.0} sdss_psfmag_ps1 19.63176 19.647366 18.941908 -999.0 63050395811954485 1117293165 bright_1x1 openfibertargets_bhm_quaia_boss open_fiber science 0 0 0.0 0.0 -999 ""
FIBERMAP 1015 R+8C1 METROLOGY 0 0 0 1 0 0 -213.57384986696715 160.4414725918533 143.1 -215.8753720240608 -157.3046254165324 161.82938 115.32327 -999.0 -999.0 -999.0 -999.0 -999.0 36.70925678410856 -24.43069909033709 36.66755340931951 -24.3073772179603 72.73463319519377 78.54045568490648 -999.0 6231.0 -999.0 -1 -999 {-999.0 -999.0 -999.0 -999.0 -999.0} "" -999.0 -999.0 -999.0 -999.0 -999 -999 "" "" "" "" 0 0 0.0 0.0 -999 ""
FIBERMAP 1020 R-3C9 APOGEE 1 1 0 1 0 0 -86.01474551851946 -70.31054593953266 143.1 42.07836859559401 -102.81088802743324 246.75684 108.68711 37.56610750810948 -24.26723446456157 24.535711 2.5698018 3.1330957 37.566194525216346 -24.26720277717245 37.5237652841887 -24.145252161441963 71.94521640144676 78.91293285613807 16000.0 16600.0 2016.0 2 291 {-999.0 12.753245 12.330158 12.19802 -999.0} sdss_psfmag_from_g3xp 12.673849 12.35181 11.864126 10.999 63050395811943262 975170722 "" ops_std_apogee ops_std standard_apogee 0 0 0.0 0.0 -999 ""
FIBERMAP 1020 R-3C9 BOSS 0 0 0 1 0 0 -86.76239136831666 -70.15174733070538 143.1 41.707880019578106 -103.47936487697477 246.75684 108.68711 -999.0 -999.0 -999.0 -999.0 -999.0 37.565062911830914 -24.269264241037064 37.522559160863125 -24.147335012176473 71.94695944849227 78.91804633236472 -999.0 5400.0 -999.0 1 478 {-999.0 -999.0 -999.0 -999.0 -999.0} "" -999.0 -999.0 -999.0 -999.0 -999 -999 "" "" "" "" 0 0 0.0 0.0 -999 ""
FIBERMAP 1020 R-3C9 METROLOGY 0 0 0 1 0 0 -86.23365434015261 -69.59979459806576 143.1 41.334714259131545 -102.8123613200351 246.75684 108.68711 -999.0 -999.0 -999.0 -999.0 -999.0 37.563799810384104 -24.267262705264194 37.52132183826245 -24.14532531144619 71.94733813745538 78.91070891363825 -999.0 6231.0 -999.0 -1 -999 {-999.0 -999.0 -999.0 -999.0 -999.0} "" -999.0 -999.0 -999.0 -999.0 -999 -999 "" "" "" "" 0 0 0.0 0.0 -999 ""
FIBERMAP 1021 R+4C5 APOGEE 0 0 0 1 0 0 -149.04722443255528 65.83316059468669 143.1 -106.53857155857341 -123.27007776901641 310.65518 108.86088 -999.0 -999.0 -999.0 -999.0 -999.0 37.07163187971585 -24.329422091961117 37.02970765646256 -24.206676172153852 72.3898995570633 78.59999515616107 -999.0 16600.0 -999.0 2 25 {-999.0 -999.0 -999.0 -999.0 -999.0} "" -999.0 -999.0 -999.0 -999.0 -999 -999 "" "" "" "" 0 0 0.0 0.0 -999 ""
FIBERMAP 1021 R+4C5 BOSS 1 1 0 1 0 0 -149.3884607438779 65.19161883470908 143.1 -106.02490597804434 -123.7839883163226 310.65518 108.86088 37.07336425781249 -24.331014762131062 -999.0 -999.0 -999.0 37.07336388726513 -24.331007724855297 37.03136437197895 -24.208287310264904 72.3890295187597 78.60670581472453 5400.0 5400.0 2015.5 1 42 {-999.0 -999.0 -999.0 -999.0 -999.0} "" -999.0 -999.0 -999.0 -999.0 27021603163402476 822006160 "" ops_sky_boss_good ops_sky sky_boss 0 0 0.0 0.0 -999 ""
FIBERMAP 1021 R+4C5 METROLOGY 0 0 0 1 0 0 -149.79665444696008 65.81192809892131 143.1 -106.73743206219736 -123.99290901802999 310.65518 108.86088 -999.0 -999.0 -999.0 -999.0 -999.0 37.07096197696507 -24.331656496480566 37.02898416600925 -24.208925556559656 72.39128786818691 78.60623874080977 -999.0 6231.0 -999.0 -1 -999 {-999.0 -999.0 -999.0 -999.0 -999.0} "" -999.0 -999.0 -999.0 -999.0 -999 -999 "" "" "" "" 0 0 0.0 0.0 -999 ""
FIBERMAP 1022 R-11C3 APOGEE 0 0 0 1 0 0 -128.67078847229567 -203.67458356307378 143.1 157.12974870419777 -182.60057790507162 102.709915 132.76385 -999.0 -999.0 -999.0 -999.0 -999.0 37.94927508666134 -24.506457975913964 37.905909904236466 -24.385049382144764 71.696443752891 80.00926432561471 -999.0 16600.0 -999.0 2 152 {-999.0 -999.0 -999.0 -999.0 -999.0} "" -999.0 -999.0 -999.0 -999.0 -999 -999 "" "" "" "" 0 0 0.0 0.0 -999 ""
FIBERMAP 1022 R-11C3 BOSS 1 1 0 1 0 0 -128.26097804450205 -203.05683155326824 143.1 156.65888525504272 -182.02805230947413 102.709915 132.76385 37.94779218770031 -24.50474272543286 0.6336469 -1.2255474 -0.5797492 37.94780274841593 -24.504741743656517 37.9043690663018 -24.383354366270762 71.6972191134714 80.0027064541735 5400.0 5400.0 2016.0 1 433 {-999.0 20.726793 20.882633 20.282076 -999.0} sdss_psfmag_ps1 20.285294 20.442305 20.012651 -999.0 63050395811943627 1117293093 bright_1x1 openfibertargets_bhm_quaia_boss open_fiber science 0 0 0.0 0.0 -999 ""
FIBERMAP 1022 R-11C3 METROLOGY 0 0 0 1 0 0 -127.92407803297993 -203.72006609179985 143.1 157.39160831731803 -181.89985733382002 102.709915 132.76385 -999.0 -999.0 -999.0 -999.0 -999.0 37.950240409668666 -24.504372337833157 37.9068252223949 -24.382982416731213 71.69498278699851 80.00390511785474 -999.0 6231.0 -999.0 -1 -999 {-999.0 -999.0 -999.0 -999.0 -999.0} "" -999.0 -999.0 -999.0 -999.0 -999 -999 "" "" "" "" 0 0 0.0 0.0 -999 ""
FIBERMAP 1024 R+6C15 APOGEE 0 0 0 1 0 0 72.95399041339822 130.2285924287081 143.1 -103.19285690777284 107.84434547788231 208.81305 31.478165 -999.0 -999.0 -999.0 -999.0 -999.0 37.08323065136946 -23.628468267206944 37.042592689665355 -23.505937115665336 72.12786374370415 76.46666926079223 -999.0 16600.0 -999.0 2 113 {-999.0 -999.0 -999.0 -999.0 -999.0} "" -999.0 -999.0 -999.0 -999.0 -999 -999 "" "" "" "" 0 0 0.0 0.0 -999 ""
FIBERMAP 1024 R+6C15 BOSS 1 1 0 1 0 0 73.3614705226174 130.86585952562757 143.1 -103.68306260570196 108.4203497667948 208.81305 31.478165 37.08150617828369 -23.626526080130496 42.3389 -45.80279 1.5237316 37.08163370800848 -23.626650642819897 37.04093115893386 -23.504143421522315 72.12860414040343 76.4593897596776 5400.0 5400.0 2016.0 1 196 {-999.0 17.956755 16.65657 16.161453 -999.0} sdss_psfmag_ps1 17.392977 16.640188 15.765724 14.068 63050395811956977 1073349109 bright_1x1 mwm_halo_local_high_boss_single mwm_halo science 0 0 0.0 0.0 -999 ""
FIBERMAP 1024 R+6C15 METROLOGY 0 0 0 1 0 0 73.73218912796926 130.21733274377956 143.1 -102.9545135167049 108.5851839904925 208.81305 31.478165 -999.0 -999.0 -999.0 -999.0 -999.0 37.08401154368181 -23.62614473533315 37.04332680966587 -23.503634033242868 72.12637647878492 76.46053405007763 -999.0 6231.0 -999.0 -1 -999 {-999.0 -999.0 -999.0 -999.0 -999.0} "" -999.0 -999.0 -999.0 -999.0 -999 -999 "" "" "" "" 0 0 0.0 0.0 -999 ""
FIBERMAP 1027 R+8C18 APOGEE 0 0 0 1 0 0 187.56757440791634 160.25538459508354 143.1 -98.38753319001893 226.2215019360088 359.33667 145.17657 -999.0 -999.0 -999.0 -999.0 -999.0 37.10010172563875 -23.270955268208702 37.06010111989741 -23.148551184505827 71.97617896300697 75.41522776952644 -999.0 16600.0 -999.0 2 -999 {-999.0 -999.0 -999.0 -999.0 -999.0} "" -999.0 -999.0 -999.0 -999.0 -999 -999 "" "" "" "" 0 0 0.0 0.0 -999 ""
FIBERMAP 1027 R+8C18 BOSS 1 1 0 1 0 0 188.1546233723301 159.83187955009538 143.1 -97.81089129639388 226.6590015781089 359.33667 145.17657 37.102069882226935 -23.269593648783918 0.13868645 -0.0002665225 0.2552617 37.10206476352424 -23.26958903945654 37.06199443352426 -23.14721569849375 71.97405450324254 75.413455047936 5400.0 5400.0 2016.0 1 250 {-999.0 20.503326 19.849148 18.979612 -999.0} sdss_psfmag_ps1 20.052217 19.42429 18.725931 -999.0 63050395811957934 1117293224 bright_1x1 openfibertargets_bhm_quaia_boss open_fiber science 0 0 0.0 0.0 -999 ""
FIBERMAP 1027 R+8C18 METROLOGY 0 0 0 1 0 0 187.49193046497288 159.51122318067664 143.1 -97.69807046574749 225.93154673058424 359.33667 145.17657 -999.0 -999.0 -999.0 -999.0 -999.0 37.10239007285162 -23.271744871757672 37.062335184999824 -23.149363693963704 71.97460587207574 75.42023992937828 -999.0 6231.0 -999.0 -1 -999 {-999.0 -999.0 -999.0 -999.0 -999.0} "" -999.0 -999.0 -999.0 -999.0 -999 -999 "" "" "" "" 0 0 0.0 0.0 -999 ""
FIBERMAP 1029 R+7C2 APOGEE 0 0 0 1 0 0 -197.02132118071236 126.95907272533911 143.1 -179.01811470868304 -151.26832257597073 216.52612 133.63863 -999.0 -999.0 -999.0 -999.0 -999.0 36.83116639875472 -24.41320022595026 36.78939016639515 -24.29005612326771 72.6243126966872 78.61250222601547 -999.0 16600.0 -999.0 2 -999 {-999.0 -999.0 -999.0 -999.0 -999.0} "" -999.0 -999.0 -999.0 -999.0 -999 -999 "" "" "" "" 0 0 0.0 0.0 -999 ""
FIBERMAP 1029 R+7C2 BOSS 1 1 0 1 0 0 -197.7691589800934 127.07943397525797 143.1 -179.35190474229606 -151.9482236028064 216.52612 133.63863 36.830091674348544 -24.415243166857245 0.2524348 -0.9209541 0.2546782 36.83010473772981 -24.415244972780677 36.78825681408091 -24.29212143609205 72.62598580645718 78.6178321973664 5400.0 5400.0 2016.0 1 72 {-999.0 20.057531 20.017996 19.647736 -999.0} sdss_psfmag_ps1 20.235565 20.21982 19.59604 -999.0 63050395811943014 1117293016 bright_1x1 openfibertargets_bhm_quaia_boss open_fiber science 0 0 0.0 0.0 -999 ""
FIBERMAP 1029 R+7C2 METROLOGY 0 0 0 1 0 0 -197.28323781100434 127.65971378577775 143.1 -179.7646785788355 -151.31387756576981 216.52612 133.63863 -999.0 -999.0 -999.0 -999.0 -999.0 36.82868397142227 -24.413353765451028 36.78686098731549 -24.290222096965 72.62653726138035 78.61040241102478 -999.0 6231.0 -999.0 -1 -999 {-999.0 -999.0 -999.0 -999.0 -999.0} "" -999.0 -999.0 -999.0 -999.0 -999 -999 "" "" "" "" 0 0 0.0 0.0 -999 ""
FIBERMAP 1030 R-7C6 APOGEE 0 0 0 1 0 0 -108.95569524095941 -122.19822507188933 143.1 84.98568967017589 -139.9215912605775 139.9516 95.54904 -999.0 -999.0 -999.0 -999.0 -999.0 37.7092682529843 -24.379055747118187 37.6664478142813 -24.257300598403692 71.86039635431722 79.3936464463693 -999.0 16600.0 -999.0 2 -999 {-999.0 -999.0 -999.0 -999.0 -999.0} "" -999.0 -999.0 -999.0 -999.0 -999 -999 "" "" "" "" 0 0 0.0 0.0 -999 ""
FIBERMAP 1030 R-7C6 BOSS 1 1 0 1 0 0 -108.46387436815877 -121.55419062202435 143.1 84.51367750930056 -139.26295937027646 139.9516 95.54904 37.70782470703125 -24.377078435632427 -999.0 -999.0 -999.0 37.707803131751135 -24.377102612203775 37.66491559755963 -24.25536911391144 71.86106927186108 79.3863012582458 5400.0 5400.0 2015.5 1 504 {-999.0 -999.0 -999.0 -999.0 -999.0} "" -999.0 -999.0 -999.0 -999.0 27021603163403098 814337013 "" ops_sky_boss_good ops_sky sky_boss 0 0 0.0 0.0 -999 ""
FIBERMAP 1030 R-7C6 METROLOGY 0 0 0 1 0 0 -108.20937606028374 -122.24828401066837 143.1 85.25181093082735 -139.22258314621698 139.9516 95.54904 -999.0 -999.0 -999.0 -999.0 -999.0 37.71024926083363 -24.37699218601823 37.6673794404698 -24.25525596467201 71.85891379850842 79.38836490609435 -999.0 6231.0 -999.0 -1 -999 {-999.0 -999.0 -999.0 -999.0 -999.0} "" -999.0 -999.0 -999.0 -999.0 -999 -999 "" "" "" "" 0 0 0.0 0.0 -999 ""
FIBERMAP 1031 R+1C16 APOGEE 0 0 0 1 0 0 64.62549101160339 8.350865236846623 143.1 10.91380742779026 64.23849239741297 315.10907 109.644684 -999.0 -999.0 -999.0 -999.0 -999.0 37.46135936957071 -23.76031065587757 37.42001156928097 -23.63833663966782 71.85538459564022 77.27825321706104 -999.0 16600.0 -999.0 2 114 {-999.0 -999.0 -999.0 -999.0 -999.0} "" -999.0 -999.0 -999.0 -999.0 -999 -999 "" "" "" "" 0 0 0.0 0.0 -999 ""
FIBERMAP 1031 R+1C16 BOSS 1 1 0 1 0 0 64.33306026995479 7.654861242405376 143.1 11.49382374758115 63.75532389576696 315.10907 109.644684 37.46337890624999 -23.76171034332735 -999.0 -999.0 -999.0 37.46336618617593 -23.761708869392635 37.42194186729864 -23.639763249898305 71.85425815013463 77.28458907021098 5400.0 5400.0 2015.5 1 198 {-999.0 -999.0 -999.0 -999.0 -999.0} "" -999.0 -999.0 -999.0 -999.0 27021603163417655 814338973 "" ops_sky_boss_good ops_sky sky_boss 0 0 0.0 0.0 -999 ""
FIBERMAP 1031 R+1C16 METROLOGY 0 0 0 1 0 0 63.88460177346575 8.255308875309073 143.1 10.788514760561602 63.502092743102956 315.10907 109.644684 -999.0 -999.0 -999.0 -999.0 -999.0 37.4610080487295 -23.762483445966026 37.41960543920635 -23.640526621630986 71.85652950500321 77.28436606043363 -999.0 6231.0 -999.0 -1 -999 {-999.0 -999.0 -999.0 -999.0 -999.0} "" -999.0 -999.0 -999.0 -999.0 -999 -999 "" "" "" "" 0 0 0.0 0.0 -999 ""
FIBERMAP 1033 R-9C16 APOGEE 0 0 0 1 0 0 166.83584664019273 -168.9906978910339 143.1 210.38226234508676 110.11254691739119 88.9173 21.988132 -999.0 -999.0 -999.0 -999.0 -999.0 38.120021442898135 -23.619438837227843 38.07813140638126 -23.498552832865915 71.24272038869235 77.56190832501937 -999.0 16600.0 -999.0 2 208 {-999.0 -999.0 -999.0 -999.0 -999.0} "" -999.0 -999.0 -999.0 -999.0 -999 -999 "" "" "" "" 0 0 0.0 0.0 -999 ""
FIBERMAP 1033 R-9C16 BOSS 1 1 0 1 0 0 167.12828568312977 -169.67476129117009 143.1 211.12190026158137 110.1921361069464 88.9173 21.988132 38.12255859375 -23.619138998124583 -999.0 -999.0 -999.0 38.1225521900601 -23.619149236828644 38.080585663978695 -23.498293924904956 71.2405301599901 77.5637100829781 5400.0 5400.0 2015.5 1 294 {-999.0 -999.0 -999.0 -999.0 -999.0} "" -999.0 -999.0 -999.0 -999.0 27021603163404955 822006357 "" ops_sky_boss_good ops_sky sky_boss 0 0 0.0 0.0 -999 ""
FIBERMAP 1033 R-9C16 METROLOGY 0 0 0 1 0 0 166.37875993907042 -169.58023781928316 143.1 210.8123232756006 109.50306502285218 88.9173 21.988132 -999.0 -999.0 -999.0 -999.0 -999.0 38.12157352567977 -23.621224741851325 38.07962522574559 -23.5003597443218 71.24210333988039 77.56869371948954 -999.0 6231.0 -999.0 -1 -999 {-999.0 -999.0 -999.0 -999.0 -999.0} "" -999.0 -999.0 -999.0 -999.0 -999 -999 "" "" "" "" 0 0 0.0 0.0 -999 ""
FIBERMAP 1038 R+9C11 APOGEE 0 0 0 1 0 0 29.72318813978828 183.56726577032765 143.1 -166.83893513214022 82.10444461617823 81.02734 144.7267 -999.0 -999.0 -999.0 -999.0 -999.0 36.87271376911976 -23.706451162258233 36.83219148031486 -23.583569692624273 72.33578532998764 76.46617837589048 -999.0 16600.0 -999.0 2 140 {-999.0 -999.0 -999.0 -999.0 -999.0} "" -999.0 -999.0 -999.0 -999.0 -999 -999 "" "" "" "" 0 0 0.0 0.0 -999 ""
FIBERMAP 1038 R+9C11 BOSS 1 1 0 1 0 0 30.235266111409693 184.11693791273046 143.1 -167.21479191898223 82.75485146825483 81.02734 144.7267 36.87149047851562 -23.704408501257802 -999.0 -999.0 -999.0 36.87149176244433 -23.704428083064435 36.83090558122484 -23.58157078455227 72.33613215480199 76.45861699117063 5400.0 5400.0 2015.5 1 139 {-999.0 -999.0 -999.0 -999.0 -999.0} "" -999.0 -999.0 -999.0 -999.0 27021603163416495 814338733 "" ops_sky_boss_good ops_sky sky_boss 0 0 0.0 0.0 -999 ""
FIBERMAP 1038 R+9C11 METROLOGY 0 0 0 1 0 0 30.44656847717798 183.38220865674393 143.1 -166.45043378952292 82.74203918763179 81.02734 144.7267 -999.0 -999.0 -999.0 -999.0 -999.0 36.87396990178105 -23.704464202161866 36.833400176139605 -23.581603522352683 72.3340235263311 76.46153081746314 -999.0 6231.0 -999.0 -1 -999 {-999.0 -999.0 -999.0 -999.0 -999.0} "" -999.0 -999.0 -999.0 -999.0 -999 -999 "" "" "" "" 0 0 0.0 0.0 -999 ""
FIBERMAP 1045 R+11C11 APOGEE 1 1 0 1 0 0 46.50522239725203 207.91481801104132 143.1 -185.21287570599173 105.27201138774304 192.27701 133.04903 36.81248764915929 -23.636293942528905 -2.8473344 0.61610734 4.5706425 36.81247525086572 -23.636298338876248 36.77215601768796 -23.513342929604065 72.36043742177532 76.18339306361065 16000.0 16600.0 2016.0 2 126 {-999.0 13.763678 13.045659 12.689051 -999.0} sdss_psfmag_from_g3xp 13.561262 13.113235 12.330689 10.992 63050395811956200 1077183211 bright_1x1 mwm_snc_ext_filler_apogee mwm_snc science 0 0 0.0 0.0 -999 ""
FIBERMAP 1045 R+11C11 BOSS 0 0 0 1 0 0 45.88935537982369 208.31905180894142 143.1 -185.7795175537036 104.80131958011654 192.27701 133.04903 -999.0 -999.0 -999.0 -999.0 -999.0 36.81062478153814 -23.63767221419106 36.77023645044295 -23.514739267805073 72.36259434861162 76.18546886929312 -999.0 5400.0 -999.0 1 113 {-999.0 -999.0 -999.0 -999.0 -999.0} "" -999.0 -999.0 -999.0 -999.0 -999 -999 "" "" "" "" 0 0 0.0 0.0 -999 ""
FIBERMAP 1045 R+11C11 METROLOGY 0 0 0 1 0 0 46.5414919224835 208.6544539978342 143.1 -185.90952577797304 105.52299246288572 192.27701 133.04903 -999.0 -999.0 -999.0 -999.0 -999.0 36.810158898435255 -23.63548040779152 36.769794674887294 -23.512540069590212 72.36213963373464 76.17824277647509 -999.0 6231.0 -999.0 -1 -999 {-999.0 -999.0 -999.0 -999.0 -999.0} "" -999.0 -999.0 -999.0 -999.0 -999 -999 "" "" "" "" 0 0 0.0 0.0 -999 ""
FIBERMAP 1047 R+10C15 APOGEE 0 0 0 1 0 0 124.06219128566194 194.1874414794824 143.1 -149.4056671218924 175.41931035593032 155.8794 139.21289 -999.0 -999.0 -999.0 -999.0 -999.0 36.93150832776365 -23.42428523277365 36.89143168285324 -23.301574661993335 72.17844711444174 75.67780525846501 -999.0 16600.0 -999.0 2 77 {-999.0 -999.0 -999.0 -999.0 -999.0} "" -999.0 -999.0 -999.0 -999.0 -999 -999 "" "" "" "" 0 0 0.0 0.0 -999 ""
FIBERMAP 1047 R+10C15 BOSS 1 1 0 1 0 0 123.72606574361662 194.84122525148103 143.1 -150.12912666036806 175.28909216109113 155.8794 139.21289 36.92916870117187 -23.424626527150295 -999.0 -999.0 -999.0 36.92916870117187 -23.424626527150302 36.88902499109408 -23.30193881323091 72.18062677780469 75.67611602297576 5400.0 5400.0 2015.5 1 236 {-999.0 -999.0 -999.0 -999.0 -999.0} "" -999.0 -999.0 -999.0 -999.0 27021603163418641 822007433 "" ops_sky_boss_good ops_sky sky_boss 0 0 0.0 0.0 -999 ""
FIBERMAP 1047 R+10C15 METROLOGY 0 0 0 1 0 0 124.48934344642365 194.7982814622206 143.1 -149.8648497129947 176.00639715582815 155.8794 139.21289 -999.0 -999.0 -999.0 -999.0 -999.0 36.930004990147644 -23.422441531737483 36.88988394016212 -23.29974820459587 72.17905363559784 75.67050720917877 -999.0 6231.0 -999.0 -1 -999 {-999.0 -999.0 -999.0 -999.0 -999.0} "" -999.0 -999.0 -999.0 -999.0 -999 -999 "" "" "" "" 0 0 0.0 0.0 -999 ""
FIBERMAP 1048 R-5C8 APOGEE 0 0 0 1 0 0 -61.60720711848633 -101.79991161001493 143.1 79.32696229751386 -88.68060295821131 16.013556 81.28631 -999.0 -999.0 -999.0 -999.0 -999.0 37.69001109878301 -24.22392841500887 37.64750860513084 -24.102186174520824 71.82436495941596 78.90634722192738 -999.0 16600.0 -999.0 2 -999 {-999.0 -999.0 -999.0 -999.0 -999.0} "" -999.0 -999.0 -999.0 -999.0 -999 -999 "" "" "" "" 0 0 0.0 0.0 -999 ""
FIBERMAP 1048 R-5C8 BOSS 1 1 0 1 0 0 -61.520830081401456 -102.55778380817303 143.1 80.0769170402698 -88.81963960513383 16.013556 81.28631 37.6925960679014 -24.224354254685856 19.7169 -9.507356 0.5528424 37.69262445361648 -24.224361547254432 37.650045355394695 -24.1026473334037 71.82234524196944 78.91026726741467 5400.0 5400.0 2016.0 1 481 {-999.0 17.762262 17.214518 16.814116 -999.0} sdss_psfmag_ps1 17.619383 17.118782 16.439459 14.933 63050395811944615 1073672625 bright_1x1 mwm_halo_local_low_boss_single mwm_halo science 0 0 0.0 0.0 -999 ""
FIBERMAP 1048 R-5C8 METROLOGY 0 0 0 1 0 0 -62.19946920915225 -102.25677464502228 143.1 79.5906238429213 -89.38054256902494 16.013556 81.28631 -999.0 -999.0 -999.0 -999.0 -999.0 37.69100058768327 -24.226084951064962 37.648440815424294 -24.104360869495295 71.82430618872431 78.91383126574135 -999.0 6231.0 -999.0 -1 -999 {-999.0 -999.0 -999.0 -999.0 -999.0} "" -999.0 -999.0 -999.0 -999.0 -999 -999 "" "" "" "" 0 0 0.0 0.0 -999 ""
FIBERMAP 1050 R+12C14 APOGEE 0 0 0 1 0 0 125.56474686591127 227.12932408171378 143.1 -180.4660362389294 186.48962044181886 190.82352 135.8944 -999.0 -999.0 -999.0 -999.0 -999.0 36.829603117743204 -23.391043297022183 36.78971169792226 -23.268183486567455 72.2516628877612 75.45856231868532 -999.0 16600.0 -999.0 2 56 {-999.0 -999.0 -999.0 -999.0 -999.0} "" -999.0 -999.0 -999.0 -999.0 -999 -999 "" "" "" "" 0 0 0.0 0.0 -999 ""
FIBERMAP 1050 R+12C14 BOSS 1 1 0 1 0 0 124.94156319716441 227.53814985314503 143.1 -181.0392087194174 186.01327516378427 190.82352 135.8944 36.82775878204684 -23.39244475877783 0.0112589765 -0.06511467 -0.33018452 36.827774651202496 -23.392449358810296 36.78781405930789 -23.269612975081955 72.25382463508069 75.46066124507763 5400.0 5400.0 2016.0 1 93 {-999.0 20.06532 19.855604 20.04186 -999.0} sdss_psfmag_ps1 20.48758 20.470057 20.43133 -999.0 63050395811958003 1117293246 bright_1x1 openfibertargets_bhm_quaia_boss open_fiber science 0 0 0.0 0.0 -999 ""
FIBERMAP 1050 R+12C14 METROLOGY 0 0 0 1 0 0 125.62428861152245 227.87674463265128 143.1 -181.16332435419227 186.76513146287857 190.82352 135.8944 -999.0 -999.0 -999.0 -999.0 -999.0 36.82732807433282 -23.390158551178793 36.787391721189124 -23.267314567858566 72.2532889826501 75.4532186460425 -999.0 6231.0 -999.0 -1 -999 {-999.0 -999.0 -999.0 -999.0 -999.0} "" -999.0 -999.0 -999.0 -999.0 -999 -999 "" "" "" "" 0 0 0.0 0.0 -999 ""
FIBERMAP 1052 R-8C18 APOGEE 0 0 0 1 0 0 170.31717228008262 -163.35635390342506 143.1 206.01265429821387 115.08917856562431 213.71486 124.73161 -999.0 -999.0 -999.0 -999.0 -999.0 38.10550530913003 -23.6044461884784 38.06366131450079 -23.48354112508191 71.24959725064286 77.50337215533057 -999.0 16600.0 -999.0 2 -999 {-999.0 -999.0 -999.0 -999.0 -999.0} "" -999.0 -999.0 -999.0 -999.0 -999 -999 "" "" "" "" 0 0 0.0 0.0 -999 ""
FIBERMAP 1052 R-8C18 BOSS 1 1 0 1 0 0 169.6086063756695 -163.09381891601842 143.1 205.55439918818314 114.48840754025352 213.71486 124.73161 38.103960519451405 -23.606270409180848 50.20626 15.796991 1.0883973 38.10412130244367 -23.606224832999846 38.062201755763 -23.485343636634813 71.25150188834971 77.50707084714134 5400.0 5400.0 2016.0 1 275 {-999.0 14.504086 14.128121 13.995096 -999.0} sdss_psfmag_from_g3xp 14.437208 14.135374 13.663579 12.858 63050395811945373 1072501699 bright_1x1 mwm_halo_local_high_boss_single mwm_halo science 0 0 0.0 0.0 -999 ""
FIBERMAP 1052 R-8C18 METROLOGY 0 0 0 1 0 0 170.19327578513887 -162.61869010782658 143.1 205.27105108974925 115.1864285039664 213.71486 124.73161 -999.0 -999.0 -999.0 -999.0 -999.0 38.10318406179657 -23.60410655048681 38.06129060048033 -23.483216918742123 71.2515028164138 77.49996160201886 -999.0 6231.0 -999.0 -1 -999 {-999.0 -999.0 -999.0 -999.0 -999.0} "" -999.0 -999.0 -999.0 -999.0 -999 -999 "" "" "" "" 0 0 0.0 0.0 -999 ""
FIBERMAP 1055 R+1C11 APOGEE 0 0 0 1 0 0 -70.53055134040413 35.17496947083381 143.1 -54.26107712582426 -57.15633943323861 199.80878 33.233387 -999.0 -999.0 -999.0 -999.0 -999.0 37.24531223230275 -24.129160529960426 37.20354381930787 -24.006742795654123 72.17191534789468 78.16366945455314 -999.0 16600.0 -999.0 2 21 {-999.0 -999.0 -999.0 -999.0 -999.0} "" -999.0 -999.0 -999.0 -999.0 -999 -999 "" "" "" "" 0 0 0.0 0.0 -999 ""
FIBERMAP 1055 R+1C11 BOSS 1 1 0 1 0 0 -70.0820192546279 35.793579884360526 143.1 -54.72143762889614 -56.546536276421854 199.80878 33.233387 37.24380511205214 -24.127302538366035 -0.09527233 -1.0179363 0.19082084 37.243814655962076 -24.127319261654655 37.20198082551974 -24.004923801457 72.17261726067078 78.15647269355941 5400.0 5400.0 2016.0 1 31 {-999.0 21.24821 20.683506 20.32793 -999.0} sdss_psfmag_ps1 20.945501 20.497486 20.109911 -999.0 63050395811943545 1117293071 bright_1x1 openfibertargets_bhm_quaia_boss open_fiber science 0 0 0.0 0.0 -999 ""
FIBERMAP 1055 R+1C11 METROLOGY 0 0 0 1 0 0 -69.79332181748592 35.0972208383284 143.1 -53.971136532465756 -56.47412063709132 199.80878 33.233387 -999.0 -999.0 -999.0 -999.0 -999.0 37.24628490179737 -24.127111229453796 37.20446840885671 -24.004712875355796 72.17041447177428 78.15842195486908 -999.0 6231.0 -999.0 -1 -999 {-999.0 -999.0 -999.0 -999.0 -999.0} "" -999.0 -999.0 -999.0 -999.0 -999 -999 "" "" "" "" 0 0 0.0 0.0 -999 ""
FIBERMAP 1059 R+3C13 APOGEE 0 0 0 1 0 0 21.538737652649868 59.89522903712299 143.1 -50.97438553214751 38.11160605606814 346.32578 138.81757 -999.0 -999.0 -999.0 -999.0 -999.0 37.25606368376316 -23.83988237655429 37.214821014142274 -23.717562705153114 72.05924768424376 77.2957630386939 -999.0 16600.0 -999.0 2 125 {-999.0 -999.0 -999.0 -999.0 -999.0} "" -999.0 -999.0 -999.0 -999.0 -999 -999 "" "" "" "" 0 0 0.0 0.0 -999 ""
FIBERMAP 1059 R+3C13 BOSS 1 1 0 1 0 0 21.970369134938323 59.28855797004248 143.1 -50.268046452114675 38.34692685268289 346.32578 138.81757 37.25842743227782 -23.83911581771672 7.7515264 1.7519819 0.554836 37.258444590676326 -23.839117327126147 37.21712972753056 -23.716826820940216 72.05701101721046 77.29602825362804 5400.0 5400.0 2016.0 1 111 {-999.0 15.747356 15.625659 15.366771 -999.0} sdss_psfmag_ps1 15.713197 15.442483 15.003725 14.275 63050395811956599 978492684 "" ops_std_boss ops_std standard_boss 0 0 0.0 0.0 -999 ""
FIBERMAP 1059 R+3C13 METROLOGY 0 0 0 1 0 0 21.224733652146632 59.22179601181045 143.1 -50.42226097517857 37.61440937378232 346.32578 138.81757 -999.0 -999.0 -999.0 -999.0 -999.0 37.257908546734114 -23.84134608227283 37.21661023047625 -23.719046957306002 72.05826010463521 77.30218305280027 -999.0 6231.0 -999.0 -1 -999 {-999.0 -999.0 -999.0 -999.0 -999.0} "" -999.0 -999.0 -999.0 -999.0 -999 -999 "" "" "" "" 0 0 0.0 0.0 -999 ""
FIBERMAP 1061 R+9C10 APOGEE 1 1 0 1 0 0 3.9969622424459406 165.10951609922836 143.1 -156.71259925171873 52.10665383554556 224.18974 126.13449 36.90582275390624 -23.797377556080576 -999.0 -999.0 -999.0 36.90582051494125 -23.797373600351428 36.86508998338371 -23.674518124518826 72.3415420102921 76.7814147764833 16000.0 16600.0 2015.5 2 136 {-999.0 -999.0 -999.0 -999.0 -999.0} "" -999.0 -999.0 -999.0 -999.0 27021603163416482 844118607 "" ops_sky_apogee_best ops_sky sky_apogee 0 0 0.0 0.0 -999 ""
FIBERMAP 1061 R+9C10 BOSS 0 0 0 1 0 0 3.2624224353634474 165.22519791214128 143.1 -157.0380258331586 51.438100195465864 224.18974 126.13449 -999.0 -999.0 -999.0 -999.0 -999.0 36.90474025404285 -23.79935364143607 36.863938128490645 -23.67652108995244 72.34326104365498 76.78627079119269 -999.0 5400.0 -999.0 1 131 {-999.0 -999.0 -999.0 -999.0 -999.0} "" -999.0 -999.0 -999.0 -999.0 -999 -999 "" "" "" "" 0 0 0.0 0.0 -999 ""
FIBERMAP 1061 R+9C10 METROLOGY 0 0 0 1 0 0 3.714367820369624 165.80406180755656 143.1 -157.45938162618913 52.03954374500287 224.18974 126.13449 -999.0 -999.0 -999.0 -999.0 -999.0 36.90331320100122 -23.797529758083826 36.86253584144629 -23.674688370429685 72.34377915214105 76.77909298022803 -999.0 6231.0 -999.0 -1 -999 {-999.0 -999.0 -999.0 -999.0 -999.0} "" -999.0 -999.0 -999.0 -999.0 -999 -999 "" "" "" "" 0 0 0.0 0.0 -999 ""
FIBERMAP 1062 R-12C6 APOGEE 0 0 0 1 0 0 -56.907533060782406 -250.19662842600698 143.1 222.60164949776745 -127.58384035456923 297.46194 39.735813 -999.0 -999.0 -999.0 -999.0 -999.0 38.16544803539433 -24.338518250238913 38.122132864024934 -24.217502927764492 71.45528120935721 79.7133414987801 -999.0 16600.0 -999.0 2 -999 {-999.0 -999.0 -999.0 -999.0 -999.0} "" -999.0 -999.0 -999.0 -999.0 -999 -999 "" "" "" "" 0 0 0.0 0.0 -999 ""
FIBERMAP 1062 R-12C6 BOSS 1 1 0 1 0 0 -57.53020896488481 -249.8955636710492 143.1 222.13166904122534 -128.0912137548024 297.46194 39.735813 38.16376845576078 -24.340017144333217 63.401943 -13.969119 1.976057 38.16398715209279 -24.34004625337498 38.12059646679779 -24.21905199624592 71.45711663502978 79.71647661084165 5400.0 5400.0 2016.0 1 365 {-999.0 19.592945 18.37496 17.316862 -999.0} sdss_psfmag_ps1 19.056973 17.960506 16.901293 14.848 63050395811943759 1072781098 bright_1x1 mwm_halo_local_high_boss_single mwm_halo science 0 0 0.0 0.0 -999 ""
FIBERMAP 1062 R-12C6 METROLOGY 0 0 0 1 0 0 -56.999209667852625 -249.45427162735004 143.1 221.86498112508974 -127.45440860417945 297.46194 39.735813 -999.0 -999.0 -999.0 -999.0 -999.0 38.16312246149876 -24.338161265391463 38.119757560782034 -24.21715939748629 71.45721109388717 79.71006429826082 -999.0 6231.0 -999.0 -1 -999 {-999.0 -999.0 -999.0 -999.0 -999.0} "" -999.0 -999.0 -999.0 -999.0 -999 -999 "" "" "" "" 0 0 0.0 0.0 -999 ""
FIBERMAP 1065 R-10C5 APOGEE 0 0 0 1 0 0 -83.67476303485054 -206.0415903227021 143.1 172.5517831649867 -140.26656376085435 299.3187 114.718735 -999.0 -999.0 -999.0 -999.0 -999.0 38.00004873492631 -24.37826690864524 37.95686467833707 -24.256975385217885 71.61054878618958 79.67332696760752 -999.0 16600.0 -999.0 2 -999 {-999.0 -999.0 -999.0 -999.0 -999.0} "" -999.0 -999.0 -999.0 -999.0 -999 -999 "" "" "" "" 0 0 0.0 0.0 -999 ""
FIBERMAP 1065 R-10C5 BOSS 1 1 0 1 0 0 -84.09566652123993 -206.62322631737965 143.1 172.98486760283953 -140.8391350148119 299.3187 114.718735 38.00154456464871 -24.37996284555875 10.704333 -15.067301 2.2005844 38.00159862413235 -24.379987825482257 37.958335543059036 -24.25872189001393 71.60986137148551 79.67995778826571 5400.0 5400.0 2016.0 1 423 {-999.0 22.19627 17.739231 16.672709 -999.0} sdss_psfmag_ps1 18.553757 17.264366 15.938776 13.474 63050395811943713 1096533126 bright_1x1 mwm_bin_vis_boss mwm_filler science 0 0 0.0 0.0 -999 ""
FIBERMAP 1065 R-10C5 METROLOGY 0 0 0 1 0 0 -84.41890819199165 -205.9657866163314 143.1 172.26167994442076 -140.9559642183026 299.3187 114.718735 -999.0 -999.0 -999.0 -999.0 -999.0 37.99921249680884 -24.380388556556802 37.95597256208896 -24.259112004857627 71.6120234209707 79.6788649828556 -999.0 6231.0 -999.0 -1 -999 {-999.0 -999.0 -999.0 -999.0 -999.0} "" -999.0 -999.0 -999.0 -999.0 -999 -999 "" "" "" "" 0 0 0.0 0.0 -999 ""
FIBERMAP 1066 R-11C10 APOGEE 1 1 0 1 0 0 43.84059301137783 -202.97831769193448 143.1 206.91323449305781 -17.437657954759207 56.596313 105.73897 38.11180123849148 -24.005781033201327 16.342299 39.32994 4.161105 38.11185798986382 -24.005661829071677 38.069245135285314 -23.884653987730566 71.38774806152213 78.67917396570874 16000.0 16600.0 2016.0 2 175 {-999.0 11.242001 10.909282 10.793819 -999.0} sdss_psfmag_from_g3xp 11.191648 10.923095 10.464879 9.712 63050395811944376 1076236020 bright_1x1 mwm_snc_ext_main_apogee mwm_snc science 0 0 0.0 0.0 -999 ""
FIBERMAP 1066 R-11C10 BOSS 0 0 0 1 0 0 44.546300493130914 -203.19575318909114 143.1 207.32752852766805 -16.826431312026116 56.596313 105.73897 -999.0 -999.0 -999.0 -999.0 -999.0 38.113342479395605 -24.003779989942565 38.07065729912438 -23.882800143000853 71.38589340033818 78.67513211873899 -999.0 5400.0 -999.0 1 417 {-999.0 -999.0 -999.0 -999.0 -999.0} "" -999.0 -999.0 -999.0 -999.0 -999 -999 "" "" "" "" 0 0 0.0 0.0 -999 ""
FIBERMAP 1066 R-11C10 METROLOGY 0 0 0 1 0 0 44.02968095127391 -203.69963952071566 143.1 207.65827574370877 -17.46779130296155 56.596313 105.73897 -999.0 -999.0 -999.0 -999.0 -999.0 38.11445889900083 -24.00572554753 38.071789623163966 -23.884739830787204 71.38559603519269 78.68195715139564 -999.0 6231.0 -999.0 -1 -999 {-999.0 -999.0 -999.0 -999.0 -999.0} "" -999.0 -999.0 -999.0 -999.0 -999 -999 "" "" "" "" 0 0 0.0 0.0 -999 ""
FIBERMAP 1067 R+3C14 APOGEE 1 0 1 1 0 0 34.354402187895474 66.0143328241567 143.1 -53.0777955431183 52.15570798101923 10.563377 169.93436 37.30425948463785 -23.754118113985363 4.1551704 -1.7308989 0.3701362 37.24907421247387 -23.797252458518305 37.207919416761456 -23.674933786557155 72.0496137295651 77.15943599816103 16000.0 16600.0 2016.0 2 122 {-999.0 13.612917 12.825108 12.542554 -999.0} sdss_psfmag_from_g3xp 13.384153 12.86363 12.1914835 10.798 63050395811956687 975170702 "" ops_std_apogee ops_std standard_apogee 0 0 0.0 0.0 -999 ""
FIBERMAP 1067 R+3C14 BOSS 0 0 1 1 0 0 35.08407959044153 65.92492566332328 143.1 -52.778915343947546 52.82729584511745 10.563377 169.93436 -999.0 -999.0 -999.0 -999.0 -999.0 37.250101390524264 -23.795155960375386 37.20887859952012 -23.67286486322485 72.04804046539532 77.15422748228366 -999.0 5400.0 -999.0 1 102 {-999.0 -999.0 -999.0 -999.0 -999.0} "" -999.0 -999.0 -999.0 -999.0 -999 -999 "" "" "" "" 0 0 0.0 0.0 -999 ""
FIBERMAP 1067 R+3C14 METROLOGY 0 0 1 1 0 0 34.648415804892345 65.32008863673298 143.1 -52.327962057604736 52.233825542126496 10.563377 169.93436 -999.0 -999.0 -999.0 -999.0 -999.0 37.251572845896916 -23.796959150197385 37.21036489641432 -23.674662662722355 72.04742968145865 77.1612700808783 -999.0 6231.0 -999.0 -1 -999 {-999.0 -999.0 -999.0 -999.0 -999.0} "" -999.0 -999.0 -999.0 -999.0 -999 -999 "" "" "" "" 0 0 0.0 0.0 -999 ""
FIBERMAP 1072 R-5C17 APOGEE 0 0 0 1 0 0 120.64775936942351 -85.72050424967094 143.1 117.25015497560962 90.29800412309712 91.825294 128.40602 -999.0 -999.0 -999.0 -999.0 -999.0 37.81338077313146 -23.68042465886248 37.77175034705266 -23.55903130916137 71.52633926835352 77.41741078243302 -999.0 16600.0 -999.0 2 -999 {-999.0 -999.0 -999.0 -999.0 -999.0} "" -999.0 -999.0 -999.0 -999.0 -999 -999 "" "" "" "" 0 0 0.0 0.0 -999 ""
FIBERMAP 1072 R-5C17 BOSS 1 1 0 1 0 0 121.20352045645816 -85.2389614966585 143.1 116.95221976040524 90.97025798748264 91.825294 128.40602 37.812502076485984 -23.678323072669 1.8569359 -0.9297381 -0.07959705 37.81251228196558 -23.67832334689635 37.7708141039808 -23.556955347237004 71.52638092513081 77.41032273786897 5400.0 5400.0 2016.0 1 296 {-999.0 18.101748 17.42059 17.344397 -999.0} sdss_psfmag_ps1 17.881674 17.482111 16.890566 15.903 63050395811945449 944125690 bright_1x1 openfibertargets_nov2020_6b open_fiber science 0 0 0.0 0.0 -999 ""
FIBERMAP 1072 R-5C17 METROLOGY 0 0 0 1 0 0 121.35386664484531 -85.96730524722263 143.1 117.69264588487145 90.9010254034291 91.825294 128.40602 -999.0 -999.0 -999.0 -999.0 -999.0 37.81495621591784 -23.67852318453665 37.773275284035265 -23.557151612943734 71.52435201008637 77.41349715347411 -999.0 6231.0 -999.0 -1 -999 {-999.0 -999.0 -999.0 -999.0 -999.0} "" -999.0 -999.0 -999.0 -999.0 -999 -999 "" "" "" "" 0 0 0.0 0.0 -999 ""
FIBERMAP 1073 R+13C13 APOGEE 0 0 0 1 0 0 120.54401442703902 262.3479912366999 143.1 -215.61119045234554 191.98803770087923 81.84976 137.51654 -999.0 -999.0 -999.0 -999.0 -999.0 36.714484884484044 -23.374653806089345 36.67476387908357 -23.251619935199972 72.34246823535723 75.27307833463465 -999.0 16600.0 -999.0 2 58 {-999.0 -999.0 -999.0 -999.0 -999.0} "" -999.0 -999.0 -999.0 -999.0 -999 -999 "" "" "" "" 0 0 0.0 0.0 -999 ""
FIBERMAP 1073 R+13C13 BOSS 1 1 0 1 0 0 121.11701389822434 262.8531124849856 143.1 -215.92663076329694 192.68367060096642 81.84976 137.51654 36.71356201171875 -23.372550949147424 -999.0 -999.0 -999.0 36.713566882394616 -23.37255831640332 36.67378242645043 -23.24955028959579 72.34248958331665 75.26563599727751 5400.0 5400.0 2015.5 1 96 {-999.0 -999.0 -999.0 -999.0 -999.0} "" -999.0 -999.0 -999.0 -999.0 27021603163418820 822007285 "" ops_sky_boss_good ops_sky sky_boss 0 0 0.0 0.0 -999 ""
FIBERMAP 1073 R+13C13 METROLOGY 0 0 0 1 0 0 121.25125105587811 262.1000633719438 143.1 -215.16729173865915 192.59180935329283 81.84976 137.51654 -999.0 -999.0 -999.0 -999.0 -999.0 36.71598235682295 -23.372797920008704 36.67621388943968 -23.24978600969481 72.34052532628846 75.26922924538536 -999.0 6231.0 -999.0 -1 -999 {-999.0 -999.0 -999.0 -999.0 -999.0} "" -999.0 -999.0 -999.0 -999.0 -999 -999 "" "" "" "" 0 0 0.0 0.0 -999 ""
FIBERMAP 1075 R-7C7 APOGEE 1 0 0 1 0 0 -88.84057931391601 -138.39725626922387 143.1 106.358040943571 -125.424308925019 171.81839 136.74358 37.75314331054687 -24.240215978028857 -999.0 -999.0 -999.0 37.78021598032072 -24.334827488352527 37.73739038396053 -24.21319749821199 71.78468749709668 79.32968986548292 16000.0 16600.0 2015.5 2 267 {-999.0 -999.0 -999.0 -999.0 -999.0} "" -999.0 -999.0 -999.0 -999.0 27021603163403207 836447780 "" ops_sky_apogee_best ops_sky sky_apogee 0 0 0.0 0.0 -999 ""
FIBERMAP 1075 R-7C7 BOSS 0 0 0 1 0 0 -89.30041758959939 -137.82151505867108 143.1 105.6730288936869 -125.69564683344532 171.81839 136.74358 -999.0 -999.0 -999.0 -999.0 -999.0 37.77806083681692 -24.335686929247892 37.735163413078624 -24.214076897644617 71.78689576623665 79.330164881619 -999.0 5400.0 -999.0 1 362 {-999.0 -999.0 -999.0 -999.0 -999.0} "" -999.0 -999.0 -999.0 -999.0 -999 -999 "" "" "" "" 0 0 0.0 0.0 -999 ""
FIBERMAP 1075 R-7C7 METROLOGY 0 0 0 1 0 0 -88.58059842165328 -137.69528458009836 143.1 105.76282853651536 -124.9704245127625 171.81839 136.74358 -999.0 -999.0 -999.0 -999.0 -999.0 37.778346512335105 -24.33351182039455 37.73547351858798 -24.21189616304234 71.78589891508835 79.32389386518719 -999.0 6231.0 -999.0 -1 -999 {-999.0 -999.0 -999.0 -999.0 -999.0} "" -999.0 -999.0 -999.0 -999.0 -999 -999 "" "" "" "" 0 0 0.0 0.0 -999 ""
FIBERMAP 1076 R-13C6 APOGEE 0 0 0 1 0 0 -32.524039915503984 -265.81790622261235 143.1 244.66978512697912 -108.83608036460437 278.74097 114.36385 -999.0 -999.0 -999.0 -999.0 -999.0 38.237978133591575 -24.281201376136476 38.19468224012331 -24.160318703823485 71.37385268370775 79.61317687035262 -999.0 16600.0 -999.0 2 263 {-999.0 -999.0 -999.0 -999.0 -999.0} "" -999.0 -999.0 -999.0 -999.0 -999 -999 "" "" "" "" 0 0 0.0 0.0 -999 ""
FIBERMAP 1076 R-13C6 BOSS 1 1 0 1 0 0 -33.162371069699624 -266.2369494353203 143.1 244.88381005041558 -109.56901222283481 278.74097 114.36385 38.23872218039296 -24.28325495415647 13.493985 -43.650608 6.58597 38.23876462597506 -24.283382292867053 38.19538888659707 -24.162524372844192 71.37398042271585 79.62036060127656 5400.0 5400.0 2016.0 1 357 {-999.0 22.641676 21.081577 18.953188 -999.0} sdss_psfmag_ps1 21.30109 19.631842 18.267435 15.374 63050395811943797 1079134043 bright_flexible_2x1 mwm_snc_ext_filler_boss mwm_snc science 0 0 0.0 0.0 -999 ""
FIBERMAP 1076 R-13C6 METROLOGY 0 0 0 1 0 0 -33.20151849497762 -265.4789493302122 143.1 244.14754483947718 -109.38477614253512 278.74097 114.36385 -999.0 -999.0 -999.0 -999.0 -999.0 38.23636685862619 -24.282877072313685 38.193016250607684 -24.162008608020027 71.37584930396457 79.61657787112915 -999.0 6231.0 -999.0 -1 -999 {-999.0 -999.0 -999.0 -999.0 -999.0} "" -999.0 -999.0 -999.0 -999.0 -999 -999 "" "" "" "" 0 0 0.0 0.0 -999 ""
FIBERMAP 1077 R-13C11 APOGEE 0 0 0 1 0 0 94.4126619862208 -247.70017300447915 143.1 264.4665973249034 17.842033372024517 41.344013 89.601326 -999.0 -999.0 -999.0 -999.0 -999.0 38.3004049524807 -23.897612139205513 38.25776555822563 -23.776937793705667 71.18855731669282 78.55201789847223 -999.0 16600.0 -999.0 2 159 {-999.0 -999.0 -999.0 -999.0 -999.0} "" -999.0 -999.0 -999.0 -999.0 -999 -999 "" "" "" "" 0 0 0.0 0.0 -999 ""
FIBERMAP 1077 R-13C11 BOSS 1 1 0 1 0 0 94.89192556935433 -248.24976967601262 143.1 265.13229011408004 18.139591916382827 41.344013 89.601326 38.30257077047502 -23.89661807394359 26.930252 -15.754064 2.874068 38.302654825060635 -23.89667180207062 38.25993968902827 -23.77602695104746 71.18637468611257 78.55153475312363 5400.0 5400.0 2016.0 1 351 {-999.0 16.780403 15.369362 14.906161 -999.0} sdss_psfmag_ps1 16.118822 15.292067 14.381843 12.639 63050395811944496 1081044560 bright_flexible_2x1 mwm_snc_ext_filler_boss mwm_snc science 0 0 0.0 0.0 -999 ""
FIBERMAP 1077 R-13C11 METROLOGY 0 0 0 1 0 0 94.16873152855294 -248.40697225535396 143.1 265.07111974928375 17.402084976768283 41.344013 89.601326 -999.0 -999.0 -999.0 -999.0 -999.0 38.30250807037788 -23.898907328449443 38.259810037185616 -23.778254349412375 71.18726633607412 78.5578748870879 -999.0 6231.0 -999.0 -1 -999 {-999.0 -999.0 -999.0 -999.0 -999.0} "" -999.0 -999.0 -999.0 -999.0 -999 -999 "" "" "" "" 0 0 0.0 0.0 -999 ""
FIBERMAP 1079 R+9C17 APOGEE 0 0 0 1 0 0 159.4362537223376 159.29525017923373 143.1 -105.69616121410012 199.0409117862429 272.92407 79.666214 -999.0 -999.0 -999.0 -999.0 -999.0 37.075752068013074 -23.352844682927028 37.035630678009966 -23.230379421787877 72.02874886056968 75.63084338828975 -999.0 16600.0 -999.0 2 -999 {-999.0 -999.0 -999.0 -999.0 -999.0} "" -999.0 -999.0 -999.0 -999.0 -999 -999 "" "" "" "" 0 0 0.0 0.0 -999 ""
FIBERMAP 1079 R+9C17 BOSS 1 1 0 1 0 0 158.7259929846436 159.35242749084017 143.1 -105.95854428465655 198.3784652733012 272.92407 79.666214 37.07491728374021 -23.35479992342236 -0.5012959 0.31778684 0.11212178 37.07492993861019 -23.35478028538794 37.03473621619651 -23.2323401390473 72.03026630446689 75.6356698027949 5400.0 5400.0 2016.0 1 251 {-999.0 20.153614 20.248053 19.91047 -999.0} sdss_psfmag_ps1 19.986145 19.835693 19.59932 -999.0 63050395811957843 1117293169 bright_1x1 openfibertargets_bhm_quaia_boss open_fiber science 0 0 0.0 0.0 -999 ""
FIBERMAP 1079 R+9C17 METROLOGY 0 0 0 1 0 0 159.13928926037815 159.9817706269476 143.1 -106.43947202998936 198.9577138277663 272.92407 79.666214 -999.0 -999.0 -999.0 -999.0 -999.0 37.073314100276946 -23.353013703338757 37.033145367624 -23.23056389561611 72.03092571212599 75.6285260289377 -999.0 6231.0 -999.0 -1 -999 {-999.0 -999.0 -999.0 -999.0 -999.0} "" -999.0 -999.0 -999.0 -999.0 -999 -999 "" "" "" "" 0 0 0.0 0.0 -999 ""
FIBERMAP 1082 R-2C22 APOGEE 0 0 0 1 0 0 223.48638203617614 -42.46129974739727 143.1 105.95887267251968 201.28536487417114 64.64802 20.580902 -999.0 -999.0 -999.0 -999.0 -999.0 37.77384160057009 -23.3449786243544 37.732887861291886 -23.223616909857288 71.43448660401394 76.39557904276126 -999.0 16600.0 -999.0 2 -999 {-999.0 -999.0 -999.0 -999.0 -999.0} "" -999.0 -999.0 -999.0 -999.0 -999 -999 "" "" "" "" 0 0 0.0 0.0 -999 ""
FIBERMAP 1082 R-2C22 BOSS 1 1 0 1 0 0 223.44969844677235 -43.19108055078542 143.1 106.64597790511336 201.03686991372683 64.64802 20.580902 37.77611486112555 -23.345665816515275 38.386894 0.1522504 1.000427 37.77620204029878 -23.34566276013069 37.735171671115324 -23.22433199300174 71.43281734261872 76.40016236404813 5400.0 5400.0 2016.0 1 311 {-999.0 17.59496 16.887186 16.502306 -999.0} sdss_psfmag_ps1 17.374407 16.843325 16.167347 14.813 63050395811957302 1072826089 bright_1x1 mwm_halo_local_high_boss_single mwm_halo science 0 0 0.0 0.0 -999 ""
FIBERMAP 1082 R-2C22 METROLOGY 0 0 0 1 0 0 222.8161626522212 -42.79342049978585 143.1 106.08045496204605 200.54736039167386 64.64802 20.580902 -999.0 -999.0 -999.0 -999.0 -999.0 37.77434787736184 -23.347116316330574 37.73333758578116 -23.225774423218496 71.43492460777826 76.40234013199137 -999.0 6231.0 -999.0 -1 -999 {-999.0 -999.0 -999.0 -999.0 -999.0} "" -999.0 -999.0 -999.0 -999.0 -999 -999 "" "" "" "" 0 0 0.0 0.0 -999 ""
FIBERMAP 1084 R-6C17 APOGEE 0 0 0 1 0 0 134.3594293001384 -107.30893363124532 143.1 141.90334595232943 97.09608892337198 52.78837 146.4712 -999.0 -999.0 -999.0 -999.0 -999.0 37.89471637871937 -23.659582089352224 37.85302563902462 -23.538324267933373 71.44941367451734 77.44230870737692 -999.0 16600.0 -999.0 2 209 {-999.0 -999.0 -999.0 -999.0 -999.0} "" -999.0 -999.0 -999.0 -999.0 -999 -999 "" "" "" "" 0 0 0.0 0.0 -999 ""
FIBERMAP 1084 R-6C17 BOSS 1 1 0 1 0 0 135.0354571398241 -107.02613397216382 143.1 141.83062423941504 97.82522411053567 52.78837 146.4712 37.89459228515625 -23.65731249858925 -999.0 -999.0 -999.0 37.89459075916842 -23.6573115182501 37.85283137076641 -23.53608040560045 71.44876051384372 77.43553803426846 5400.0 5400.0 2015.5 1 295 {-999.0 -999.0 -999.0 -999.0 -999.0} "" -999.0 -999.0 -999.0 -999.0 27021603163405042 814337267 "" ops_sky_boss_good ops_sky sky_boss 0 0 0.0 0.0 -999 ""
FIBERMAP 1084 R-6C17 METROLOGY 0 0 0 1 0 0 134.9482458488597 -107.7736366505452 143.1 142.51989919812436 97.52323082397007 52.78837 146.4712 -999.0 -999.0 -999.0 -999.0 -999.0 37.896872445831576 -23.65821443731762 37.85512927037513 -23.536979265237413 71.44712722964648 77.44058512031347 -999.0 6231.0 -999.0 -1 -999 {-999.0 -999.0 -999.0 -999.0 -999.0} "" -999.0 -999.0 -999.0 -999.0 -999 -999 "" "" "" "" 0 0 0.0 0.0 -999 ""
FIBERMAP 1088 R+6C21 APOGEE 0 0 0 1 0 0 239.35518859098207 127.86016957203334 143.1 -52.26570961984472 266.26833095056554 79.79652 65.76753 -999.0 -999.0 -999.0 -999.0 -999.0 37.25211279948705 -23.150364165734935 37.21214991543002 -23.028232463688266 71.80028968234066 75.23603402263421 -999.0 16600.0 -999.0 2 88 {-999.0 -999.0 -999.0 -999.0 -999.0} "" -999.0 -999.0 -999.0 -999.0 -999 -999 "" "" "" "" 0 0 0.0 0.0 -999 ""
FIBERMAP 1088 R+6C21 BOSS 1 1 0 1 0 0 239.95946075390054 127.44358519159874 143.1 -51.69064866652993 266.72432368737464 79.79652 65.76753 37.254013408995554 -23.1490227149691 22.009975 17.2274 4.106268 37.254077418689334 -23.148973282439652 37.21404432628947 -23.026872890020876 71.79815117107148 75.2342375608768 5400.0 5400.0 2016.0 1 262 {-999.0 19.927778 18.6191 17.025143 -999.0} sdss_psfmag_ps1 19.557755 17.798595 16.535799 14.213 63050395811958347 940018899 bright_1x1 openfibertargets_nov2020_34a open_fiber science 0 0 0.0 0.0 -999 ""
FIBERMAP 1088 R+6C21 METROLOGY 0 0 0 1 0 0 239.3005617152998 127.11683956810657 143.1 -51.57089567282605 265.99871588041515 79.79652 65.76753 -999.0 -999.0 -999.0 -999.0 -999.0 37.25443757823272 -23.15110448020001 37.21442008080015 -23.028996159446297 71.79867134918386 75.24092023469655 -999.0 6231.0 -999.0 -1 -999 {-999.0 -999.0 -999.0 -999.0 -999.0} "" -999.0 -999.0 -999.0 -999.0 -999 -999 "" "" "" "" 0 0 0.0 0.0 -999 ""
FIBERMAP 1089 R+7C13 APOGEE 0 0 0 1 0 0 57.325435449383384 125.22879477694315 143.1 -102.98235523499483 91.43782395684926 254.90956 136.80362 -999.0 -999.0 -999.0 -999.0 -999.0 37.083823439617625 -23.678181488944357 37.04309297662155 -23.55563728665979 72.14600417437185 76.6175237383681 -999.0 16600.0 -999.0 2 91 {-999.0 -999.0 -999.0 -999.0 -999.0} "" -999.0 -999.0 -999.0 -999.0 -999 -999 "" "" "" "" 0 0 0.0 0.0 -999 ""
FIBERMAP 1089 R+7C13 BOSS 1 1 0 1 0 0 56.72616226339247 124.81010851091277 143.1 -102.75724951020862 90.74234460109427 254.90956 136.80362 37.08452647261009 -23.68012442003676 14.467621 -36.196026 0.90944546 37.084580853670495 -23.68022024124261 37.04377575745417 -23.557702365616546 72.14619221955908 76.6245351402141 5400.0 5400.0 2016.0 1 156 {-999.0 18.274359 17.19599 16.872253 -999.0} sdss_psfmag_ps1 17.89561 17.251411 16.490158 14.862 63050395811956900 1072883480 bright_1x1 mwm_halo_local_high_boss_single mwm_halo science 0 0 0.0 0.0 -999 ""
FIBERMAP 1089 R+7C13 METROLOGY 0 0 0 1 0 0 56.6614051012683 125.55638656163724 143.1 -103.48979514410141 90.8986640684863 254.90956 136.80362 -999.0 -999.0 -999.0 -999.0 -999.0 37.08212560363214 -23.679744853622925 37.04134423443435 -23.55721598431772 72.14807976592941 76.62035583706898 -999.0 6231.0 -999.0 -1 -999 {-999.0 -999.0 -999.0 -999.0 -999.0} "" -999.0 -999.0 -999.0 -999.0 -999 -999 "" "" "" "" 0 0 0.0 0.0 -999 ""
FIBERMAP 1090 R+2C22 APOGEE 0 0 0 1 0 0 200.25488723528062 18.11411327586251 143.1 41.24146190946391 196.7855703002156 322.76147 46.05045 -999.0 -999.0 -999.0 -999.0 -999.0 37.56052590590329 -23.35887767529039 37.519804617724844 -23.237173491909875 71.62068714756914 76.19964940256745 -999.0 16600.0 -999.0 2 -999 {-999.0 -999.0 -999.0 -999.0 -999.0} "" -999.0 -999.0 -999.0 -999.0 -999 -999 "" "" "" "" 0 0 0.0 0.0 -999 ""
FIBERMAP 1090 R+2C22 BOSS 1 1 0 1 0 0 199.5199760778755 17.961573857358403 143.1 41.17240596781582 196.03822288330755 322.76147 46.05045 37.56038837048487 -23.361017763306897 2.6156588 -5.058254 0.1817176 37.560390757514966 -23.36105105350607 37.519593930916926 -23.239373242927922 71.62170600159764 76.20586308978062 5400.0 5400.0 2016.0 1 232 {-999.0 17.177338 16.764917 16.941147 -999.0} sdss_psfmag_ps1 17.112024 16.880215 16.481316 15.594 63050395811957447 944594010 bright_1x1 openfibertargets_nov2020_6c open_fiber science 0 0 0.0 0.0 -999 ""
FIBERMAP 1090 R+2C22 METROLOGY 0 0 0 1 0 0 199.77798753112023 18.690363992970834 143.1 40.55097320947067 196.4980668663331 322.76147 46.05045 -999.0 -999.0 -999.0 -999.0 -999.0 37.55832013132567 -23.359647326287504 37.51754873905867 -23.237958928959912 71.62290286637855 76.19944115456974 -999.0 6231.0 -999.0 -1 -999 {-999.0 -999.0 -999.0 -999.0 -999.0} "" -999.0 -999.0 -999.0 -999.0 -999 -999 "" "" "" "" 0 0 0.0 0.0 -999 ""
FIBERMAP 1097 R-1C6 APOGEE 0 0 0 1 0 0 -164.18002361207613 -11.052017696849509 143.1 -37.444656174008344 -160.22472482313563 24.41298 149.78789 -999.0 -999.0 -999.0 -999.0 -999.0 37.3016971083064 -24.4414709985358 37.2592725481648 -24.319054387999188 72.2308659282067 79.18073222523668 -999.0 16600.0 -999.0 2 -999 {-999.0 -999.0 -999.0 -999.0 -999.0} "" -999.0 -999.0 -999.0 -999.0 -999 -999 "" "" "" "" 0 0 0.0 0.0 -999 ""
FIBERMAP 1097 R-1C6 BOSS 1 1 0 1 0 0 -163.31883256532564 -11.212153296506525 143.1 -37.03968395151297 -159.44806446555825 24.41298 149.78789 37.303087826966944 -24.439167058745053 3.5990252 -2.990205 0.39850232 37.30309685977339 -24.439163274355575 37.2606037812692 -24.316772471800316 72.22896025073983 79.175012594328 5400.0 5400.0 2016.0 1 461 {-999.0 16.61047 16.374937 16.344936 -999.0} sdss_psfmag_ps1 16.59448 16.360872 15.965376 15.17 63050395811943110 944594076 bright_1x1 openfibertargets_nov2020_6c open_fiber science 0 0 0.0 0.0 -999 ""
FIBERMAP 1097 R-1C6 METROLOGY 0 0 0 1 0 0 -163.85899691702826 -11.727621188449977 143.1 -36.70474763428198 -160.11532545315308 24.41298 149.78789 -999.0 -999.0 -999.0 -999.0 -999.0 37.304190978468185 -24.441206418192156 37.261712817598834 -24.31881025194266 72.22868834095821 79.18241166989537 -999.0 6231.0 -999.0 -1 -999 {-999.0 -999.0 -999.0 -999.0 -999.0} "" -999.0 -999.0 -999.0 -999.0 -999 -999 "" "" "" "" 0 0 0.0 0.0 -999 ""
FIBERMAP 1102 R+4C17 APOGEE 0 0 0 1 0 0 120.61403335693691 88.08412294343944 143.1 -48.95564259473661 141.09322267781488 53.924244 114.47325 -999.0 -999.0 -999.0 -999.0 -999.0 37.262747753653905 -23.52762130207162 37.222076081669286 -23.40539994855703 71.93748905132722 76.3654133821592 -999.0 16600.0 -999.0 2 66 {-999.0 -999.0 -999.0 -999.0 -999.0} "" -999.0 -999.0 -999.0 -999.0 -999 -999 "" "" "" "" 0 0 0.0 0.0 -999 ""
FIBERMAP 1102 R+4C17 BOSS 1 1 0 1 0 0 121.34872306549819 87.94947189534687 143.1 -48.6120333622626 141.75637228927107 53.924244 114.47325 37.26384852068135 -23.525531209571263 26.121971 3.4289727 4.4814215 37.26393199033463 -23.525524102365143 37.223192178365366 -23.403331604223684 71.93575981316474 76.36048319919115 5400.0 5400.0 2016.0 1 218 {-999.0 20.019848 18.558727 17.102919 -999.0} sdss_psfmag_ps1 19.442158 17.824104 16.604002 14.249 63050395811957033 1078832539 bright_flexible_2x1 mwm_snc_ext_filler_boss mwm_snc science 0 0 0.0 0.0 -999 ""
FIBERMAP 1102 R+4C17 METROLOGY 0 0 0 1 0 0 120.86114255917892 87.38241211539815 143.1 -48.2123860764078 141.1243056252695 53.924244 114.47325 -999.0 -999.0 -999.0 -999.0 -999.0 37.265227427214995 -23.52742662037442 37.2245025063761 -23.405228134716268 71.93536212116427 76.36761070050449 -999.0 6231.0 -999.0 -1 -999 {-999.0 -999.0 -999.0 -999.0 -999.0} "" -999.0 -999.0 -999.0 -999.0 -999 -999 "" "" "" "" 0 0 0.0 0.0 -999 ""
FIBERMAP 1110 R-12C9 APOGEE 0 0 0 1 0 0 27.195403254062605 -217.7206274228572 143.1 216.14244271201736 -37.66541141148013 93.23969 94.89996 -999.0 -999.0 -999.0 -999.0 -999.0 38.14271076890096 -24.066722454613025 38.09994341728981 -23.94574695008651 71.38253573671858 78.88915692544276 -999.0 16600.0 -999.0 2 -999 {-999.0 -999.0 -999.0 -999.0 -999.0} "" -999.0 -999.0 -999.0 -999.0 -999 -999 "" "" "" "" 0 0 0.0 0.0 -999 ""
FIBERMAP 1110 R-12C9 BOSS 1 1 0 1 0 0 27.92670823427544 -217.5946964291453 143.1 216.23588764285452 -36.92929367748682 93.23969 94.89996 38.143134543885495 -24.064447921491073 0.4648699 -0.5726985 -0.29427698 38.14312668615061 -24.064473326702036 38.10028889331426 -23.943523993792603 71.38147408901393 78.88295998378504 5400.0 5400.0 2016.0 1 367 {-999.0 20.876947 20.649004 20.661827 -999.0} sdss_psfmag_ps1 20.208803 20.378304 19.835384 -999.0 63050395811944356 1117293137 bright_1x1 openfibertargets_bhm_quaia_boss open_fiber science 0 0 0.0 0.0 -999 ""
FIBERMAP 1110 R-12C9 METROLOGY 0 0 0 1 0 0 27.66498901917377 -218.3028536898712 143.1 216.8365064784985 -37.3866492236379 93.23969 94.89996 -999.0 -999.0 -999.0 -999.0 -999.0 38.14513179923071 -24.065856780521386 38.10230991060928 -23.944903225780433 71.38021466676255 78.88900732531118 -999.0 6231.0 -999.0 -1 -999 {-999.0 -999.0 -999.0 -999.0 -999.0} "" -999.0 -999.0 -999.0 -999.0 -999 -999 "" "" "" "" 0 0 0.0 0.0 -999 ""
FIBERMAP 1117 R-12C14 APOGEE 1 1 0 1 0 0 143.14602010636577 -236.12732964991892 143.1 267.65197677719135 67.82634318176702 300.53183 149.09813 38.309326171875 -23.74642738782495 -999.0 -999.0 -999.0 38.30931699674126 -23.746426523547264 38.266954865146545 -23.625809121922156 71.12721900506953 78.12355244312846 16000.0 16600.0 2015.5 2 233 {-999.0 -999.0 -999.0 -999.0 -999.0} "" -999.0 -999.0 -999.0 -999.0 27021603163403999 844117779 "" ops_sky_apogee_best ops_sky sky_apogee 0 0 0.0 0.0 -999 ""
FIBERMAP 1117 R-12C14 BOSS 0 0 0 1 0 0 143.184867639961 -236.85782979150142 143.1 268.36185819759373 67.64986243435476 300.53183 149.09813 -999.0 -999.0 -999.0 -999.0 -999.0 38.3117065211085 -23.746925011375854 38.26926577423268 -23.62633749921172 71.12543008248284 78.12741541986492 -999.0 5400.0 -999.0 1 342 {-999.0 -999.0 -999.0 -999.0 -999.0} "" -999.0 -999.0 -999.0 -999.0 -999 -999 "" "" "" "" 0 0 0.0 0.0 -999 ""
FIBERMAP 1117 R-12C14 METROLOGY 0 0 0 1 0 0 142.51287824404858 -236.5153853517893 143.1 267.8378882962851 67.10743543770046 300.53183 149.09813 -999.0 -999.0 -999.0 -999.0 -999.0 38.31004537363608 -23.74856694297966 38.2676247174968 -23.62796886680648 71.12741695672835 78.13046661754834 -999.0 6231.0 -999.0 -1 -999 {-999.0 -999.0 -999.0 -999.0 -999.0} "" -999.0 -999.0 -999.0 -999.0 -999 -999 "" "" "" "" 0 0 0.0 0.0 -999 ""
FIBERMAP 1119 R-13C14 APOGEE 0 0 0 1 0 0 148.99506370450618 -262.39170330427913 143.1 294.4770635536459 65.73857168341816 267.1873 136.8419 -999.0 -999.0 -999.0 -999.0 -999.0 38.39714126119329 -23.7522471238476 38.35466067432685 -23.631769773962603 71.05427448617107 78.22915477307572 -999.0 16600.0 -999.0 2 -999 {-999.0 -999.0 -999.0 -999.0 -999.0} "" -999.0 -999.0 -999.0 -999.0 -999 -999 "" "" "" "" 0 0 0.0 0.0 -999 ""
FIBERMAP 1119 R-13C14 BOSS 1 1 0 1 0 0 148.45210503793155 -262.914996166331 143.1 294.81866511500743 65.06635037224142 267.1873 136.8419 38.398100716572515 -23.75427872495896 59.912174 11.578656 1.3988694 38.39829740287166 -23.75425638827293 38.35573648205684 -23.633806542730582 71.05407861565511 78.2360977510615 5400.0 5400.0 2016.0 1 343 {-999.0 15.726396 15.101864 14.915253 -999.0} sdss_psfmag_ps1 15.530158 15.114443 14.525629 13.423 63050395811944540 1072826112 bright_1x1 mwm_halo_local_high_boss_single mwm_halo science 0 0 0.0 0.0 -999 ""
FIBERMAP 1119 R-13C14 METROLOGY 0 0 0 1 0 0 148.27487195135348 -262.1896586174226 143.1 294.0732507777365 65.10899395880826 267.1873 136.8419 -999.0 -999.0 -999.0 -999.0 -999.0 38.395910597177995 -23.7541341628809 38.35337411247468 -23.633673070484956 71.05605355581616 78.23334051029212 -999.0 6231.0 -999.0 -1 -999 {-999.0 -999.0 -999.0 -999.0 -999.0} "" -999.0 -999.0 -999.0 -999.0 -999 -999 "" "" "" "" 0 0 0.0 0.0 -999 ""
FIBERMAP 1120 R-8C16 APOGEE 0 0 0 1 0 0 121.19261283362525 -155.36887800817172 143.1 184.00885000276597 70.45101775249539 180.99306 115.30636 -999.0 -999.0 -999.0 -999.0 -999.0 38.034295898376705 -23.739781887758262 37.992282974833074 -23.618724575441036 71.35960287644689 77.82236547232674 -999.0 16600.0 -999.0 2 -999 {-999.0 -999.0 -999.0 -999.0 -999.0} "" -999.0 -999.0 -999.0 -999.0 -999 -999 "" "" "" "" 0 0 0.0 0.0 -999 ""
FIBERMAP 1120 R-8C16 BOSS 1 1 0 1 0 0 120.82999135167184 -154.68855269621233 143.1 183.25226236133227 70.30322535222668 180.99306 115.30636 38.031909704263725 -23.740195300336364 0.22020806 0.6146881 0.47162098 38.031936338661474 -23.74019288250213 37.98985188182985 -23.619157713045162 71.36183690952166 77.82112100891771 5400.0 5400.0 2016.0 1 293 {-999.0 19.986486 19.469292 19.560947 -999.0} sdss_psfmag_ps1 19.96716 19.694506 19.149963 -999.0 63050395811945275 1117293209 bright_1x1 openfibertargets_bhm_quaia_boss open_fiber science 0 0 0.0 0.0 -999 ""
FIBERMAP 1120 R-8C16 METROLOGY 0 0 0 1 0 0 121.58785487250356 -154.7338331692041 143.1 183.51719037408225 71.01466984273827 180.99306 115.30636 -999.0 -999.0 -999.0 -999.0 -999.0 38.0327988331018 -23.738031979503422 37.99073827575546 -23.616991427308257 71.36029929831696 77.81571236500668 -999.0 6231.0 -999.0 -1 -999 {-999.0 -999.0 -999.0 -999.0 -999.0} "" -999.0 -999.0 -999.0 -999.0 -999 -999 "" "" "" "" 0 0 0.0 0.0 -999 ""
FIBERMAP 1122 R-6C16 APOGEE 0 0 0 1 0 0 131.2896887764129 -112.2330731645991 143.1 145.7142044117255 92.72071668379697 61.25841 58.899284 -999.0 -999.0 -999.0 -999.0 -999.0 37.907397911612655 -23.67279399196622 37.865666780416745 -23.551552687604605 71.44344530737791 77.49429922488093 -999.0 16600.0 -999.0 2 -999 {-999.0 -999.0 -999.0 -999.0 -999.0} "" -999.0 -999.0 -999.0 -999.0 -999 -999 "" "" "" "" 0 0 0.0 0.0 -999 ""
FIBERMAP 1122 R-6C16 BOSS 1 1 0 1 0 0 131.6587172843009 -112.89042705811985 143.1 146.45069993300518 92.8813533951681 61.25841 58.899284 37.90984299207168 -23.672250389774433 43.999622 2.429722 5.2366486 37.90995838770705 -23.672238720801193 37.868152027397 -23.551027881903675 71.44113241340781 77.49537070440829 5400.0 5400.0 2016.0 1 291 {-999.0 17.751055 16.305172 15.268495 -999.0} sdss_psfmag_ps1 17.149847 15.87376 14.748329 12.619 63050395811945458 1080733936 bright_flexible_2x1 mwm_snc_ext_filler_boss mwm_snc science 0 0 0.0 0.0 -999 ""
FIBERMAP 1122 R-6C16 METROLOGY 0 0 0 1 0 0 130.91827295353556 -112.88234083152273 143.1 146.22643197625126 92.17568843548999 61.25841 58.899284 -999.0 -999.0 -999.0 -999.0 -999.0 37.90923287938349 -23.674374392618898 37.86744411265573 -23.553154356856254 71.4425111956384 77.50085077555559 -999.0 6231.0 -999.0 -1 -999 {-999.0 -999.0 -999.0 -999.0 -999.0} "" -999.0 -999.0 -999.0 -999.0 -999 -999 "" "" "" "" 0 0 0.0 0.0 -999 ""
FIBERMAP 1123 R-1C3 APOGEE 1 0 0 1 1 0 -245.90366838034944 -19.616754904008836 143.1 -53.154142673563 -240.87540521874774 159.01065 137.17763 37.29010455898445 -24.69870163272639 0.27284607 -0.99894893 0.46550798 37.24984000158711 -24.68462337946542 37.2070234734976 -24.56205733596028 72.35557448525303 79.88408018056663 16000.0 16600.0 2016.0 2 248 {-999.0 12.633429 11.763494 11.426299 -999.0} sdss_psfmag_from_g3xp 12.365385 11.7892885 11.070155 9.506 63050395811941940 1108404017 bright_1x1 mwm_tess_rgb_apogee mwm_tessrgb science 0 0 0.0 0.0 -999 ""
FIBERMAP 1123 R-1C3 BOSS 0 0 0 1 1 0 -246.27043023319956 -18.928318959813204 143.1 -53.919696696966604 -241.02478486047383 159.01065 137.17763 -999.0 -999.0 -999.0 -999.0 -999.0 37.247357967061575 -24.685068026355136 37.20447279119833 -24.562519961887848 72.35791957400122 79.88305587990737 -999.0 5400.0 -999.0 1 511 {-999.0 -999.0 -999.0 -999.0 -999.0} "" -999.0 -999.0 -999.0 -999.0 -999 -999 "" "" "" "" 0 0 0.0 0.0 -999 ""
FIBERMAP 1123 R-1C3 METROLOGY 0 0 0 1 1 0 -245.51130739236584 -18.97477810433152 143.1 -53.6532733358616 -240.31248087054718 159.01065 137.17763 -999.0 -999.0 -999.0 -999.0 -999.0 37.24820998707344 -24.682976251161943 37.20534778022795 -24.5604238799164 72.35649005583194 79.87735695265894 -999.0 6231.0 -999.0 -1 -999 {-999.0 -999.0 -999.0 -999.0 -999.0} "" -999.0 -999.0 -999.0 -999.0 -999 -999 "" "" "" "" 0 0 0.0 0.0 -999 ""
FIBERMAP 1124 R-4C19 APOGEE 0 0 0 1 0 0 138.11096081423574 -74.6986146925036 143.1 111.81771662400675 110.21995835188447 214.0238 66.04426 -999.0 -999.0 -999.0 -999.0 -999.0 37.79504234091213 -23.620120241099855 37.75354762565996 -23.498714679045776 71.51977834492295 77.2210282067739 -999.0 16600.0 -999.0 2 215 {-999.0 -999.0 -999.0 -999.0 -999.0} "" -999.0 -999.0 -999.0 -999.0 -999 -999 "" "" "" "" 0 0 0.0 0.0 -999 ""
FIBERMAP 1124 R-4C19 BOSS 1 1 0 1 0 0 137.96941664381765 -73.97461262160805 143.1 111.08401617662707 110.29633794369555 214.0238 66.04426 37.79272299607259 -23.619856328168474 20.353031 1.3606622 2.7005367 37.79273917795678 -23.61982220105621 37.75117517120498 -23.49843940873062 71.52170039666498 77.21769648875124 5400.0 5400.0 2016.0 1 307 {-999.0 16.092562 14.87495 14.417107 -999.0} sdss_psfmag_from_g3xp 15.634767 14.894811 14.060678 12.449 63050395811945529 940018513 bright_1x1 openfibertargets_nov2020_34a open_fiber science 0 0 0.0 0.0 -999 ""
FIBERMAP 1124 R-4C19 METROLOGY 0 0 0 1 0 0 138.67098478113576 -74.20775069012406 143.1 111.51211485594709 110.89901438735211 214.0238 66.04426 -999.0 -999.0 -999.0 -999.0 -999.0 37.79413636741492 -23.617987650832934 37.75259468614473 -23.49660013708096 71.51981339986966 77.21381081137133 -999.0 6231.0 -999.0 -1 -999 {-999.0 -999.0 -999.0 -999.0 -999.0} "" -999.0 -999.0 -999.0 -999.0 -999 -999 "" "" "" "" 0 0 0.0 0.0 -999 ""
FIBERMAP 1128 R+2C19 APOGEE 0 0 0 1 0 0 154.1890750225632 39.61173386290966 143.1 7.213451000272844 159.02316316359835 49.90754 58.722797 -999.0 -999.0 -999.0 -999.0 -999.0 37.448464633366044 -23.47310911852854 37.40766731923088 -23.351195593450903 71.75927915350891 76.41083253531696 -999.0 16600.0 -999.0 2 72 {-999.0 -999.0 -999.0 -999.0 -999.0} "" -999.0 -999.0 -999.0 -999.0 -999 -999 "" "" "" "" 0 0 0.0 0.0 -999 ""
FIBERMAP 1128 R+2C19 BOSS 1 1 0 1 0 0 154.43929973867222 38.91402384074517 143.1 7.953792958737864 159.058395232881 49.90754 58.722797 37.451019287109375 -23.472910013090257 -999.0 -999.0 -999.0 37.45098705863412 -23.472906141905767 37.410115768655714 -23.35102336706802 71.75713286575935 76.41303701254509 5400.0 5400.0 2015.5 1 229 {-999.0 -999.0 -999.0 -999.0 -999.0} "" -999.0 -999.0 -999.0 -999.0 27021603163418118 814339037 "" ops_sky_boss_good ops_sky sky_boss 0 0 0.0 0.0 -999 ""
FIBERMAP 1128 R+2C19 METROLOGY 0 0 0 1 0 0 153.71145767287229 39.04667032529344 143.1 7.614103061825934 158.401207278007 49.90754 58.722797 -999.0 -999.0 -999.0 -999.0 -999.0 37.44984887316684 -23.47488401307935 37.408995499233185 -23.352991308636952 71.75882873743689 76.41761610387437 -999.0 6231.0 -999.0 -1 -999 {-999.0 -999.0 -999.0 -999.0 -999.0} "" -999.0 -999.0 -999.0 -999.0 -999 -999 "" "" "" "" 0 0 0.0 0.0 -999 ""
FIBERMAP 1133 R0C15 APOGEE 0 0 0 1 0 0 40.30735367215179 3.3259290207897276 143.1 8.607163549476127 39.51544318553913 48.200993 73.73528 -999.0 -999.0 -999.0 -999.0 -999.0 37.45386734764829 -23.83538020178268 37.41238860625947 -23.713373253797833 71.8891245807916 77.49483284155451 -999.0 16600.0 -999.0 2 110 {-999.0 -999.0 -999.0 -999.0 -999.0} "" -999.0 -999.0 -999.0 -999.0 -999 -999 "" "" "" "" 0 0 0.0 0.0 -999 ""
FIBERMAP 1133 R0C15 BOSS 1 1 0 1 0 0 40.69283672106641 2.684739960460247 143.1 9.333013859911267 39.69654135083002 48.200993 73.73528 37.45627524321635 -23.834770817732394 23.445595 -1.2365055 5.5433407 37.45635413849741 -23.834775290244014 37.41480201749357 -23.712797777799622 71.88685626210403 77.49567443478446 5400.0 5400.0 2016.0 1 188 {-999.0 18.08952 16.700321 15.501128 -999.0} sdss_psfmag_ps1 17.553959 16.184477 15.035924 12.94 63050395811945020 1081864302 bright_flexible_2x1 mwm_snc_ext_filler_boss mwm_snc science 0 0 0.0 0.0 -999 ""
FIBERMAP 1133 R0C15 METROLOGY 0 0 0 1 0 0 39.924122488155746 2.685443967394286 143.1 9.107537692210485 38.96168521006364 48.200993 73.73528 -999.0 -999.0 -999.0 -999.0 -999.0 37.45559070575494 -23.837012427381833 37.41405559420065 -23.715025893529283 71.88829833288403 77.50156359675827 -999.0 6231.0 -999.0 -1 -999 {-999.0 -999.0 -999.0 -999.0 -999.0} "" -999.0 -999.0 -999.0 -999.0 -999 -999 "" "" "" "" 0 0 0.0 0.0 -999 ""
FIBERMAP 1134 R-4C17 APOGEE 0 0 0 1 0 0 102.64459045895994 -73.24252213700848 143.1 100.0535737159331 76.7320290107735 129.69403 139.07779 -999.0 -999.0 -999.0 -999.0 -999.0 37.75671804028734 -23.72171540198539 37.71507947305105 -23.600220253133493 71.58971088346848 77.47888961284241 -999.0 16600.0 -999.0 2 210 {-999.0 -999.0 -999.0 -999.0 -999.0} "" -999.0 -999.0 -999.0 -999.0 -999 -999 "" "" "" "" 0 0 0.0 0.0 -999 ""
FIBERMAP 1134 R-4C17 BOSS 1 1 0 1 0 0 102.66060684570063 -72.50180336004783 143.1 99.34996542255786 76.96396022600536 129.69403 139.07779 37.7545166015625 -23.720959779379868 -999.0 -999.0 -999.0 37.754511847282565 -23.720953807792064 37.71280486160231 -23.599481310318577 71.59138406280151 77.47431063163907 5400.0 5400.0 2015.5 1 297 {-999.0 -999.0 -999.0 -999.0 -999.0} "" -999.0 -999.0 -999.0 -999.0 27021603163405016 814337265 "" ops_sky_boss_good ops_sky sky_boss 0 0 0.0 0.0 -999 ""
FIBERMAP 1134 R-4C17 METROLOGY 0 0 0 1 0 0 103.2980367106101 -72.88594390982576 143.1 99.90369949418593 77.46114699291758 129.69403 139.07779 -999.0 -999.0 -999.0 -999.0 -999.0 37.756327850787265 -23.719440021178556 37.71464203763918 -23.59796348993456 71.58926391476305 77.47177143883891 -999.0 6231.0 -999.0 -1 -999 {-999.0 -999.0 -999.0 -999.0 -999.0} "" -999.0 -999.0 -999.0 -999.0 -999 -999 "" "" "" "" 0 0 0.0 0.0 -999 ""
FIBERMAP 1138 R+7C7 APOGEE 0 0 0 1 0 0 -92.86246563911612 134.8966510847987 143.1 -156.14796608128975 -49.347990223314895 194.65868 106.90304 -999.0 -999.0 -999.0 -999.0 -999.0 36.90701833573454 -24.105037205930536 36.865718076900066 -23.982097308695266 72.45215790757398 77.73043562818805 -999.0 16600.0 -999.0 2 44 {-999.0 -999.0 -999.0 -999.0 -999.0} "" -999.0 -999.0 -999.0 -999.0 -999 -999 "" "" "" "" 0 0 0.0 0.0 -999 ""
FIBERMAP 1138 R+7C7 BOSS 1 1 0 1 0 0 -93.23072711572077 135.5356830642909 143.1 -156.86671746113964 -49.513251547006945 194.65868 106.90304 36.904419834869394 -24.105525367049566 64.80917 -0.043188214 4.955852 36.90463793988322 -24.105527372897015 36.86327035190601 -23.98260763370759 72.4544301611447 77.72939279338522 5400.0 5400.0 2016.0 1 78 {-999.0 20.285961 18.874691 17.345621 -999.0} sdss_psfmag_ps1 19.830444 18.083431 16.840435 14.643 63050395811955041 1083353364 bright_flexible_2x1 mwm_snc_ext_filler_boss mwm_snc science 0 0 0.0 0.0 -999 ""
FIBERMAP 1138 R+7C7 METROLOGY 0 0 0 1 0 0 -92.5014492703408 135.54704999508775 143.1 -156.6643165853602 -48.81257534828806 194.65868 106.90304 -999.0 -999.0 -999.0 -999.0 -999.0 36.905270371747235 -24.103417412410405 36.86392556527642 -23.980492453172154 72.45312142086001 77.72353416316133 -999.0 6231.0 -999.0 -1 -999 {-999.0 -999.0 -999.0 -999.0 -999.0} "" -999.0 -999.0 -999.0 -999.0 -999 -999 "" "" "" "" 0 0 0.0 0.0 -999 ""
FIBERMAP 1139 R-5C16 APOGEE 1 1 0 1 0 0 100.23082560491277 -117.5464193990025 143.1 141.7120852195125 61.46768953208766 323.72043 49.41617 37.89482432690915 -23.76755124491856 -999.0 -999.0 -999.0 37.894832371828855 -23.76754749169235 37.85293803383428 -23.646259452101972 71.48861467811933 77.75873257570618 16000.0 16600.0 2016.0 2 206 {-999.0 14.271673 12.924039 12.152841 -999.0} sdss_psfmag_from_g3xp 13.755717 12.78277 11.743047 9.884 63050395811945260 1103529101 bright_1x1 mwm_tess_2min_apogee mwm_planet science 0 0 0.0 0.0 -999 ""
FIBERMAP 1139 R-5C16 BOSS 0 0 0 1 0 0 99.50869311016419 -117.73912923563971 143.1 141.68517813993606 60.720813915835784 323.72043 49.41617 -999.0 -999.0 -999.0 -999.0 -999.0 37.89489762950312 -23.769759862119663 37.85292591564189 -23.648497146584887 71.48943061200434 77.76529557633472 -999.0 5400.0 -999.0 1 290 {-999.0 -999.0 -999.0 -999.0 -999.0} "" -999.0 -999.0 -999.0 -999.0 -999 -999 "" "" "" "" 0 0 0.0 0.0 -999 ""
FIBERMAP 1139 R-5C16 METROLOGY 0 0 0 1 0 0 99.74937526797788 -116.9880265387216 143.1 141.03734181991493 61.170612323655654 323.72043 49.41617 -999.0 -999.0 -999.0 -999.0 -999.0 37.892743560446824 -23.768403990258218 37.850797777205344 -23.64713089860678 71.49075750588011 77.7590699782802 -999.0 6231.0 -999.0 -1 -999 {-999.0 -999.0 -999.0 -999.0 -999.0} "" -999.0 -999.0 -999.0 -999.0 -999 -999 "" "" "" "" 0 0 0.0 0.0 -999 ""
FIBERMAP 1141 R+13C2 APOGEE 0 0 0 1 0 0 -126.73891258134039 267.37189045759993 143.1 -292.7306373632304 -43.000326983029616 120.02239 98.73174 -999.0 -999.0 -999.0 -999.0 -999.0 36.45684030758179 -24.08386162761795 36.4161435330268 -23.96023075729278 72.82810933188705 77.1706467006677 -999.0 16600.0 -999.0 2 60 {-999.0 -999.0 -999.0 -999.0 -999.0} "" -999.0 -999.0 -999.0 -999.0 -999 -999 "" "" "" "" 0 0 0.0 0.0 -999 ""
FIBERMAP 1141 R+13C2 BOSS 1 1 0 1 0 0 -126.07453920654338 267.7011741065617 143.1 -292.8512163583419 -42.26874227058368 120.02239 98.73174 36.456519286003605 -24.081532222147185 16.739046 -36.05367 0.35766467 36.45657073740082 -24.081619001771056 36.41581074720921 -23.958012190283636 72.82759487487569 77.16326494397242 5400.0 5400.0 2016.0 1 100 {-999.0 18.099913 17.727787 17.62202 -999.0} sdss_psfmag_ps1 18.019993 17.698086 17.204056 16.352 63050395811954933 944594155 bright_1x1 openfibertargets_nov2020_6c open_fiber science 0 0 0.0 0.0 -999 ""
FIBERMAP 1141 R+13C2 METROLOGY 0 0 0 1 0 0 -126.11198506139742 266.950450400728 143.1 -292.14430796353935 -42.52409067414368 120.02239 98.73174 -999.0 -999.0 -999.0 -999.0 -999.0 36.458795232227764 -24.082420022420088 36.418050150536544 -23.958809651737443 72.8259724096377 77.16827875360013 -999.0 6231.0 -999.0 -1 -999 {-999.0 -999.0 -999.0 -999.0 -999.0} "" -999.0 -999.0 -999.0 -999.0 -999 -999 "" "" "" "" 0 0 0.0 0.0 -999 ""
FIBERMAP 1146 R-1C11 APOGEE 0 0 0 1 0 0 -71.76345394591254 -18.71663405681718 143.1 -3.0892513352807622 -74.09534278146819 196.85297 96.55283 -999.0 -999.0 -999.0 -999.0 -999.0 37.415653046063895 -24.180437946248603 37.373575596006106 -24.05827385336155 72.04420391127965 78.49658669150534 -999.0 16600.0 -999.0 2 247 {-999.0 -999.0 -999.0 -999.0 -999.0} "" -999.0 -999.0 -999.0 -999.0 -999 -999 "" "" "" "" 0 0 0.0 0.0 -999 ""
FIBERMAP 1146 R-1C11 BOSS 1 1 0 1 0 0 -72.07406822047048 -18.052511395572928 143.1 -3.815136633264326 -74.19814301519335 196.85297 96.55283 37.41329627784643 -24.180779668960724 -999.0 -999.0 -999.0 37.41330654502964 -24.180773971120775 37.37115998910224 -24.05863008771428 72.04639694443745 78.49519935260946 5400.0 5400.0 2016.0 1 508 {-999.0 17.985092 17.455055 17.344067 -999.0} sdss_psfmag_ps1 17.87521 18.04455 16.944933 16.375 63050395811943332 944594002 bright_1x1 openfibertargets_nov2020_6c open_fiber science 0 0 0.0 0.0 -999 ""
FIBERMAP 1146 R-1C11 METROLOGY 0 0 0 1 0 0 -71.34307156103029 -18.10255709448589 143.1 -3.553508954770987 -73.51378277201641 196.85297 96.55283 -999.0 -999.0 -999.0 -999.0 -999.0 37.4141531690006 -24.178709062812572 37.372029665327375 -24.05656029677359 72.04493661362238 78.48978842177428 -999.0 6231.0 -999.0 -1 -999 {-999.0 -999.0 -999.0 -999.0 -999.0} "" -999.0 -999.0 -999.0 -999.0 -999 -999 "" "" "" "" 0 0 0.0 0.0 -999 ""
FIBERMAP 1147 R+8C8 APOGEE 0 0 0 1 0 0 -35.21079303932191 158.78500030271195 143.1 -162.13087914976182 12.765764164562489 355.9319 138.6362 -999.0 -999.0 -999.0 -999.0 -999.0 36.88756392904116 -23.91663782394818 36.846636174283844 -23.793720459066733 72.40088843493072 77.12729815153187 -999.0 16600.0 -999.0 2 -999 {-999.0 -999.0 -999.0 -999.0 -999.0} "" -999.0 -999.0 -999.0 -999.0 -999 -999 "" "" "" "" 0 0 0.0 0.0 -999 ""
FIBERMAP 1147 R+8C8 BOSS 1 1 0 1 0 0 -34.67075718778008 158.25898274543357 143.1 -161.46996098834438 13.128330015196243 355.9319 138.6362 36.88976835285042 -23.915502950235076 -1.0060738 -1.4733268 -0.3258878 36.889750453285025 -23.915511702344524 36.84875278612623 -23.792622769553315 72.39868527634528 77.12624252547602 5400.0 5400.0 2016.0 1 137 {-999.0 21.042986 20.456459 19.765272 -999.0} sdss_psfmag_ps1 20.412853 20.412912 19.164742 -999.0 63050395811955377 1116286086 bright_1x1 openfibertargets_bhm_morexray_boss open_fiber science 0 0 0.0 0.0 -999 ""
FIBERMAP 1147 R+8C8 METROLOGY 0 0 0 1 0 0 -35.40142418058885 158.06170369358443 143.1 -161.49499471120888 12.371957295502533 355.9319 138.6362 -999.0 -999.0 -999.0 -999.0 -999.0 36.88962098532927 -23.917811144675678 36.8486388667547 -23.794914355557058 72.39961472620521 77.13317816111345 -999.0 6231.0 -999.0 -1 -999 {-999.0 -999.0 -999.0 -999.0 -999.0} "" -999.0 -999.0 -999.0 -999.0 -999 -999 "" "" "" "" 0 0 0.0 0.0 -999 ""
FIBERMAP 1154 R+2C15 APOGEE 0 0 0 1 0 0 61.6653275979136 41.78653853300531 143.1 -21.923814219184383 71.18585342588398 39.155056 84.07531 -999.0 -999.0 -999.0 -999.0 -999.0 37.35238576908713 -23.739389842431674 37.311211149354165 -23.61724989400704 71.94044893482936 77.0977706727665 -999.0 16600.0 -999.0 2 120 {-999.0 -999.0 -999.0 -999.0 -999.0} "" -999.0 -999.0 -999.0 -999.0 -999 -999 "" "" "" "" 0 0 0.0 0.0 -999 ""
FIBERMAP 1154 R+2C15 BOSS 1 1 0 1 0 0 62.109706776322604 41.183175838429506 143.1 -21.21691074072847 71.43433136052984 39.155056 84.07531 37.354779451255254 -23.73855527214781 -0.14818743 0.20302384 -0.048743784 37.354786711674365 -23.738564110952982 37.31353966536011 -23.616453822254584 71.9381721464479 77.09790556011848 5400.0 5400.0 2016.0 1 206 {-999.0 19.009201 18.853336 18.718542 18.636263} sdss_psfmag_from_gaiadr2 18.80843 18.845284 18.275053 -999.0 63050395811956637 1057697273 bright_flexible_2x1 bhm_gua_bright bhm_filler science 0 0 0.0 0.0 -999 ""
FIBERMAP 1154 R+2C15 METROLOGY 0 0 0 1 0 0 61.368159825528636 41.10743933095561 143.1 -21.36134794452717 70.70309890945056 39.155056 84.07531 -999.0 -999.0 -999.0 -999.0 -999.0 37.35428779115558 -23.740785112185115 37.31305734950706 -23.61866613900367 71.9393945196415 77.104021569635 -999.0 6231.0 -999.0 -1 -999 {-999.0 -999.0 -999.0 -999.0 -999.0} "" -999.0 -999.0 -999.0 -999.0 -999 -999 "" "" "" "" 0 0 0.0 0.0 -999 ""
FIBERMAP 1157 R+10C1 APOGEE 0 0 0 1 0 0 -188.087864461902 183.99983046592996 143.1 -230.94928138294893 -126.04493493120525 229.71492 115.23538 -999.0 -999.0 -999.0 -999.0 -999.0 36.65946969732905 -24.336026823295292 36.61805383799077 -24.212638100101863 72.74457207627155 78.1883776218084 -999.0 16600.0 -999.0 2 46 {-999.0 -999.0 -999.0 -999.0 -999.0} "" -999.0 -999.0 -999.0 -999.0 -999 -999 "" "" "" "" 0 0 0.0 0.0 -999 ""
FIBERMAP 1157 R+10C1 BOSS 1 1 0 1 0 0 -188.79661863204308 184.1945552302941 143.1 -231.3427498730021 -126.66571641893071 229.71492 115.23538 36.65816107859032 -24.33787621530095 24.891796 2.23748 1.2320042 36.65823779755148 -24.337870348480298 36.616751551182176 -24.214502189548508 72.74633020180013 78.19289383233024 5400.0 5400.0 2016.0 1 81 {-999.0 18.067677 16.762644 16.141928 -999.0} sdss_psfmag_ps1 17.537003 16.64285 15.716524 13.943 63050395811954646 940018796 bright_1x1 openfibertargets_nov2020_34a open_fiber science 0 0 0.0 0.0 -999 ""
FIBERMAP 1157 R+10C1 METROLOGY 0 0 0 1 0 0 -188.29750281891125 184.718482505571 143.1 -231.6977794896054 -126.03523311270928 229.71492 115.23538 -999.0 -999.0 -999.0 -999.0 -999.0 36.65700045280747 -24.335988909413445 36.615538675245205 -24.212612853112383 72.74671624910044 78.18562802677019 -999.0 6231.0 -999.0 -1 -999 {-999.0 -999.0 -999.0 -999.0 -999.0} "" -999.0 -999.0 -999.0 -999.0 -999 -999 "" "" "" "" 0 0 0.0 0.0 -999 ""
FIBERMAP 1160 R-9C13 APOGEE 1 1 0 1 0 0 86.09269178840465 -166.70234790920364 143.1 184.58154192163937 33.57331276437307 28.532349 133.23404 38.0370928642694 -23.851470294233163 -9.018472 -7.2692437 1.0446103 38.03705807825196 -23.851500391052582 37.994830245784385 -23.73041604894898 71.39734814060459 78.15165243818763 16000.0 16600.0 2016.0 2 185 {-999.0 11.015944 10.63295 10.50524 -999.0} sdss_psfmag_from_g3xp 10.956352 10.650072 10.176289 9.407 63050395811945212 1103529170 bright_1x1 mwm_tess_2min_apogee mwm_planet science 0 0 0.0 0.0 -999 ""
FIBERMAP 1160 R-9C13 BOSS 0 0 0 1 0 0 86.77809313969043 -167.04713608885405 143.1 185.11167515588957 34.127879173693394 28.532349 133.23404 -999.0 -999.0 -999.0 -999.0 -999.0 38.038933607846594 -23.849774270258987 37.99663302175429 -23.72871904122296 71.39520289880839 78.14851555667377 -999.0 5400.0 -999.0 1 379 {-999.0 -999.0 -999.0 -999.0 -999.0} "" -999.0 -999.0 -999.0 -999.0 -999 -999 "" "" "" "" 0 0 0.0 0.0 -999 ""
FIBERMAP 1160 R-9C13 METROLOGY 0 0 0 1 0 0 86.1242256817937 -167.44316712460565 143.1 185.29915187220882 33.386820835474104 28.532349 133.23404 -999.0 -999.0 -999.0 -999.0 -999.0 38.03957527431311 -23.852019965153726 37.997290531450915 -23.730957864017462 71.39543476520276 78.15574576344784 -999.0 6231.0 -999.0 -1 -999 {-999.0 -999.0 -999.0 -999.0 -999.0} "" -999.0 -999.0 -999.0 -999.0 -999 -999 "" "" "" "" 0 0 0.0 0.0 -999 ""
FIBERMAP 1161 R-13C7 APOGEE 1 1 0 1 0 0 -29.828615695504492 -262.1799641895331 143.1 241.97935279746613 -105.19477379693592 269.5066 40.950214 38.22893236374294 -24.270106905009733 39.341274 -60.57459 4.8318095 38.229060384115755 -24.270288012504007 38.185796538086095 -24.149394060403672 71.37784826214494 79.57245610065377 16000.0 16600.0 2016.0 2 264 {-999.0 12.2835655 11.76772 11.582369 -999.0} sdss_psfmag_from_g3xp 12.172784 11.794153 11.24511 10.236 63050395811943798 1103529499 bright_1x1 mwm_tess_2min_apogee mwm_planet science 0 0 0.0 0.0 -999 ""
FIBERMAP 1161 R-13C7 BOSS 0 0 0 1 0 0 -30.300660775278534 -261.5789287218807 143.1 241.266584043254 -105.47038707007007 269.5066 40.950214 -999.0 -999.0 -999.0 -999.0 -999.0 38.226792731992866 -24.271119670014222 38.18345548973099 -24.150245976277173 71.38014629647002 79.57273560947385 -999.0 5400.0 -999.0 1 358 {-999.0 -999.0 -999.0 -999.0 -999.0} "" -999.0 -999.0 -999.0 -999.0 -999 -999 "" "" "" "" 0 0 0.0 0.0 -999 ""
FIBERMAP 1161 R-13C7 METROLOGY 0 0 0 1 0 0 -29.570557573615623 -261.47170908665913 143.1 241.37756975193236 -104.74089045834171 269.5066 40.950214 -999.0 -999.0 -999.0 -999.0 -999.0 38.22717606187594 -24.26893846164911 38.183863671655786 -24.148059162102623 71.37906452568417 79.56667021366621 -999.0 6231.0 -999.0 -1 -999 {-999.0 -999.0 -999.0 -999.0 -999.0} "" -999.0 -999.0 -999.0 -999.0 -999 -999 "" "" "" "" 0 0 0.0 0.0 -999 ""
FIBERMAP 1164 R+8C9 APOGEE 0 0 0 1 0 0 -7.652973058498464 144.68345490559807 143.1 -140.58764525682636 34.99331853881665 1.9119673 73.77398 -999.0 -999.0 -999.0 -999.0 -999.0 36.95900121561576 -23.849315540912915 36.91810898812088 -23.72652834313989 72.3154840372409 76.99950564683297 -999.0 16600.0 -999.0 2 -999 {-999.0 -999.0 -999.0 -999.0 -999.0} "" -999.0 -999.0 -999.0 -999.0 -999 -999 "" "" "" "" 0 0 0.0 0.0 -999 ""
FIBERMAP 1164 R+8C9 BOSS 1 1 0 1 0 0 -7.818281290480478 143.96607971153628 143.1 -139.95001757209013 34.62545767123552 1.9119673 73.77398 36.961002394348895 -23.850386088847102 33.86439 3.2696168 0.9929552 36.961108437265565 -23.8503922280959 36.92014208673868 -23.72763301362935 72.31415559445088 77.00513043108089 5400.0 5400.0 2016.0 1 128 {-999.0 18.37682 17.216198 16.805212 -999.0} sdss_psfmag_ps1 17.92804 17.235151 16.434202 14.757 63050395811955390 1072826111 bright_1x1 mwm_halo_local_high_boss_single mwm_halo science 0 0 0.0 0.0 -999 ""
FIBERMAP 1164 R+8C9 METROLOGY 0 0 0 1 0 0 -8.371053698814766 144.4740309079306 143.1 -140.59738495043715 34.24542950448005 1.9119673 73.77398 -999.0 -999.0 -999.0 -999.0 -999.0 36.95892642667134 -23.85154645975279 36.917980358715454 -23.728776430463665 72.3164156098433 77.00625216212723 -999.0 6231.0 -999.0 -1 -999 {-999.0 -999.0 -999.0 -999.0 -999.0} "" -999.0 -999.0 -999.0 -999.0 -999 -999 "" "" "" "" 0 0 0.0 0.0 -999 ""
FIBERMAP 1165 R+13C8 APOGEE 0 0 0 1 0 0 -0.8823344902866666 243.05608506964072 143.1 -232.67378280137288 70.2356732989932 232.61595 100.63674 -999.0 -999.0 -999.0 -999.0 -999.0 36.655728645081446 -23.742149296259846 36.61540914637186 -23.618921139376138 72.53325239398247 76.32883395340781 -999.0 16600.0 -999.0 2 99 {-999.0 -999.0 -999.0 -999.0 -999.0} "" -999.0 -999.0 -999.0 -999.0 -999 -999 "" "" "" "" 0 0 0.0 0.0 -999 ""
FIBERMAP 1165 R+13C8 BOSS 1 1 0 1 0 0 -1.5507603575866113 243.3457712650314 143.1 -233.14626195119195 69.68122519538025 232.61595 100.63674 36.6540829019384 -23.743744749306416 33.05194 -16.832823 5.5751967 36.654208819437706 -23.743791519865916 36.61381990465168 -23.620585785102506 72.53522545582422 76.33216295616904 5400.0 5400.0 2016.0 1 173 {-999.0 21.85081 20.334795 18.632053 -999.0} sdss_psfmag_ps1 20.955145 19.34887 18.063528 15.302 63050395811956083 1080422026 bright_flexible_2x1 mwm_snc_ext_filler_boss mwm_snc science 0 0 0.0 0.0 -999 ""
FIBERMAP 1165 R+13C8 METROLOGY 0 0 0 1 0 0 -0.9582662236558637 243.7916515394014 143.1 -233.39935367247375 70.37817489000224 232.61595 100.63674 -999.0 -999.0 -999.0 -999.0 -999.0 36.653328014064506 -23.741677061924342 36.61296341426532 -23.618463412060944 72.53515929758248 76.32462651346384 -999.0 6231.0 -999.0 -1 -999 {-999.0 -999.0 -999.0 -999.0 -999.0} "" -999.0 -999.0 -999.0 -999.0 -999 -999 "" "" "" "" 0 0 0.0 0.0 -999 ""
FIBERMAP 1166 R0C7 APOGEE 0 0 0 1 0 0 -167.43659698874401 -7.185758825400188 143.1 -42.09401390180216 -162.2080846008432 211.14197 121.5856 -999.0 -999.0 -999.0 -999.0 -999.0 37.28622289242534 -24.447467384957594 37.24380662134752 -24.325024774588123 72.24614386400687 79.18375413845479 -999.0 16600.0 -999.0 2 277 {-999.0 -999.0 -999.0 -999.0 -999.0} "" -999.0 -999.0 -999.0 -999.0 -999 -999 "" "" "" "" 0 0 0.0 0.0 -999 ""
FIBERMAP 1166 R0C7 BOSS 1 1 0 1 0 0 -168.03576514717705 -6.771276783167189 143.1 -42.66557193521372 -162.6598115808636 211.14197 121.5856 37.28447263350043 -24.448981237346988 -24.272186 37.20663 2.8892517 37.28437476049993 -24.44887242342835 37.2418871659811 -24.326449430116142 72.24826814452756 79.18624370646864 5400.0 5400.0 2016.0 1 450 {-999.0 14.485598 13.824191 13.58247 -999.0} sdss_psfmag_from_g3xp 14.315676 13.859913 13.239967 12.013 63050395811943108 940018457 bright_1x1 openfibertargets_nov2020_34a open_fiber science 0 0 0.0 0.0 -999 ""
FIBERMAP 1166 R0C7 METROLOGY 0 0 0 1 0 0 -167.34918582366728 -6.450574063948252 143.1 -42.77145173714899 -161.90950244478003 211.14197 121.5856 -999.0 -999.0 -999.0 -999.0 -999.0 37.283992333668685 -24.44663071944582 37.24152956403782 -24.324201264507675 72.24782478352988 79.17893640590165 -999.0 6231.0 -999.0 -1 -999 {-999.0 -999.0 -999.0 -999.0 -999.0} "" -999.0 -999.0 -999.0 -999.0 -999 -999 "" "" "" "" 0 0 0.0 0.0 -999 ""
FIBERMAP 1171 R+5C19 APOGEE 0 0 0 1 0 0 158.03314947621877 88.24866440295635 143.1 -38.17012531146651 176.9223505120846 222.86725 115.66845 -999.0 -999.0 -999.0 -999.0 -999.0 37.29841180251637 -23.419245758318965 37.25789706455993 -23.29711099246208 71.86594621311816 76.08312912376795 -999.0 16600.0 -999.0 2 -999 {-999.0 -999.0 -999.0 -999.0 -999.0} "" -999.0 -999.0 -999.0 -999.0 -999 -999 "" "" "" "" 0 0 0.0 0.0 -999 ""
FIBERMAP 1171 R+5C19 BOSS 1 1 0 1 0 0 157.31012149711944 88.51631802167466 143.1 -38.637504265788664 176.30924741601294 222.86725 115.66845 37.296915283963585 -23.421025067117608 -0.025490476 -0.0059494204 -0.11069564 37.29692412622481 -23.421012078108653 37.256337272376925 -23.298901295135934 71.86795402298137 76.08668719616242 5400.0 5400.0 2016.0 1 212 {-999.0 19.319395 19.138136 19.28248 -999.0} sdss_psfmag_ps1 19.670689 19.35382 18.94249 -999.0 63050395811957112 1117293307 bright_1x1 openfibertargets_bhm_quaia_boss open_fiber science 0 0 0.0 0.0 -999 ""
FIBERMAP 1171 R+5C19 METROLOGY 0 0 0 1 0 0 157.92143844197355 88.98827163765863 143.1 -38.91002336143392 177.03182080470773 222.86725 115.66845 -999.0 -999.0 -999.0 -999.0 -999.0 37.295998414687666 -23.418815844370272 37.25543677612791 -23.29669662954286 71.86787623077402 76.07912503034925 -999.0 6231.0 -999.0 -1 -999 {-999.0 -999.0 -999.0 -999.0 -999.0} "" -999.0 -999.0 -999.0 -999.0 -999 -999 "" "" "" "" 0 0 0.0 0.0 -999 ""
FIBERMAP 1173 R-8C17 APOGEE 0 0 0 1 0 0 154.4685821410145 -146.23313188012142 143.1 185.00427460812162 104.94191575104239 69.916084 147.28563 -999.0 -999.0 -999.0 -999.0 -999.0 38.036673979863316 -23.63536659818819 37.994855490408156 -23.514342512420864 71.31958595144707 77.52096457398272 -999.0 16600.0 -999.0 2 221 {-999.0 -999.0 -999.0 -999.0 -999.0} "" -999.0 -999.0 -999.0 -999.0 -999 -999 "" "" "" "" 0 0 0.0 0.0 -999 ""
FIBERMAP 1173 R-8C17 BOSS 1 1 0 1 0 0 155.09272466402214 -145.8062128391613 143.1 184.7785693118983 105.66358332681449 69.916084 147.28563 38.036041259765625 -23.63313465591709 -999.0 -999.0 -999.0 38.03603018073733 -23.633135153198015 37.99414307058527 -23.512137110910114 71.3193899232331 77.51380935251791 5400.0 5400.0 2015.5 1 319 {-999.0 -999.0 -999.0 -999.0 -999.0} "" -999.0 -999.0 -999.0 -999.0 27021603163404928 814337246 "" ops_sky_boss_good ops_sky sky_boss 0 0 0.0 0.0 -999 ""
FIBERMAP 1173 R-8C17 METROLOGY 0 0 0 1 0 0 155.13686064647857 -146.55751418032838 143.1 185.50988786740206 105.4860764064506 69.916084 147.28563 -999.0 -999.0 -999.0 -999.0 -999.0 38.03845244670321 -23.63365580183738 37.99658225385866 -23.51265399666537 71.31749585048095 77.51785873575022 -999.0 6231.0 -999.0 -1 -999 {-999.0 -999.0 -999.0 -999.0 -999.0} "" -999.0 -999.0 -999.0 -999.0 -999 -999 "" "" "" "" 0 0 0.0 0.0 -999 ""
FIBERMAP 1175 R-8C4 APOGEE 0 0 0 1 0 0 -153.59467706463153 -150.24860449225426 143.1 98.75386511903648 -190.80946011899366 214.33722 57.66873 -999.0 -999.0 -999.0 -999.0 -999.0 37.75542178994205 -24.532552639517675 37.71225148388447 -24.410827839364885 71.87159237575595 79.90355652158723 -999.0 16600.0 -999.0 2 -999 {-999.0 -999.0 -999.0 -999.0 -999.0} "" -999.0 -999.0 -999.0 -999.0 -999 -999 "" "" "" "" 0 0 0.0 0.0 -999 ""
FIBERMAP 1175 R-8C4 BOSS 1 1 0 1 0 0 -153.6265273585542 -149.5216536339802 143.1 98.04942387850043 -190.6273264052623 214.33722 57.66873 37.75314331054687 -24.532026875074735 -999.0 -999.0 -999.0 37.75317475931494 -24.53203578365934 37.709935390664555 -24.41033042583581 71.87342435162306 79.89983682881075 5400.0 5400.0 2015.5 1 490 {-999.0 -999.0 -999.0 -999.0 -999.0} "" -999.0 -999.0 -999.0 -999.0 27021603163401159 822006056 "" ops_sky_boss_good ops_sky sky_boss 0 0 0.0 0.0 -999 ""
FIBERMAP 1175 R-8C4 METROLOGY 0 0 0 1 0 0 -152.96234671020443 -149.84903404831954 143.1 98.55670562430755 -190.08796098320013 214.33722 57.66873 -999.0 -999.0 -999.0 -999.0 -999.0 37.754854492606846 -24.530434271932823 37.711636701282885 -24.40872555655864 71.8714367658981 79.89658245341997 -999.0 6231.0 -999.0 -1 -999 {-999.0 -999.0 -999.0 -999.0 -999.0} "" -999.0 -999.0 -999.0 -999.0 -999 -999 "" "" "" "" 0 0 0.0 0.0 -999 ""
FIBERMAP 1180 R+3C19 APOGEE 0 0 0 1 0 0 163.8438076057215 47.433873135830225 143.1 2.557176030035199 170.54274623320737 31.47408 39.781487 -999.0 -999.0 -999.0 -999.0 -999.0 37.43299999227411 -23.438312493689338 37.39228610310107 -23.31638436878475 71.7591635899552 76.290814599025 -999.0 16600.0 -999.0 2 -999 {-999.0 -999.0 -999.0 -999.0 -999.0} "" -999.0 -999.0 -999.0 -999.0 -999 -999 "" "" "" "" 0 0 0.0 0.0 -999 ""
FIBERMAP 1180 R+3C19 BOSS 1 1 0 1 0 0 163.56459826122844 46.71438026737269 143.1 3.1635194136639835 170.06535123989246 31.47408 39.781487 37.434830105957346 -23.439528136443705 79.77621 -41.624794 1.4788418 37.4350791900814 -23.439660451661503 37.39428906423501 -23.317762056213823 71.75798491289353 76.29711712543224 5400.0 5400.0 2016.0 1 225 {-999.0 19.12509 17.884724 17.385437 -999.0} sdss_psfmag_ps1 18.607681 17.81637 16.930595 15.131 63050395811957411 1072883484 bright_1x1 mwm_halo_local_high_boss_single mwm_halo science 0 0 0.0 0.0 -999 ""
FIBERMAP 1180 R+3C19 METROLOGY 0 0 0 1 0 0 163.1099376215073 47.28919050706796 143.1 2.4809117284133393 169.79869205130208 31.47408 39.781487 -999.0 -999.0 -999.0 -999.0 -999.0 37.43280463317861 -23.44045641381965 37.392035983935784 -23.318546598889466 71.76019691073535 76.2969269192709 -999.0 6231.0 -999.0 -1 -999 {-999.0 -999.0 -999.0 -999.0 -999.0} "" -999.0 -999.0 -999.0 -999.0 -999 -999 "" "" "" "" 0 0 0.0 0.0 -999 ""
FIBERMAP 1181 R-7C8 APOGEE 0 0 0 1 0 0 -54.77402951798673 -149.26887011577156 143.1 126.71615543431184 -96.02839719118305 276.9525 115.53006 -999.0 -999.0 -999.0 -999.0 -999.0 37.84755397888126 -24.24543783152237 37.804813805151184 -24.12394011745102 71.6967131795186 79.12754691118721 -999.0 16600.0 -999.0 2 270 {-999.0 -999.0 -999.0 -999.0 -999.0} "" -999.0 -999.0 -999.0 -999.0 -999 -999 "" "" "" "" 0 0 0.0 0.0 -999 ""
FIBERMAP 1181 R-7C8 BOSS 1 1 0 1 0 0 -55.49070689310534 -149.52041450211837 143.1 126.74710258488324 -96.78726208832039 276.9525 115.53006 37.84777229923803 -24.247817862427727 4.844305 11.80581 4.0365562 37.8477956810041 -24.247751733432047 37.80497767659398 -24.126277757258904 71.69736359855585 79.13471254692763 5400.0 5400.0 2016.0 1 372 {-999.0 19.514853 18.037725 16.81902 -999.0} sdss_psfmag_ps1 18.871307 17.532076 16.39076 14.256 63050395811943909 1079576275 bright_flexible_2x1 mwm_snc_ext_filler_boss mwm_snc science 0 0 0.0 0.0 -999 ""
FIBERMAP 1181 R-7C8 METROLOGY 0 0 0 1 0 0 -55.345118299727176 -148.78782549100626 143.1 126.0891602865189 -96.43380845493868 276.9525 115.53006 -999.0 -999.0 -999.0 -999.0 -999.0 37.84560315074313 -24.246711476576465 37.802810593932634 -24.125227498569547 71.69886926216121 79.12943393244967 -999.0 6231.0 -999.0 -1 -999 {-999.0 -999.0 -999.0 -999.0 -999.0} "" -999.0 -999.0 -999.0 -999.0 -999 -999 "" "" "" "" 0 0 0.0 0.0 -999 ""
FIBERMAP 1188 R+1C9 APOGEE 1 1 0 1 0 0 -116.87101461948856 22.75126580073733 143.1 -55.9330658474198 -105.10133461158904 191.9621 91.561356 37.239849650740574 -24.27452249688684 9.542139 -18.23501 3.1687908 37.23989898456755 -24.274586028399234 37.19786541487656 -24.152119048478536 72.22708658252333 78.603968008707 16000.0 16600.0 2016.0 2 28 {-999.0 11.405872 10.847501 10.647901 -999.0} sdss_psfmag_from_g3xp 11.276971 10.879985 10.311042 9.263 63050395811943395 1113946436 bright_1x1 openfibertargets_mwm_subgiant_nataf24_apogee open_fiber science 0 0 0.0 0.0 -999 ""
FIBERMAP 1188 R+1C9 BOSS 0 0 0 1 0 0 -117.05604899122983 23.458674122843675 143.1 -56.663617260291176 -105.07139401871906 191.9621 91.561356 -999.0 -999.0 -999.0 -999.0 -999.0 37.237506253128984 -24.274525394009213 37.1954050401805 -24.152078223004793 72.2291817270532 78.6013224363058 -999.0 5400.0 -999.0 1 46 {-999.0 -999.0 -999.0 -999.0 -999.0} "" -999.0 -999.0 -999.0 -999.0 -999 -999 "" "" "" "" 0 0 0.0 0.0 -999 ""
FIBERMAP 1188 R+1C9 METROLOGY 0 0 0 1 0 0 -116.35085692871938 23.276683986707557 143.1 -56.283367614816214 -104.45029458144252 191.9621 91.561356 -999.0 -999.0 -999.0 -999.0 -999.0 37.23874326889588 -24.272660425066213 37.19666404339097 -24.150209050441788 72.22746198920711 78.59685893492883 -999.0 6231.0 -999.0 -1 -999 {-999.0 -999.0 -999.0 -999.0 -999.0} "" -999.0 -999.0 -999.0 -999.0 -999 -999 "" "" "" "" 0 0 0.0 0.0 -999 ""
FIBERMAP 1191 R0C18 APOGEE 0 0 0 1 0 0 97.69308323705445 2.515802564086818 143.1 26.163721817378065 94.15206846831364 323.57172 160.18958 -999.0 -999.0 -999.0 -999.0 -999.0 37.51169978057298 -23.66946442566427 37.470459636320925 -23.547595494066016 71.77911476268075 77.06198925205729 -999.0 16600.0 -999.0 2 -999 {-999.0 -999.0 -999.0 -999.0 -999.0} "" -999.0 -999.0 -999.0 -999.0 -999 -999 "" "" "" "" 0 0 0.0 0.0 -999 ""
FIBERMAP 1191 R0C18 BOSS 1 1 0 1 0 0 98.09746970965243 1.8828880710905578 143.1 26.887187920360265 94.35366233348078 323.57172 160.18958 37.51419067382812 -23.668766720800832 -999.0 -999.0 -999.0 37.51418378052624 -23.668769391144654 37.472870286452405 -23.546930585689932 71.77681530487368 77.06261536037681 5400.0 5400.0 2015.5 1 252 {-999.0 -999.0 -999.0 -999.0 -999.0} "" -999.0 -999.0 -999.0 -999.0 27021603163417682 814339005 "" ops_sky_boss_good ops_sky sky_boss 0 0 0.0 0.0 -999 ""
FIBERMAP 1191 R0C18 METROLOGY 0 0 0 1 0 0 97.35195012166017 1.8501251539417138 143.1 26.70049663379144 93.63119836379913 323.57172 160.18958 -999.0 -999.0 -999.0 -999.0 -999.0 37.513553693032996 -23.670960222916158 37.47225717561048 -23.549112429380852 71.77814137079807 77.06844030737932 -999.0 6231.0 -999.0 -1 -999 {-999.0 -999.0 -999.0 -999.0 -999.0} "" -999.0 -999.0 -999.0 -999.0 -999 -999 "" "" "" "" 0 0 0.0 0.0 -999 ""
FIBERMAP 1195 R-8C11 APOGEE 0 0 0 1 0 0 14.104503265955518 -143.63803858009572 143.1 141.47468149476586 -28.518496916440917 135.95486 107.51302 -999.0 -999.0 -999.0 -999.0 -999.0 37.89563209693189 -24.040497717889963 37.85322079775017 -23.9191341954695 71.58492388565774 78.56492118521794 -999.0 16600.0 -999.0 2 -999 {-999.0 -999.0 -999.0 -999.0 -999.0} "" -999.0 -999.0 -999.0 -999.0 -999 -999 "" "" "" "" 0 0 0.0 0.0 -999 ""
FIBERMAP 1195 R-8C11 BOSS 1 1 0 1 0 0 14.43753046152936 -142.97102278254528 143.1 140.93425638470106 -28.004986478345174 135.95486 107.51302 37.893977275662415 -24.038938770555905 -0.18775739 -0.890014 -0.06517913 37.893977267414215 -24.03893665659157 37.85149774930704 -23.91759575323541 71.58586595151831 78.55862146756067 5400.0 5400.0 2016.0 1 396 {-999.0 20.433603 20.188362 20.009857 -999.0} sdss_psfmag_ps1 20.478582 20.297428 19.773117 -999.0 63050395811944773 1117293159 bright_1x1 openfibertargets_bhm_quaia_boss open_fiber science 0 0 0.0 0.0 -999 ""
FIBERMAP 1195 R-8C11 METROLOGY 0 0 0 1 0 0 14.85149087205606 -143.59920904071802 143.1 141.65600104685663 -27.79285506997519 135.95486 107.51302 -999.0 -999.0 -999.0 -999.0 -999.0 37.8963625165017 -24.038291069324835 37.853902009845456 -23.91694712173732 71.5835797358599 78.55911506718542 -999.0 6231.0 -999.0 -1 -999 {-999.0 -999.0 -999.0 -999.0 -999.0} "" -999.0 -999.0 -999.0 -999.0 -999 -999 "" "" "" "" 0 0 0.0 0.0 -999 ""
FIBERMAP 1196 R-12C2 APOGEE 0 0 0 1 0 0 -141.98765071513955 -228.97797438973035 143.1 177.4310396184972 -202.7341941126805 101.19177 157.62961 -999.0 -999.0 -999.0 -999.0 -999.0 38.016699771117935 -24.566526115059812 37.97313453527545 -24.445208480530308 71.65800100607416 80.25335706482963 -999.0 16600.0 -999.0 2 153 {-999.0 -999.0 -999.0 -999.0 -999.0} "" -999.0 -999.0 -999.0 -999.0 -999 -999 "" "" "" "" 0 0 0.0 0.0 -999 ""
FIBERMAP 1196 R-12C2 BOSS 1 1 0 1 0 0 -141.8908577770435 -228.24981950382949 143.1 176.76306751794684 -202.42869671057247 101.19177 157.62961 38.014576142385785 -24.56559760281941 -9.2578335 1.1629597 3.7977655 38.01455574126673 -24.565600737843333 37.970921060990406 -24.444302828937598 71.65961702816494 80.24857000457871 5400.0 5400.0 2016.0 1 434 {-999.0 16.118196 14.80705 14.271311 -999.0} sdss_psfmag_from_g3xp 15.601562 14.789328 13.9029875 12.151 63050395811943604 1081752951 bright_flexible_2x1 mwm_snc_ext_filler_boss mwm_snc science 0 0 0.0 0.0 -999 ""
FIBERMAP 1196 R-12C2 METROLOGY 0 0 0 1 0 0 -141.29188198786798 -228.72658477365104 143.1 177.39412593262898 -201.99536780087834 101.19177 157.62961 -999.0 -999.0 -999.0 -999.0 -999.0 38.01666024187881 -24.56432175562113 37.97304630026872 -24.443021087284293 71.65737253199627 80.24669438372331 -999.0 6231.0 -999.0 -1 -999 {-999.0 -999.0 -999.0 -999.0 -999.0} "" -999.0 -999.0 -999.0 -999.0 -999 -999 "" "" "" "" 0 0 0.0 0.0 -999 ""
FIBERMAP 1197 R-12C11 APOGEE 0 0 0 1 0 0 51.956675779380426 -220.93815302165095 143.1 226.4603064743788 -14.92905383373675 188.80121 61.66351 -999.0 -999.0 -999.0 -999.0 -999.0 38.17625562184093 -23.997637932997602 38.13357846894172 -23.876735713513295 71.32983157024003 78.71982681947833 -999.0 16600.0 -999.0 2 -999 {-999.0 -999.0 -999.0 -999.0 -999.0} "" -999.0 -999.0 -999.0 -999.0 -999 -999 "" "" "" "" 0 0 0.0 0.0 -999 ""
FIBERMAP 1197 R-12C11 BOSS 1 1 0 1 0 0 52.22268438427444 -220.2334255137869 143.1 225.86422163658327 -14.46859967335226 188.80121 61.66351 38.174415814276784 -23.9961704758918 -7.0429535 -21.089033 2.3337398 38.17439868669027 -23.996233983016687 38.13165219500462 -23.875354325030894 71.33100407385052 78.71386994019792 5400.0 5400.0 2016.0 1 369 {-999.0 17.542648 16.730165 16.426653 -999.0} sdss_psfmag_gaia 16.166824 16.771273 14.940221 -999.0 63050395811944398 942547311 bright_1x1 openfibertargets_nov2020_34b open_fiber science 0 0 0.0 0.0 -999 ""
FIBERMAP 1197 R-12C11 METROLOGY 0 0 0 1 0 0 52.69252652291598 -220.80390735120207 143.1 226.547130086495 -14.186157791418802 188.80121 61.66351 -999.0 -999.0 -999.0 -999.0 -999.0 38.176660051542804 -23.99537255699302 38.133933460511116 -23.874489649960744 71.32874757746549 78.71359878093995 -999.0 6231.0 -999.0 -1 -999 {-999.0 -999.0 -999.0 -999.0 -999.0} "" -999.0 -999.0 -999.0 -999.0 -999 -999 "" "" "" "" 0 0 0.0 0.0 -999 ""
FIBERMAP 1199 R+1C1 APOGEE 0 0 0 1 0 0 -260.6613369932628 26.274677861230735 143.1 -101.35230995382491 -241.5665214159228 75.989624 45.779156 -999.0 -999.0 -999.0 -999.0 -999.0 37.089453701913285 -24.686364439376064 37.04683862544505 -24.56354661978004 72.49392483747107 79.73279794607197 -999.0 16600.0 -999.0 2 10 {-999.0 -999.0 -999.0 -999.0 -999.0} "" -999.0 -999.0 -999.0 -999.0 -999 -999 "" "" "" "" 0 0 0.0 0.0 -999 ""
FIBERMAP 1199 R+1C1 BOSS 1 1 0 1 0 0 -260.22252248751295 25.65056867635353 143.1 -100.62719554406758 -241.32943165649812 75.989624 45.779156 37.091946614340706 -24.68565728353174 -0.36042956 1.1169938 0.17419608 37.091931704621416 -24.685642152070585 37.049244449733806 -24.562850318803793 72.49162915683627 79.73296380740669 5400.0 5400.0 2016.0 1 12 {-999.0 21.064997 20.363123 20.425123 -999.0} sdss_psfmag_ps1 20.541122 20.234459 19.773056 -999.0 63050395811942667 1117292974 bright_1x1 openfibertargets_bhm_quaia_boss open_fiber science 0 0 0.0 0.0 -999 ""
FIBERMAP 1199 R+1C1 METROLOGY 0 0 0 1 0 0 -260.98347877186586 25.603594295905722 143.1 -100.80481181773305 -242.07081254992235 75.989624 45.779156 -999.0 -999.0 -999.0 -999.0 -999.0 37.09130634431969 -24.687917658390283 37.04863555739587 -24.565117996548672 72.49288743522396 79.7394994835227 -999.0 6231.0 -999.0 -1 -999 {-999.0 -999.0 -999.0 -999.0 -999.0} "" -999.0 -999.0 -999.0 -999.0 -999 -999 "" "" "" "" 0 0 0.0 0.0 -999 ""
FIBERMAP 1204 R+8C11 APOGEE 0 0 0 1 0 0 8.233670457050222 151.48445285672628 143.1 -142.44502011345878 52.17337365935867 206.83333 105.25226 -999.0 -999.0 -999.0 -999.0 -999.0 36.95298952021682 -23.797208375456187 36.91220089606975 -23.674426434213782 72.3013977271255 76.8334849493665 -999.0 16600.0 -999.0 2 -999 {-999.0 -999.0 -999.0 -999.0 -999.0} "" -999.0 -999.0 -999.0 -999.0 -999 -999 "" "" "" "" 0 0 0.0 0.0 -999 ""
FIBERMAP 1204 R+8C11 BOSS 1 1 0 1 0 0 7.752155276093573 152.02170760110434 143.1 -143.09956972920793 51.87005280976012 206.83333 105.25226 36.95082422538936 -23.798069536668265 1.0770878 -1.7937165 -1.1302685 36.950824028099404 -23.798078746259424 36.909967017273516 -23.67531837772366 72.30362828435867 76.83373489866017 5400.0 5400.0 2016.0 1 140 {-999.0 20.341549 19.782387 19.494068 -999.0} sdss_psfmag_ps1 20.187044 20.455944 18.961061 -999.0 63050395811955424 1116286112 bright_1x1 openfibertargets_bhm_morexray_boss open_fiber science 0 0 0.0 0.0 -999 ""
FIBERMAP 1204 R+8C11 METROLOGY 0 0 0 1 0 0 8.465265744659101 152.19569250660066 143.1 -143.0573958484641 52.60282543603358 206.83333 105.25226 -999.0 -999.0 -999.0 -999.0 -999.0 36.950932024082256 -23.79585771101721 36.910098660990684 -23.673091001173137 72.30269596832508 76.82706849283909 -999.0 6231.0 -999.0 -1 -999 {-999.0 -999.0 -999.0 -999.0 -999.0} "" -999.0 -999.0 -999.0 -999.0 -999 -999 "" "" "" "" 0 0 0.0 0.0 -999 ""
FIBERMAP 1205 R-2C3 APOGEE 0 0 1 1 0 0 -223.29476086311774 -30.985805391667864 143.1 -35.67104370081224 -222.5810219336104 10.196582 169.92154 -999.0 -999.0 -999.0 -999.0 -999.0 37.30795057616731 -24.629618471529888 37.26516374789145 -24.507159088617527 72.28776128327758 79.76940789593795 -999.0 16600.0 -999.0 2 288 {-999.0 -999.0 -999.0 -999.0 -999.0} "" -999.0 -999.0 -999.0 -999.0 -999 -999 "" "" "" "" 0 0 0.0 0.0 -999 ""
FIBERMAP 1205 R-2C3 BOSS 1 0 1 1 0 0 -222.54936415854627 -31.0366794013485 143.1 -35.40441281997979 -221.8831342714025 10.196582 169.92154 37.356062461907925 -24.62421149067672 21.114178 -25.86682 3.2329946 37.30889879685955 -24.62753487386143 37.26604350158749 -24.50509981618326 72.2863352718706 79.7638612046834 5400.0 5400.0 2016.0 1 473 {-999.0 17.317005 16.02906 15.131265 -999.0} sdss_psfmag_ps1 16.764795 15.746365 14.742814 12.768 63050395811942325 1079988831 bright_flexible_2x1 mwm_snc_ext_filler_boss mwm_snc science 0 0 0.0 0.0 -999 ""
FIBERMAP 1205 R-2C3 METROLOGY 0 0 1 1 0 0 -222.9894711877566 -31.669542372753693 143.1 -34.92795987151007 -222.48904921919623 10.196582 169.92154 -999.0 -999.0 -999.0 -999.0 -999.0 37.31046341069857 -24.629400059390708 37.26762277577154 -24.506960630100618 72.28558062916782 79.7711794196374 -999.0 6231.0 -999.0 -1 -999 {-999.0 -999.0 -999.0 -999.0 -999.0} "" -999.0 -999.0 -999.0 -999.0 -999 -999 "" "" "" "" 0 0 0.0 0.0 -999 ""
FIBERMAP 1206 R0C2 APOGEE 0 0 0 1 0 0 -287.85685172608976 5.578852903449566 143.1 -89.51555480784947 -273.62378286482283 212.95958 57.938652 -999.0 -999.0 -999.0 -999.0 -999.0 37.129067298644 -24.782663958679677 37.086220442138654 -24.659881234779146 72.49097268564307 80.07428715736705 -999.0 16600.0 -999.0 2 253 {-999.0 -999.0 -999.0 -999.0 -999.0} "" -999.0 -999.0 -999.0 -999.0 -999 -999 "" "" "" "" 0 0 0.0 0.0 -999 ""
FIBERMAP 1206 R0C2 BOSS 1 1 0 1 0 0 -287.8739460435643 6.34309735699284 143.1 -90.2513417903854 -273.416633002822 212.95958 57.938652 37.12665048406623 -24.781991085061822 18.03203 -1.6378819 0.5251813 37.126700121606504 -24.781983884576608 37.08378703184957 -24.65921921070508 72.49285775951905 80.06985801510888 5400.0 5400.0 2016.0 1 522 {-999.0 16.587599 16.092855 16.234455 -999.0} sdss_psfmag_ps1 16.477184 16.181738 15.707101 14.819 63050395811941913 1072826098 bright_1x1 mwm_halo_local_high_boss_single mwm_halo science 0 0 0.0 0.0 -999 ""
FIBERMAP 1206 R0C2 METROLOGY 0 0 0 1 0 0 -287.2202359058614 5.970498650801871 143.1 -89.70388328491684 -272.9005033694579 212.95958 57.938652 -999.0 -999.0 -999.0 -999.0 -999.0 37.12847594667102 -24.78050627302447 37.08558335162155 -24.657738684086837 72.49083840061336 80.06692373532121 -999.0 6231.0 -999.0 -1 -999 {-999.0 -999.0 -999.0 -999.0 -999.0} "" -999.0 -999.0 -999.0 -999.0 -999 -999 "" "" "" "" 0 0 0.0 0.0 -999 ""
FIBERMAP 1209 R-2C21 APOGEE 1 1 0 1 0 0 185.67737753938317 -19.649184176941272 143.1 73.08853467377298 171.80271617282037 125.0123 51.80046 37.66601914340406 -23.434015004839587 -0.8950108 -23.039528 2.4018722 37.66599990073209 -23.434113569965987 37.62501050248335 -23.312555336101568 71.5598950591629 76.53664947133552 16000.0 16600.0 2016.0 2 218 {-999.0 10.705871 9.972165 9.703595 -999.0} sdss_psfmag_from_g3xp 10.508265 10.013292 9.3571615 8.074 63050395811957248 1106973292 bright_1x1 mwm_tess_rgb_apogee mwm_tessrgb science 0 0 0.0 0.0 -999 ""
FIBERMAP 1209 R-2C21 BOSS 0 0 0 1 0 0 186.43184697039067 -19.654166244784737 143.1 73.31393586715713 172.5227000330636 125.0123 51.80046 -999.0 -999.0 -999.0 -999.0 -999.0 37.66683008600731 -23.4318549347616 37.62577179032388 -23.31032564793219 71.55840607357143 76.53095629330255 -999.0 5400.0 -999.0 1 310 {-999.0 -999.0 -999.0 -999.0 -999.0} "" -999.0 -999.0 -999.0 -999.0 -999 -999 "" "" "" "" 0 0 0.0 0.0 -999 ""
FIBERMAP 1209 R-2C21 METROLOGY 0 0 0 1 0 0 186.04419781106407 -20.296696442268814 143.1 73.81497362935313 171.96411940672317 125.0123 51.80046 -999.0 -999.0 -999.0 -999.0 -999.0 37.66848370429902 -23.433523908720527 37.62744071423617 -23.31198912227468 71.5576145935511 76.53765445120462 -999.0 6231.0 -999.0 -1 -999 {-999.0 -999.0 -999.0 -999.0 -999.0} "" -999.0 -999.0 -999.0 -999.0 -999 -999 "" "" "" "" 0 0 0.0 0.0 -999 ""
FIBERMAP 1210 R-3C6 APOGEE 0 0 0 1 0 0 -135.9974843628863 -67.15200679224655 143.1 24.441137174650333 -149.68183494152134 318.52423 116.30024 -999.0 -999.0 -999.0 -999.0 -999.0 37.50778055964494 -24.409312395137228 37.465156481239035 -24.287229598873395 72.04336803688012 79.28715502119553 -999.0 16600.0 -999.0 2 -999 {-999.0 -999.0 -999.0 -999.0 -999.0} "" -999.0 -999.0 -999.0 -999.0 -999 -999 "" "" "" "" 0 0 0.0 0.0 -999 ""
FIBERMAP 1210 R-3C6 BOSS 1 1 0 1 0 0 -136.19088570164325 -67.87768390856654 143.1 25.078487791045852 -150.07898689249362 318.52423 116.30024 37.50999031604075 -24.410568908432012 -0.23398158 6.4582176 0.70816004 37.50998992840831 -24.410550274232218 37.467288844015116 -24.28849381117845 72.04195763455624 79.29312402437074 5400.0 5400.0 2016.0 1 475 {-999.0 15.872577 15.300075 15.136755 -999.0} sdss_psfmag_ps1 15.703012 15.332737 14.78541 13.661 63050395811942497 1034704409 bright_1x1 mwm_yso_disk_boss_single mwm_yso science 0 0 0.0 0.0 -999 ""
FIBERMAP 1210 R-3C6 METROLOGY 0 0 0 1 0 0 -136.7185967867189 -67.35074050602044 143.1 24.420288573092527 -150.42949676689807 318.52423 116.30024 -999.0 -999.0 -999.0 -999.0 -999.0 37.507782209820704 -24.41164011686694 37.465102226754254 -24.28957328479885 72.04419664274229 79.29426805963067 -999.0 6231.0 -999.0 -1 -999 {-999.0 -999.0 -999.0 -999.0 -999.0} "" -999.0 -999.0 -999.0 -999.0 -999 -999 "" "" "" "" 0 0 0.0 0.0 -999 ""
FIBERMAP 1211 R-11C11 APOGEE 1 1 0 1 0 0 57.154486346123946 -196.55805766437211 143.1 204.66755419353026 -2.829068122643301 113.959496 85.87202 38.103974032294005 -23.9615706074371 52.921814 49.665733 6.5149126 38.10414296157066 -23.961449573704307 38.06162374772657 -23.840441792087276 71.37888369366479 78.5417466422798 16000.0 16600.0 2016.0 2 182 {-999.0 10.607264 10.243374 10.111732 -999.0} sdss_psfmag_from_g3xp 10.549537 10.250185 9.782119 8.972 63050395811944423 1103529171 bright_1x1 mwm_tess_2min_apogee mwm_planet science 0 0 0.0 0.0 -999 ""
FIBERMAP 1211 R-11C11 BOSS 0 0 0 1 0 0 57.82475609813479 -196.24746910434408 143.1 204.56657620536612 -2.097312356722072 113.959496 85.87202 -999.0 -999.0 -999.0 -999.0 -999.0 38.103926177874655 -23.959209361644657 38.06133747444045 -23.838227110251818 71.37835531225095 78.53496142183576 -999.0 5400.0 -999.0 1 375 {-999.0 -999.0 -999.0 -999.0 -999.0} "" -999.0 -999.0 -999.0 -999.0 -999 -999 "" "" "" "" 0 0 0.0 0.0 -999 ""
FIBERMAP 1211 R-11C11 METROLOGY 0 0 0 1 0 0 57.760930138303124 -196.9950068885807 143.1 205.26272354510854 -2.376954324525348 113.959496 85.87202 -999.0 -999.0 -999.0 -999.0 -999.0 38.10623982286028 -23.960050168393867 38.0636676339098 -23.839064234498636 71.37665074645822 78.53974967115846 -999.0 6231.0 -999.0 -1 -999 {-999.0 -999.0 -999.0 -999.0 -999.0} "" -999.0 -999.0 -999.0 -999.0 -999 -999 "" "" "" "" 0 0 0.0 0.0 -999 ""
FIBERMAP 1214 R+5C1 APOGEE 0 0 0 1 0 0 -251.56065604614068 87.46178024445868 143.1 -157.19940251820535 -214.97067211128444 253.34833 66.93158 -999.0 -999.0 -999.0 -999.0 -999.0 36.90377252828263 -24.605595491053773 36.861545691186905 -24.482510550746017 72.62678110715405 79.29348436602203 -999.0 16600.0 -999.0 2 1 {-999.0 -999.0 -999.0 -999.0 -999.0} "" -999.0 -999.0 -999.0 -999.0 -999 -999 "" "" "" "" 0 0 0.0 0.0 -999 ""
FIBERMAP 1214 R+5C1 BOSS 1 1 0 1 0 0 -252.18292967234163 87.93047017520469 143.1 -157.82955233534648 -215.42864049640716 253.34833 66.93158 36.90160983186838 -24.607028536894568 40.06142 29.13695 6.030419 36.901756492050716 -24.606937567964707 36.859460124331974 -24.48387121663407 72.629021480446 79.29569254816903 5400.0 5400.0 2016.0 1 1 {-999.0 20.255896 18.691216 17.220108 -999.0} sdss_psfmag_ps1 19.571758 17.935047 16.684708 14.342 63050395811942923 940018453 bright_1x1 openfibertargets_nov2020_34a open_fiber science 0 0 0.0 0.0 -999 ""
FIBERMAP 1214 R+5C1 METROLOGY 0 0 0 1 0 0 -251.4513810236835 88.20659155203099 143.1 -157.87965160388688 -214.64836804834894 253.34833 66.93158 -999.0 -999.0 -999.0 -999.0 -999.0 36.90153225621464 -24.60463672016945 36.859260194209014 -24.48156440504768 72.62843313232716 79.28819685798192 -999.0 6231.0 -999.0 -1 -999 {-999.0 -999.0 -999.0 -999.0 -999.0} "" -999.0 -999.0 -999.0 -999.0 -999 -999 "" "" "" "" 0 0 0.0 0.0 -999 ""
FIBERMAP 1216 R-2C17 APOGEE 0 0 0 1 0 0 88.95746787428914 -49.31412398422111 143.1 73.17003004967299 70.64171798650084 242.49272 137.64192 -999.0 -999.0 -999.0 -999.0 -999.0 37.66775797204117 -23.74043193510773 37.626193495086 -23.618790200027693 71.67233576611487 77.43984384155078 -999.0 16600.0 -999.0 2 211 {-999.0 -999.0 -999.0 -999.0 -999.0} "" -999.0 -999.0 -999.0 -999.0 -999 -999 "" "" "" "" 0 0 0.0 0.0 -999 ""
FIBERMAP 1216 R-2C17 BOSS 1 1 0 1 0 0 88.26396198424729 -49.564055401624614 143.1 73.20621111750444 69.90548188706829 242.49272 137.64192 37.667999267578125 -23.74260692920525 -999.0 -999.0 -999.0 37.66800432029776 -23.742600203631735 37.62636324792095 -23.62098406196975 71.67298822303368 77.4465234169366 5400.0 5400.0 2015.5 1 300 {-999.0 -999.0 -999.0 -999.0 -999.0} "" -999.0 -999.0 -999.0 -999.0 27021603163404651 814337196 "" ops_sky_boss_good ops_sky sky_boss 0 0 0.0 0.0 -999 ""
FIBERMAP 1216 R-2C17 METROLOGY 0 0 0 1 0 0 88.39104044710594 -48.82486546408414 143.1 72.53654375612032 70.24316608950804 242.49272 137.64192 -999.0 -999.0 -999.0 -999.0 -999.0 37.665767151316224 -23.74158186864923 37.62415121202355 -23.619955150405158 71.674502412362 77.44113227166798 -999.0 6231.0 -999.0 -1 -999 {-999.0 -999.0 -999.0 -999.0 -999.0} "" -999.0 -999.0 -999.0 -999.0 -999 -999 "" "" "" "" 0 0 0.0 0.0 -999 ""
FIBERMAP 1217 R-3C13 APOGEE 0 0 0 1 0 0 1.4781610875355522 -49.8892683230739 143.1 48.13752603993485 -13.176178731847218 135.65938 119.38063 -999.0 -999.0 -999.0 -999.0 -999.0 37.58561020887856 -23.99511945311915 37.54366908020654 -23.873275906459924 71.83398226933686 78.11235889330538 -999.0 16600.0 -999.0 2 169 {-999.0 -999.0 -999.0 -999.0 -999.0} "" -999.0 -999.0 -999.0 -999.0 -999 -999 "" "" "" "" 0 0 0.0 0.0 -999 ""
FIBERMAP 1217 R-3C13 BOSS 1 1 0 1 0 0 1.6101875329440158 -49.15185568259018 143.1 47.471005159630366 -12.834282909226904 135.65938 119.38063 37.583209291119225 -23.994084622404866 81.92948 8.020766 9.58063 37.583496862267765 -23.994070173953737 37.54148832986334 -23.872248384901297 71.83548609836825 78.10701936050219 5400.0 5400.0 2016.0 1 407 {-999.0 17.903894 16.456367 15.322086 -999.0} sdss_psfmag_ps1 17.322319 15.925574 14.763218 12.636 63050395811944920 940018502 bright_1x1 openfibertargets_nov2020_34a open_fiber science 0 0 0.0 0.0 -999 ""
FIBERMAP 1217 R-3C13 METROLOGY 0 0 0 1 0 0 2.182314008678439 -49.652058560202896 143.1 48.11662332770992 -12.433482023087564 135.65938 119.38063 -999.0 -999.0 -999.0 -999.0 -999.0 37.585623234290956 -23.99285509843057 37.54363474463406 -23.871029991044242 71.83321974010056 78.10558246316037 -999.0 6231.0 -999.0 -1 -999 {-999.0 -999.0 -999.0 -999.0 -999.0} "" -999.0 -999.0 -999.0 -999.0 -999 -999 "" "" "" "" 0 0 0.0 0.0 -999 ""
FIBERMAP 1218 R0C17 APOGEE 1 1 0 1 0 0 63.3153604267766 19.982057561211906 143.1 -0.5913379367623486 66.38714451388941 155.70496 49.558113 37.42310971454579 -23.753858370410843 18.531757 3.7371044 1.6932911 37.42317451622965 -23.753852410361425 37.381885784797475 -23.631819952965003 71.88552411579319 77.21778579105722 16000.0 16600.0 2016.0 2 111 {-999.0 10.954683 9.970145 9.634438 -999.0} sdss_psfmag_from_g3xp 10.621941 10.01681 9.278975 7.784 63050395811956725 1103529025 bright_1x1 mwm_tess_2min_apogee mwm_planet science 0 0 0.0 0.0 -999 ""
FIBERMAP 1218 R0C17 BOSS 0 0 0 1 0 0 63.978076372766054 20.293212436380802 143.1 -0.6950664852352213 67.11184277215101 155.70496 49.558113 -999.0 -999.0 -999.0 -999.0 -999.0 37.42289709922951 -23.75158671762686 37.381541657191065 -23.629580096430917 71.88499917076594 77.21070946217202 -999.0 5400.0 -999.0 1 189 {-999.0 -999.0 -999.0 -999.0 -999.0} "" -999.0 -999.0 -999.0 -999.0 -999 -999 "" "" "" "" 0 0 0.0 0.0 -999 ""
FIBERMAP 1218 R0C17 METROLOGY 0 0 0 1 0 0 63.92193319816731 19.55131117046462 143.1 -0.0020621568043224714 66.84119560301139 155.70496 49.558113 -999.0 -999.0 -999.0 -999.0 -999.0 37.425178002839054 -23.75240610574366 37.38383841693684 -23.630395585419777 71.88333848867822 77.2156235679314 -999.0 6231.0 -999.0 -1 -999 {-999.0 -999.0 -999.0 -999.0 -999.0} "" -999.0 -999.0 -999.0 -999.0 -999 -999 "" "" "" "" 0 0 0.0 0.0 -999 ""
FIBERMAP 1219 R+1C17 APOGEE 0 0 0 1 0 0 76.27535861287373 28.600883297812267 143.1 -5.042829920676311 81.30028086094711 68.75392 147.07205 -999.0 -999.0 -999.0 -999.0 -999.0 37.40832941522995 -23.708622268455493 37.36714323318404 -23.58657912054298 71.88151426338555 77.0664945405614 -999.0 16600.0 -999.0 2 -999 {-999.0 -999.0 -999.0 -999.0 -999.0} "" -999.0 -999.0 -999.0 -999.0 -999 -999 "" "" "" "" 0 0 0.0 0.0 -999 ""
FIBERMAP 1219 R+1C17 BOSS 1 1 0 1 0 0 76.90672466531284 29.02883003334114 143.1 -5.267405471071243 82.02915627899058 68.75392 147.07205 37.407514299061084 -23.706483285041013 41.23366 49.346306 1.1185417 37.40764875971768 -23.70633785241656 37.36639646935515 -23.584320073529934 71.88132022675265 77.05893001932623 5400.0 5400.0 2016.0 1 199 {-999.0 14.050855 13.748267 13.6438465 -999.0} sdss_psfmag_from_g3xp 14.006381 13.742392 13.315471 12.629 63050395811956747 1072537112 bright_1x1 mwm_halo_local_high_boss_single mwm_halo science 0 0 0.0 0.0 -999 ""
FIBERMAP 1219 R+1C17 METROLOGY 0 0 0 1 0 0 76.95544799684197 28.289472561629644 143.1 -4.546166389502703 81.85952875420621 68.75392 147.07205 -999.0 -999.0 -999.0 -999.0 -999.0 37.41002108973137 -23.706848828822103 37.368785101585104 -23.58482733504731 71.87947094294589 77.06303477397182 -999.0 6231.0 -999.0 -1 -999 {-999.0 -999.0 -999.0 -999.0 -999.0} "" -999.0 -999.0 -999.0 -999.0 -999 -999 "" "" "" "" 0 0 0.0 0.0 -999 ""
FIBERMAP 1220 R+1C3 APOGEE 1 1 0 1 0 0 -235.37975204954105 35.21320393177364 143.1 -102.5061787863182 -214.77771052341728 109.147964 95.75329 37.085313255460406 -24.605876808560176 39.273018 26.745033 3.8967197 37.08543634730749 -24.60578296838923 37.0429776285398 -24.4829813682976 72.47099165641725 79.47594481343765 16000.0 16600.0 2016.0 2 38 {-999.0 11.630107 11.294524 11.204597 -999.0} sdss_psfmag_from_g3xp 11.581561 11.311152 10.877826 10.157 63050395811942759 975170698 "" ops_std_apogee ops_std standard_apogee 0 0 0.0 0.0 -999 ""
FIBERMAP 1220 R+1C3 BOSS 0 0 0 1 0 0 -234.72961271198946 35.52292523838641 143.1 -102.61221443043583 -214.06545753712606 109.147964 95.75329 -999.0 -999.0 -999.0 -999.0 -999.0 37.0851354366636 -24.603642065350975 37.04261080763092 -24.480862808944906 72.47061228774336 79.46893638170638 -999.0 5400.0 -999.0 1 62 {-999.0 -999.0 -999.0 -999.0 -999.0} "" -999.0 -999.0 -999.0 -999.0 -999 -999 "" "" "" "" 0 0 0.0 0.0 -999 ""
FIBERMAP 1220 R+1C3 METROLOGY 0 0 0 1 0 0 -234.77172061230715 34.77548296203075 143.1 -101.90980718280771 -214.32430427246905 109.147964 95.75329 -999.0 -999.0 -999.0 -999.0 -999.0 37.087434402739895 -24.60447032941339 37.044925210653105 -24.48168813909833 72.46889312647477 79.47381827185768 -999.0 6231.0 -999.0 -1 -999 {-999.0 -999.0 -999.0 -999.0 -999.0} "" -999.0 -999.0 -999.0 -999.0 -999 -999 "" "" "" "" 0 0 0.0 0.0 -999 ""
FIBERMAP 1221 R-8C13 APOGEE 0 0 0 1 0 0 77.48775767642519 -138.9960785789792 143.1 155.57174842571953 33.44750744576535 103.101494 63.674923 -999.0 -999.0 -999.0 -999.0 -999.0 37.94121851279213 -23.852323570632894 37.89910705476666 -23.73108572829303 71.47949670332301 78.05579977203024 -999.0 16600.0 -999.0 2 -999 {-999.0 -999.0 -999.0 -999.0 -999.0} "" -999.0 -999.0 -999.0 -999.0 -999 -999 "" "" "" "" 0 0 0.0 0.0 -999 ""
FIBERMAP 1221 R-8C13 BOSS 1 1 0 1 0 0 78.21602576186147 -139.1660556290039 143.1 155.94725924307113 34.09418581050348 103.101494 63.674923 37.94256667261659 -23.850308839214833 3.6502817 -3.3469918 1.0833324 37.94259083571653 -23.850317151925044 37.90040814075218 -23.729107631319295 71.47767975032247 78.05131427386885 5400.0 5400.0 2016.0 1 418 {-999.0 -999.0 -999.0 -999.0 -999.0} "" -999.0 16.889238 -999.0 13.614 63050395811945205 1095057682 bright_1x1 mwm_bin_vis_boss mwm_filler science 0 0 0.0 0.0 -999 ""
FIBERMAP 1221 R-8C13 METROLOGY 0 0 0 1 0 0 77.70187429350517 -139.71277397528527 143.1 156.3196851690308 33.44266004259068 103.101494 63.674923 -999.0 -999.0 -999.0 -999.0 -999.0 37.94383474113465 -23.852290916381964 37.90166756305126 -23.731075577781848 71.47730243473312 78.05839498812071 -999.0 6231.0 -999.0 -1 -999 {-999.0 -999.0 -999.0 -999.0 -999.0} "" -999.0 -999.0 -999.0 -999.0 -999 -999 "" "" "" "" 0 0 0.0 0.0 -999 ""
FIBERMAP 1223 R+13C7 APOGEE 0 0 0 1 0 0 -25.315008288423655 267.10115690972924 143.1 -262.8113241519377 53.90434206311869 188.72713 47.994755 -999.0 -999.0 -999.0 -999.0 -999.0 36.556495728209605 -23.79133502687757 36.516209347262134 -23.667939722212843 72.63585676112777 76.36737230459494 -999.0 16600.0 -999.0 2 100 {-999.0 -999.0 -999.0 -999.0 -999.0} "" -999.0 -999.0 -999.0 -999.0 -999 -999 "" "" "" "" 0 0 0.0 0.0 -999 ""
FIBERMAP 1223 R+13C7 BOSS 1 1 0 1 0 0 -24.869940800638833 267.7004811381807 143.1 -263.2542559544001 54.505192235862985 188.72713 47.994755 36.55512645029607 -23.789502925661203 0.011906027 0.27663904 -0.04213737 36.55512867704748 -23.78949070503599 36.51477943253252 -23.666118815061008 72.6363929494544 76.36007456066523 5400.0 5400.0 2016.0 1 174 {-999.0 20.929392 20.292496 20.288094 -999.0} sdss_psfmag_ps1 20.660576 20.227547 19.591698 -999.0 63050395811956121 1117293231 bright_1x1 openfibertargets_bhm_quaia_boss open_fiber science 0 0 0.0 0.0 -999 ""
FIBERMAP 1223 R+13C7 METROLOGY 0 0 0 1 0 0 -24.590338836531423 266.9888154325125 143.1 -262.4919781645206 54.56443429383015 188.72713 47.994755 -999.0 -999.0 -999.0 -999.0 -999.0 36.55755436481244 -23.789314172730176 36.51722167557028 -23.665938990598352 72.63425040647346 76.36231059084446 -999.0 6231.0 -999.0 -1 -999 {-999.0 -999.0 -999.0 -999.0 -999.0} "" -999.0 -999.0 -999.0 -999.0 -999 -999 "" "" "" "" 0 0 0.0 0.0 -999 ""
FIBERMAP 1224 R+5C18 APOGEE 0 0 0 1 0 0 137.25454849258898 113.29916677839864 143.1 -68.2004842341823 164.37915510491123 154.96944 74.44976 -999.0 -999.0 -999.0 -999.0 -999.0 37.19919228924721 -23.457282598735418 37.15872822519776 -23.334981271575877 71.96457628945743 76.08391713513737 -999.0 16600.0 -999.0 2 64 {-999.0 -999.0 -999.0 -999.0 -999.0} "" -999.0 -999.0 -999.0 -999.0 -999 -999 "" "" "" "" 0 0 0.0 0.0 -999 ""
FIBERMAP 1224 R+5C18 BOSS 1 1 0 1 0 0 137.83170102680734 113.76008247629792 143.1 -68.47243967037736 165.0658317761798 154.96944 74.44976 37.19833374023437 -23.455119306786017 -999.0 -999.0 -999.0 37.19834087041706 -23.455123967764557 37.15781153656292 -23.33284854733242 71.96454095419728 76.07651240966476 5400.0 5400.0 2015.5 1 216 {-999.0 -999.0 -999.0 -999.0 -999.0} "" -999.0 -999.0 -999.0 -999.0 27021603163417996 822007229 "" ops_sky_boss_good ops_sky sky_boss 0 0 0.0 0.0 -999 ""
FIBERMAP 1224 R+5C18 METROLOGY 0 0 0 1 0 0 137.94294208179747 113.0270920245743 143.1 -67.73900617952889 164.95784709236102 154.96944 74.44976 -999.0 -999.0 -999.0 -999.0 -999.0 37.20073372113697 -23.455433293801793 37.160220810430985 -23.3331539923057 71.96261247710136 76.08014968247846 -999.0 6231.0 -999.0 -1 -999 {-999.0 -999.0 -999.0 -999.0 -999.0} "" -999.0 -999.0 -999.0 -999.0 -999 -999 "" "" "" "" 0 0 0.0 0.0 -999 ""
FIBERMAP 1227 R-4C8 APOGEE 0 0 0 1 0 0 -100.65666368743251 -88.15316753242041 143.1 54.85800271882262 -122.02972362846964 240.4902 99.2198 -999.0 -999.0 -999.0 -999.0 -999.0 37.60887580082198 -24.32530166475172 37.5662832857991 -24.203402346240928 71.92839294659213 79.13174338019076 -999.0 16600.0 -999.0 2 -999 {-999.0 -999.0 -999.0 -999.0 -999.0} "" -999.0 -999.0 -999.0 -999.0 -999 -999 "" "" "" "" 0 0 0.0 0.0 -999 ""
FIBERMAP 1227 R-4C8 BOSS 1 1 0 1 0 0 -101.35678290436377 -87.92459376734006 143.1 54.43469225282062 -122.63234936754631 240.4902 99.2198 37.60757446289062 -24.327176878928896 -999.0 -999.0 -999.0 37.60757250912314 -24.32716718871797 37.56490587466891 -24.205288843625823 71.93021122313957 79.13610578806879 5400.0 5400.0 2015.5 1 479 {-999.0 -999.0 -999.0 -999.0 -999.0} "" -999.0 -999.0 -999.0 -999.0 27021603163401482 814336824 "" ops_sky_boss_good ops_sky sky_boss 0 0 0.0 0.0 -999 ""
FIBERMAP 1227 R-4C8 METROLOGY 0 0 0 1 0 0 -100.79510500134647 -87.41809459767319 143.1 54.11462345993405 -121.94713944858698 240.4902 99.2198 -999.0 -999.0 -999.0 -999.0 -999.0 37.60648790736134 -24.32511517680177 37.56384698682541 -24.20322901683327 71.93042684348572 79.12880417551054 -999.0 6231.0 -999.0 -1 -999 {-999.0 -999.0 -999.0 -999.0 -999.0} "" -999.0 -999.0 -999.0 -999.0 -999 -999 "" "" "" "" 0 0 0.0 0.0 -999 ""
FIBERMAP 1228 R-4C5 APOGEE 0 0 0 1 0 0 -145.3238589737772 -74.35426689222284 143.1 28.600694677767766 -160.7061570366319 6.5927277 125.80447 -999.0 -999.0 -999.0 -999.0 -999.0 37.52170351963731 -24.442617309944048 37.47899895447921 -24.320547194424407 72.04256167142039 79.40268058173513 -999.0 16600.0 -999.0 2 296 {-999.0 -999.0 -999.0 -999.0 -999.0} "" -999.0 -999.0 -999.0 -999.0 -999 -999 "" "" "" "" 0 0 0.0 0.0 -999 ""
FIBERMAP 1228 R-4C5 BOSS 1 1 0 1 0 0 -144.81766406844997 -74.8979857088509 143.1 29.26864273101166 -160.38112722855968 6.5927277 125.80447 37.52399350063073 -24.44167111970039 6.5548778 -0.8975483 0.27191383 37.52401139999971 -24.44166975893822 37.48123376277408 -24.319626635553362 72.04033506558596 79.40205720496533 5400.0 5400.0 2016.0 1 487 {-999.0 18.132874 17.853382 17.751495 17.727673} sdss_psfmag_from_lsdr8 18.107769 17.845392 17.415148 -999.0 63050395811942490 908532503 "" ops_std_boss_lsdr10 ops_std standard_boss 0 0 0.0 0.0 -999 ""
FIBERMAP 1228 R-4C5 METROLOGY 0 0 0 1 0 0 -145.54689885885688 -75.07354717797554 143.1 29.2232609955765 -161.12977934850613 6.5927277 125.80447 -999.0 -999.0 -999.0 -999.0 -999.0 37.52384830164321 -24.443959559277204 37.48108693158866 -24.32190899055242 72.0412189491983 79.40889545304424 -999.0 6231.0 -999.0 -1 -999 {-999.0 -999.0 -999.0 -999.0 -999.0} "" -999.0 -999.0 -999.0 -999.0 -999 -999 "" "" "" "" 0 0 0.0 0.0 -999 ""
FIBERMAP 1230 R+8C17 APOGEE 1 1 0 1 0 0 159.65038914127257 140.49133509689284 143.1 -87.65280842503282 193.74665136635892 295.65204 102.231415 37.135162353515625 -23.368741344612005 -999.0 -999.0 -999.0 37.13516753850724 -23.368713062625453 37.094944689233444 -23.24633632528413 71.98466155307933 75.74672536228354 16000.0 16600.0 2015.5 2 75 {-999.0 -999.0 -999.0 -999.0 -999.0} "" -999.0 -999.0 -999.0 -999.0 27021603163418687 836449846 "" ops_sky_apogee_best ops_sky sky_apogee 0 0 0.0 0.0 -999 ""
FIBERMAP 1230 R+8C17 BOSS 0 0 0 1 0 0 159.05522885286283 140.04531816362632 143.1 -87.40036571828304 193.04711226966666 295.65204 102.231415 -999.0 -999.0 -999.0 -999.0 -999.0 37.13604262488661 -23.370749944585217 37.095744943288025 -23.248400923774675 71.98478032844845 75.75380136829659 -999.0 5400.0 -999.0 1 234 {-999.0 -999.0 -999.0 -999.0 -999.0} "" -999.0 -999.0 -999.0 -999.0 -999 -999 "" "" "" "" 0 0 0.0 0.0 -999 ""
FIBERMAP 1230 R+8C17 METROLOGY 0 0 0 1 0 0 158.9599861278787 140.78586323396792 143.1 -88.13634455157307 193.17260419478066 295.65204 102.231415 -999.0 -999.0 -999.0 -999.0 -999.0 37.13358287681939 -23.37035447104039 37.09330876578292 -23.247994080216895 71.9866881407347 75.7497937137781 -999.0 6231.0 -999.0 -1 -999 {-999.0 -999.0 -999.0 -999.0 -999.0} "" -999.0 -999.0 -999.0 -999.0 -999 -999 "" "" "" "" 0 0 0.0 0.0 -999 ""
FIBERMAP 1233 R+11C16 APOGEE 0 0 0 1 0 0 159.68165813874896 223.51290028776876 143.1 -167.03077164857763 218.05539853667815 130.02046 116.63713 -999.0 -999.0 -999.0 -999.0 -999.0 36.87437279190465 -23.295957157117257 36.83460050121431 -23.17319375494093 72.17659114282137 75.22502060341662 -999.0 16600.0 -999.0 2 104 {-999.0 -999.0 -999.0 -999.0 -999.0} "" -999.0 -999.0 -999.0 -999.0 -999 -999 "" "" "" "" 0 0 0.0 0.0 -999 ""
FIBERMAP 1233 R+11C16 BOSS 1 1 0 1 0 0 159.9540637167876 224.19063120312057 143.1 -167.59917099863102 218.51407473798616 130.02046 116.63713 36.87258855112602 -23.294561997937407 -0.1774449 0.812241 0.113641344 36.87259529424017 -23.294565280624354 36.83275873282304 -23.171826566163084 72.17761186657424 75.21874101924425 5400.0 5400.0 2016.0 1 178 {-999.0 20.258432 19.920895 20.12854 -999.0} sdss_psfmag_ps1 20.673965 20.335402 19.951769 -999.0 63050395811958021 1117293251 bright_1x1 openfibertargets_bhm_quaia_boss open_fiber science 0 0 0.0 0.0 -999 ""
FIBERMAP 1233 R+11C16 METROLOGY 0 0 0 1 0 0 160.4186270235384 223.59956810384944 143.1 -166.89812602126773 218.78545009158512 130.02046 116.63713 -999.0 -999.0 -999.0 -999.0 -999.0 36.874846233886906 -23.29370941813719 36.8350280390307 -23.170966781851845 72.17535557363067 75.21883294865717 -999.0 6231.0 -999.0 -1 -999 {-999.0 -999.0 -999.0 -999.0 -999.0} "" -999.0 -999.0 -999.0 -999.0 -999 -999 "" "" "" "" 0 0 0.0 0.0 -999 ""
FIBERMAP 1234 R+5C14 APOGEE 0 0 0 1 0 0 65.04770193421098 79.63076169662685 143.1 -57.122178139026026 85.48733061598632 343.96716 60.573376 -999.0 -999.0 -999.0 -999.0 -999.0 37.235667702691224 -23.69612733380203 37.19471712657872 -23.573816035751065 72.02369952287273 76.84009814332171 -999.0 16600.0 -999.0 2 93 {-999.0 -999.0 -999.0 -999.0 -999.0} "" -999.0 -999.0 -999.0 -999.0 -999 -999 "" "" "" "" 0 0 0.0 0.0 -999 ""
FIBERMAP 1234 R+5C14 BOSS 1 1 0 1 0 0 64.49943920863302 79.13013133769437 143.1 -56.80379809854302 84.8166648710543 343.96716 60.573376 37.23683107010247 -23.697977335519955 -23.05559 -33.87784 5.1683183 37.236758455486054 -23.69808757895965 37.19573236971553 -23.575803175616045 72.02357004582021 76.84719540545598 5400.0 5400.0 2016.0 1 166 {-999.0 18.740393 17.229143 16.15969 -999.0} sdss_psfmag_ps1 18.10557 16.828182 15.718151 13.713 63050395811956712 940018856 bright_1x1 openfibertargets_nov2020_34a open_fiber science 0 0 0.0 0.0 -999 ""
FIBERMAP 1234 R+5C14 METROLOGY 0 0 0 1 0 0 64.331615827051 79.8436572128808 143.1 -57.5351660684923 84.86485202261805 343.96716 60.573376 -999.0 -999.0 -999.0 -999.0 -999.0 37.23430843061264 -23.697942760973433 37.193305623659 -23.57564725858095 72.02557884584327 76.84406036734032 -999.0 6231.0 -999.0 -1 -999 {-999.0 -999.0 -999.0 -999.0 -999.0} "" -999.0 -999.0 -999.0 -999.0 -999 -999 "" "" "" "" 0 0 0.0 0.0 -999 ""
FIBERMAP 1236 R+13C5 APOGEE 0 0 0 1 0 0 -60.687785047099425 237.52334118282562 143.1 -244.87276809195913 11.430345237727787 270.45837 98.29438 -999.0 -999.0 -999.0 -999.0 -999.0 36.61465864107725 -23.919995368400524 36.57406454141358 -23.796653813244802 72.6341904543163 76.83368677565119 -999.0 16600.0 -999.0 2 52 {-999.0 -999.0 -999.0 -999.0 -999.0} "" -999.0 -999.0 -999.0 -999.0 -999 -999 "" "" "" "" 0 0 0.0 0.0 -999 ""
FIBERMAP 1236 R+13C5 BOSS 1 1 0 1 0 0 -61.431605954150136 237.40594434204317 143.1 -244.9780337345283 10.684755219824044 270.45837 98.29438 36.6141846337735 -23.92230438407643 -23.224787 25.42179 3.6984932 36.61434548134917 -23.922224983381216 36.573679478713586 -23.798906855243793 72.63534283399277 76.8402800131226 5400.0 5400.0 2016.0 1 89 {-999.0 13.617847 13.0272875 12.818766 -999.0} sdss_psfmag_from_g3xp 13.4747925 13.060635 12.478466 11.361 63050395811955315 1080991414 bright_flexible_2x1 mwm_snc_ext_filler_boss mwm_snc science 0 0 0.7821951508522034 0.0 -999 ""
FIBERMAP 1236 R+13C5 METROLOGY 0 0 0 1 0 0 -61.140279723610526 238.11586256635132 143.1 -245.57167816066013 11.17093664366583 270.45837 98.29438 -999.0 -999.0 -999.0 -999.0 -999.0 36.61233599755621 -23.92075184877769 36.57169453499466 -23.7974240779045 72.6364904189922 76.83342931149457 -999.0 6231.0 -999.0 -1 -999 {-999.0 -999.0 -999.0 -999.0 -999.0} "" -999.0 -999.0 -999.0 -999.0 -999 -999 "" "" "" "" 0 0 0.0 0.0 -999 ""
FIBERMAP 1237 R-2C7 APOGEE 0 0 0 1 0 0 -146.16303545166 -28.520790241242935 143.1 -15.47172636872071 -148.1050434173183 155.2768 98.986206 -999.0 -999.0 -999.0 -999.0 -999.0 37.37482088420553 -24.40477415264774 37.33237302450914 -24.282482873953885 72.15584637063438 79.14091711988908 -999.0 16600.0 -999.0 2 286 {-999.0 -999.0 -999.0 -999.0 -999.0} "" -999.0 -999.0 -999.0 -999.0 -999 -999 "" "" "" "" 0 0 0.0 0.0 -999 ""
FIBERMAP 1237 R-2C7 BOSS 1 1 0 1 0 0 -145.720800093224 -27.92849688329617 143.1 -15.908763321616746 -147.50895750053374 155.2768 98.986206 37.373306256846774 -24.40285238002566 36.27147 -51.13163 1.1378087 37.37342565713565 -24.403014393421014 37.33091152278894 -24.28074454856344 72.15651892824388 79.13411515590991 5400.0 5400.0 2016.0 1 469 {-999.0 17.252476 16.59406 16.330841 -999.0} sdss_psfmag_ps1 17.056143 16.583765 15.960262 14.65 63050395811943117 1072883496 bright_1x1 mwm_halo_local_high_boss_single mwm_halo science 0 0 0.0 0.0 -999 ""
FIBERMAP 1237 R-2C7 METROLOGY 0 0 0 1 0 0 -145.43572769136605 -28.6114585051033 143.1 -15.172333252939339 -147.43609025627936 155.2768 98.986206 -999.0 -999.0 -999.0 -999.0 -999.0 37.37585653625748 -24.40281482367531 37.333359923458545 -24.280542307496273 72.15434843054138 79.13593463104098 -999.0 6231.0 -999.0 -1 -999 {-999.0 -999.0 -999.0 -999.0 -999.0} "" -999.0 -999.0 -999.0 -999.0 -999 -999 "" "" "" "" 0 0 0.0 0.0 -999 ""
FIBERMAP 1238 R-9C3 APOGEE 0 0 0 1 0 0 -130.1455201961554 -161.22290223023953 143.1 116.10521526862556 -171.59616971545543 96.309784 48.12993 -999.0 -999.0 -999.0 -999.0 -999.0 37.81298257593309 -24.474227864986513 37.76985068999579 -24.35261096391689 71.80298201733342 79.78206888215766 -999.0 16600.0 -999.0 2 283 {-999.0 -999.0 -999.0 -999.0 -999.0} "" -999.0 -999.0 -999.0 -999.0 -999 -999 "" "" "" "" 0 0 0.0 0.0 -999 ""
FIBERMAP 1238 R-9C3 BOSS 1 1 0 1 0 0 -129.52779506717678 -161.640153111785 143.1 116.6848477341704 -171.12750785849227 96.309784 48.12993 37.81500167842041 -24.4728081838986 2.6742873 -2.5130694 -0.026795015 37.8150109189303 -24.472820148950486 37.771806055226875 -24.351230001308377 71.80084617389592 79.77976297748557 5400.0 5400.0 2016.0 1 464 {-999.0 17.88106 17.282566 17.109428 -999.0} sdss_psfmag_ps1 17.737967 17.328817 16.76919 15.434 63050395811943686 944125684 bright_1x1 openfibertargets_nov2020_6b open_fiber science 0 0 0.0 0.0 -999 ""
FIBERMAP 1238 R-9C3 METROLOGY 0 0 0 1 0 0 -130.21014020093443 -161.95981559205802 143.1 116.79097108348087 -171.8734639583664 96.309784 48.12993 -999.0 -999.0 -999.0 -999.0 -999.0 37.81536667476085 -24.475101374094155 37.772177732434955 -24.353504593130523 71.80127242375656 79.78699859354526 -999.0 6231.0 -999.0 -1 -999 {-999.0 -999.0 -999.0 -999.0 -999.0} "" -999.0 -999.0 -999.0 -999.0 -999 -999 "" "" "" "" 0 0 0.0 0.0 -999 ""
FIBERMAP 1239 R0C25 APOGEE 0 0 0 1 0 0 243.6720699737073 21.741913526180863 143.1 50.46940850915706 239.3629820156187 171.68484 22.028023 -999.0 -999.0 -999.0 -999.0 -999.0 37.59039437310941 -23.230615289155853 37.54987521040266 -23.1089946045973 71.5458734865122 75.85877978500127 -999.0 16600.0 -999.0 2 105 {-999.0 -999.0 -999.0 -999.0 -999.0} "" -999.0 -999.0 -999.0 -999.0 -999 -999 "" "" "" "" 0 0 0.0 0.0 -999 ""
FIBERMAP 1239 R0C25 BOSS 1 1 0 1 0 0 244.3937805423046 21.877411500683188 143.1 50.55089948342134 240.0927231253919 171.68484 22.028023 37.590719155752254 -23.228359866181606 -1.3078752 0.7719052 2.6639547 37.59072915169441 -23.22837151184469 37.55014201867181 -23.106779713402254 71.54478935592036 75.85262932930027 5400.0 5400.0 2016.0 1 179 {-999.0 16.476078 15.452234 15.011565 -999.0} sdss_psfmag_ps1 16.045134 15.510037 14.581836 13.062 63050395811957559 1126398947 bright_1x1 openfibertargets_mwm_snc_further_ext_boss open_fiber science 0 0 0.0 0.0 -999 ""
FIBERMAP 1239 R0C25 METROLOGY 0 0 0 1 0 0 244.18270685507298 21.198727648686152 143.1 51.13814596645967 239.69241519498735 171.68484 22.028023 -999.0 -999.0 -999.0 -999.0 -999.0 37.59265755951615 -23.229538805713876 37.552086255735446 -23.107941874101837 71.54359084520155 75.85820180769997 -999.0 6231.0 -999.0 -1 -999 {-999.0 -999.0 -999.0 -999.0 -999.0} "" -999.0 -999.0 -999.0 -999.0 -999 -999 "" "" "" "" 0 0 0.0 0.0 -999 ""
FIBERMAP 1244 R-7C12 APOGEE 1 0 0 1 1 0 26.246098220944084 -143.70111916303586 143.1 145.08569161144547 -16.9268751694421 203.97926 137.49466 37.816314697265625 -23.97203374186452 -999.0 -999.0 -999.0 37.907415067405765 -24.005276255999817 37.865055889834935 -23.88394143253499 71.56252268625072 78.47247829068453 16000.0 16600.0 2015.5 2 163 {-999.0 -999.0 -999.0 -999.0 -999.0} "" -999.0 -999.0 -999.0 -999.0 27021603163404253 836447878 "" ops_sky_apogee_best ops_sky sky_apogee 0 0 0.0 0.0 -999 ""
FIBERMAP 1244 R-7C12 BOSS 0 0 0 1 1 0 25.53890435371976 -143.48096947172232 143.1 144.66836752376003 -17.538729388135042 203.97926 137.49466 -999.0 -999.0 -999.0 -999.0 -999.0 37.90618735797632 -24.007121628488626 37.863752942456586 -23.885809275648914 71.56429108792196 78.47669804805895 -999.0 5400.0 -999.0 1 394 {-999.0 -999.0 -999.0 -999.0 -999.0} "" -999.0 -999.0 -999.0 -999.0 -999 -999 "" "" "" "" 0 0 0.0 0.0 -999 ""
FIBERMAP 1244 R-7C12 METROLOGY 0 0 0 1 1 0 26.064806835866023 -142.96724640558227 143.1 144.33092890396034 -16.88561618164078 203.97926 137.49466 -999.0 -999.0 -999.0 -999.0 -999.0 37.9050560386523 -24.005154640186525 37.86264751524243 -23.883833969359408 71.56454876492171 78.46972900806622 -999.0 6231.0 -999.0 -1 -999 {-999.0 -999.0 -999.0 -999.0 -999.0} "" -999.0 -999.0 -999.0 -999.0 -999 -999 "" "" "" "" 0 0 0.0 0.0 -999 ""
FIBERMAP 1245 R-13C10 APOGEE 0 0 0 1 0 0 75.3434019555793 -257.8248630976557 143.1 268.5714369878289 -3.3532933457818666 35.273186 53.91691 -999.0 -999.0 -999.0 -999.0 -999.0 38.31444821215952 -23.9616205330355 38.27166929521587 -23.84095080318983 71.19897359499245 78.75187634919655 -999.0 16600.0 -999.0 2 158 {-999.0 -999.0 -999.0 -999.0 -999.0} "" -999.0 -999.0 -999.0 -999.0 -999 -999 "" "" "" "" 0 0 0.0 0.0 -999 ""
FIBERMAP 1245 R-13C10 BOSS 1 1 0 1 0 0 75.3585740182046 -258.5740634678816 143.1 269.292276331294 -3.557881816114503 35.273186 53.91691 38.31685268883523 -23.962105561889622 12.413784 -26.462126 3.8967476 38.31688805911671 -23.962196132860107 38.27403018256064 -23.841555538058323 71.19715877589354 78.75596355936352 5400.0 5400.0 2016.0 1 439 {-999.0 19.72027 18.263126 17.07209 -999.0} sdss_psfmag_ps1 19.094982 17.73328 16.582006 14.591 63050395811944478 940018488 bright_1x1 openfibertargets_nov2020_34a open_fiber science 0 0 0.0 0.0 -999 ""
FIBERMAP 1245 R-13C10 METROLOGY 0 0 0 1 0 0 74.70335365417175 -258.21595200321144 143.1 268.7582292044702 -4.079692214710556 35.273186 53.91691 -999.0 -999.0 -999.0 -999.0 -999.0 38.31518470003173 -23.9637948647398 38.27234708416637 -23.84314388149606 71.19915411745113 78.75892565469235 -999.0 6231.0 -999.0 -1 -999 {-999.0 -999.0 -999.0 -999.0 -999.0} "" -999.0 -999.0 -999.0 -999.0 -999 -999 "" "" "" "" 0 0 0.0 0.0 -999 ""
FIBERMAP 1248 R-10C3 APOGEE 1 1 0 1 0 0 -136.34871252883897 -211.8891662523592 143.1 162.73938536267377 -192.34465798261 299.5809 75.79359 37.96783382876637 -24.535672144658662 24.630621 -7.9867067 5.3459115 37.96794320398029 -24.535672377592853 37.924498598985 -24.41428542650137 71.68992315129897 80.11479632458867 16000.0 16600.0 2016.0 2 284 {-999.0 10.631068 10.211003 10.075045 -999.0} sdss_psfmag_from_g3xp 10.554947 10.232961 9.745191 8.938 63050395811943624 1103533027 bright_1x1 mwm_tess_2min_apogee mwm_planet science 0 0 0.0 0.0 -999 ""
FIBERMAP 1248 R-10C3 BOSS 0 0 0 1 0 0 -137.07049046207516 -212.1289335337939 143.1 162.75757936938345 -193.10495604987273 299.5809 75.79359 -999.0 -999.0 -999.0 -999.0 -999.0 37.968092690269295 -24.537950637627674 37.92456980599047 -24.416586261074023 71.69060685219239 80.12179245876916 -999.0 5400.0 -999.0 1 465 {-999.0 -999.0 -999.0 -999.0 -999.0} "" -999.0 -999.0 -999.0 -999.0 -999 -999 "" "" "" "" 0 0 0.0 0.0 -999 ""
FIBERMAP 1248 R-10C3 METROLOGY 0 0 0 1 0 0 -136.90186820701436 -211.3938104377999 143.1 162.10394989117628 -192.72873603727538 299.5809 75.79359 -999.0 -999.0 -999.0 -999.0 -999.0 37.96593422400832 -24.536876541668644 37.92243701967146 -24.415502508351825 71.69209336167157 80.11652660436198 -999.0 6231.0 -999.0 -1 -999 {-999.0 -999.0 -999.0 -999.0 -999.0} "" -999.0 -999.0 -999.0 -999.0 -999 -999 "" "" "" "" 0 0 0.0 0.0 -999 ""
FIBERMAP 1250 R-9C17 APOGEE 0 0 0 1 1 0 171.6722182717038 -194.98450496734512 143.1 236.6524811699994 107.1355600256571 336.27914 46.708336 -999.0 -999.0 -999.0 -999.0 -999.0 38.20638027643095 -23.62811479235359 38.16436856937929 -23.507365043291596 71.17226826405378 77.67673352466835 -999.0 16600.0 -999.0 2 -999 {-999.0 -999.0 -999.0 -999.0 -999.0} "" -999.0 -999.0 -999.0 -999.0 -999 -999 "" "" "" "" 0 0 0.0 0.0 -999 ""
FIBERMAP 1250 R-9C17 BOSS 0 0 0 1 1 0 170.95521753624044 -195.2765454938367 143.1 236.7220570865881 106.36454322277572 336.27914 46.708336 -999.0 -999.0 -999.0 -999.0 -999.0 38.206715611696914 -23.630413601885774 38.1646248513789 -23.509690301713597 71.17289405842988 77.68371100542271 -999.0 5400.0 -999.0 1 334 {-999.0 -999.0 -999.0 -999.0 -999.0} "" -999.0 -999.0 -999.0 -999.0 -999 -999 "" "" "" "" 0 0 0.0 0.0 -999 ""
FIBERMAP 1250 R-9C17 METROLOGY 0 0 0 1 1 0 171.06776141263293 -194.5439029674424 143.1 236.05440001049197 106.68641439676281 336.27914 46.708336 -999.0 -999.0 -999.0 -999.0 -999.0 38.20454083720229 -23.629437277263055 38.162475636257284 -23.508703231373133 71.17437166604466 77.6786426030061 -999.0 6231.0 -999.0 -1 -999 {-999.0 -999.0 -999.0 -999.0 -999.0} "" -999.0 -999.0 -999.0 -999.0 -999 -999 "" "" "" "" 0 0 0.0 0.0 -999 ""
FIBERMAP 1255 R-8C3 APOGEE 0 0 0 1 0 0 -170.2630632256462 -139.04565092382313 143.1 83.1668393291642 -203.4719552921715 191.22916 40.986458 -999.0 -999.0 -999.0 -999.0 -999.0 37.70364304955526 -24.571014069159954 37.660465029495526 -24.449196245870198 71.9286530383477 79.97102300435608 -999.0 16600.0 -999.0 2 282 {-999.0 -999.0 -999.0 -999.0 -999.0} "" -999.0 -999.0 -999.0 -999.0 -999 -999 "" "" "" "" 0 0 0.0 0.0 -999 ""
FIBERMAP 1255 R-8C3 BOSS 1 1 0 1 0 0 -169.80347096056073 -138.46873883127896 143.1 82.74958614989971 -202.8637704078196 191.22916 40.986458 37.70233154296875 -24.56919165469408 -999.0 -999.0 -999.0 37.70234249586106 -24.569206353016508 37.65909685839466 -24.44740967003305 71.92925167568652 79.96427250771205 5400.0 5400.0 2015.5 1 463 {-999.0 -999.0 -999.0 -999.0 -999.0} "" -999.0 -999.0 -999.0 -999.0 27021603163401112 814336768 "" ops_sky_boss_good ops_sky sky_boss 0 0 0.0 0.0 -999 ""
FIBERMAP 1255 R-8C3 METROLOGY 0 0 0 1 0 0 -169.53593356719944 -139.16971188486912 143.1 83.49811121679033 -202.81293780478507 191.22916 40.986458 -999.0 -999.0 -999.0 -999.0 -999.0 37.704826600705715 -24.569077490673244 37.66159866040226 -24.447278356292095 71.9270547568662 79.96625386401422 -999.0 6231.0 -999.0 -1 -999 {-999.0 -999.0 -999.0 -999.0 -999.0} "" -999.0 -999.0 -999.0 -999.0 -999 -999 "" "" "" "" 0 0 0.0 0.0 -999 ""
FIBERMAP 1257 R0C5 APOGEE 0 0 0 1 0 0 -182.00030369554517 4.402304779206013 143.1 -57.43379768119828 -172.74541577090687 66.46224 53.32423 -999.0 -999.0 -999.0 -999.0 -999.0 37.23519504702763 -24.479289479866466 37.192783550551155 -24.35675783047211 72.30054980166432 79.23113026621638 -999.0 16600.0 -999.0 2 278 {-999.0 -999.0 -999.0 -999.0 -999.0} "" -999.0 -999.0 -999.0 -999.0 -999 -999 "" "" "" "" 0 0 0.0 0.0 -999 ""
FIBERMAP 1257 R0C5 BOSS 1 1 0 1 0 0 -181.74415352046526 3.7066704991545727 143.1 -56.6937077518329 -172.70391061254676 66.46224 53.32423 37.23761021180838 -24.479094869013682 35.4112 -35.518906 0.9533787 37.23770871691469 -24.47920184775763 37.195223351774985 -24.356696941227295 72.29843353985655 79.23337382026375 5400.0 5400.0 2016.0 1 452 {-999.0 18.998262 17.83371 17.42666 -999.0} sdss_psfmag_ps1 18.565268 17.816544 16.992744 15.282 63050395811943128 1073780729 bright_1x1 mwm_halo_local_low_boss_single mwm_halo science 0 0 0.0 0.0 -999 ""
FIBERMAP 1257 R0C5 METROLOGY 0 0 0 1 0 0 -182.4796675093153 3.8298541484462776 143.1 -57.026592649675635 -173.37120194848885 66.46224 53.32423 -999.0 -999.0 -999.0 -999.0 -999.0 37.236575485322305 -24.481245681435773 37.19410779684023 -24.358731965012947 72.30006892522353 79.23857375669729 -999.0 6231.0 -999.0 -1 -999 {-999.0 -999.0 -999.0 -999.0 -999.0} "" -999.0 -999.0 -999.0 -999.0 -999 -999 "" "" "" "" 0 0 0.0 0.0 -999 ""
FIBERMAP 1258 R-12C12 APOGEE 0 0 0 1 0 0 109.23934412757231 -230.0855796753868 143.1 251.95904143187397 37.17085984096935 57.514194 57.459316 -999.0 -999.0 -999.0 -999.0 -999.0 38.25880369363669 -23.83940593479552 38.21632637740777 -23.71868098073142 71.20355810147312 78.34143004664236 -999.0 16600.0 -999.0 2 -999 {-999.0 -999.0 -999.0 -999.0 -999.0} "" -999.0 -999.0 -999.0 -999.0 -999 -999 "" "" "" "" 0 0 0.0 0.0 -999 ""
FIBERMAP 1258 R-12C12 BOSS 1 1 0 1 0 0 109.55212468113712 -230.7949238234537 143.1 252.7288020505125 37.26250693713229 57.514194 57.459316 38.26146359872865 -23.838854577059067 -13.675179 -74.880196 6.0055184 38.261415450641344 -23.839085927972555 38.218860953685976 -23.71839106651092 71.20128491053407 78.3431335727887 5400.0 5400.0 2016.0 1 428 {-999.0 21.260113 20.251781 17.92133 -999.0} sdss_psfmag_ps1 20.680376 18.721249 17.403017 14.853 63050395811944545 1079522773 bright_flexible_2x1 mwm_snc_ext_filler_boss mwm_snc science 0 0 0.0 0.0 -999 ""
FIBERMAP 1258 R-12C12 METROLOGY 0 0 0 1 0 0 108.81195193087984 -230.69944784283197 143.1 252.42104944585026 36.58265795017483 57.514194 57.459316 -999.0 -999.0 -999.0 -999.0 -999.0 38.260453366053845 -23.84114894849832 38.21791725898328 -23.7204446403851 71.20281883704274 78.34814786255805 -999.0 6231.0 -999.0 -1 -999 {-999.0 -999.0 -999.0 -999.0 -999.0} "" -999.0 -999.0 -999.0 -999.0 -999 -999 "" "" "" "" 0 0 0.0 0.0 -999 ""
FIBERMAP 1259 R+6C4 APOGEE 0 0 0 1 0 0 -142.50258653824466 125.25081805873188 143.1 -161.44117053768176 -99.63583183433687 58.41454 87.126045 -999.0 -999.0 -999.0 -999.0 -999.0 36.889370833077415 -24.257341185005743 36.84781043214372 -24.13433117445033 72.52081537403807 78.18520271272303 -999.0 16600.0 -999.0 2 -999 {-999.0 -999.0 -999.0 -999.0 -999.0} "" -999.0 -999.0 -999.0 -999.0 -999 -999 "" "" "" "" 0 0 0.0 0.0 -999 ""
FIBERMAP 1259 R+6C4 BOSS 1 1 0 1 0 0 -141.86630658522313 124.85869099106579 143.1 -160.8801358566494 -99.14208021857215 58.41454 87.126045 36.891141702682425 -24.255773678623452 27.201704 -29.48507 2.8908863 36.891244250151914 -24.255860825910656 36.84961482587647 -24.132877569224906 72.51876676823385 78.1825650266129 5400.0 5400.0 2016.0 1 39 {-999.0 21.856628 20.363773 18.67505 -999.0} sdss_psfmag_ps1 20.84525 19.444458 18.130737 15.712 63050395811954976 1096748726 bright_1x1 mwm_bin_vis_boss mwm_filler science 0 0 0.0 0.0 -999 ""
FIBERMAP 1259 R+6C4 METROLOGY 0 0 0 1 0 0 -142.55554270733174 124.50469885850197 143.1 -160.74320091591596 -99.9046650101257 58.41454 87.126045 -999.0 -999.0 -999.0 -999.0 -999.0 36.89165438746066 -24.258191311758875 36.85003979074247 -24.135201396759363 72.51920887103446 78.19026873209395 -999.0 6231.0 -999.0 -1 -999 {-999.0 -999.0 -999.0 -999.0 -999.0} "" -999.0 -999.0 -999.0 -999.0 -999 -999 "" "" "" "" 0 0 0.0 0.0 -999 ""
FIBERMAP 1262 R-5C7 APOGEE 0 0 0 1 0 0 -88.53776952761169 -79.60406693069751 143.1 50.22721082424683 -107.94126050349743 119.05818 35.67643 -999.0 -999.0 -999.0 -999.0 -999.0 37.59335660601908 -24.282668946116026 37.55086411949577 -24.160756994468493 71.92722164788404 78.98703738645992 -999.0 16600.0 -999.0 2 293 {-999.0 -999.0 -999.0 -999.0 -999.0} "" -999.0 -999.0 -999.0 -999.0 -999 -999 "" "" "" "" 0 0 0.0 0.0 -999 ""
FIBERMAP 1262 R-5C7 BOSS 1 1 0 1 0 0 -87.86082226256703 -79.95595250579808 143.1 50.76165843426508 -107.39685364766369 119.05818 35.67643 37.59510117509259 -24.281207598090983 36.112423 50.46832 6.307666 37.595232653973 -24.281045095090494 37.5526687204611 -24.15916029774852 71.92513132339076 78.98399476056863 5400.0 5400.0 2016.0 1 482 {-999.0 20.64023 19.126911 17.57531 -999.0} sdss_psfmag_ps1 20.027542 18.278723 17.0216 14.772 63050395811943254 1081988032 bright_flexible_2x1 mwm_snc_ext_filler_boss mwm_snc science 0 0 0.0 0.0 -999 ""
FIBERMAP 1262 R-5C7 METROLOGY 0 0 0 1 0 0 -88.48571780202053 -80.35304648492476 143.1 50.95862411618829 -108.11051922642159 119.05818 35.67643 -999.0 -999.0 -999.0 -999.0 -999.0 37.595878929355116 -24.28322378825421 37.55333051828467 -24.16133267376578 71.92529965612022 78.99124176414938 -999.0 6231.0 -999.0 -1 -999 {-999.0 -999.0 -999.0 -999.0 -999.0} "" -999.0 -999.0 -999.0 -999.0 -999 -999 "" "" "" "" 0 0 0.0 0.0 -999 ""
FIBERMAP 1263 R-7C13 APOGEE 0 0 0 1 0 0 55.41462372558763 -123.84163318404167 143.1 134.6256505629347 16.772444844086376 85.7735 124.83756 -999.0 -999.0 -999.0 -999.0 -999.0 37.87221102292776 -23.903199708238926 37.830088455872044 -23.781837418873913 71.55656750507356 78.13474612631234 -999.0 16600.0 -999.0 2 176 {-999.0 -999.0 -999.0 -999.0 -999.0} "" -999.0 -999.0 -999.0 -999.0 -999 -999 "" "" "" "" 0 0 0.0 0.0 -999 ""
FIBERMAP 1263 R-7C13 BOSS 1 1 0 1 0 0 56.065386046516814 -123.44417282182866 143.1 134.4358990251453 17.51095197234788 85.7735 124.83756 37.87160912062083 -23.900885899698896 28.872787 -12.387688 5.9025903 37.87171352785492 -23.900927638821415 37.82952278221342 -23.779590526159346 71.55625587808316 78.12752487055377 5400.0 5400.0 2016.0 1 419 {-999.0 19.804209 18.318356 16.833534 -999.0} sdss_psfmag_ps1 19.307903 17.52514 16.26553 13.791 63050395811944802 940018500 bright_1x1 openfibertargets_nov2020_34a open_fiber science 0 0 0.0 0.0 -999 ""
FIBERMAP 1263 R-7C13 METROLOGY 0 0 0 1 0 0 56.07508897783526 -124.19218223768368 143.1 135.1540001568619 17.30148207734863 85.7735 124.83756 -999.0 -999.0 -999.0 -999.0 -999.0 37.87409054591731 -23.901558511303023 37.831916380220264 -23.780217832529647 71.55442964945041 78.13183102891162 -999.0 6231.0 -999.0 -1 -999 {-999.0 -999.0 -999.0 -999.0 -999.0} "" -999.0 -999.0 -999.0 -999.0 -999 -999 "" "" "" "" 0 0 0.0 0.0 -999 ""
FIBERMAP 1268 R0C1 APOGEE 1 1 0 1 0 0 -289.7086342428667 -22.053520717281074 143.1 -63.63438686426195 -283.4753175657325 351.92105 15.812415 37.21504262575684 -24.812312248074292 76.98678 -13.832706 8.801406 37.215253528871365 -24.812370585755655 37.1722402014741 -24.68971461056073 72.42633265519657 80.25052900890165 16000.0 16600.0 2016.0 2 254 {-999.0 9.062674 8.822286 8.737526 -999.0} sdss_psfmag_from_g3xp 9.047621 8.813221 8.41212 7.74 63050395811941893 996651209 bright_1x1 mwm_bin_gaia_sb_apogee mwm_bin science 0 0 0.0 0.0 -999 ""
FIBERMAP 1268 R0C1 BOSS 0 0 0 1 0 0 -290.43135505498446 -22.135997505915654 143.1 -63.76687333737514 -284.1905191646205 351.92105 15.812415 -999.0 -999.0 -999.0 -999.0 -999.0 37.214898104185984 -24.814452701233023 37.17181039608465 -24.69181707973816 72.42736855477877 80.25672519412888 -999.0 5400.0 -999.0 1 524 {-999.0 -999.0 -999.0 -999.0 -999.0} "" -999.0 -999.0 -999.0 -999.0 -999 -999 "" "" "" "" 0 0 0.0 0.0 -999 ""
FIBERMAP 1268 R0C1 METROLOGY 0 0 0 1 0 0 -290.172541261185 -21.477672428317895 143.1 -64.32069116905751 -283.7505147843033 351.92105 15.812415 -999.0 -999.0 -999.0 -999.0 -999.0 37.21301668612025 -24.813198211641662 37.16995385789204 -24.690553901276118 72.42856883498771 80.25098788430097 -999.0 6231.0 -999.0 -1 -999 {-999.0 -999.0 -999.0 -999.0 -999.0} "" -999.0 -999.0 -999.0 -999.0 -999 -999 "" "" "" "" 0 0 0.0 0.0 -999 ""
FIBERMAP 1269 R+7C9 APOGEE 0 0 0 1 0 0 -27.1711377347482 141.57428529319586 143.1 -143.32248351080312 15.420359539616598 352.34164 156.27559 -999.0 -999.0 -999.0 -999.0 -999.0 36.94981692229909 -23.908677837422076 36.90882645885591 -23.785859663289553 72.34501191415686 77.17134486403177 -999.0 16600.0 -999.0 2 139 {-999.0 -999.0 -999.0 -999.0 -999.0} "" -999.0 -999.0 -999.0 -999.0 -999 -999 "" "" "" "" 0 0 0.0 0.0 -999 ""
FIBERMAP 1269 R+7C9 BOSS 1 1 0 1 0 0 -26.525860006821837 141.1824786050001 143.1 -142.75912387238478 15.92280872409689 352.34164 156.27559 36.95168647830969 -23.907125027652096 0.15222088 0.24311246 0.5841933 36.951683191046875 -23.90712368574843 36.91062377232993 -23.78433363631577 72.3429255023054 77.16862496448164 5400.0 5400.0 2016.0 1 136 {-999.0 20.118391 19.472141 19.583458 -999.0} sdss_psfmag_ps1 20.236338 19.84733 19.394583 -999.0 63050395811955380 1116286098 bright_1x1 openfibertargets_bhm_morexray_boss open_fiber science 0 0 0.0 0.0 -999 ""
FIBERMAP 1269 R+7C9 METROLOGY 0 0 0 1 0 0 -27.18584850240728 140.83186351859914 143.1 -142.6168649568159 15.189178761974873 352.34164 156.27559 -999.0 -999.0 -999.0 -999.0 -999.0 36.95211241459334 -23.90935545912415 36.91106803459451 -23.786558424390453 72.3433542070888 77.1759461199282 -999.0 6231.0 -999.0 -1 -999 {-999.0 -999.0 -999.0 -999.0 -999.0} "" -999.0 -999.0 -999.0 -999.0 -999 -999 "" "" "" "" 0 0 0.0 0.0 -999 ""
FIBERMAP 1273 R+2C9 APOGEE 1 1 0 1 0 0 -97.3136763069986 50.84003030060198 143.1 -77.07282800936545 -78.18587798816964 129.83122 108.78891 37.16949462890625 -24.192923985877755 -999.0 -999.0 -999.0 37.1694981791383 -24.192941925611315 37.12770559965293 -24.070387394343985 72.25900816467319 78.28000200079094 16000.0 16600.0 2015.5 2 32 {-999.0 -999.0 -999.0 -999.0 -999.0} "" -999.0 -999.0 -999.0 -999.0 27021603163402641 844117661 "" ops_sky_apogee_best ops_sky sky_apogee 0 0 0.0 0.0 -999 ""
FIBERMAP 1273 R+2C9 BOSS 0 0 0 1 0 0 -96.96338373245308 51.49559368493705 143.1 -77.59725296993118 -77.6592071488476 129.83122 108.78891 -999.0 -999.0 -999.0 -999.0 -999.0 37.16777799442786 -24.19136114180504 37.12592006297831 -24.06882818127835 72.25999562295803 78.27334550795871 -999.0 5400.0 -999.0 1 54 {-999.0 -999.0 -999.0 -999.0 -999.0} "" -999.0 -999.0 -999.0 -999.0 -999 -999 "" "" "" "" 0 0 0.0 0.0 -999 ""
FIBERMAP 1273 R+2C9 METROLOGY 0 0 0 1 0 0 -96.56507750288692 50.8522033295303 143.1 -76.8655477169933 -77.46649091405091 129.83122 108.78891 -999.0 -999.0 -999.0 -999.0 -999.0 37.17018268516949 -24.19079281395426 37.12834276033237 -24.068257032174248 72.25772288393365 78.27410878200823 -999.0 6231.0 -999.0 -1 -999 {-999.0 -999.0 -999.0 -999.0 -999.0} "" -999.0 -999.0 -999.0 -999.0 -999 -999 "" "" "" "" 0 0 0.0 0.0 -999 ""
FIBERMAP 1275 R-6C7 APOGEE 1 1 0 1 0 0 -97.4111492740754 -96.67706287659821 143.1 63.95786421392167 -121.41901904410504 175.50053 35.02975 37.63916015625 -24.323339111944136 -999.0 -999.0 -999.0 37.63915812017923 -24.323341752959923 37.59653129425959 -24.20149097309968 71.90177129680703 79.1558736091759 16000.0 16600.0 2015.5 2 246 {-999.0 -999.0 -999.0 -999.0 -999.0} "" -999.0 -999.0 -999.0 -999.0 27021603163401472 836447547 "" ops_sky_apogee_best ops_sky sky_apogee 0 0 0.0 0.0 -999 ""
FIBERMAP 1275 R-6C7 BOSS 0 0 0 1 0 0 -96.77373518290011 -96.29241576702239 143.1 63.776461439913156 -120.6970229072789 175.50053 35.02975 -999.0 -999.0 -999.0 -999.0 -999.0 37.638654787623885 -24.321190970947693 37.59596031445568 -24.19936359720883 71.90154538812574 79.14886082198836 -999.0 5400.0 -999.0 1 505 {-999.0 -999.0 -999.0 -999.0 -999.0} "" -999.0 -999.0 -999.0 -999.0 -999 -999 "" "" "" "" 0 0 0.0 0.0 -999 ""
FIBERMAP 1275 R-6C7 METROLOGY 0 0 0 1 0 0 -96.761365463267 -97.03804175563295 143.1 64.49306336056233 -120.90324574862885 175.50053 35.02975 -999.0 -999.0 -999.0 -999.0 -999.0 37.64102867820585 -24.321826286781544 37.59835051937904 -24.199995809337704 71.89970543649258 79.15314008896934 -999.0 6231.0 -999.0 -1 -999 {-999.0 -999.0 -999.0 -999.0 -999.0} "" -999.0 -999.0 -999.0 -999.0 -999 -999 "" "" "" "" 0 0 0.0 0.0 -999 ""
FIBERMAP 1278 R+2C4 APOGEE 0 0 0 1 0 0 -203.93087485857106 51.91192500965136 143.1 -109.27695798823505 -179.82220126884638 100.78892 116.25952 -999.0 -999.0 -999.0 -999.0 -999.0 37.06273142328587 -24.50034543649561 37.02049907720897 -24.377537805015844 72.45544989800584 79.12322379068934 -999.0 16600.0 -999.0 2 -999 {-999.0 -999.0 -999.0 -999.0 -999.0} "" -999.0 -999.0 -999.0 -999.0 -999 -999 "" "" "" "" 0 0 0.0 0.0 -999 ""
FIBERMAP 1278 R+2C4 BOSS 1 1 0 1 0 0 -203.40662435684536 52.36115464423235 143.1 -109.55320962854368 -179.1895281986417 100.78892 116.25952 37.0618525525501 -24.498454564567773 -0.05974318 -0.81361413 -0.85719264 37.06185153906712 -24.498453334312053 37.019553676122655 -24.375667457782914 72.45563835584788 79.11642184472413 5400.0 5400.0 2016.0 1 35 {-999.0 20.482237 20.396824 20.255808 -999.0} sdss_psfmag_ps1 20.521767 20.490696 20.0346 -999.0 63050395811942790 1117292984 bright_1x1 openfibertargets_bhm_quaia_boss open_fiber science 0 0 0.0 0.0 -999 ""
FIBERMAP 1278 R+2C4 METROLOGY 0 0 0 1 0 0 -203.23887649067146 51.627959385639635 143.1 -108.80305543088322 -179.24353967909988 100.78892 116.25952 -999.0 -999.0 -999.0 -999.0 -999.0 37.064308271811754 -24.49865652519813 37.02202679094182 -24.375868026608334 72.45358140476301 79.11954006831485 -999.0 6231.0 -999.0 -1 -999 {-999.0 -999.0 -999.0 -999.0 -999.0} "" -999.0 -999.0 -999.0 -999.0 -999 -999 "" "" "" "" 0 0 0.0 0.0 -999 ""
FIBERMAP 1279 R-5C22 APOGEE 1 1 0 1 0 0 223.6561072056189 -92.03876433471899 143.1 153.41560557041726 186.94921394106268 153.34453 120.58388 37.93017673956452 -23.387624505286745 74.049164 -106.53199 2.173733 37.930404810991476 -23.38793612372167 37.889181204311 -23.26681188227716 71.31791069304577 76.69096622374803 16000.0 16600.0 2016.0 2 236 {-999.0 12.102957 11.753961 11.616297 -999.0} sdss_psfmag_from_g3xp 12.040965 11.749542 11.283014 10.417 63050395811945661 1072431100 bright_1x1 mwm_halo_local_high_apogee_single mwm_halo science 0 0 0.0 0.0 -999 ""
FIBERMAP 1279 R-5C22 BOSS 0 0 0 1 0 0 223.57655099812933 -91.29745267462988 143.1 152.68348107564094 187.08992985242097 153.34453 120.58388 -999.0 -999.0 -999.0 -999.0 -999.0 37.92808404948276 -23.387468352754627 37.88679102533541 -23.26636785167191 71.31977743473703 76.68709942328394 -999.0 5400.0 -999.0 1 346 {-999.0 -999.0 -999.0 -999.0 -999.0} "" -999.0 -999.0 -999.0 -999.0 -999 -999 "" "" "" "" 0 0 0.0 0.0 -999 ""
FIBERMAP 1279 R-5C22 METROLOGY 0 0 0 1 0 0 224.2625698805392 -91.6135970206364 143.1 153.18640501610275 187.65346336882777 153.34453 120.58388 -999.0 -999.0 -999.0 -999.0 -999.0 37.92972895955557 -23.38574329508237 37.888457893728514 -23.26463817280738 71.3177072520862 76.68389861866603 -999.0 6231.0 -999.0 -1 -999 {-999.0 -999.0 -999.0 -999.0 -999.0} "" -999.0 -999.0 -999.0 -999.0 -999 -999 "" "" "" "" 0 0 0.0 0.0 -999 ""
FIBERMAP 1282 R+11C4 APOGEE 0 0 0 1 0 0 -113.72181612237665 199.80282948970395 143.1 -224.3128426606904 -50.31299638840406 269.3685 68.5484 -999.0 -999.0 -999.0 -999.0 -999.0 36.681686393066734 -24.10716285833152 36.64066464565042 -23.98387254483753 72.64501156543102 77.4924959153376 -999.0 16600.0 -999.0 2 148 {-999.0 -999.0 -999.0 -999.0 -999.0} "" -999.0 -999.0 -999.0 -999.0 -999 -999 "" "" "" "" 0 0 0.0 0.0 -999 ""
FIBERMAP 1282 R+11C4 BOSS 1 1 0 1 0 0 -114.39154619687464 200.0625860290403 143.1 -224.75708379582903 -50.877444240595636 269.3685 68.5484 36.680267971272855 -24.1088396732059 0.3508865 -0.26208228 -0.2857729 36.68024752288184 -24.108848641282716 36.639155942115224 -23.985579493136953 72.64690756742378 77.49619736143597 5400.0 5400.0 2016.0 1 151 {-999.0 20.541527 20.193151 20.044783 -999.0} sdss_psfmag_ps1 20.55934 20.193573 19.685623 -999.0 63050395811954885 1117293172 bright_1x1 openfibertargets_bhm_quaia_boss open_fiber science 0 0 0.0 0.0 -999 ""
FIBERMAP 1282 R+11C4 METROLOGY 0 0 0 1 0 0 -113.82186386135353 200.5319776827421 143.1 -225.03932872035608 -50.195432032493066 269.3685 68.5484 -999.0 -999.0 -999.0 -999.0 -999.0 36.67926289439131 -24.106794696276967 36.638195756130415 -23.983517841206147 72.6469929625366 77.48869074621291 -999.0 6231.0 -999.0 -1 -999 {-999.0 -999.0 -999.0 -999.0 -999.0} "" -999.0 -999.0 -999.0 -999.0 -999 -999 "" "" "" "" 0 0 0.0 0.0 -999 ""
FIBERMAP 1283 R+3C24 APOGEE 0 0 0 1 0 0 270.08725920493805 43.08022335930354 143.1 37.79009614052836 270.8619669205175 355.1176 60.918907 -999.0 -999.0 -999.0 -999.0 -999.0 37.54825934019986 -23.136106325310163 37.50796614196281 -23.014445620555126 71.54454951752506 75.53624266212091 -999.0 16600.0 -999.0 2 85 {-999.0 -999.0 -999.0 -999.0 -999.0} "" -999.0 -999.0 -999.0 -999.0 -999 -999 "" "" "" "" 0 0 0.0 0.0 -999 ""
FIBERMAP 1283 R+3C24 BOSS 1 1 0 1 0 0 269.6816591308932 42.46176254711404 143.1 38.26286863952338 270.29326007852245 355.1176 60.918907 37.54989624023437 -23.13782908670693 -999.0 -999.0 -999.0 37.549890856124314 -23.137791196879327 37.50952103604027 -23.0161606412996 71.54390495377653 75.5429983972511 5400.0 5400.0 2015.5 1 258 {-999.0 -999.0 -999.0 -999.0 -999.0} "" -999.0 -999.0 -999.0 -999.0 27021603163418501 822007458 "" ops_sky_boss_good ops_sky sky_boss 0 0 0.0 0.0 -999 ""
FIBERMAP 1283 R+3C24 METROLOGY 0 0 0 1 0 0 269.3238771907657 43.111140824250924 143.1 37.53728853295414 270.1410451996276 355.1176 60.918907 -999.0 -999.0 -999.0 -999.0 -999.0 37.54749456781684 -23.138205985471988 37.50714714182698 -23.016563571025625 71.54607303195968 75.54146492482835 -999.0 6231.0 -999.0 -1 -999 {-999.0 -999.0 -999.0 -999.0 -999.0} "" -999.0 -999.0 -999.0 -999.0 -999 -999 "" "" "" "" 0 0 0.0 0.0 -999 ""
FIBERMAP 1284 R+4C21 APOGEE 1 1 0 1 0 0 182.70801254336718 75.53352860692044 143.1 -18.79570042158086 196.79859792848885 229.63754 65.28264 37.3623994769569 -23.35915408180518 -11.0813875 -0.97171646 3.5330434 37.36235856111123 -23.359151080970832 37.321877205919975 -23.23713390228746 71.7886797820925 75.97766676207482 16000.0 16600.0 2016.0 2 116 {-999.0 12.914947 12.434159 12.280287 -999.0} sdss_psfmag_from_g3xp 12.816152 12.463176 11.945381 10.998 63050395811957484 1076236031 bright_1x1 mwm_snc_ext_main_apogee mwm_snc science 0 0 0.0 0.0 -999 ""
FIBERMAP 1284 R+4C21 BOSS 0 0 0 1 0 0 182.37238331909455 76.1985769068833 143.1 -19.52978621442225 196.6721485253262 229.63754 65.28264 -999.0 -999.0 -999.0 -999.0 -999.0 37.36000062119365 -23.35945312714464 37.319450686687105 -23.237459239489375 71.79086343290037 75.97588805871294 -999.0 5400.0 -999.0 1 201 {-999.0 -999.0 -999.0 -999.0 -999.0} "" -999.0 -999.0 -999.0 -999.0 -999 -999 "" "" "" "" 0 0 0.0 0.0 -999 ""
FIBERMAP 1284 R+4C21 METROLOGY 0 0 0 1 0 0 183.11770295069263 76.15193177673079 143.1 -19.2672216235473 197.37119918317964 229.63754 65.28264 -999.0 -999.0 -999.0 -999.0 -999.0 37.3608425007519 -23.3573235024824 37.320315569271145 -23.235323870387894 71.78930952431551 75.97055568907808 -999.0 6231.0 -999.0 -1 -999 {-999.0 -999.0 -999.0 -999.0 -999.0} "" -999.0 -999.0 -999.0 -999.0 -999 -999 "" "" "" "" 0 0 0.0 0.0 -999 ""
FIBERMAP 1288 R-12C5 APOGEE 0 0 0 1 0 0 -74.66331564533945 -246.47140524103207 143.1 213.84700097439884 -143.47291802367124 258.95377 98.66805 -999.0 -999.0 -999.0 -999.0 -999.0 38.136715202892134 -24.386760414728002 38.09334355382805 -24.265685440772103 71.49598079828513 79.82916947321763 -999.0 16600.0 -999.0 2 -999 {-999.0 -999.0 -999.0 -999.0 -999.0} "" -999.0 -999.0 -999.0 -999.0 -999 -999 "" "" "" "" 0 0 0.0 0.0 -999 ""
FIBERMAP 1288 R-12C5 BOSS 1 1 0 1 0 0 -75.39163217773087 -246.4516033326684 143.1 213.61507687282153 -144.16355997003402 258.95377 98.66805 38.136006924100876 -24.388870268184444 -0.059275415 0.18926954 -0.27031335 38.136038859828226 -24.388833351817308 38.09258976093952 -24.267780349509856 71.4973197788934 79.83468866577317 5400.0 5400.0 2016.0 1 427 {-999.0 18.811832 18.591194 18.398314 18.246862} sdss_psfmag_from_gaiadr2 18.837687 18.60826 18.103638 -999.0 63050395811943741 1057697239 bright_flexible_2x1 bhm_gua_bright bhm_filler science 0 0 0.0 0.0 -999 ""
FIBERMAP 1288 R-12C5 METROLOGY 0 0 0 1 0 0 -75.01365016598703 -245.81052405621992 143.1 213.1125994512676 -143.61464759763197 258.95377 98.66805 -999.0 -999.0 -999.0 -999.0 -999.0 38.13439504650241 -24.387225304958122 38.09097215763569 -24.26616342088903 71.49817944566732 79.82834697715248 -999.0 6231.0 -999.0 -1 -999 {-999.0 -999.0 -999.0 -999.0 -999.0} "" -999.0 -999.0 -999.0 -999.0 -999 -999 "" "" "" "" 0 0 0.0 0.0 -999 ""
FIBERMAP 1292 R-8C6 APOGEE 0 0 0 1 0 0 -97.95224065902266 -156.30047779294318 143.1 120.81289177039392 -139.37270911905463 134.009 158.24768 -999.0 -999.0 -999.0 -999.0 -999.0 37.82837213024072 -24.376758542589208 37.78540640560453 -24.255193451643745 71.75742640730442 79.50295386910364 -999.0 16600.0 -999.0 2 -999 {-999.0 -999.0 -999.0 -999.0 -999.0} "" -999.0 -999.0 -999.0 -999.0 -999 -999 "" "" "" "" 0 0 0.0 0.0 -999 ""
FIBERMAP 1292 R-8C6 BOSS 1 1 0 1 0 0 -98.26453309066922 -155.5921637578229 143.1 120.04425891566154 -139.46419070843007 134.009 158.24768 37.82592773437499 -24.377078435632427 -999.0 -999.0 -999.0 37.8259366228453 -24.377073160818473 37.78290025432824 -24.25552760197356 71.75969242222394 79.50153348280372 5400.0 5400.0 2015.5 1 363 {-999.0 -999.0 -999.0 -999.0 -999.0} "" -999.0 -999.0 -999.0 -999.0 27021603163403086 822006199 "" ops_sky_boss_good ops_sky sky_boss 0 0 0.0 0.0 -999 ""
FIBERMAP 1292 R-8C6 METROLOGY 0 0 0 1 0 0 -97.50240385167594 -155.70286164226434 143.1 120.3729880117101 -138.7677979252349 134.009 158.24768 -999.0 -999.0 -999.0 -999.0 -999.0 37.827019691869594 -24.37498522158175 37.78400664923731 -24.25343531945296 71.7580453054339 79.49630136443744 -999.0 6231.0 -999.0 -1 -999 {-999.0 -999.0 -999.0 -999.0 -999.0} "" -999.0 -999.0 -999.0 -999.0 -999 -999 "" "" "" "" 0 0 0.0 0.0 -999 ""
FIBERMAP 1293 R+1C5 APOGEE 0 0 0 1 0 0 -193.65954780736334 5.4583562268863055 143.1 -61.85325030703581 -183.58541803376033 266.0941 107.26911 -999.0 -999.0 -999.0 -999.0 -999.0 37.220536458297744 -24.512010346622276 37.178082070518144 -24.38944654605545 72.32403453075894 79.31798303045787 -999.0 16600.0 -999.0 2 39 {-999.0 -999.0 -999.0 -999.0 -999.0} "" -999.0 -999.0 -999.0 -999.0 -999 -999 "" "" "" "" 0 0 0.0 0.0 -999 ""
FIBERMAP 1293 R+1C5 BOSS 1 1 0 1 0 0 -194.36791328687215 5.270046658587908 143.1 -61.880338993867035 -184.31784250158472 266.0941 107.26911 37.22043828594452 -24.514257758907792 21.290344 2.461551 5.2602882 37.220500819940774 -24.514253007120395 37.177971466126394 -24.39171115433569 72.3248796786322 79.32491064797944 5400.0 5400.0 2016.0 1 65 {-999.0 17.794756 16.400774 15.273244 -999.0} sdss_psfmag_ps1 17.199108 16.35733 14.837299 12.758 63050395811943078 1079166388 bright_flexible_2x1 mwm_snc_ext_filler_boss mwm_snc science 0 0 0.0 0.0 -999 ""
FIBERMAP 1293 R+1C5 METROLOGY 0 0 0 1 0 0 -194.20521165749503 5.984005300466428 143.1 -62.51546196926479 -183.95347326402177 266.0941 107.26911 -999.0 -999.0 -999.0 -999.0 -999.0 37.21835461462061 -24.513182744252234 37.175850062758684 -24.390631412354427 72.32634507079902 79.31944729065992 -999.0 6231.0 -999.0 -1 -999 {-999.0 -999.0 -999.0 -999.0 -999.0} "" -999.0 -999.0 -999.0 -999.0 -999 -999 "" "" "" "" 0 0 0.0 0.0 -999 ""
FIBERMAP 1294 R+13C4 APOGEE 0 0 0 1 0 0 -67.26498177703128 238.40457984801918 143.1 -247.63886556961333 5.398789892108614 342.25833 78.6716 -999.0 -999.0 -999.0 -999.0 -999.0 36.60547921423122 -23.938217504558594 36.5648631658737 -23.814856656337497 72.64868127698699 76.88015806854526 -999.0 16600.0 -999.0 2 53 {-999.0 -999.0 -999.0 -999.0 -999.0} "" -999.0 -999.0 -999.0 -999.0 -999 -999 "" "" "" "" 0 0 0.0 0.0 -999 ""
FIBERMAP 1294 R+13C4 BOSS 1 1 0 1 0 0 -67.69803934271752 237.7902807952372 143.1 -247.17810231519366 4.805044638506212 342.25833 78.6716 36.60710496748931 -23.940053087203243 -23.094305 25.659624 3.6636944 36.6070314139111 -23.939994735819038 36.566341986031034 -23.81666025258082 72.64808042376158 76.88744452948123 5400.0 5400.0 2016.0 1 90 {-999.0 21.014462 19.486038 18.138655 -999.0} sdss_psfmag_ps1 20.29217 18.861048 17.685694 15.569 63050395811955310 1096340901 bright_1x1 mwm_bin_vis_boss mwm_filler science 0 0 0.0 0.0 -999 ""
FIBERMAP 1294 R+13C4 METROLOGY 0 0 0 1 0 0 -68.01457227655608 238.48991141279194 143.1 -247.93967198220358 4.706968803778205 342.25833 78.6716 -999.0 -999.0 -999.0 -999.0 -999.0 36.60446089720978 -23.940288522449382 36.56379346801526 -23.81694305013132 72.65035420158011 76.88547281377521 -999.0 6231.0 -999.0 -1 -999 {-999.0 -999.0 -999.0 -999.0 -999.0} "" -999.0 -999.0 -999.0 -999.0 -999 -999 "" "" "" "" 0 0 0.0 0.0 -999 ""
FIBERMAP 1295 R-12C3 APOGEE 0 0 0 1 1 0 -102.87413540386207 -223.71251674119202 143.1 183.834455427485 -163.7931300699063 44.72509 118.3871 -999.0 -999.0 -999.0 -999.0 -999.0 38.03763553410437 -24.44898735200658 37.99426906233299 -24.327736144811134 71.6016504904307 79.92064218825612 -999.0 16600.0 -999.0 2 -999 {-999.0 -999.0 -999.0 -999.0 -999.0} "" -999.0 -999.0 -999.0 -999.0 -999 -999 "" "" "" "" 0 0 0.0 0.0 -999 ""
FIBERMAP 1295 R-12C3 BOSS 1 0 0 1 1 0 -102.12102514999695 -223.91105862281702 143.1 184.2445454359053 -163.1310505655209 44.72509 118.3871 38.03913083240631 -24.440399215801435 0.6047505 -5.8195868 0.19457005 38.03907974703827 -24.446968699526767 37.995641354221334 -24.325743730042518 71.59981660057201 79.91597494417579 5400.0 5400.0 2016.0 1 425 {-999.0 18.211618 17.726473 17.461945 -999.0} sdss_psfmag_ps1 18.10225 17.701195 17.13726 16.005 63050395811943655 944594017 bright_1x1 openfibertargets_nov2020_6c open_fiber science 0 0 0.0 0.0 -999 ""
FIBERMAP 1295 R-12C3 METROLOGY 0 0 0 1 1 0 -102.70762506982473 -224.44174408945514 143.1 184.58045351490236 -163.8471645300424 44.72509 118.3871 -999.0 -999.0 -999.0 -999.0 -999.0 38.04021166044109 -24.449153670261857 37.99678862094362 -24.327923274907114 71.59954243193066 79.9235835494382 -999.0 6231.0 -999.0 -1 -999 {-999.0 -999.0 -999.0 -999.0 -999.0} "" -999.0 -999.0 -999.0 -999.0 -999 -999 "" "" "" "" 0 0 0.0 0.0 -999 ""
FIBERMAP 1297 R+11C13 APOGEE 1 1 0 1 0 0 103.98197802374695 230.68936343440757 143.1 -190.18189703466103 166.89278513329742 112.054634 80.602066 36.79725719980259 -23.45018215584313 8.584247 10.433808 1.9728124 36.79728195034319 -23.450154053047154 36.75732203678706 -23.327227388466714 72.30196216793964 75.59951514704773 16000.0 16600.0 2016.0 2 123 {-999.0 11.668324 11.323172 11.214162 -999.0} sdss_psfmag_from_g3xp 11.618073 11.332646 10.884519 10.092 63050395811957766 975170776 "" ops_std_apogee ops_std standard_apogee 0 0 0.0 0.0 -999 ""
FIBERMAP 1297 R+11C13 BOSS 0 0 0 1 0 0 104.69596821240587 230.8592531406677 143.1 -190.13554996577096 167.62520136684154 112.054634 80.602066 -999.0 -999.0 -999.0 -999.0 -999.0 36.797507168662705 -23.447909327709784 36.75748234230849 -23.32501008157937 72.30096991800033 75.59297468993174 -999.0 5400.0 -999.0 1 104 {-999.0 -999.0 -999.0 -999.0 -999.0} "" -999.0 -999.0 -999.0 -999.0 -999 -999 "" "" "" "" 0 0 0.0 0.0 -999 ""
FIBERMAP 1297 R+11C13 METROLOGY 0 0 0 1 0 0 104.50747728723962 230.15064647668643 143.1 -189.51308650131222 167.23773695224895 112.054634 80.602066 -999.0 -999.0 -999.0 -999.0 -999.0 36.79948668095028 -23.449053094502162 36.759476817154734 -23.32614910655688 72.29972058895383 75.59875730624606 -999.0 6231.0 -999.0 -1 -999 {-999.0 -999.0 -999.0 -999.0 -999.0} "" -999.0 -999.0 -999.0 -999.0 -999 -999 "" "" "" "" 0 0 0.0 0.0 -999 ""
FIBERMAP 1298 R+9C18 APOGEE 0 0 0 1 0 0 192.86995111573643 194.7941842077024 143.1 -129.863690017152 241.39229015104743 136.73354 51.654335 -999.0 -999.0 -999.0 -999.0 -999.0 36.99682681215145 -23.22556882911884 36.95703455573721 -23.10301612266333 72.04547736524216 75.15913608814577 -999.0 16600.0 -999.0 2 102 {-999.0 -999.0 -999.0 -999.0 -999.0} "" -999.0 -999.0 -999.0 -999.0 -999 -999 "" "" "" "" 0 0 0.0 0.0 -999 ""
FIBERMAP 1298 R+9C18 BOSS 1 1 0 1 0 0 193.60014973841237 194.8682076758605 143.1 -129.72093347410558 242.1121701112163 136.73354 51.654335 36.99720802438884 -23.223498158532895 50.19503 34.997097 4.9274106 36.99738324573161 -23.223389467071193 36.95752487213258 -23.100865645781923 72.04421504450042 75.15330206028261 5400.0 5400.0 2016.0 1 176 {-999.0 18.06896 16.614878 15.540975 -999.0} sdss_psfmag_ps1 17.426868 16.184181 15.058401 13.028 63050395811958138 1075846757 bright_1x1 mwm_erosita_stars_boss mwm_erosita science 0 0 0.0 0.0 -999 ""
FIBERMAP 1298 R+9C18 METROLOGY 0 0 0 1 0 0 193.2990202925261 194.1896104645182 143.1 -129.16010576714987 241.62577415482718 136.73354 51.654335 -999.0 -999.0 -999.0 -999.0 -999.0 36.999169681030125 -23.224805990898318 36.959326222189986 -23.10227679031866 72.04324872789792 75.15962757122355 -999.0 6231.0 -999.0 -1 -999 {-999.0 -999.0 -999.0 -999.0 -999.0} "" -999.0 -999.0 -999.0 -999.0 -999 -999 "" "" "" "" 0 0 0.0 0.0 -999 ""
FIBERMAP 1299 R+7C16 APOGEE 1 1 0 1 0 0 111.62803604325927 118.4407125146324 143.1 -80.61117075803108 141.37809637132662 296.38528 42.628284 37.15802274616549 -23.52690668479219 22.29023 6.951733 2.4663813 37.15808321959551 -23.52688326712976 37.117540936599426 -23.404497886568137 72.02596367625026 76.24547342068001 16000.0 16600.0 2016.0 2 62 {-999.0 11.218781 11.029175 11.005934 -999.0} sdss_psfmag_from_g3xp 11.221377 11.023777 10.679942 10.158 63050395811957069 975170688 "" ops_std_apogee ops_std standard_apogee 0 0 0.0 0.0 -999 ""
FIBERMAP 1299 R+7C16 BOSS 0 0 0 1 0 0 110.94820825828123 118.73533842131859 143.1 -81.09170775168383 140.814190065281 296.38528 42.628284 -999.0 -999.0 -999.0 -999.0 -999.0 37.15652673787089 -23.5285078857189 37.11591320383502 -23.40614594061653 72.02797020421689 76.2485841541743 -999.0 5400.0 -999.0 1 209 {-999.0 -999.0 -999.0 -999.0 -999.0} "" -999.0 -999.0 -999.0 -999.0 -999 -999 "" "" "" "" 0 0 0.0 0.0 -999 ""
FIBERMAP 1299 R+7C16 METROLOGY 0 0 0 1 0 0 111.52395437504674 119.17566406608167 143.1 -81.34438580417 141.4935005279881 296.38528 42.628284 -999.0 -999.0 -999.0 -999.0 -999.0 37.15566456930912 -23.5264440284025 37.11507578412301 -23.404073856255266 72.02789702726645 76.2414255863219 -999.0 6231.0 -999.0 -1 -999 {-999.0 -999.0 -999.0 -999.0 -999.0} "" -999.0 -999.0 -999.0 -999.0 -999 -999 "" "" "" "" 0 0 0.0 0.0 -999 ""
FIBERMAP 1305 R+6C10 APOGEE 0 0 0 1 0 0 -13.828271148037917 103.28385751199433 143.1 -102.80631500498114 16.98144966015026 321.57593 97.38856 -999.0 -999.0 -999.0 -999.0 -999.0 37.08407144819103 -23.904055087450313 37.042922769823576 -23.781447826152778 72.22904507545907 77.30398048612574 -999.0 16600.0 -999.0 2 -999 {-999.0 -999.0 -999.0 -999.0 -999.0} "" -999.0 -999.0 -999.0 -999.0 -999 -999 "" "" "" "" 0 0 0.0 0.0 -999 ""
FIBERMAP 1305 R+6C10 BOSS 1 1 0 1 0 0 -14.211857077922447 102.65037165327881 143.1 -102.31273739325167 16.429399314815736 321.57593 97.38856 37.085723876953125 -23.905713110596906 -999.0 -999.0 -999.0 37.085714929269116 -23.90569738624386 37.04449113975198 -23.783117094539733 72.2283109142692 77.31078016262296 5400.0 5400.0 2015.5 1 133 {-999.0 -999.0 -999.0 -999.0 -999.0} "" -999.0 -999.0 -999.0 -999.0 27021603163416231 822006994 "" ops_sky_boss_good ops_sky sky_boss 0 0 0.0 0.0 -999 ""
FIBERMAP 1305 R+6C10 METROLOGY 0 0 0 1 0 0 -14.576233923223866 103.29092176936742 143.1 -103.03180442728055 16.268296528106617 321.57593 97.38856 -999.0 -999.0 -999.0 -999.0 -999.0 37.08329882163835 -23.90619092650916 37.04209696835272 -23.78359967012027 72.23052798321248 77.3096579450339 -999.0 6231.0 -999.0 -1 -999 {-999.0 -999.0 -999.0 -999.0 -999.0} "" -999.0 -999.0 -999.0 -999.0 -999 -999 "" "" "" "" 0 0 0.0 0.0 -999 ""
FIBERMAP 1307 R+1C13 APOGEE 0 0 0 1 0 0 -16.512977739833136 31.873367305546413 143.1 -35.30709752218841 -6.469029206507714 116.43162 113.24579 -999.0 -999.0 -999.0 -999.0 -999.0 37.308189840366786 -23.97522765001108 37.266630436702144 -23.852951900272505 72.06369690340189 77.76129153176589 -999.0 16600.0 -999.0 2 11 {-999.0 -999.0 -999.0 -999.0 -999.0} "" -999.0 -999.0 -999.0 -999.0 -999 -999 "" "" "" "" 0 0 0.0 0.0 -999 ""
FIBERMAP 1307 R+1C13 BOSS 1 1 0 1 0 0 -16.043838268206578 32.459420399664474 143.1 -35.730299547472534 -5.849041869514196 116.43162 113.24579 37.30682373046875 -23.973309472861445 -999.0 -999.0 -999.0 37.30682733129643 -23.97332470551681 37.26520225921399 -23.851072076067553 72.06424779477581 77.75407682208885 5400.0 5400.0 2015.5 1 13 {-999.0 -999.0 -999.0 -999.0 -999.0} "" -999.0 -999.0 -999.0 -999.0 27021603163404471 814337173 "" ops_sky_boss_good ops_sky sky_boss 0 0 0.0 0.0 -999 ""
FIBERMAP 1307 R+1C13 METROLOGY 0 0 0 1 0 0 -15.771315340148698 31.762204814696954 143.1 -34.98390948647913 -5.792343149839609 116.43162 113.24579 -999.0 -999.0 -999.0 -999.0 -999.0 37.3092849878518 -23.973158021667217 37.26767726217429 -23.850902297600346 72.06207219631838 77.75618030732682 -999.0 6231.0 -999.0 -1 -999 {-999.0 -999.0 -999.0 -999.0 -999.0} "" -999.0 -999.0 -999.0 -999.0 -999 -999 "" "" "" "" 0 0 0.0 0.0 -999 ""
FIBERMAP 1310 R+2C13 APOGEE 0 0 0 1 0 0 11.993204475414592 44.885579145859005 143.1 -39.413315250754565 24.59452455855703 28.473791 114.677185 -999.0 -999.0 -999.0 -999.0 -999.0 37.294466632066296 -23.88089742086926 37.25310010435135 -23.758626577508384 72.04144251921949 77.46112458632103 -999.0 16600.0 -999.0 2 -999 {-999.0 -999.0 -999.0 -999.0 -999.0} "" -999.0 -999.0 -999.0 -999.0 -999 -999 "" "" "" "" 0 0 0.0 0.0 -999 ""
FIBERMAP 1310 R+2C13 BOSS 1 1 0 1 0 0 12.604158855420058 44.44350231561957 143.1 -38.81192368833139 25.049451964895418 28.473791 114.677185 37.29646410810853 -23.879294723276622 14.648472 -58.418365 0.9187966 37.29650663521291 -23.87947316310854 37.2550693989474 -23.757231006133424 72.03925802605714 77.45901212596965 5400.0 5400.0 2016.0 1 110 {-999.0 18.79932 17.819672 17.509722 -999.0} sdss_psfmag_ps1 18.413813 17.835875 17.089607 15.587 63050395811956575 940018852 bright_1x1 openfibertargets_nov2020_34a open_fiber science 0 0 0.0 0.0 -999 ""
FIBERMAP 1310 R+2C13 METROLOGY 0 0 0 1 0 0 11.921647076820323 44.14101366485514 143.1 -38.72227107878003 24.30835883438203 28.473791 114.677185 -999.0 -999.0 -999.0 -999.0 -999.0 37.2967824492454 -23.881729018715074 37.25536074227335 -23.759479548653466 72.03982042442951 77.4661250429491 -999.0 6231.0 -999.0 -1 -999 {-999.0 -999.0 -999.0 -999.0 -999.0} "" -999.0 -999.0 -999.0 -999.0 -999 -999 "" "" "" "" 0 0 0.0 0.0 -999 ""
FIBERMAP 1311 R-8C9 APOGEE 0 0 0 1 0 0 -21.319884326768044 -146.78532679815973 143.1 134.12467335675782 -63.312495197025385 35.30967 155.431 -999.0 -999.0 -999.0 -999.0 -999.0 37.87175059011533 -24.146146060359158 37.82916867975911 -24.024714777896083 71.64200084353864 78.85500977976619 -999.0 16600.0 -999.0 2 -999 {-999.0 -999.0 -999.0 -999.0 -999.0} "" -999.0 -999.0 -999.0 -999.0 -999 -999 "" "" "" "" 0 0 0.0 0.0 -999 ""
FIBERMAP 1311 R-8C9 BOSS 1 1 0 1 0 0 -20.58991157625456 -146.6521779637263 143.1 134.21082682666855 -62.575540584224726 35.30967 155.431 37.87214706509695 -24.14392298098982 4.0361185 -0.342507 0.22467019 37.87216571151786 -24.143913127696607 37.82951433343368 -24.022507543720888 71.64094729978709 78.84877062888597 5400.0 5400.0 2016.0 1 387 {-999.0 17.002844 16.555128 16.464252 -999.0} sdss_psfmag_ps1 16.89282 16.582794 16.109898 15.28 63050395811944064 977163892 "" ops_std_boss ops_std standard_boss 0 0 0.0 0.0 -999 ""
FIBERMAP 1311 R-8C9 METROLOGY 0 0 0 1 0 0 -20.83003972802046 -147.35061476537106 143.1 134.80846483431245 -63.00940761143955 35.30967 155.431 -999.0 -999.0 -999.0 -999.0 -999.0 37.874149861822666 -24.14523202411083 37.831514246364804 -24.02382231345167 71.63968232673363 78.85468054503957 -999.0 6231.0 -999.0 -1 -999 {-999.0 -999.0 -999.0 -999.0 -999.0} "" -999.0 -999.0 -999.0 -999.0 -999 -999 "" "" "" "" 0 0 0.0 0.0 -999 ""
FIBERMAP 1313 R+6C17 APOGEE 1 1 0 1 0 0 136.27173143232108 104.57175651338862 143.1 -60.142551447560415 160.88711707957793 269.66385 126.282646 37.22579956054687 -23.467826709449568 -999.0 -999.0 -999.0 37.225800610235 -23.46780142151989 37.18528465757612 -23.345538887691117 71.94605376454919 76.14541840418798 16000.0 16600.0 2015.5 2 63 {-999.0 -999.0 -999.0 -999.0 -999.0} "" -999.0 -999.0 -999.0 -999.0 27021603163417983 836449787 "" ops_sky_apogee_best ops_sky sky_apogee 0 0 0.0 0.0 -999 ""
FIBERMAP 1313 R+6C17 BOSS 0 0 0 1 0 0 135.6108479594177 104.1981456943569 143.1 -59.97856521719459 160.14590644206936 269.66385 126.282646 -999.0 -999.0 -999.0 -999.0 -999.0 37.2263862442707 -23.469954318859983 37.18579519421354 -23.347718692002168 71.94644975195685 76.15249850275745 -999.0 5400.0 -999.0 1 215 {-999.0 -999.0 -999.0 -999.0 -999.0} "" -999.0 -999.0 -999.0 -999.0 -999 -999 "" "" "" "" 0 0 0.0 0.0 -999 ""
FIBERMAP 1313 R+6C17 METROLOGY 0 0 0 1 0 0 135.6334936245182 104.95095345625248 143.1 -60.69179460491916 160.38771202968042 269.66385 126.282646 -999.0 -999.0 -999.0 -999.0 -999.0 37.224001853717404 -23.469214244197175 37.18343503987933 -23.346967547399213 71.94816785461352 76.14759630959105 -999.0 6231.0 -999.0 -1 -999 {-999.0 -999.0 -999.0 -999.0 -999.0} "" -999.0 -999.0 -999.0 -999.0 -999 -999 "" "" "" "" 0 0 0.0 0.0 -999 ""
FIBERMAP 1315 R+3C7 APOGEE 0 0 0 1 0 0 -106.59555474181387 58.87278851751382 143.1 -87.46832880728297 -84.71231930629511 26.79109 88.61391 -999.0 -999.0 -999.0 -999.0 -999.0 37.13494692756877 -24.212702073793967 37.09316082094159 -24.090087885321513 72.29542205834363 78.30476328510548 -999.0 16600.0 -999.0 2 26 {-999.0 -999.0 -999.0 -999.0 -999.0} "" -999.0 -999.0 -999.0 -999.0 -999 -999 "" "" "" "" 0 0 0.0 0.0 -999 ""
FIBERMAP 1315 R+3C7 BOSS 1 1 0 1 0 0 -106.25733295199163 58.21380614132751 143.1 -86.73928521811197 -84.581616912782 26.79109 88.61391 37.137475728808695 -24.212421564773166 -12.404613 26.893291 5.889727 37.137391900628394 -24.212328041584556 37.09553307388313 -24.089741513119154 72.2932705841024 78.30616274273962 5400.0 5400.0 2016.0 1 44 {-999.0 18.630493 17.016281 15.975182 -999.0} sdss_psfmag_ps1 17.960299 16.670076 15.55266 13.487 63050395811943454 940018468 bright_1x1 openfibertargets_nov2020_34a open_fiber science 0 0 0.0 0.0 -999 ""
FIBERMAP 1315 R+3C7 METROLOGY 0 0 0 1 0 0 -107.00034340045693 58.24211325788545 143.1 -86.98363928551815 -85.28382225046919 26.79109 88.61391 -999.0 -999.0 -999.0 -999.0 -999.0 37.136551019244806 -24.214472087298986 37.094709186173816 -24.091876911485926 72.29471604519715 78.31189210463106 -999.0 6231.0 -999.0 -1 -999 {-999.0 -999.0 -999.0 -999.0 -999.0} "" -999.0 -999.0 -999.0 -999.0 -999 -999 "" "" "" "" 0 0 0.0 0.0 -999 ""
FIBERMAP 1319 R0C9 APOGEE 0 0 0 1 0 0 -126.07021548153821 4.512245442453746 143.1 -41.18271662097352 -119.23164317548718 176.38173 103.71654 -999.0 -999.0 -999.0 -999.0 -999.0 37.28905485308121 -24.317406044158957 37.24687922270158 -24.195004284920454 72.19969466167898 78.78589167872673 -999.0 16600.0 -999.0 2 276 {-999.0 -999.0 -999.0 -999.0 -999.0} "" -999.0 -999.0 -999.0 -999.0 -999 -999 "" "" "" "" 0 0 0.0 0.0 -999 ""
FIBERMAP 1319 R0C9 BOSS 1 1 0 1 0 0 -126.1932921762454 5.2339805050318065 143.1 -41.90884867031442 -119.13826752814806 176.38173 103.71654 37.286585761770965 -24.317196656014314 34.35927 11.171855 3.2960188 37.286684907989184 -24.317159804046543 37.24444174848185 -24.194777803425684 72.20170846148383 78.7827212865788 5400.0 5400.0 2016.0 1 449 {-999.0 15.337761 14.217483 13.795936 -999.0} sdss_psfmag_from_g3xp 14.935247 14.239295 13.432608 11.826 63050395811943193 940018462 bright_1x1 openfibertargets_nov2020_34a open_fiber science 0 0 0.0 0.0 -999 ""
FIBERMAP 1319 R0C9 METROLOGY 0 0 0 1 0 0 -125.4884733689043 4.987032014587607 143.1 -41.46659352492057 -118.53652144313689 176.38173 103.71654 -999.0 -999.0 -999.0 -999.0 -999.0 37.28812999999025 -24.31535553294504 37.24590851577278 -24.19296967874682 72.19983527542053 78.77864774127215 -999.0 6231.0 -999.0 -1 -999 {-999.0 -999.0 -999.0 -999.0 -999.0} "" -999.0 -999.0 -999.0 -999.0 -999 -999 "" "" "" "" 0 0 0.0 0.0 -999 ""
FIBERMAP 1320 R+5C8 APOGEE 0 0 0 1 0 0 -78.08589272211127 107.92250851982195 143.1 -126.03341326042377 -43.10662027909975 69.17294 134.34888 -999.0 -999.0 -999.0 -999.0 -999.0 37.00687047255866 -24.08632586598823 36.96547994214808 -23.963546866476523 72.36033665218557 77.77977727386536 -999.0 16600.0 -999.0 2 -999 {-999.0 -999.0 -999.0 -999.0 -999.0} "" -999.0 -999.0 -999.0 -999.0 -999 -999 "" "" "" "" 0 0 0.0 0.0 -999 ""
FIBERMAP 1320 R+5C8 BOSS 1 1 0 1 0 0 -77.42801609814805 108.24038583685055 143.1 -126.14498517311897 -42.38458357798802 69.17294 134.34888 37.006461772962105 -24.08411347309032 14.3795185 -0.22286184 3.0854218 37.00650461827368 -24.084131147448893 36.96504882851099 -23.961376331184482 72.35993686301495 77.77261809111621 5400.0 5400.0 2016.0 1 67 {-999.0 19.662214 18.157583 16.777515 -999.0} sdss_psfmag_ps1 19.085325 17.51522 16.313429 13.986 63050395811955045 940018805 bright_1x1 openfibertargets_nov2020_34a open_fiber science 0 0 0.0 0.0 -999 ""
FIBERMAP 1320 R+5C8 METROLOGY 0 0 0 1 0 0 -77.47824379918707 107.48631933693778 143.1 -125.43861824890108 -42.653131840900606 69.17294 134.34888 -999.0 -999.0 -999.0 -999.0 -999.0 37.00881306047481 -24.084961414715725 36.967372614500675 -23.96220312674724 72.35824348483524 77.7776499846143 -999.0 6231.0 -999.0 -1 -999 {-999.0 -999.0 -999.0 -999.0 -999.0} "" -999.0 -999.0 -999.0 -999.0 -999 -999 "" "" "" "" 0 0 0.0 0.0 -999 ""
FIBERMAP 1321 R-6C21 APOGEE 0 0 0 1 0 0 213.6355239256983 -130.6329811735861 143.1 187.38985102407884 166.08080215111542 265.75916 80.04575 -999.0 -999.0 -999.0 -999.0 -999.0 38.042707659124645 -23.450643327492763 38.00123017004802 -23.32968100461771 71.24605852967844 76.99277743700321 -999.0 16600.0 -999.0 2 195 {-999.0 -999.0 -999.0 -999.0 -999.0} "" -999.0 -999.0 -999.0 -999.0 -999 -999 "" "" "" "" 0 0 0.0 0.0 -999 ""
FIBERMAP 1321 R-6C21 BOSS 1 1 0 1 0 0 212.89906098419587 -130.4545712665951 143.1 187.00388001150193 165.4287537855309 265.75916 80.04575 38.04153442382812 -23.45257797300866 -999.0 -999.0 -999.0 38.04154866976168 -23.45257360852741 37.99999537920206 -23.331636019665012 71.24783939621324 76.99710560078023 5400.0 5400.0 2015.5 1 268 {-999.0 -999.0 -999.0 -999.0 -999.0} "" -999.0 -999.0 -999.0 -999.0 27021603163405226 814337235 "" ops_sky_boss_good ops_sky sky_boss 0 0 0.0 0.0 -999 ""
FIBERMAP 1321 R-6C21 METROLOGY 0 0 0 1 0 0 213.4096386359026 -129.91593197531276 143.1 186.63813433372755 166.0744995478975 265.75916 80.04575 -999.0 -999.0 -999.0 -999.0 -999.0 38.04034096918404 -23.450607044569534 37.9988136988847 -23.32966039167257 71.24810978039599 76.99014479217806 -999.0 6231.0 -999.0 -1 -999 {-999.0 -999.0 -999.0 -999.0 -999.0} "" -999.0 -999.0 -999.0 -999.0 -999 -999 "" "" "" "" 0 0 0.0 0.0 -999 ""
FIBERMAP 1322 R+4C3 APOGEE 0 0 0 1 0 0 -193.76340968705 78.12553385452571 143.1 -131.36963051680084 -162.43392573762964 299.20105 165.14046 -999.0 -999.0 -999.0 -999.0 -999.0 36.989245993956 -24.44761210141189 36.94720536934068 -24.324704477106813 72.5006735298506 78.88359690396805 -999.0 16600.0 -999.0 2 20 {-999.0 -999.0 -999.0 -999.0 -999.0} "" -999.0 -999.0 -999.0 -999.0 -999 -999 "" "" "" "" 0 0 0.0 0.0 -999 ""
FIBERMAP 1322 R+4C3 BOSS 1 1 0 1 0 0 -193.59001963481444 77.41852645221621 143.1 -130.64286774022554 -162.4748836483768 299.20105 165.14046 36.99168854891835 -24.447765526507876 -0.24563538 -0.1349531 0.05603385 36.991694724785944 -24.447761093970268 36.9495808395136 -24.32488000156749 72.4986942493283 78.88656885878981 5400.0 5400.0 2016.0 1 29 {-999.0 19.968426 19.736584 19.734941 -999.0} sdss_psfmag_ps1 20.054642 19.856472 19.570517 -999.0 63050395811942978 1117293015 bright_1x1 openfibertargets_bhm_quaia_boss open_fiber science 0 0 0.0 0.0 -999 ""
FIBERMAP 1322 R+4C3 METROLOGY 0 0 0 1 0 0 -194.28992030307913 77.59737628652664 143.1 -131.0185671410814 -163.09184168485558 299.20105 165.14046 -999.0 -999.0 -999.0 -999.0 -999.0 36.99040856891274 -24.44964998911204 36.94831259485392 -24.326759908526764 72.50041502929047 78.89116286991322 -999.0 6231.0 -999.0 -1 -999 {-999.0 -999.0 -999.0 -999.0 -999.0} "" -999.0 -999.0 -999.0 -999.0 -999 -999 "" "" "" "" 0 0 0.0 0.0 -999 ""
FIBERMAP 1327 R+4C12 APOGEE 0 0 0 1 0 0 3.347197603654836 65.71497803455203 143.1 -61.859300262048905 22.41837084192459 280.60342 122.058044 -999.0 -999.0 -999.0 -999.0 -999.0 37.219942975551405 -23.887551571173596 37.17865639444153 -23.76516180202786 72.10734116993439 77.40102342665404 -999.0 16600.0 -999.0 2 -999 {-999.0 -999.0 -999.0 -999.0 -999.0} "" -999.0 -999.0 -999.0 -999.0 -999 -999 "" "" "" "" 0 0 0.0 0.0 -999 ""
FIBERMAP 1327 R+4C12 BOSS 1 1 0 1 0 0 2.831217420111942 65.20243314265355 143.1 -61.52008655978035 21.77509010843375 280.60342 122.058044 37.22089059401613 -23.889480286686172 6.4572544 8.80124 3.1249595 37.221098553020255 -23.88946592920085 37.179736434353345 -23.767102434176913 72.10712022595712 77.40807540939937 5400.0 5400.0 2016.0 1 120 {-999.0 14.274158 13.574281 13.320736 -999.0} sdss_psfmag_from_g3xp 14.086424 13.613577 12.974293 11.721 63050395811956581 1079364193 bright_flexible_2x1 mwm_snc_ext_filler_boss mwm_snc science 0 0 0.5899153351783752 0.0 -999 ""
FIBERMAP 1327 R+4C12 METROLOGY 0 0 0 1 0 0 2.6283793660144816 65.92185615817006 143.1 -62.26733320882729 21.791519995505823 280.60342 122.058044 -999.0 -999.0 -999.0 -999.0 -999.0 37.218591533195436 -23.88942224372074 37.1772526022238 -23.767047741614185 72.10922029461075 77.4052376684154 -999.0 6231.0 -999.0 -1 -999 {-999.0 -999.0 -999.0 -999.0 -999.0} "" -999.0 -999.0 -999.0 -999.0 -999 -999 "" "" "" "" 0 0 0.0 0.0 -999 ""
FIBERMAP 1337 R-5C21 APOGEE 0 0 0 1 0 0 227.62479353747554 -99.05305715878521 143.1 161.28343540035857 188.6929004841357 5.07265 104.03246 -999.0 -999.0 -999.0 -999.0 -999.0 37.95622289366318 -23.382636326656087 37.914977991521766 -23.26155483250403 71.29397680135007 76.70362585858572 -999.0 16600.0 -999.0 2 -999 {-999.0 -999.0 -999.0 -999.0 -999.0} "" -999.0 -999.0 -999.0 -999.0 -999 -999 "" "" "" "" 0 0 0.0 0.0 -999 ""
FIBERMAP 1337 R-5C21 BOSS 1 1 0 1 0 0 227.86589384452662 -99.71173508887999 143.1 161.98378564083106 188.73082214075112 5.07265 104.03246 37.958478753616525 -23.382509053600675 39.44526 12.5015955 5.58349 37.95861041345197 -23.382476204311573 37.9172897024506 -23.26142592353377 71.2919608720035 76.7057477653683 5400.0 5400.0 2016.0 1 277 {-999.0 21.03735 19.520496 17.972544 -999.0} sdss_psfmag_ps1 20.507017 18.544024 17.233553 14.762 63050395811945664 1081333375 bright_flexible_2x1 mwm_snc_ext_filler_boss mwm_snc science 0 0 0.0 0.0 -999 ""
FIBERMAP 1337 R-5C21 METROLOGY 0 0 0 1 0 0 227.14169956648882 -99.62412495860619 143.1 161.68822728941043 188.0639518408663 5.07265 104.03246 -999.0 -999.0 -999.0 -999.0 -999.0 37.95766886258739 -23.38446195364357 37.9163663151669 -23.26340185018868 71.29349090751876 76.7104586444928 -999.0 6231.0 -999.0 -1 -999 {-999.0 -999.0 -999.0 -999.0 -999.0} "" -999.0 -999.0 -999.0 -999.0 -999 -999 "" "" "" "" 0 0 0.0 0.0 -999 ""
FIBERMAP 1343 R+6C1 APOGEE 1 1 0 1 0 0 -245.87712312854677 114.77679243407208 143.1 -181.65654421413595 -201.54793984503496 254.73352 25.416342 36.822398913024 -24.564775570545276 72.86763 15.351041 7.6498857 36.82262359782743 -24.564730250880892 36.780576405191596 -24.441530545882763 72.68277037350279 79.08196812767142 16000.0 16600.0 2016.0 2 50 {-999.0 11.28412 10.795495 10.639158 -999.0} sdss_psfmag_from_g3xp 11.182661 10.830015 10.307801 9.372 63050395811942848 1103560274 bright_1x1 mwm_tess_2min_apogee mwm_planet science 0 0 0.0 0.0 -999 ""
FIBERMAP 1343 R+6C1 BOSS 0 0 0 1 0 0 -246.00588423334924 115.52248569923579 143.1 -182.40724799160083 -201.45299341713763 254.73352 25.416342 -999.0 -999.0 -999.0 -999.0 -999.0 36.82021228820426 -24.56440017810433 36.778099521307695 -24.44121903711758 72.68479363614397 79.07846354693362 -999.0 5400.0 -999.0 1 87 {-999.0 -999.0 -999.0 -999.0 -999.0} "" -999.0 -999.0 -999.0 -999.0 -999 -999 "" "" "" "" 0 0 0.0 0.0 -999 ""
FIBERMAP 1343 R+6C1 METROLOGY 0 0 0 1 0 0 -245.32133150801286 115.28858482349648 143.1 -181.98339588996245 -200.8668105726746 254.73352 25.416342 -999.0 -999.0 -999.0 -999.0 -999.0 36.82155394401329 -24.562690259442046 36.77946227594981 -24.439505388794984 72.68305397638977 79.07441877814625 -999.0 6231.0 -999.0 -1 -999 {-999.0 -999.0 -999.0 -999.0 -999.0} "" -999.0 -999.0 -999.0 -999.0 -999 -999 "" "" "" "" 0 0 0.0 0.0 -999 ""
FIBERMAP 1344 R-6C18 APOGEE 0 0 0 1 0 0 143.93260991708854 -118.66800628353386 143.1 155.5647326954602 102.92833179310361 190.33379 117.101715 -999.0 -999.0 -999.0 -999.0 -999.0 37.93967890182154 -23.641780429822326 37.897966740448 -23.520599409695183 71.40458224900382 77.43773504709202 -999.0 16600.0 -999.0 2 -999 {-999.0 -999.0 -999.0 -999.0 -999.0} "" -999.0 -999.0 -999.0 -999.0 -999 -999 "" "" "" "" 0 0 0.0 0.0 -999 ""
FIBERMAP 1344 R-6C18 BOSS 1 1 0 1 0 0 143.52987430418705 -118.124295846485 143.1 154.92704831600867 102.70222966132957 190.33379 117.101715 37.937691093265435 -23.642359015162306 6.549577 -15.287639 0.23648843 37.93770858468554 -23.642411267416904 37.895924401837476 -23.521253273828485 71.4065643367579 77.43749862797165 5400.0 5400.0 2016.0 1 314 {-999.0 17.346783 16.920868 16.93116 -999.0} sdss_psfmag_ps1 17.309305 16.99743 16.513285 15.546 63050395811945469 977163896 "" ops_std_boss ops_std standard_boss 0 0 0.0 0.0 -999 ""
FIBERMAP 1344 R-6C18 METROLOGY 0 0 0 1 0 0 144.2213578230323 -117.97798971590001 143.1 154.98936467988008 103.4062277189703 190.33379 117.101715 -999.0 -999.0 -999.0 -999.0 -999.0 37.937898820680985 -23.640273019312975 37.896139189770395 -23.519108470207115 71.40559743656284 77.43146273562832 -999.0 6231.0 -999.0 -1 -999 {-999.0 -999.0 -999.0 -999.0 -999.0} "" -999.0 -999.0 -999.0 -999.0 -999 -999 "" "" "" "" 0 0 0.0 0.0 -999 ""
FIBERMAP 1352 R+7C11 APOGEE 0 0 0 1 0 0 -4.900531552652506 135.94451073222677 143.1 -131.42634354659754 35.06964666977238 201.27216 93.68807 -999.0 -999.0 -999.0 -999.0 -999.0 36.989324528773366 -23.849109069622262 36.948395082069055 -23.726369224900264 72.28961829983494 77.03235733965784 -999.0 16600.0 -999.0 2 141 {-999.0 -999.0 -999.0 -999.0 -999.0} "" -999.0 -999.0 -999.0 -999.0 -999 -999 "" "" "" "" 0 0 0.0 0.0 -999 ""
FIBERMAP 1352 R+7C11 BOSS 1 1 0 1 0 0 -5.233450067846178 136.61375154534085 143.1 -132.16364559536788 34.94701536782178 201.27216 93.68807 36.98674382303411 -23.84938206009932 -21.567749 -18.080725 2.781271 36.9868837885987 -23.849437392411893 36.945887140078355 -23.726718665485585 72.29188319473376 77.03066886006536 5400.0 5400.0 2016.0 1 141 {-999.0 13.836886 13.219589 13.02617 -999.0} sdss_psfmag_from_g3xp 13.685071 13.26743 12.6870985 11.607 63050395811955405 1080141318 bright_flexible_2x1 mwm_snc_ext_filler_boss mwm_snc science 0 0 0.708591103553772 0.0 -999 ""
FIBERMAP 1352 R+7C11 METROLOGY 0 0 0 1 0 0 -4.477682555022071 136.55314654823096 143.1 -131.88467688146252 35.65197410021801 201.27216 93.68807 -999.0 -999.0 -999.0 -999.0 -999.0 36.98777657671766 -23.847302443254602 36.94680249377541 -23.724578624859575 72.29032112838101 77.02512673703285 -999.0 6231.0 -999.0 -1 -999 {-999.0 -999.0 -999.0 -999.0 -999.0} "" -999.0 -999.0 -999.0 -999.0 -999 -999 "" "" "" "" 0 0 0.0 0.0 -999 ""
FIBERMAP 1360 R-3C11 APOGEE 0 0 0 1 0 0 -34.87273972501836 -79.1439178732553 143.1 65.48102041678847 -56.49097321161437 326.33038 42.555965 -999.0 -999.0 -999.0 -999.0 -999.0 37.643669647002056 -24.126450829838383 37.60140908266055 -24.004662413866093 71.83041368243909 78.56631584958745 -999.0 16600.0 -999.0 2 151 {-999.0 -999.0 -999.0 -999.0 -999.0} "" -999.0 -999.0 -999.0 -999.0 -999 -999 "" "" "" "" 0 0 0.0 0.0 -999 ""
FIBERMAP 1360 R-3C11 BOSS 1 1 0 1 0 0 -35.61987875147306 -79.28028192892123 143.1 65.39292130451621 -57.245282867714415 326.33038 42.555965 37.64342303882616 -24.128714206382735 24.375639 -10.78578 1.3130577 37.64349796045048 -24.128749786130783 37.60116098768708 -24.006984786236305 71.83142946638617 78.57305271681878 5400.0 5400.0 2016.0 1 432 {-999.0 15.940139 15.371307 15.06108 -999.0} sdss_psfmag_ps1 15.804633 15.339804 14.699821 13.41 63050395811944662 944594027 bright_1x1 openfibertargets_nov2020_6c open_fiber science 0 0 0.0 0.0 -999 ""
FIBERMAP 1360 R-3C11 METROLOGY 0 0 0 1 0 0 -35.35922260610847 -78.564690809275 143.1 64.78488315964036 -56.78676989346719 326.33038 42.555965 -999.0 -999.0 -999.0 -999.0 -999.0 37.641457642462925 -24.127377027292734 37.5991462929436 -24.005602284538444 71.83267825844707 78.5668512198232 -999.0 6231.0 -999.0 -1 -999 {-999.0 -999.0 -999.0 -999.0 -999.0} "" -999.0 -999.0 -999.0 -999.0 -999 -999 "" "" "" "" 0 0 0.0 0.0 -999 ""
FIBERMAP 1361 R+12C3 APOGEE 0 0 0 1 0 0 -108.68543203241626 226.05059425575683 143.1 -247.93871047708114 -37.821188639766675 215.3904 174.39113 -999.0 -999.0 -999.0 -999.0 -999.0 36.60397231766528 -24.06899978327696 36.56311820763631 -23.945599968474703 72.6975048977109 77.28743294906099 -999.0 16600.0 -999.0 2 -999 {-999.0 -999.0 -999.0 -999.0 -999.0} "" -999.0 -999.0 -999.0 -999.0 -999 -999 "" "" "" "" 0 0 0.0 0.0 -999 ""
FIBERMAP 1361 R+12C3 BOSS 1 1 0 1 0 0 -109.32091460327383 225.67457604290837 143.1 -247.76499399596045 -38.53881437627403 215.3904 174.39113 36.60461748963546 -24.071052397652167 -11.28756 -39.625114 12.304303 36.604586819027055 -24.071152129458646 36.563659758617064 -23.947776627569695 72.69782396482299 77.29486131728248 5400.0 5400.0 2016.0 1 99 {-999.0 20.512114 18.863726 17.030321 -999.0} sdss_psfmag_ps1 19.90564 17.645489 16.26772 13.529 63050395811954946 1157703372 bright_1x1 mwm_snc_100pc_bright_boss_single mwm_snc science 0 0 0.0 0.0 -999 ""
FIBERMAP 1361 R+12C3 METROLOGY 0 0 0 1 0 0 -109.32453636094024 226.4392378895115 143.1 -248.49724018050648 -38.31865968385288 215.3904 174.39113 -999.0 -999.0 -999.0 -999.0 -999.0 36.60211319211023 -24.070487790772297 36.561209794692616 -23.9471018622338 72.69967183653644 77.29004210779397 -999.0 6231.0 -999.0 -1 -999 {-999.0 -999.0 -999.0 -999.0 -999.0} "" -999.0 -999.0 -999.0 -999.0 -999 -999 "" "" "" "" 0 0 0.0 0.0 -999 ""
FIBERMAP 1366 R+3C11 APOGEE 0 0 0 1 0 0 -18.913887200927775 55.75389052906705 143.1 -58.844319137599925 -1.7812072868464313 4.661214 102.60564 -999.0 -999.0 -999.0 -999.0 -999.0 37.22997246047697 -23.961033489410553 37.18853670938648 -23.838638832738475 72.12531240797881 77.63488893026647 -999.0 16600.0 -999.0 2 12 {-999.0 -999.0 -999.0 -999.0 -999.0} "" -999.0 -999.0 -999.0 -999.0 -999 -999 "" "" "" "" 0 0 0.0 0.0 -999 ""
FIBERMAP 1366 R+3C11 BOSS 1 1 0 1 0 0 -18.669157368242928 55.04049838197184 143.1 -58.09058849992191 -1.7558156344716065 4.661214 102.60564 37.2324982657574 -23.960895552235765 4.4309525 -9.321594 0.12661108 37.232507322042025 -23.960931863311014 37.19099799193992 -23.838565947685513 72.1231839093683 77.63728996282646 5400.0 5400.0 2016.0 1 14 {-999.0 18.22962 17.89862 17.884916 -999.0} sdss_psfmag_ps1 18.178267 17.93369 17.50336 -999.0 63050395811955146 944594156 bright_1x1 openfibertargets_nov2020_6c open_fiber science 0 0 0.0 0.0 -999 ""
FIBERMAP 1366 R+3C11 METROLOGY 0 0 0 1 0 0 -19.395726991632593 55.18291046109745 143.1 -58.43924436694667 -2.4089309981011375 4.661214 102.60564 -999.0 -999.0 -999.0 -999.0 -999.0 37.23132416228667 -23.962923243598677 37.18983260960414 -23.84054789672079 72.12488804351871 77.64207824104938 -999.0 6231.0 -999.0 -1 -999 {-999.0 -999.0 -999.0 -999.0 -999.0} "" -999.0 -999.0 -999.0 -999.0 -999 -999 "" "" "" "" 0 0 0.0 0.0 -999 ""
FIBERMAP 1367 R-10C9 APOGEE 0 0 0 1 0 0 4.998546967268232 -185.74431731783963 143.1 179.07471409819027 -49.53938984918966 28.246538 144.29233 -999.0 -999.0 -999.0 -999.0 -999.0 38.02046479831119 -24.10351893606575 37.97777897235352 -23.982337175674203 71.49994420948947 78.87649947447483 -999.0 16600.0 -999.0 2 -999 {-999.0 -999.0 -999.0 -999.0 -999.0} "" -999.0 -999.0 -999.0 -999.0 -999 -999 "" "" "" "" 0 0 0.0 0.0 -999 ""
FIBERMAP 1367 R-10C9 BOSS 1 1 0 1 0 0 5.74298367162448 -185.84312353026309 143.1 179.38689809798095 -48.85643746622349 28.246538 144.29233 38.02160868343409 -24.101428998617052 5.3594217 1.238059 0.48772922 38.02162449468405 -24.101433648013465 37.978867442030776 -23.980278988500444 71.49830304983888 78.8714850995384 5400.0 5400.0 2016.0 1 404 {-999.0 16.010689 15.522812 15.477944 -999.0} sdss_psfmag_ps1 15.898006 15.588389 15.109041 14.208 63050395811944046 981912049 "" ops_std_boss_tic ops_std standard_boss 0 0 0.0 0.0 -999 ""
FIBERMAP 1367 R-10C9 METROLOGY 0 0 0 1 0 0 5.288071771667701 -186.4340082663329 143.1 179.8188809636878 -49.46423304239088 28.246538 144.29233 -999.0 -999.0 -999.0 -999.0 -999.0 38.02306846788085 -24.103279816138485 37.98032700704937 -23.98211995627959 71.49768321893987 78.87837711162075 -999.0 6231.0 -999.0 -1 -999 {-999.0 -999.0 -999.0 -999.0 -999.0} "" -999.0 -999.0 -999.0 -999.0 -999 -999 "" "" "" "" 0 0 0.0 0.0 -999 ""
FIBERMAP 1371 R-4C4 APOGEE 0 0 0 1 0 0 -170.1527835349158 -72.60117284452215 143.1 19.66336946986034 -183.93546375336675 3.7945251 138.12859 -999.0 -999.0 -999.0 -999.0 -999.0 37.49207148367244 -24.512875681485678 37.44927152174722 -24.390739084492424 72.09131641550651 79.58877705079885 -999.0 16600.0 -999.0 2 -999 {-999.0 -999.0 -999.0 -999.0 -999.0} "" -999.0 -999.0 -999.0 -999.0 -999 -999 "" "" "" "" 0 0 0.0 0.0 -999 ""
FIBERMAP 1371 R-4C4 BOSS 1 1 0 1 0 0 -169.53873405704624 -73.06401318326162 143.1 20.28552070220545 -183.48364882966348 3.7945251 138.12859 37.49428024626404 -24.511541355802965 -17.103653 -3.0694208 5.6017303 37.49422088915833 -24.511544419344016 37.451348860630276 -24.389434386930894 72.08910061103833 79.5867939419532 5400.0 5400.0 2016.0 1 493 {-999.0 18.72786 17.208332 16.019945 -999.0} sdss_psfmag_ps1 18.074562 16.66387 15.495336 13.328 63050395811942360 940018436 bright_1x1 openfibertargets_nov2020_34a open_fiber science 0 0 0.0 0.0 -999 ""
FIBERMAP 1371 R-4C4 METROLOGY 0 0 0 1 0 0 -170.2302246751303 -73.34514938084462 143.1 20.352129836691418 -184.22708341387556 3.7945251 138.12859 -999.0 -999.0 -999.0 -999.0 -999.0 37.494429742714246 -24.5138190349735 37.451573512465245 -24.3917022295557 72.0896532133646 79.59397685234183 -999.0 6231.0 -999.0 -1 -999 {-999.0 -999.0 -999.0 -999.0 -999.0} "" -999.0 -999.0 -999.0 -999.0 -999 -999 "" "" "" "" 0 0 0.0 0.0 -999 ""
FIBERMAP 1375 R+7C1 APOGEE 0 0 0 1 0 0 -226.44174318626338 143.43676890293574 143.1 -203.37817777918312 -174.5820572176618 166.12138 99.043335 -999.0 -999.0 -999.0 -999.0 -999.0 36.75060662753049 -24.483050484802757 36.70880293933317 -24.35976182807283 72.7170003085818 78.74929948182847 -999.0 16600.0 -999.0 2 49 {-999.0 -999.0 -999.0 -999.0 -999.0} "" -999.0 -999.0 -999.0 -999.0 -999 -999 "" "" "" "" 0 0 0.0 0.0 -999 ""
FIBERMAP 1375 R+7C1 BOSS 1 1 0 1 0 0 -226.3881952815037 144.18554173469366 143.1 -204.07851181640098 -174.31188218211403 166.12138 99.043335 36.74835953523628 -24.48219696981712 -2.5576632 2.58832 1.278602 36.748362072412405 -24.48219564013234 36.706493875620424 -24.358926230651416 72.71869908876182 78.7442647953767 5400.0 5400.0 2016.0 1 36 {-999.0 14.112058 13.730968 13.615186 -999.0} sdss_psfmag_from_g3xp 14.047641 13.747541 13.28295 12.474 63050395811942917 977878673 "" ops_std_boss ops_std standard_boss 0 0 0.0 0.0 -999 ""
FIBERMAP 1375 R+7C1 METROLOGY 0 0 0 1 0 0 -225.7684670186381 143.76405315481963 143.1 -203.4942413704316 -173.8425441565478 166.12138 99.043335 -999.0 -999.0 -999.0 -999.0 -999.0 36.75022984999284 -24.480833827204282 36.70838134101109 -24.35756132539311 72.7166201631227 78.74189045213586 -999.0 6231.0 -999.0 -1 -999 {-999.0 -999.0 -999.0 -999.0 -999.0} "" -999.0 -999.0 -999.0 -999.0 -999 -999 "" "" "" "" 0 0 0.0 0.0 -999 ""
FIBERMAP 1377 R-3C22 APOGEE 0 0 0 1 0 0 204.95250200226923 -62.14331544447233 143.1 119.35921095389213 177.80703401545802 163.67006 152.021 -999.0 -999.0 -999.0 -999.0 -999.0 37.81851748676234 -23.415709670128294 37.7773773742457 -23.294399120939012 71.42343865002691 76.64986822375624 -999.0 16600.0 -999.0 2 202 {-999.0 -999.0 -999.0 -999.0 -999.0} "" -999.0 -999.0 -999.0 -999.0 -999 -999 "" "" "" "" 0 0 0.0 0.0 -999 ""
FIBERMAP 1377 R-3C22 BOSS 1 1 0 1 0 0 204.436249119478 -61.63175706134621 143.1 118.71907408068466 177.46298153561642 163.67006 152.021 37.81648899116763 -23.41669149059462 -0.48138013 -0.085134186 -0.35117048 37.816517313858114 -23.416684587775116 37.7753051217087 -23.295397715531426 71.42557791882103 76.6505219691204 5400.0 5400.0 2016.0 1 285 {-999.0 19.736961 19.437494 19.190458 -999.0} sdss_psfmag_ps1 19.832115 19.781998 18.878979 -999.0 63050395811957286 1117293308 bright_1x1 openfibertargets_bhm_quaia_boss open_fiber science 0 0 0.0 0.0 -999 ""
FIBERMAP 1377 R-3C22 METROLOGY 0 0 0 1 0 0 205.13227124022157 -61.425691633850704 143.1 118.72557451651105 178.18879553110375 163.67006 152.021 -999.0 -999.0 -999.0 -999.0 -999.0 37.8165204884282 -23.41447541126525 37.77533302517901 -23.293181482786476 71.42471943342991 76.6441072468682 -999.0 6231.0 -999.0 -1 -999 {-999.0 -999.0 -999.0 -999.0 -999.0} "" -999.0 -999.0 -999.0 -999.0 -999 -999 "" "" "" "" 0 0 0.0 0.0 -999 ""
FIBERMAP 1379 R-4C9 APOGEE 0 0 0 1 0 0 -79.85615980308616 -83.37464364209507 143.1 56.37157406638393 -100.74237635604109 208.98967 111.90238 -999.0 -999.0 -999.0 -999.0 -999.0 37.61374994891864 -24.260781096143393 37.571273242745235 -24.138907582130457 71.9022883542577 78.94119267640207 -999.0 16600.0 -999.0 2 292 {-999.0 -999.0 -999.0 -999.0 -999.0} "" -999.0 -999.0 -999.0 -999.0 -999 -999 "" "" "" "" 0 0 0.0 0.0 -999 ""
FIBERMAP 1379 R-4C9 BOSS 1 1 0 1 0 0 -80.39725835694635 -82.86528950550439 143.1 55.72627906962309 -101.11083144164907 208.98967 111.90238 37.61169433593749 -24.261950623109655 -999.0 -999.0 -999.0 37.611710106136314 -24.26193455008234 37.56916155881811 -24.14008129114335 71.90449954851849 78.94263826964584 5400.0 5400.0 2015.5 1 480 {-999.0 -999.0 -999.0 -999.0 -999.0} "" -999.0 -999.0 -999.0 -999.0 27021603163404038 814337132 "" ops_sky_boss_good ops_sky sky_boss 0 0 0.0 0.0 -999 ""
FIBERMAP 1379 R-4C9 METROLOGY 0 0 0 1 0 0 -79.66688114421848 -82.65539555776247 143.1 55.73916539896702 -100.351046712982 208.98967 111.90238 -999.0 -999.0 -999.0 -999.0 -999.0 37.61173276213629 -24.259647794712237 37.56920897179231 -24.137788471339675 71.90367963790996 78.93574327498311 -999.0 6231.0 -999.0 -1 -999 {-999.0 -999.0 -999.0 -999.0 -999.0} "" -999.0 -999.0 -999.0 -999.0 -999 -999 "" "" "" "" 0 0 0.0 0.0 -999 ""
FIBERMAP 1385 R-13C3 APOGEE 0 0 0 1 0 0 -106.41363651468676 -273.45483258340823 143.1 230.36409579184283 -181.72433661665804 328.693 24.101946 -999.0 -999.0 -999.0 -999.0 -999.0 38.19160115879634 -24.501500297047563 38.14794033938739 -24.380481282886418 71.48645090800447 80.22214322898532 -999.0 16600.0 -999.0 2 156 {-999.0 -999.0 -999.0 -999.0 -999.0} "" -999.0 -999.0 -999.0 -999.0 -999 -999 "" "" "" "" 0 0 0.0 0.0 -999 ""
FIBERMAP 1385 R-13C3 BOSS 1 1 0 1 0 0 -107.17333208520441 -273.3679762208963 143.1 230.05887620354025 -182.42537449131058 328.693 24.101946 38.190632986005134 -24.503588585588304 -0.99052763 -1.5881507 -0.2319579 38.19063806845489 -24.503572916764426 38.14689988617914 -24.382575010778755 71.48802523050311 80.22741634025653 5400.0 5400.0 2016.0 1 437 {-999.0 20.24651 20.107477 19.723303 -999.0} sdss_psfmag_ps1 20.085392 20.15746 19.432297 -999.0 63050395811940724 1117292977 bright_1x1 openfibertargets_bhm_quaia_boss open_fiber science 0 0 0.0 0.0 -999 ""
FIBERMAP 1385 R-13C3 METROLOGY 0 0 0 1 0 0 -106.70609995644953 -272.7639655409895 143.1 229.61794494276685 -181.80195947809423 328.693 24.101946 -999.0 -999.0 -999.0 -999.0 -999.0 38.189211576788225 -24.50175775907941 38.14549982144092 -24.380751489397603 71.48864156652488 80.22068209980557 -999.0 6231.0 -999.0 -1 -999 {-999.0 -999.0 -999.0 -999.0 -999.0} "" -999.0 -999.0 -999.0 -999.0 -999 -999 "" "" "" "" 0 0 0.0 0.0 -999 ""
FIBERMAP 1386 R-3C2 APOGEE 0 0 0 1 1 0 -231.60599522124514 -39.909856697696554 143.1 -29.56820244743849 -233.1381648929373 118.92366 70.824066 -999.0 -999.0 -999.0 -999.0 -999.0 37.328342243885714 -24.661387006935534 37.28546949374805 -24.53895081637946 72.28058137863275 79.88791678292739 -999.0 16600.0 -999.0 2 -999 {-999.0 -999.0 -999.0 -999.0 -999.0} "" -999.0 -999.0 -999.0 -999.0 -999 -999 "" "" "" "" 0 0 0.0 0.0 -999 ""
FIBERMAP 1386 R-3C2 BOSS 1 0 0 1 1 0 -230.87726547190059 -39.78033811136886 143.1 -29.478941155350427 -232.40346049675838 118.92366 70.824066 37.35892722144115 -24.64384114915835 -4.773966 -6.6769686 4.6363306 37.32870196930909 -24.659186975150394 37.285761633536254 -24.53677410881457 72.27962655528017 79.88143085960638 5400.0 5400.0 2016.0 1 514 {-999.0 19.059128 17.694538 16.36843 -999.0} sdss_psfmag_ps1 18.523306 17.092459 15.932958 13.788 63050395811942320 1078375898 bright_flexible_2x1 mwm_snc_ext_filler_boss mwm_snc science 0 0 0.0 0.0 -999 ""
FIBERMAP 1386 R-3C2 METROLOGY 0 0 0 1 1 0 -231.13407428064198 -40.49019181003797 143.1 -28.8752641467391 -232.85661670747623 118.92366 70.824066 -999.0 -999.0 -999.0 -999.0 -999.0 37.330690329631246 -24.660593863925108 37.28776499909793 -24.5381774540142 72.27835532714745 79.8877286536478 -999.0 6231.0 -999.0 -1 -999 {-999.0 -999.0 -999.0 -999.0 -999.0} "" -999.0 -999.0 -999.0 -999.0 -999 -999 "" "" "" "" 0 0 0.0 0.0 -999 ""
FIBERMAP 1389 R+2C3 APOGEE 0 0 0 1 0 0 -213.24025244570686 23.827926097117427 143.1 -85.14483662177018 -196.9369312830682 345.29068 71.623276 -999.0 -999.0 -999.0 -999.0 -999.0 37.143083779559184 -24.552173800231884 37.10065229271345 -24.429477377454454 72.40381351822403 79.36573032190603 -999.0 16600.0 -999.0 2 37 {-999.0 -999.0 -999.0 -999.0 -999.0} "" -999.0 -999.0 -999.0 -999.0 -999 -999 "" "" "" "" 0 0 0.0 0.0 -999 ""
FIBERMAP 1389 R+2C3 BOSS 1 1 0 1 0 0 -213.6100296350188 23.201122473098557 143.1 -84.65361048322438 -197.473823242458 345.29068 71.623276 37.14477539062499 -24.553811789544397 -999.0 -999.0 -999.0 37.14477141345512 -24.55381674095812 37.10226417978521 -24.43114493988833 72.40297836700053 79.37253917312648 5400.0 5400.0 2015.5 1 61 {-999.0 -999.0 -999.0 -999.0 -999.0} "" -999.0 -999.0 -999.0 -999.0 27021603163401757 822006118 "" ops_sky_boss_good ops_sky sky_boss 0 0 0.0 0.0 -999 ""
FIBERMAP 1389 R+2C3 METROLOGY 0 0 0 1 0 0 -213.9790817304542 23.86006952496886 143.1 -85.39163631667518 -197.63401660515655 345.29068 71.623276 -999.0 -999.0 -999.0 -999.0 -999.0 37.14228243949306 -24.554330486910253 37.09979739580922 -24.43164828376093 72.40526458410176 79.37165998885462 -999.0 6231.0 -999.0 -1 -999 {-999.0 -999.0 -999.0 -999.0 -999.0} "" -999.0 -999.0 -999.0 -999.0 -999 -999 "" "" "" "" 0 0 0.0 0.0 -999 ""
FIBERMAP 1390 R+5C10 APOGEE 0 0 0 1 0 0 -20.484319302499074 95.46992635167167 143.1 -97.28095280307117 8.331677177377353 354.00323 116.57049 -999.0 -999.0 -999.0 -999.0 -999.0 37.10237536179202 -23.930319291535312 37.061155245664224 -23.807733292111866 72.22297874323584 77.40401171618254 -999.0 16600.0 -999.0 2 138 {-999.0 -999.0 -999.0 -999.0 -999.0} "" -999.0 -999.0 -999.0 -999.0 -999 -999 "" "" "" "" 0 0 0.0 0.0 -999 ""
FIBERMAP 1390 R+5C10 BOSS 1 1 0 1 0 0 -20.20828720074276 94.77954366167054 143.1 -96.54007028791791 8.393729662191156 354.00323 116.57049 37.104809992060616 -23.930077946370854 5.9981766 -7.0545945 0.26726657 37.10484393343698 -23.930102288177345 37.063551042509175 -23.807544990595897 72.22086621844396 77.40602331880649 5400.0 5400.0 2016.0 1 134 {-999.0 17.286913 16.901117 16.749128 16.689837} sdss_psfmag_from_gaia 17.2282 16.9137 16.4236 15.403 63050395811955197 971496566 "" ops_std_boss_gdr2 ops_std standard_boss 0 0 0.0 0.0 -999 ""
FIBERMAP 1390 R+5C10 METROLOGY 0 0 0 1 0 0 -20.96492787131099 94.89490781885569 143.1 -96.87165630171152 7.703949778821826 354.00323 116.57049 -999.0 -999.0 -999.0 -999.0 -999.0 37.103712294627904 -23.932202481288677 37.062436784299734 -23.809635795514367 72.22257049344452 77.41120807662878 -999.0 6231.0 -999.0 -1 -999 {-999.0 -999.0 -999.0 -999.0 -999.0} "" -999.0 -999.0 -999.0 -999.0 -999 -999 "" "" "" "" 0 0 0.0 0.0 -999 ""
FIBERMAP 1394 R+6C7 APOGEE 0 0 0 1 0 0 -85.03423009072547 122.98127342366234 143.1 -142.4649200122188 -45.34698946126863 350.09186 165.07701 -999.0 -999.0 -999.0 -999.0 -999.0 36.95237500798916 -24.09301450412616 36.91104024281054 -23.97014863124539 72.40919832811832 77.74198815609094 -999.0 16600.0 -999.0 2 41 {-999.0 -999.0 -999.0 -999.0 -999.0} "" -999.0 -999.0 -999.0 -999.0 -999 -999 "" "" "" "" 0 0 0.0 0.0 -999 ""
FIBERMAP 1394 R+6C7 BOSS 1 1 0 1 0 0 -84.35482258047172 122.66677132784879 143.1 -141.96549986002378 -44.789297629127375 350.09186 165.07701 36.95396007895597 -24.091316293474648 22.695194 -2.7485118 1.2249775 36.95403290314342 -24.09132237807177 36.91262961101194 -23.96848364612891 72.40725049685804 77.73853801325549 5400.0 5400.0 2016.0 1 68 {-999.0 20.049051 18.689379 17.992958 -999.0} sdss_psfmag_ps1 19.54275 18.543465 17.583204 15.722 63050395811955086 1096451441 bright_1x1 mwm_bin_vis_boss mwm_filler science 0 0 0.0 0.0 -999 ""
FIBERMAP 1394 R+6C7 METROLOGY 0 0 0 1 0 0 -84.9829759053991 122.24017799748732 143.1 -141.7412789355823 -45.51470517396408 350.09186 165.07701 -999.0 -999.0 -999.0 -999.0 -999.0 36.95473679033954 -24.09353622863945 36.91334823238515 -23.970691143034305 72.4074181239116 77.74613767959278 -999.0 6231.0 -999.0 -1 -999 {-999.0 -999.0 -999.0 -999.0 -999.0} "" -999.0 -999.0 -999.0 -999.0 -999 -999 "" "" "" "" 0 0 0.0 0.0 -999 ""
FIBERMAP 1397 R-3C19 APOGEE 0 0 0 1 0 0 154.6981033387484 -50.60041175377164 143.1 93.62521533332857 133.12824544743071 30.565907 127.798 -999.0 -999.0 -999.0 -999.0 -999.0 37.73449200965935 -23.55091232806962 37.69320095160367 -23.42942994952783 71.54561096576504 76.9532018789858 -999.0 16600.0 -999.0 2 -999 {-999.0 -999.0 -999.0 -999.0 -999.0} "" -999.0 -999.0 -999.0 -999.0 -999 -999 "" "" "" "" 0 0 0.0 0.0 -999 ""
FIBERMAP 1397 R-3C19 BOSS 1 1 0 1 0 0 155.38534363508722 -50.87306526274949 143.1 94.08690953756175 133.7056653787265 30.565907 127.798 37.7361693640456 -23.54900569041005 -12.545443 -17.434874 1.8678472 37.73612083999397 -23.549081210063 37.69475880694773 -23.42762852425528 71.54361466340328 76.94959581612085 5400.0 5400.0 2016.0 1 305 {-999.0 14.341808 13.661617 13.439557 -999.0} sdss_psfmag_from_g3xp 14.160498 13.709071 13.0975485 11.972 63050395811945557 940018516 bright_1x1 openfibertargets_nov2020_34a open_fiber science 0 0 0.0 0.0 -999 ""
FIBERMAP 1397 R-3C19 METROLOGY 0 0 0 1 0 0 154.80499722595076 -51.340730545695 143.1 94.3643850628111 133.01396080135217 30.565907 127.798 -999.0 -999.0 -999.0 -999.0 -999.0 37.73704213400855 -23.551164018293623 37.69569559699147 -23.42970467008905 71.54358776962195 76.95669312294217 -999.0 6231.0 -999.0 -1 -999 {-999.0 -999.0 -999.0 -999.0 -999.0} "" -999.0 -999.0 -999.0 -999.0 -999 -999 "" "" "" "" 0 0 0.0 0.0 -999 ""
FIBERMAP 1399 R+5C21 APOGEE 0 0 1 1 0 0 213.75088115921847 104.76712728625053 143.1 -37.671347724836856 235.03157525975388 10.015881 170.06366 -999.0 -999.0 -999.0 -999.0 -999.0 37.30007525967271 -23.24408915677913 37.25988187997871 -23.12200639671243 71.79668139229744 75.56733077660641 -999.0 16600.0 -999.0 2 -999 {-999.0 -999.0 -999.0 -999.0 -999.0} "" -999.0 -999.0 -999.0 -999.0 -999 -999 "" "" "" "" 0 0 0.0 0.0 -999 ""
FIBERMAP 1399 R+5C21 BOSS 1 0 1 1 0 0 214.4738815525512 104.78608508414476 143.1 -37.47804118832826 235.72846869120232 10.015881 170.06366 37.32387937519587 -23.20033293820326 0.08201712 0.39086768 0.2745803 37.30077820262543 -23.241936185618023 37.26051733081084 -23.11988264200063 71.79531510598042 75.56180021911149 5400.0 5400.0 2016.0 1 247 {-999.0 19.119633 19.122543 18.877493 -999.0} sdss_psfmag_ps1 19.193018 18.978971 18.708239 -999.0 63050395811958303 1117293273 bright_1x1 openfibertargets_bhm_quaia_boss open_fiber science 0 0 0.0 0.0 -999 ""
FIBERMAP 1399 R+5C21 METROLOGY 0 0 1 1 0 0 214.12495449238256 104.1193870927998 143.1 -36.94256973211217 235.19984738053665 10.015881 170.06366 -999.0 -999.0 -999.0 -999.0 -999.0 37.30251495753437 -23.24349109274358 37.26226912352121 -23.12143204445921 71.7944357247889 75.56837784196432 -999.0 6231.0 -999.0 -1 -999 {-999.0 -999.0 -999.0 -999.0 -999.0} "" -999.0 -999.0 -999.0 -999.0 -999 -999 "" "" "" "" 0 0 0.0 0.0 -999 ""
FIBERMAP 1401 R-2C6 APOGEE 0 0 1 1 0 0 -156.09930314554913 -31.116188936980365 143.1 -15.89571172830959 -158.3653274522481 10.676376 169.66467 -999.0 -999.0 -999.0 -999.0 -999.0 37.37346407460079 -24.43580989009813 37.33095949254982 -24.31350778897813 72.16743411782252 79.23496028796876 -999.0 16600.0 -999.0 2 -999 {-999.0 -999.0 -999.0 -999.0 -999.0} "" -999.0 -999.0 -999.0 -999.0 -999 -999 "" "" "" "" 0 0 0.0 0.0 -999 ""
FIBERMAP 1401 R-2C6 BOSS 1 0 1 1 0 0 -155.35473524893737 -31.09109840226928 143.1 -15.701962248139578 -157.64601722491082 10.676376 169.66467 37.336744321268576 -24.434775060305938 91.75251 -94.84286 13.14448 37.374169914128856 -24.4336764737404 37.331597095484085 -24.311399104303533 72.16618275775548 79.2291024140693 5400.0 5400.0 2016.0 1 470 {-999.0 15.7055855 15.984521 16.403254 -999.0} sdss_psfmag_ps1 15.746269 15.781207 15.806657 -999.0 63050395811943119 1151086452 bright_1x1 mwm_snc_100pc_boss_single mwm_snc science 0 0 0.0 0.0 -999 ""
FIBERMAP 1401 R-2C6 METROLOGY 0 0 1 1 0 0 -155.71058921753718 -31.755250513798757 143.1 -15.170950926879097 -158.1805176851296 10.676376 169.66467 -999.0 -999.0 -999.0 -999.0 -999.0 37.375919791569686 -24.43531631086447 37.3333618928433 -24.313034710315193 72.1652123952846 79.23588903715205 -999.0 6231.0 -999.0 -1 -999 {-999.0 -999.0 -999.0 -999.0 -999.0} "" -999.0 -999.0 -999.0 -999.0 -999 -999 "" "" "" "" 0 0 0.0 0.0 -999 ""
