#%yanny
#
# confSummary-10023672.par
#
# Created by pydl.pydlutils.yanny.yanny
#
# 2026-09-30 06:25:10 UTC
#
configuration_id 10023672
robostrategy_run iota-1
fps_calibrations_version 2025.12.04+ccda1c9
jaeger_version 1.11.1
coordio_version 1.18.1
kaiju_version 1.4.1
design_id 739732
field_id 107505
focal_scale 0.9999941
instruments BOSS APOGEE
epoch 2461313.770295995
obstime Wed Sep 30 06:25:10 2026
MJD 61313
observatory LCO
temperature 9.6
raCen 96.2997954497065
decCen -32.1719065796908
pa 264.55753
is_dithered 0
parent_configuration -999
dither_radius -999.0
cloned_from -999

typedef enum {
    BOSS,
    APOGEE,
    METROLOGY,
    NONE
} FIBERTYPE;

typedef struct {
    short positionerId;
    char holeId[28];
    FIBERTYPE fiberType;
    short assigned;
    short on_target;
    short disabled;
    short valid;
    short decollided;
    short too;
    double xwok;
    double ywok;
    double zwok;
    double xFocal;
    double yFocal;
    float alpha;
    float beta;
    double racat;
    double deccat;
    float pmra;
    float pmdec;
    float parallax;
    double ra;
    double dec;
    double ra_observed;
    double dec_observed;
    double alt_observed;
    double az_observed;
    float lambda_design;
    float lambda_eff;
    float coord_epoch;
    short spectrographId;
    short fiberId;
    float mag[5];
    char optical_prov[120];
    float bp_mag;
    float gaia_g_mag;
    float rp_mag;
    float h_mag;
    long catalogid;
    long carton_to_target_pk;
    char cadence[400];
    char firstcarton[400];
    char program[400];
    char category[400];
    long sdssv_boss_target0;
    long sdssv_apogee_target0;
    double delta_ra;
    double delta_dec;
    long too_id;
    char too_program[80];
} FIBERMAP;

FIBERMAP 4 R+1C12 APOGEE 0 0 0 1 0 0 -21.294652886558502 23.979729563856004 143.1 -21.85178069864445 -23.472903861063116 20.899002 117.26542 -999.0 -999.0 -999.0 -999.0 -999.0 96.22134439214982 -32.243440961367504 96.11002587500678 -32.256570325564816 38.15200383716591 109.90001597710369 -999.0 16600.0 -999.0 2 -999 {-999.0 -999.0 -999.0 -999.0 -999.0} "" -999.0 -999.0 -999.0 -999.0 -999 -999 "" "" "" "" 0 0 0.0 0.0 -999 ""
FIBERMAP 4 R+1C12 BOSS 1 1 0 1 0 0 -20.743686730243102 23.489124435952835 143.1 -21.415646891959355 -22.877892955800515 20.899002 117.26542 96.2232229018817 -32.241640389732964 -5.945087 19.93687 1.2270762 96.2232019217169 -32.24158088129344 96.11157670298657 -32.25477966470469 38.150310324925364 109.89819153063794 5400.0 5400.0 2016.0 1 22 {-999.0 14.565294 14.211234 14.097454 -999.0} sdss_psfmag_from_g3xp 14.505342 14.219845 13.76799 12.96 63050395078130486 1096051114 bright_1x1 mwm_bin_vis_boss mwm_filler science 0 0 0.0 0.0 -999 ""
FIBERMAP 4 R+1C12 METROLOGY 0 0 0 1 0 0 -21.444477519111288 23.246892067355915 143.1 -21.108040967016738 -23.552545724018174 20.899002 117.26542 -999.0 -999.0 -999.0 -999.0 -999.0 96.22422283590721 -32.24364801568903 96.11267776087465 -32.25683100440467 38.14988418377581 109.90100452021034 -999.0 6231.0 -999.0 -1 -999 {-999.0 -999.0 -999.0 -999.0 -999.0} "" -999.0 -999.0 -999.0 -999.0 -999 -999 "" "" "" "" 0 0 0.0 0.0 -999 ""
FIBERMAP 6 R+3C2 APOGEE 0 0 0 1 0 0 -225.3549073045657 39.517601471499134 143.1 -17.965282110484512 -228.08574270308227 0.07684708 39.012413 -999.0 -999.0 -999.0 -999.0 -999.0 96.23738941173623 -32.862763778767416 96.12373152108961 -32.87575937573373 38.282946217898264 110.67043985822042 -999.0 16600.0 -999.0 2 -999 {-999.0 -999.0 -999.0 -999.0 -999.0} "" -999.0 -999.0 -999.0 -999.0 -999 -999 "" "" "" "" 0 0 0.0 0.0 -999 ""
FIBERMAP 6 R+3C2 BOSS 1 1 0 1 0 0 -225.90717415806614 39.062237341484 143.1 -17.459593341519515 -228.59232733722476 0.07684708 39.012413 96.2395333477649 -32.864276889496296 -1.106963 5.532547 0.41806525 96.23952941410472 -32.8642603757095 96.12555049926381 -32.877322731534946 38.28181074211534 110.67281922412047 5400.0 5400.0 2016.0 1 75 {-999.0 16.881203 16.493645 16.372381 -999.0} sdss_psfmag_gaia 16.828415 16.516499 16.05312 15.243 63050395078124862 976855596 "" ops_std_boss ops_std standard_boss 0 0 0.0 0.0 -999 ""
FIBERMAP 6 R+3C2 METROLOGY 0 0 0 1 0 0 -226.05602612178998 39.778236505464506 143.1 -18.158242563118492 -228.80841681944176 0.07684708 39.012413 -999.0 -999.0 -999.0 -999.0 -999.0 96.23692024842475 -32.864968512706646 96.1230287735579 -32.87800600265663 38.28402808268605 110.67305852650384 -999.0 6231.0 -999.0 -1 -999 {-999.0 -999.0 -999.0 -999.0 -999.0} "" -999.0 -999.0 -999.0 -999.0 -999 -999 "" "" "" "" 0 0 0.0 0.0 -999 ""
FIBERMAP 13 R-1C1 APOGEE 1 1 0 1 0 0 -285.7204613573932 -28.702027336186553 143.1 55.671819427598045 -281.7084732629051 220.69308 135.03453 96.50353355121652 -33.02273666746186 -0.46994022 0.93411326 0.80722064 96.50353187825974 -33.02273387927998 96.38914970856487 -33.036429200007774 38.102200514255046 110.93350038298266 16000.0 16600.0 2016.0 2 255 {-999.0 11.757307 10.909963 10.600346 -999.0} sdss_psfmag_from_g3xp 11.459167 10.955143 10.219164 8.774 63050395078118665 1105541038 bright_1x1 mwm_tess_rgb_apogee mwm_tessrgb science 0 0 0.0 0.0 -999 ""
FIBERMAP 13 R-1C1 BOSS 0 0 0 1 0 0 -286.45776582386884 -28.653861639919903 143.1 55.693801291467565 -282.44701788998964 220.69308 135.03453 -999.0 -999.0 -999.0 -999.0 -999.0 96.50392943887513 -33.024851116530506 96.38922150244406 -33.038608429285524 38.10263285182851 110.93621576922808 -999.0 5400.0 -999.0 1 525 {-999.0 -999.0 -999.0 -999.0 -999.0} "" -999.0 -999.0 -999.0 -999.0 -999 -999 "" "" "" "" 0 0 0.0 0.0 -999 ""
FIBERMAP 13 R-1C1 METROLOGY 0 0 0 1 0 0 -286.06098365092646 -28.033334314955923 143.1 55.03844191436119 -282.1108811034511 220.69308 135.03453 -999.0 -999.0 -999.0 -999.0 -999.0 96.501487487368 -33.023935013683555 96.38687401407896 -33.037668315947194 38.104338367741256 110.93448833690923 -999.0 6231.0 -999.0 -1 -999 {-999.0 -999.0 -999.0 -999.0 -999.0} "" -999.0 -999.0 -999.0 -999.0 -999 -999 "" "" "" "" 0 0 0.0 0.0 -999 ""
FIBERMAP 15 R-1C25 APOGEE 0 0 0 1 0 0 253.93089003902836 -9.457010710738784 143.1 -14.669925468659207 253.68161803069333 90.68004 136.3811 -999.0 -999.0 -999.0 -999.0 -999.0 96.24471242440703 -31.404489817497023 96.13648566556157 -31.417929053923306 37.929654304705544 108.87287625679573 -999.0 16600.0 -999.0 2 -999 {-999.0 -999.0 -999.0 -999.0 -999.0} "" -999.0 -999.0 -999.0 -999.0 -999 -999 "" "" "" "" 0 0 0.0 0.0 -999 ""
FIBERMAP 15 R-1C25 BOSS 1 1 0 1 0 0 254.39167175876284 -8.92322197492826 143.1 -15.245007869837561 254.08969225438244 90.68004 136.3811 96.24298095703125 -31.403188360472782 -999.0 -999.0 -999.0 96.24298095703125 -31.40318836047278 96.13444776184069 -31.41669028814848 37.93103768672138 108.87081415223007 5400.0 5400.0 2015.5 1 336 {-999.0 -999.0 -999.0 -999.0 -999.0} "" -999.0 -999.0 -999.0 -999.0 27021603127959155 819174446 "" ops_sky_boss_good ops_sky sky_boss 0 0 0.0 0.0 -999 ""
FIBERMAP 15 R-1C25 METROLOGY 0 0 0 1 0 0 254.65919263287321 -9.627520383763327 143.1 -14.56926182032504 254.42280521665964 90.68004 136.3811 -999.0 -999.0 -999.0 -999.0 -999.0 96.24528309212403 -31.40215662024614 96.13684100088693 -31.415646281907524 37.928801931786786 108.87016410293415 -999.0 6231.0 -999.0 -1 -999 {-999.0 -999.0 -999.0 -999.0 -999.0} "" -999.0 -999.0 -999.0 -999.0 -999 -999 "" "" "" "" 0 0 0.0 0.0 -999 ""
FIBERMAP 24 R+3C10 APOGEE 0 0 0 1 0 0 -58.65673073864691 45.95940283363841 143.1 -40.188607397458156 -62.7510086090061 254.347 121.61063 -999.0 -999.0 -999.0 -999.0 -999.0 96.15577289961728 -32.36281250388691 96.04403676588862 -32.37572357876486 38.233959979721995 110.03095786697759 -999.0 16600.0 -999.0 2 -999 {-999.0 -999.0 -999.0 -999.0 -999.0} "" -999.0 -999.0 -999.0 -999.0 -999 -999 "" "" "" "" 0 0 0.0 0.0 -999 ""
FIBERMAP 24 R+3C10 BOSS 1 1 0 1 0 0 -59.37601216868018 45.76507189365458 143.1 -39.92693291956381 -63.44861179630267 254.347 121.61063 96.15703133423875 -32.36493218915419 -8.3534775 9.800142 4.4648995 96.15700181473868 -32.36490293726012 96.0449458884955 -32.37787982034787 38.23371254261667 110.03385469627948 5400.0 5400.0 2016.0 1 24 {-999.0 19.702314 17.723127 15.893837 -999.0} sdss_psfmag_gaia 18.438585 16.628986 15.344278 12.9 63050395078129678 1075851425 bright_1x1 mwm_erosita_stars_boss mwm_erosita science 0 0 0.0 0.0 -999 ""
FIBERMAP 24 R+3C10 METROLOGY 0 0 0 1 0 0 -59.193248356935975 46.480600552418466 143.1 -40.656566083329615 -63.33453777113434 254.347 121.61063 -999.0 -999.0 -999.0 -999.0 -999.0 96.15428600823903 -32.36458384483417 96.0423196679892 -32.37753532571637 38.235790349349855 110.03277406990449 -999.0 6231.0 -999.0 -1 -999 {-999.0 -999.0 -999.0 -999.0 -999.0} "" -999.0 -999.0 -999.0 -999.0 -999 -999 "" "" "" "" 0 0 0.0 0.0 -999 ""
FIBERMAP 27 R-2C1 APOGEE 1 1 0 1 0 0 -275.79414609934713 -55.04641956159842 143.1 80.95582655112871 -269.3283130078757 279.68832 80.13772 96.59450083474152 -32.985039217050506 -0.88139164 -1.3963964 0.6863243 96.59449769838457 -32.98504338507512 96.48021948941391 -32.999004501766436 38.0193584292488 110.90910368266707 16000.0 16600.0 2016.0 2 256 {-999.0 12.187546 11.197309 10.855422 -999.0} sdss_psfmag_from_g3xp 11.854838 11.240841 10.4939575 8.94 63050395078120834 1105541039 bright_1x1 mwm_tess_rgb_apogee mwm_tessrgb science 0 0 0.0 0.0 -999 ""
FIBERMAP 27 R-2C1 BOSS 0 0 0 1 0 0 -276.54048513571803 -55.073262476234646 143.1 81.0533353315077 -270.0687371806875 279.68832 80.13772 -999.0 -999.0 -999.0 -999.0 -999.0 96.5951678850842 -32.98717533002036 96.48056305830704 -33.001199684220225 38.01957475678069 110.9119006097456 -999.0 5400.0 -999.0 1 526 {-999.0 -999.0 -999.0 -999.0 -999.0} "" -999.0 -999.0 -999.0 -999.0 -999 -999 "" "" "" "" 0 0 0.0 0.0 -999 ""
FIBERMAP 27 R-2C1 METROLOGY 0 0 0 1 0 0 -276.1849277182091 -54.410540558850315 143.1 80.35988181574906 -269.77764103832885 279.68832 80.13772 -999.0 -999.0 -999.0 -999.0 -999.0 96.59259620171152 -32.98639348145165 96.47808558359623 -33.000393283645764 38.02141600548911 110.91030644792258 -999.0 6231.0 -999.0 -1 -999 {-999.0 -999.0 -999.0 -999.0 -999.0} "" -999.0 -999.0 -999.0 -999.0 -999 -999 "" "" "" "" 0 0 0.0 0.0 -999 ""
FIBERMAP 34 R-11C16 APOGEE 0 0 0 1 0 0 165.96990747397317 -226.18276467473984 143.1 209.42026076420626 186.67318739473936 258.7001 119.37798 -999.0 -999.0 -999.0 -999.0 -999.0 97.04109343134007 -31.603318151720355 96.931784055793 -31.618934184757023 37.32186312158936 109.32922681016615 -999.0 16600.0 -999.0 2 235 {-999.0 -999.0 -999.0 -999.0 -999.0} "" -999.0 -999.0 -999.0 -999.0 -999 -999 "" "" "" "" 0 0 0.0 0.0 -999 ""
FIBERMAP 34 R-11C16 BOSS 1 1 0 1 0 0 165.2506168401651 -226.41603834914943 143.1 209.72070306432664 185.97926859532083 258.7001 119.37798 97.0425059246071 -31.605363032877385 -3.7246008 6.03051 0.41699913 97.04249287114126 -31.605345032748527 96.93285618055134 -31.621033702790392 37.32149679445301 109.33206859642307 5400.0 5400.0 2016.0 1 345 {-999.0 15.066632 14.659636 14.533488 -999.0} sdss_psfmag_from_g3xp 14.991207 14.679805 14.203576 13.377 63050395078144532 933677229 bright_1x1 openfibertargets_nov2020_3 open_fiber science 0 0 0.0 0.0 -999 ""
FIBERMAP 34 R-11C16 METROLOGY 0 0 0 1 0 0 165.3991138019853 -225.68971926434136 143.1 208.98357824450923 186.05820702375442 258.7001 119.37798 -999.0 -999.0 -999.0 -999.0 -999.0 97.03984260097695 -31.6051024157347 96.93029832507955 -31.620764065328522 37.323540884301146 109.33106387858004 -999.0 6231.0 -999.0 -1 -999 {-999.0 -999.0 -999.0 -999.0 -999.0} "" -999.0 -999.0 -999.0 -999.0 -999 -999 "" "" "" "" 0 0 0.0 0.0 -999 ""
FIBERMAP 38 R+13C14 APOGEE 1 1 0 1 0 0 157.75301751778875 267.49169553241285 143.1 -281.24644640190076 131.67049835910987 97.1163 62.327133 95.29863240940723 -31.77315673532542 7.636536 -0.8788642 0.93498296 95.29865922131997 -31.773159358594768 95.1895062138707 -31.78384116380177 38.800338329155956 109.07984041791472 16000.0 16600.0 2016.0 2 57 {-999.0 11.695361 10.709848 10.3214655 -999.0} sdss_psfmag_from_g3xp 11.365659 10.727622 9.962225 8.32 63050395078201678 1105743690 bright_1x1 mwm_tess_rgb_apogee mwm_tessrgb science 0 0 0.0 0.0 -999 ""
FIBERMAP 38 R+13C14 BOSS 0 0 0 1 0 0 158.39397784602414 267.122282053489 143.1 -280.93949275083736 132.34360270377113 97.1163 62.327133 -999.0 -999.0 -999.0 -999.0 -999.0 95.30014493707237 -31.77109973847259 95.19069401010609 -31.781848591155352 38.79889036904679 109.07765784594184 -999.0 5400.0 -999.0 1 95 {-999.0 -999.0 -999.0 -999.0 -999.0} "" -999.0 -999.0 -999.0 -999.0 -999 -999 "" "" "" "" 0 0 0.0 0.0 -999 ""
FIBERMAP 38 R+13C14 METROLOGY 0 0 0 1 0 0 157.73526317242033 266.7479611230352 143.1 -280.50438524152594 131.72336415119028 97.1163 62.327133 -999.0 -999.0 -999.0 -999.0 -999.0 95.30149187013055 -31.7729581124274 95.1921197334525 -31.783692536963944 38.79814359048471 109.08032204568013 -999.0 6231.0 -999.0 -1 -999 {-999.0 -999.0 -999.0 -999.0 -999.0} "" -999.0 -999.0 -999.0 -999.0 -999 -999 "" "" "" "" 0 0 0.0 0.0 -999 ""
FIBERMAP 41 R+10C10 APOGEE 0 0 0 1 0 0 30.11294996724026 205.05874169023514 143.1 -206.98920218542105 10.52808625050831 57.499596 114.802765 -999.0 -999.0 -999.0 -999.0 -999.0 95.55861763880299 -32.139974130304815 95.44798289135156 -32.15127734627328 38.67244142324432 109.60332060871085 -999.0 16600.0 -999.0 2 -999 {-999.0 -999.0 -999.0 -999.0 -999.0} "" -999.0 -999.0 -999.0 -999.0 -999 -999 "" "" "" "" 0 0 0.0 0.0 -999 ""
FIBERMAP 41 R+10C10 BOSS 1 1 0 1 0 0 30.845324351269966 204.9560042114349 143.1 -206.95639100344943 11.266898947034631 57.499596 114.802765 95.55896703182142 -32.1376532936207 6.5128007 -5.769997 1.4792132 95.55898998922007 -32.13767051615681 95.44805684438839 -32.14903717877692 38.67186358496292 109.60054723950918 5400.0 5400.0 2016.0 1 127 {-999.0 14.679542 14.1188135 13.961912 -999.0} sdss_psfmag_from_g3xp 14.550353 14.167748 13.625153 12.698 63050395078199482 1075888105 bright_1x1 mwm_erosita_stars_boss mwm_erosita science 0 0 0.0 0.0 -999 ""
FIBERMAP 41 R+10C10 METROLOGY 0 0 0 1 0 0 30.40685311999104 204.37090511545938 143.1 -206.33234590739266 10.885901069585593 57.499596 114.802765 -999.0 -999.0 -999.0 -999.0 -999.0 95.56108548438641 -32.13884716781054 95.45023355438246 -32.15020184844183 38.670339141561826 109.60254347290135 -999.0 6231.0 -999.0 -1 -999 {-999.0 -999.0 -999.0 -999.0 -999.0} "" -999.0 -999.0 -999.0 -999.0 -999 -999 "" "" "" "" 0 0 0.0 0.0 -999 ""
FIBERMAP 47 R-6C12 APOGEE 0 0 0 1 0 0 21.73111300502764 -107.56531159300054 143.1 105.01866613060024 31.83512514758559 50.016735 153.15276 -999.0 -999.0 -999.0 -999.0 -999.0 96.67549739926211 -32.07371416886016 96.5646108464436 -32.08816628507571 37.73833540991369 109.80773137874877 -999.0 16600.0 -999.0 2 -999 {-999.0 -999.0 -999.0 -999.0 -999.0} "" -999.0 -999.0 -999.0 -999.0 -999 -999 "" "" "" "" 0 0 0.0 0.0 -999 ""
FIBERMAP 47 R-6C12 BOSS 1 1 0 1 0 0 22.384260865329495 -107.24153072187383 143.1 104.63439853404782 32.45461552138962 50.016735 153.15276 96.67431037458259 -32.071851190143754 51.103188 31.671043 0.6955683 96.6744903815894 -32.071756656909706 96.56329488147095 -32.08627252833793 37.73896614769427 109.80506936418887 5400.0 5400.0 2016.0 1 391 {-999.0 17.295343 16.765799 16.58653 -999.0} sdss_psfmag_gaia 17.181429 16.802614 16.254517 15.114 63050395078140753 1072959747 bright_1x1 mwm_halo_local_high_boss_single mwm_halo science 0 0 0.0 0.0 -999 ""
FIBERMAP 47 R-6C12 METROLOGY 0 0 0 1 0 0 22.333866233768944 -108.00824134142351 143.1 105.40242798149987 32.47716755781307 50.016735 153.15276 -999.0 -999.0 -999.0 -999.0 -999.0 96.67716051457431 -32.071689166312936 96.5660536179115 -32.08619384500019 37.73667755723864 109.80567826252172 -999.0 6231.0 -999.0 -1 -999 {-999.0 -999.0 -999.0 -999.0 -999.0} "" -999.0 -999.0 -999.0 -999.0 -999 -999 "" "" "" "" 0 0 0.0 0.0 -999 ""
FIBERMAP 48 R-6C4 APOGEE 0 0 0 1 0 0 -142.31396139171085 -130.78258373130265 143.1 143.6901034595429 -129.26740179495602 9.462568 50.826134 -999.0 -999.0 -999.0 -999.0 -999.0 96.8178904223273 -32.56122322584367 96.70511857623978 -32.5759331575366 37.73808855463026 110.44252993234147 -999.0 16600.0 -999.0 2 -999 {-999.0 -999.0 -999.0 -999.0 -999.0} "" -999.0 -999.0 -999.0 -999.0 -999 -999 "" "" "" "" 0 0 0.0 0.0 -999 ""
FIBERMAP 48 R-6C4 BOSS 1 1 0 1 0 0 -142.6860925792581 -131.4118781891181 143.1 144.35185235573584 -129.57816734447792 9.462568 50.826134 96.82063710742345 -32.562109195047604 1.4946828 -2.206449 0.074985065 96.82064240090877 -32.56211578095245 96.70754695637312 -32.57689771118258 37.736323850635074 110.44431977433692 5400.0 5400.0 2016.0 1 491 {-999.0 15.87893 15.104525 14.818747 -999.0} sdss_psfmag_gaia 15.659268 15.147073 14.473132 13.121 63050395078132680 944171870 bright_1x1 openfibertargets_nov2020_6b open_fiber science 0 0 0.0 0.0 -999 ""
FIBERMAP 48 R-6C4 METROLOGY 0 0 0 1 0 0 -143.0618639103752 -130.79441755450586 143.1 143.77281918815655 -130.01080594007263 9.462568 50.826134 -999.0 -999.0 -999.0 -999.0 -999.0 96.81850618656452 -32.563478372361054 96.70549691671027 -32.57823561636585 37.7383158172799 110.4454551277324 -999.0 6231.0 -999.0 -1 -999 {-999.0 -999.0 -999.0 -999.0 -999.0} "" -999.0 -999.0 -999.0 -999.0 -999 -999 "" "" "" "" 0 0 0.0 0.0 -999 ""
FIBERMAP 50 R-4C21 APOGEE 1 1 0 1 0 0 216.92771836977377 -74.4883004180086 143.1 53.5774079065551 223.01341329088447 28.694191 98.186295 96.48719210931964 -31.496003169357436 -0.6172685 1.4437978 0.26170856 96.48738630446533 -31.495998859846907 96.3787157990049 -31.51009201457014 37.75187653047785 109.05005805051717 16000.0 16600.0 2016.0 2 225 {-999.0 12.985045 11.569867 10.114775 -999.0} sdss_psfmag_from_g3xp 12.433361 10.855198 9.640029 6.947 63050395078210653 1151850730 bright_1x1 mwm_galactic_core_dist_apogee_sparse mwm_galactic science 0 0 0.6027411818504333 0.0 -999 ""
FIBERMAP 50 R-4C21 BOSS 0 0 0 1 0 0 217.3844562218319 -75.04968860859141 143.1 54.09294241301771 223.52133470040792 28.694191 98.186295 -999.0 -999.0 -999.0 -999.0 -999.0 96.48952972633245 -31.49436032931887 96.38054979863074 -31.50852767116436 37.74997742686923 109.0486240986283 -999.0 5400.0 -999.0 1 323 {-999.0 -999.0 -999.0 -999.0 -999.0} "" -999.0 -999.0 -999.0 -999.0 -999 -999 "" "" "" "" 0 0 0.0 0.0 -999 ""
FIBERMAP 50 R-4C21 METROLOGY 0 0 0 1 0 0 216.6462961896203 -75.17718229004437 143.1 54.2898718855581 222.79859890259655 28.694191 98.186295 -999.0 -999.0 -999.0 -999.0 -999.0 96.49016629351797 -31.49651693900857 96.38126725030105 -31.510666246163538 37.749908109154156 109.05143588033008 -999.0 6231.0 -999.0 -1 -999 {-999.0 -999.0 -999.0 -999.0 -999.0} "" -999.0 -999.0 -999.0 -999.0 -999 -999 "" "" "" "" 0 0 0.0 0.0 -999 ""
FIBERMAP 51 R+5C4 APOGEE 0 0 0 1 0 0 -181.0044627851013 114.84982506284601 143.1 -97.16390866567697 -191.08042933001343 200.90356 19.467487 -999.0 -999.0 -999.0 -999.0 -999.0 95.95168999671452 -32.7512641095878 95.83858106587093 -32.763491622915325 38.49110541939981 110.46198049740369 -999.0 16600.0 -999.0 2 -999 {-999.0 -999.0 -999.0 -999.0 -999.0} "" -999.0 -999.0 -999.0 -999.0 -999 -999 "" "" "" "" 0 0 0.0 0.0 -999 ""
FIBERMAP 51 R+5C4 BOSS 1 1 0 1 0 0 -180.49175546528394 115.33985152031067 143.1 -97.70035124759843 -190.6165132322211 200.90356 19.467487 95.94984153817927 -32.7498572932594 0.8479391 4.8099494 0.7176551 95.95004129748544 -32.74984293631336 95.83662690698323 -32.76212687003038 38.492399163421354 110.45980878818605 5400.0 5400.0 2016.0 1 38 {-999.0 13.550431 13.333861 13.288319 -999.0} sdss_psfmag_from_g3xp 13.544217 13.326079 12.962145 12.38 63050395078126377 946227695 bright_1x1 openfibertargets_nov2020_9 open_fiber science 0 0 0.5957087874412537 0.0 -999 ""
FIBERMAP 51 R+5C4 METROLOGY 0 0 0 1 0 0 -180.29584337790342 114.61033236454679 143.1 -96.9927065120426 -190.35229374008009 200.90356 19.467487 -999.0 -999.0 -999.0 -999.0 -999.0 95.95248098635375 -32.749096005007075 95.8391564194302 -32.76136980577798 38.49015613100062 110.45947851316822 -999.0 6231.0 -999.0 -1 -999 {-999.0 -999.0 -999.0 -999.0 -999.0} "" -999.0 -999.0 -999.0 -999.0 -999 -999 "" "" "" "" 0 0 0.0 0.0 -999 ""
FIBERMAP 60 R-3C7 APOGEE 0 0 0 1 0 0 -132.32051100750243 -66.06897139243883 143.1 78.32076884430914 -125.45686777289296 211.62326 127.07088 -999.0 -999.0 -999.0 -999.0 -999.0 96.58294124816545 -32.55141851035575 96.47030859085692 -32.56547234706554 37.928105401927205 110.37135666856886 -999.0 16600.0 -999.0 2 290 {-999.0 -999.0 -999.0 -999.0 -999.0} "" -999.0 -999.0 -999.0 -999.0 -999 -999 "" "" "" "" 0 0 0.0 0.0 -999 ""
FIBERMAP 60 R-3C7 BOSS 1 1 0 1 0 0 -132.95431470980213 -65.69377212917236 143.1 78.00737675053254 -126.1233965528407 211.62326 127.07088 96.58218383789062 -32.553435135728876 -999.0 -999.0 -999.0 96.58218383789062 -32.553435135728876 96.46922697581887 -32.56754996009511 37.929474013096446 110.37365075913249 5400.0 5400.0 2015.5 1 476 {-999.0 -999.0 -999.0 -999.0 -999.0} "" -999.0 -999.0 -999.0 -999.0 27021603127945451 819170366 "" ops_sky_boss_good ops_sky sky_boss 0 0 0.0 0.0 -999 ""
FIBERMAP 60 R-3C7 METROLOGY 0 0 0 1 0 0 -132.31414720513442 -65.32196976436171 143.1 77.57653555705211 -125.52138257333205 211.62326 127.07088 -999.0 -999.0 -999.0 -999.0 -999.0 96.58054423799136 -32.55165358199779 96.46768459486304 -32.565746275526536 37.930320069135504 110.37104418255575 -999.0 6231.0 -999.0 -1 -999 {-999.0 -999.0 -999.0 -999.0 -999.0} "" -999.0 -999.0 -999.0 -999.0 -999 -999 "" "" "" "" 0 0 0.0 0.0 -999 ""
FIBERMAP 73 R-11C14 APOGEE 1 1 0 1 0 0 138.47674859700135 -203.54556256260108 143.1 189.49284894233978 157.15709015121809 68.44318 75.80345 96.97167742550818 -31.692640470403454 1.8840574 3.5919766 0.6655135 96.97202882709895 -31.69262974891529 96.86242176805337 -31.7080255941847 37.40101190638392 109.41958704725654 16000.0 16600.0 2016.0 2 232 {-999.0 11.36336 10.026101 8.655417 -999.0} sdss_psfmag_from_g3xp 10.847068 9.389855 8.185255 5.611 63050395078143857 1151850735 bright_1x1 mwm_galactic_core_dist_apogee_sparse mwm_galactic science 0 0 1.0561553239822388 0.0 -999 ""
FIBERMAP 73 R-11C14 BOSS 0 0 0 1 0 0 138.98008487454166 -204.05866948273408 143.1 189.95590045774728 157.70682037385922 68.44318 75.80345 -999.0 -999.0 -999.0 -999.0 -999.0 96.9739820618603 -31.690879497426238 96.8640613546001 -31.706350023694554 37.399248512297675 109.4179731686497 -999.0 5400.0 -999.0 1 341 {-999.0 -999.0 -999.0 -999.0 -999.0} "" -999.0 -999.0 -999.0 -999.0 -999 -999 "" "" "" "" 0 0 0.0 0.0 -999 ""
FIBERMAP 73 R-11C14 METROLOGY 0 0 0 1 0 0 138.25597633757218 -204.25804495674072 143.1 190.22305452918155 157.00489032115104 68.44318 75.80345 -999.0 -999.0 -999.0 -999.0 -999.0 96.97490885907642 -31.692984852382075 96.86507038142895 -31.708437894347 37.39892863601255 109.42078611776913 -999.0 6231.0 -999.0 -1 -999 {-999.0 -999.0 -999.0 -999.0 -999.0} "" -999.0 -999.0 -999.0 -999.0 -999 -999 "" "" "" "" 0 0 0.0 0.0 -999 ""
FIBERMAP 85 R+2C11 APOGEE 0 0 0 1 0 0 -44.99241454063516 47.546444466710064 143.1 -43.064486575455824 -49.298896346462215 44.838444 154.7157 -999.0 -999.0 -999.0 -999.0 -999.0 96.14533690212386 -32.32199466804849 96.03375832236634 -32.334888306048924 38.23293757365163 109.97782501071316 -999.0 16600.0 -999.0 2 15 {-999.0 -999.0 -999.0 -999.0 -999.0} "" -999.0 -999.0 -999.0 -999.0 -999 -999 "" "" "" "" 0 0 0.0 0.0 -999 ""
FIBERMAP 85 R+2C11 BOSS 1 1 0 1 0 0 -44.31595805518601 47.806669996966285 143.1 -43.38769643847631 -48.65017461173954 44.838444 154.7157 96.1444513399384 -32.31999273416249 0.1186539 -0.11182278 -0.18391961 96.14445175902922 -32.31999306793597 96.03256838210203 -32.33294786325595 38.233465188220116 109.97512503227546 5400.0 5400.0 2016.0 1 23 {-999.0 18.59973 18.41097 18.249645 18.131708} sdss_psfmag_from_gaiadr2 18.619022 18.413172 17.976408 -999.0 63050395078129788 1057636855 bright_flexible_2x1 bhm_gua_bright bhm_filler science 0 0 0.0 0.0 -999 ""
FIBERMAP 85 R+2C11 METROLOGY 0 0 0 1 0 0 -44.42947870811481 47.064558709435985 143.1 -42.63816805276321 -48.69279679001804 44.838444 154.7157 -999.0 -999.0 -999.0 -999.0 -999.0 96.14705335745582 -32.320140949530604 96.0352568318155 -32.333085128184656 38.23128744724084 109.97596630749979 -999.0 6231.0 -999.0 -1 -999 {-999.0 -999.0 -999.0 -999.0 -999.0} "" -999.0 -999.0 -999.0 -999.0 -999 -999 "" "" "" "" 0 0 0.0 0.0 -999 ""
FIBERMAP 89 R-9C1 APOGEE 0 0 0 1 0 0 -184.1937031027235 -160.58418833245244 143.1 177.32929798667726 -168.13154745738942 83.021965 99.62371 -999.0 -999.0 -999.0 -999.0 -999.0 96.93931744599617 -32.677448915823746 96.8260552190821 -32.69246583115739 37.6662016008487 110.61575563651735 -999.0 16600.0 -999.0 2 258 {-999.0 -999.0 -999.0 -999.0 -999.0} "" -999.0 -999.0 -999.0 -999.0 -999 -999 "" "" "" "" 0 0 0.0 0.0 -999 ""
FIBERMAP 89 R-9C1 BOSS 1 1 0 1 0 0 -183.46151707385397 -160.54033231544224 143.1 177.21619525164832 -167.40682602551743 83.021965 99.62371 96.93923950195312 -32.67521859077095 -999.0 -999.0 -999.0 96.93923950195312 -32.67521859077095 96.82566538546133 -32.690300447503844 37.66601686302824 110.61299876697497 5400.0 5400.0 2015.5 1 352 {-999.0 -999.0 -999.0 -999.0 -999.0} "" -999.0 -999.0 -999.0 -999.0 27021603127946600 819170624 "" ops_sky_boss_good ops_sky sky_boss 0 0 0.0 0.0 -999 ""
FIBERMAP 89 R-9C1 METROLOGY 0 0 0 1 0 0 -183.7880008905878 -161.2070713475816 143.1 177.9108902437294 -167.66859879759065 83.021965 99.62371 -999.0 -999.0 -999.0 -999.0 -999.0 96.94167832844775 -32.67602716849027 96.82819083922271 -32.69109735565406 37.66413519466646 110.6146026461596 -999.0 6231.0 -999.0 -1 -999 {-999.0 -999.0 -999.0 -999.0 -999.0} "" -999.0 -999.0 -999.0 -999.0 -999 -999 "" "" "" "" 0 0 0.0 0.0 -999 ""
FIBERMAP 92 R-1C26 APOGEE 0 0 0 1 0 0 274.8476341927375 -26.806035821227603 143.1 0.6169243843524166 276.1494253466455 192.28444 151.80833 -999.0 -999.0 -999.0 -999.0 -999.0 96.29867195786242 -31.336940284054304 96.19066791292505 -31.350550658332537 37.868291904652544 108.80446649754953 -999.0 16600.0 -999.0 2 229 {-999.0 -999.0 -999.0 -999.0 -999.0} "" -999.0 -999.0 -999.0 -999.0 -999 -999 "" "" "" "" 0 0 0.0 0.0 -999 ""
FIBERMAP 92 R-1C26 BOSS 1 1 0 1 0 0 274.0789361207235 -26.609637893341922 143.1 0.49432067574221494 275.3655696361222 192.28444 151.80833 96.29855795998125 -31.33923402756881 0.2385966 -0.07689614 -0.13004719 96.29855879380763 -31.339234257091743 96.19023405579958 -31.352911273363087 37.869231199043405 108.80724976655365 5400.0 5400.0 2016.0 1 338 {-999.0 19.52706 19.201035 19.104568 -999.0} sdss_psfmag_gaia 19.48824 19.215631 18.779482 -999.0 63050395078216321 1116444458 bright_1x1 openfibertargets_bhm_quaia_boss open_fiber science 0 0 0.0 0.0 -999 ""
FIBERMAP 92 R-1C26 METROLOGY 0 0 0 1 0 0 274.6487752128323 -26.076207681212875 143.1 -0.09074844069424406 275.8822429582525 192.28444 151.80833 -999.0 -999.0 -999.0 -999.0 -999.0 96.2963925426465 -31.337658977856275 96.18816303539347 -31.351311213157228 37.870552366962386 108.80473446249755 -999.0 6231.0 -999.0 -1 -999 {-999.0 -999.0 -999.0 -999.0 -999.0} "" -999.0 -999.0 -999.0 -999.0 -999 -999 "" "" "" "" 0 0 0.0 0.0 -999 ""
FIBERMAP 101 R-9C6 APOGEE 0 0 0 1 0 0 -63.653734250034965 -159.20491097476656 143.1 164.5235513525443 -48.266507201257504 111.4509 33.727802 -999.0 -999.0 -999.0 -999.0 -999.0 96.89057674843018 -32.31527584011463 96.77869568802066 -32.33026111874815 37.619969016064786 110.15927479626691 -999.0 16600.0 -999.0 2 181 {-999.0 -999.0 -999.0 -999.0 -999.0} "" -999.0 -999.0 -999.0 -999.0 -999 -999 "" "" "" "" 0 0 0.0 0.0 -999 ""
FIBERMAP 101 R-9C6 BOSS 1 1 0 1 0 0 -63.03742211103607 -159.6412282414898 143.1 164.89944456602856 -47.61159425018972 111.4509 33.727802 96.8922995154395 -32.31324030121223 -0.8947925 3.3417606 0.29662195 96.89229635522875 -32.313230326579806 96.78010303642553 -32.32828684929639 37.61834586046077 110.15720909198303 5400.0 5400.0 2016.0 1 374 {-999.0 17.722387 17.4342 17.352966 -999.0} sdss_psfmag_gaia 17.698612 17.44308 17.031113 16.468 63050395078133459 976855739 "" ops_std_boss ops_std standard_boss 0 0 0.0 0.0 -999 ""
FIBERMAP 101 R-9C6 METROLOGY 0 0 0 1 0 0 -63.688548305645995 -159.94571967245005 143.1 165.26431804751968 -48.230901604037385 111.4509 33.727802 -999.0 -999.0 -999.0 -999.0 -999.0 96.89355197725037 -32.315121490388904 96.78144137463698 -32.33016232930321 37.61769164193692 110.1598477459996 -999.0 6231.0 -999.0 -1 -999 {-999.0 -999.0 -999.0 -999.0 -999.0} "" -999.0 -999.0 -999.0 -999.0 -999 -999 "" "" "" "" 0 0 0.0 0.0 -999 ""
FIBERMAP 105 R-2C23 APOGEE 1 1 0 1 0 0 207.72363363834646 -48.90226768801487 143.1 28.979836644699045 211.42415057937666 255.96773 64.13869 96.40021166954713 -31.531163521469562 2.807619 -2.1060748 1.8665559 96.40022150147834 -31.531169807772816 96.29146144356756 -31.54500814299502 37.83252897029966 109.06990192991148 16000.0 16600.0 2016.0 2 203 {-999.0 9.866353 10.112343 10.304666 -999.0} sdss_psfmag_from_g3xp 9.998166 10.003233 9.982104 10.009 63050395078208233 974896828 "" ops_std_apogee ops_std standard_apogee 0 0 0.0 0.0 -999 ""
FIBERMAP 105 R-2C23 BOSS 0 0 0 1 0 0 207.16827947230914 -48.426560004237686 143.1 28.558949219745603 210.8261844298122 255.96773 64.13869 -999.0 -999.0 -999.0 -999.0 -999.0 96.3990570245117 -31.53285998802706 96.28997702547906 -31.546761747298472 37.83418345771069 109.07166458729012 -999.0 5400.0 -999.0 1 286 {-999.0 -999.0 -999.0 -999.0 -999.0} "" -999.0 -999.0 -999.0 -999.0 -999 -999 "" "" "" "" 0 0 0.0 0.0 -999 ""
FIBERMAP 105 R-2C23 METROLOGY 0 0 0 1 0 0 207.8684103711054 -48.17730821210783 143.1 28.24441814424381 211.4995145246671 255.96773 64.13869 -999.0 -999.0 -999.0 -999.0 -999.0 96.39784339768714 -31.530822482702106 96.28886030064797 -31.544702392053193 37.83460419873763 109.06884196357066 -999.0 6231.0 -999.0 -1 -999 {-999.0 -999.0 -999.0 -999.0 -999.0} "" -999.0 -999.0 -999.0 -999.0 -999 -999 "" "" "" "" 0 0 0.0 0.0 -999 ""
FIBERMAP 109 R-5C5 APOGEE 1 0 1 1 0 0 -148.37506439158838 -89.7899551656369 143.1 103.45738256196223 -139.1891190541116 10.008891 171.48161 96.62185131859938 -32.57231997022546 -0.31720492 1.3969598 0.934582 96.6735755355974 -32.59238395350571 96.56074911802352 -32.606680087774514 37.863540448401174 110.44455380404702 16000.0 16600.0 2016.0 2 295 {-999.0 12.045954 11.208844 10.91341 -999.0} sdss_psfmag_from_g3xp 11.780757 11.258088 10.541003 9.117 63050395078123564 1106553051 bright_1x1 mwm_tess_rgb_apogee mwm_tessrgb science 0 0 0.0 0.0 -999 ""
FIBERMAP 109 R-5C5 BOSS 0 0 1 1 0 0 -147.64721419673106 -89.59823140683763 143.1 103.19749078627285 -138.48273850100395 10.008891 171.48161 -999.0 -999.0 -999.0 -999.0 -999.0 96.67299221830125 -32.59024009550276 96.55985626486671 -32.60459909262339 37.86378920292108 110.44176875647798 -999.0 5400.0 -999.0 1 486 {-999.0 -999.0 -999.0 -999.0 -999.0} "" -999.0 -999.0 -999.0 -999.0 -999 -999 "" "" "" "" 0 0 0.0 0.0 -999 ""
FIBERMAP 109 R-5C5 METROLOGY 0 0 1 1 0 0 -147.8443645451154 -90.31823160712314 143.1 103.93293980813647 -138.61071001646584 10.008891 171.48161 -999.0 -999.0 -999.0 -999.0 -999.0 96.67556419093158 -32.59064375595665 96.56251565981296 -32.60499175222942 37.86170117584438 110.44291102054518 -999.0 6231.0 -999.0 -1 -999 {-999.0 -999.0 -999.0 -999.0 -999.0} "" -999.0 -999.0 -999.0 -999.0 -999 -999 "" "" "" "" 0 0 0.0 0.0 -999 ""
FIBERMAP 111 R+1C26 APOGEE 0 0 1 1 0 0 280.8416274413328 27.093674705970617 143.1 -53.60799048561866 277.00420740488516 9.9943 170.19539 -999.0 -999.0 -999.0 -999.0 -999.0 96.10668777376311 -31.334917724166328 95.99877765557056 -31.347990292678762 38.02653795364632 108.7503632450233 -999.0 16600.0 -999.0 2 107 {-999.0 -999.0 -999.0 -999.0 -999.0} "" -999.0 -999.0 -999.0 -999.0 -999 -999 "" "" "" "" 0 0 0.0 0.0 -999 ""
FIBERMAP 111 R+1C26 BOSS 1 0 1 1 0 0 281.58647192338157 27.09365034407077 143.1 -53.67861151469587 277.7456920148013 9.9943 170.19539 96.0938430012249 -31.339309375298008 6.574859 -1.8804048 1.2743932 96.10675491028867 -31.332653201726394 95.99854231510358 -31.345793583026197 38.02619541193423 108.7475968981523 5400.0 5400.0 2016.0 1 183 {-999.0 12.65435 12.289993 12.193087 -999.0} sdss_psfmag_from_g3xp 12.599401 12.312157 11.865889 11.121 63050395078214127 996795486 bright_1x1 mwm_bin_gaia_sb_boss mwm_bin science 0 0 0.9770247340202332 0.0 -999 ""
FIBERMAP 111 R+1C26 METROLOGY 0 0 1 1 0 0 281.22564215812645 26.441604637989006 143.1 -52.995285959065946 277.4483347312386 9.9943 170.19539 -999.0 -999.0 -999.0 -999.0 -999.0 96.10907202561188 -31.333499909827083 96.00094332924112 -31.346627567397206 38.02441121792889 108.74926031335946 -999.0 6231.0 -999.0 -1 -999 {-999.0 -999.0 -999.0 -999.0 -999.0} "" -999.0 -999.0 -999.0 -999.0 -999 -999 "" "" "" "" 0 0 0.0 0.0 -999 ""
FIBERMAP 112 R-4C23 APOGEE 1 1 0 1 0 0 260.54600654450456 -61.07166954812688 143.1 36.08433271374817 265.1623016907398 119.77554 27.445217 96.42445694530142 -31.369515143208364 2.8425994 -3.6373613 0.21039787 96.42446688256786 -31.369526000162054 96.31628743360956 -31.3834797102856 37.77242421326976 108.87826530832572 16000.0 16600.0 2016.0 2 237 {-999.0 13.514979 12.12802 11.523164 -999.0} sdss_psfmag_from_g3xp 12.983694 12.104892 11.162409 9.192 63050395078211249 1151850743 bright_1x1 mwm_galactic_core_dist_apogee_sparse mwm_galactic science 0 0 0.0 0.0 -999 ""
FIBERMAP 112 R-4C23 BOSS 0 0 0 1 0 0 261.1486065545464 -61.47786424123347 143.1 36.43153986127166 265.80070741260545 119.77554 27.445217 -999.0 -999.0 -999.0 -999.0 -999.0 96.42599767855998 -31.367542591978083 96.31751110008088 -31.381569161132887 37.77094143363799 108.87624791780053 -999.0 5400.0 -999.0 1 347 {-999.0 -999.0 -999.0 -999.0 -999.0} "" -999.0 -999.0 -999.0 -999.0 -999 -999 "" "" "" "" 0 0 0.0 0.0 -999 ""
FIBERMAP 112 R-4C23 METROLOGY 0 0 0 1 0 0 260.50684879563056 -61.81632537644758 143.1 36.82934115418568 265.19394808558394 119.77554 27.445217 -999.0 -999.0 -999.0 -999.0 -999.0 96.42733781028346 -31.369327093127545 96.31893296357936 -31.383337631091024 37.77020018388831 108.87879429147267 -999.0 6231.0 -999.0 -1 -999 {-999.0 -999.0 -999.0 -999.0 -999.0} "" -999.0 -999.0 -999.0 -999.0 -999 -999 "" "" "" "" 0 0 0.0 0.0 -999 ""
FIBERMAP 113 R-7C11 APOGEE 0 0 0 1 0 0 -2.163225241440534 -133.63130331562607 143.1 133.2332722964934 10.520891189057998 173.04192 113.90473 -999.0 -999.0 -999.0 -999.0 -999.0 96.77700472260953 -32.13779452172831 96.66583527945204 -32.15251277285831 37.67043335948631 109.91256584389274 -999.0 16600.0 -999.0 2 167 {-999.0 -999.0 -999.0 -999.0 -999.0} "" -999.0 -999.0 -999.0 -999.0 -999 -999 "" "" "" "" 0 0 0.0 0.0 -999 ""
FIBERMAP 113 R-7C11 BOSS 1 1 0 1 0 0 -2.398916387371749 -132.91564587875718 143.1 132.5431995807128 10.218386922767998 173.04192 113.90473 96.77493467280534 -32.138675135583696 1.2739369 6.528383 0.43070632 96.77493916343754 -32.13865564938296 96.66344965824524 -32.15343395863874 37.672614548634996 109.91308750535423 5400.0 5400.0 2016.0 1 400 {-999.0 16.793137 16.399899 16.27634 -999.0} sdss_psfmag_gaia 16.738398 16.423449 15.956991 15.039 63050395078139406 976855810 "" ops_std_boss ops_std standard_boss 0 0 0.0 0.0 -999 ""
FIBERMAP 113 R-7C11 METROLOGY 0 0 0 1 0 0 -1.6604162186911502 -133.08219679340607 143.1 132.63895514435183 10.969350181208549 173.04192 113.90473 -999.0 -999.0 -999.0 -999.0 -999.0 96.77518702948589 -32.1363923693077 96.66379575704264 -32.15115330496984 37.67178603059828 109.91037759003052 -999.0 6231.0 -999.0 -1 -999 {-999.0 -999.0 -999.0 -999.0 -999.0} "" -999.0 -999.0 -999.0 -999.0 -999 -999 "" "" "" "" 0 0 0.0 0.0 -999 ""
FIBERMAP 116 R+4C14 APOGEE 0 0 0 1 0 0 26.437598594839244 65.72262389710534 143.1 -67.93344796713717 20.084753959563727 286.88104 21.49237 -999.0 -999.0 -999.0 -999.0 -999.0 96.05573465233604 -32.11141579520272 95.94498250550282 -32.12411934955721 38.25681567269708 109.69455781230963 -999.0 16600.0 -999.0 2 -999 {-999.0 -999.0 -999.0 -999.0 -999.0} "" -999.0 -999.0 -999.0 -999.0 -999 -999 "" "" "" "" 0 0 0.0 0.0 -999 ""
FIBERMAP 116 R+4C14 BOSS 1 1 0 1 0 0 25.950975335819436 66.3139558571003 143.1 -68.47595657692555 19.544242006834317 286.88104 21.49237 96.05404404766493 -32.113037573242885 2.6459897 18.423172 1.2667521 96.05405337216438 -32.112982582958054 95.94298502745607 -32.12574456370043 38.25884100210765 109.69606526787871 5400.0 5400.0 2016.0 1 165 {-999.0 -999.0 -999.0 -999.0 -999.0} "" -999.0 15.935123 -999.0 11.758 63050395078196461 1095048389 bright_1x1 mwm_bin_vis_boss mwm_filler science 0 0 0.0 0.0 -999 ""
FIBERMAP 116 R+4C14 METROLOGY 0 0 0 1 0 0 26.704563689177675 66.4213569328214 143.1 -68.65434745013847 20.284242180130946 286.88104 21.49237 -999.0 -999.0 -999.0 -999.0 -999.0 96.05331736975656 -32.11075247583376 95.94234550474175 -32.12349501474181 38.2588405399342 109.69311855599443 -999.0 6231.0 -999.0 -1 -999 {-999.0 -999.0 -999.0 -999.0 -999.0} "" -999.0 -999.0 -999.0 -999.0 -999 -999 "" "" "" "" 0 0 0.0 0.0 -999 ""
FIBERMAP 121 R+6C3 APOGEE 0 0 0 1 0 0 -196.03644314506698 112.37456863945941 143.1 -93.27410700823708 -205.80978886623555 224.326 83.3655 -999.0 -999.0 -999.0 -999.0 -999.0 95.9658066131804 -32.79569238389604 95.85252308651377 -32.80794666063967 38.489685643371885 110.52068960065907 -999.0 16600.0 -999.0 2 18 {-999.0 -999.0 -999.0 -999.0 -999.0} "" -999.0 -999.0 -999.0 -999.0 -999 -999 "" "" "" "" 0 0 0.0 0.0 -999 ""
FIBERMAP 121 R+6C3 BOSS 1 1 0 1 0 0 -196.48341900462165 112.94742967739539 143.1 -93.80198845712883 -206.30908049829966 224.326 83.3655 95.96420288085938 -32.79716829582364 -999.0 -999.0 -999.0 95.96420288085938 -32.79716829582364 95.85060244671911 -32.809478137394784 38.49160279275135 110.52213275940007 5400.0 5400.0 2015.5 1 26 {-999.0 -999.0 -999.0 -999.0 -999.0} "" -999.0 -999.0 -999.0 -999.0 27021603127945805 819170411 "" ops_sky_boss_good ops_sky sky_boss 0 0 0.0 0.0 -999 ""
FIBERMAP 121 R+6C3 METROLOGY 0 0 0 1 0 0 -195.7459675414739 113.05952327384135 143.1 -93.9835201549963 -205.5855894395878 224.326 83.3655 -999.0 -999.0 -999.0 -999.0 -999.0 95.96343756155868 -32.79503655114884 95.84993394655794 -32.807327727743115 38.49166706174507 110.51929429654956 -999.0 6231.0 -999.0 -1 -999 {-999.0 -999.0 -999.0 -999.0 -999.0} "" -999.0 -999.0 -999.0 -999.0 -999 -999 "" "" "" "" 0 0 0.0 0.0 -999 ""
FIBERMAP 127 R-1C2 APOGEE 0 0 0 1 0 0 -247.583298318254 -1.3390879895744732 143.1 24.815249585307136 -246.33871563642916 118.297295 46.22355 -999.0 -999.0 -999.0 -999.0 -999.0 96.3918666490682 -32.917192881482926 96.2779343589055 -32.9306056243634 38.16920679770823 110.7756660597471 -999.0 16600.0 -999.0 2 -999 {-999.0 -999.0 -999.0 -999.0 -999.0} "" -999.0 -999.0 -999.0 -999.0 -999 -999 "" "" "" "" 0 0 0.0 0.0 -999 ""
FIBERMAP 127 R-1C2 BOSS 1 1 0 1 0 0 -246.8761957746343 -1.5399411028957881 143.1 24.94813043866017 -245.61575486073613 118.297295 46.22355 96.39325719058625 -32.91574802321411 -171.75531 258.12842 28.432734 96.39264649821747 -32.914977548808736 96.27841569943024 -32.92845493918111 38.168327281597286 110.77311736378664 5400.0 5400.0 2016.0 1 512 {-999.0 21.030329 19.511375 15.840969 -999.0} sdss_psfmag_gaia 19.182632 16.490969 15.069772 12.273 63050395078119871 1157714666 bright_1x1 mwm_snc_100pc_bright_boss_single mwm_snc science 0 0 0.0 0.0 -999 ""
FIBERMAP 127 R-1C2 METROLOGY 0 0 0 1 0 0 -247.39684597124102 -2.0634730660976217 143.1 25.518680632046987 -246.08440012919635 118.297295 46.22355 -999.0 -999.0 -999.0 -999.0 -999.0 96.39463459712685 -32.91643627159225 96.28047749240397 -32.929901086719354 38.16696826912013 110.77540661605877 -999.0 6231.0 -999.0 -1 -999 {-999.0 -999.0 -999.0 -999.0 -999.0} "" -999.0 -999.0 -999.0 -999.0 -999 -999 "" "" "" "" 0 0 0.0 0.0 -999 ""
FIBERMAP 133 R-7C18 APOGEE 1 1 0 1 0 0 176.89807435972398 -137.2281424969462 143.1 119.83068493445836 189.11506361530465 308.64584 152.29436 96.7236328125 -31.59732405510165 -999.0 -999.0 -999.0 96.7236328125 -31.59732405510165 96.61448541686549 -31.61205048225459 37.58207603591521 109.23710463448542 16000.0 16600.0 2015.5 2 222 {-999.0 -999.0 -999.0 -999.0 -999.0} "" -999.0 -999.0 -999.0 -999.0 27021603127958678 841284977 "" ops_sky_apogee_best ops_sky sky_apogee 0 0 0.0 0.0 -999 ""
FIBERMAP 133 R-7C18 BOSS 0 0 0 1 0 0 177.03669286689853 -137.97412539406025 143.1 120.56015314358046 189.32380966171615 308.64584 152.29436 -999.0 -999.0 -999.0 -999.0 -999.0 96.72655737354538 -31.596581051065236 96.61709475990278 -31.611384057021628 37.579758277855156 109.23697645778458 -999.0 5400.0 -999.0 1 320 {-999.0 -999.0 -999.0 -999.0 -999.0} "" -999.0 -999.0 -999.0 -999.0 -999 -999 "" "" "" "" 0 0 0.0 0.0 -999 ""
FIBERMAP 133 R-7C18 METROLOGY 0 0 0 1 0 0 176.33723197579866 -137.72474075446166 143.1 120.37823505458657 188.60385303900145 308.64584 152.29436 -999.0 -999.0 -999.0 -999.0 -999.0 96.72586887776632 -31.598744181057402 96.61648834777537 -31.613525298644557 37.58078364504729 109.23943629399992 -999.0 6231.0 -999.0 -1 -999 {-999.0 -999.0 -999.0 -999.0 -999.0} "" -999.0 -999.0 -999.0 -999.0 -999 -999 "" "" "" "" 0 0 0.0 0.0 -999 ""
FIBERMAP 135 R-9C8 APOGEE 1 1 0 1 0 0 -22.13196833844476 -181.2392817805269 143.1 182.5203002455407 -4.842303148107597 331.1689 116.55298 96.95358483606591 -32.18312561999747 -4.156121 3.2256744 1.2605944 96.9535701785748 -32.18311599186351 96.84215537093797 -32.19831655937828 37.53644587982434 110.01368760147612 16000.0 16600.0 2016.0 2 189 {-999.0 11.467096 10.658212 10.374872 -999.0} sdss_psfmag_from_g3xp 11.231423 10.704075 10.025476 8.69 63050395078134281 1107351559 bright_1x1 mwm_tess_rgb_apogee mwm_tessrgb science 0 0 0.0 0.0 -999 ""
FIBERMAP 135 R-9C8 BOSS 0 0 0 1 0 0 -22.13368888003589 -181.96972233916492 143.1 183.24760682579682 -4.774736792172667 331.1689 116.55298 -999.0 -999.0 -999.0 -999.0 -999.0 96.95655614781853 -32.182823815056 96.84482102516824 -32.19809943475198 37.53420363896633 110.01410176785299 -999.0 5400.0 -999.0 1 386 {-999.0 -999.0 -999.0 -999.0 -999.0} "" -999.0 -999.0 -999.0 -999.0 -999 -999 "" "" "" "" 0 0 0.0 0.0 -999 ""
FIBERMAP 135 R-9C8 METROLOGY 0 0 0 1 0 0 -22.790658921710353 -181.58825836071196 143.1 182.93017552257672 -5.464921521214858 331.1689 116.55298 -999.0 -999.0 -999.0 -999.0 -999.0 96.95538381908584 -32.18494490453887 96.84373189326487 -32.20019773332179 37.53560014453403 110.01639330227738 -999.0 6231.0 -999.0 -1 -999 {-999.0 -999.0 -999.0 -999.0 -999.0} "" -999.0 -999.0 -999.0 -999.0 -999 -999 "" "" "" "" 0 0 0.0 0.0 -999 ""
FIBERMAP 137 R-11C13 APOGEE 1 1 0 1 0 0 80.6606098487048 -213.09858782205967 143.1 204.4863633906369 100.50799311360139 231.3548 54.772957 97.0276613509474 -31.863348255664437 20.213783 -39.677208 4.125874 97.0277323910719 -31.86346668589943 96.9174721241904 -31.878968892768505 37.397428200208 109.64263587429704 16000.0 16600.0 2016.0 2 184 {-999.0 10.488816 10.233875 10.157396 -999.0} sdss_psfmag_from_g3xp 10.467329 10.22803 9.832699 9.14 63050395078142330 996691934 bright_1x1 mwm_bin_gaia_sb_apogee mwm_bin science 0 0 0.0 0.0 -999 ""
FIBERMAP 137 R-11C13 BOSS 0 0 0 1 0 0 80.58217696806015 -212.3716546322132 143.1 203.77015055291744 100.36096780188674 231.3548 54.772957 -999.0 -999.0 -999.0 -999.0 -999.0 97.02555855738606 -31.86384133958 96.91497674668517 -31.879405465170926 37.39958966981425 109.64251929299681 -999.0 5400.0 -999.0 1 377 {-999.0 -999.0 -999.0 -999.0 -999.0} "" -999.0 -999.0 -999.0 -999.0 -999 -999 "" "" "" "" 0 0 0.0 0.0 -999 ""
FIBERMAP 137 R-11C13 METROLOGY 0 0 0 1 0 0 81.26931682605954 -212.67783409451656 143.1 204.00977569299218 101.07404575144658 231.3548 54.772957 -999.0 -999.0 -999.0 -999.0 -999.0 97.02632469331888 -31.86168261986219 96.91584112587083 -31.877230219584817 37.39834799732561 109.64008862310357 -999.0 6231.0 -999.0 -1 -999 {-999.0 -999.0 -999.0 -999.0 -999.0} "" -999.0 -999.0 -999.0 -999.0 -999 -999 "" "" "" "" 0 0 0.0 0.0 -999 ""
FIBERMAP 139 R+9C14 APOGEE 1 1 0 1 0 0 99.92526820363975 191.23061104403055 143.1 -199.8448876404988 81.33681436957596 117.8702 89.94116 95.58521134104362 -31.92559609519032 1.3345652 6.254254 0.5491834 95.5852160344577 -31.925577427221477 95.47536724522733 -31.937017081392387 38.600101850037845 109.3434256295545 16000.0 16600.0 2016.0 2 95 {-999.0 13.161915 12.346398 12.039681 -999.0} sdss_psfmag_from_g3xp 12.923519 12.381032 11.687762 10.275 63050395078202191 1109799608 bright_1x1 mwm_tess_rgb_apogee mwm_tessrgb science 0 0 0.0 0.0 -999 ""
FIBERMAP 139 R+9C14 BOSS 0 0 0 1 0 0 100.60269390020703 191.48032437924144 143.1 -200.15772468537097 81.98749797673858 117.8702 89.94116 -999.0 -999.0 -999.0 -999.0 -999.0 95.58437389135665 -31.92352555092749 95.47422568163563 -31.935026115967954 38.600578339201945 109.34065888538436 -999.0 5400.0 -999.0 1 169 {-999.0 -999.0 -999.0 -999.0 -999.0} "" -999.0 -999.0 -999.0 -999.0 -999 -999 "" "" "" "" 0 0 0.0 0.0 -999 ""
FIBERMAP 139 R+9C14 METROLOGY 0 0 0 1 0 0 100.48143499887199 190.74219299462638 143.1 -199.41142429810498 81.93679500344086 117.8702 89.94116 -999.0 -999.0 -999.0 -999.0 -999.0 95.58690171702321 -31.923687437167334 95.47683879675583 -31.93517727467847 38.598457512102364 109.34151029465369 -999.0 6231.0 -999.0 -1 -999 {-999.0 -999.0 -999.0 -999.0 -999.0} "" -999.0 -999.0 -999.0 -999.0 -999 -999 "" "" "" "" 0 0 0.0 0.0 -999 ""
FIBERMAP 141 R-12C15 APOGEE 1 1 0 1 0 0 155.53521428048515 -250.54511614855278 143.1 234.6623276292517 178.59625955190532 298.02594 79.01307 97.1306338594222 -31.627196252511265 -2.5010428 0.65707237 0.47124776 97.13062509205515 -31.627194291252817 97.02118900807882 -31.64305479659625 37.25405714619698 109.38223955132689 16000.0 16600.0 2016.0 2 234 {-999.0 12.894032 12.222887 11.930878 -999.0} sdss_psfmag_from_g3xp 12.715408 12.259638 11.582511 10.247 63050395078144566 1110324744 bright_1x1 mwm_tess_rgb_apogee mwm_tessrgb science 0 0 0.0 0.0 -999 ""
FIBERMAP 141 R-12C15 BOSS 0 0 0 1 0 0 154.84547601511252 -250.76143957009526 143.1 234.94309327445234 177.93015206507536 298.02594 79.01307 -999.0 -999.0 -999.0 -999.0 -999.0 97.13193291073293 -31.629150097352575 97.02216858434826 -31.645083237414312 37.25375033754713 109.38496785740568 -999.0 5400.0 -999.0 1 344 {-999.0 -999.0 -999.0 -999.0 -999.0} "" -999.0 -999.0 -999.0 -999.0 -999 -999 "" "" "" "" 0 0 0.0 0.0 -999 ""
FIBERMAP 141 R-12C15 METROLOGY 0 0 0 1 0 0 154.9637233465969 -250.05232651012759 143.1 234.22596585926752 177.98060932528443 298.02594 79.01307 -999.0 -999.0 -999.0 -999.0 -999.0 97.12936864740834 -31.628992476021494 97.01969680473161 -31.64489874587807 37.2557437471509 109.38408995158932 -999.0 6231.0 -999.0 -1 -999 {-999.0 -999.0 -999.0 -999.0 -999.0} "" -999.0 -999.0 -999.0 -999.0 -999 -999 "" "" "" "" 0 0 0.0 0.0 -999 ""
FIBERMAP 143 R-8C14 APOGEE 0 0 0 1 0 0 97.62325827179177 -164.05181441078963 143.1 154.05215022016006 112.74219862130697 302.27002 127.40916 -999.0 -999.0 -999.0 -999.0 -999.0 96.84800748156258 -31.82751651312276 96.73795735698349 -31.842524625115935 37.536453974778624 109.551377059618 -999.0 16600.0 -999.0 2 -999 {-999.0 -999.0 -999.0 -999.0 -999.0} "" -999.0 -999.0 -999.0 -999.0 -999 -999 "" "" "" "" 0 0 0.0 0.0 -999 ""
FIBERMAP 143 R-8C14 BOSS 1 1 0 1 0 0 97.36182321704912 -164.76968565275283 143.1 154.79157702034482 112.55003065424826 302.27002 127.40916 96.85101211400655 -31.828050260540977 2.0883586 23.607677 1.5816208 96.85101945059431 -31.827979795319038 96.74064876135645 -31.843063901796477 37.53436711724675 109.55273705686855 5400.0 5400.0 2016.0 1 273 {-999.0 16.533894 15.668117 15.339084 -999.0} sdss_psfmag_gaia 16.2764 15.706034 14.992934 13.583 63050395078143593 1075851435 bright_1x1 mwm_erosita_stars_boss mwm_erosita science 0 0 0.0 0.0 -999 ""
FIBERMAP 143 R-8C14 METROLOGY 0 0 0 1 0 0 96.88666454269307 -164.18192165520196 143.1 154.25153290111234 112.0212699415661 302.27002 127.40916 -999.0 -999.0 -999.0 -999.0 -999.0 96.84905154672579 -31.829594762385415 96.73876534895629 -31.844653673954358 37.53630523269034 109.55419181205451 -999.0 6231.0 -999.0 -1 -999 {-999.0 -999.0 -999.0 -999.0 -999.0} "" -999.0 -999.0 -999.0 -999.0 -999 -999 "" "" "" "" 0 0 0.0 0.0 -999 ""
FIBERMAP 145 R-10C1 APOGEE 0 0 0 1 0 0 -195.66641443900414 -183.93265550643088 143.1 201.66050870010773 -177.33797043749863 192.4552 64.812004 -999.0 -999.0 -999.0 -999.0 -999.0 97.02662600888581 -32.70421000068356 96.91322520725231 -32.71946414047984 37.60115197065594 110.6704718528799 -999.0 16600.0 -999.0 2 259 {-999.0 -999.0 -999.0 -999.0 -999.0} "" -999.0 -999.0 -999.0 -999.0 -999 -999 "" "" "" "" 0 0 0.0 0.0 -999 ""
FIBERMAP 145 R-10C1 BOSS 1 1 0 1 0 0 -195.49328374399218 -183.22341035761337 143.1 200.93804434240806 -177.2328900819883 192.4552 64.812004 97.02431343318669 -32.70387833095519 10.97262 7.076106 16.85309 97.02435235481364 -32.70385720988024 96.91063826515764 -32.71916992984312 37.603200104528376 110.66947089934632 5400.0 5400.0 2016.0 1 353 {-999.0 21.266672 19.450611 16.553606 -999.0} sdss_psfmag_gaia 19.616747 17.258427 15.8699255 13.144 63050395078130861 1157714676 bright_1x1 mwm_snc_100pc_bright_boss_single mwm_snc science 0 0 0.0 0.0 -999 ""
FIBERMAP 145 R-10C1 METROLOGY 0 0 0 1 0 0 -194.94786198714473 -183.74095027329443 143.1 201.40151721720974 -176.64084390086268 192.4552 64.812004 -999.0 -999.0 -999.0 -999.0 -999.0 97.02595775875558 -32.70210432114416 96.91233501063948 -32.71740358044672 37.601400394691346 110.66772239292698 -999.0 6231.0 -999.0 -1 -999 {-999.0 -999.0 -999.0 -999.0 -999.0} "" -999.0 -999.0 -999.0 -999.0 -999 -999 "" "" "" "" 0 0 0.0 0.0 -999 ""
FIBERMAP 149 R-10C17 APOGEE 1 1 0 1 0 0 201.0883383569658 -196.73083181565855 143.1 176.7704407018121 218.83970722955274 66.85123 22.867128 96.92413330078125 -31.50704182728805 -999.0 -999.0 -999.0 96.92413330078125 -31.507041827288052 96.815228500686 -31.522357684835622 37.39421959869775 109.18061827768521 16000.0 16600.0 2015.5 2 191 {-999.0 -999.0 -999.0 -999.0 -999.0} "" -999.0 -999.0 -999.0 -999.0 27021603127948531 841282544 "" ops_sky_apogee_best ops_sky sky_apogee 0 0 0.0 0.0 -999 ""
FIBERMAP 149 R-10C17 BOSS 0 0 0 1 0 0 201.1217541649198 -197.50414733011897 143.1 177.53709617199692 218.9463178360027 66.85123 22.867128 -999.0 -999.0 -999.0 -999.0 -999.0 96.92713902264585 -31.506658562483924 96.817916002419 -31.522052247300373 37.391924285643356 109.18095917007062 -999.0 5400.0 -999.0 1 264 {-999.0 -999.0 -999.0 -999.0 -999.0} "" -999.0 -999.0 -999.0 -999.0 -999 -999 "" "" "" "" 0 0 0.0 0.0 -999 ""
FIBERMAP 149 R-10C17 METROLOGY 0 0 0 1 0 0 200.47671124791304 -197.15765951891825 143.1 177.253351919491 218.27132373166063 66.85123 22.867128 -999.0 -999.0 -999.0 -999.0 -999.0 96.92612024602182 -31.508666398519303 96.81698051284013 -31.524036992052604 37.393187946475706 109.1831313339336 -999.0 6231.0 -999.0 -1 -999 {-999.0 -999.0 -999.0 -999.0 -999.0} "" -999.0 -999.0 -999.0 -999.0 -999 -999 "" "" "" "" 0 0 0.0 0.0 -999 ""
FIBERMAP 152 R+6C16 APOGEE 0 0 0 1 0 0 102.59372214236768 122.14474089418864 143.1 -131.32395823955045 90.54571936631608 132.13425 133.73686 -999.0 -999.0 -999.0 -999.0 -999.0 95.82928707765895 -31.897793360415662 95.71943054629071 -31.909924496358602 38.39237929310757 109.37189481979598 -999.0 16600.0 -999.0 2 -999 {-999.0 -999.0 -999.0 -999.0 -999.0} "" -999.0 -999.0 -999.0 -999.0 -999 -999 "" "" "" "" 0 0 0.0 0.0 -999 ""
FIBERMAP 152 R+6C16 BOSS 1 1 0 1 0 0 102.64960509628214 122.86884768017725 143.1 -132.05009670822147 90.53267166783543 132.13425 133.73686 95.82692777443617 -31.897729867785227 4.1044164 -0.5673004 0.21762821 95.8269422045269 -31.897731561087248 95.716777847911 -31.909919792687365 38.39456663833785 109.3712119855306 5400.0 5400.0 2016.0 1 223 {-999.0 18.283588 17.963768 17.8698 -999.0} sdss_psfmag_gaia 18.269869 17.97746 17.567858 -999.0 63050395078198220 976856388 "" ops_std_boss ops_std standard_boss 0 0 0.0 0.0 -999 ""
FIBERMAP 152 R+6C16 METROLOGY 0 0 0 1 0 0 103.26790605241979 122.46873822785504 143.1 -131.710436499976 91.18613030388275 132.13425 133.73686 -999.0 -999.0 -999.0 -999.0 -999.0 95.82805438777353 -31.895758882245644 95.71798435203777 -31.90793277210093 38.393103032216366 109.3690560738437 -999.0 6231.0 -999.0 -1 -999 {-999.0 -999.0 -999.0 -999.0 -999.0} "" -999.0 -999.0 -999.0 -999.0 -999 -999 "" "" "" "" 0 0 0.0 0.0 -999 ""
FIBERMAP 154 R-11C7 APOGEE 0 0 0 1 0 0 -53.42278503785795 -207.85755273833118 143.1 211.98621671633734 -33.46724700574607 219.19826 47.618267 -999.0 -999.0 -999.0 -999.0 -999.0 97.059615951971 -32.26892980347278 96.94783465713653 -32.284403023050075 37.47020957596489 110.1459723328071 -999.0 16600.0 -999.0 2 172 {-999.0 -999.0 -999.0 -999.0 -999.0} "" -999.0 -999.0 -999.0 -999.0 -999 -999 "" "" "" "" 0 0 0.0 0.0 -999 ""
FIBERMAP 154 R-11C7 BOSS 1 1 0 1 0 0 -53.385024920591405 -207.11377717532187 143.1 211.24221712706654 -33.50020123401182 219.19826 47.618267 97.05734252929688 -32.26899432389844 -999.0 -999.0 -999.0 97.05734252929688 -32.26899432389844 96.94524132887885 -32.284527761526675 37.47236845787244 110.14546575372879 5400.0 5400.0 2015.5 1 414 {-999.0 -999.0 -999.0 -999.0 -999.0} "" -999.0 -999.0 -999.0 -999.0 27021603127946965 819170692 "" ops_sky_boss_good ops_sky sky_boss 0 0 0.0 0.0 -999 ""
FIBERMAP 154 R-11C7 METROLOGY 0 0 0 1 0 0 -52.762545625937975 -207.5112982548152 143.1 211.57890434888515 -32.842828616194716 219.19826 47.618267 -999.0 -999.0 -999.0 -999.0 -999.0 97.05846606057793 -32.267015449410955 96.94646258933602 -32.28253374815603 37.47088993240235 110.14333635368519 -999.0 6231.0 -999.0 -1 -999 {-999.0 -999.0 -999.0 -999.0 -999.0} "" -999.0 -999.0 -999.0 -999.0 -999 -999 "" "" "" "" 0 0 0.0 0.0 -999 ""
FIBERMAP 156 R-6C19 APOGEE 1 1 0 1 0 0 191.08992429258882 -113.8265446206336 143.1 95.18868479965622 201.02331194795642 4.9281883 124.961494 96.63574218749999 -31.561747898903306 -999.0 -999.0 -999.0 96.63574218749999 -31.56174789890331 96.52676438449222 -31.57623807771714 37.645744715755605 109.17016445983748 16000.0 16600.0 2015.5 2 223 {-999.0 -999.0 -999.0 -999.0 -999.0} "" -999.0 -999.0 -999.0 -999.0 27021603127958704 841284983 "" ops_sky_apogee_best ops_sky sky_apogee 0 0 0.0 0.0 -999 ""
FIBERMAP 156 R-6C19 BOSS 0 0 0 1 0 0 191.58264990146296 -114.35677464973234 143.1 95.66978850743502 201.56410345075 4.9281883 124.961494 -999.0 -999.0 -999.0 -999.0 -999.0 96.63777080025817 -31.560005361203984 96.5284826877458 -31.57456971713988 37.64391669065057 109.1685745275349 -999.0 5400.0 -999.0 1 321 {-999.0 -999.0 -999.0 -999.0 -999.0} "" -999.0 -999.0 -999.0 -999.0 -999 -999 "" "" "" "" 0 0 0.0 0.0 -999 ""
FIBERMAP 156 R-6C19 METROLOGY 0 0 0 1 0 0 190.84078958656696 -114.52992207845621 143.1 95.91251660482942 200.84201413378636 4.9281883 124.961494 -999.0 -999.0 -999.0 -999.0 -999.0 96.6385827663619 -31.5621665551053 96.52937583535231 -31.5767132893797 37.64370405091497 109.17143458516512 -999.0 6231.0 -999.0 -1 -999 {-999.0 -999.0 -999.0 -999.0 -999.0} "" -999.0 -999.0 -999.0 -999.0 -999 -999 "" "" "" "" 0 0 0.0 0.0 -999 ""
FIBERMAP 161 R-11C9 APOGEE 0 0 0 1 0 0 27.011908513007285 -211.9359311289001 143.1 208.41730239073004 46.99118579329609 25.795126 95.731384 -999.0 -999.0 -999.0 -999.0 -999.0 97.04394294108928 -32.02533433081012 96.93307490838146 -32.04083465216338 37.423851418662096 109.84437565271264 -999.0 16600.0 -999.0 2 174 {-999.0 -999.0 -999.0 -999.0 -999.0} "" -999.0 -999.0 -999.0 -999.0 -999 -999 "" "" "" "" 0 0 0.0 0.0 -999 ""
FIBERMAP 161 R-11C9 BOSS 1 1 0 1 0 0 27.386793850992827 -212.55225261832464 143.1 208.99528558777442 47.42283435207906 25.795126 95.731384 97.04635620117188 -32.02393175885243 -999.0 -999.0 -999.0 97.04635620117188 -32.02393175885243 96.93517219697911 -32.039506851566095 37.4218054779559 109.84329415731045 5400.0 5400.0 2015.5 1 416 {-999.0 -999.0 -999.0 -999.0 -999.0} "" -999.0 -999.0 -999.0 -999.0 27021603127948087 819170989 "" ops_sky_boss_good ops_sky sky_boss 0 0 0.0 0.0 -999 ""
FIBERMAP 161 R-11C9 METROLOGY 0 0 0 1 0 0 26.667690410729932 -212.5952788007269 143.1 209.10632140701264 46.71105774857604 25.795126 95.731384 -999.0 -999.0 -999.0 -999.0 -999.0 97.0467247937465 -32.026096529087496 96.93562327885189 -32.04165286604714 37.4219529456411 109.84603260258689 -999.0 6231.0 -999.0 -1 -999 {-999.0 -999.0 -999.0 -999.0 -999.0} "" -999.0 -999.0 -999.0 -999.0 -999 -999 "" "" "" "" 0 0 0.0 0.0 -999 ""
FIBERMAP 163 R+5C6 APOGEE 0 0 0 1 0 0 -112.2849401958972 81.03616026753193 143.1 -70.02062651327309 -119.46402247876198 349.3959 62.33993 -999.0 -999.0 -999.0 -999.0 -999.0 96.04887202372826 -32.5348568613104 95.93653705152923 -32.54741879948741 38.36174643345012 110.217258333623 -999.0 16600.0 -999.0 2 -999 {-999.0 -999.0 -999.0 -999.0 -999.0} "" -999.0 -999.0 -999.0 -999.0 -999 -999 "" "" "" "" 0 0 0.0 0.0 -999 ""
FIBERMAP 163 R+5C6 BOSS 1 1 0 1 0 0 -112.73637760792457 80.45296266433407 143.1 -69.3972445405477 -119.85810835678159 349.3959 62.33993 96.05163498323682 -32.53593781777668 -70.33261 -35.774883 13.738515 96.05138596951137 -32.53604459995777 95.93873764829694 -32.54867523686552 38.36022799826123 110.21935923843873 5400.0 5400.0 2016.0 1 51 {-999.0 18.334879 16.419586 14.995197 -999.0} sdss_psfmag_gaia 17.274893 15.713187 14.5061455 12.281 63050395078127058 1151158528 bright_1x1 mwm_snc_100pc_boss_single mwm_snc science 0 0 0.0 0.0 -999 ""
FIBERMAP 163 R+5C6 METROLOGY 0 0 0 1 0 0 -113.02743891678836 81.12668024472535 143.1 -70.04031509308919 -120.21175503426657 349.3959 62.33993 -999.0 -999.0 -999.0 -999.0 -999.0 96.04898172885461 -32.537146277253655 95.93641428534193 -32.54975217413252 38.36238077177069 110.22012514420015 -999.0 6231.0 -999.0 -1 -999 {-999.0 -999.0 -999.0 -999.0 -999.0} "" -999.0 -999.0 -999.0 -999.0 -999 -999 "" "" "" "" 0 0 0.0 0.0 -999 ""
FIBERMAP 165 R-3C3 APOGEE 1 1 0 1 0 0 -212.17746252370202 -42.96278049012307 143.1 62.89296471234435 -207.1448722364726 102.68953 100.827995 96.52862548828125 -32.79855504801954 -999.0 -999.0 -999.0 96.52862548828126 -32.79855504801954 96.41508361205054 -32.812385230677336 38.03017093682667 110.6626203445942 16000.0 16600.0 2015.5 2 241 {-999.0 -999.0 -999.0 -999.0 -999.0} "" -999.0 -999.0 -999.0 -999.0 27021603127945318 841281785 "" ops_sky_apogee_best ops_sky sky_apogee 0 0 0.0 0.0 -999 ""
FIBERMAP 165 R-3C3 BOSS 0 0 0 1 0 0 -211.45890340201078 -42.73632974600511 143.1 62.59938392498641 -206.45103452171 102.68953 100.827995 -999.0 -999.0 -999.0 -999.0 -999.0 96.52789167625299 -32.796451355587806 96.41404106175088 -32.810342596592356 38.030557385654554 110.65984160604785 -999.0 5400.0 -999.0 1 498 {-999.0 -999.0 -999.0 -999.0 -999.0} "" -999.0 -999.0 -999.0 -999.0 -999 -999 "" "" "" "" 0 0 0.0 0.0 -999 ""
FIBERMAP 165 R-3C3 METROLOGY 0 0 0 1 0 0 -211.62685533132893 -43.45915489545206 143.1 63.33487580046637 -206.54967148377327 102.68953 100.827995 -999.0 -999.0 -999.0 -999.0 -999.0 96.53046465096281 -32.79678190980793 96.41670147463452 -32.81066255948053 38.028453606303906 110.66088551111073 -999.0 6231.0 -999.0 -1 -999 {-999.0 -999.0 -999.0 -999.0 -999.0} "" -999.0 -999.0 -999.0 -999.0 -999 -999 "" "" "" "" 0 0 0.0 0.0 -999 ""
FIBERMAP 166 R-4C1 APOGEE 1 1 0 1 0 0 -226.39456721404446 -70.80171946381671 143.1 91.95467136095027 -218.65739869668255 81.72918 37.49968 96.63346212318324 -32.832570401298554 -3.213454 11.456194 0.85433453 96.63345070806136 -32.8325362063525 96.51973477095966 -32.84665046005241 37.95239183052673 110.73044770722178 16000.0 16600.0 2016.0 2 272 {-999.0 13.255897 12.387595 12.085264 -999.0} sdss_psfmag_from_g3xp 12.991462 12.43409 11.733519 10.303 63050395078122381 1106905089 bright_1x1 mwm_tess_rgb_apogee mwm_tessrgb science 0 0 0.0 0.0 -999 ""
FIBERMAP 166 R-4C1 BOSS 0 0 0 1 0 0 -225.99811762439208 -71.42351064795656 143.1 92.53605428673832 -218.2037644490432 81.72918 37.49968 -999.0 -999.0 -999.0 -999.0 -999.0 96.63586986096155 -32.83111932560491 96.52183991925392 -32.845303523966976 37.95036204294662 110.7292977262723 -999.0 5400.0 -999.0 1 444 {-999.0 -999.0 -999.0 -999.0 -999.0} "" -999.0 -999.0 -999.0 -999.0 -999 -999 "" "" "" "" 0 0 0.0 0.0 -999 ""
FIBERMAP 166 R-4C1 METROLOGY 0 0 0 1 0 0 -226.7460093518248 -71.46010875625066 143.1 92.6434214924623 -218.94480906619276 81.72918 37.49968 -999.0 -999.0 -999.0 -999.0 -999.0 96.63619497417099 -32.833400866975325 96.52224635610645 -32.847567527213414 37.95054736399138 110.7321917931535 -999.0 6231.0 -999.0 -1 -999 {-999.0 -999.0 -999.0 -999.0 -999.0} "" -999.0 -999.0 -999.0 -999.0 -999 -999 "" "" "" "" 0 0 0.0 0.0 -999 ""
FIBERMAP 168 R+5C2 APOGEE 0 0 0 1 0 0 -216.21399986099297 109.49048390363701 143.1 -88.48928677872173 -225.6227223401805 103.0521 119.16251 -999.0 -999.0 -999.0 -999.0 -999.0 95.98320626973162 -32.855377412797594 95.86968860100279 -32.86766327166375 38.48903016867026 110.59917206639659 -999.0 16600.0 -999.0 2 -999 {-999.0 -999.0 -999.0 -999.0 -999.0} "" -999.0 -999.0 -999.0 -999.0 -999 -999 "" "" "" "" 0 0 0.0 0.0 -999 ""
FIBERMAP 168 R+5C2 BOSS 1 1 0 1 0 0 -215.6433742764376 110.00881651096773 143.1 -89.05940103544148 -225.1038341331971 103.0521 119.16251 95.98144927572241 -32.85377637955499 -0.012488552 0.05140969 -0.35122982 95.98144923134883 -32.85377622610512 95.8676261363673 -32.86611793624832 38.490372265959486 110.59675206084246 5400.0 5400.0 2016.0 1 73 {-999.0 20.462675 20.43285 20.458323 -999.0} sdss_psfmag_gaia 20.535023 20.390095 20.159912 -999.0 63050395078124592 1116443894 bright_1x1 openfibertargets_bhm_quaia_boss open_fiber science 0 0 0.0 0.0 -999 ""
FIBERMAP 168 R+5C2 METROLOGY 0 0 0 1 0 0 -215.49877611632812 109.27150168549204 143.1 -88.33912891505449 -224.8899575547851 103.0521 119.16251 -999.0 -999.0 -999.0 -999.0 -999.0 95.9839349670985 -32.853191905356034 95.8702014382248 -32.865523659849416 38.48813096328798 110.5966313549516 -999.0 6231.0 -999.0 -1 -999 {-999.0 -999.0 -999.0 -999.0 -999.0} "" -999.0 -999.0 -999.0 -999.0 -999 -999 "" "" "" "" 0 0 0.0 0.0 -999 ""
FIBERMAP 172 R-5C1 APOGEE 1 1 0 1 0 0 -250.9051989673785 -106.83475337511075 143.1 130.149781868843 -239.6398133617988 250.3526 73.08727 96.77086524129604 -32.89447565727764 -4.880348 3.5880306 1.465997 96.77116392884885 -32.89446494756683 96.65715371036997 -32.90894748171751 37.85429096354596 110.84076014650594 16000.0 16600.0 2016.0 2 273 {-999.0 8.930517 8.0732565 7.7596164 -999.0} sdss_psfmag_from_g3xp 8.669552 8.112353 7.406748 5.936 63050395078120777 1151850621 bright_1x1 mwm_galactic_core_dist_apogee_sparse mwm_galactic science 0 0 0.9553201198577881 0.0 -999 ""
FIBERMAP 172 R-5C1 BOSS 0 0 0 1 0 0 -251.50004966282557 -106.39024988852944 143.1 129.76370386240356 -240.27413817255228 250.3526 73.08727 -999.0 -999.0 -999.0 -999.0 -999.0 96.77009858357849 -32.896310610726545 96.65576198382911 -32.910852600292074 37.85586415174667 110.8427705264414 -999.0 5400.0 -999.0 1 445 {-999.0 -999.0 -999.0 -999.0 -999.0} "" -999.0 -999.0 -999.0 -999.0 -999 -999 "" "" "" "" 0 0 0.0 0.0 -999 ""
FIBERMAP 172 R-5C1 METROLOGY 0 0 0 1 0 0 -250.83331549730661 -106.08410221176469 143.1 129.3957012626947 -239.63945038898703 250.3526 73.08727 -999.0 -999.0 -999.0 -999.0 -999.0 96.76870696094778 -32.89448197986006 96.65446840097434 -32.909002746055386 37.85649819586765 110.84017510025654 -999.0 6231.0 -999.0 -1 -999 {-999.0 -999.0 -999.0 -999.0 -999.0} "" -999.0 -999.0 -999.0 -999.0 -999 -999 "" "" "" "" 0 0 0.0 0.0 -999 ""
FIBERMAP 173 R-1C17 APOGEE 0 0 0 1 0 0 91.54232034410543 -30.501099411359753 143.1 21.681025726640968 94.02200136856393 348.64178 85.28847 -999.0 -999.0 -999.0 -999.0 -999.0 96.37604708629537 -31.886288206728025 96.26598820954507 -31.899955012681037 37.93929224421906 109.49968891602319 -999.0 16600.0 -999.0 2 -999 {-999.0 -999.0 -999.0 -999.0 -999.0} "" -999.0 -999.0 -999.0 -999.0 -999 -999 "" "" "" "" 0 0 0.0 0.0 -999 ""
FIBERMAP 173 R-1C17 BOSS 1 1 0 1 0 0 91.34847255613816 -31.201500123285324 143.1 22.39665049745794 93.89545857917098 348.64178 85.28847 96.37893676757812 -31.886543623359813 -999.0 -999.0 -999.0 96.37893676757812 -31.88654362335982 96.26856169186583 -31.900284135793626 37.937249624426904 109.50075675476374 5400.0 5400.0 2015.5 1 315 {-999.0 -999.0 -999.0 -999.0 -999.0} "" -999.0 -999.0 -999.0 -999.0 27021603127958302 819173683 "" ops_sky_boss_good ops_sky sky_boss 0 0 0.0 0.0 -999 ""
FIBERMAP 173 R-1C17 METROLOGY 0 0 0 1 0 0 90.81599804658222 -30.67985661238029 143.1 21.927864560345068 93.3159119939716 348.64178 85.28847 -999.0 -999.0 -999.0 -999.0 -999.0 96.37718190580192 -31.888317212361827 96.26688999409663 -31.902033665500124 37.93904607436679 109.5024802623343 -999.0 6231.0 -999.0 -1 -999 {-999.0 -999.0 -999.0 -999.0 -999.0} "" -999.0 -999.0 -999.0 -999.0 -999 -999 "" "" "" "" 0 0 0.0 0.0 -999 ""
FIBERMAP 174 R-8C12 APOGEE 0 0 0 1 0 0 59.460566504700935 -159.7244811249354 143.1 153.36391668547876 74.34134206118543 358.60178 99.75585 -999.0 -999.0 -999.0 -999.0 -999.0 96.8469145989016 -31.943816897431045 96.73643481127175 -31.958787933519297 37.56586070001018 109.69326528987534 -999.0 16600.0 -999.0 2 -999 {-999.0 -999.0 -999.0 -999.0 -999.0} "" -999.0 -999.0 -999.0 -999.0 -999 -999 "" "" "" "" 0 0 0.0 0.0 -999 ""
FIBERMAP 174 R-8C12 BOSS 1 1 0 1 0 0 59.62376050592245 -160.42085517428976 143.1 154.0416690987354 74.56984748448227 358.60178 99.75585 96.84982747512949 -31.94271755354415 -33.9765 -99.02077 4.378218 96.8497079635136 -31.943013114977823 96.73891313001288 -31.958059448816645 37.56364437591685 109.69301383563416 5400.0 5400.0 2016.0 1 395 {-999.0 16.266388 14.924218 14.273098 -999.0} sdss_psfmag_from_g3xp 15.733946 14.833818 13.895906 12.041 63050395078139823 1095875795 bright_1x1 mwm_bin_vis_boss mwm_filler science 0 0 0.0 0.0 -999 ""
FIBERMAP 174 R-8C12 METROLOGY 0 0 0 1 0 0 58.88622629140841 -160.20367997321367 143.1 153.8954261470442 73.81504432510532 358.60178 99.75585 -999.0 -999.0 -999.0 -999.0 -999.0 96.84914573960539 -31.945313803073763 96.73843135004358 -31.96033880005681 37.564591273003764 109.69567983536666 -999.0 6231.0 -999.0 -1 -999 {-999.0 -999.0 -999.0 -999.0 -999.0} "" -999.0 -999.0 -999.0 -999.0 -999 -999 "" "" "" "" 0 0 0.0 0.0 -999 ""
FIBERMAP 175 R-9C10 APOGEE 1 1 0 1 0 0 23.56049623704939 -188.19490943094505 143.1 185.11079776529036 41.3036196481709 350.41055 73.31179 96.96121215820312 -32.04318252583376 -999.0 -999.0 -999.0 96.96121215820312 -32.043182525833764 96.85031398670684 -32.05844536661099 37.49617531674452 109.84458763049678 16000.0 16600.0 2015.5 2 165 {-999.0 -999.0 -999.0 -999.0 -999.0} "" -999.0 -999.0 -999.0 -999.0 27021603127947738 841282460 "" ops_sky_apogee_best ops_sky sky_apogee 0 0 0.0 0.0 -999 ""
FIBERMAP 175 R-9C10 BOSS 0 0 0 1 0 0 23.22573709122237 -188.86838915186934 143.1 185.8129878983074 41.03424822654541 350.41055 73.31179 -999.0 -999.0 -999.0 -999.0 -999.0 96.96411089651012 -32.04389914141349 96.85288928282108 -32.059237106538205 37.494247675310035 109.84621877193621 -999.0 5400.0 -999.0 1 398 {-999.0 -999.0 -999.0 -999.0 -999.0} "" -999.0 -999.0 -999.0 -999.0 -999 -999 "" "" "" "" 0 0 0.0 0.0 -999 ""
FIBERMAP 175 R-9C10 METROLOGY 0 0 0 1 0 0 22.819214423110104 -188.23712989929032 143.1 185.2231350303371 40.56968836432606 350.41055 73.31179 -999.0 -999.0 -999.0 -999.0 -999.0 96.96196578953979 -32.04533575461239 96.85083032473693 -32.06064822591407 37.4962811368365 109.84741525106324 -999.0 6231.0 -999.0 -1 -999 {-999.0 -999.0 -999.0 -999.0 -999.0} "" -999.0 -999.0 -999.0 -999.0 -999 -999 "" "" "" "" 0 0 0.0 0.0 -999 ""
FIBERMAP 176 R-7C19 APOGEE 0 0 0 1 0 0 189.25770614381713 -121.91641940138872 143.1 103.41582035227282 199.96665399113948 102.251305 110.3397 -999.0 -999.0 -999.0 -999.0 -999.0 96.6649904081745 -31.564827836540623 96.5559882733167 -31.579399198996533 37.62238133251806 109.18173717648563 -999.0 16600.0 -999.0 2 -999 {-999.0 -999.0 -999.0 -999.0 -999.0} "" -999.0 -999.0 -999.0 -999.0 -999 -999 "" "" "" "" 0 0 0.0 0.0 -999 ""
FIBERMAP 176 R-7C19 BOSS 1 1 0 1 0 0 189.8787042742161 -121.48710073204856 143.1 102.92954061169603 200.54412995278614 102.251305 110.3397 96.66344095070731 -31.562929774517276 40.420204 -19.613634 1.1941693 96.66358254547809 -31.56298831806679 96.55427223208359 -31.577624335214008 37.62336372207403 109.1791122751978 5400.0 5400.0 2016.0 1 276 {-999.0 16.51891 15.869931 15.6401 -999.0} sdss_psfmag_gaia 16.354763 15.912634 15.301412 14.115 63050395078209209 1073164085 bright_1x1 mwm_halo_local_high_boss_single mwm_halo science 0 0 0.0 0.0 -999 ""
FIBERMAP 176 R-7C19 METROLOGY 0 0 0 1 0 0 189.92301678153692 -122.25826728003213 143.1 103.69302331085258 200.6613842513781 102.251305 110.3397 -999.0 -999.0 -999.0 -999.0 -999.0 96.66621891578033 -31.56261413870172 96.55699790261252 -31.57723837591644 37.621017827083996 109.17935843883686 -999.0 6231.0 -999.0 -1 -999 {-999.0 -999.0 -999.0 -999.0 -999.0} "" -999.0 -999.0 -999.0 -999.0 -999 -999 "" "" "" "" 0 0 0.0 0.0 -999 ""
FIBERMAP 180 R-4C11 APOGEE 0 0 0 1 0 0 -36.89118751647883 -79.89241195903195 143.1 83.03075221066514 -29.14721283885203 201.68541 105.23069 -999.0 -999.0 -999.0 -999.0 -999.0 96.59808584691 -32.2592581507366 96.48654190474116 -32.27343915096362 37.84647953707017 110.01565301250429 -999.0 16600.0 -999.0 2 -999 {-999.0 -999.0 -999.0 -999.0 -999.0} "" -999.0 -999.0 -999.0 -999.0 -999 -999 "" "" "" "" 0 0 0.0 0.0 -999 ""
FIBERMAP 180 R-4C11 BOSS 1 1 0 1 0 0 -37.342715080038936 -79.30191546837437 143.1 82.4857466238735 -29.652708275302505 201.68541 105.23069 96.59634098986596 -32.26087558010238 -14.619257 40.620403 7.0015864 96.59651180899809 -32.2607543345467 96.48464872625226 -32.27499549622091 37.84840210492348 110.01709038294932 5400.0 5400.0 2016.0 1 422 {-999.0 15.196939 13.820606 13.144666 -999.0} sdss_psfmag_from_g3xp 14.641336 13.718539 12.769704 10.909 63050395078138633 1114276078 bright_1x1 openfibertargets_mwm_tessperiodic_boss open_fiber science 0 0 0.6771071553230286 0.0 -999 ""
FIBERMAP 180 R-4C11 METROLOGY 0 0 0 1 0 0 -36.59095602001047 -79.20731396215524 143.1 82.32027104425204 -28.913315154150162 201.68541 105.23069 -999.0 -999.0 -999.0 -999.0 -999.0 96.59582419512738 -32.25853377762313 96.4840570900974 -32.272755188785574 37.848359947458576 110.01418388295394 -999.0 6231.0 -999.0 -1 -999 {-999.0 -999.0 -999.0 -999.0 -999.0} "" -999.0 -999.0 -999.0 -999.0 -999 -999 "" "" "" "" 0 0 0.0 0.0 -999 ""
FIBERMAP 182 R+7C8 APOGEE 1 1 0 1 0 0 -52.28073189300729 155.77928439837075 143.1 -150.11750462964537 -66.81973192263533 132.43547 52.532024 95.76116000223361 -32.37499974979212 -3.8210802 15.009388 0.6434802 95.76114649780716 -32.37495494911785 95.6495413711952 -32.386757297366785 38.56069925522728 109.94676542237967 16000.0 16600.0 2016.0 2 124 {-999.0 11.550894 10.54308 10.148255 -999.0} sdss_psfmag_from_g3xp 11.213579 10.561445 9.787617 8.077 63050395078193423 1151850672 bright_1x1 mwm_galactic_core_dist_apogee_sparse mwm_galactic science 0 0 0.0 0.0 -999 ""
FIBERMAP 182 R+7C8 BOSS 0 0 0 1 0 0 -51.53500327994739 155.8463279829583 143.1 -150.2549747205794 -66.08372827757789 132.43547 52.532024 -999.0 -999.0 -999.0 -999.0 -999.0 95.7608945396663 -32.37268683298196 95.64898826342721 -32.38455060147389 38.560648669135134 109.94388158647558 -999.0 5400.0 -999.0 1 109 {-999.0 -999.0 -999.0 -999.0 -999.0} "" -999.0 -999.0 -999.0 -999.0 -999 -999 "" "" "" "" 0 0 0.0 0.0 -999 ""
FIBERMAP 182 R+7C8 METROLOGY 0 0 0 1 0 0 -51.86167594271068 155.16662056523143 143.1 -149.5473519701857 -66.34445904789824 132.43547 52.532024 -999.0 -999.0 -999.0 -999.0 -999.0 95.76331968773091 -32.3735091044324 95.65149693385831 -32.385362006514285 38.55877223767335 109.94551199256392 -999.0 6231.0 -999.0 -1 -999 {-999.0 -999.0 -999.0 -999.0 -999.0} "" -999.0 -999.0 -999.0 -999.0 -999 -999 "" "" "" "" 0 0 0.0 0.0 -999 ""
FIBERMAP 183 R+12C1 APOGEE 1 1 0 1 0 0 -145.22976165767312 222.40673463512988 143.1 -207.62838871737617 -165.6685212021412 336.98392 97.853745 95.55518353769244 -32.672950206258285 -7.9051986 -4.276332 1.8874289 95.5551555063976 -32.67296297043648 95.44252095152447 -32.68410316350848 38.797989317227454 110.26718580164523 16000.0 16600.0 2016.0 2 8 {-999.0 10.990412 10.855623 10.858799 -999.0} sdss_psfmag_from_g3xp 11.015676 10.842355 10.536991 10.076 63050395078192249 1103562832 bright_1x1 mwm_tess_2min_apogee mwm_planet science 0 0 0.0 0.0 -999 ""
FIBERMAP 183 R+12C1 BOSS 0 0 0 1 0 0 -145.41120650440592 221.67942732854183 143.1 -206.88715517201982 -165.78016506216977 336.98392 97.853745 -999.0 -999.0 -999.0 -999.0 -999.0 95.55811500811103 -32.67325647843862 95.4451689941825 -32.684464396076415 38.795897773560505 110.26827711895146 -999.0 5400.0 -999.0 1 8 {-999.0 -999.0 -999.0 -999.0 -999.0} "" -999.0 -999.0 -999.0 -999.0 -999 -999 "" "" "" "" 0 0 0.0 0.0 -999 ""
FIBERMAP 183 R+12C1 METROLOGY 0 0 0 1 0 0 -145.95265726599405 222.20729328204715 143.1 -207.3612841052818 -166.3692375529413 336.98392 97.853745 -999.0 -999.0 -999.0 -999.0 -999.0 95.55628715304492 -32.6750691141404 95.44342249886898 -32.68625451203197 38.79773081200341 110.27009402797015 -999.0 6231.0 -999.0 -1 -999 {-999.0 -999.0 -999.0 -999.0 -999.0} "" -999.0 -999.0 -999.0 -999.0 -999 -999 "" "" "" "" 0 0 0.0 0.0 -999 ""
FIBERMAP 186 R+12C12 APOGEE 0 0 0 1 0 0 103.5918943116479 218.3186673122976 143.1 -227.15843371259513 82.41770444739403 6.193292 54.070503 -999.0 -999.0 -999.0 -999.0 -999.0 95.4882914707407 -31.922168055821306 95.37849922984975 -31.933337389456632 38.67917759000281 109.31427289967513 -999.0 16600.0 -999.0 2 -999 {-999.0 -999.0 -999.0 -999.0 -999.0} "" -999.0 -999.0 -999.0 -999.0 -999 -999 "" "" "" "" 0 0 0.0 0.0 -999 ""
FIBERMAP 186 R+12C12 BOSS 1 1 0 1 0 0 103.20554429629426 217.68230037583143 143.1 -226.48829566810585 82.09345504703414 6.193292 54.070503 95.49093697315719 -31.923090077999575 -0.37456203 3.387172 0.19519262 95.49093565592894 -31.923079967821423 95.3808325437572 -31.93431879444588 38.677480884563614 109.31608686519697 5400.0 5400.0 2016.0 1 106 {-999.0 18.371067 17.996775 17.880865 -999.0} sdss_psfmag_gaia 18.326887 18.017958 17.565884 -999.0 63050395078202235 976856449 "" ops_std_boss ops_std standard_boss 0 0 0.0 0.0 -999 ""
FIBERMAP 186 R+12C12 METROLOGY 0 0 0 1 0 0 102.84390259899291 218.32123919789586 143.1 -227.09005020662372 81.67284519166334 6.193292 54.070503 -999.0 -999.0 -999.0 -999.0 -999.0 95.48866188954594 -31.924353010133594 95.37864181869946 -31.9355674228211 38.67957990780991 109.31708691689215 -999.0 6231.0 -999.0 -1 -999 {-999.0 -999.0 -999.0 -999.0 -999.0} "" -999.0 -999.0 -999.0 -999.0 -999 -999 "" "" "" "" 0 0 0.0 0.0 -999 ""
FIBERMAP 193 R+4C23 APOGEE 0 0 0 1 0 0 254.04419217398313 94.01580747480892 143.1 -117.6864198553451 243.9804589778838 100.247665 76.82747 -999.0 -999.0 -999.0 -999.0 -999.0 95.87959373953773 -31.43457683477837 95.77142177309344 -31.446983716719075 38.23885702865764 108.81240458520841 -999.0 16600.0 -999.0 2 86 {-999.0 -999.0 -999.0 -999.0 -999.0} "" -999.0 -999.0 -999.0 -999.0 -999 -999 "" "" "" "" 0 0 0.0 0.0 -999 ""
FIBERMAP 193 R+4C23 BOSS 1 1 0 1 0 0 254.76418057885343 93.87942341941269 143.1 -117.61893921877127 244.71013283722792 100.247665 76.82747 95.88035896081766 -31.432364476850143 -58.31618 13.280384 1.7874995 95.88015496046481 -31.432324836821 95.7716827090127 -31.44479970465087 38.238112544959236 108.80977519182385 5400.0 5400.0 2016.0 1 259 {-999.0 18.566875 17.25889 16.669966 -999.0} sdss_psfmag_gaia 18.070581 17.203604 16.29216 14.634 63050395078214673 1073164088 bright_1x1 mwm_halo_local_high_boss_single mwm_halo science 0 0 0.0 0.0 -999 ""
FIBERMAP 193 R+4C23 METROLOGY 0 0 0 1 0 0 254.3051586591576 93.31247937111515 143.1 -117.01101807560318 244.30695510808826 100.247665 76.82747 -999.0 -999.0 -999.0 -999.0 -999.0 95.88218788774428 -31.433502622306538 95.7737972975512 -31.44596419587336 38.236643919552336 108.81176955602109 -999.0 6231.0 -999.0 -1 -999 {-999.0 -999.0 -999.0 -999.0 -999.0} "" -999.0 -999.0 -999.0 -999.0 -999 -999 "" "" "" "" 0 0 0.0 0.0 -999 ""
FIBERMAP 197 R0C13 APOGEE 0 0 0 1 0 0 -10.004942626710363 -1.3864134982005656 143.1 2.329080893490687 -9.828285593065477 347.472 122.86605 -999.0 -999.0 -999.0 -999.0 -999.0 96.30804484545679 -32.20178162015572 96.19684343521311 -32.21516606346947 38.070914898147684 109.87071062574955 -999.0 16600.0 -999.0 2 250 {-999.0 -999.0 -999.0 -999.0 -999.0} "" -999.0 -999.0 -999.0 -999.0 -999 -999 "" "" "" "" 0 0 0.0 0.0 -999 ""
FIBERMAP 197 R0C13 BOSS 1 1 0 1 0 0 -9.805774842257602 -2.094314244450411 143.1 3.0148960149190085 -9.562875512610775 347.472 122.86605 96.31082771739992 -32.200859335245504 -2.8604696 -16.822708 8.631457 96.31081762734055 -32.20090954839548 96.19930714965544 -32.21436625197233 38.06870099701508 109.87034451302533 5400.0 5400.0 2016.0 1 518 {-999.0 16.121208 14.707147 13.70365 -999.0} sdss_psfmag_from_g3xp 15.552372 14.365991 13.283447 11.16 63050395078130571 1075888078 bright_1x1 mwm_erosita_stars_boss mwm_erosita science 0 0 0.0 0.0 -999 ""
FIBERMAP 197 R0C13 METROLOGY 0 0 0 1 0 0 -10.52900475628865 -1.9139515913143825 143.1 2.903942740463421 -10.299947429125469 347.472 122.86605 -999.0 -999.0 -999.0 -999.0 -999.0 96.31034191697158 -32.203169223516525 96.19890931698416 -32.216605662551295 38.06955376294506 109.87300924887043 -999.0 6231.0 -999.0 -1 -999 {-999.0 -999.0 -999.0 -999.0 -999.0} "" -999.0 -999.0 -999.0 -999.0 -999 -999 "" "" "" "" 0 0 0.0 0.0 -999 ""
FIBERMAP 213 R+3C1 APOGEE 0 0 0 1 0 0 -254.52455297272783 78.57294422856957 143.1 -54.07771655871754 -260.8279488835531 136.15927 48.20224 -999.0 -999.0 -999.0 -999.0 -999.0 96.10754476696876 -32.961273037298874 95.99356961195559 -32.97387667226671 38.41144493749596 110.76106851452363 -999.0 16600.0 -999.0 2 3 {-999.0 -999.0 -999.0 -999.0 -999.0} "" -999.0 -999.0 -999.0 -999.0 -999 -999 "" "" "" "" 0 0 0.0 0.0 -999 ""
FIBERMAP 213 R+3C1 BOSS 1 1 0 1 0 0 -253.76638056243723 78.60815397268063 143.1 -54.184676745601294 -260.0765383095794 136.15927 48.20224 96.10746012340451 -32.95841415512881 -0.12230044 -182.03816 14.4648695 96.10745968833736 -32.958957510547194 95.99318458212588 -32.971622063771086 38.411255927048124 110.7581718011957 5400.0 5400.0 2016.0 1 3 {-999.0 15.304499 15.5339775 15.68291 -999.0} sdss_psfmag_gaia 15.428259 15.416939 15.380332 15.352 63050395078124129 1151160040 bright_1x1 mwm_snc_100pc_boss_single mwm_snc science 0 0 0.0 0.0 -999 ""
FIBERMAP 213 R+3C1 METROLOGY 0 0 0 1 0 0 -254.11354721127995 77.94744297389849 143.1 -53.494020899435924 -260.3594722856332 136.15927 48.20224 -999.0 -999.0 -999.0 -999.0 -999.0 96.10985671830909 -32.95987186022197 95.99566111168218 -32.97252561151471 38.40943275279324 110.75988836974847 -999.0 6231.0 -999.0 -1 -999 {-999.0 -999.0 -999.0 -999.0 -999.0} "" -999.0 -999.0 -999.0 -999.0 -999 -999 "" "" "" "" 0 0 0.0 0.0 -999 ""
FIBERMAP 216 R-9C18 APOGEE 0 0 0 1 0 0 201.96020197706812 -167.56525252971622 143.1 147.65382057192178 216.94140612534207 34.55524 114.87908 -999.0 -999.0 -999.0 -999.0 -999.0 96.8212257757338 -31.51313863147576 96.71234403311769 -31.528163737977607 37.48063545020606 109.16041866304374 -999.0 16600.0 -999.0 2 192 {-999.0 -999.0 -999.0 -999.0 -999.0} "" -999.0 -999.0 -999.0 -999.0 -999 -999 "" "" "" "" 0 0 0.0 0.0 -999 ""
FIBERMAP 216 R-9C18 BOSS 1 1 0 1 0 0 202.53170211478647 -168.0803376225813 143.1 148.11237628307515 217.55918014177328 34.55524 114.87908 96.82312534503373 -31.511241055287094 4.8003054 13.2261715 2.839613 96.82314215151055 -31.511201577234484 96.71395030288146 -31.52630152307211 37.47884922379412 109.15857019021216 5400.0 5400.0 2016.0 1 265 {-999.0 14.290709 13.621106 13.394098 -999.0} sdss_psfmag_from_g3xp 14.11141 13.665028 13.037649 11.762 63050395078209670 1095758226 bright_1x1 mwm_bin_vis_boss mwm_filler science 0 0 0.0 0.0 -999 ""
FIBERMAP 216 R-9C18 METROLOGY 0 0 0 1 0 0 201.83003519272452 -168.29885291434795 143.1 148.39645528607988 216.88140573290656 34.55524 114.87908 -999.0 -999.0 -999.0 -999.0 -999.0 96.8241185216605 -31.513216496186185 96.71500780532244 -31.528299047119482 37.478468450597184 109.1612897316702 -999.0 6231.0 -999.0 -1 -999 {-999.0 -999.0 -999.0 -999.0 -999.0} "" -999.0 -999.0 -999.0 -999.0 -999 -999 "" "" "" "" 0 0 0.0 0.0 -999 ""
FIBERMAP 223 R-7C9 APOGEE 1 1 0 1 0 0 -37.33940384334037 -114.35460966759189 143.1 117.37990103391652 -26.32481538629769 173.32018 22.852657 96.72099078415037 -32.24998778078558 -9.713909 8.069115 2.364149 96.72119985075135 -32.24996369573674 96.60963748549862 -32.264492754828304 37.74322899637673 110.03577196036866 16000.0 16600.0 2016.0 2 186 {-999.0 9.657264 8.783734 8.462898 -999.0} sdss_psfmag_from_g3xp 9.390741 8.823754 8.110964 6.598 63050395078138404 1109747764 bright_1x1 mwm_tess_rgb_apogee mwm_tessrgb science 0 0 0.7409086227416992 0.0 -999 ""
FIBERMAP 223 R-7C9 BOSS 0 0 0 1 0 0 -36.615378940532594 -114.13392588826589 143.1 117.09154277389783 -25.624989590928326 173.32018 22.852657 -999.0 -999.0 -999.0 -999.0 -999.0 96.72053973697412 -32.247793197319226 96.60866728200313 -32.26238646693847 37.7435274300705 110.03293845568993 -999.0 5400.0 -999.0 1 380 {-999.0 -999.0 -999.0 -999.0 -999.0} "" -999.0 -999.0 -999.0 -999.0 -999 -999 "" "" "" "" 0 0 0.0 0.0 -999 ""
FIBERMAP 223 R-7C9 METROLOGY 0 0 0 1 0 0 -36.79138988793027 -114.86752958501495 143.1 117.83852890601773 -25.730626894510277 173.32018 22.852657 -999.0 -999.0 -999.0 -999.0 -999.0 96.72314360982311 -32.24811791081165 96.61135880787288 -32.26269984822473 37.74139033975312 110.03400488467122 -999.0 6231.0 -999.0 -1 -999 {-999.0 -999.0 -999.0 -999.0 -999.0} "" -999.0 -999.0 -999.0 -999.0 -999 -999 "" "" "" "" 0 0 0.0 0.0 -999 ""
FIBERMAP 224 R+2C5 APOGEE 0 0 0 1 0 0 -194.2748044277969 27.507781146165442 143.1 -8.957486860421994 -196.0068539538177 258.7342 69.04033 -999.0 -999.0 -999.0 -999.0 -999.0 96.26951245097348 -32.76603495745922 96.156207111215 -32.77914837450741 38.234494573887524 110.55846500257832 -999.0 16600.0 -999.0 2 23 {-999.0 -999.0 -999.0 -999.0 -999.0} "" -999.0 -999.0 -999.0 -999.0 -999 -999 "" "" "" "" 0 0 0.0 0.0 -999 ""
FIBERMAP 224 R+2C5 BOSS 1 1 0 1 0 0 -194.92175035509027 27.925385142656665 143.1 -9.311845791773587 -196.69048754128966 258.7342 69.04033 96.26857277689166 -32.768122526977336 -5.356371 9.20973 1.0651321 96.2685537632933 -32.76809503737308 96.15492678972866 -32.78126687065661 38.23602402777093 110.56078038509419 5400.0 5400.0 2016.0 1 34 {-999.0 16.310305 15.689083 15.471203 -999.0} sdss_psfmag_gaia 15.5932455 15.730922 14.569244 13.355 63050395078125032 1094232681 bright_1x1 mwm_bin_vis_boss mwm_filler science 0 0 0.0 0.0 -999 ""
FIBERMAP 224 R+2C5 METROLOGY 0 0 0 1 0 0 -194.24174369859622 28.256668047478726 143.1 -9.706128999071847 -196.0449711457515 258.7342 69.04033 -999.0 -999.0 -999.0 -999.0 -999.0 96.26703484519659 -32.7661954275878 96.15350451502133 -32.77934606254828 38.23675233843731 110.55805312424849 -999.0 6231.0 -999.0 -1 -999 {-999.0 -999.0 -999.0 -999.0 -999.0} "" -999.0 -999.0 -999.0 -999.0 -999 -999 "" "" "" "" 0 0 0.0 0.0 -999 ""
FIBERMAP 226 R-2C25 APOGEE 0 0 0 1 0 0 274.2196329721987 -53.871189718173596 143.1 27.619471022895464 278.09127179713687 310.28802 95.292694 -999.0 -999.0 -999.0 -999.0 -999.0 96.39425334265982 -31.33085393257646 96.28622860446376 -31.34473422281203 37.78775893003715 108.82275588127834 -999.0 16600.0 -999.0 2 239 {-999.0 -999.0 -999.0 -999.0 -999.0} "" -999.0 -999.0 -999.0 -999.0 -999 -999 "" "" "" "" 0 0 0.0 0.0 -999 ""
FIBERMAP 226 R-2C25 BOSS 1 1 0 1 0 0 273.6948232718206 -54.45023905672471 143.1 28.245682500532606 277.6237513838408 310.28802 95.292694 96.39678955078125 -31.33219690937956 -999.0 -999.0 -999.0 96.39678955078125 -31.33219690937956 96.28844555401331 -31.34615194217577 37.786273311135126 108.82508481744414 5400.0 5400.0 2015.5 1 349 {-999.0 -999.0 -999.0 -999.0 -999.0} "" -999.0 -999.0 -999.0 -999.0 27021603127958907 819174211 "" ops_sky_boss_good ops_sky sky_boss 0 0 0.0 0.0 -999 ""
FIBERMAP 226 R-2C25 METROLOGY 0 0 0 1 0 0 273.50247957036254 -53.70429728557089 143.1 27.521350834287816 277.3615265560293 310.28802 95.292694 -999.0 -999.0 -999.0 -999.0 -999.0 96.39414708168101 -31.33295490166423 96.28589024606902 -31.346883013295248 37.788568451701266 108.82530097145985 -999.0 6231.0 -999.0 -1 -999 {-999.0 -999.0 -999.0 -999.0 -999.0} "" -999.0 -999.0 -999.0 -999.0 -999 -999 "" "" "" "" 0 0 0.0 0.0 -999 ""
FIBERMAP 229 R+9C7 APOGEE 0 0 0 1 0 0 -41.961616649312376 177.6963049329406 143.1 -172.91431656160822 -58.625931243255806 21.956314 106.651825 -999.0 -999.0 -999.0 -999.0 -999.0 95.67957661945819 -32.34989719660206 95.56810193539457 -32.36147842104255 38.621870530434535 109.8951441696189 -999.0 16600.0 -999.0 2 133 {-999.0 -999.0 -999.0 -999.0 -999.0} "" -999.0 -999.0 -999.0 -999.0 -999 -999 "" "" "" "" 0 0 0.0 0.0 -999 ""
FIBERMAP 229 R+9C7 BOSS 1 1 0 1 0 0 -41.482489542966896 177.12997655940026 143.1 -172.3959876959099 -58.09525308816963 21.956314 106.651825 95.68132158413627 -32.348250893381966 -1.4728987 -0.5481299 0.6500091 95.68167136181724 -32.348252529463856 95.5698933724743 -32.359901397259094 38.62003671548677 109.89362226556865 5400.0 5400.0 2016.0 1 123 {-999.0 13.1725855 12.226547 11.894542 -999.0} sdss_psfmag_from_g3xp 12.869041 12.269854 11.536155 9.988 63050395078194430 996795151 bright_1x1 mwm_bin_gaia_sb_boss mwm_bin science 0 0 1.0796133279800415 0.0 -999 ""
FIBERMAP 229 R+9C7 METROLOGY 0 0 0 1 0 0 -42.21661562388812 176.99732462935742 143.1 -172.1943058616516 -58.813483906109305 21.956314 106.651825 -999.0 -999.0 -999.0 -999.0 -999.0 95.68227620813673 -32.350456365661834 95.57057692238817 -32.36208890788001 38.61997502260827 109.89651691415747 -999.0 6231.0 -999.0 -1 -999 {-999.0 -999.0 -999.0 -999.0 -999.0} "" -999.0 -999.0 -999.0 -999.0 -999 -999 "" "" "" "" 0 0 0.0 0.0 -999 ""
FIBERMAP 230 R+10C2 APOGEE 0 0 0 1 0 0 -168.72071636690487 190.1872970745723 143.1 -173.32637218001346 -185.99756472056055 193.57596 120.447655 -999.0 -999.0 -999.0 -999.0 -999.0 95.67803629896459 -32.734966678434255 95.5651112190863 -32.74643288718192 38.71139692758789 110.37466669638206 -999.0 16600.0 -999.0 2 -999 {-999.0 -999.0 -999.0 -999.0 -999.0} "" -999.0 -999.0 -999.0 -999.0 -999 -999 "" "" "" "" 0 0 0.0 0.0 -999 ""
FIBERMAP 230 R+10C2 BOSS 1 1 0 1 0 0 -169.24628407506137 190.68692974071257 143.1 -173.77390170824975 -186.5681480477148 193.57596 120.447655 95.67677546140352 -32.736550637612226 -12.25394 -25.437626 2.4114366 95.67673197875706 -32.736626564936046 95.56349255636148 -32.748148386896965 38.71310748757334 110.37641941219933 5400.0 5400.0 2016.0 1 18 {-999.0 -999.0 -999.0 -999.0 -999.0} "" -999.0 15.5672245 -999.0 12.006 63050395078191919 1094367842 bright_1x1 mwm_bin_vis_boss mwm_filler science 0 0 0.0 0.0 -999 ""
FIBERMAP 230 R+10C2 METROLOGY 0 0 0 1 0 0 -168.54112223489417 190.91341288113725 143.1 -174.06624407141007 -185.88765021261088 193.57596 120.447655 -999.0 -999.0 -999.0 -999.0 -999.0 95.67555764318827 -32.73462017035128 95.56241321776702 -32.74612233462766 38.71353924023199 110.37362847219646 -999.0 6231.0 -999.0 -1 -999 {-999.0 -999.0 -999.0 -999.0 -999.0} "" -999.0 -999.0 -999.0 -999.0 -999 -999 "" "" "" "" 0 0 0.0 0.0 -999 ""
FIBERMAP 231 R+2C20 APOGEE 0 0 0 1 0 0 162.90020004817046 29.943053416336873 143.1 -45.25827245326828 159.32490919188083 282.59467 136.04756 -999.0 -999.0 -999.0 -999.0 -999.0 96.13644122781749 -31.68915560824757 96.02721763670007 -31.70220808677696 38.08889742465553 109.1942696656422 -999.0 16600.0 -999.0 2 -999 {-999.0 -999.0 -999.0 -999.0 -999.0} "" -999.0 -999.0 -999.0 -999.0 -999 -999 "" "" "" "" 0 0 0.0 0.0 -999 ""
FIBERMAP 231 R+2C20 BOSS 1 1 0 1 0 0 162.53562543239354 29.296477975189134 143.1 -44.5800372872364 159.02330513082958 282.59467 136.04756 96.13913919994708 -31.689938537695824 2.9760811 2.1542647 0.44518352 96.13914963959981 -31.68993210755253 96.02961057683432 -31.703057568757757 38.087125303440104 109.19593880995242 5400.0 5400.0 2016.0 1 230 {-999.0 16.894232 16.516306 16.39893 -999.0} sdss_psfmag_gaia 16.836538 16.537952 16.071617 15.221 63050395078207652 976856540 "" ops_std_boss ops_std standard_boss 0 0 0.0 0.0 -999 ""
FIBERMAP 231 R+2C20 METROLOGY 0 0 0 1 0 0 162.15221449224026 29.939075362055156 143.1 -45.183369157386466 158.5806772985824 282.59467 136.04756 -999.0 -999.0 -999.0 -999.0 -999.0 96.13690588556153 -31.691275579156517 96.02745099834237 -31.704375751131703 38.08922546032971 109.1970037618459 -999.0 6231.0 -999.0 -1 -999 {-999.0 -999.0 -999.0 -999.0 -999.0} "" -999.0 -999.0 -999.0 -999.0 -999 -999 "" "" "" "" 0 0 0.0 0.0 -999 ""
FIBERMAP 232 R+13C3 APOGEE 0 0 0 1 0 0 -82.23778855522178 258.8852077301155 143.1 -249.9167166912058 -106.42071560762783 67.45878 59.536446 -999.0 -999.0 -999.0 -999.0 -999.0 95.40444105373328 -32.49314249019927 95.29255250280892 -32.503912648047354 38.880692887718006 110.00535288926437 -999.0 16600.0 -999.0 2 54 {-999.0 -999.0 -999.0 -999.0 -999.0} "" -999.0 -999.0 -999.0 -999.0 -999 -999 "" "" "" "" 0 0 0.0 0.0 -999 ""
FIBERMAP 232 R+13C3 BOSS 1 1 0 1 0 0 -81.88460677404899 258.24215445609605 143.1 -249.31006388662547 -106.00813724284664 67.45878 59.536446 95.40692074159666 -32.491889153446515 -1.1400688 13.699246 1.7554257 95.40691670714925 -32.49184826334038 95.29472581644212 -32.50268549760435 38.87863086653997 110.00434688808275 5400.0 5400.0 2016.0 1 91 {-999.0 16.118458 15.232855 14.8941 -999.0} sdss_psfmag_gaia 15.803398 15.269222 14.498698 13.084 63050395078193662 1094166089 bright_1x1 mwm_bin_vis_boss mwm_filler science 0 0 0.0 0.0 -999 ""
FIBERMAP 232 R+13C3 METROLOGY 0 0 0 1 0 0 -82.60895134208951 258.2503889306523 143.1 -249.24956023852826 -106.72999316783478 67.45878 59.536446 -999.0 -999.0 -999.0 -999.0 -999.0 95.40698517508703 -32.494066741594274 95.2948721922836 -32.50488656748697 38.879005956012335 110.00713745453243 -999.0 6231.0 -999.0 -1 -999 {-999.0 -999.0 -999.0 -999.0 -999.0} "" -999.0 -999.0 -999.0 -999.0 -999 -999 "" "" "" "" 0 0 0.0 0.0 -999 ""
FIBERMAP 234 R+3C20 APOGEE 0 0 0 1 0 0 181.3862505064435 43.87194376423479 143.1 -60.87761065277916 176.406419671653 359.536 61.307808 -999.0 -999.0 -999.0 -999.0 -999.0 96.08078653162065 -31.637662708190334 95.97177764959315 -31.650574196238026 38.12228099136619 109.11616003687834 -999.0 16600.0 -999.0 2 69 {-999.0 -999.0 -999.0 -999.0 -999.0} "" -999.0 -999.0 -999.0 -999.0 -999 -999 "" "" "" "" 0 0 0.0 0.0 -999 ""
FIBERMAP 234 R+3C20 BOSS 1 1 0 1 0 0 181.0015497244552 43.22932301123628 143.1 -60.20140344376469 176.08440520759757 359.536 61.307808 96.08349424714706 -31.63855169149194 -4.161803 15.536161 4.231264 96.0834796562375 -31.638505318481272 95.97415687021261 -31.65148977818952 38.12053544693353 109.1179090218477 5400.0 5400.0 2016.0 1 224 {-999.0 18.610945 16.947649 16.02092 -999.0} sdss_psfmag_gaia 17.708614 16.66811 15.453582 13.327 63050395078207764 1094266079 bright_1x1 mwm_bin_vis_boss mwm_filler science 0 0 0.0 0.0 -999 ""
FIBERMAP 234 R+3C20 METROLOGY 0 0 0 1 0 0 180.63326101882032 43.874321550738905 143.1 -60.80855990650238 175.65660361006726 359.536 61.307808 -999.0 -999.0 -999.0 -999.0 -999.0 96.08122187503533 -31.639798419488084 95.97198206992272 -31.652757520913315 38.122637316569346 109.1189070663624 -999.0 6231.0 -999.0 -1 -999 {-999.0 -999.0 -999.0 -999.0 -999.0} "" -999.0 -999.0 -999.0 -999.0 -999 -999 "" "" "" "" 0 0 0.0 0.0 -999 ""
FIBERMAP 243 R-11C12 APOGEE 0 0 0 1 0 0 68.68736679298462 -215.21746657710023 143.1 207.73128802890042 88.78976304509989 160.23593 142.77507 -999.0 -999.0 -999.0 -999.0 -999.0 97.03976207154584 -31.898834539803683 96.92936441719746 -31.91436013276853 37.396248067929115 109.68893764793606 -999.0 16600.0 -999.0 2 183 {-999.0 -999.0 -999.0 -999.0 -999.0} "" -999.0 -999.0 -999.0 -999.0 -999 -999 "" "" "" "" 0 0 0.0 0.0 -999 ""
FIBERMAP 243 R-11C12 BOSS 1 1 0 1 0 0 68.2446540078029 -214.60052194743497 143.1 207.15911764474947 88.29053410593832 160.23593 142.77507 97.03811645507811 -31.90027319971729 -999.0 -999.0 -999.0 97.03811645507811 -31.900273199717287 96.9273943577026 -31.915861814608938 37.39823531612342 109.69025929052789 5400.0 5400.0 2015.5 1 376 {-999.0 -999.0 -999.0 -999.0 -999.0} "" -999.0 -999.0 -999.0 -999.0 27021603127948163 819170995 "" ops_sky_boss_good ops_sky sky_boss 0 0 0.0 0.0 -999 ""
FIBERMAP 243 R-11C12 METROLOGY 0 0 0 1 0 0 68.98194977512446 -214.52481063189444 143.1 207.0138187674575 89.01732087377908 160.23593 142.77507 -999.0 -999.0 -999.0 -999.0 -999.0 97.03751557152873 -31.898083513298037 96.9268924461212 -31.913651798905626 37.398111146136124 109.68743051978609 -999.0 6231.0 -999.0 -1 -999 {-999.0 -999.0 -999.0 -999.0 -999.0} "" -999.0 -999.0 -999.0 -999.0 -999 -999 "" "" "" "" 0 0 0.0 0.0 -999 ""
FIBERMAP 244 R-4C15 APOGEE 0 0 0 1 0 0 50.39679350052714 -87.32761146648829 143.1 82.15350180888406 58.45195208267847 256.08136 62.592415 -999.0 -999.0 -999.0 -999.0 -999.0 96.59304370642637 -31.993353486343924 96.48249190792518 -32.00759770502968 37.786673539203406 109.68773268583311 -999.0 16600.0 -999.0 2 199 {-999.0 -999.0 -999.0 -999.0 -999.0} "" -999.0 -999.0 -999.0 -999.0 -999 -999 "" "" "" "" 0 0 0.0 0.0 -999 ""
FIBERMAP 244 R-4C15 BOSS 1 1 0 1 0 0 49.848852036297714 -86.8175847804785 143.1 81.69774723284995 57.85811016535024 256.08136 62.592415 96.591796875 -31.99506319052064 -999.0 -999.0 -999.0 96.591796875 -31.995063190520646 96.48092325292099 -32.00936942645292 37.78838888277205 109.68950692299134 5400.0 5400.0 2015.5 1 280 {-999.0 -999.0 -999.0 -999.0 -999.0} "" -999.0 -999.0 -999.0 -999.0 27021603127947981 819170887 "" ops_sky_boss_good ops_sky sky_boss 0 0 0.0 0.0 -999 ""
FIBERMAP 244 R-4C15 METROLOGY 0 0 0 1 0 0 50.56971971163868 -86.60071345802778 143.1 81.41348366989212 58.555154579848654 256.08136 62.592415 -999.0 -999.0 -999.0 -999.0 -999.0 96.59068289035196 -31.992966036842322 96.47990707634108 -32.007251055363014 37.788718893939695 109.6866434101878 -999.0 6231.0 -999.0 -1 -999 {-999.0 -999.0 -999.0 -999.0 -999.0} "" -999.0 -999.0 -999.0 -999.0 -999 -999 "" "" "" "" 0 0 0.0 0.0 -999 ""
FIBERMAP 249 R+8C6 APOGEE 0 0 0 1 0 0 -106.85145605342565 151.73929760397553 143.1 -140.91995667740693 -120.76095185594609 224.46576 82.03833 -999.0 -999.0 -999.0 -999.0 -999.0 95.79410207879262 -32.53841560693234 95.68186736249021 -32.55026312985581 38.571417711489325 110.15832712472235 -999.0 16600.0 -999.0 2 -999 {-999.0 -999.0 -999.0 -999.0 -999.0} "" -999.0 -999.0 -999.0 -999.0 -999 -999 "" "" "" "" 0 0 0.0 0.0 -999 ""
FIBERMAP 249 R+8C6 BOSS 1 1 0 1 0 0 -107.28529350199592 152.31409493447063 143.1 -141.45101180006793 -121.24734803199847 224.46576 82.03833 95.79018011522862 -32.53853794822367 639.97455 -442.85098 18.043596 95.792446051531 -32.539859768766306 95.67990251990767 -32.55176336570018 38.57337122785106 110.15971511542347 5400.0 5400.0 2016.0 1 79 {-999.0 17.391636 15.56427 14.372779 -999.0} sdss_psfmag_gaia 16.45815 15.066956 13.909757 11.876 63050395078192789 1151164607 bright_1x1 mwm_snc_100pc_boss_single mwm_snc science 0 0 0.0 0.0 -999 ""
FIBERMAP 249 R+8C6 METROLOGY 0 0 0 1 0 0 -106.53853910754577 152.41869527969814 143.1 -141.62596641363842 -120.51388533234775 224.46576 82.03833 -999.0 -999.0 -999.0 -999.0 -999.0 95.79171335192449 -32.53767159124671 95.67926029630053 -32.54955629673261 38.57339746543609 110.15680861975594 -999.0 6231.0 -999.0 -1 -999 {-999.0 -999.0 -999.0 -999.0 -999.0} "" -999.0 -999.0 -999.0 -999.0 -999 -999 "" "" "" "" 0 0 0.0 0.0 -999 ""
FIBERMAP 253 R+5C3 APOGEE 1 1 0 1 0 0 -201.43145267434292 82.6397228757238 143.1 -63.16178918770429 -208.36022399938602 267.98236 74.77168 96.07427004145445 -32.80349139810983 1.5031347 1.1586617 0.2181084 96.07427537928001 -32.80348793968584 95.96091436546025 -32.816043710683154 38.402746363929516 110.55693717783049 16000.0 16600.0 2016.0 2 19 {-999.0 14.039264 12.966391 12.581486 -999.0} sdss_psfmag_from_g3xp 13.665565 12.997946 12.216017 10.538 63050395078125158 1151850665 bright_1x1 mwm_galactic_core_dist_apogee_sparse mwm_galactic science 0 0 0.0 0.0 -999 ""
FIBERMAP 253 R+5C3 BOSS 0 0 0 1 0 0 -202.14914849870163 82.82677156255687 143.1 -63.279923200002166 -209.09242094818208 267.98236 74.77168 -999.0 -999.0 -999.0 -999.0 -999.0 96.07415422017245 -32.80567535385296 95.96047180984067 -32.81829099125237 38.403615043084606 110.55962418697234 -999.0 5400.0 -999.0 1 28 {-999.0 -999.0 -999.0 -999.0 -999.0} "" -999.0 -999.0 -999.0 -999.0 -999 -999 "" "" "" "" 0 0 0.0 0.0 -999 ""
FIBERMAP 253 R+5C3 METROLOGY 0 0 0 1 0 0 -201.61185060514265 83.36323261024391 143.1 -63.86492307890135 -208.6084293972656 267.98236 74.77168 -999.0 -999.0 -999.0 -999.0 -999.0 96.07194156821552 -32.80426572730804 95.95835420796982 -32.816858331491495 38.40502613457104 110.55733133809983 -999.0 6231.0 -999.0 -1 -999 {-999.0 -999.0 -999.0 -999.0 -999.0} "" -999.0 -999.0 -999.0 -999.0 -999 -999 "" "" "" "" 0 0 0.0 0.0 -999 ""
FIBERMAP 255 R-5C11 APOGEE 1 1 0 1 0 0 -13.511256539773749 -89.70527903011616 143.1 90.58183915603118 -4.942109405557644 33.980167 170.81108 96.62466380593463 -32.18563217884467 -2.0360842 0.73078835 0.72516537 96.62465662502929 -32.18562999755564 96.51337605956245 -32.199906927244285 37.80704429940062 109.9319890399175 16000.0 16600.0 2016.0 2 170 {-999.0 12.162789 11.321441 11.028705 -999.0} sdss_psfmag_from_g3xp 11.912373 11.368926 10.677254 9.258 63050395078138849 1106969659 bright_1x1 mwm_tess_rgb_apogee mwm_tessrgb science 0 0 0.0 0.0 -999 ""
FIBERMAP 255 R-5C11 BOSS 0 0 0 1 0 0 -12.80598593602746 -89.40212350551192 143.1 90.21316018742121 -4.268775342201907 33.980167 170.81108 -999.0 -999.0 -999.0 -999.0 -999.0 96.62369855225917 -32.183528860952805 96.5121092675019 -32.197869066913654 37.807602864960906 109.92916170709557 -999.0 5400.0 -999.0 1 409 {-999.0 -999.0 -999.0 -999.0 -999.0} "" -999.0 -999.0 -999.0 -999.0 -999 -999 "" "" "" "" 0 0 0.0 0.0 -999 ""
FIBERMAP 255 R-5C11 METROLOGY 0 0 0 1 0 0 -12.891033157158276 -90.1372319780586 143.1 90.95301678644611 -4.283716802769653 33.980167 170.81108 -999.0 -999.0 -999.0 -999.0 -999.0 96.62627167157801 -32.183579015335404 96.5147707995364 -32.197907908890905 37.80542398601295 109.92988492387144 -999.0 6231.0 -999.0 -1 -999 {-999.0 -999.0 -999.0 -999.0 -999.0} "" -999.0 -999.0 -999.0 -999.0 -999 -999 "" "" "" "" 0 0 0.0 0.0 -999 ""
FIBERMAP 266 R-11C1 APOGEE 0 0 0 1 0 0 -159.659113929923 -197.6063042087354 143.1 211.8572984995178 -140.19631819382263 94.9045 78.52211 -999.0 -999.0 -999.0 -999.0 -999.0 97.06225172646049 -32.591753094836776 96.94925941840194 -32.60713982265506 37.5454024134024 110.54162277743708 -999.0 16600.0 -999.0 2 260 {-999.0 -999.0 -999.0 -999.0 -999.0} "" -999.0 -999.0 -999.0 -999.0 -999 -999 "" "" "" "" 0 0 0.0 0.0 -999 ""
FIBERMAP 266 R-11C1 BOSS 1 1 0 1 0 0 -158.9286798524913 -197.8052659795935 143.1 211.9860836526349 -139.45031058710524 94.9045 78.52211 97.06303406921172 -32.5894389741781 -1.3078564 0.5598649 0.17642806 97.06302943596879 -32.589437303069 96.9497242845096 -32.604892213404625 37.54449452498454 110.53898297079354 5400.0 5400.0 2016.0 1 354 {-999.0 17.86594 17.465488 17.339014 -999.0} sdss_psfmag_gaia 17.7858 17.489906 16.996641 15.949 63050395078131114 976855696 "" ops_std_boss ops_std standard_boss 0 0 0.0 0.0 -999 ""
FIBERMAP 266 R-11C1 METROLOGY 0 0 0 1 0 0 -159.47939134410947 -198.326807931797 143.1 212.55750400176362 -139.9490701996623 94.9045 78.52211 -999.0 -999.0 -999.0 -999.0 -999.0 97.06503583196141 -32.59096128552903 96.9518150229647 -32.60640287183192 37.54313679732254 110.54135617992463 -999.0 6231.0 -999.0 -1 -999 {-999.0 -999.0 -999.0 -999.0 -999.0} "" -999.0 -999.0 -999.0 -999.0 -999 -999 "" "" "" "" 0 0 0.0 0.0 -999 ""
FIBERMAP 267 R-9C2 APOGEE 0 0 0 1 0 0 -177.49024579090727 -167.1247206778968 143.1 183.2045128027322 -160.83800791025942 131.84573 125.90813 -999.0 -999.0 -999.0 -999.0 -999.0 96.96021483494093 -32.65521583942098 96.8470274425024 -32.67029782860385 37.6438723867143 110.59371750508694 -999.0 16600.0 -999.0 2 -999 {-999.0 -999.0 -999.0 -999.0 -999.0} "" -999.0 -999.0 -999.0 -999.0 -999 -999 "" "" "" "" 0 0 0.0 0.0 -999 ""
FIBERMAP 267 R-9C2 BOSS 1 1 0 1 0 0 -177.37749402971116 -166.4182229250339 143.1 182.49051012041286 -160.7927733630887 131.84573 125.90813 96.95799961767158 -32.65505687927444 0.06646398 -0.4751527 -0.047933105 96.95799985330109 -32.65505829753088 96.84449354415723 -32.67019878369551 37.645923599760266 110.59296796089319 5400.0 5400.0 2016.0 1 457 {-999.0 19.14228 19.00168 18.980457 -999.0} sdss_psfmag_gaia 19.149242 18.983734 18.646034 -999.0 63050395078131199 1116443914 bright_1x1 openfibertargets_bhm_quaia_boss open_fiber science 0 0 0.0 0.0 -999 ""
FIBERMAP 267 R-9C2 METROLOGY 0 0 0 1 0 0 -176.78335492914175 -166.88017308263466 143.1 182.89402353635808 -160.1575021937492 131.84573 125.90813 -999.0 -999.0 -999.0 -999.0 -999.0 96.9593774480382 -32.6531704616947 96.84596843814461 -32.66829704425459 37.64427291347468 110.59099785885707 -999.0 6231.0 -999.0 -1 -999 {-999.0 -999.0 -999.0 -999.0 -999.0} "" -999.0 -999.0 -999.0 -999.0 -999 -999 "" "" "" "" 0 0 0.0 0.0 -999 ""
FIBERMAP 274 R+2C17 APOGEE 0 0 0 1 0 0 79.15686884575369 31.122034974012138 143.1 -38.48923900975155 75.84776899340129 214.18715 118.84679 -999.0 -999.0 -999.0 -999.0 -999.0 96.16096523091849 -31.9419844912606 96.05079584179094 -31.955032109425645 38.12979186069541 109.51237707060221 -999.0 16600.0 -999.0 2 61 {-999.0 -999.0 -999.0 -999.0 -999.0} "" -999.0 -999.0 -999.0 -999.0 -999 -999 "" "" "" "" 0 0 0.0 0.0 -999 ""
FIBERMAP 274 R+2C17 BOSS 1 1 0 1 0 0 78.52306101852314 31.532542921119546 143.1 -38.83778001488283 75.17788723103187 214.18715 118.84679 96.1600222586774 -31.94392477919851 -4.5424 5.0919952 1.1814456 96.16000628072727 -31.943909580388816 96.04951841371108 -31.957018612347333 38.13131586592084 109.51450372571036 5400.0 5400.0 2016.0 1 207 {-999.0 18.936672 17.593449 16.978344 -999.0} sdss_psfmag_gaia 18.41714 17.523994 16.596163 14.729 63050395078196804 1095133800 bright_1x1 mwm_bin_vis_boss mwm_filler science 0 0 0.0 0.0 -999 ""
FIBERMAP 274 R+2C17 METROLOGY 0 0 0 1 0 0 79.20163225570701 31.86549260650154 143.1 -39.23358633567499 75.82181659972068 214.18715 118.84679 -999.0 -999.0 -999.0 -999.0 -999.0 96.15849416522774 -31.94197038422441 96.04810221925652 -31.955057410506363 38.13201811641711 109.5117193512445 -999.0 6231.0 -999.0 -1 -999 {-999.0 -999.0 -999.0 -999.0 -999.0} "" -999.0 -999.0 -999.0 -999.0 -999 -999 "" "" "" "" 0 0 0.0 0.0 -999 ""
FIBERMAP 280 R-3C15 APOGEE 0 0 0 1 0 0 47.06635901020455 -49.51666414314428 143.1 44.829108127506565 51.550345980599374 133.42322 121.0773 -999.0 -999.0 -999.0 -999.0 -999.0 96.45957865076146 -32.01486637089169 96.34900596756808 -32.02872998145067 37.90162670101085 109.67951914461466 -999.0 16600.0 -999.0 2 -999 {-999.0 -999.0 -999.0 -999.0 -999.0} "" -999.0 -999.0 -999.0 -999.0 -999 -999 "" "" "" "" 0 0 0.0 0.0 -999 ""
FIBERMAP 280 R-3C15 BOSS 1 1 0 1 0 0 47.29240689214298 -48.778601915888 143.1 44.07293780335959 51.7053714826831 133.42322 121.0773 96.45721435546875 -32.01430789237983 -999.0 -999.0 -999.0 96.45721435546875 -32.014307892379826 96.34632991618624 -32.02823047546829 37.90371131016566 109.67821979923978 5400.0 5400.0 2015.5 1 328 {-999.0 -999.0 -999.0 -999.0 -999.0} "" -999.0 -999.0 -999.0 -999.0 27021603127947915 819170904 "" ops_sky_boss_good ops_sky sky_boss 0 0 0.0 0.0 -999 ""
FIBERMAP 280 R-3C15 METROLOGY 0 0 0 1 0 0 47.791020222074415 -49.331287918111514 143.1 44.575837694460084 52.25415398174817 133.42322 121.0773 -999.0 -999.0 -999.0 -999.0 -999.0 96.45892129277941 -32.0126492736943 96.34813144700058 -32.026558591226895 37.90182982580805 109.67662272021329 -999.0 6231.0 -999.0 -1 -999 {-999.0 -999.0 -999.0 -999.0 -999.0} "" -999.0 -999.0 -999.0 -999.0 -999 -999 "" "" "" "" 0 0 0.0 0.0 -999 ""
FIBERMAP 284 R-1C5 APOGEE 1 1 0 1 0 0 -180.1772132863001 -19.182733659869395 143.1 36.18517418665416 -177.54450488033225 336.2711 140.1109 96.43199760650937 -32.709750770708254 0.3709644 1.5068285 0.038447347 96.43199892246594 -32.709746273060915 96.31883526426468 -32.723331230799666 38.088595630802644 110.52901026912558 16000.0 16600.0 2016.0 2 281 {-999.0 15.044444 13.769516 13.239936 -999.0} sdss_psfmag_from_g3xp 14.554175 13.738645 12.859972 10.813 63050395078122851 1151850639 bright_1x1 mwm_galactic_core_dist_apogee_sparse mwm_galactic science 0 0 0.0 0.0 -999 ""
FIBERMAP 284 R-1C5 BOSS 0 0 0 1 0 0 -179.98853571852908 -19.906392798181162 143.1 36.88767151944882 -177.28804304895567 336.2711 140.1109 -999.0 -999.0 -999.0 -999.0 -999.0 96.43485814275768 -32.70895779232257 96.32138015889353 -32.72261351704247 38.08634714153116 110.5287453696547 -999.0 5400.0 -999.0 1 462 {-999.0 -999.0 -999.0 -999.0 -999.0} "" -999.0 -999.0 -999.0 -999.0 -999 -999 "" "" "" "" 0 0 0.0 0.0 -999 ""
FIBERMAP 284 R-1C5 METROLOGY 0 0 0 1 0 0 -180.68817000540778 -19.721613797054662 143.1 36.770083888839274 -178.00204471907185 336.2711 140.1109 -999.0 -999.0 -999.0 -999.0 -999.0 96.43435994554068 -32.711157077561964 96.32096341739339 -32.724793044855296 38.08718739338633 110.5313389915226 -999.0 6231.0 -999.0 -1 -999 {-999.0 -999.0 -999.0 -999.0 -999.0} "" -999.0 -999.0 -999.0 -999.0 -999 -999 "" "" "" "" 0 0 0.0 0.0 -999 ""
FIBERMAP 286 R-5C13 APOGEE 1 0 1 1 0 0 34.42522827752766 -89.33689729352949 143.1 85.66855179771579 42.74305361459892 10.003425 170.0018 96.67339384202165 -32.006139070663 -2.6016395 4.683859 0.32007426 96.60598359225042 -32.04096521383565 96.4952493233734 -32.055231859559704 37.78755236184129 109.74953079008057 16000.0 16600.0 2016.0 2 162 {-999.0 12.886496 11.882066 11.484947 -999.0} sdss_psfmag_from_g3xp 12.548673 11.896731 11.120884 9.407 63050395078140877 1151850709 bright_1x1 mwm_galactic_core_dist_apogee_sparse mwm_galactic science 0 0 0.0 0.0 -999 ""
FIBERMAP 286 R-5C13 BOSS 0 0 1 1 0 0 35.16440056848801 -89.31871337733234 143.1 85.58034266442097 43.477164660844345 10.003425 170.0018 -999.0 -999.0 -999.0 -999.0 -999.0 96.60602414561406 -32.03864700085853 96.49498219204861 -32.052980323101586 37.78723484892431 109.74669574819382 -999.0 5400.0 -999.0 1 392 {-999.0 -999.0 -999.0 -999.0 -999.0} "" -999.0 -999.0 -999.0 -999.0 -999 -999 "" "" "" "" 0 0 0.0 0.0 -999 ""
FIBERMAP 286 R-5C13 METROLOGY 0 0 1 1 0 0 34.808643288777596 -89.97447611728003 143.1 86.26688737211356 43.18520951053736 10.003425 170.0018 -999.0 -999.0 -999.0 -999.0 -999.0 96.60840848698963 -32.039536148871306 96.49745179392539 -32.05385723257543 37.78541153364114 109.74840542999851 -999.0 6231.0 -999.0 -1 -999 {-999.0 -999.0 -999.0 -999.0 -999.0} "" -999.0 -999.0 -999.0 -999.0 -999 -999 "" "" "" "" 0 0 0.0 0.0 -999 ""
FIBERMAP 290 R+8C13 APOGEE 0 0 0 1 0 0 71.24030136175226 146.1190113503833 143.1 -152.21627379694235 57.05997005132317 265.5687 142.27112 -999.0 -999.0 -999.0 -999.0 -999.0 95.75443821890553 -31.999270607859813 95.64423880964807 -32.011162709595595 38.478155180131736 109.4784098880759 -999.0 16600.0 -999.0 2 -999 {-999.0 -999.0 -999.0 -999.0 -999.0} "" -999.0 -999.0 -999.0 -999.0 -999 -999 "" "" "" "" 0 0 0.0 0.0 -999 ""
FIBERMAP 290 R+8C13 BOSS 1 1 0 1 0 0 70.73067840962223 145.55740777693956 143.1 -151.60886973274518 56.60591317877021 265.5687 142.27112 95.7568359375 -32.000561264568276 -999.0 -999.0 -999.0 95.7568359375 -32.000561264568276 95.64632188775347 -32.01252268208477 38.476755879812515 109.48062651627552 5400.0 5400.0 2015.5 1 157 {-999.0 -999.0 -999.0 -999.0 -999.0} "" -999.0 -999.0 -999.0 -999.0 27021603127957390 819173227 "" ops_sky_boss_good ops_sky sky_boss 0 0 0.0 0.0 -999 ""
FIBERMAP 290 R+8C13 METROLOGY 0 0 0 1 0 0 70.5090948418643 146.27660336182237 143.1 -152.30380266839217 56.31711723184995 265.5687 142.27112 -999.0 -999.0 -999.0 -999.0 -999.0 95.75424548577892 -32.00144698357931 95.64381679445415 -32.01338303548746 38.47902227045057 109.48106062245279 -999.0 6231.0 -999.0 -1 -999 {-999.0 -999.0 -999.0 -999.0 -999.0} "" -999.0 -999.0 -999.0 -999.0 -999 -999 "" "" "" "" 0 0 0.0 0.0 -999 ""
FIBERMAP 294 R+11C8 APOGEE 0 0 0 1 0 0 -19.01012347533344 211.59123668478887 143.1 -208.8330986153779 -38.99282754852593 130.09543 164.49307 -999.0 -999.0 -999.0 -999.0 -999.0 95.55144154028683 -32.28996863026605 95.44024933274414 -32.30120850370309 38.713252732956605 109.78835145325513 -999.0 16600.0 -999.0 2 129 {-999.0 -999.0 -999.0 -999.0 -999.0} "" -999.0 -999.0 -999.0 -999.0 -999 -999 "" "" "" "" 0 0 0.0 0.0 -999 ""
FIBERMAP 294 R+11C8 BOSS 1 1 0 1 0 0 -19.32840678035506 212.24667127877728 143.1 -209.45538682108423 -39.371839281463075 130.09543 164.49307 95.54946899414062 -32.29105477978631 -999.0 -999.0 -999.0 95.54946899414062 -32.29105477978631 95.43796610620491 -32.30234988631512 38.715392541929276 109.78920981716526 5400.0 5400.0 2015.5 1 116 {-999.0 -999.0 -999.0 -999.0 -999.0} "" -999.0 -999.0 -999.0 -999.0 27021603127957047 819173086 "" ops_sky_boss_good ops_sky sky_boss 0 0 0.0 0.0 -999 ""
FIBERMAP 294 R+11C8 METROLOGY 0 0 0 1 0 0 -18.589495525100276 212.20855244468993 143.1 -209.48752259318093 -38.63264802001642 130.09543 164.49307 -999.0 -999.0 -999.0 -999.0 -999.0 95.5492388102538 -32.288838458267506 95.43783144170538 -32.30011626008477 38.71499248519883 109.786389681668 -999.0 6231.0 -999.0 -1 -999 {-999.0 -999.0 -999.0 -999.0 -999.0} "" -999.0 -999.0 -999.0 -999.0 -999 -999 "" "" "" "" 0 0 0.0 0.0 -999 ""
FIBERMAP 300 R-4C2 APOGEE 0 0 0 1 0 0 -205.07506595123266 -78.88196069869926 143.1 97.9763762941485 -196.66775639741772 39.051453 65.30549 -999.0 -999.0 -999.0 -999.0 -999.0 96.6548053917017 -32.76612871765286 96.54133130006636 -32.78032199924815 37.91952434003106 110.65386082345918 -999.0 16600.0 -999.0 2 -999 {-999.0 -999.0 -999.0 -999.0 -999.0} "" -999.0 -999.0 -999.0 -999.0 -999 -999 "" "" "" "" 0 0 0.0 0.0 -999 ""
FIBERMAP 300 R-4C2 BOSS 1 1 0 1 0 0 -204.87661059453487 -79.61864227289861 143.1 98.69090989931149 -196.40032579167942 39.051453 65.30549 96.65771484374999 -32.76527896092992 -999.0 -999.0 -999.0 96.65771484374999 -32.76527896092992 96.54392469009144 -32.77954375396806 37.917223512062264 110.65353547092931 5400.0 5400.0 2015.5 1 453 {-999.0 -999.0 -999.0 -999.0 -999.0} "" -999.0 -999.0 -999.0 -999.0 27021603127945384 819170385 "" ops_sky_boss_good ops_sky sky_boss 0 0 0.0 0.0 -999 ""
FIBERMAP 300 R-4C2 METROLOGY 0 0 0 1 0 0 -205.5977518603004 -79.41702859837005 143.1 98.5586034300193 -197.1373340555237 39.051453 65.30549 -999.0 -999.0 -999.0 -999.0 -999.0 96.65717724714992 -32.767551762361435 96.54346881635149 -32.781796500132884 37.91811389746301 110.6562031368195 -999.0 6231.0 -999.0 -1 -999 {-999.0 -999.0 -999.0 -999.0 -999.0} "" -999.0 -999.0 -999.0 -999.0 -999 -999 "" "" "" "" 0 0 0.0 0.0 -999 ""
FIBERMAP 303 R-1C21 APOGEE 0 0 0 1 0 0 183.72813970995279 -11.784784192655025 143.1 -5.694231858339777 184.01653791039357 56.528244 82.30751 -999.0 -999.0 -999.0 -999.0 -999.0 96.27722909571273 -31.61419688206171 96.16821837371879 -31.627665965054526 37.95445222938586 109.1391790315896 -999.0 16600.0 -999.0 2 -999 {-999.0 -999.0 -999.0 -999.0 -999.0} "" -999.0 -999.0 -999.0 -999.0 -999 -999 "" "" "" "" 0 0 0.0 0.0 -999 ""
FIBERMAP 303 R-1C21 BOSS 1 1 0 1 0 0 184.30430576801797 -12.271358837213693 143.1 -5.264500443446513 184.63625269264853 56.528244 82.30751 96.27907062443919 -31.612197544891334 -2.127686 1.6885071 0.14415781 96.27906316707094 -31.612192504961804 96.16974641005102 -31.625733756848014 37.95272208880892 109.13720094136875 5400.0 5400.0 2016.0 1 324 {-999.0 17.535238 17.198122 17.070751 17.03079} sdss_psfmag_from_gaia 17.5062 17.2074 16.7643 16.032 63050395078207971 970178941 "" ops_std_boss_gdr2 ops_std standard_boss 0 0 0.0 0.0 -999 ""
FIBERMAP 303 R-1C21 METROLOGY 0 0 0 1 0 0 183.59478005747087 -12.52079602672157 143.1 -4.94889375013508 183.95358777779273 56.528244 82.30751 -999.0 -999.0 -999.0 -999.0 -999.0 96.2801045652993 -31.61424593209643 96.17086829645518 -31.62777067207429 37.952288356666116 109.14000061601291 -999.0 6231.0 -999.0 -1 -999 {-999.0 -999.0 -999.0 -999.0 -999.0} "" -999.0 -999.0 -999.0 -999.0 -999 -999 "" "" "" "" 0 0 0.0 0.0 -999 ""
FIBERMAP 306 R+4C10 APOGEE 0 0 0 1 0 0 -55.99097088648331 86.72714630644008 143.1 -81.02516355678056 -63.96392616556786 150.33095 107.641975 -999.0 -999.0 -999.0 -999.0 -999.0 96.00902212249038 -32.36659669439193 95.89733711377033 -32.37909556340156 38.35527799519416 109.99865032102906 -999.0 16600.0 -999.0 2 -999 {-999.0 -999.0 -999.0 -999.0 -999.0} "" -999.0 -999.0 -999.0 -999.0 -999 -999 "" "" "" "" 0 0 0.0 0.0 -999 ""
FIBERMAP 306 R+4C10 BOSS 1 1 0 1 0 0 -55.83563842649821 87.44672233905219 143.1 -81.75622407959814 -63.87754354462562 150.33095 107.641975 96.00643382579386 -32.36632926645454 -3.0374186 7.5307026 2.0850751 96.00665285856714 -32.36630678848569 95.89465910337775 -32.37886150491637 38.357424720897185 109.99769469072044 5400.0 5400.0 2016.0 1 76 {-999.0 13.676595 13.184743 13.044909 -999.0} sdss_psfmag_from_g3xp 13.577403 13.225203 12.713961 11.805 63050395078195252 1126134636 bright_1x1 openfibertargets_mwm_snc_further_ext_boss open_fiber science 0 0 0.698654294013977 0.0 -999 ""
FIBERMAP 306 R+4C10 METROLOGY 0 0 0 1 0 0 -55.28197276596049 86.96551551982805 143.1 -81.32970219450972 -63.28073670951145 150.33095 107.641975 -999.0 -999.0 -999.0 -999.0 -999.0 96.00808635398101 -32.36451963978691 95.89618623250027 -32.37706119661482 38.35575451283922 109.99584011221538 -999.0 6231.0 -999.0 -1 -999 {-999.0 -999.0 -999.0 -999.0 -999.0} "" -999.0 -999.0 -999.0 -999.0 -999 -999 "" "" "" "" 0 0 0.0 0.0 -999 ""
FIBERMAP 313 R-10C2 APOGEE 0 0 0 1 0 0 -145.69818717215705 -184.63482630704058 143.1 197.6202394766949 -127.52869884700274 52.370388 105.59618 -999.0 -999.0 -999.0 -999.0 -999.0 97.0110497374774 -32.554071145743755 96.8982212341786 -32.56932511558586 37.57833194693065 110.48252166778678 -999.0 16600.0 -999.0 2 -999 {-999.0 -999.0 -999.0 -999.0 -999.0} "" -999.0 -999.0 -999.0 -999.0 -999 -999 "" "" "" "" 0 0 0.0 0.0 -999 ""
FIBERMAP 313 R-10C2 BOSS 1 1 0 1 0 0 -144.9742009799733 -184.99318674795188 143.1 197.90831533800724 -126.77399174500104 52.370388 105.59618 97.01218142048323 -32.551748982614576 6.9339933 6.1216135 8.077812 97.01241255726569 -32.55173071055415 96.89927416340947 -32.56705454539074 37.57693644726104 110.47999954609966 5400.0 5400.0 2016.0 1 515 {-999.0 15.490178 14.079012 13.284159 -999.0} sdss_psfmag_from_g3xp 14.909662 13.895485 12.892301 10.946 63050395078131449 1075888079 bright_1x1 mwm_erosita_stars_boss mwm_erosita science 0 0 0.6268667578697205 0.0 -999 ""
FIBERMAP 313 R-10C2 METROLOGY 0 0 0 1 0 0 -145.60390761884693 -185.37685702245858 143.1 198.34997870223594 -127.36446645846927 52.370388 105.59618 -999.0 -999.0 -999.0 -999.0 -999.0 97.01395560296412 -32.55353630216484 96.9008979515358 -32.56884537010072 37.57602657636817 110.48260134126286 -999.0 6231.0 -999.0 -1 -999 {-999.0 -999.0 -999.0 -999.0 -999.0} "" -999.0 -999.0 -999.0 -999.0 -999 -999 "" "" "" "" 0 0 0.0 0.0 -999 ""
FIBERMAP 316 R-2C11 APOGEE 0 0 0 1 0 0 -27.002188717938072 -33.756087125952824 143.1 36.164755135327496 -23.67868345790932 52.97423 71.624214 -999.0 -999.0 -999.0 -999.0 -999.0 96.42973825381151 -32.24343595271702 96.31832750785492 -32.257149468795376 37.98088864224938 109.95314888988162 -999.0 16600.0 -999.0 2 299 {-999.0 -999.0 -999.0 -999.0 -999.0} "" -999.0 -999.0 -999.0 -999.0 -999 -999 "" "" "" "" 0 0 0.0 0.0 -999 ""
FIBERMAP 316 R-2C11 BOSS 1 1 0 1 0 0 -26.559279158732586 -34.36560993652948 143.1 36.72951853886448 -23.17996256042444 52.97423 71.624214 96.43211451273842 -32.24188900828506 -3.796779 8.751786 1.8610642 96.43210111389409 -32.24186288557244 96.32038075315701 -32.25564791990128 37.978848123279505 109.95181481670103 5400.0 5400.0 2016.0 1 495 {-999.0 19.988342 18.51449 17.791086 -999.0} sdss_psfmag_gaia 19.282513 18.379791 17.296726 15.29 63050395078130263 1095164650 bright_1x1 mwm_bin_vis_boss mwm_filler science 0 0 0.0 0.0 -999 ""
FIBERMAP 316 R-2C11 METROLOGY 0 0 0 1 0 0 -27.313650081588456 -34.43871727138653 143.1 36.87384469441251 -23.923994383901775 52.97423 71.624214 -999.0 -999.0 -999.0 -999.0 -999.0 96.43254579328654 -32.244141226213436 96.32090536106347 -32.257908566966265 37.9789480263189 109.95473475830485 -999.0 6231.0 -999.0 -1 -999 {-999.0 -999.0 -999.0 -999.0 -999.0} "" -999.0 -999.0 -999.0 -999.0 -999 -999 "" "" "" "" 0 0 0.0 0.0 -999 ""
FIBERMAP 318 R-5C18 APOGEE 1 1 0 1 0 0 126.93991934523498 -93.97645996757043 143.1 81.51255303117321 135.28018146005522 212.67157 65.90805 96.58888291676509 -31.76054308331804 3.1349254 10.593382 0.58364034 96.58889392199774 -31.760511463730918 96.47920565964586 -31.77481200361181 37.73336017696726 109.40108865470324 16000.0 16600.0 2016.0 2 216 {-999.0 12.808557 12.056056 11.779322 -999.0} sdss_psfmag_from_g3xp 12.6009865 12.087001 11.430045 10.051 63050395078206305 1109566397 bright_1x1 mwm_tess_rgb_apogee mwm_tessrgb science 0 0 0.0 0.0 -999 ""
FIBERMAP 318 R-5C18 BOSS 0 0 0 1 0 0 126.80376905884354 -93.2452060766837 143.1 80.79751324236159 135.07528947563182 212.67157 65.90805 -999.0 -999.0 -999.0 -999.0 -999.0 96.58670487728345 -31.761017050786293 96.47669984652987 -31.775378252037747 37.735564103858444 109.40113119187811 -999.0 5400.0 -999.0 1 308 {-999.0 -999.0 -999.0 -999.0 -999.0} "" -999.0 -999.0 -999.0 -999.0 -999 -999 "" "" "" "" 0 0 0.0 0.0 -999 ""
FIBERMAP 318 R-5C18 METROLOGY 0 0 0 1 0 0 127.50884552470048 -93.46804378990251 143.1 80.95247162318552 135.7983184634695 212.67157 65.90805 -999.0 -999.0 -999.0 -999.0 -999.0 96.58716068085715 -31.758829885404094 96.47725296429786 -31.7731740378985 37.73457418560942 109.39857093218694 -999.0 6231.0 -999.0 -1 -999 {-999.0 -999.0 -999.0 -999.0 -999.0} "" -999.0 -999.0 -999.0 -999.0 -999 -999 "" "" "" "" 0 0 0.0 0.0 -999 ""
FIBERMAP 342 R+6C13 APOGEE 0 0 0 1 0 0 25.96712916310538 117.95964728571452 143.1 -119.89005461187199 14.661952220819032 216.58476 67.51787 -999.0 -999.0 -999.0 -999.0 -999.0 95.86964556729234 -32.12793595070751 95.75891527778441 -32.14011344046504 38.41375913372456 109.66746404573445 -999.0 16600.0 -999.0 2 -999 {-999.0 -999.0 -999.0 -999.0 -999.0} "" -999.0 -999.0 -999.0 -999.0 -999 -999 "" "" "" "" 0 0 0.0 0.0 -999 ""
FIBERMAP 342 R+6C13 BOSS 1 1 0 1 0 0 25.767536115166635 118.68770376446493 143.1 -120.59589414964425 14.394207112347406 216.58476 67.51787 95.86701955294626 -32.12868253374782 3.2977755 2.1232862 0.34551427 95.8673547938448 -32.128676196070224 95.75631294779865 -32.140909906274345 38.416087575337556 109.66779771070969 5400.0 5400.0 2016.0 1 155 {-999.0 13.50961 12.556482 12.194688 -999.0} sdss_psfmag_from_g3xp 13.20125 12.583023 11.834917 10.236 63050395078197071 996795481 bright_1x1 mwm_bin_gaia_sb_boss mwm_bin science 0 0 0.9866064786911011 0.0 -999 ""
FIBERMAP 342 R+6C13 METROLOGY 0 0 0 1 0 0 26.494399536621344 118.49019810326966 143.1 -120.46821987210711 15.136522075101691 216.58476 67.51787 -999.0 -999.0 -999.0 -999.0 -999.0 95.86771285285947 -32.126439892778734 95.75676687045433 -32.13865744683225 38.415189217203505 109.66511620901116 -999.0 6231.0 -999.0 -1 -999 {-999.0 -999.0 -999.0 -999.0 -999.0} "" -999.0 -999.0 -999.0 -999.0 -999 -999 "" "" "" "" 0 0 0.0 0.0 -999 ""
FIBERMAP 351 R0C11 APOGEE 0 0 0 1 0 0 -78.2977844476391 -15.809369693172643 143.1 23.16421372649842 -76.44490259333696 280.47424 63.178455 -999.0 -999.0 -999.0 -999.0 -999.0 96.38376688588573 -32.40379716067992 96.27177622058736 -32.417335329199 38.05657549147109 110.13917586965093 -999.0 16600.0 -999.0 2 251 {-999.0 -999.0 -999.0 -999.0 -999.0} "" -999.0 -999.0 -999.0 -999.0 -999 -999 "" "" "" "" 0 0 0.0 0.0 -999 ""
FIBERMAP 351 R0C11 BOSS 1 1 0 1 0 0 -79.02473816938104 -15.600609875663087 143.1 23.025344657817183 -77.1883748568711 280.47424 63.178455 96.38360888228013 -32.40603468198645 -0.06521352 -0.53103596 0.1581844 96.3836086517238 -32.406036267045664 96.27129477993249 -32.41963691748304 38.05750604640119 110.14189871654739 5400.0 5400.0 2016.0 1 519 {-999.0 19.83871 19.697107 19.675468 -999.0} sdss_psfmag_gaia 19.742516 19.679367 19.238169 -999.0 63050395078128697 1116443909 bright_1x1 openfibertargets_bhm_quaia_boss open_fiber science 0 0 0.0 0.0 -999 ""
FIBERMAP 351 R0C11 METROLOGY 0 0 0 1 0 0 -78.48221811044132 -15.090756052951372 143.1 22.466336600671884 -76.69666113277933 280.47424 63.178455 -999.0 -999.0 -999.0 -999.0 -999.0 96.38150402760397 -32.40457628259079 96.26928573651065 -32.418153438244474 38.05881048012485 110.13956544777014 -999.0 6231.0 -999.0 -1 -999 {-999.0 -999.0 -999.0 -999.0 -999.0} "" -999.0 -999.0 -999.0 -999.0 -999 -999 "" "" "" "" 0 0 0.0 0.0 -999 ""
FIBERMAP 357 R-9C9 APOGEE 1 1 0 1 0 0 6.265214885459534 -179.10345230183356 143.1 177.70076163312518 23.224122717268948 21.657074 76.35086 96.9354382101869 -32.098170170076095 0.019257035 0.004816331 0.3581823 96.93543827803792 -32.0981701557001 96.82434719188942 -32.11334459700199 37.53073022625218 109.90509993873019 16000.0 16600.0 2016.0 2 166 {-999.0 12.589711 11.353618 10.868262 -999.0} sdss_psfmag_from_g3xp 12.124374 11.34645 10.494473 8.64 63050395078139199 1151850680 bright_1x1 mwm_galactic_core_dist_apogee_sparse mwm_galactic science 0 0 0.0 0.0 -999 ""
FIBERMAP 357 R-9C9 BOSS 0 0 0 1 0 0 6.381358392235651 -179.82747787729986 143.1 178.41050329130002 23.40841265697751 21.657074 76.35086 -999.0 -999.0 -999.0 -999.0 -999.0 96.93835554321531 -32.097516286890745 96.82694611862956 -32.112765983870226 37.52845436644041 109.90505790605289 -999.0 5400.0 -999.0 1 399 {-999.0 -999.0 -999.0 -999.0 -999.0} "" -999.0 -999.0 -999.0 -999.0 -999 -999 "" "" "" "" 0 0 0.0 0.0 -999 ""
FIBERMAP 357 R-9C9 METROLOGY 0 0 0 1 0 0 5.686411645173983 -179.57118207507523 143.1 178.22127708918984 22.692294307813704 21.657074 76.35086 -999.0 -999.0 -999.0 -999.0 -999.0 96.93764199562251 -32.099708320853345 96.82631523054715 -32.11493641424791 37.52949404498695 109.90755300998634 -999.0 6231.0 -999.0 -1 -999 {-999.0 -999.0 -999.0 -999.0 -999.0} "" -999.0 -999.0 -999.0 -999.0 -999 -999 "" "" "" "" 0 0 0.0 0.0 -999 ""
FIBERMAP 374 R+10C5 APOGEE 0 0 0 1 0 0 -88.32426023686652 204.8240869600022 143.1 -195.5223489945328 -107.35224959272209 63.588764 135.14859 -999.0 -999.0 -999.0 -999.0 -999.0 95.59851742222868 -32.49709593637361 95.48652620676432 -32.508407931971576 38.722342323958436 110.05834024725701 -999.0 16600.0 -999.0 2 -999 {-999.0 -999.0 -999.0 -999.0 -999.0} "" -999.0 -999.0 -999.0 -999.0 -999 -999 "" "" "" "" 0 0 0.0 0.0 -999 ""
FIBERMAP 374 R+10C5 BOSS 1 1 0 1 0 0 -87.59923976982328 205.07192025507524 143.1 -195.83782864399976 -106.65400774130241 63.588764 135.14859 95.59767995535285 -32.49489227749558 -7.12681 -15.204145 2.8092103 95.59765473430592 -32.49493765948716 95.48536465867566 -32.506308305703236 38.72282141733812 110.05543474241685 5400.0 5400.0 2016.0 1 152 {-999.0 19.553253 17.810902 16.772356 -999.0} sdss_psfmag_gaia 18.713356 17.442608 16.327795 14.326 63050395078192645 1094676583 bright_1x1 mwm_bin_vis_boss mwm_filler science 0 0 0.0 0.0 -999 ""
FIBERMAP 374 R+10C5 METROLOGY 0 0 0 1 0 0 -87.75654606720579 204.3370563260966 143.1 -195.09136202350214 -106.74090529894119 63.588764 135.14859 -999.0 -999.0 -999.0 -999.0 -999.0 95.60020156488417 -32.495246998038375 95.48799557152 -32.50660753410304 38.7207279198518 110.056451873045 -999.0 6231.0 -999.0 -1 -999 {-999.0 -999.0 -999.0 -999.0 -999.0} "" -999.0 -999.0 -999.0 -999.0 -999 -999 "" "" "" "" 0 0 0.0 0.0 -999 ""
FIBERMAP 391 R+1C10 APOGEE 0 0 0 1 0 0 -61.537460963009096 14.0021876205696 143.1 -8.102420297394296 -62.587731600835895 15.095019 78.71197 -999.0 -999.0 -999.0 -999.0 -999.0 96.27114422572245 -32.36208972626894 96.15935965648117 -32.37532430397637 38.1391283103623 110.05921339455344 -999.0 16600.0 -999.0 2 -999 {-999.0 -999.0 -999.0 -999.0 -999.0} "" -999.0 -999.0 -999.0 -999.0 -999 -999 "" "" "" "" 0 0 0.0 0.0 -999 ""
FIBERMAP 391 R+1C10 BOSS 1 1 0 1 0 0 -61.477912673167495 13.251674821210823 143.1 -7.36094316524128 -62.45726921194223 15.095019 78.71197 96.2741144096426 -32.361687036731155 0.82542187 8.552344 1.4531255 96.274117326412 -32.36166150932209 96.16201963175207 -32.37496791465298 38.13686052099598 110.0594364612925 5400.0 5400.0 2016.0 1 30 {-999.0 20.97401 19.500288 18.777002 -999.0} sdss_psfmag_gaia 20.3826 19.365665 18.396984 16.423 63050395078129978 1095012795 bright_1x1 mwm_bin_vis_boss mwm_filler science 0 0 0.0 0.0 -999 ""
FIBERMAP 391 R+1C10 METROLOGY 0 0 0 1 0 0 -62.149778358076325 13.572576605238078 143.1 -7.616672860699141 -63.15653828370865 15.095019 78.71197 -999.0 -999.0 -999.0 -999.0 -999.0 96.27311579354837 -32.36381012236331 96.16109893651605 -32.37709512099258 38.13811112058525 110.06183722101702 -999.0 6231.0 -999.0 -1 -999 {-999.0 -999.0 -999.0 -999.0 -999.0} "" -999.0 -999.0 -999.0 -999.0 -999 -999 "" "" "" "" 0 0 0.0 0.0 -999 ""
FIBERMAP 398 R-5C4 APOGEE 0 0 0 1 0 0 -177.32549656934776 -99.2194179294494 143.1 115.59010471478031 -167.11452693634172 159.86826 146.57297 -999.0 -999.0 -999.0 -999.0 -999.0 96.71768320086805 -32.67646007637029 96.60452062126751 -32.690855584715145 37.84718456815456 110.55907670347997 -999.0 16600.0 -999.0 2 -999 {-999.0 -999.0 -999.0 -999.0 -999.0} "" -999.0 -999.0 -999.0 -999.0 -999 -999 "" "" "" "" 0 0 0.0 0.0 -999 ""
FIBERMAP 398 R-5C4 BOSS 1 1 0 1 0 0 -177.75587820844044 -98.61232153563815 143.1 115.02656855621522 -167.60054632883748 159.86826 146.57297 96.7157874998802 -32.677957685987394 -2.5265012 11.255101 1.1204398 96.71602057284164 -32.677924091271834 96.60253519726666 -32.69237820224553 37.84916228920774 110.56046343075228 5400.0 5400.0 2016.0 1 492 {-999.0 13.224992 12.990623 12.942758 -999.0} sdss_psfmag_from_g3xp 13.212621 12.98777 12.619381 12.02 63050395078123061 946227675 bright_1x1 openfibertargets_nov2020_9 open_fiber science 0 0 0.7334029674530029 0.0 -999 ""
FIBERMAP 398 R-5C4 METROLOGY 0 0 0 1 0 0 -177.02510947290327 -98.53438814244323 143.1 114.87967669235707 -166.88046788462103 159.86826 146.57297 -999.0 -999.0 -999.0 -999.0 -999.0 96.71540965573345 -32.67579517620992 96.60202240428634 -32.69023013847467 37.8490854716458 110.55769044232545 -999.0 6231.0 -999.0 -1 -999 {-999.0 -999.0 -999.0 -999.0 -999.0} "" -999.0 -999.0 -999.0 -999.0 -999 -999 "" "" "" "" 0 0 0.0 0.0 -999 ""
FIBERMAP 400 R-2C24 APOGEE 0 0 0 1 0 0 238.77563735004586 -38.547308889302386 143.1 15.726471109754003 241.35386432899344 107.49785 168.29979 -999.0 -999.0 -999.0 -999.0 -999.0 96.3526797325913 -31.441226009989453 96.24427001822846 -31.454957308719763 37.849545079633586 108.94687959713053 -999.0 16600.0 -999.0 2 -999 {-999.0 -999.0 -999.0 -999.0 -999.0} "" -999.0 -999.0 -999.0 -999.0 -999 -999 "" "" "" "" 0 0 0.0 0.0 -999 ""
FIBERMAP 400 R-2C24 BOSS 1 1 0 1 0 0 238.75453828767937 -37.724895578594605 143.1 14.909771277687852 241.25485815724326 107.49785 168.29979 96.35009765625 -31.44143677044842 -999.0 -999.0 -999.0 96.35009765625 -31.44143677044842 96.24137534836339 -31.455228164601383 37.85200560573767 108.94644680379088 5400.0 5400.0 2015.5 1 335 {-999.0 -999.0 -999.0 -999.0 -999.0} "" -999.0 -999.0 -999.0 -999.0 27021603127958635 819174425 "" ops_sky_boss_good ops_sky sky_boss 0 0 0.0 0.0 -999 ""
FIBERMAP 400 R-2C24 METROLOGY 0 0 0 1 0 0 239.3819878839426 -38.109316598457866 143.1 15.23294616111657 241.9159361569737 107.49785 168.29979 -999.0 -999.0 -999.0 -999.0 -999.0 96.35114916943225 -31.43942624301781 96.24252240923272 -31.45320208456178 37.850560936001855 108.94426222241253 -999.0 6231.0 -999.0 -1 -999 {-999.0 -999.0 -999.0 -999.0 -999.0} "" -999.0 -999.0 -999.0 -999.0 -999 -999 "" "" "" "" 0 0 0.0 0.0 -999 ""
FIBERMAP 401 R+11C3 APOGEE 1 1 0 1 0 0 -111.32319640005387 210.89451698129608 143.1 -199.38402773562078 -130.82312401503816 339.91324 124.08072 95.58464881156566 -32.5679804359218 0.74943995 2.996346 0.25898033 95.58465146591371 -32.567971492298014 95.47239957891644 -32.57922432450729 38.74993018781378 110.14333627833076 16000.0 16600.0 2016.0 2 5 {-999.0 13.248884 12.2886915 11.92396 -999.0} sdss_psfmag_from_g3xp 12.938043 12.315046 11.562857 9.929 63050395078192547 1151850657 bright_1x1 mwm_galactic_core_dist_apogee_sparse mwm_galactic science 0 0 0.0 0.0 -999 ""
FIBERMAP 401 R+11C3 BOSS 0 0 0 1 0 0 -111.1793080132322 210.18027490712223 143.1 -198.6866568986078 -130.61214235681527 339.91324 124.08072 -999.0 -999.0 -999.0 -999.0 -999.0 95.58742466187884 -32.56730286009182 95.47486552040846 -32.5786237232854 38.74777034051269 110.1431861091555 -999.0 5400.0 -999.0 1 5 {-999.0 -999.0 -999.0 -999.0 -999.0} "" -999.0 -999.0 -999.0 -999.0 -999 -999 "" "" "" "" 0 0 0.0 0.0 -999 ""
FIBERMAP 401 R+11C3 METROLOGY 0 0 0 1 0 0 -111.86900412174725 210.39808776481948 143.1 -198.8380718662456 -131.31938382747376 339.91324 124.08072 -999.0 -999.0 -999.0 -999.0 -999.0 95.58675583569946 -32.56947538571206 95.47427619911599 -32.58077671899187 38.74873910950111 110.1457323455802 -999.0 6231.0 -999.0 -1 -999 {-999.0 -999.0 -999.0 -999.0 -999.0} "" -999.0 -999.0 -999.0 -999.0 -999 -999 "" "" "" "" 0 0 0.0 0.0 -999 ""
FIBERMAP 403 R-11C5 APOGEE 0 0 0 1 0 0 -73.86486783175766 -227.22576646001414 143.1 233.20584673024567 -51.98006408866872 299.17966 105.93558 -999.0 -999.0 -999.0 -999.0 -999.0 97.13583493008889 -32.32421543498588 97.0238141988035 -32.33988652037922 37.421083873893814 110.2331325415218 -999.0 16600.0 -999.0 2 188 {-999.0 -999.0 -999.0 -999.0 -999.0} "" -999.0 -999.0 -999.0 -999.0 -999 -999 "" "" "" "" 0 0 0.0 0.0 -999 ""
FIBERMAP 403 R-11C5 BOSS 1 1 0 1 0 0 -74.38437000951919 -227.78606034805668 143.1 233.81288402274978 -52.444079810630484 299.17966 105.93558 97.13836669921875 -32.32553499342201 -999.0 -999.0 -999.0 97.13836669921875 -32.32553499342201 97.02601846742239 -32.34127949343958 37.41960739378102 110.23539498088516 5400.0 5400.0 2015.5 1 385 {-999.0 -999.0 -999.0 -999.0 -999.0} "" -999.0 -999.0 -999.0 -999.0 27021603127946949 819170725 "" ops_sky_boss_good ops_sky sky_boss 0 0 0.0 0.0 -999 ""
FIBERMAP 403 R-11C5 METROLOGY 0 0 0 1 0 0 -74.5855644070953 -227.04863433270083 143.1 233.09786912298568 -52.714307700410274 299.17966 105.93558 -999.0 -999.0 -999.0 -999.0 -999.0 97.1357849301978 -32.326407217527354 97.02352563736628 -32.342125306434994 37.4218544017813 110.23579703003534 -999.0 6231.0 -999.0 -1 -999 {-999.0 -999.0 -999.0 -999.0 -999.0} "" -999.0 -999.0 -999.0 -999.0 -999 -999 "" "" "" "" 0 0 0.0 0.0 -999 ""
FIBERMAP 405 R+10C6 APOGEE 0 0 0 1 0 0 -57.2127891326276 200.2617359604764 143.1 -193.93138078691416 -75.94849449889455 21.410004 128.41368 -999.0 -999.0 -999.0 -999.0 -999.0 95.60434501375687 -32.402093519528336 95.4927083786697 -32.413449152156055 38.69571443185418 109.94134123085092 -999.0 16600.0 -999.0 2 -999 {-999.0 -999.0 -999.0 -999.0 -999.0} "" -999.0 -999.0 -999.0 -999.0 -999 -999 "" "" "" "" 0 0 0.0 0.0 -999 ""
FIBERMAP 405 R+10C6 BOSS 1 1 0 1 0 0 -56.581249477279364 199.88212243155988 143.1 -193.6133796181431 -75.28380087210287 21.410004 128.41368 95.6053903592438 -32.4000663057085 0.02375338 7.859824 1.7817502 95.60573503976268 -32.40004284536368 95.49379787508262 -32.4114638020135 38.694367006756885 109.93913242666487 5400.0 5400.0 2016.0 1 124 {-999.0 12.575753 12.129861 11.972617 -999.0} sdss_psfmag_from_g3xp 12.485527 12.179975 11.63897 10.758 63050395078194384 996795487 bright_1x1 mwm_bin_gaia_sb_boss mwm_bin science 0 0 1.0474281311035156 0.0 -999 ""
FIBERMAP 405 R+10C6 METROLOGY 0 0 0 1 0 0 -57.2222092352496 199.5137991459909 143.1 -193.18592665774915 -75.88693350436537 21.410004 128.41368 -999.0 -999.0 -999.0 -999.0 -999.0 95.6071399509694 -32.40190351996196 95.49528187212837 -32.413310613191285 38.69356736025854 109.9418018596225 -999.0 6231.0 -999.0 -1 -999 {-999.0 -999.0 -999.0 -999.0 -999.0} "" -999.0 -999.0 -999.0 -999.0 -999 -999 "" "" "" "" 0 0 0.0 0.0 -999 ""
FIBERMAP 406 R-1C24 APOGEE 0 0 0 1 0 0 229.04726720726333 -13.376908866667128 143.1 -8.407617379458106 229.28210376517936 89.03755 154.7734 -999.0 -999.0 -999.0 -999.0 -999.0 96.26714363832428 -31.477775623724884 96.15863837759241 -31.491256312857512 37.92923327841845 108.96887658730168 -999.0 16600.0 -999.0 2 204 {-999.0 -999.0 -999.0 -999.0 -999.0} "" -999.0 -999.0 -999.0 -999.0 -999 -999 "" "" "" "" 0 0 0.0 0.0 -999 ""
FIBERMAP 406 R-1C24 BOSS 1 1 0 1 0 0 229.3489305682813 -12.699007381095916 143.1 -9.111070325346804 229.51810940908592 89.03755 154.7734 96.26495361328125 -31.476967134161214 -999.0 -999.0 -999.0 96.26495361328125 -31.476967134161214 96.15614001094345 -31.490508860787468 37.9311172593035 108.96729912593774 5400.0 5400.0 2015.5 1 287 {-999.0 -999.0 -999.0 -999.0 -999.0} "" -999.0 -999.0 -999.0 -999.0 27021603127958632 819174424 "" ops_sky_boss_good ops_sky sky_boss 0 0 0.0 0.0 -999 ""
FIBERMAP 406 R-1C24 METROLOGY 0 0 0 1 0 0 229.7890157890404 -13.30751148123186 143.1 -8.54705315755444 230.0139220967327 89.03755 154.7734 -999.0 -999.0 -999.0 -999.0 -999.0 96.26686202287414 -31.475453264979077 96.15814156827423 -31.488981825835804 37.92908965952017 108.96594906894705 -999.0 6231.0 -999.0 -1 -999 {-999.0 -999.0 -999.0 -999.0 -999.0} "" -999.0 -999.0 -999.0 -999.0 -999 -999 "" "" "" "" 0 0 0.0 0.0 -999 ""
FIBERMAP 407 R-6C15 APOGEE 1 1 0 1 0 0 75.05675640066742 -108.03693015641782 143.1 100.43044895474918 84.96479081078962 178.25328 86.52281 96.65771484374999 -31.91263156956026 -999.0 -999.0 -999.0 96.65771484374999 -31.91263156956026 96.5474337697759 -31.92708076465648 37.71387285006154 109.60559067080905 16000.0 16600.0 2015.5 2 200 {-999.0 -999.0 -999.0 -999.0 -999.0} "" -999.0 -999.0 -999.0 -999.0 27021603127947995 841282429 "" ops_sky_apogee_best ops_sky sky_apogee 0 0 0.0 0.0 -999 ""
FIBERMAP 407 R-6C15 BOSS 0 0 0 1 0 0 75.12789565498231 -107.30224030676196 143.1 99.69232819953966 84.96592678883147 178.25328 86.52281 -999.0 -999.0 -999.0 -999.0 -999.0 96.65545243394799 -31.912531169111844 96.54485618288112 -31.927040633747904 37.715986542585725 109.60487604190212 -999.0 5400.0 -999.0 1 282 {-999.0 -999.0 -999.0 -999.0 -999.0} "" -999.0 -999.0 -999.0 -999.0 -999 -999 "" "" "" "" 0 0 0.0 0.0 -999 ""
FIBERMAP 407 R-6C15 METROLOGY 0 0 0 1 0 0 75.73692927925886 -107.72485505409884 143.1 100.0552710816523 85.61229445518849 178.25328 86.52281 -999.0 -999.0 -999.0 -999.0 -999.0 96.65665425690734 -31.910575231334587 96.54615440496121 -31.92506977775992 37.71444284620677 109.6027929843562 -999.0 6231.0 -999.0 -1 -999 {-999.0 -999.0 -999.0 -999.0 -999.0} "" -999.0 -999.0 -999.0 -999.0 -999 -999 "" "" "" "" 0 0 0.0 0.0 -999 ""
FIBERMAP 408 R+13C11 APOGEE 1 1 0 1 0 0 57.53801929055901 255.63638306995477 143.1 -259.9396884986332 33.03228971327409 233.49611 38.35045 95.37095631603968 -32.071245519111066 -0.34736368 2.0595949 0.32148942 95.37095509248503 -32.071239371542774 95.26066218372472 -32.08203729525883 38.8108520350518 109.47003266999462 16000.0 16600.0 2016.0 2 96 {-999.0 13.31027 12.215225 11.802679 -999.0} sdss_psfmag_from_g3xp 12.92806 12.23655 11.437715 9.681 63050395078199835 1151850692 bright_1x1 mwm_galactic_core_dist_apogee_sparse mwm_galactic science 0 0 0.0 0.0 -999 ""
FIBERMAP 408 R+13C11 BOSS 0 0 0 1 0 0 57.55119184637441 256.3702519283663 143.1 -260.67149407759644 32.97579851844525 233.49611 38.35045 -999.0 -999.0 -999.0 -999.0 -999.0 95.36866342906426 -32.07133817054411 95.25806543286643 -32.08219097670177 38.813028383881466 109.46957384903249 -999.0 5400.0 -999.0 1 170 {-999.0 -999.0 -999.0 -999.0 -999.0} "" -999.0 -999.0 -999.0 -999.0 -999 -999 "" "" "" "" 0 0 0.0 0.0 -999 ""
FIBERMAP 408 R+13C11 METROLOGY 0 0 0 1 0 0 58.18971773032898 255.99777442220386 143.1 -260.3612593336053 33.64677001750474 233.49611 38.35045 -999.0 -999.0 -999.0 -999.0 -999.0 95.36963421123207 -32.069323912433106 95.25912988104977 -32.080162644991866 38.811683284733704 109.46730760776529 -999.0 6231.0 -999.0 -1 -999 {-999.0 -999.0 -999.0 -999.0 -999.0} "" -999.0 -999.0 -999.0 -999.0 -999 -999 "" "" "" "" 0 0 0.0 0.0 -999 ""
FIBERMAP 418 R-5C2 APOGEE 0 0 0 1 0 0 -231.61825015971607 -93.39888413422885 143.1 114.94527756087035 -221.71425881724926 212.1047 66.04098 -999.0 -999.0 -999.0 -999.0 -999.0 96.71623094665676 -32.841074538443266 96.6024464267739 -32.85541842347371 37.88675840779696 110.76142723485128 -999.0 16600.0 -999.0 2 -999 {-999.0 -999.0 -999.0 -999.0 -999.0} "" -999.0 -999.0 -999.0 -999.0 -999 -999 "" "" "" "" 0 0 0.0 0.0 -999 ""
FIBERMAP 418 R-5C2 BOSS 1 1 0 1 0 0 -231.71856201773477 -92.67925103333945 143.1 114.23840698642522 -221.88237196406553 212.1047 66.04098 96.71401977539062 -32.84155510349521 -999.0 -999.0 -999.0 96.71401977539062 -32.84155510349521 96.59991573511888 -32.85595565395114 37.88895086216469 110.76147274803738 5400.0 5400.0 2015.5 1 454 {-999.0 -999.0 -999.0 -999.0 -999.0} "" -999.0 -999.0 -999.0 -999.0 27021603127945124 819170286 "" ops_sky_boss_good ops_sky sky_boss 0 0 0.0 0.0 -999 ""
FIBERMAP 418 R-5C2 METROLOGY 0 0 0 1 0 0 -231.03496392798925 -92.93061563360764 143.1 114.42380061683943 -221.17801874826822 212.1047 66.04098 -999.0 -999.0 -999.0 -999.0 -999.0 96.7146100270533 -32.839486301834164 96.60060384076098 -32.85387125772544 37.887910638986234 110.75906967107369 -999.0 6231.0 -999.0 -1 -999 {-999.0 -999.0 -999.0 -999.0 -999.0} "" -999.0 -999.0 -999.0 -999.0 -999 -999 "" "" "" "" 0 0 0.0 0.0 -999 ""
FIBERMAP 420 R+1C6 APOGEE 0 0 0 1 0 0 -185.8315028710587 18.09648157344154 143.1 -0.38947999559843 -186.70904384470907 216.98909 78.11467 -999.0 -999.0 -999.0 -999.0 -999.0 96.300293348359 -32.737897117420296 96.18708096387797 -32.75110487941028 38.202835889084646 110.53122019289907 -999.0 16600.0 -999.0 2 -999 {-999.0 -999.0 -999.0 -999.0 -999.0} "" -999.0 -999.0 -999.0 -999.0 -999 -999 "" "" "" "" 0 0 0.0 0.0 -999 ""
FIBERMAP 420 R+1C6 BOSS 1 1 0 1 0 0 -186.165909958973 18.77531407157753 143.1 -1.03353121758982 -187.1063257688796 216.98909 78.11467 96.29829038630957 -32.73910319897175 0.1530877 0.7099947 -0.09575607 96.29829092955065 -32.73910107974879 96.1847600604498 -32.752364793112356 38.20502344236886 110.53221587064 5400.0 5400.0 2016.0 1 20 {-999.0 19.979261 19.728989 19.663046 -999.0} sdss_psfmag_gaia 19.877626 19.731663 19.251781 -999.0 63050395078127245 1116443905 bright_1x1 openfibertargets_bhm_quaia_boss open_fiber science 0 0 0.0 0.0 -999 ""
FIBERMAP 420 R+1C6 METROLOGY 0 0 0 1 0 0 -185.42300489029017 18.72308161852942 143.1 -1.0519958746928575 -186.36182010605583 216.98909 78.11467 -999.0 -999.0 -999.0 -999.0 -999.0 96.29812661879757 -32.73689586514315 96.1846933481396 -32.75014221555512 38.204572025664085 110.52944549611135 -999.0 6231.0 -999.0 -1 -999 {-999.0 -999.0 -999.0 -999.0 -999.0} "" -999.0 -999.0 -999.0 -999.0 -999 -999 "" "" "" "" 0 0 0.0 0.0 -999 ""
FIBERMAP 426 R+3C15 APOGEE 0 0 0 1 0 0 48.31509741346948 72.8835528698869 143.1 -77.1370391822938 41.184315903111255 142.13918 89.8052 -999.0 -999.0 -999.0 -999.0 -999.0 96.02272898143579 -32.0473915843113 95.91222993589435 -32.060021224625665 38.26875261202219 109.60691056691135 -999.0 16600.0 -999.0 2 -999 {-999.0 -999.0 -999.0 -999.0 -999.0} "" -999.0 -999.0 -999.0 -999.0 -999 -999 "" "" "" "" 0 0 0.0 0.0 -999 ""
FIBERMAP 426 R+3C15 BOSS 1 1 0 1 0 0 48.76481730229427 73.48058385406324 143.1 -77.77402919330093 41.575379974305264 142.13918 89.8052 96.02069533546387 -32.04611428523739 2.8689954 -1.1842194 0.1239395 96.02070543844546 -32.046117819946396 95.90990095821593 -32.05880589149753 38.270385742200766 109.60481532770545 5400.0 5400.0 2016.0 1 205 {-999.0 14.292127 13.677199 13.404494 -999.0} sdss_psfmag_from_g3xp 14.13548 13.683155 13.057265 11.799 63050395078196582 1076156105 bright_1x1 mwm_halo_mp_xp_boss_single mwm_halo science 0 0 0.0 0.0 -999 ""
FIBERMAP 426 R+3C15 METROLOGY 0 0 0 1 0 0 49.057409427026926 72.79151433814938 143.1 -77.11582119421266 41.93200662240528 142.13918 89.8052 -999.0 -999.0 -999.0 -999.0 -999.0 96.02296605697104 -32.045047485448684 95.91225262603751 -32.05772414874971 38.26819430277454 109.60407242157419 -999.0 6231.0 -999.0 -1 -999 {-999.0 -999.0 -999.0 -999.0 -999.0} "" -999.0 -999.0 -999.0 -999.0 -999 -999 "" "" "" "" 0 0 0.0 0.0 -999 ""
FIBERMAP 427 R+3C22 APOGEE 1 1 0 1 0 0 222.0592873913877 42.58316062992541 143.1 -63.45230682724499 217.0180964504666 335.74344 76.790886 96.07161836045238 -31.51525124135661 17.84475 15.863762 3.9808514 96.07168083985523 -31.515203890495435 95.96312757987758 -31.528125637245644 38.09987980947459 108.96287464172187 16000.0 16600.0 2016.0 2 115 {-999.0 12.203859 11.753307 11.618319 -999.0} sdss_psfmag_from_g3xp 12.117451 11.784862 11.287444 10.426 63050395078212963 1094123265 bright_1x1 mwm_bin_vis_apogee mwm_filler science 0 0 0.0 0.0 -999 ""
FIBERMAP 427 R+3C22 BOSS 0 0 0 1 0 0 221.5741963384645 42.02174364878813 143.1 -62.847415257737204 216.5884430441433 335.74344 76.790886 -999.0 -999.0 -999.0 -999.0 -999.0 96.07412715832454 -31.5163874383586 95.96525637610665 -31.529381742010177 38.09842331939134 108.9649815866751 -999.0 5400.0 -999.0 1 200 {-999.0 -999.0 -999.0 -999.0 -999.0} "" -999.0 -999.0 -999.0 -999.0 -999 -999 "" "" "" "" 0 0 0.0 0.0 -999 ""
FIBERMAP 427 R+3C22 METROLOGY 0 0 0 1 0 0 221.32345363219508 42.71470578368894 143.1 -63.513467541296855 216.27310771068053 335.74344 76.790886 -999.0 -999.0 -999.0 -999.0 -999.0 96.07166100079212 -31.51732774517436 95.96287595189148 -31.530296123076866 38.100613322770144 108.96548478852424 -999.0 6231.0 -999.0 -1 -999 {-999.0 -999.0 -999.0 -999.0 -999.0} "" -999.0 -999.0 -999.0 -999.0 -999 -999 "" "" "" "" 0 0 0.0 0.0 -999 ""
FIBERMAP 429 R-3C5 APOGEE 1 1 0 1 0 0 -163.61907518550512 -46.43508621146741 143.1 61.74404341487371 -158.47634131399988 66.35426 121.169464 96.52381175720416 -32.65170984175785 -3.72455 14.565071 2.1420722 96.5237985533505 -32.65166636729988 96.41081475264772 -32.6655254288794 37.99998479384891 110.48013745422402 16000.0 16600.0 2016.0 2 289 {-999.0 11.1043005 10.838612 10.768997 -999.0} sdss_psfmag_from_g3xp 11.08039 10.841147 10.4440565 9.818 63050395078122904 974896530 "" ops_std_apogee ops_std standard_apogee 0 0 0.0 0.0 -999 ""
FIBERMAP 429 R-3C5 BOSS 0 0 0 1 0 0 -162.89340476995503 -46.33530163377965 143.1 61.575882555065775 -157.7634106667045 66.35426 121.169464 -999.0 -999.0 -999.0 -999.0 -999.0 96.52352814109189 -32.649510520680316 96.41023518116162 -32.663432516318316 37.99997757970671 110.4774103201583 -999.0 5400.0 -999.0 1 474 {-999.0 -999.0 -999.0 -999.0 -999.0} "" -999.0 -999.0 -999.0 -999.0 -999 -999 "" "" "" "" 0 0 0.0 0.0 -999 ""
FIBERMAP 429 R-3C5 METROLOGY 0 0 0 1 0 0 -163.14808509099836 -47.024188323393815 143.1 62.285814980103005 -157.9516034500836 66.35426 121.169464 -999.0 -999.0 -999.0 -999.0 -999.0 96.52600694819601 -32.65010283813313 96.41280039158403 -32.66401373752414 37.99800995985643 110.47875920099858 -999.0 6231.0 -999.0 -1 -999 {-999.0 -999.0 -999.0 -999.0 -999.0} "" -999.0 -999.0 -999.0 -999.0 -999 -999 "" "" "" "" 0 0 0.0 0.0 -999 ""
FIBERMAP 434 R+1C15 APOGEE 0 0 0 1 0 0 33.7447126003753 28.33341696959497 143.1 -31.406061841766792 30.905088832641205 45.710052 152.22333 -999.0 -999.0 -999.0 -999.0 -999.0 96.18661926227037 -32.07835923445555 96.07593177264016 -32.091439144696665 38.141322146720995 109.68729168197004 -999.0 16600.0 -999.0 2 -999 {-999.0 -999.0 -999.0 -999.0 -999.0} "" -999.0 -999.0 -999.0 -999.0 -999 -999 "" "" "" "" 0 0 0.0 0.0 -999 ""
FIBERMAP 434 R+1C15 BOSS 1 1 0 1 0 0 34.51572603369312 28.571508596881596 143.1 -31.716206030881807 31.650039995979586 45.710052 152.22333 96.18579211474717 -32.07602064149859 -0.42888492 2.2304378 0.19511418 96.18579060396301 -32.07601398399103 96.0747996669206 -32.089156456314406 38.14171666037983 109.68418370162338 5400.0 5400.0 2016.0 1 197 {-999.0 17.635944 17.298897 17.197992 -999.0} sdss_psfmag_gaia 17.605993 17.315067 16.885267 -999.0 63050395078196358 976856363 "" ops_std_boss ops_std standard_boss 0 0 0.0 0.0 -999 ""
FIBERMAP 434 R+1C15 METROLOGY 0 0 0 1 0 0 34.3125882053367 27.846574578172635 143.1 -30.9752775749451 31.516575979027373 45.710052 152.22333 -999.0 -999.0 -999.0 -999.0 -999.0 96.18835681513595 -32.07642992714151 96.07745166221537 -32.08956128071165 38.13962838495947 109.68535688153958 -999.0 6231.0 -999.0 -1 -999 {-999.0 -999.0 -999.0 -999.0 -999.0} "" -999.0 -999.0 -999.0 -999.0 -999 -999 "" "" "" "" 0 0 0.0 0.0 -999 ""
FIBERMAP 435 R-5C3 APOGEE 1 1 0 1 0 0 -206.66209874274946 -109.85180143383049 143.1 128.95694425263636 -195.31026983130488 273.93524 48.389854 96.76620483398438 -32.7611203247929 -999.0 -999.0 -999.0 96.76620483398438 -32.7611203247929 96.65270142225239 -32.77562743763262 37.827318845143765 110.6753635060085 16000.0 16600.0 2015.5 2 243 {-999.0 -999.0 -999.0 -999.0 -999.0} "" -999.0 -999.0 -999.0 -999.0 27021603127945202 841281804 "" ops_sky_apogee_best ops_sky sky_apogee 0 0 0.0 0.0 -999 ""
FIBERMAP 435 R-5C3 BOSS 0 0 0 1 0 0 -207.25348227370498 -109.40279121282299 143.1 128.56605100932413 -195.94157057242566 273.93524 48.389854 -999.0 -999.0 -999.0 -999.0 -999.0 96.76515069829024 -32.76299831640933 96.65132158764834 -32.777565443756 37.828894332915816 110.67741262653294 -999.0 5400.0 -999.0 1 500 {-999.0 -999.0 -999.0 -999.0 -999.0} "" -999.0 -999.0 -999.0 -999.0 -999 -999 "" "" "" "" 0 0 0.0 0.0 -999 ""
FIBERMAP 435 R-5C3 METROLOGY 0 0 0 1 0 0 -206.5651503206411 -109.11106190551234 143.1 128.21035323859036 -195.2840149723688 273.93524 48.389854 -999.0 -999.0 -999.0 -999.0 -999.0 96.76379672377108 -32.76107838893032 96.6500658744535 -32.77562427706218 37.82947439608521 110.67471308182513 -999.0 6231.0 -999.0 -1 -999 {-999.0 -999.0 -999.0 -999.0 -999.0} "" -999.0 -999.0 -999.0 -999.0 -999 -999 "" "" "" "" 0 0 0.0 0.0 -999 ""
FIBERMAP 438 R+12C2 APOGEE 1 1 0 1 0 0 -139.2107535313674 226.3342022482374 143.1 -212.10900489576596 -160.0491858473633 171.33606 163.69043 95.53916117961694 -32.65590327281531 -7.9299226 -3.747893 1.8989563 95.53913306601605 -32.65591445968637 95.42657019208167 -32.667014717018986 38.80725277656408 110.2419597625758 16000.0 16600.0 2016.0 2 6 {-999.0 9.762118 9.026017 8.769235 -999.0} sdss_psfmag_from_g3xp 9.559084 9.071351 8.423464 7.218 63050395078192268 1103562833 bright_1x1 mwm_tess_2min_apogee mwm_planet science 0 0 0.0 0.0 -999 ""
FIBERMAP 438 R+12C2 BOSS 0 0 0 1 0 0 -139.8864814553852 226.60926241022167 143.1 -212.3187335787859 -160.74795184453464 171.33606 163.69043 -999.0 -999.0 -999.0 -999.0 -999.0 95.53869345715474 -32.657955480669074 95.4258142415552 -32.66911344547109 38.808342555874525 110.24440203142333 -999.0 5400.0 -999.0 1 6 {-999.0 -999.0 -999.0 -999.0 -999.0} "" -999.0 -999.0 -999.0 -999.0 -999 -999 "" "" "" "" 0 0 0.0 0.0 -999 ""
FIBERMAP 438 R+12C2 METROLOGY 0 0 0 1 0 0 -139.29017136025556 227.0778386753654 143.1 -212.8417521552829 -160.19877589121444 171.33606 163.69043 -999.0 -999.0 -999.0 -999.0 -999.0 95.53668896164108 -32.65633413725705 95.42390412033461 -32.66747008433213 38.809542077986926 110.2418848911056 -999.0 6231.0 -999.0 -1 -999 {-999.0 -999.0 -999.0 -999.0 -999.0} "" -999.0 -999.0 -999.0 -999.0 -999 -999 "" "" "" "" 0 0 0.0 0.0 -999 ""
FIBERMAP 439 R-6C3 APOGEE 1 1 0 1 0 0 -173.70697763450113 -129.83470616962953 143.1 145.72399651617562 -160.60861396049353 303.21036 106.368 96.825824336155 -32.65589598291739 -2.3615131 5.703589 0.5970421 96.8258159639911 -32.65587895859689 96.71268438627915 -32.67058371116739 37.75392446821114 110.56081740587909 16000.0 16600.0 2016.0 2 244 {-999.0 13.434121 12.509142 12.184886 -999.0} sdss_psfmag_from_g3xp 13.139064 12.5519495 11.827809 10.324 63050395078122122 1109067537 bright_1x1 mwm_tess_rgb_apogee mwm_tessrgb science 0 0 0.0 0.0 -999 ""
FIBERMAP 439 R-6C3 BOSS 0 0 0 1 0 0 -174.22605729618502 -130.37898127133667 143.1 146.31504725634846 -161.07372838626407 303.21036 106.368 -999.0 -999.0 -999.0 -999.0 -999.0 96.82830247638202 -32.65723204326905 96.71484511076932 -32.6720075514094 37.752485904287 110.56310319609506 -999.0 5400.0 -999.0 1 501 {-999.0 -999.0 -999.0 -999.0 -999.0} "" -999.0 -999.0 -999.0 -999.0 -999 -999 "" "" "" "" 0 0 0.0 0.0 -999 ""
FIBERMAP 439 R-6C3 METROLOGY 0 0 0 1 0 0 -174.43426123877248 -129.64771507696554 143.1 145.60682919757076 -161.35034994798792 303.21036 106.368 -999.0 -999.0 -999.0 -999.0 -999.0 96.82570161265484 -32.65813389797655 96.71233249176709 -32.6728836528546 37.75474656955059 110.56355987935467 -999.0 6231.0 -999.0 -1 -999 {-999.0 -999.0 -999.0 -999.0 -999.0} "" -999.0 -999.0 -999.0 -999.0 -999 -999 "" "" "" "" 0 0 0.0 0.0 -999 ""
FIBERMAP 441 R-2C4 APOGEE 0 0 0 1 0 0 -199.19148880492637 -57.35057872586724 143.1 75.98415379959633 -192.85289591442609 317.5788 70.092964 -999.0 -999.0 -999.0 -999.0 -999.0 96.57557919097614 -32.75517450833482 96.46218100164447 -32.7691488283697 37.98173460480241 110.62070310416365 -999.0 16600.0 -999.0 2 -999 {-999.0 -999.0 -999.0 -999.0 -999.0} "" -999.0 -999.0 -999.0 -999.0 -999 -999 "" "" "" "" 0 0 0.0 0.0 -999 ""
FIBERMAP 441 R-2C4 BOSS 1 1 0 1 0 0 -199.81697428384894 -57.703193966148625 143.1 76.39450195135431 -193.44211395782534 317.5788 70.092964 96.57743116134378 -32.7569577686439 -7.5668163 10.390173 4.041403 96.57740430465994 -32.75692675560121 96.46368273480128 -32.77096857456043 37.98092276240654 110.62331759721064 5400.0 5400.0 2016.0 1 472 {-999.0 21.588682 19.623743 17.957296 -999.0} sdss_psfmag_gaia 20.35087 18.68846 17.380209 14.954 63050395078122500 1094928238 bright_1x1 mwm_bin_vis_boss mwm_filler science 0 0 0.0 0.0 -999 ""
FIBERMAP 441 R-2C4 METROLOGY 0 0 0 1 0 0 -199.82819221277165 -56.95801409776848 143.1 75.65374975173239 -193.52395834065166 317.5788 70.092964 -999.0 -999.0 -999.0 -999.0 -999.0 96.5746621895536 -32.757236331487455 96.46102921007963 -32.771252516282935 37.98315958556894 110.62301929542824 -999.0 6231.0 -999.0 -1 -999 {-999.0 -999.0 -999.0 -999.0 -999.0} "" -999.0 -999.0 -999.0 -999.0 -999 -999 "" "" "" "" 0 0 0.0 0.0 -999 ""
FIBERMAP 442 R+13C12 APOGEE 1 1 0 1 0 0 84.55892617328026 240.75762418433138 143.1 -247.690907700487 61.34241185981691 266.23053 55.963985 95.41465399840992 -31.985766473247445 -0.7870067 5.077929 0.22533466 95.41501870392557 -31.98575131642418 95.30502382070244 -31.99669721345215 38.7545369733163 109.37467391732694 16000.0 16600.0 2016.0 2 59 {-999.0 16.561905 17.17141 10.11375 -999.0} sdss_psfmag_gaia 14.070448 10.419809 8.819758 5.402 63050395078200006 1154261203 bright_1x1 mwm_galactic_core_dist_apogee_sparse mwm_galactic science 0 0 1.1220656633377075 0.0 -999 ""
FIBERMAP 442 R+13C12 BOSS 0 0 0 1 0 0 83.95889290196428 241.20654375637548 143.1 -248.0808903135179 60.70250902040081 266.23053 55.963985 -999.0 -999.0 -999.0 -999.0 -999.0 95.41391396026467 -31.98761735453129 95.3036066738079 -31.998621441935708 38.75615219589906 109.3767168375148 -999.0 5400.0 -999.0 1 97 {-999.0 -999.0 -999.0 -999.0 -999.0} "" -999.0 -999.0 -999.0 -999.0 -999 -999 "" "" "" "" 0 0 0.0 0.0 -999 ""
FIBERMAP 442 R+13C12 METROLOGY 0 0 0 1 0 0 84.6557533438356 241.50000508855473 143.1 -248.43912118118112 61.368390337109076 266.23053 55.963985 -999.0 -999.0 -999.0 -999.0 -999.0 95.41252262453068 -31.985606859608602 95.30231013356729 -31.996590117054122 38.75675079750727 109.37385600754192 -999.0 6231.0 -999.0 -1 -999 {-999.0 -999.0 -999.0 -999.0 -999.0} "" -999.0 -999.0 -999.0 -999.0 -999 -999 "" "" "" "" 0 0 0.0 0.0 -999 ""
FIBERMAP 445 R-4C10 APOGEE 0 0 0 1 0 0 -31.34405254191492 -87.19653845363071 143.1 89.77578653604017 -22.932352454247933 348.793 90.62155 -999.0 -999.0 -999.0 -999.0 -999.0 96.62215517958661 -32.2402597778784 96.51067161835118 -32.2545138054655 37.822185325925645 109.99846467161214 -999.0 16600.0 -999.0 2 -999 {-999.0 -999.0 -999.0 -999.0 -999.0} "" -999.0 -999.0 -999.0 -999.0 -999 -999 "" "" "" "" 0 0 0.0 0.0 -999 ""
FIBERMAP 445 R-4C10 BOSS 1 1 0 1 0 0 -31.485686195089652 -87.94626162604202 143.1 90.53555884365886 -23.002238778003044 348.793 90.62155 96.62467875393054 -32.24043844680916 -13.860736 11.679914 6.11522 96.62525819059796 -32.240403584083374 96.51345797954376 -32.25473146376467 37.81994707852761 109.99943704659806 5400.0 5400.0 2016.0 1 360 {-999.0 9.996957 9.754204 9.69301 -999.0} sdss_psfmag_from_g3xp 9.9801235 9.7523 9.368369 8.733 63050395078138563 1034896574 bright_1x1 mwm_yso_cluster_boss_single mwm_yso science 0 0 1.9132899045944214 0.0 -999 ""
FIBERMAP 445 R-4C10 METROLOGY 0 0 0 1 0 0 -32.04604912189329 -87.45479998482492 143.1 90.0994636329908 -23.60668527388986 348.793 90.62155 -999.0 -999.0 -999.0 -999.0 -999.0 96.6236283980173 -32.24226833118861 96.51190967503283 -32.25657257185545 37.82165423756055 110.0013102908618 -999.0 6231.0 -999.0 -1 -999 {-999.0 -999.0 -999.0 -999.0 -999.0} "" -999.0 -999.0 -999.0 -999.0 -999 -999 "" "" "" "" 0 0 0.0 0.0 -999 ""
FIBERMAP 449 R-10C16 APOGEE 0 0 0 1 0 0 146.47137798265308 -204.57420990562838 143.1 189.75859697744048 165.21319502157667 237.87227 103.12717 -999.0 -999.0 -999.0 -999.0 -999.0 96.97260024275481 -31.668321613948155 96.86308209110734 -31.68372619309171 37.394501614235516 109.39010988967107 -999.0 16600.0 -999.0 2 -999 {-999.0 -999.0 -999.0 -999.0 -999.0} "" -999.0 -999.0 -999.0 -999.0 -999 -999 "" "" "" "" 0 0 0.0 0.0 -999 ""
FIBERMAP 449 R-10C16 BOSS 1 1 0 1 0 0 145.65233425287587 -204.23302545960192 143.1 189.4966353763583 164.3654885348385 237.87227 103.12717 96.9720466670492 -31.67081510609662 -0.2053439 4.5255275 0.41471124 96.97204594688156 -31.670801598105516 96.86220018378053 -31.686272658930314 37.395854629925815 109.3929848945537 5400.0 5400.0 2016.0 1 333 {-999.0 16.690197 16.320755 16.2068 -999.0} sdss_psfmag_gaia 16.63944 16.341312 15.883669 -999.0 63050395078144446 976855863 "" ops_std_boss ops_std standard_boss 0 0 0.0 0.0 -999 ""
FIBERMAP 449 R-10C16 METROLOGY 0 0 0 1 0 0 146.3113215187399 -203.84353888173615 143.1 189.04640482224806 164.98456005308108 237.87227 103.12717 -999.0 -999.0 -999.0 -999.0 -999.0 96.97037035077005 -31.6689334017996 96.86062240221486 -31.684380817073155 37.396691377324615 109.39026144378028 -999.0 6231.0 -999.0 -1 -999 {-999.0 -999.0 -999.0 -999.0 -999.0} "" -999.0 -999.0 -999.0 -999.0 -999 -999 "" "" "" "" 0 0 0.0 0.0 -999 ""
FIBERMAP 453 R+7C19 APOGEE 0 0 0 1 0 0 207.44108539419074 144.96911014383826 143.1 -163.9896190822509 192.75501517810554 73.12763 65.665535 -999.0 -999.0 -999.0 -999.0 -999.0 95.71470837047207 -31.588987974856234 95.60604430630855 -31.600887915513436 38.412702023275926 108.95961658412139 -999.0 16600.0 -999.0 2 -999 {-999.0 -999.0 -999.0 -999.0 -999.0} "" -999.0 -999.0 -999.0 -999.0 -999 -999 "" "" "" "" 0 0 0.0 0.0 -999 ""
FIBERMAP 453 R+7C19 BOSS 1 1 0 1 0 0 207.99544745405572 144.4741840151243 143.1 -163.54950586626987 193.35381648627333 73.12763 65.665535 95.71659467064927 -31.587141325120488 -5.433006 12.214939 1.3777542 95.71657563352998 -31.587104865437915 95.60761039197422 -31.59907511886963 38.410973599392086 108.9577769203543 5400.0 5400.0 2016.0 1 249 {-999.0 20.30596 18.68845 17.817696 -999.0} sdss_psfmag_gaia 19.417294 18.45117 17.231894 15.093 63050395078204488 1094478304 bright_1x1 mwm_bin_vis_boss mwm_filler science 0 0 0.0 0.0 -999 ""
FIBERMAP 453 R+7C19 METROLOGY 0 0 0 1 0 0 207.281069582745 144.23843021604262 143.1 -163.2470605909067 192.6650235025503 73.12763 65.665535 -999.0 -999.0 -999.0 -999.0 -999.0 95.71751204886822 -31.589162987730216 95.60862551824198 -31.601116961504005 38.410621995801726 108.96057092677194 -999.0 6231.0 -999.0 -1 -999 {-999.0 -999.0 -999.0 -999.0 -999.0} "" -999.0 -999.0 -999.0 -999.0 -999 -999 "" "" "" "" 0 0 0.0 0.0 -999 ""
FIBERMAP 454 R+10C8 APOGEE 0 0 0 1 0 0 -29.156882432904073 188.61518141649384 143.1 -184.9983796172277 -46.914605078672565 170.41014 155.34042 -999.0 -999.0 -999.0 -999.0 -999.0 95.63645047703756 -32.31427277188109 95.5251287865733 -32.32574355342247 38.64903561295593 109.83997453065888 -999.0 16600.0 -999.0 2 -999 {-999.0 -999.0 -999.0 -999.0 -999.0} "" -999.0 -999.0 -999.0 -999.0 -999 -999 "" "" "" "" 0 0 0.0 0.0 -999 ""
FIBERMAP 454 R+10C8 BOSS 1 1 0 1 0 0 -29.76372989012366 189.00150608931133 143.1 -185.32540358451325 -47.55535448942167 170.41014 155.34042 95.63552456731735 -32.31611548155514 -2.1971352 -15.880159 1.6075325 95.63551680726667 -32.316162881344795 95.52388069565175 -32.32769179050665 38.6505082872937 109.84209374663749 5400.0 5400.0 2016.0 1 125 {-999.0 16.941591 15.773787 15.279179 -999.0} sdss_psfmag_gaia 16.520937 15.763287 14.905902 13.183 63050395078194539 1075851463 bright_1x1 mwm_erosita_stars_boss mwm_erosita science 0 0 0.0 0.0 -999 ""
FIBERMAP 454 R+10C8 METROLOGY 0 0 0 1 0 0 -29.115661828682626 189.36204089362707 143.1 -185.74577741225795 -46.9444069363419 170.41014 155.34042 -999.0 -999.0 -999.0 -999.0 -999.0 95.63390356202109 -32.314330258017115 95.52236186259552 -32.325837800040276 38.651333205774534 109.83940663062225 -999.0 6231.0 -999.0 -1 -999 {-999.0 -999.0 -999.0 -999.0 -999.0} "" -999.0 -999.0 -999.0 -999.0 -999 -999 "" "" "" "" 0 0 0.0 0.0 -999 ""
FIBERMAP 458 R-13C8 APOGEE 1 1 0 1 0 0 26.524960314538454 -236.48623048098932 143.1 232.90296811537007 48.83492547297527 119.36177 23.446651 97.13086044962252 -32.019043223575615 -5.7495627 -6.2219605 8.090117 97.13084020889065 -32.01906179515226 97.01996035084849 -32.03480802444802 37.35092870456365 109.85944189664589 16000.0 16600.0 2016.0 2 265 {-999.0 11.355886 10.852356 10.683847 -999.0} sdss_psfmag_gaia 10.516087 10.887162 9.616807 8.678 63050395078136872 1103790706 bright_1x1 mwm_tess_2min_apogee mwm_planet science 0 0 0.0 0.0 -999 ""
FIBERMAP 458 R-13C8 BOSS 0 0 0 1 0 0 27.07023474867762 -236.9977745706826 143.1 233.3604862019007 49.426256318208495 119.36177 23.446651 -999.0 -999.0 -999.0 -999.0 -999.0 97.13279473057261 -32.01718394179785 97.0215973583991 -32.0330040816445 37.349145243744154 109.85766314233035 -999.0 5400.0 -999.0 1 359 {-999.0 -999.0 -999.0 -999.0 -999.0} "" -999.0 -999.0 -999.0 -999.0 -999 -999 "" "" "" "" 0 0 0.0 0.0 -999 ""
FIBERMAP 458 R-13C8 METROLOGY 0 0 0 1 0 0 26.37245529388835 -237.22385944268592 143.1 233.65173190704175 48.75306977080425 119.36177 23.446651 -999.0 -999.0 -999.0 -999.0 -999.0 97.13381235021463 -32.01922362265427 97.0226979131229 -32.03502676688733 37.348730080068094 109.86041607120598 -999.0 6231.0 -999.0 -1 -999 {-999.0 -999.0 -999.0 -999.0 -999.0} "" -999.0 -999.0 -999.0 -999.0 -999 -999 "" "" "" "" 0 0 0.0 0.0 -999 ""
FIBERMAP 461 R+11C5 APOGEE 1 1 0 1 0 0 -68.5834630568734 200.17220319055048 143.1 -192.76379286795145 -87.25935009524784 331.8391 89.94581 95.6083693512953 -32.436107131880405 24.8882 -81.30697 6.273162 95.60845737079283 -32.436349820423736 95.4966922833464 -32.44770717964249 38.70022857948774 109.98506635114136 16000.0 16600.0 2016.0 2 147 {-999.0 15.610522 14.275063 13.375908 -999.0} sdss_psfmag_from_g3xp 15.086824 14.00434 12.966883 11.053 63050395078193790 1164962775 bright_1x1 openfibertargets_mwm_rvscnn24_nearby_dwarfs_apogee open_fiber science 0 0 0.0 0.0 -999 ""
FIBERMAP 461 R+11C5 BOSS 0 0 0 1 0 0 -68.91113011740784 199.5334280184376 143.1 -192.0968232831688 -87.52495302133619 331.8391 89.94581 -999.0 -999.0 -999.0 -999.0 -999.0 95.61109722920818 -32.437122853577364 95.4990175870305 -32.44854799260428 38.69850854348832 109.98668666666293 -999.0 5400.0 -999.0 1 150 {-999.0 -999.0 -999.0 -999.0 -999.0} "" -999.0 -999.0 -999.0 -999.0 -999 -999 "" "" "" "" 0 0 0.0 0.0 -999 ""
FIBERMAP 461 R+11C5 METROLOGY 0 0 0 1 0 0 -69.34634447829566 200.14674763119726 143.1 -192.6660962066675 -88.01637356644416 331.8391 89.94581 -999.0 -999.0 -999.0 -999.0 -999.0 95.60893919435476 -32.4386316706388 95.49694224883507 -32.45003312734331 38.700551394422455 109.98803021761069 -999.0 6231.0 -999.0 -1 -999 {-999.0 -999.0 -999.0 -999.0 -999.0} "" -999.0 -999.0 -999.0 -999.0 -999 -999 "" "" "" "" 0 0 0.0 0.0 -999 ""
FIBERMAP 462 R+11C9 APOGEE 1 1 0 1 0 0 15.448096931949253 230.03304574619267 143.1 -230.4598757990439 -6.439275366652784 104.20067 85.18275 95.47484033201727 -32.191096455656826 -0.6484719 3.32543 0.49667662 95.4748380448356 -32.19108652976905 95.3640507003164 -32.202140549640056 38.753281381037986 109.64580241112864 16000.0 16600.0 2016.0 2 128 {-999.0 13.625512 12.640913 12.29495 -999.0} sdss_psfmag_from_g3xp 13.300396 12.682134 11.935843 10.377 63050395078199343 1110379532 bright_1x1 mwm_tess_rgb_apogee mwm_tessrgb science 0 0 0.0 0.0 -999 ""
FIBERMAP 462 R+11C9 BOSS 0 0 0 1 0 0 16.19354888744148 230.12792486900662 143.1 -230.6250295405004 -5.706187210884428 104.20067 85.18275 -999.0 -999.0 -999.0 -999.0 -999.0 95.47452663802974 -32.18880330568772 95.36344102975107 -32.19991832576918 38.753273345494726 109.64287710228746 -999.0 5400.0 -999.0 1 115 {-999.0 -999.0 -999.0 -999.0 -999.0} "" -999.0 -999.0 -999.0 -999.0 -999 -999 "" "" "" "" 0 0 0.0 0.0 -999 ""
FIBERMAP 462 R+11C9 METROLOGY 0 0 0 1 0 0 15.906885030846066 229.4478124177205 143.1 -229.92079824725062 -5.927051356674839 104.20067 85.18275 -999.0 -999.0 -999.0 -999.0 -999.0 95.47689660559088 -32.18950002445835 95.36589422494092 -32.200604130417176 38.75141035456431 109.64434408890722 -999.0 6231.0 -999.0 -1 -999 {-999.0 -999.0 -999.0 -999.0 -999.0} "" -999.0 -999.0 -999.0 -999.0 -999 -999 "" "" "" "" 0 0 0.0 0.0 -999 ""
FIBERMAP 465 R+5C7 APOGEE 1 1 0 1 0 0 -113.22123986020132 112.07033672062256 143.1 -100.8259126008636 -123.33955329613036 176.38776 61.586884 95.93811035156249 -32.54652058731048 -999.0 -999.0 -999.0 95.93811035156249 -32.54652058731048 95.82578079822778 -32.558768970709025 38.45522839082427 110.20416657678219 16000.0 16600.0 2015.5 2 33 {-999.0 -999.0 -999.0 -999.0 -999.0} "" -999.0 -999.0 -999.0 -999.0 27021603127945997 841282027 "" ops_sky_apogee_best ops_sky sky_apogee 0 0 0.0 0.0 -999 ""
FIBERMAP 465 R+5C7 BOSS 0 0 0 1 0 0 -112.8225839992009 112.69596952758631 143.1 -101.48653212535109 -123.00203551215724 176.38776 61.586884 -999.0 -999.0 -999.0 -999.0 -999.0 95.9359957669674 -32.54548417058032 95.82335966820636 -32.55778833016547 38.45699191927625 110.2023535650477 -999.0 5400.0 -999.0 1 55 {-999.0 -999.0 -999.0 -999.0 -999.0} "" -999.0 -999.0 -999.0 -999.0 -999 -999 "" "" "" "" 0 0 0.0 0.0 -999 ""
FIBERMAP 465 R+5C7 METROLOGY 0 0 0 1 0 0 -112.47983237484611 112.02402860040749 143.1 -100.85013280941278 -122.59710035400708 176.38776 61.586884 -999.0 -999.0 -999.0 -999.0 -999.0 95.93817920849294 -32.544293460730614 95.82563484175478 -32.55658668676593 38.45485093741519 110.20141735090479 -999.0 6231.0 -999.0 -1 -999 {-999.0 -999.0 -999.0 -999.0 -999.0} "" -999.0 -999.0 -999.0 -999.0 -999 -999 "" "" "" "" 0 0 0.0 0.0 -999 ""
FIBERMAP 468 R-2C9 APOGEE 0 0 0 1 0 0 -82.95396608585293 -44.65105028911878 143.1 52.31732343921388 -78.34455771688201 276.36017 153.7932 -999.0 -999.0 -999.0 -999.0 -999.0 96.488643368618 -32.4091239635993 96.37658657816206 -32.422954600202274 37.97184204658994 110.17226369316018 -999.0 16600.0 -999.0 2 300 {-999.0 -999.0 -999.0 -999.0 -999.0} "" -999.0 -999.0 -999.0 -999.0 -999 -999 "" "" "" "" 0 0 0.0 0.0 -999 ""
FIBERMAP 468 R-2C9 BOSS 1 1 0 1 0 0 -83.22789909354213 -45.336746804920026 143.1 53.02590612483583 -78.55221885565174 276.36017 153.7932 96.49154663085936 -32.409721897388394 -999.0 -999.0 -999.0 96.49154663085936 -32.409721897388394 96.37917043887764 -32.4236244504341 37.96987734639069 110.17373512867505 5400.0 5400.0 2015.5 1 496 {-999.0 -999.0 -999.0 -999.0 -999.0} "" -999.0 -999.0 -999.0 -999.0 27021603127946240 819170602 "" ops_sky_boss_good ops_sky sky_boss 0 0 0.0 0.0 -999 ""
FIBERMAP 468 R-2C9 METROLOGY 0 0 0 1 0 0 -83.68566293691812 -44.762474259332535 143.1 52.49764273340816 -79.06238365063571 276.36017 153.7932 -999.0 -999.0 -999.0 -999.0 -999.0 96.48957102253027 -32.41130418469406 96.3772792587286 -32.425182608485244 37.97179297270451 110.17518502895001 -999.0 6231.0 -999.0 -1 -999 {-999.0 -999.0 -999.0 -999.0 -999.0} "" -999.0 -999.0 -999.0 -999.0 -999 -999 "" "" "" "" 0 0 0.0 0.0 -999 ""
FIBERMAP 470 R+2C23 APOGEE 0 0 0 1 0 0 223.49396521766712 25.065297501612527 143.1 -46.14959126241327 220.1077918596653 272.79398 112.171616 -999.0 -999.0 -999.0 -999.0 -999.0 96.13313847044104 -31.50574786964512 96.02459087327571 -31.51884462509324 38.046799507990485 108.96756596847393 -999.0 16600.0 -999.0 2 74 {-999.0 -999.0 -999.0 -999.0 -999.0} "" -999.0 -999.0 -999.0 -999.0 -999 -999 "" "" "" "" 0 0 0.0 0.0 -999 ""
FIBERMAP 470 R+2C23 BOSS 1 1 0 1 0 0 222.82383791465807 24.719287185825582 143.1 -45.74158413678288 219.47350705411054 272.79398 112.171616 96.13489089135406 -31.507566522691207 -0.55299276 6.841287 2.652458 96.13488895533212 -31.507546102520013 96.02602363326285 -31.520713613692706 38.0460680566007 108.97024458718244 5400.0 5400.0 2016.0 1 233 {-999.0 -999.0 -999.0 -999.0 -999.0} "" -999.0 15.203478 -999.0 11.801 63050395078213469 1094912231 bright_1x1 mwm_bin_vis_boss mwm_filler science 0 0 0.0 0.0 -999 ""
FIBERMAP 470 R+2C23 METROLOGY 0 0 0 1 0 0 222.86147308983735 25.46371845141512 143.1 -46.486224618615125 219.44036625718175 272.79398 112.171616 -999.0 -999.0 -999.0 -999.0 -999.0 96.13214808620863 -31.50763836585648 96.02337097149837 -31.520779328442174 38.048277687258 108.9696290179105 -999.0 6231.0 -999.0 -1 -999 {-999.0 -999.0 -999.0 -999.0 -999.0} "" -999.0 -999.0 -999.0 -999.0 -999 -999 "" "" "" "" 0 0 0.0 0.0 -999 ""
FIBERMAP 472 R-1C15 APOGEE 0 0 0 1 0 0 23.964834308020002 -1.4926046297326607 143.1 -0.7870938905490724 23.998225601770816 173.59134 50.85496 -999.0 -999.0 -999.0 -999.0 -999.0 96.29647606744052 -32.09907177495801 96.18566261630622 -32.112453595657264 38.055942637558346 109.74108849766844 -999.0 16600.0 -999.0 2 -999 {-999.0 -999.0 -999.0 -999.0 -999.0} "" -999.0 -999.0 -999.0 -999.0 -999 -999 "" "" "" "" 0 0 0.0 0.0 -999 ""
FIBERMAP 472 R-1C15 BOSS 1 1 0 1 0 0 24.51007959960641 -0.9806974778693482 143.1 -1.3484044847850112 24.49245750757605 173.59134 50.85496 96.29447593801615 -32.097593723891634 -8.029585 33.1011 1.7724851 96.29476930820931 -32.09749492228382 96.18364946754906 -32.1109369434974 38.057241818186576 109.73870574302583 5400.0 5400.0 2016.0 1 326 {-999.0 12.6834 12.303594 12.182755 -999.0} sdss_psfmag_from_g3xp 12.622835 12.320081 11.85311 11.015 63050395078196274 996791694 bright_1x1 mwm_bin_gaia_sb_boss mwm_bin science 0 0 0.9809780120849609 0.0 -999 ""
FIBERMAP 472 R-1C15 METROLOGY 0 0 0 1 0 0 24.682079771307862 -1.704871353900824 143.1 -0.6438129588032171 24.732366044284817 173.59134 50.85496 -999.0 -999.0 -999.0 -999.0 -999.0 96.29720577396004 -32.09677576120976 96.18617577010644 -32.110206530592286 38.05499001463392 109.73844561862364 -999.0 6231.0 -999.0 -1 -999 {-999.0 -999.0 -999.0 -999.0 -999.0} "" -999.0 -999.0 -999.0 -999.0 -999 -999 "" "" "" "" 0 0 0.0 0.0 -999 ""
FIBERMAP 474 R-3C8 APOGEE 0 0 0 1 0 0 -120.12343316744142 -65.74547805428388 143.1 76.84189559998995 -113.34552874687445 259.57263 43.574688 -999.0 -999.0 -999.0 -999.0 -999.0 96.57741794242227 -32.51476955698889 96.46492554897003 -32.52881851262446 37.92400889516218 110.32482327918797 -999.0 16600.0 -999.0 2 -999 {-999.0 -999.0 -999.0 -999.0 -999.0} "" -999.0 -999.0 -999.0 -999.0 -999 -999 "" "" "" "" 0 0 0.0 0.0 -999 ""
FIBERMAP 474 R-3C8 BOSS 1 1 0 1 0 0 -120.55032762454678 -65.04905977964401 143.1 76.18911000999626 -113.83654849279046 259.57263 43.574688 96.57542379485366 -32.51615793050102 4.1914377 -34.310944 0.9472322 96.575438631438 -32.51626034329585 96.4626249917396 -32.53036714849575 37.926255334124505 110.32616137500435 5400.0 5400.0 2016.0 1 477 {-999.0 19.02942 17.618874 16.950386 -999.0} sdss_psfmag_gaia 18.47672 17.51851 16.57235 14.697 63050395078128162 1073300254 bright_1x1 mwm_halo_local_high_boss_single mwm_halo science 0 0 0.0 0.0 -999 ""
FIBERMAP 474 R-3C8 METROLOGY 0 0 0 1 0 0 -119.80710599878356 -65.06766145728659 143.1 76.1371363606939 -113.09491743555061 259.57263 43.574688 -999.0 -999.0 -999.0 -999.0 -999.0 96.57515930324321 -32.514044660781074 96.46244355830464 -32.52813323471611 37.925884979021866 110.32336181990502 -999.0 6231.0 -999.0 -1 -999 {-999.0 -999.0 -999.0 -999.0 -999.0} "" -999.0 -999.0 -999.0 -999.0 -999 -999 "" "" "" "" 0 0 0.0 0.0 -999 ""
FIBERMAP 477 R-7C14 APOGEE 1 1 0 1 0 0 87.01248450886769 -123.15601684968664 143.1 114.34733985281275 98.30053153902648 73.26763 99.20026 96.70700937349623 -31.87197028220443 1.384492 -1.45501 3.80807 96.70701423965936 -31.871974625181593 96.59686312871226 -31.886574060911926 37.66338556857549 109.56869332109821 16000.0 16600.0 2016.0 2 197 {-999.0 7.9332 7.8878036 7.9153647 -999.0} sdss_psfmag_from_g3xp 7.988271 7.8547916 7.597483 7.213 63050395078141425 1076209004 bright_1x1 mwm_snc_ext_main_apogee mwm_snc science 0 0 0.0 0.0 -999 ""
FIBERMAP 477 R-7C14 BOSS 0 0 0 1 0 0 87.75634978124488 -123.24121751809965 143.1 114.36160352338095 99.04911996403104 73.26763 99.20026 -999.0 -999.0 -999.0 -999.0 -999.0 96.70741956559016 -31.869594940853723 96.59695889940531 -31.884263129754423 37.66274862439064 109.56588526201529 -999.0 5400.0 -999.0 1 272 {-999.0 -999.0 -999.0 -999.0 -999.0} "" -999.0 -999.0 -999.0 -999.0 -999 -999 "" "" "" "" 0 0 0.0 0.0 -999 ""
FIBERMAP 477 R-7C14 METROLOGY 0 0 0 1 0 0 87.31864141123103 -123.84747832159029 143.1 115.00664245019533 98.67088860086595 73.26763 99.20026 -999.0 -999.0 -999.0 -999.0 -999.0 96.70965768335779 -31.870737628746575 96.5992815919223 -31.885392792316317 37.66110754653336 109.56787163708728 -999.0 6231.0 -999.0 -1 -999 {-999.0 -999.0 -999.0 -999.0 -999.0} "" -999.0 -999.0 -999.0 -999.0 -999 -999 "" "" "" "" 0 0 0.0 0.0 -999 ""
FIBERMAP 479 R-1C14 APOGEE 1 1 0 1 0 0 18.375793229939987 -25.811456521397343 143.1 23.952080579396824 20.740951147571778 286.18436 145.14494 96.38525170192263 -32.10869584917627 -1.7331079 2.3611405 0.42528993 96.38524559471664 -32.10868880154137 96.27435716301898 -32.12231669795739 37.98527645696731 109.77577518089282 16000.0 16600.0 2016.0 2 230 {-999.0 11.729929 10.423551 9.849156 -999.0} sdss_psfmag_from_g3xp 11.22557 10.368434 9.466484 7.433 63050395078140422 1151850696 bright_1x1 mwm_galactic_core_dist_apogee_sparse mwm_galactic science 0 0 0.0 0.0 -999 ""
FIBERMAP 479 R-1C14 BOSS 0 0 0 1 0 0 18.019417102808784 -26.452254846712215 143.1 24.623787115919498 20.446960633209766 286.18436 145.14494 -999.0 -999.0 -999.0 -999.0 -999.0 96.38799212593104 -32.109494425210116 96.27678480987254 -32.12319458335111 37.98348622362904 109.77747409023465 -999.0 5400.0 -999.0 1 339 {-999.0 -999.0 -999.0 -999.0 -999.0} "" -999.0 -999.0 -999.0 -999.0 -999 -999 "" "" "" "" 0 0 0.0 0.0 -999 ""
FIBERMAP 479 R-1C14 METROLOGY 0 0 0 1 0 0 17.63266390679099 -25.82029468411013 143.1 24.031361452777574 20.002014526601176 286.18436 145.14494 -999.0 -999.0 -999.0 -999.0 -999.0 96.38578657027739 -32.11087031428721 96.27466424184149 -32.1245455157968 37.9855505753857 109.77860089717751 -999.0 6231.0 -999.0 -1 -999 {-999.0 -999.0 -999.0 -999.0 -999.0} "" -999.0 -999.0 -999.0 -999.0 -999 -999 "" "" "" "" 0 0 0.0 0.0 -999 ""
FIBERMAP 480 R+9C15 APOGEE 0 0 0 1 0 0 137.6620567058799 180.59579792595136 143.1 -192.8372507699199 119.91192737682843 41.710415 97.01144 -999.0 -999.0 -999.0 -999.0 -999.0 95.61087717540975 -31.808909282185272 95.5014488364065 -31.82045457481058 38.55122671572357 109.20513491782401 -999.0 16600.0 -999.0 2 -999 {-999.0 -999.0 -999.0 -999.0 -999.0} "" -999.0 -999.0 -999.0 -999.0 -999 -999 "" "" "" "" 0 0 0.0 0.0 -999 ""
FIBERMAP 480 R+9C15 BOSS 1 1 0 1 0 0 138.2389563382308 180.121236618928 143.1 -192.41954804143754 120.53123300889794 41.710415 97.01144 95.61264038085938 -31.80695238277015 -999.0 -999.0 -999.0 95.61264038085938 -31.80695238277014 95.50291129642818 -31.818566433262763 38.54957443006825 109.20316261986245 5400.0 5400.0 2015.5 1 237 {-999.0 -999.0 -999.0 -999.0 -999.0} "" -999.0 -999.0 -999.0 -999.0 27021603127957972 819173391 "" ops_sky_boss_good ops_sky sky_boss 0 0 0.0 0.0 -999 ""
FIBERMAP 480 R+9C15 METROLOGY 0 0 0 1 0 0 137.52025362203858 179.86136610324132 143.1 -192.09268471801198 119.84042206875384 41.710415 97.01144 -999.0 -999.0 -999.0 -999.0 -999.0 95.61366355675885 -31.809040425923058 95.50401329072503 -31.820638807130635 38.54915233041549 109.2060199039588 -999.0 6231.0 -999.0 -1 -999 {-999.0 -999.0 -999.0 -999.0 -999.0} "" -999.0 -999.0 -999.0 -999.0 -999 -999 "" "" "" "" 0 0 0.0 0.0 -999 ""
FIBERMAP 482 R+7C10 APOGEE 0 0 0 1 0 0 -0.3801236984934029 143.2001178671708 143.1 -142.51766814194727 -13.960320324334269 33.83706 117.355995 -999.0 -999.0 -999.0 -999.0 -999.0 95.7885501927437 -32.21470994401006 95.67753249732743 -32.2266352506072 38.500834741642976 109.75452716598727 -999.0 16600.0 -999.0 2 137 {-999.0 -999.0 -999.0 -999.0 -999.0} "" -999.0 -999.0 -999.0 -999.0 -999 -999 "" "" "" "" 0 0 0.0 0.0 -999 ""
FIBERMAP 482 R+7C10 BOSS 1 1 0 1 0 0 0.302753561452278 142.87511114469908 143.1 -142.2588964378043 -13.24970004743593 33.83706 117.355995 95.78974267917239 -32.212529071787344 -9.206812 10.276201 2.29864 95.78971019880076 -32.212498398931075 95.67839157691358 -32.224489849788036 38.49963162632497 109.7520748350612 5400.0 5400.0 2016.0 1 132 {-999.0 18.096235 16.66466 15.978478 -999.0} sdss_psfmag_gaia 17.51876 16.5535 15.587696 13.759 63050395078196859 1095513041 bright_1x1 mwm_bin_vis_boss mwm_filler science 0 0 0.0 0.0 -999 ""
FIBERMAP 482 R+7C10 METROLOGY 0 0 0 1 0 0 -0.3386646181079431 142.45245658090244 143.1 -141.77731396796557 -13.84813594500053 33.83706 117.355995 -999.0 -999.0 -999.0 -999.0 -999.0 95.79132576383809 -32.21433591460607 95.68008643634101 -32.226313694938135 38.498658444016584 109.75476577996687 -999.0 6231.0 -999.0 -1 -999 {-999.0 -999.0 -999.0 -999.0 -999.0} "" -999.0 -999.0 -999.0 -999.0 -999 -999 "" "" "" "" 0 0 0.0 0.0 -999 ""
FIBERMAP 486 R-1C9 APOGEE 0 0 0 1 0 0 -89.82548042078885 -32.50176032257825 143.1 40.87460807586453 -86.33736211556351 337.57596 85.891426 -999.0 -999.0 -999.0 -999.0 -999.0 96.44761305076351 -32.4335540592982 96.33548264206763 -32.447262591336035 38.01124093879248 110.19200758678653 -999.0 16600.0 -999.0 2 279 {-999.0 -999.0 -999.0 -999.0 -999.0} "" -999.0 -999.0 -999.0 -999.0 -999 -999 "" "" "" "" 0 0 0.0 0.0 -999 ""
FIBERMAP 486 R-1C9 BOSS 1 1 0 1 0 0 -90.2331776181518 -33.12919272498515 143.1 41.537876604221374 -86.68370974000337 337.57596 85.891426 96.45034790039064 -32.4345789361645 -999.0 -999.0 -999.0 96.45034790039064 -32.4345789361645 96.33789687547137 -32.44835853667259 38.009514448961085 110.19396184995514 5400.0 5400.0 2015.5 1 458 {-999.0 -999.0 -999.0 -999.0 -999.0} "" -999.0 -999.0 -999.0 -999.0 27021603127946213 819170523 "" ops_sky_boss_good ops_sky sky_boss 0 0 0.0 0.0 -999 ""
FIBERMAP 486 R-1C9 METROLOGY 0 0 0 1 0 0 -90.57257538888828 -32.44579873637312 143.1 40.88975782674826 -87.08639245702052 337.57596 85.891426 -999.0 -999.0 -999.0 -999.0 -999.0 96.44793703715443 -32.435836734813115 96.33557175966905 -32.449591151758995 38.011709388276465 110.19490418443675 -999.0 6231.0 -999.0 -1 -999 {-999.0 -999.0 -999.0 -999.0 -999.0} "" -999.0 -999.0 -999.0 -999.0 -999 -999 "" "" "" "" 0 0 0.0 0.0 -999 ""
FIBERMAP 491 R+1C18 APOGEE 1 1 0 1 0 0 104.90617816069312 5.376062520172155 143.1 -15.301693050067458 103.92274174131464 297.3663 105.90653 96.24370301768236 -31.856730905198642 -1.8311657 28.026072 5.5439405 96.24369658263686 -31.85664725176205 96.13380824324895 -31.86995166152036 38.041105558154406 109.42868959032542 16000.0 16600.0 2016.0 2 79 {-999.0 13.392143 12.546454 12.275074 -999.0} sdss_psfmag_from_g3xp 13.134579 12.6098385 11.921992 10.566 63050395078205795 1094024335 bright_1x1 mwm_bin_vis_apogee mwm_filler science 0 0 0.0 0.0 -999 ""
FIBERMAP 491 R+1C18 BOSS 0 0 0 1 0 0 104.36655376765319 4.857685747907439 143.1 -14.734475156845619 103.4347189772042 297.3663 105.90653 -999.0 -999.0 -999.0 -999.0 -999.0 96.24603329961766 -31.857998529924263 96.1358242566115 -31.871374350077755 38.03978262255692 109.43096279212568 -999.0 5400.0 -999.0 1 240 {-999.0 -999.0 -999.0 -999.0 -999.0} "" -999.0 -999.0 -999.0 -999.0 -999 -999 "" "" "" "" 0 0 0.0 0.0 -999 ""
FIBERMAP 491 R+1C18 METROLOGY 0 0 0 1 0 0 104.19316913554923 5.592134514450496 143.1 -15.449163883019681 103.19245770049092 297.3663 105.90653 -999.0 -999.0 -999.0 -999.0 -999.0 96.24338968997651 -31.858748337279174 96.13326771327166 -31.872098010204546 38.042063707277435 109.43119694473393 -999.0 6231.0 -999.0 -1 -999 {-999.0 -999.0 -999.0 -999.0 -999.0} "" -999.0 -999.0 -999.0 -999.0 -999 -999 "" "" "" "" 0 0 0.0 0.0 -999 ""
FIBERMAP 492 R-4C12 APOGEE 0 0 0 1 0 0 21.202644973641814 -83.16250112534851 143.1 80.77613137680926 28.99454144870233 55.50833 26.21522 -999.0 -999.0 -999.0 -999.0 -999.0 96.58877551769223 -32.08278224432031 96.47789340257782 -32.09698844363301 37.81178707854532 109.7964178480346 -999.0 16600.0 -999.0 2 -999 {-999.0 -999.0 -999.0 -999.0 -999.0} "" -999.0 -999.0 -999.0 -999.0 -999 -999 "" "" "" "" 0 0 0.0 0.0 -999 ""
FIBERMAP 492 R-4C12 BOSS 1 1 0 1 0 0 21.108713923159872 -83.91508192841992 143.1 81.53422403015132 28.972413434910354 55.50833 26.21522 96.59187538675411 -32.082751073530474 -3.3864462 -0.43358982 0.61085117 96.59186345682556 -32.08275236772764 96.480664110121 -32.09703289729337 37.80951795148816 109.79717964988377 5400.0 5400.0 2016.0 1 408 {-999.0 16.562464 16.073278 15.910671 -999.0} sdss_psfmag_gaia 16.465134 16.106869 15.581113 14.573 63050395078140236 944778474 bright_1x1 openfibertargets_nov2020_6c open_fiber science 0 0 0.0 0.0 -999 ""
FIBERMAP 492 R-4C12 METROLOGY 0 0 0 1 0 0 20.514189651745156 -83.45495195292173 143.1 81.13255911190774 28.33693146977167 55.50833 26.21522 -999.0 -999.0 -999.0 -999.0 -999.0 96.59035761544123 -32.08470520588759 96.4792410455808 -32.098962322395245 37.811148036373815 109.79918846193084 -999.0 6231.0 -999.0 -1 -999 {-999.0 -999.0 -999.0 -999.0 -999.0} "" -999.0 -999.0 -999.0 -999.0 -999 -999 "" "" "" "" 0 0 0.0 0.0 -999 ""
FIBERMAP 494 R+10C13 APOGEE 0 0 0 1 0 0 75.40397831499052 199.08962757941356 143.1 -205.34269065127702 56.1808183308116 174.91425 101.03607 -999.0 -999.0 -999.0 -999.0 -999.0 95.56520954163902 -32.001705253987794 95.45508682053014 -32.013066871271896 38.63456475760667 109.43294160287326 -999.0 16600.0 -999.0 2 -999 {-999.0 -999.0 -999.0 -999.0 -999.0} "" -999.0 -999.0 -999.0 -999.0 -999 -999 "" "" "" "" 0 0 0.0 0.0 -999 ""
FIBERMAP 494 R+10C13 BOSS 1 1 0 1 0 0 75.30023912090121 199.83634117924095 143.1 -206.07619441691426 56.00672485038909 174.91425 101.03607 95.56283874936918 -32.00207629645692 3.1859534 -25.206661 0.6456814 95.56284996311437 -32.00215153439439 95.45241976700412 -32.01356871070633 38.63688095636411 109.43289299317159 5400.0 5400.0 2016.0 1 103 {-999.0 17.028479 16.431787 16.224358 -999.0} sdss_psfmag_gaia 16.894682 16.472603 15.896628 14.794 63050395078201847 1072999362 bright_1x1 mwm_halo_local_high_boss_single mwm_halo science 0 0 0.0 0.0 -999 ""
FIBERMAP 494 R+10C13 METROLOGY 0 0 0 1 0 0 75.99814165655084 199.54401523367144 143.1 -205.851381053115 56.72920294931811 174.91425 101.03607 -999.0 -999.0 -999.0 -999.0 -999.0 95.56354022501567 -31.999974711181142 95.45320459167652 -32.01137679881196 38.63572382645262 109.43036205724755 -999.0 6231.0 -999.0 -1 -999 {-999.0 -999.0 -999.0 -999.0 -999.0} "" -999.0 -999.0 -999.0 -999.0 -999 -999 "" "" "" "" 0 0 0.0 0.0 -999 ""
FIBERMAP 496 R-9C5 APOGEE 0 0 1 1 0 0 -99.41147875205691 -167.1585754383318 143.1 175.83278103185575 -83.10847270592907 10.023541 169.97496 -999.0 -999.0 -999.0 -999.0 -999.0 96.93198008268574 -32.420483662684475 96.81968724704149 -32.435554539275856 37.61122850465636 110.29876403111138 -999.0 16600.0 -999.0 2 268 {-999.0 -999.0 -999.0 -999.0 -999.0} "" -999.0 -999.0 -999.0 -999.0 -999 -999 "" "" "" "" 0 0 0.0 0.0 -999 ""
FIBERMAP 496 R-9C5 BOSS 1 0 1 1 0 0 -98.65900842236357 -167.20436993819837 143.1 175.80700025842083 -82.35505557114605 10.023541 169.97496 96.99450107095625 -32.458641282828964 8.058595 -3.036127 1.3694623 96.93224997598162 -32.41816068192747 96.81964588220228 -32.433298531242286 37.61073021212613 110.29598614303563 5400.0 5400.0 2016.0 1 364 {-999.0 14.824142 14.253468 14.08687 -999.0} sdss_psfmag_from_g3xp 14.692687 14.302787 13.75035 12.759 63050395078132838 1095971591 bright_1x1 mwm_bin_vis_boss mwm_filler science 0 0 0.0 0.0 -999 ""
FIBERMAP 496 R-9C5 METROLOGY 0 0 1 1 0 0 -99.07648459450657 -167.83729011749733 143.1 176.4766592856858 -82.71061753673955 10.023541 169.97496 -999.0 -999.0 -999.0 -999.0 -999.0 96.93459330232854 -32.41924509829626 96.82207475378124 -32.43437063804465 37.608991025990726 110.29791182001372 -999.0 6231.0 -999.0 -1 -999 {-999.0 -999.0 -999.0 -999.0 -999.0} "" -999.0 -999.0 -999.0 -999.0 -999 -999 "" "" "" "" 0 0 0.0 0.0 -999 ""
FIBERMAP 499 R+7C3 APOGEE 1 1 0 1 0 0 -173.52743101012666 115.61424610078691 143.1 -98.63404331269193 -183.70965045510582 314.37854 43.041584 95.94626818402101 -32.728865445442345 21.580383 -51.175175 2.8590996 95.94634475466786 -32.72901819530475 95.83332340255981 -32.74123716652529 38.49039866314604 110.43300612906488 16000.0 16600.0 2016.0 2 17 {-999.0 12.129192 11.640894 11.434587 -999.0} sdss_psfmag_from_g3xp 12.02389 11.677928 11.096052 10.074 63050395078126447 1103557919 bright_1x1 mwm_tess_2min_apogee mwm_planet science 0 0 0.0 0.0 -999 ""
FIBERMAP 499 R+7C3 BOSS 0 0 0 1 0 0 -174.25230337455926 115.65792946738249 143.1 -98.60877848328087 -184.43539396829752 314.37854 43.041584 -999.0 -999.0 -999.0 -999.0 -999.0 95.94672513042914 -32.73119134460781 95.8333826026257 -32.74347140877892 38.490853838103355 110.43580148468305 -999.0 5400.0 -999.0 1 27 {-999.0 -999.0 -999.0 -999.0 -999.0} "" -999.0 -999.0 -999.0 -999.0 -999 -999 "" "" "" "" 0 0 0.0 0.0 -999 ""
FIBERMAP 499 R+7C3 METROLOGY 0 0 0 1 0 0 -173.83160446364266 116.29875162940057 143.1 -99.28660948704369 -184.07737328009782 314.37854 43.041584 -999.0 -999.0 -999.0 -999.0 -999.0 95.94417774419021 -32.73015095386226 95.83092866238223 -32.74240698390842 38.49262476289096 110.43388205045017 -999.0 6231.0 -999.0 -1 -999 {-999.0 -999.0 -999.0 -999.0 -999.0} "" -999.0 -999.0 -999.0 -999.0 -999 -999 "" "" "" "" 0 0 0.0 0.0 -999 ""
FIBERMAP 500 R-7C10 APOGEE 0 0 0 1 0 0 -7.647991373098561 -150.12564638218714 143.1 150.17336727080203 6.625300134369848 294.90213 105.519165 -999.0 -999.0 -999.0 -999.0 -999.0 96.83768554548277 -32.14920771014385 96.72644708077291 -32.16409291298881 37.62336616936416 109.94223282879659 -999.0 16600.0 -999.0 2 190 {-999.0 -999.0 -999.0 -999.0 -999.0} "" -999.0 -999.0 -999.0 -999.0 -999 -999 "" "" "" "" 0 0 0.0 0.0 -999 ""
FIBERMAP 500 R-7C10 BOSS 1 1 0 1 0 0 -8.18316949636261 -150.59520295523274 143.1 150.69156362674084 6.13707318487614 294.90213 105.519165 96.83996437417636 -32.150624678411575 -4.383101 6.51161 0.69478416 96.8399489217041 -32.150605242274004 96.72838599229578 -32.1655626890125 37.622123233041336 109.94452955557612 5400.0 5400.0 2016.0 1 388 {-999.0 15.631619 15.1873665 15.043127 -999.0} sdss_psfmag_gaia 15.498756 15.216664 14.66266 -999.0 63050395078139106 944778471 bright_1x1 openfibertargets_nov2020_6c open_fiber science 0 0 0.0 0.0 -999 ""
FIBERMAP 500 R-7C10 METROLOGY 0 0 0 1 0 0 -8.354351653307772 -149.88275912281867 143.1 149.99857161050662 5.89909151441199 294.90213 105.519165 -999.0 -999.0 -999.0 -999.0 -999.0 96.83740857319313 -32.15136267693391 96.72593394665728 -32.166293972540274 37.62431343936418 109.94480054402612 -999.0 6231.0 -999.0 -1 -999 {-999.0 -999.0 -999.0 -999.0 -999.0} "" -999.0 -999.0 -999.0 -999.0 -999 -999 "" "" "" "" 0 0 0.0 0.0 -999 ""
FIBERMAP 502 R+1C22 APOGEE 0 0 0 1 0 0 201.9741230721643 15.34893102454766 143.1 -34.43601982284676 199.60664435521463 333.42435 125.268456 -999.0 -999.0 -999.0 -999.0 -999.0 96.17483231992436 -31.567422197394027 96.06603949680164 -31.580617828428707 38.02749971453773 109.0545270130294 -999.0 16600.0 -999.0 2 81 {-999.0 -999.0 -999.0 -999.0 -999.0} "" -999.0 -999.0 -999.0 -999.0 -999 -999 "" "" "" "" 0 0 0.0 0.0 -999 ""
FIBERMAP 502 R+1C22 BOSS 1 1 0 1 0 0 202.08941191970277 14.591895985072195 143.1 -33.69333664264233 199.79321429860877 333.42435 125.268456 96.17777419581661 -31.566736166068026 -0.17507783 1.5046853 0.86985075 96.17777358248226 -31.566731674817998 96.06867058622792 -31.580002020443462 38.025175902267776 109.05445729823344 5400.0 5400.0 2016.0 1 245 {-999.0 14.6731825 14.28728 14.164331 -999.0} sdss_psfmag_from_g3xp 14.610183 14.303422 13.834098 12.966 63050395078208411 979047391 "" ops_std_boss ops_std standard_boss 0 0 0.0 0.0 -999 ""
FIBERMAP 502 R+1C22 METROLOGY 0 0 0 1 0 0 201.38718934758637 14.879344087058884 143.1 -33.91288444435435 199.06689830598424 333.42435 125.268456 -999.0 -999.0 -999.0 -999.0 -999.0 96.17690209153405 -31.568915425516913 96.06787947286364 -31.58216389571941 38.0263530874711 109.05691301351322 -999.0 6231.0 -999.0 -1 -999 {-999.0 -999.0 -999.0 -999.0 -999.0} "" -999.0 -999.0 -999.0 -999.0 -999 -999 "" "" "" "" 0 0 0.0 0.0 -999 ""
FIBERMAP 504 R+7C15 APOGEE 0 0 0 1 0 0 119.77205164956723 138.28618474764139 143.1 -149.02183093029367 106.11556072733664 51.997204 64.6624 -999.0 -999.0 -999.0 -999.0 -999.0 95.76639737833997 -31.850653777540526 95.6567439371492 -31.862622450582624 38.432954497982905 109.29721328396187 -999.0 16600.0 -999.0 2 -999 {-999.0 -999.0 -999.0 -999.0 -999.0} "" -999.0 -999.0 -999.0 -999.0 -999 -999 "" "" "" "" 0 0 0.0 0.0 -999 ""
FIBERMAP 504 R+7C15 BOSS 1 1 0 1 0 0 120.09710978367808 137.62363232958518 143.1 -148.3930995932134 106.50199180305614 51.997204 64.6624 95.76889893993717 -31.849388879262268 -2.6230605 2.15906 0.31487885 95.7688897227571 -31.849382434805797 95.65893136398219 -31.861422094375712 38.430865988962864 109.29628359603214 5400.0 5400.0 2016.0 1 195 {-999.0 17.117256 16.797758 16.703918 -999.0} sdss_psfmag_gaia 17.131117 16.811403 16.429455 15.495 63050395078202660 976856458 "" ops_std_boss ops_std standard_boss 0 0 0.0 0.0 -999 ""
FIBERMAP 504 R+7C15 METROLOGY 0 0 0 1 0 0 119.35972738163726 137.66209587987325 143.1 -148.36145198641137 105.7642897988306 51.997204 64.6624 -999.0 -999.0 -999.0 -999.0 -999.0 95.7688832848674 -31.851620691851345 95.65900395521328 -31.863641641021303 38.4313295870907 109.29905560087116 -999.0 6231.0 -999.0 -1 -999 {-999.0 -999.0 -999.0 -999.0 -999.0} "" -999.0 -999.0 -999.0 -999.0 -999 -999 "" "" "" "" 0 0 0.0 0.0 -999 ""
FIBERMAP 508 R-3C10 APOGEE 0 0 0 1 0 0 -51.69629665662195 -37.577802543647934 143.1 42.3113490084062 -47.89885049758048 139.59396 39.780975 -999.0 -999.0 -999.0 -999.0 -999.0 96.45219419050835 -32.31688791600826 96.34049895038646 -32.33064308889041 37.979906575458294 110.0493647046901 -999.0 16600.0 -999.0 2 -999 {-999.0 -999.0 -999.0 -999.0 -999.0} "" -999.0 -999.0 -999.0 -999.0 -999 -999 "" "" "" "" 0 0 0.0 0.0 -999 ""
FIBERMAP 508 R-3C10 BOSS 1 1 0 1 0 0 -50.923667485523055 -37.56873319232648 143.1 42.22904005686467 -47.13056911642262 139.59396 39.780975 96.4522423046862 -32.314486453427364 -2.8812373 -11.503861 2.3866563 96.45223212864342 -32.31452079065254 96.34023114665048 -32.32834097514568 37.979587569658364 110.04645804628318 5400.0 5400.0 2016.0 1 494 {-999.0 16.823376 15.43212 14.779416 -999.0} sdss_psfmag_gaia 16.251383 15.341164 14.371214 12.349 63050395078130096 1075851426 bright_1x1 mwm_erosita_stars_boss mwm_erosita science 0 0 0.0 0.0 -999 ""
FIBERMAP 508 R-3C10 METROLOGY 0 0 0 1 0 0 -51.32325319978722 -38.22613640525697 143.1 42.92137477020057 -47.46599927061698 139.59396 39.780975 -999.0 -999.0 -999.0 -999.0 -999.0 96.4546413678206 -32.31555115977237 96.34272400721613 -32.32935958786752 37.97777817576516 110.04834016374977 -999.0 6231.0 -999.0 -1 -999 {-999.0 -999.0 -999.0 -999.0 -999.0} "" -999.0 -999.0 -999.0 -999.0 -999 -999 "" "" "" "" 0 0 0.0 0.0 -999 ""
FIBERMAP 510 R-3C24 APOGEE 1 1 0 1 0 0 257.8552849412923 -36.238360094934066 143.1 11.618322629924648 260.128393732528 164.65941 18.585798 96.33767629197514 -31.384899615783652 48.09732 8.100362 6.8338394 96.33784445987996 -31.384875437361895 96.22964988075364 -31.398581707962446 37.847824157136856 108.87379025903866 16000.0 16600.0 2016.0 2 238 {-999.0 9.502629 9.208147 9.115717 -999.0} sdss_psfmag_from_g3xp 9.470922 9.213405 8.7911215 8.094 63050395078211223 974896893 "" ops_std_apogee ops_std standard_apogee 0 0 0.0 0.0 -999 ""
FIBERMAP 510 R-3C24 BOSS 0 0 0 1 0 0 258.58557813012214 -36.132270300157174 143.1 11.443446564321755 260.8453282635862 164.65941 18.585798 -999.0 -999.0 -999.0 -999.0 -999.0 96.33753006237131 -31.382652079928327 96.22902866576993 -31.396425645831936 37.84780906788102 108.87097854790863 -999.0 5400.0 -999.0 1 348 {-999.0 -999.0 -999.0 -999.0 -999.0} "" -999.0 -999.0 -999.0 -999.0 -999 -999 "" "" "" "" 0 0 0.0 0.0 -999 ""
FIBERMAP 510 R-3C24 METROLOGY 0 0 0 1 0 0 258.29436264215275 -36.82735459061878 143.1 12.163013817344742 260.62135304646904 164.65941 18.585798 -999.0 -999.0 -999.0 -999.0 -999.0 96.33999747676255 -31.38328831453465 96.23158128058435 -31.397049463735193 37.84584993117457 108.87242153649731 -999.0 6231.0 -999.0 -1 -999 {-999.0 -999.0 -999.0 -999.0 -999.0} "" -999.0 -999.0 -999.0 -999.0 -999 -999 "" "" "" "" 0 0 0.0 0.0 -999 ""
FIBERMAP 511 R-1C13 APOGEE 1 1 0 1 0 0 -0.5610959723029154 -3.7094418857035683 143.1 3.745915219073646 -0.206738683010748 97.40721 68.03182 96.31301879882811 -32.17254277853323 -999.0 -999.0 -999.0 96.31301879882811 -32.17254277853323 96.20192431068256 -32.185949645664074 38.059872706322004 109.83592253328025 16000.0 16600.0 2015.5 2 180 {-999.0 -999.0 -999.0 -999.0 -999.0} "" -999.0 -999.0 -999.0 -999.0 27021603127946504 841282113 "" ops_sky_apogee_best ops_sky sky_apogee 0 0 0.0 0.0 -999 ""
FIBERMAP 511 R-1C13 BOSS 0 0 0 1 0 0 0.15658141624877153 -3.901361524962116 143.1 3.8688999451702477 0.5259019019889284 97.40721 68.03182 -999.0 -999.0 -999.0 -999.0 -999.0 96.3137684365238 -32.170250652013756 96.20236817651914 -32.18372456710544 38.05898436413439 109.83328799599767 -999.0 5400.0 -999.0 1 431 {-999.0 -999.0 -999.0 -999.0 -999.0} "" -999.0 -999.0 -999.0 -999.0 -999 -999 "" "" "" "" 0 0 0.0 0.0 -999 ""
FIBERMAP 511 R-1C13 METROLOGY 0 0 0 1 0 0 -0.36833894093282105 -4.430230397722465 143.1 4.4451679639112 0.053511931012723994 97.40721 68.03182 -999.0 -999.0 -999.0 -999.0 -999.0 96.31575442540255 -32.171698209797604 96.2044368399225 -32.18515905647312 38.05761997393148 109.83558160501684 -999.0 6231.0 -999.0 -1 -999 {-999.0 -999.0 -999.0 -999.0 -999.0} "" -999.0 -999.0 -999.0 -999.0 -999 -999 "" "" "" "" 0 0 0.0 0.0 -999 ""
FIBERMAP 512 R+9C8 APOGEE 1 1 0 1 0 0 -36.98390929882101 157.0335725488634 143.1 -152.8169685324797 -51.71092206848302 293.6893 76.66779 95.75128334346581 -32.32917249204113 1.3056079 13.599317 0.82577693 95.75152488090463 -32.32913190020981 95.64009596881499 -32.34092052649772 38.557958896276325 109.88736984801581 16000.0 16600.0 2016.0 2 134 {-999.0 11.172353 9.846192 9.107102 -999.0} sdss_psfmag_from_g3xp 10.658854 9.688187 8.713677 6.654 63050395078193472 996691940 bright_1x1 mwm_bin_gaia_sb_apogee mwm_bin science 0 0 0.7207185626029968 0.0 -999 ""
FIBERMAP 512 R+9C8 BOSS 0 0 0 1 0 0 -37.71256522396983 156.87516445403816 143.1 -152.59016561584363 -52.42126456165157 293.6893 76.66779 -999.0 -999.0 -999.0 -999.0 -999.0 95.75257030756515 -32.33124606657003 95.64082331759869 -32.343098618141255 38.557860544420116 109.89026122132634 -999.0 5400.0 -999.0 1 129 {-999.0 -999.0 -999.0 -999.0 -999.0} "" -999.0 -999.0 -999.0 -999.0 -999 -999 "" "" "" "" 0 0 0.0 0.0 -999 ""
FIBERMAP 512 R+9C8 METROLOGY 0 0 0 1 0 0 -37.4784538917814 157.5928638416192 143.1 -153.32682980035483 -52.25628067987733 293.6893 76.66779 -999.0 -999.0 -999.0 -999.0 -999.0 95.7498240443864 -32.330763550881336 95.63816778684452 -32.342591086070335 38.55992779056722 109.88897117249064 -999.0 6231.0 -999.0 -1 -999 {-999.0 -999.0 -999.0 -999.0 -999.0} "" -999.0 -999.0 -999.0 -999.0 -999 -999 "" "" "" "" 0 0 0.0 0.0 -999 ""
FIBERMAP 513 R+2C25 APOGEE 1 1 0 1 0 0 262.99256293498917 44.83047132521566 143.1 -69.57181763093735 257.55345396445466 85.2177 156.6082 96.05012163868524 -31.393388172867382 -4.2356143 -2.2336488 0.6372293 96.05010682790163 -31.39339483995848 95.94200868530551 -31.406291672654966 38.087769739133535 108.80714233043238 16000.0 16600.0 2016.0 2 108 {-999.0 12.416253 11.599461 11.311768 -999.0} sdss_psfmag_from_g3xp 12.176185 11.643197 10.961143 9.567 63050395078214074 1109908095 bright_1x1 mwm_tess_rgb_apogee mwm_tessrgb science 0 0 0.0 0.0 -999 ""
FIBERMAP 513 R+2C25 BOSS 0 0 0 1 0 0 263.3159896237975 45.4784833925133 143.1 -70.24758023518328 257.8139595799972 85.2177 156.6082 -999.0 -999.0 -999.0 -999.0 -999.0 96.0480254556953 -31.392554429674572 95.93962077091408 -31.405512169641703 38.08955657489582 108.80555111381506 -999.0 5400.0 -999.0 1 184 {-999.0 -999.0 -999.0 -999.0 -999.0} "" -999.0 -999.0 -999.0 -999.0 -999 -999 "" "" "" "" 0 0 0.0 0.0 -999 ""
FIBERMAP 513 R+2C25 METROLOGY 0 0 0 1 0 0 263.73825807383065 44.85202505404888 143.1 -69.6640000296781 258.2937388026728 85.2177 156.6082 -999.0 -999.0 -999.0 -999.0 -999.0 96.04999151002873 -31.391079834195633 95.94167925954162 -31.404024680276198 38.087490261353075 108.80426177139879 -999.0 6231.0 -999.0 -1 -999 {-999.0 -999.0 -999.0 -999.0 -999.0} "" -999.0 -999.0 -999.0 -999.0 -999 -999 "" "" "" "" 0 0 0.0 0.0 -999 ""
FIBERMAP 516 R+10C9 APOGEE 0 0 0 1 0 0 -21.131905088365126 188.31733550675793 143.1 -185.46301259491545 -38.89760259677751 267.25452 24.947504 -999.0 -999.0 -999.0 -999.0 -999.0 95.63485056823309 -32.28997428850548 95.52362061967426 -32.301447596275125 38.644710276562115 109.80931960694255 -999.0 16600.0 -999.0 2 -999 {-999.0 -999.0 -999.0 -999.0 -999.0} "" -999.0 -999.0 -999.0 -999.0 -999 -999 "" "" "" "" 0 0 0.0 0.0 -999 ""
FIBERMAP 516 R+10C9 BOSS 1 1 0 1 0 0 -21.411045573255485 188.9932644598456 143.1 -186.10941517680106 -39.23959199931045 267.25452 24.947504 95.63281214869353 -32.29096315412829 -9.867418 3.3052015 1.0761719 95.63277730770274 -32.29095328861433 95.52123676456917 -32.30248188288845 38.64690868984844 109.8100172097513 5400.0 5400.0 2016.0 1 126 {-999.0 15.544614 15.152321 15.029144 -999.0} sdss_psfmag_gaia 15.476858 15.1757555 14.696468 13.783 63050395078194567 976401420 "" ops_std_boss ops_std standard_boss 0 0 0.0 0.0 -999 ""
FIBERMAP 516 R+10C9 METROLOGY 0 0 0 1 0 0 -20.674139038497866 188.90889992453933 143.1 -186.09532385888764 -38.49801020421912 267.25452 24.947504 -999.0 -999.0 -999.0 -999.0 -999.0 95.63271756570663 -32.28872861040353 95.52127234278544 -32.300240284122964 38.64636552893627 109.8072323560533 -999.0 6231.0 -999.0 -1 -999 {-999.0 -999.0 -999.0 -999.0 -999.0} "" -999.0 -999.0 -999.0 -999.0 -999 -999 "" "" "" "" 0 0 0.0 0.0 -999 ""
FIBERMAP 517 R+13C10 APOGEE 0 0 0 1 0 0 37.1092088170773 254.32856090612555 143.1 -256.7001853542378 12.81973493129109 215.95573 66.107864 -999.0 -999.0 -999.0 -999.0 -999.0 95.38199603541366 -32.13242688783892 95.2714697843428 -32.1432380482908 38.81602600022315 109.54917232548536 -999.0 16600.0 -999.0 2 97 {-999.0 -999.0 -999.0 -999.0 -999.0} "" -999.0 -999.0 -999.0 -999.0 -999 -999 "" "" "" "" 0 0 0.0 0.0 -999 ""
FIBERMAP 517 R+13C10 BOSS 1 1 0 1 0 0 36.99176433153824 255.07182399411334 143.1 -257.4289542957563 12.632325290412043 215.95573 66.107864 95.37970072860413 -32.13292792203521 0.2905678 2.4054396 0.23812835 95.37970175279226 -32.1329207421745 95.26886901192564 -32.14378645894129 38.818295246724546 109.54920809367032 5400.0 5400.0 2016.0 1 171 {-999.0 17.389177 17.056778 16.957747 -999.0} sdss_psfmag_gaia 17.217741 17.07229 16.50206 15.806 63050395078199682 979931543 "" ops_std_boss ops_std standard_boss 0 0 0.0 0.0 -999 ""
FIBERMAP 517 R+13C10 METROLOGY 0 0 0 1 0 0 37.68769273428852 254.79781931903622 143.1 -257.2221922633709 13.351100474208867 215.95573 66.107864 -999.0 -999.0 -999.0 -999.0 -999.0 95.38030920693323 -32.13076414505172 95.26957077624559 -32.14161486916711 38.817218035858886 109.54667068948743 -999.0 6231.0 -999.0 -1 -999 {-999.0 -999.0 -999.0 -999.0 -999.0} "" -999.0 -999.0 -999.0 -999.0 -999 -999 "" "" "" "" 0 0 0.0 0.0 -999 ""
FIBERMAP 519 R-5C15 APOGEE 0 0 0 1 0 0 69.42065468408151 -107.70171094177624 143.1 100.63130279622662 79.32233602085377 237.7192 109.95432 -999.0 -999.0 -999.0 -999.0 -999.0 96.65858241142612 -31.929735221873134 96.54823756708299 -31.944181860155737 37.71732373477723 109.62678153342168 -999.0 16600.0 -999.0 2 -999 {-999.0 -999.0 -999.0 -999.0 -999.0} "" -999.0 -999.0 -999.0 -999.0 -999 -999 "" "" "" "" 0 0 0.0 0.0 -999 ""
FIBERMAP 519 R-5C15 BOSS 1 1 0 1 0 0 68.71752432259495 -107.56238302581586 143.1 100.55929267491695 78.60916489625396 237.7192 109.95432 96.65871097147964 -31.931777713101962 2.3707464 -4.6522927 1.5082618 96.6587193095112 -31.931791599467232 96.54805076718262 -31.946304555902305 37.717987913208525 109.62933810237199 5400.0 5400.0 2016.0 1 281 {-999.0 15.834524 15.080111 14.803491 -999.0} sdss_psfmag_gaia 15.620803 15.123147 14.4558735 13.161 63050395078141240 1095510898 bright_1x1 mwm_bin_vis_boss mwm_filler science 0 0 0.0 0.0 -999 ""
FIBERMAP 519 R-5C15 METROLOGY 0 0 0 1 0 0 69.19323647665043 -106.98912468333104 143.1 99.94350274328347 79.02835863752638 237.7192 109.95432 -999.0 -999.0 -999.0 -999.0 -999.0 96.6564307389735 -31.930542018752938 96.54585701999815 -31.945030051441663 37.719488435133684 109.62720846444341 -999.0 6231.0 -999.0 -1 -999 {-999.0 -999.0 -999.0 -999.0 -999.0} "" -999.0 -999.0 -999.0 -999.0 -999 -999 "" "" "" "" 0 0 0.0 0.0 -999 ""
FIBERMAP 520 R+1C14 APOGEE 1 1 0 1 0 0 -5.717000627997875 17.467301985068705 143.1 -16.846222835623617 -7.347892559891869 214.71205 86.49945 96.23918101736126 -32.19441021253365 -2.7540205 -5.4067807 1.2933338 96.23917130348414 -32.194426350927365 96.12802837003007 -32.207619894325944 38.12574473301428 109.84403694126222 16000.0 16600.0 2016.0 2 121 {-999.0 10.686223 9.823316 9.515844 -999.0} sdss_psfmag_from_g3xp 10.423764 9.866662 9.164772 7.741 63050395078130521 1104430518 bright_1x1 mwm_tess_rgb_apogee mwm_tessrgb science 0 0 0.0 0.0 -999 ""
FIBERMAP 520 R+1C14 BOSS 0 0 0 1 0 0 -6.063707813336219 18.131082797810244 143.1 -17.47412370351637 -7.7559914722650705 214.71205 86.49945 -999.0 -999.0 -999.0 -999.0 -999.0 96.23722105505934 -32.195611368574575 96.12576077833467 -32.20886298950793 38.12790122841129 109.845001624737 -999.0 5400.0 -999.0 1 101 {-999.0 -999.0 -999.0 -999.0 -999.0} "" -999.0 -999.0 -999.0 -999.0 -999 -999 "" "" "" "" 0 0 0.0 0.0 -999 ""
FIBERMAP 520 R+1C14 METROLOGY 0 0 0 1 0 0 -5.314384045287728 18.1025763657082 143.1 -17.51681606965066 -7.007346394272809 214.71205 86.49945 -999.0 -999.0 -999.0 -999.0 -999.0 96.23697033788737 -32.19335630195939 96.12560738313869 -32.20658977131416 38.12749469202863 109.84215363429365 -999.0 6231.0 -999.0 -1 -999 {-999.0 -999.0 -999.0 -999.0 -999.0} "" -999.0 -999.0 -999.0 -999.0 -999 -999 "" "" "" "" 0 0 0.0 0.0 -999 ""
FIBERMAP 521 R+12C7 APOGEE 0 0 0 1 0 0 -36.84062864334117 243.6285355260658 143.1 -239.0346366572985 -59.781446276540535 178.86264 76.49555 -999.0 -999.0 -999.0 -999.0 -999.0 95.44361436663608 -32.352398097943606 95.33223702764064 -32.36331829093279 38.81627418638725 109.83922861999167 -999.0 16600.0 -999.0 2 -999 {-999.0 -999.0 -999.0 -999.0 -999.0} "" -999.0 -999.0 -999.0 -999.0 -999 -999 "" "" "" "" 0 0 0.0 0.0 -999 ""
FIBERMAP 521 R+12C7 BOSS 1 1 0 1 0 0 -36.64830780906582 244.33270224714533 143.1 -239.75386561277242 -59.65678073796041 178.86264 76.49555 95.44130286018057 -32.35198856617706 8.783348 12.625999 11.060707 95.4413338943111 -32.35195087954134 95.3296562016165 -32.36292540427097 38.81830791466282 109.83810190757364 5400.0 5400.0 2016.0 1 162 {-999.0 21.668056 19.83689 16.989992 -999.0} sdss_psfmag_gaia 20.055815 17.697687 16.335129 13.637 63050395078194265 1157777151 bright_1x1 mwm_snc_100pc_bright_boss_single mwm_snc science 0 0 0.0 0.0 -999 ""
FIBERMAP 521 R+12C7 METROLOGY 0 0 0 1 0 0 -36.12010405382003 243.82939003234208 143.1 -239.3029231628096 -59.08322427338018 178.86264 76.49555 -999.0 -999.0 -999.0 -999.0 -999.0 95.44281369721503 -32.35025177094486 95.33122495145255 -32.36121366414969 38.8166285337262 109.83634882319546 -999.0 6231.0 -999.0 -1 -999 {-999.0 -999.0 -999.0 -999.0 -999.0} "" -999.0 -999.0 -999.0 -999.0 -999 -999 "" "" "" "" 0 0 0.0 0.0 -999 ""
FIBERMAP 522 R-4C13 APOGEE 0 0 0 1 0 0 39.750679633827296 -80.29096770970033 143.1 76.15835893818007 47.18649886898719 21.866388 82.948494 -999.0 -999.0 -999.0 -999.0 -999.0 96.5718428622487 -32.027639781378035 96.4611731387514 -32.04181454033917 37.81239901044964 109.72431781220956 -999.0 16600.0 -999.0 2 -999 {-999.0 -999.0 -999.0 -999.0 -999.0} "" -999.0 -999.0 -999.0 -999.0 -999 -999 "" "" "" "" 0 0 0.0 0.0 -999 ""
FIBERMAP 522 R-4C13 BOSS 1 1 0 1 0 0 39.926906584790494 -81.01022858502681 143.1 76.85765874869257 47.43014912864267 21.866388 82.948494 96.57475603929471 -32.02691087388556 -14.284026 39.1025 10.044553 96.57470574963611 -32.026794159031425 96.46372525501589 -32.041043113675784 37.810114121009576 109.72402298754547 5400.0 5400.0 2016.0 1 406 {-999.0 17.00946 15.270263 14.236631 -999.0} sdss_psfmag_gaia 16.173988 14.905978 13.793944 11.732 63050395078140297 1151143606 bright_1x1 mwm_snc_100pc_boss_single mwm_snc science 0 0 0.0 0.0 -999 ""
FIBERMAP 522 R-4C13 METROLOGY 0 0 0 1 0 0 39.221050462449995 -80.81916384526201 143.1 76.73440386709918 46.709357532899844 21.866388 82.948494 -999.0 -999.0 -999.0 -999.0 -999.0 96.57420211402362 -32.02899906974333 96.46329986679166 -32.04322721072298 37.810985429018324 109.72659875936219 -999.0 6231.0 -999.0 -1 -999 {-999.0 -999.0 -999.0 -999.0 -999.0} "" -999.0 -999.0 -999.0 -999.0 -999 -999 "" "" "" "" 0 0 0.0 0.0 -999 ""
FIBERMAP 525 R+2C1 APOGEE 1 1 0 1 0 0 -285.81076182689117 32.38312427998397 143.1 -5.129032914814039 -287.59202883291374 236.69519 76.101036 96.28437478191972 -33.04127898621439 -7.069059 1.4035989 4.6075277 96.28434961123153 -33.04127479668884 96.16999362949238 -33.05435071811078 38.28524046157498 110.90325276664832 16000.0 16600.0 2016.0 2 4 {-999.0 10.385907 10.144016 10.089938 -999.0} sdss_psfmag_from_g3xp 10.371712 10.145568 9.769393 9.203 63050395078119628 974896460 "" ops_std_apogee ops_std standard_apogee 0 0 0.0 0.0 -999 ""
FIBERMAP 525 R+2C1 BOSS 0 0 0 1 0 0 -286.3520665020064 32.915784572966736 143.1 -5.607948401867043 -288.18141061902327 236.69519 76.101036 -999.0 -999.0 -999.0 -999.0 -999.0 96.28294645873817 -33.04294920309762 96.16826781616481 -33.05608128893826 38.28703723541692 110.9049896626662 -999.0 5400.0 -999.0 1 4 {-999.0 -999.0 -999.0 -999.0 -999.0} "" -999.0 -999.0 -999.0 -999.0 -999 -999 "" "" "" "" 0 0 0.0 0.0 -999 ""
FIBERMAP 525 R+2C1 METROLOGY 0 0 0 1 0 0 -285.6034707798736 33.0947528019973 143.1 -5.857109849105047 -287.45316837580225 236.69519 76.101036 -999.0 -999.0 -999.0 -999.0 -999.0 96.2819489530838 -33.040849536341604 96.16736812008185 -33.053962254140124 38.28729842646075 110.90214350518977 -999.0 6231.0 -999.0 -1 -999 {-999.0 -999.0 -999.0 -999.0 -999.0} "" -999.0 -999.0 -999.0 -999.0 -999 -999 "" "" "" "" 0 0 0.0 0.0 -999 ""
FIBERMAP 526 R+6C6 APOGEE 0 0 0 1 0 0 -126.76177280536889 113.8816977909043 143.1 -101.34483624954395 -136.99076486947115 202.84917 103.80871 -999.0 -999.0 -999.0 -999.0 -999.0 95.93630986285615 -32.58783261761346 95.82382535641347 -32.60006406518517 38.466229308327044 110.25504160885237 -999.0 16600.0 -999.0 2 -999 {-999.0 -999.0 -999.0 -999.0 -999.0} "" -999.0 -999.0 -999.0 -999.0 -999 -999 "" "" "" "" 0 0 0.0 0.0 -999 ""
FIBERMAP 526 R+6C6 BOSS 1 1 0 1 0 0 -127.20577840242068 114.4997897629954 143.1 -101.91802617946648 -137.4913896053005 202.84917 103.80871 95.93453162996333 -32.58936041689764 -4.2699594 8.741729 1.1033155 95.93451650312211 -32.589334324204735 95.8217161273931 -32.60162154534237 38.46831369831941 110.25646303284167 5400.0 5400.0 2016.0 1 56 {-999.0 15.56768 14.996183 14.799395 -999.0} sdss_psfmag_gaia 15.434752 15.035703 14.463369 13.441 63050395078126853 1094465094 bright_1x1 mwm_bin_vis_boss mwm_filler science 0 0 0.0 0.0 -999 ""
FIBERMAP 526 R+6C6 METROLOGY 0 0 0 1 0 0 -126.46988013570322 114.57038994723507 143.1 -102.05810444989945 -136.7655092611098 202.84917 103.80871 -999.0 -999.0 -999.0 -999.0 -999.0 95.93390655573192 -32.58717147177326 95.82120245658461 -32.59944025255365 38.4682393956291 110.25362434958646 -999.0 6231.0 -999.0 -1 -999 {-999.0 -999.0 -999.0 -999.0 -999.0} "" -999.0 -999.0 -999.0 -999.0 -999 -999 "" "" "" "" 0 0 0.0 0.0 -999 ""
FIBERMAP 527 R0C23 APOGEE 1 1 0 1 0 0 209.65059370277476 0.007687689427780898 143.1 -19.89210600137684 208.7035145118616 294.37283 162.56807 96.22650146484374 -31.539861623613476 -999.0 -999.0 -999.0 96.22650146484374 -31.539861623613476 96.11778671519811 -31.55321018181247 37.978081038588876 109.03434480527325 16000.0 16600.0 2015.5 2 84 {-999.0 -999.0 -999.0 -999.0 -999.0} "" -999.0 -999.0 -999.0 -999.0 27021603127958617 841285920 "" ops_sky_apogee_best ops_sky sky_apogee 0 0 0.0 0.0 -999 ""
FIBERMAP 527 R0C23 BOSS 0 0 0 1 0 0 209.78656403550312 -0.7126702503694772 143.1 -19.187895912165803 208.9071939210371 294.37283 162.56807 -999.0 -999.0 -999.0 -999.0 -999.0 96.22931027247131 -31.539123592963943 96.12028479949856 -31.552546801900277 37.97585488021565 109.03418394805311 -999.0 5400.0 -999.0 1 257 {-999.0 -999.0 -999.0 -999.0 -999.0} "" -999.0 -999.0 -999.0 -999.0 -999 -999 "" "" "" "" 0 0 0.0 0.0 -999 ""
FIBERMAP 527 R0C23 METROLOGY 0 0 0 1 0 0 209.08273971511935 -0.4676628696256348 143.1 -19.365042648570242 208.1833087293836 294.37283 162.56807 -999.0 -999.0 -999.0 -999.0 -999.0 96.22859365652249 -31.54129532515157 96.11964898603696 -31.55469701970563 37.976902418300725 109.03666331176322 -999.0 6231.0 -999.0 -1 -999 {-999.0 -999.0 -999.0 -999.0 -999.0} "" -999.0 -999.0 -999.0 -999.0 -999 -999 "" "" "" "" 0 0 0.0 0.0 -999 ""
FIBERMAP 529 R-10C15 APOGEE 0 0 0 1 0 0 121.7112582492189 -207.34317878170822 143.1 194.86345727638087 140.82746569932482 264.94006 72.249405 -999.0 -999.0 -999.0 -999.0 -999.0 96.99180444081081 -31.741821293508334 96.88200732091775 -31.757258233639188 37.3969292662583 109.48480872628863 -999.0 16600.0 -999.0 2 228 {-999.0 -999.0 -999.0 -999.0 -999.0} "" -999.0 -999.0 -999.0 -999.0 -999 -999 "" "" "" "" 0 0 0.0 0.0 -999 ""
FIBERMAP 529 R-10C15 BOSS 1 1 0 1 0 0 121.02673760301685 -207.06307827293972 143.1 194.64954495010605 140.11946861466754 264.94006 72.249405 96.99142456054688 -31.743877027111353 -999.0 -999.0 -999.0 96.99142456054688 -31.74387702711135 96.88130087110368 -31.75938083119885 37.39803139162974 109.48721408396922 5400.0 5400.0 2015.5 1 330 {-999.0 -999.0 -999.0 -999.0 -999.0} "" -999.0 -999.0 -999.0 -999.0 27021603127948364 819171005 "" ops_sky_boss_good ops_sky sky_boss 0 0 0.0 0.0 -999 ""
FIBERMAP 529 R-10C15 METROLOGY 0 0 0 1 0 0 121.62158999812368 -206.60688415714355 143.1 194.1389908872356 140.66836784130263 264.94006 72.249405 -999.0 -999.0 -999.0 -999.0 -999.0 96.98953656362677 -31.742225706672457 96.87951021269731 -31.757705272139447 37.39909734446121 109.4846999288963 -999.0 6231.0 -999.0 -1 -999 {-999.0 -999.0 -999.0 -999.0 -999.0} "" -999.0 -999.0 -999.0 -999.0 -999 -999 "" "" "" "" 0 0 0.0 0.0 -999 ""
FIBERMAP 530 R+6C5 APOGEE 1 1 0 1 0 0 -128.83061300972673 109.72421412828604 143.1 -97.00989866074914 -138.65594709187843 263.79187 153.41742 95.95196940669787 -32.592835934493465 -18.436777 -18.658901 5.520578 95.95190408962084 -32.59289162837588 95.83939542161207 -32.60516534821576 38.45461540535392 110.26519305039601 16000.0 16600.0 2016.0 2 30 {-999.0 9.663921 9.485662 9.450903 -999.0} sdss_psfmag_from_g3xp 9.672743 9.4745245 9.131232 8.607 63050395078127006 974896730 "" ops_std_apogee ops_std standard_apogee 0 0 0.0 0.0 -999 ""
FIBERMAP 530 R+6C5 BOSS 0 0 0 1 0 0 -129.21857867319392 109.08952162405181 143.1 -96.34127425296325 -138.98196366007718 263.79187 153.41742 -999.0 -999.0 -999.0 -999.0 -999.0 95.95457982311504 -32.593872115714525 95.84175280457004 -32.60621425201741 38.45291991114082 110.26707381423444 -999.0 5400.0 -999.0 1 50 {-999.0 -999.0 -999.0 -999.0 -999.0} "" -999.0 -999.0 -999.0 -999.0 -999 -999 "" "" "" "" 0 0 0.0 0.0 -999 ""
FIBERMAP 530 R+6C5 METROLOGY 0 0 0 1 0 0 -129.58160546910358 109.74803762224137 143.1 -96.96238622680362 -139.40580917237725 263.79187 153.41742 -999.0 -999.0 -999.0 -999.0 -999.0 95.95224594955299 -32.59518626315835 95.83950333000183 -32.60750411336116 38.455058415363794 110.26812783300045 -999.0 6231.0 -999.0 -1 -999 {-999.0 -999.0 -999.0 -999.0 -999.0} "" -999.0 -999.0 -999.0 -999.0 -999 -999 "" "" "" "" 0 0 0.0 0.0 -999 ""
FIBERMAP 531 R-4C14 APOGEE 0 0 0 1 0 0 27.538833919301997 -74.47443157765326 143.1 71.52631910149739 34.47810336264706 201.81343 79.2654 -999.0 -999.0 -999.0 -999.0 -999.0 96.55552828389132 -32.06629157099201 96.44472213758536 -32.08040931491808 37.8351369315978 109.76756404268534 -999.0 16600.0 -999.0 2 -999 {-999.0 -999.0 -999.0 -999.0 -999.0} "" -999.0 -999.0 -999.0 -999.0 -999 -999 "" "" "" "" 0 0 0.0 0.0 -999 ""
FIBERMAP 531 R-4C14 BOSS 1 1 0 1 0 0 27.36364263294417 -73.7795439796128 143.1 70.85118432046434 34.23779579271524 201.81343 79.2654 96.55348080403105 -32.0669187924735 -0.05395775 -8.742162 0.6608453 96.55348061397906 -32.066944886457854 96.44235734201001 -32.08112228102466 37.83725277073127 109.7678370147094 5400.0 5400.0 2016.0 1 270 {-999.0 15.176754 14.779358 14.645627 -999.0} sdss_psfmag_from_g3xp 15.106452 14.794224 14.315096 13.435 63050395078140222 977728426 "" ops_std_boss ops_std standard_boss 0 0 0.0 0.0 -999 ""
FIBERMAP 531 R-4C14 METROLOGY 0 0 0 1 0 0 28.09175687417816 -73.97067129461468 143.1 70.97239040842354 34.98075097054561 201.81343 79.2654 -999.0 -999.0 -999.0 -999.0 -999.0 96.55381724035378 -32.064702830378494 96.4427914043373 -32.07886323921359 37.836357851232826 109.76516965049615 -999.0 6231.0 -999.0 -1 -999 {-999.0 -999.0 -999.0 -999.0 -999.0} "" -999.0 -999.0 -999.0 -999.0 -999 -999 "" "" "" "" 0 0 0.0 0.0 -999 ""
FIBERMAP 534 R-5C9 APOGEE 1 1 0 1 0 0 -46.68671394730285 -90.60421388864707 143.1 94.62326507717758 -37.88255472580188 18.519308 132.33466 96.63986206054688 -32.28553916274569 -999.0 -999.0 -999.0 96.63986206054688 -32.28553916274569 96.52820164643339 -32.2998297006028 37.81847619864721 110.05863849918052 16000.0 16600.0 2015.5 2 266 {-999.0 -999.0 -999.0 -999.0 -999.0} "" -999.0 -999.0 -999.0 -999.0 27021603127947612 841282367 "" ops_sky_apogee_best ops_sky sky_apogee 0 0 0.0 0.0 -999 ""
FIBERMAP 534 R-5C9 BOSS 0 0 0 1 0 0 -46.041363175430874 -90.96985606626339 143.1 94.92604803574855 -37.20543744733499 18.519308 132.33466 -999.0 -999.0 -999.0 -999.0 -999.0 96.64131345827258 -32.283432187863625 96.52934321290883 -32.29779242427594 37.817058120559466 110.05642023939998 -999.0 5400.0 -999.0 1 361 {-999.0 -999.0 -999.0 -999.0 -999.0} "" -999.0 -999.0 -999.0 -999.0 -999 -999 "" "" "" "" 0 0 0.0 0.0 -999 ""
FIBERMAP 534 R-5C9 METROLOGY 0 0 0 1 0 0 -46.68470576885017 -91.36088309547053 143.1 95.37632825810807 -37.808788807079885 18.519308 132.33466 -999.0 -999.0 -999.0 -999.0 -999.0 96.64286304660986 -32.2852764303185 96.53097505829885 -32.29962205161381 37.816149019940895 110.05908266813287 -999.0 6231.0 -999.0 -1 -999 {-999.0 -999.0 -999.0 -999.0 -999.0} "" -999.0 -999.0 -999.0 -999.0 -999 -999 "" "" "" "" 0 0 0.0 0.0 -999 ""
FIBERMAP 536 R+4C9 APOGEE 1 1 0 1 0 0 -61.03748001174189 95.98792715532805 143.1 -89.76550221637152 -69.8660007072903 116.99311 62.641754 95.97770986389601 -32.384510778247495 -18.13075 5.034383 8.719998 95.97764577959771 -32.38449575138663 95.86591054977556 -32.396901669016536 38.38520471962528 110.01295100396989 16000.0 16600.0 2016.0 2 40 {-999.0 14.797173 13.428422 12.777405 -999.0} sdss_psfmag_from_g3xp 14.246501 13.342777 12.404995 10.581 63050395078195208 1093989551 bright_1x1 mwm_bin_vis_apogee mwm_filler science 0 0 0.0 0.0 -999 ""
FIBERMAP 536 R+4C9 BOSS 0 0 0 1 0 0 -60.28659536745525 95.98563372733078 143.1 -89.83443730506949 -69.11828798894602 116.99311 62.641754 -999.0 -999.0 -999.0 -999.0 -999.0 95.97765336966228 -32.38220136443976 95.86561243311348 -32.3946700765813 38.38493588479411 110.01010661264172 -999.0 5400.0 -999.0 1 66 {-999.0 -999.0 -999.0 -999.0 -999.0} "" -999.0 -999.0 -999.0 -999.0 -999 -999 "" "" "" "" 0 0 0.0 0.0 -999 ""
FIBERMAP 536 R+4C9 METROLOGY 0 0 0 1 0 0 -60.669910547839926 95.33969550808325 143.1 -89.15505902297275 -69.43860845857876 116.99311 62.641754 -999.0 -999.0 -999.0 -999.0 -999.0 95.97999611862608 -32.38319888209003 95.86803862626181 -32.39565624155752 38.38316935789129 110.01193260498258 -999.0 6231.0 -999.0 -1 -999 {-999.0 -999.0 -999.0 -999.0 -999.0} "" -999.0 -999.0 -999.0 -999.0 -999 -999 "" "" "" "" 0 0 0.0 0.0 -999 ""
FIBERMAP 537 R-10C13 APOGEE 0 0 0 1 0 0 110.27079576597384 -200.56924882394503 143.1 189.20518286485134 128.79616677927643 50.491184 30.50487 -999.0 -999.0 -999.0 -999.0 -999.0 96.97227329596146 -31.77827723900066 96.86235036285984 -31.793648646293953 37.422032365534825 109.52408599008771 -999.0 16600.0 -999.0 2 -999 {-999.0 -999.0 -999.0 -999.0 -999.0} "" -999.0 -999.0 -999.0 -999.0 -999 -999 "" "" "" "" 0 0 0.0 0.0 -999 ""
FIBERMAP 537 R-10C13 BOSS 1 1 0 1 0 0 110.10166467547086 -201.3822867239673 143.1 190.03059211437343 128.70491226831663 50.491184 30.50487 96.97556006175681 -31.778443710159713 0.29292387 -0.6975807 -0.5613052 96.97556109027262 -31.778445792328885 96.86531701802343 -31.793894713396497 37.41964739508859 109.52516200549803 5400.0 5400.0 2016.0 1 378 {-999.0 20.348827 20.024458 19.928658 -999.0} sdss_psfmag_gaia 20.040638 20.038815 19.33368 -999.0 63050395078143700 1116443993 bright_1x1 openfibertargets_bhm_quaia_boss open_fiber science 0 0 0.0 0.0 -999 ""
FIBERMAP 537 R-10C13 METROLOGY 0 0 0 1 0 0 109.57562991056552 -200.84536954078916 143.1 189.54599066745936 128.13032771732668 50.491184 30.50487 -999.0 -999.0 -999.0 -999.0 -999.0 96.9738114423484 -31.780190989896127 96.863652098785 -31.795615112910248 37.42143982329173 109.526827363689 -999.0 6231.0 -999.0 -1 -999 {-999.0 -999.0 -999.0 -999.0 -999.0} "" -999.0 -999.0 -999.0 -999.0 -999 -999 "" "" "" "" 0 0 0.0 0.0 -999 ""
FIBERMAP 538 R+13C9 APOGEE 0 0 0 1 0 0 17.201730515282257 257.9865991164381 143.1 -258.4535730959181 -7.344831342167158 191.99788 82.18786 -999.0 -999.0 -999.0 -999.0 -999.0 95.37538202777483 -32.19340488923778 95.26463107621453 -32.20417996984246 38.83563446127026 109.6236096577 -999.0 16600.0 -999.0 2 98 {-999.0 -999.0 -999.0 -999.0 -999.0} "" -999.0 -999.0 -999.0 -999.0 -999 -999 "" "" "" "" 0 0 0.0 0.0 -999 ""
FIBERMAP 538 R+13C9 BOSS 1 1 0 1 0 0 17.163415927614658 258.7202974619922 143.1 -259.1803255986003 -7.452561098232558 191.99788 82.18786 95.37288398848914 -32.19364977683415 1.6139592 -2.4934325 0.71208966 95.3730974360974 -32.193657219339784 95.26204099076391 -32.204486690690544 38.83783813422006 109.62334903136302 5400.0 5400.0 2016.0 1 172 {-999.0 13.562662 13.279986 13.206033 -999.0} sdss_psfmag_from_g3xp 13.53341 13.281677 12.87856 12.254 63050395078198853 946227808 bright_1x1 openfibertargets_nov2020_9 open_fiber science 0 0 0.6329271197319031 0.0 -999 ""
FIBERMAP 538 R+13C9 METROLOGY 0 0 0 1 0 0 17.80575575689588 258.40983706738876 143.1 -258.9321897609293 -6.783674924849365 191.99788 82.18786 -999.0 -999.0 -999.0 -999.0 -999.0 95.37384896162483 -32.19165623877415 95.26288605063223 -32.202471145065644 38.83668072150826 109.62104024666161 -999.0 6231.0 -999.0 -1 -999 {-999.0 -999.0 -999.0 -999.0 -999.0} "" -999.0 -999.0 -999.0 -999.0 -999 -999 "" "" "" "" 0 0 0.0 0.0 -999 ""
FIBERMAP 539 R-12C10 APOGEE 0 0 0 1 0 0 54.10563783307926 -242.39137506867112 143.1 236.1655491391917 76.85118293918055 315.07498 115.50031 -999.0 -999.0 -999.0 -999.0 -999.0 97.14114958665708 -31.934218584557414 97.03057686187009 -31.950018536249488 37.32160687529366 109.75874132959288 -999.0 16600.0 -999.0 2 -999 {-999.0 -999.0 -999.0 -999.0 -999.0} "" -999.0 -999.0 -999.0 -999.0 -999 -999 "" "" "" "" 0 0 0.0 0.0 -999 ""
FIBERMAP 539 R-12C10 BOSS 1 1 0 1 0 0 53.884760475864624 -243.04201578571877 143.1 236.83420216658683 76.6930130698489 315.07498 115.50031 97.14386792468355 -31.93460597064172 0.34104127 0.8955666 0.09749526 97.14386912417915 -31.93460329751565 97.03297297636996 -31.950479096468815 37.31974700735485 109.75992523893821 5400.0 5400.0 2016.0 1 368 {-999.0 15.84664 15.171639 14.930477 -999.0} sdss_psfmag_gaia 15.6651945 15.214866 14.584329 13.311 63050395078141915 1076176788 bright_1x1 mwm_halo_mp_xp_boss_single mwm_halo science 0 0 0.0 0.0 -999 ""
FIBERMAP 539 R-12C10 METROLOGY 0 0 0 1 0 0 53.37507935424725 -242.5519444486997 143.1 236.39468403411777 76.13915146890425 315.07498 115.50031 -999.0 -999.0 -999.0 -999.0 -999.0 97.14229446854348 -31.936296109560136 97.03148360818852 -31.952147619234896 37.32137875896596 109.76157354549403 -999.0 6231.0 -999.0 -1 -999 {-999.0 -999.0 -999.0 -999.0 -999.0} "" -999.0 -999.0 -999.0 -999.0 -999 -999 "" "" "" "" 0 0 0.0 0.0 -999 ""
FIBERMAP 540 R-12C4 APOGEE 0 0 0 1 0 0 -108.24090209151859 -240.7547702977374 143.1 249.9341997936244 -84.91775945590506 255.22096 53.2611 -999.0 -999.0 -999.0 -999.0 -999.0 97.19646816524688 -32.42315375391044 97.08405112881985 -32.438966253855476 37.39526083343024 110.36952297734118 -999.0 16600.0 -999.0 2 -999 {-999.0 -999.0 -999.0 -999.0 -999.0} "" -999.0 -999.0 -999.0 -999.0 -999 -999 "" "" "" "" 0 0 0.0 0.0 -999 ""
FIBERMAP 540 R-12C4 BOSS 1 1 0 1 0 0 -108.72082049106277 -240.18933922652712 143.1 249.41683923062905 -85.4491402270913 255.22096 53.2611 97.1949960994391 -32.42474684996963 -7.8127365 10.5995455 4.71816 97.19496847251534 -32.424715211982594 97.08222561858267 -32.44058958202549 37.39714304745425 110.37104711647224 5400.0 5400.0 2016.0 1 426 {-999.0 18.605537 16.681562 15.225508 -999.0} sdss_psfmag_gaia 17.51913 15.945804 14.722562 12.336 63050395078132319 1075851427 bright_1x1 mwm_erosita_stars_boss mwm_erosita science 0 0 0.0 0.0 -999 ""
FIBERMAP 540 R-12C4 METROLOGY 0 0 0 1 0 0 -107.97045163203882 -240.05737889704247 143.1 249.21430531776014 -84.71467435463785 255.22096 53.2611 -999.0 -999.0 -999.0 -999.0 -999.0 97.19418878612959 -32.42253825983246 97.0815441441901 -32.43839219651658 37.397179692689036 110.36818838916327 -999.0 6231.0 -999.0 -1 -999 {-999.0 -999.0 -999.0 -999.0 -999.0} "" -999.0 -999.0 -999.0 -999.0 -999 -999 "" "" "" "" 0 0 0.0 0.0 -999 ""
FIBERMAP 541 R-13C2 APOGEE 1 1 0 1 0 0 -108.29470200801083 -264.6441686838648 143.1 273.7208655760021 -82.70551030047424 7.065254 61.976192 97.28095191910367 -32.41541460586871 -6.304022 -2.8490531 1.0886811 97.28092962950099 -32.4154231098444 97.16850566747408 -32.43147503013213 37.32424560528739 110.38170243126989 16000.0 16600.0 2016.0 2 155 {-999.0 12.354774 11.651474 11.400406 -999.0} sdss_psfmag_from_g3xp 12.167939 11.692386 11.055279 9.796 63050395078132035 1110013835 bright_1x1 mwm_tess_rgb_apogee mwm_tessrgb science 0 0 0.0 0.0 -999 ""
FIBERMAP 541 R-13C2 BOSS 0 0 0 1 0 0 -108.56336039225731 -265.3606254990624 143.1 274.45956943565267 -82.90500314363376 7.065254 61.976192 -999.0 -999.0 -999.0 -999.0 -999.0 97.28384768523782 -32.41591588812499 97.17109722627055 -32.43204272069701 37.3222564193616 110.38305100956322 -999.0 5400.0 -999.0 1 436 {-999.0 -999.0 -999.0 -999.0 -999.0} "" -999.0 -999.0 -999.0 -999.0 -999 -999 "" "" "" "" 0 0 0.0 0.0 -999 ""
FIBERMAP 541 R-13C2 METROLOGY 0 0 0 1 0 0 -109.02602242300034 -264.77811875614447 143.1 273.9235735874703 -83.42082499390528 7.065254 61.976192 -999.0 -999.0 -999.0 -999.0 -999.0 97.28193875753817 -32.41753377075499 97.16927460288287 -32.433635811331534 37.3241299561445 110.38453585260197 -999.0 6231.0 -999.0 -1 -999 {-999.0 -999.0 -999.0 -999.0 -999.0} "" -999.0 -999.0 -999.0 -999.0 -999 -999 "" "" "" "" 0 0 0.0 0.0 -999 ""
FIBERMAP 542 R+1C25 APOGEE 0 0 0 1 0 0 247.0499169754831 34.29607574529736 143.1 -57.57288258407418 242.68191404724658 163.70668 73.05276 -999.0 -999.0 -999.0 -999.0 -999.0 96.09259284287111 -31.43794435324198 95.98431212517181 -31.45094725753126 38.06362647669787 108.87332434814465 -999.0 16600.0 -999.0 2 -999 {-999.0 -999.0 -999.0 -999.0 -999.0} "" -999.0 -999.0 -999.0 -999.0 -999 -999 "" "" "" "" 0 0 0.0 0.0 -999 ""
FIBERMAP 542 R+1C25 BOSS 1 1 0 1 0 0 247.45922796771268 34.943228558954054 143.1 -58.255935568412845 243.02799778617643 163.70668 73.05276 96.09047597682309 -31.436823429610403 -0.008691902 -0.53798425 1.5499643 96.09047594641581 -31.43682503540917 95.98189008978025 -31.44988882338381 38.06537324620114 108.87138203803401 5400.0 5400.0 2016.0 1 192 {-999.0 21.403605 19.551044 18.303879 -999.0} sdss_psfmag_gaia 20.453331 19.004972 17.849512 15.656 63050395078213934 1095230547 bright_1x1 mwm_bin_vis_boss mwm_filler science 0 0 0.0 0.0 -999 ""
FIBERMAP 542 R+1C25 METROLOGY 0 0 0 1 0 0 247.79682688135514 34.255779228 143.1 -57.60360914034335 243.42927439773118 163.70668 73.05276 -999.0 -999.0 -999.0 -999.0 -999.0 96.09269094141045 -31.435590812792793 95.98419610532073 -31.448642326069216 38.06316182927253 108.87045416260122 -999.0 6231.0 -999.0 -1 -999 {-999.0 -999.0 -999.0 -999.0 -999.0} "" -999.0 -999.0 -999.0 -999.0 -999 -999 "" "" "" "" 0 0 0.0 0.0 -999 ""
FIBERMAP 545 R-11C6 APOGEE 0 0 0 1 0 0 -74.46527988207464 -208.7248074037257 143.1 214.84534636835826 -54.33250194823391 209.42552 65.25752 -999.0 -999.0 -999.0 -999.0 -999.0 97.0704951063755 -32.33201029547147 96.95847347008726 -32.34749567730691 37.476510965545344 110.2258801850798 -999.0 16600.0 -999.0 2 171 {-999.0 -999.0 -999.0 -999.0 -999.0} "" -999.0 -999.0 -999.0 -999.0 -999 -999 "" "" "" "" 0 0 0.0 0.0 -999 ""
FIBERMAP 545 R-11C6 BOSS 1 1 0 1 0 0 -74.54686528817597 -208.00079971142554 143.1 214.1323448260859 -54.4823880842942 209.42552 65.25752 97.06832885742186 -32.33243261153278 -999.0 -999.0 -999.0 97.06832885742186 -32.33243261153278 96.95598571845196 -32.34797818898563 37.478667144172626 110.22584068853645 5400.0 5400.0 2015.5 1 413 {-999.0 -999.0 -999.0 -999.0 -999.0} "" -999.0 -999.0 -999.0 -999.0 27021603127946928 819170678 "" ops_sky_boss_good ops_sky sky_boss 0 0 0.0 0.0 -999 ""
FIBERMAP 545 R-11C6 METROLOGY 0 0 0 1 0 0 -73.86442957527926 -208.27565186515963 143.1 214.34123023499825 -53.77696430547936 209.42552 65.25752 -999.0 -999.0 -999.0 -999.0 -999.0 97.0689983781393 -32.33031619645433 96.95675375424031 -32.34584546140021 37.47752949528973 110.22342492196384 -999.0 6231.0 -999.0 -1 -999 {-999.0 -999.0 -999.0 -999.0 -999.0} "" -999.0 -999.0 -999.0 -999.0 -999 -999 "" "" "" "" 0 0 0.0 0.0 -999 ""
FIBERMAP 549 R+8C4 APOGEE 0 0 0 1 0 0 -139.6768341861055 161.9393922264446 143.1 -147.96066339898195 -154.40559313065066 75.06515 158.6291 -999.0 -999.0 -999.0 -999.0 -999.0 95.76891576287836 -32.64005513970966 95.6563089214028 -32.651802936315946 38.615362896834746 110.27864041687013 -999.0 16600.0 -999.0 2 -999 {-999.0 -999.0 -999.0 -999.0 -999.0} "" -999.0 -999.0 -999.0 -999.0 -999 -999 "" "" "" "" 0 0 0.0 0.0 -999 ""
FIBERMAP 549 R+8C4 BOSS 1 1 0 1 0 0 -139.3030139283359 162.52887028322442 143.1 -148.58293582396817 -154.08936972165606 75.06515 158.6291 95.76684579671067 -32.63897817072674 29.604189 -29.173365 2.016144 95.76695073134867 -32.6390652486098 95.65403915108463 -32.65086827445913 38.6170140494327 110.27692349282194 5400.0 5400.0 2016.0 1 58 {-999.0 14.832954 14.191945 13.972976 -999.0} sdss_psfmag_from_g3xp 14.671788 14.236684 13.617711 12.385 63050395078192089 1096064060 bright_1x1 mwm_bin_vis_boss mwm_filler science 0 0 0.0 0.0 -999 ""
FIBERMAP 549 R+8C4 METROLOGY 0 0 0 1 0 0 -138.932727266473 161.86321408685643 143.1 -147.9554044492896 -153.65761989704885 75.06515 158.6291 -999.0 -999.0 -999.0 -999.0 -999.0 95.76908846990142 -32.637809289740034 95.65626782419793 -32.64960152297624 38.61490020133202 110.27588556732334 -999.0 6231.0 -999.0 -1 -999 {-999.0 -999.0 -999.0 -999.0 -999.0} "" -999.0 -999.0 -999.0 -999.0 -999 -999 "" "" "" "" 0 0 0.0 0.0 -999 ""
FIBERMAP 551 R-1C12 APOGEE 0 0 0 1 0 0 -15.504415088065716 -16.968866429214074 143.1 18.36279678077252 -13.825005433491567 45.089653 73.38832 -999.0 -999.0 -999.0 -999.0 -999.0 96.36566779972965 -32.21374178968326 96.25439623614034 -32.227284295353044 38.026432223700795 109.90018681847215 -999.0 16600.0 -999.0 2 -999 {-999.0 -999.0 -999.0 -999.0 -999.0} "" -999.0 -999.0 -999.0 -999.0 -999 -999 "" "" "" "" 0 0 0.0 0.0 -999 ""
FIBERMAP 551 R-1C12 BOSS 1 1 0 1 0 0 -15.142603937702532 -17.635306156604177 143.1 18.991912015308944 -13.401618547907773 45.089653 73.38832 96.36788886990016 -32.21234493998016 -1.5734642 -15.685979 4.187949 96.36824885775846 -32.21239176017158 96.25666811937546 -32.226006242615156 38.02426390700118 109.89918295582412 5400.0 5400.0 2016.0 1 507 {-999.0 12.683081 11.997452 11.771951 -999.0} sdss_psfmag_from_g3xp 12.506008 12.049876 11.429274 10.226 63050395078130572 996795464 bright_1x1 mwm_bin_gaia_sb_boss mwm_bin science 0 0 1.1133880615234375 0.0 -999 ""
FIBERMAP 551 R-1C12 METROLOGY 0 0 0 1 0 0 -15.888511535668545 -17.61071386882491 143.1 19.03817684858356 -14.146491636523937 45.089653 73.38832 -999.0 -999.0 -999.0 -999.0 -999.0 96.36833911205063 -32.21467363133974 96.2568375167964 -32.22826943194913 38.024656276998584 109.90201828098327 -999.0 6231.0 -999.0 -1 -999 {-999.0 -999.0 -999.0 -999.0 -999.0} "" -999.0 -999.0 -999.0 -999.0 -999 -999 "" "" "" "" 0 0 0.0 0.0 -999 ""
FIBERMAP 553 R+3C6 APOGEE 0 0 0 1 0 0 -155.00228398276892 76.67663847329067 143.1 -61.629227838468005 -161.57506096343494 175.81892 44.738598 -999.0 -999.0 -999.0 -999.0 -999.0 96.07938592275009 -32.662280566312404 95.96655686416716 -32.67489126199536 38.36618371299901 110.38290467930736 -999.0 16600.0 -999.0 2 -999 {-999.0 -999.0 -999.0 -999.0 -999.0} "" -999.0 -999.0 -999.0 -999.0 -999 -999 "" "" "" "" 0 0 0.0 0.0 -999 ""
FIBERMAP 553 R+3C6 BOSS 1 1 0 1 0 0 -154.43872922777908 77.1545133777234 143.1 -62.158396378268776 -161.05937443040014 175.81892 44.738598 96.0776281632384 -32.66069025120327 37.454517 -9.972377 0.96183383 96.07776095620724 -32.66072001711712 95.9646260859466 -32.673388057010605 38.367424908142794 110.38056658387741 5400.0 5400.0 2016.0 1 40 {-999.0 16.924522 16.28744 16.062744 -999.0} sdss_psfmag_gaia 16.75627 16.32981 15.715494 14.491 63050395078126562 1072959746 bright_1x1 mwm_halo_local_high_boss_single mwm_halo science 0 0 0.0 0.0 -999 ""
FIBERMAP 553 R+3C6 METROLOGY 0 0 0 1 0 0 -154.29689650475646 76.42778766927484 143.1 -61.448403286518214 -160.84925513805956 175.81892 44.738598 -999.0 -999.0 -999.0 -999.0 -999.0 96.08021900194697 -32.66012199276233 95.96717356435096 -32.67277967704647 38.365198346019476 110.38043246061511 -999.0 6231.0 -999.0 -1 -999 {-999.0 -999.0 -999.0 -999.0 -999.0} "" -999.0 -999.0 -999.0 -999.0 -999 -999 "" "" "" "" 0 0 0.0 0.0 -999 ""
FIBERMAP 555 R-12C1 APOGEE 0 0 0 1 0 0 -156.0592454534963 -253.71715434281833 143.1 267.3734356923086 -131.2908275977348 331.2863 43.626736 -999.0 -999.0 -999.0 -999.0 -999.0 97.25991147653349 -32.56234809549297 97.14694491601807 -32.57829822082285 37.37673935614155 110.55570166303971 -999.0 16600.0 -999.0 2 249 {-999.0 -999.0 -999.0 -999.0 -999.0} "" -999.0 -999.0 -999.0 -999.0 -999 -999 "" "" "" "" 0 0 0.0 0.0 -999 ""
FIBERMAP 555 R-12C1 BOSS 1 1 0 1 0 0 -156.77794701966397 -253.89964354481666 143.1 267.62326688752114 -131.98897667632156 331.2863 43.626736 97.26109052451935 -32.564354361807446 0.15875605 0.4691235 0.19858101 97.26109108677494 -32.56435296154719 97.14779353902527 -32.58037199055247 37.37653440125792 110.55844998844822 5400.0 5400.0 2016.0 1 517 {-999.0 19.342623 19.123991 19.070856 -999.0} sdss_psfmag_gaia 19.318985 19.12112 18.728168 -999.0 63050395078131690 1116443916 bright_1x1 openfibertargets_bhm_quaia_boss open_fiber science 0 0 0.0 0.0 -999 ""
FIBERMAP 555 R-12C1 METROLOGY 0 0 0 1 0 0 -156.5849148490644 -253.18550520775767 143.1 266.8940438601597 -131.86454877703926 331.2863 43.626736 -999.0 -999.0 -999.0 -999.0 -999.0 97.25847175408781 -32.564060394004514 97.14526788331733 -32.5800533938341 37.37852710702923 110.55742783134542 -999.0 6231.0 -999.0 -1 -999 {-999.0 -999.0 -999.0 -999.0 -999.0} "" -999.0 -999.0 -999.0 -999.0 -999 -999 "" "" "" "" 0 0 0.0 0.0 -999 ""
FIBERMAP 557 R+4C13 APOGEE 0 0 0 1 0 0 20.968445539401955 94.18231358097998 143.1 -95.74594680254778 11.941009722911373 119.7402 88.660995 -999.0 -999.0 -999.0 -999.0 -999.0 95.9560853925806 -32.136202644960164 95.84528548196471 -32.14861985307053 38.344625984522295 109.69976176199177 -999.0 16600.0 -999.0 2 -999 {-999.0 -999.0 -999.0 -999.0 -999.0} "" -999.0 -999.0 -999.0 -999.0 -999 -999 "" "" "" "" 0 0 0.0 0.0 -999 ""
FIBERMAP 557 R+4C13 BOSS 1 1 0 1 0 0 21.61646247043462 94.5567824545609 143.1 -96.180186952517 12.550584790114907 119.7402 88.660995 95.95477849851336 -32.13429492453623 -0.76677185 4.548318 1.658484 95.95477579576938 -32.134281348519224 95.84367347336587 -32.14675859836974 38.34551892288361 109.69704803293058 5400.0 5400.0 2016.0 1 112 {-999.0 15.666871 14.9455805 14.678452 -999.0} sdss_psfmag_from_g3xp 15.47033 14.979344 14.329607 13.004 63050395078195965 1075888104 bright_1x1 mwm_erosita_stars_boss mwm_erosita science 0 0 0.0 0.0 -999 ""
FIBERMAP 557 R+4C13 METROLOGY 0 0 0 1 0 0 21.613792611804303 93.80412662597251 143.1 -95.43067534207017 12.619313136543449 119.7402 88.660995 -999.0 -999.0 -999.0 -999.0 -999.0 95.95736335480241 -32.134089080313686 95.84634804716353 -32.14655573102125 38.343269530588834 109.6974702656226 -999.0 6231.0 -999.0 -1 -999 {-999.0 -999.0 -999.0 -999.0 -999.0} "" -999.0 -999.0 -999.0 -999.0 -999 -999 "" "" "" "" 0 0 0.0 0.0 -999 ""
FIBERMAP 558 R+4C15 APOGEE 1 1 0 1 0 0 79.94221220933701 77.53687159193454 143.1 -84.76904829914537 72.22732064762944 357.88654 120.091675 95.99543016294008 -31.95321201929079 0.35709298 -2.7952714 0.748966 95.99543141914653 -31.95322036273834 95.88529478829633 -31.96580085090456 38.26876770497151 109.48342663967969 16000.0 16600.0 2016.0 2 67 {-999.0 12.138358 11.238751 10.927693 -999.0} sdss_psfmag_from_g3xp 11.8578415 11.286114 10.574425 9.097 63050395078197836 1109772149 bright_1x1 mwm_tess_rgb_apogee mwm_tessrgb science 0 0 0.0 0.0 -999 ""
FIBERMAP 558 R+4C15 BOSS 0 0 0 1 0 0 80.30670755595149 76.90629957974318 143.1 -84.17589345953702 72.64997771534614 357.88654 120.091675 -999.0 -999.0 -999.0 -999.0 -999.0 95.99781032241899 -31.951832253253272 95.88736667973149 -31.964483834748815 38.26674879867595 109.48232484931805 -999.0 5400.0 -999.0 1 220 {-999.0 -999.0 -999.0 -999.0 -999.0} "" -999.0 -999.0 -999.0 -999.0 -999 -999 "" "" "" "" 0 0 0.0 0.0 -999 ""
FIBERMAP 558 R+4C15 METROLOGY 0 0 0 1 0 0 79.5663481505117 76.89643498638661 143.1 -84.09585350348532 71.9138958613563 357.88654 120.091675 -999.0 -999.0 -999.0 -999.0 -999.0 95.99799763282168 -31.954076329003797 95.88763365262747 -31.96670963159945 38.26705392879143 109.48514778765241 -999.0 6231.0 -999.0 -1 -999 {-999.0 -999.0 -999.0 -999.0 -999.0} "" -999.0 -999.0 -999.0 -999.0 -999 -999 "" "" "" "" 0 0 0.0 0.0 -999 ""
FIBERMAP 560 R+6C18 APOGEE 0 0 0 1 0 0 144.92216882144555 128.39658581336386 143.1 -141.5622529971967 132.0901375285346 162.96942 86.12523 -999.0 -999.0 -999.0 -999.0 -999.0 95.79328672386688 -31.772044318264648 95.68391192535626 -31.784111125804802 38.39196007047746 109.20682275687855 -999.0 16600.0 -999.0 2 -999 {-999.0 -999.0 -999.0 -999.0 -999.0} "" -999.0 -999.0 -999.0 -999.0 -999 -999 "" "" "" "" 0 0 0.0 0.0 -999 ""
FIBERMAP 560 R+6C18 BOSS 1 1 0 1 0 0 145.18278406475562 129.08877188350698 143.1 -142.27603281129467 132.28392551231366 162.96942 86.12523 95.79101807917036 -31.771366968328348 -2.902688 3.943529 1.4866102 95.79100788801837 -31.771355197511514 95.68132849608938 -31.783479870431563 38.39394389021415 109.20537609111275 5400.0 5400.0 2016.0 1 211 {-999.0 16.019331 15.249348 14.965605 -999.0} sdss_psfmag_gaia 15.801874 15.29202 14.620432 13.279 63050395078202753 1095293774 bright_1x1 mwm_bin_vis_boss mwm_filler science 0 0 0.0 0.0 -999 ""
FIBERMAP 560 R+6C18 METROLOGY 0 0 0 1 0 0 145.66036644774715 128.51726091982235 143.1 -141.75239823901308 132.81355746311698 162.96942 86.12523 -999.0 -999.0 -999.0 -999.0 -999.0 95.7927687226514 -31.769752615601206 95.68318139869547 -31.78186453260189 38.39203074395741 109.20385028408418 -999.0 6231.0 -999.0 -1 -999 {-999.0 -999.0 -999.0 -999.0 -999.0} "" -999.0 -999.0 -999.0 -999.0 -999 -999 "" "" "" "" 0 0 0.0 0.0 -999 ""
FIBERMAP 562 R+5C17 APOGEE 0 0 0 1 0 0 111.39179672224984 92.26025542862574 143.1 -102.40882888800563 102.13849430187338 199.20207 119.584656 -999.0 -999.0 -999.0 -999.0 -999.0 95.93252201424221 -31.862601684309713 95.8227493183872 -31.875032224228125 38.298898117518675 109.35508214723484 -999.0 16600.0 -999.0 2 -999 {-999.0 -999.0 -999.0 -999.0 -999.0} "" -999.0 -999.0 -999.0 -999.0 -999 -999 "" "" "" "" 0 0 0.0 0.0 -999 ""
FIBERMAP 562 R+5C17 BOSS 1 1 0 1 0 0 110.80011648902129 92.80170858386653 143.1 -102.89171964283189 101.49813038486487 199.20207 119.584656 95.93105805654342 -31.864441463462168 -2.3860688 3.18607 0.33366603 95.93104967076037 -31.864431953541786 95.82096094267136 -31.876921990813756 38.300821019294524 109.35696361717363 5400.0 5400.0 2016.0 1 214 {-999.0 16.75899 16.387594 16.272854 -999.0} sdss_psfmag_gaia 16.705818 16.408405 15.947941 15.065 63050395078198408 976856392 "" ops_std_boss ops_std standard_boss 0 0 0.0 0.0 -999 ""
FIBERMAP 562 R+5C17 METROLOGY 0 0 0 1 0 0 111.52415176091289 92.99644858299258 143.1 -103.15425221476153 102.20042715797402 199.20207 119.584656 -999.0 -999.0 -999.0 -999.0 -999.0 95.93001581437225 -31.86231221903792 95.82002312646262 -31.874781796358185 38.301088114138196 109.35407374032593 -999.0 6231.0 -999.0 -1 -999 {-999.0 -999.0 -999.0 -999.0 -999.0} "" -999.0 -999.0 -999.0 -999.0 -999 -999 "" "" "" "" 0 0 0.0 0.0 -999 ""
FIBERMAP 563 R-1C20 APOGEE 0 0 0 1 0 0 168.06046732445122 -20.371916291840794 143.1 4.340149481408994 169.23404082521543 65.927635 28.485777 -999.0 -999.0 -999.0 -999.0 -999.0 96.31313392433509 -31.65874921791372 96.20394318354033 -31.67230597352702 37.93574272358185 109.20343325702487 -999.0 16600.0 -999.0 2 226 {-999.0 -999.0 -999.0 -999.0 -999.0} "" -999.0 -999.0 -999.0 -999.0 -999 -999 "" "" "" "" 0 0 0.0 0.0 -999 ""
FIBERMAP 563 R-1C20 BOSS 1 1 0 1 0 0 168.08645930720118 -21.103141219281028 143.1 5.0656084766728915 169.32926900683174 65.927635 28.485777 96.31603887959898 -31.658323748722164 -1.7385933 0.7605851 0.28225714 96.31603278294618 -31.658321478494464 96.20652938000794 -31.671952875431955 37.93352165689083 109.20367344993632 5400.0 5400.0 2016.0 1 325 {-999.0 17.447527 17.057789 16.935646 -999.0} sdss_psfmag_gaia 17.392414 17.080912 16.614773 15.766 63050395078207937 976856550 "" ops_std_boss ops_std standard_boss 0 0 0.0 0.0 -999 ""
FIBERMAP 563 R-1C20 METROLOGY 0 0 0 1 0 0 167.41764994197115 -20.763657840570303 143.1 4.79109118400475 168.63128007472906 65.927635 28.485777 -999.0 -999.0 -999.0 -999.0 -999.0 96.3149748541474 -31.660432505819973 96.20555274003334 -31.67404149549081 37.9348330395347 109.20598829783358 -999.0 6231.0 -999.0 -1 -999 {-999.0 -999.0 -999.0 -999.0 -999.0} "" -999.0 -999.0 -999.0 -999.0 -999 -999 "" "" "" "" 0 0 0.0 0.0 -999 ""
FIBERMAP 564 R+1C4 APOGEE 0 0 0 1 0 0 -226.2877816512475 27.907745217288507 143.1 -6.319352940994354 -227.91326140649332 162.19258 98.472984 -999.0 -999.0 -999.0 -999.0 -999.0 96.27938091179968 -32.862152978717475 96.16570689581465 -32.875266387181334 38.2484921250982 110.67996581125601 -999.0 16600.0 -999.0 2 -999 {-999.0 -999.0 -999.0 -999.0 -999.0} "" -999.0 -999.0 -999.0 -999.0 -999 -999 "" "" "" "" 0 0 0.0 0.0 -999 ""
FIBERMAP 564 R+1C4 BOSS 1 1 0 1 0 0 -226.20175635829594 28.648838946229333 143.1 -7.065260545215977 -227.89791396477122 162.19258 98.472984 96.27701589636756 -32.862101125522706 -3.2225204 3.7604313 0.40092415 96.2770044452266 -32.862089901223435 96.16301698087359 -32.875258007602724 38.25069099826328 110.67930550969655 5400.0 5400.0 2016.0 1 63 {-999.0 16.993618 16.642996 16.536627 -999.0} sdss_psfmag_gaia 16.945475 16.661049 16.210043 15.479 63050395078120258 976855527 "" ops_std_boss ops_std standard_boss 0 0 0.0 0.0 -999 ""
FIBERMAP 564 R+1C4 METROLOGY 0 0 0 1 0 0 -225.60075454514524 28.203535636803437 143.1 -6.678969733221879 -227.2573899423446 162.19258 98.472984 -999.0 -999.0 -999.0 -999.0 -999.0 96.27830004280413 -32.86021201691853 96.16440819380824 -32.873366916871134 38.24912549859375 110.67729586483125 -999.0 6231.0 -999.0 -1 -999 {-999.0 -999.0 -999.0 -999.0 -999.0} "" -999.0 -999.0 -999.0 -999.0 -999 -999 "" "" "" "" 0 0 0.0 0.0 -999 ""
FIBERMAP 568 R-13C13 APOGEE 1 1 0 1 0 0 130.7663286684709 -237.1011317413428 143.1 223.62825033703493 152.66407534914035 92.24129 86.667404 97.0930503393379 -31.705542587664354 0.8318109 2.5419576 0.13874494 97.09305325769833 -31.70553500031875 96.9833455056907 -31.72126694131057 37.30454930123167 109.46752184362337 16000.0 16600.0 2016.0 2 179 {-999.0 14.249038 13.246643 12.844144 -999.0} sdss_psfmag_from_g3xp 13.916265 13.258198 12.479568 10.765 63050395078143189 1151850734 bright_1x1 mwm_galactic_core_dist_apogee_sparse mwm_galactic science 0 0 0.0 0.0 -999 ""
FIBERMAP 568 R-13C13 BOSS 0 0 0 1 0 0 131.50852222466912 -237.12866399686843 143.1 223.58526446148588 153.40553000418623 92.24129 86.667404 -999.0 -999.0 -999.0 -999.0 -999.0 97.09317584669289 -31.703234321141128 96.98315635739095 -31.71903636774606 37.30415661426733 109.46475399853273 -999.0 5400.0 -999.0 1 430 {-999.0 -999.0 -999.0 -999.0 -999.0} "" -999.0 -999.0 -999.0 -999.0 -999 -999 "" "" "" "" 0 0 0.0 0.0 -999 ""
FIBERMAP 568 R-13C13 METROLOGY 0 0 0 1 0 0 131.11252420084574 -237.76489390407878 143.1 224.25618116718005 153.07166314924802 92.24129 86.667404 -999.0 -999.0 -999.0 -999.0 -999.0 97.09552371500517 -31.70421799648251 96.9855902635511 -31.720006774091544 37.302388541103355 109.46657667057804 -999.0 6231.0 -999.0 -1 -999 {-999.0 -999.0 -999.0 -999.0 -999.0} "" -999.0 -999.0 -999.0 -999.0 -999 -999 "" "" "" "" 0 0 0.0 0.0 -999 ""
FIBERMAP 569 R+13C1 APOGEE 0 0 0 1 0 0 -128.28893311175506 258.51689096294206 143.1 -245.18231038712443 -152.22905484051483 58.662712 71.813805 -999.0 -999.0 -999.0 -999.0 -999.0 95.42108455050497 -32.63148513483146 95.30866665474002 -32.64226215534876 38.898475154983394 110.18248536275473 -999.0 16600.0 -999.0 2 7 {-999.0 -999.0 -999.0 -999.0 -999.0} "" -999.0 -999.0 -999.0 -999.0 -999 -999 "" "" "" "" 0 0 0.0 0.0 -999 ""
FIBERMAP 569 R+13C1 BOSS 1 1 0 1 0 0 -127.79202298408488 257.96464637423816 143.1 -244.679688375654 -151.68200972172465 58.662712 71.813805 95.42321970610628 -32.62977752645124 -1.2609853 1.1852738 1.2110834 95.42321523689783 -32.629773988594515 95.3104961720202 -32.64061673217593 38.8966060593959 110.18086662516303 5400.0 5400.0 2016.0 1 7 {-999.0 17.876078 16.765894 16.306267 -999.0} sdss_psfmag_gaia 17.491808 16.76917 15.941756 14.284 63050395078162329 1075851443 bright_1x1 mwm_erosita_stars_boss mwm_erosita science 0 0 0.0 0.0 -999 ""
FIBERMAP 569 R+13C1 METROLOGY 0 0 0 1 0 0 -128.5276538405441 257.80503000445384 143.1 -244.45102109603917 -152.3991810621278 58.662712 71.813805 -999.0 -999.0 -999.0 -999.0 -999.0 95.42388342147147 -32.63198952620098 95.31124226379234 -32.64281669086251 38.89648496840992 110.18380221154948 -999.0 6231.0 -999.0 -1 -999 {-999.0 -999.0 -999.0 -999.0 -999.0} "" -999.0 -999.0 -999.0 -999.0 -999 -999 "" "" "" "" 0 0 0.0 0.0 -999 ""
FIBERMAP 570 R+1C20 APOGEE 0 0 0 1 0 0 154.2466869338333 9.305113149576982 143.1 -23.892742264178725 152.6678769778945 310.73495 116.12875 -999.0 -999.0 -999.0 -999.0 -999.0 96.21264328303361 -31.70910609629097 96.10331196802025 -31.722366382627303 38.030907062839255 109.23888243255828 -999.0 16600.0 -999.0 2 80 {-999.0 -999.0 -999.0 -999.0 -999.0} "" -999.0 -999.0 -999.0 -999.0 -999 -999 "" "" "" "" 0 0 0.0 0.0 -999 ""
FIBERMAP 570 R+1C20 BOSS 1 1 0 1 0 0 153.9773071729505 8.604510547080643 143.1 -23.169752632818913 152.4661623107727 310.73495 116.12875 96.21552348929562 -31.70957698263373 -0.0924571 -0.09660414 0.039818335 96.21552316490109 -31.70957727098196 96.10587659744363 -31.722911302557307 38.02892066570324 109.24021989148096 5400.0 5400.0 2016.0 1 242 {-999.0 19.926146 19.656057 19.582117 -999.0} sdss_psfmag_gaia 19.96243 19.662035 19.314774 -999.0 63050395078207367 1116444436 bright_1x1 openfibertargets_bhm_quaia_boss open_fiber science 0 0 0.0 0.0 -999 ""
FIBERMAP 570 R+1C20 METROLOGY 0 0 0 1 0 0 153.5073323563154 9.172027548761061 143.1 -23.690132816398492 151.9444823962734 310.73495 116.12875 -999.0 -999.0 -999.0 -999.0 -999.0 96.21357907115477 -31.711161876585823 96.10401597996656 -31.72447133660357 38.03083194707512 109.24165918170021 -999.0 6231.0 -999.0 -1 -999 {-999.0 -999.0 -999.0 -999.0 -999.0} "" -999.0 -999.0 -999.0 -999.0 -999 -999 "" "" "" "" 0 0 0.0 0.0 -999 ""
FIBERMAP 571 R+11C2 APOGEE 0 0 0 1 0 0 -134.68038483977932 214.87877820054217 143.1 -201.13497583333483 -154.45276948732854 350.63876 132.86765 -999.0 -999.0 -999.0 -999.0 -999.0 95.57837342499275 -32.63927953193709 95.46585506297657 -32.650494324168505 38.771318682231204 110.23080842265284 -999.0 16600.0 -999.0 2 -999 {-999.0 -999.0 -999.0 -999.0 -999.0} "" -999.0 -999.0 -999.0 -999.0 -999 -999 "" "" "" "" 0 0 0.0 0.0 -999 ""
FIBERMAP 571 R+11C2 BOSS 1 1 0 1 0 0 -134.27949701851813 214.1700516664749 143.1 -200.46747092560153 -153.9864715996534 350.63876 132.86765 95.5810546875 -32.637835590443785 -999.0 -999.0 -999.0 95.5810546875 -32.637835590443785 95.46823214576868 -32.649118073195645 38.76905959549103 110.22966387746096 5400.0 5400.0 2015.5 1 17 {-999.0 -999.0 -999.0 -999.0 -999.0} "" -999.0 -999.0 -999.0 -999.0 27021603127956779 819173072 "" ops_sky_boss_good ops_sky sky_boss 0 0 0.0 0.0 -999 ""
FIBERMAP 571 R+11C2 METROLOGY 0 0 0 1 0 0 -135.01004188245764 214.2073435789976 143.1 -200.43530548068304 -154.71725580522937 350.63876 132.86765 -999.0 -999.0 -999.0 -999.0 -999.0 95.58104163551732 -32.64008501087744 95.46829796940318 -32.651349866168154 38.769506052254066 110.23246939019552 -999.0 6231.0 -999.0 -1 -999 {-999.0 -999.0 -999.0 -999.0 -999.0} "" -999.0 -999.0 -999.0 -999.0 -999 -999 "" "" "" "" 0 0 0.0 0.0 -999 ""
FIBERMAP 573 R-6C13 APOGEE 0 0 0 1 0 0 55.1304196141984 -123.69302552098034 143.1 117.90580060782925 66.61331330124244 321.98816 120.85046 -999.0 -999.0 -999.0 -999.0 -999.0 96.72063616461553 -31.967958863364885 96.61012235864689 -31.982568462243627 37.675587147304974 109.68982086386862 -999.0 16600.0 -999.0 2 -999 {-999.0 -999.0 -999.0 -999.0 -999.0} "" -999.0 -999.0 -999.0 -999.0 -999 -999 "" "" "" "" 0 0 0.0 0.0 -999 ""
FIBERMAP 573 R-6C13 BOSS 1 1 0 1 0 0 55.05391439238736 -124.41726487557452 143.1 118.63402697971033 66.60584439305076 321.98816 120.85046 96.7235869793445 -31.967849311441356 9.660208 -6.1197963 1.6708683 96.7236209681142 -31.967867578070727 96.61278958407377 -31.982552206414397 37.673387211499985 109.69048782498413 5400.0 5400.0 2016.0 1 393 {-999.0 16.19922 15.133421 14.69949 -999.0} sdss_psfmag_gaia 15.824928 15.145708 14.324255 12.709 63050395078140865 1095123957 bright_1x1 mwm_bin_vis_boss mwm_filler science 0 0 0.0 0.0 -999 ""
FIBERMAP 573 R-6C13 METROLOGY 0 0 0 1 0 0 54.442628184505125 -123.98703430662556 143.1 118.26371630116448 65.95651198333802 321.98816 120.85046 -999.0 -999.0 -999.0 -999.0 -999.0 96.72224205517615 -31.96985612082836 96.61149320873153 -31.984517397864497 37.67492679280209 109.69256410320435 -999.0 6231.0 -999.0 -1 -999 {-999.0 -999.0 -999.0 -999.0 -999.0} "" -999.0 -999.0 -999.0 -999.0 -999 -999 "" "" "" "" 0 0 0.0 0.0 -999 ""
FIBERMAP 574 R-2C2 APOGEE 0 0 1 1 0 0 -244.96621825315398 -31.029287088783946 143.1 54.12321019199018 -240.91746180424977 9.996432 170.0819 -999.0 -999.0 -999.0 -999.0 -999.0 96.49746129402534 -32.90038580871574 96.38354677817006 -32.91409930458746 38.07911984271422 110.78074399268112 -999.0 16600.0 -999.0 2 -999 {-999.0 -999.0 -999.0 -999.0 -999.0} "" -999.0 -999.0 -999.0 -999.0 -999 -999 "" "" "" "" 0 0 0.0 0.0 -999 ""
FIBERMAP 574 R-2C2 BOSS 1 0 1 1 0 0 -244.14882460550965 -31.110093946716034 143.1 54.12612603675764 -240.09609364053878 9.996432 170.0819 96.53361913410882 -32.87885151413336 45.000847 3.147744 1.0691248 96.49778415881507 -32.897874989432104 96.383562126107 -32.91165209971347 38.078552036681316 110.77771989600308 5400.0 5400.0 2016.0 1 513 {-999.0 18.56979 17.488876 17.04631 -999.0} sdss_psfmag_gaia 18.218851 17.498245 16.701424 15.017 63050395078122206 1072999402 bright_1x1 mwm_halo_local_high_boss_single mwm_halo science 0 0 0.0 0.0 -999 ""
FIBERMAP 574 R-2C2 METROLOGY 0 0 1 1 0 0 -244.62434881553776 -31.694586648696678 143.1 54.753081790991516 -240.51403475569188 9.996432 170.0819 -999.0 -999.0 -999.0 -999.0 -999.0 96.49997072018897 -32.89917726920812 96.38583258365253 -32.91294256847924 38.076988518057526 110.7798659398444 -999.0 6231.0 -999.0 -1 -999 {-999.0 -999.0 -999.0 -999.0 -999.0} "" -999.0 -999.0 -999.0 -999.0 -999 -999 "" "" "" "" 0 0 0.0 0.0 -999 ""
FIBERMAP 576 R+4C19 APOGEE 1 1 0 1 0 0 172.9229480473005 90.36208465188582 143.1 -106.35519019564943 163.5719310440491 93.835495 49.73795 95.91888427734374 -31.67673527838508 -999.0 -999.0 -999.0 95.91888427734374 -31.676735278385078 95.80980450912783 -31.689181657244426 38.265370239134306 109.12178362263249 16000.0 16600.0 2015.5 2 65 {-999.0 -999.0 -999.0 -999.0 -999.0} "" -999.0 -999.0 -999.0 -999.0 27021603127959043 841285522 "" ops_sky_apogee_best ops_sky sky_apogee 0 0 0.0 0.0 -999 ""
FIBERMAP 576 R+4C19 BOSS 0 0 0 1 0 0 173.4964226695072 89.89210360782698 143.1 -105.94172220768837 164.1873927081091 93.835495 49.73795 -999.0 -999.0 -999.0 -999.0 -999.0 95.92063340655857 -31.674759717706163 95.81125042201688 -31.687276461517765 38.263720011402285 109.11980216783581 -999.0 5400.0 -999.0 1 217 {-999.0 -999.0 -999.0 -999.0 -999.0} "" -999.0 -999.0 -999.0 -999.0 -999 -999 "" "" "" "" 0 0 0.0 0.0 -999 ""
FIBERMAP 576 R+4C19 METROLOGY 0 0 0 1 0 0 172.80678084504416 89.61698168099761 143.1 -105.60243261708614 163.52695801104682 93.835495 49.73795 -999.0 -999.0 -999.0 -999.0 -999.0 95.92172980637835 -31.676748873807306 95.81242673961509 -31.689249718964806 38.26321990324621 109.12254723898837 -999.0 6231.0 -999.0 -1 -999 {-999.0 -999.0 -999.0 -999.0 -999.0} "" -999.0 -999.0 -999.0 -999.0 -999 -999 "" "" "" "" 0 0 0.0 0.0 -999 ""
FIBERMAP 578 R+9C13 APOGEE 0 0 0 1 0 0 67.4289633740596 177.5343268380592 143.1 -183.1282935173437 50.28622926822909 150.81813 130.88394 -999.0 -999.0 -999.0 -999.0 -999.0 95.64416631030728 -32.01968828766864 95.53394088309454 -32.0312657293771 38.57378076677283 109.47550184021549 -999.0 16600.0 -999.0 2 92 {-999.0 -999.0 -999.0 -999.0 -999.0} "" -999.0 -999.0 -999.0 -999.0 -999 -999 "" "" "" "" 0 0 0.0 0.0 -999 ""
FIBERMAP 578 R+9C13 BOSS 1 1 0 1 0 0 67.26503579066056 178.24991213860966 143.1 -183.82510088627532 50.05517146992673 150.81813 130.88394 95.64191984414784 -32.020311439800764 0.25662205 1.9770775 0.29120505 95.64192074757106 -32.02030553853396 95.53138632944713 -32.03193900776526 38.57604368846434 109.47569428814447 5400.0 5400.0 2016.0 1 159 {-999.0 17.514421 17.1529 17.042141 -999.0} sdss_psfmag_gaia 17.466879 17.172419 16.719662 15.84 63050395078201760 976856447 "" ops_std_boss ops_std standard_boss 0 0 0.0 0.0 -999 ""
FIBERMAP 578 R+9C13 METROLOGY 0 0 0 1 0 0 67.97822097163439 178.04655043303663 143.1 -183.69029967617655 50.78442535545499 150.81813 130.88394 -999.0 -999.0 -999.0 -999.0 -999.0 95.64229594248688 -32.0181076647693 95.5318566303958 -32.0297251157391 38.575140359178356 109.47305907657002 -999.0 6231.0 -999.0 -1 -999 {-999.0 -999.0 -999.0 -999.0 -999.0} "" -999.0 -999.0 -999.0 -999.0 -999 -999 "" "" "" "" 0 0 0.0 0.0 -999 ""
FIBERMAP 579 R+10C17 APOGEE 1 1 0 1 0 0 185.66848648074597 176.11100920596832 143.1 -192.92590856537447 168.12702187685855 331.7617 66.906494 95.61162211449982 -31.663880541131963 12.198938 185.34892 19.105854 95.61166489431338 -31.663327303604607 95.50278020600426 -31.674917292167002 38.51572061241373 109.02469989029467 16000.0 16600.0 2016.0 2 103 {-999.0 15.66424 13.909517 12.851254 -999.0} sdss_psfmag_gaia 14.232157 13.5250435 11.824652 9.822 63050395078204365 984740889 bright_1x1 mwm_snc_100pc_apogee mwm_snc science 0 0 0.0 0.0 -999 ""
FIBERMAP 579 R+10C17 BOSS 0 0 0 1 0 0 185.10958623348014 175.62482935412996 143.1 -192.388914026144 167.61675652976234 331.7617 66.906494 -999.0 -999.0 -999.0 -999.0 -999.0 95.61385586903071 -31.664792322585736 95.50465150981404 -31.676451623429386 38.5145377368787 109.02708792113486 -999.0 5400.0 -999.0 1 177 {-999.0 -999.0 -999.0 -999.0 -999.0} "" -999.0 -999.0 -999.0 -999.0 -999 -999 "" "" "" "" 0 0 0.0 0.0 -999 ""
FIBERMAP 579 R+10C17 METROLOGY 0 0 0 1 0 0 184.96075972309413 176.35882705576446 143.1 -193.1054829552303 167.3989853024549 331.7617 66.906494 -999.0 -999.0 -999.0 -999.0 -999.0 95.61118631755859 -31.665439237839074 95.50206780607095 -31.6770727761596 38.51682112908796 109.02719212094632 -999.0 6231.0 -999.0 -1 -999 {-999.0 -999.0 -999.0 -999.0 -999.0} "" -999.0 -999.0 -999.0 -999.0 -999 -999 "" "" "" "" 0 0 0.0 0.0 -999 ""
FIBERMAP 583 R+3C18 APOGEE 1 1 0 1 0 0 138.40514286842728 67.11920208651081 143.1 -79.94335990406626 131.4144241313565 62.098515 81.38492 96.01283924904388 -31.773673814391312 -16.859411 -53.757587 6.676529 96.01278005514315 -31.773834272361015 95.9033017899906 -31.78651557195225 38.211390514577765 109.26629171940492 16000.0 16600.0 2016.0 2 70 {-999.0 8.365926 8.108468 8.029673 -999.0} sdss_psfmag_from_g3xp 8.350586 8.111659 7.708159 7.069 63050395078207504 1103557968 bright_1x1 mwm_tess_2min_apogee mwm_planet science 0 0 0.0 0.0 -999 ""
FIBERMAP 583 R+3C18 BOSS 0 0 0 1 0 0 139.0039271588692 66.67271793004872 143.1 -79.55568325285968 132.05285263907663 62.098515 81.38492 -999.0 -999.0 -999.0 -999.0 -999.0 96.01443680989405 -31.771777366111593 95.90465253548564 -31.78452866010833 38.20980171428754 109.2641843226416 -999.0 5400.0 -999.0 1 226 {-999.0 -999.0 -999.0 -999.0 -999.0} "" -999.0 -999.0 -999.0 -999.0 -999 -999 "" "" "" "" 0 0 0.0 0.0 -999 ""
FIBERMAP 583 R+3C18 METROLOGY 0 0 0 1 0 0 138.32936201829443 66.37496686790527 143.1 -79.19529663181352 131.40957284638225 62.098515 81.38492 -999.0 -999.0 -999.0 -999.0 -999.0 96.01562158603433 -31.773725861290423 95.90591760193166 -31.786461534226056 38.20921822241016 109.2668995697698 -999.0 6231.0 -999.0 -1 -999 {-999.0 -999.0 -999.0 -999.0 -999.0} "" -999.0 -999.0 -999.0 -999.0 -999 -999 "" "" "" "" 0 0 0.0 0.0 -999 ""
FIBERMAP 584 R+9C4 APOGEE 0 0 0 1 0 0 -129.94003315697367 163.67869310248997 143.1 -150.61560668610662 -144.8777086034105 237.03976 119.15739 -999.0 -999.0 -999.0 -999.0 -999.0 95.75936159012562 -32.611233229766604 95.64686785146569 -32.622962566432285 38.61660065454016 110.24038528363178 -999.0 16600.0 -999.0 2 -999 {-999.0 -999.0 -999.0 -999.0 -999.0} "" -999.0 -999.0 -999.0 -999.0 -999 -999 "" "" "" "" 0 0 0.0 0.0 -999 ""
FIBERMAP 584 R+9C4 BOSS 1 1 0 1 0 0 -130.70016410506045 163.72607012510804 143.1 -150.59067471545487 -145.63890187246648 237.03976 119.15739 95.75971730622115 -32.61350840956793 0.48785183 0.13876352 -0.05750075 95.75971903496092 -32.61350799538054 95.64690664015457 -32.6252981777548 38.617096210049894 110.2433067724589 5400.0 5400.0 2016.0 1 15 {-999.0 19.900309 19.51344 19.149256 18.844034} sdss_psfmag_from_gaiadr2 19.555153 19.626925 18.446325 -999.0 63050395078192130 1057636890 bright_flexible_2x1 bhm_gua_bright bhm_filler science 0 0 0.0 0.0 -999 ""
FIBERMAP 584 R+9C4 METROLOGY 0 0 0 1 0 0 -130.27684141177858 164.34656915108835 143.1 -151.24852317500287 -145.27634168384895 237.03976 119.15739 -999.0 -999.0 -999.0 -999.0 -999.0 95.75724428468106 -32.612441621853776 95.64452483152701 -32.6242080363746 38.618804267087924 110.24136791295831 -999.0 6231.0 -999.0 -1 -999 {-999.0 -999.0 -999.0 -999.0 -999.0} "" -999.0 -999.0 -999.0 -999.0 -999 -999 "" "" "" "" 0 0 0.0 0.0 -999 ""
FIBERMAP 585 R+12C4 APOGEE 0 0 0 1 0 0 -108.52458585406251 229.24599833315654 143.1 -217.91810773408366 -129.77770494541014 235.79659 64.31867 -999.0 -999.0 -999.0 -999.0 -999.0 95.51841890516232 -32.56442935046889 95.40621012655811 -32.5754978856963 38.803436429706515 110.12257853943913 -999.0 16600.0 -999.0 2 -999 {-999.0 -999.0 -999.0 -999.0 -999.0} "" -999.0 -999.0 -999.0 -999.0 -999 -999 "" "" "" "" 0 0 0.0 0.0 -999 ""
FIBERMAP 585 R+12C4 BOSS 1 1 0 1 0 0 -108.90199941865568 229.84488762102666 143.1 -218.4784976261022 -130.21021694953808 235.79659 64.31867 95.51671746247443 -32.565767863752065 -2.310108 32.99382 1.9569592 95.51670928080074 -32.56566938236332 95.40418950049818 -32.57679264422504 38.805386709723784 110.12370619587175 5400.0 5400.0 2016.0 1 98 {-999.0 15.406042 14.667936 14.422698 -999.0} sdss_psfmag_from_g3xp 15.20164 14.720362 14.078027 12.849 63050395078192421 1075888092 bright_1x1 mwm_erosita_stars_boss mwm_erosita science 0 0 0.0 0.0 -999 ""
FIBERMAP 585 R+12C4 METROLOGY 0 0 0 1 0 0 -108.14995125190838 229.89341406641063 143.1 -218.5981335454379 -129.4661660062249 235.79659 64.31867 -999.0 -999.0 -999.0 -999.0 -999.0 95.51615204381633 -32.563459616337845 95.40372738872622 -32.57456497629117 38.80526526873175 110.12080841937632 -999.0 6231.0 -999.0 -1 -999 {-999.0 -999.0 -999.0 -999.0 -999.0} "" -999.0 -999.0 -999.0 -999.0 -999 -999 "" "" "" "" 0 0 0.0 0.0 -999 ""
FIBERMAP 586 R-5C20 APOGEE 1 1 0 1 0 0 185.02793125158945 -109.39104052276512 143.1 91.34815614688749 194.5679939753562 248.92934 115.11966 96.62229987577888 -31.581229576514886 -3.0039554 -9.4128685 2.6734128 96.62228935065326 -31.581257672453447 96.51324675770542 -31.59570440498969 37.66167438300464 109.19044383841461 16000.0 16600.0 2016.0 2 224 {-999.0 11.030858 10.751147 10.670318 -999.0} sdss_psfmag_from_g3xp 11.00151 10.753724 10.346162 9.683 63050395078209196 974896895 "" ops_std_apogee ops_std standard_apogee 0 0 0.0 0.0 -999 ""
FIBERMAP 586 R-5C20 BOSS 0 0 0 1 0 0 184.3090929705812 -109.41300667396209 143.1 91.43820184941255 193.85448388122543 248.92934 115.11966 -999.0 -999.0 -999.0 -999.0 -999.0 96.62296999855296 -31.583296358915696 96.51360303468726 -31.59781220017655 37.661895668885215 109.19311933275725 -999.0 5400.0 -999.0 1 322 {-999.0 -999.0 -999.0 -999.0 -999.0} "" -999.0 -999.0 -999.0 -999.0 -999 -999 "" "" "" "" 0 0 0.0 0.0 -999 ""
FIBERMAP 586 R-5C20 METROLOGY 0 0 0 1 0 0 184.62129279231357 -108.75539070112688 143.1 90.75394351091161 194.10290241814172 248.92934 115.11966 -999.0 -999.0 -999.0 -999.0 -999.0 96.62045750469173 -31.5825461499595 96.51118388425141 -31.59703593593793 37.663703736981084 109.19153188320686 -999.0 6231.0 -999.0 -1 -999 {-999.0 -999.0 -999.0 -999.0 -999.0} "" -999.0 -999.0 -999.0 -999.0 -999 -999 "" "" "" "" 0 0 0.0 0.0 -999 ""
FIBERMAP 590 R+11C14 APOGEE 0 0 0 1 0 0 130.58635510174926 209.37427688641588 143.1 -220.81472569776471 110.13865066850735 277.3668 158.54478 -999.0 -999.0 -999.0 -999.0 -999.0 95.51144481654629 -31.838389118234858 95.40195263461135 -31.849647510820404 38.64024837188968 109.21603111527577 -999.0 16600.0 -999.0 2 55 {-999.0 -999.0 -999.0 -999.0 -999.0} "" -999.0 -999.0 -999.0 -999.0 -999 -999 "" "" "" "" 0 0 0.0 0.0 -999 ""
FIBERMAP 590 R+11C14 BOSS 1 1 0 1 0 0 130.45914244321338 208.63168110026731 143.1 -220.06341637285541 110.08244424210412 277.3668 158.54478 95.51438700566392 -31.838499242117436 0.19919147 3.9063065 0.75706255 95.51438770552076 -31.838487582404003 95.40458766588297 -31.849816973351054 38.63811223577259 109.21691384621344 5400.0 5400.0 2016.0 1 92 {-999.0 14.013103 13.750872 13.681682 -999.0} sdss_psfmag_from_g3xp 13.991467 13.748589 13.355238 12.69 63050395078203459 946227844 bright_1x1 openfibertargets_nov2020_9 open_fiber science 0 0 0.0 0.0 -999 ""
FIBERMAP 590 R+11C14 METROLOGY 0 0 0 1 0 0 129.88351588974754 209.11932656073083 143.1 -220.49426493973584 109.46316496689542 277.3668 158.54478 -999.0 -999.0 -999.0 -999.0 -999.0 95.51271570966144 -31.840357307711805 95.4029960646975 -31.85166366710835 38.63985940607357 109.2188064273488 -999.0 6231.0 -999.0 -1 -999 {-999.0 -999.0 -999.0 -999.0 -999.0} "" -999.0 -999.0 -999.0 -999.0 -999 -999 "" "" "" "" 0 0 0.0 0.0 -999 ""
FIBERMAP 591 R+11C1 APOGEE 0 0 0 1 0 0 -181.72249553354084 225.93232401229412 143.1 -207.67688565757788 -202.33091601374431 176.67563 71.774895 -999.0 -999.0 -999.0 -999.0 -999.0 95.55507504458821 -32.78336893948308 95.44202176577755 -32.79447724258109 38.823001186915924 110.40514832344996 -999.0 16600.0 -999.0 2 9 {-999.0 -999.0 -999.0 -999.0 -999.0} "" -999.0 -999.0 -999.0 -999.0 -999 -999 "" "" "" "" 0 0 0.0 0.0 -999 ""
FIBERMAP 591 R+11C1 BOSS 1 1 0 1 0 0 -181.4258957889501 226.61540197268758 143.1 -208.3850114498552 -202.10044209567982 176.67563 71.774895 95.55286852753956 -32.78256152827217 2.9230669 -3.9508255 0.1413558 95.55287890528655 -32.78257332086727 95.43952120964722 -32.79373480199992 38.82488577625233 110.40361974141464 5400.0 5400.0 2016.0 1 9 {-999.0 16.930532 16.35918 16.162453 -999.0} sdss_psfmag_gaia 16.791014 16.398691 15.819783 14.637 63050395078160781 1071104466 bright_1x1 mwm_halo_vmp_xp_boss_single mwm_halo science 0 0 0.0 0.0 -999 ""
FIBERMAP 591 R+11C1 METROLOGY 0 0 0 1 0 0 -180.98361006953738 226.03364444239477 143.1 -207.84782882730414 -201.6049756388873 176.67563 71.774895 -999.0 -999.0 -999.0 -999.0 -999.0 95.55465972077207 -32.781155703019664 95.44139392726129 -32.79230583315611 38.82303333979105 110.40228035013124 -999.0 6231.0 -999.0 -1 -999 {-999.0 -999.0 -999.0 -999.0 -999.0} "" -999.0 -999.0 -999.0 -999.0 -999 -999 "" "" "" "" 0 0 0.0 0.0 -999 ""
FIBERMAP 593 R-1C22 APOGEE 1 1 0 1 0 0 200.2292936066137 -23.770564542928916 143.1 4.6723822538137 201.58000608202056 317.77316 136.20859 96.3139292151587 -31.561097259696606 -999.0 -999.0 -999.0 96.3139292151587 -31.5610972596966 96.20509727892494 -31.57468478352924 37.91112995046587 109.08367071263507 16000.0 16600.0 2016.0 2 205 {-999.0 8.708492 8.6004715 8.572706 -999.0} sdss_psfmag_from_g3xp 8.74101 8.613048 8.251014 7.824 63050395078208341 1103558109 bright_1x1 mwm_tess_2min_apogee mwm_planet science 0 0 0.0 0.0 -999 ""
FIBERMAP 593 R-1C22 BOSS 0 0 0 1 0 0 200.26624834245524 -24.518593781997236 143.1 5.413529937297638 201.6877413478814 317.77316 136.20859 -999.0 -999.0 -999.0 -999.0 -999.0 96.31687857583722 -31.560642725670004 96.20773401373077 -31.574305443742293 37.90885867387544 109.08389620436276 -999.0 5400.0 -999.0 1 289 {-999.0 -999.0 -999.0 -999.0 -999.0} "" -999.0 -999.0 -999.0 -999.0 -999 -999 "" "" "" "" 0 0 0.0 0.0 -999 ""
FIBERMAP 593 R-1C22 METROLOGY 0 0 0 1 0 0 199.60248682143728 -24.168770560784722 143.1 5.128240709334548 200.99379678494083 317.77316 136.20859 -999.0 -999.0 -999.0 -999.0 -999.0 96.315784191115 -31.562728727854996 96.20672114178763 -31.576368830399975 37.91019711579678 109.0861673098209 -999.0 6231.0 -999.0 -1 -999 {-999.0 -999.0 -999.0 -999.0 -999.0} "" -999.0 -999.0 -999.0 -999.0 -999 -999 "" "" "" "" 0 0 0.0 0.0 -999 ""
FIBERMAP 595 R-3C1 APOGEE 0 0 0 1 0 0 -246.2062278599459 -69.06167860825227 143.1 92.10153535976914 -238.54466606696906 336.601 95.67923 -999.0 -999.0 -999.0 -999.0 -999.0 96.63425129641416 -32.89234985960879 96.52030782983502 -32.906449105566544 37.96557391706487 110.80442767605814 -999.0 16600.0 -999.0 2 271 {-999.0 -999.0 -999.0 -999.0 -999.0} "" -999.0 -999.0 -999.0 -999.0 -999 -999 "" "" "" "" 0 0 0.0 0.0 -999 ""
FIBERMAP 595 R-3C1 BOSS 1 1 0 1 0 0 -246.42705994781005 -69.78146426893858 143.1 92.8390169211246 -238.69623277213114 336.601 95.67923 96.63722825458386 -32.892720214471765 0.90387475 -4.224586 1.3453593 96.63723146758944 -32.892732824199655 96.5229676204008 -32.90690284247627 37.96350307835108 110.80563354647688 5400.0 5400.0 2016.0 1 443 {-999.0 18.03491 16.841223 16.330246 -999.0} sdss_psfmag_gaia 17.608212 16.823715 15.96362 14.284 63050395078121097 1094447088 bright_1x1 mwm_bin_vis_boss mwm_filler science 0 0 0.0 0.0 -999 ""
FIBERMAP 595 R-3C1 METROLOGY 0 0 0 1 0 0 -246.93216955422938 -69.21408136391845 143.1 92.3221026119117 -239.25287616161864 336.601 95.67923 -999.0 -999.0 -999.0 -999.0 -999.0 96.63530745833697 -32.89447951173921 96.52112748749255 -32.90862589416918 37.96539993232288 110.8073150218188 -999.0 6231.0 -999.0 -1 -999 {-999.0 -999.0 -999.0 -999.0 -999.0} "" -999.0 -999.0 -999.0 -999.0 -999 -999 "" "" "" "" 0 0 0.0 0.0 -999 ""
FIBERMAP 596 R-5C10 APOGEE 1 1 0 1 0 0 -18.822681110887313 -112.68999851426902 143.1 113.966572684885 -8.049557191552042 19.97607 31.007656 96.70852661132812 -32.19457982910234 -999.0 -999.0 -999.0 96.70852661132812 -32.19457982910234 96.59717565122226 -32.20908942037914 37.740337149980505 109.9645471534384 16000.0 16600.0 2015.5 2 269 {-999.0 -999.0 -999.0 -999.0 -999.0} "" -999.0 -999.0 -999.0 -999.0 27021603127947649 841282396 "" ops_sky_apogee_best ops_sky sky_apogee 0 0 0.0 0.0 -999 ""
FIBERMAP 596 R-5C10 BOSS 0 0 0 1 0 0 -19.274280692668924 -113.28635857588804 143.1 114.60307308259418 -8.442556104988858 19.97607 31.007656 -999.0 -999.0 -999.0 -999.0 -999.0 96.71120521570826 -32.195696075587016 96.59953138869281 -32.210278489245525 37.738683089881825 109.96660604456912 -999.0 5400.0 -999.0 1 370 {-999.0 -999.0 -999.0 -999.0 -999.0} "" -999.0 -999.0 -999.0 -999.0 -999 -999 "" "" "" "" 0 0 0.0 0.0 -999 ""
FIBERMAP 596 R-5C10 METROLOGY 0 0 0 1 0 0 -19.56622535357083 -112.60745909163555 143.1 113.95492779911507 -8.797573628307246 19.97607 31.007656 -999.0 -999.0 -999.0 -999.0 -999.0 96.70881557977613 -32.19680762465249 96.59722864066674 -32.21136440208695 37.74083348154906 109.96735527239252 -999.0 6231.0 -999.0 -1 -999 {-999.0 -999.0 -999.0 -999.0 -999.0} "" -999.0 -999.0 -999.0 -999.0 -999 -999 "" "" "" "" 0 0 0.0 0.0 -999 ""
FIBERMAP 601 R+5C20 APOGEE 0 0 0 1 0 0 181.8901573840687 84.03329810167278 143.1 -100.90547246615368 173.09892100315366 255.21791 97.6635 -999.0 -999.0 -999.0 -999.0 -999.0 95.93834651547292 -31.64792927997379 95.82936405538021 -31.660438581277077 38.242329029886015 109.09131788113183 -999.0 16600.0 -999.0 2 117 {-999.0 -999.0 -999.0 -999.0 -999.0} "" -999.0 -999.0 -999.0 -999.0 -999 -999 "" "" "" "" 0 0 0.0 0.0 -999 ""
FIBERMAP 601 R+5C20 BOSS 1 1 0 1 0 0 181.14915875836672 84.11730445918136 143.1 -100.91881910591609 172.35329956018464 255.21791 97.6635 95.9385684720068 -31.65006650308378 0.24791883 0.03546983 0.40730172 95.93856934129622 -31.650066397211894 95.82926931277099 -31.66264075793311 38.24293490538524 109.0940155342916 5400.0 5400.0 2016.0 1 202 {-999.0 20.428442 20.09676 19.998014 -999.0} sdss_psfmag_gaia 20.368332 20.11217 19.653427 -999.0 63050395078212666 1116444449 bright_1x1 openfibertargets_bhm_quaia_boss open_fiber science 0 0 0.0 0.0 -999 ""
FIBERMAP 601 R+5C20 METROLOGY 0 0 0 1 0 0 181.58523103588124 84.72170927264857 143.1 -101.56185524422848 172.7300782487074 255.21791 97.6635 -999.0 -999.0 -999.0 -999.0 -999.0 95.93618159473507 -31.64892797763639 95.82697446198637 -31.661477537016147 38.24455264283785 109.09198183022801 -999.0 6231.0 -999.0 -1 -999 {-999.0 -999.0 -999.0 -999.0 -999.0} "" -999.0 -999.0 -999.0 -999.0 -999 -999 "" "" "" "" 0 0 0.0 0.0 -999 ""
FIBERMAP 602 R+3C5 APOGEE 1 1 0 1 0 0 -164.9156695130646 77.8313744705881 143.1 -61.838509641011 -171.5532197938261 129.74608 57.700523 96.07871251249877 -32.69243583601652 0.69726545 1.1337844 0.48038498 96.07871498549353 -32.6924324518475 95.96577249468822 -32.70503259479007 38.3736694352399 110.42015432913158 16000.0 16600.0 2016.0 2 24 {-999.0 12.7644205 11.931514 11.624657 -999.0} sdss_psfmag_from_g3xp 12.518619 11.969581 11.272376 9.826 63050395078126545 1106593272 bright_1x1 mwm_tess_rgb_apogee mwm_tessrgb science 0 0 0.0 0.0 -999 ""
FIBERMAP 602 R+3C5 BOSS 0 0 0 1 0 0 -164.1780311925719 77.90835919101715 143.1 -61.9851086648074 -170.82621279603026 129.74608 57.700523 -999.0 -999.0 -999.0 -999.0 -999.0 96.07846873532 -32.690232344495485 95.96522161188568 -32.702893745237816 38.37363570155952 110.41736313419503 -999.0 5400.0 -999.0 1 41 {-999.0 -999.0 -999.0 -999.0 -999.0} "" -999.0 -999.0 -999.0 -999.0 -999 -999 "" "" "" "" 0 0 0.0 0.0 -999 ""
FIBERMAP 602 R+3C5 METROLOGY 0 0 0 1 0 0 -164.4605150798682 77.22442681691669 143.1 -61.27747114367124 -171.04255353747422 129.74608 57.700523 -999.0 -999.0 -999.0 -999.0 -999.0 96.08092129222888 -32.69092586846704 95.96775910417415 -32.70357656576715 38.37171101833462 110.41882923021606 -999.0 6231.0 -999.0 -1 -999 {-999.0 -999.0 -999.0 -999.0 -999.0} "" -999.0 -999.0 -999.0 -999.0 -999 -999 "" "" "" "" 0 0 0.0 0.0 -999 ""
FIBERMAP 603 R-11C2 APOGEE 0 0 0 1 0 0 -134.08607506998015 -200.00086509786843 143.1 211.81555823912026 -114.51160072351503 83.21914 78.343506 -999.0 -999.0 -999.0 -999.0 -999.0 97.06144874059375 -32.514173553381106 96.9487484353711 -32.529580555179116 37.52759014822968 110.44642642948344 -999.0 16600.0 -999.0 2 -999 {-999.0 -999.0 -999.0 -999.0 -999.0} "" -999.0 -999.0 -999.0 -999.0 -999 -999 "" "" "" "" 0 0 0.0 0.0 -999 ""
FIBERMAP 603 R-11C2 BOSS 1 1 0 1 0 0 -133.37995001827085 -200.23865209232656 143.1 211.9852989671983 -113.78611000834086 83.21914 78.343506 97.06238524922796 -32.51192130923001 0.23855498 0.25219575 -0.17262362 97.06238609360892 -32.511920556465185 96.94937271341858 -32.52739648497813 37.526564167874795 110.44390629615029 5400.0 5400.0 2016.0 1 516 {-999.0 19.941248 19.656193 19.576221 -999.0} sdss_psfmag_gaia 19.900969 19.66458 19.236898 -999.0 63050395078131507 1116443915 bright_1x1 openfibertargets_bhm_quaia_boss open_fiber science 0 0 0.0 0.0 -999 ""
FIBERMAP 603 R-11C2 METROLOGY 0 0 0 1 0 0 -133.93114030534838 -200.73263926761248 143.1 212.52933433167962 -114.28795970664343 83.21914 78.343506 -999.0 -999.0 -999.0 -999.0 -999.0 97.06429241188715 -32.51345246935211 96.95136341390054 -32.52891470245946 37.52529060868198 110.4462653208376 -999.0 6231.0 -999.0 -1 -999 {-999.0 -999.0 -999.0 -999.0 -999.0} "" -999.0 -999.0 -999.0 -999.0 -999 -999 "" "" "" "" 0 0 0.0 0.0 -999 ""
FIBERMAP 606 R-1C4 APOGEE 0 0 0 1 1 0 -226.77344640650608 -15.3534730558166 143.1 36.79265002402173 -224.29359425817722 173.18192 107.08127 -999.0 -999.0 -999.0 -999.0 -999.0 96.4347838944491 -32.85070257043566 96.32108527521007 -32.864254712334414 38.118886648944006 110.70392887708124 -999.0 16600.0 -999.0 2 -999 {-999.0 -999.0 -999.0 -999.0 -999.0} "" -999.0 -999.0 -999.0 -999.0 -999 -999 "" "" "" "" 0 0 0.0 0.0 -999 ""
FIBERMAP 606 R-1C4 BOSS 1 0 0 1 1 0 -226.93094042248933 -14.598900471197318 143.1 36.056421161180644 -224.5219453052451 173.18192 107.08127 96.48683302298753 -32.83424915927192 -37.687943 33.40241 8.91312 96.43245622072178 -32.851377192717266 96.3184398122097 -32.86498455568243 38.1212164058374 110.70419092152778 5400.0 5400.0 2016.0 1 510 {-999.0 20.232635 18.256496 16.479084 -999.0} sdss_psfmag_gaia 19.009764 17.213326 15.953908 13.562 63050395078122309 1094335683 bright_1x1 mwm_bin_vis_boss mwm_filler science 0 0 0.0 0.0 -999 ""
FIBERMAP 606 R-1C4 METROLOGY 0 0 0 1 1 0 -226.2114953237947 -14.859803938455986 143.1 36.24791066679789 -223.7810021713987 173.18192 107.08127 -999.0 -999.0 -999.0 -999.0 -999.0 96.43305495172415 -32.849197298406594 96.31913617038657 -32.86278942218808 38.12014826531393 110.70164240793261 -999.0 6231.0 -999.0 -1 -999 {-999.0 -999.0 -999.0 -999.0 -999.0} "" -999.0 -999.0 -999.0 -999.0 -999 -999 "" "" "" "" 0 0 0.0 0.0 -999 ""
FIBERMAP 609 R+3C17 APOGEE 0 0 0 1 0 0 118.56807048962474 63.24083418320048 143.1 -74.20103810920065 112.03474153153537 53.781487 71.543816 -999.0 -999.0 -999.0 -999.0 -999.0 96.03323640630337 -31.832490304512763 95.9235298590595 -31.84521179156427 38.208670246085234 109.34405289964002 -999.0 16600.0 -999.0 2 -999 {-999.0 -999.0 -999.0 -999.0 -999.0} "" -999.0 -999.0 -999.0 -999.0 -999 -999 "" "" "" "" 0 0 0.0 0.0 -999 ""
FIBERMAP 609 R+3C17 BOSS 1 1 0 1 0 0 119.02785812137988 62.52521741051178 143.1 -73.5322604575123 112.56032686890106 53.781487 71.543816 96.03589712499887 -31.830769171043812 -1.2088782 -1.6290455 0.91189355 96.0358928779749 -31.830774033489508 95.92588090662163 -31.843568137458526 38.20633955954391 109.34262547442155 5400.0 5400.0 2016.0 1 227 {-999.0 13.780022 13.472573 13.390582 -999.0} sdss_psfmag_from_g3xp 13.741929 13.479703 13.063619 12.403 63050395078198371 946227805 bright_1x1 openfibertargets_nov2020_9 open_fiber science 0 0 0.0 0.0 -999 ""
FIBERMAP 609 R+3C17 METROLOGY 0 0 0 1 0 0 118.27660190808265 62.55196243695889 143.1 -73.48763135251853 111.80992513031673 53.781487 71.543816 -999.0 -999.0 -999.0 -999.0 -999.0 96.03595468111259 -31.833054483721835 95.92602200998266 -31.84582975656772 38.206760869113396 109.34545736827371 -999.0 6231.0 -999.0 -1 -999 {-999.0 -999.0 -999.0 -999.0 -999.0} "" -999.0 -999.0 -999.0 -999.0 -999 -999 "" "" "" "" 0 0 0.0 0.0 -999 ""
FIBERMAP 616 R+10C3 APOGEE 1 1 0 1 0 0 -150.5287983270085 198.1376079145924 143.1 -182.96622062735548 -168.64181652752612 190.99387 89.70854 95.64343304318918 -32.68247324817718 -0.23429802 5.6957965 0.28405866 95.64343221229608 -32.68245624711627 95.53072151966884 -32.69384069132143 38.72782231386394 110.30066884684551 16000.0 16600.0 2016.0 2 13 {-999.0 13.277242 12.324656 11.958818 -999.0} sdss_psfmag_from_g3xp 12.969456 12.349034 11.59645 10.008 63050395078192011 1151850656 bright_1x1 mwm_galactic_core_dist_apogee_sparse mwm_galactic science 0 0 0.0 0.0 -999 ""
FIBERMAP 616 R+10C3 BOSS 0 0 0 1 0 0 -150.67780986949256 198.85616064117391 143.1 -183.66739674957302 -168.8583070625545 190.99387 89.70854 -999.0 -999.0 -999.0 -999.0 -999.0 95.64121404234132 -32.68304709231465 95.52819289514252 -32.694484959751286 38.73004053582916 110.3008624710622 -999.0 5400.0 -999.0 1 16 {-999.0 -999.0 -999.0 -999.0 -999.0} "" -999.0 -999.0 -999.0 -999.0 -999 -999 "" "" "" "" 0 0 0.0 0.0 -999 ""
FIBERMAP 616 R+10C3 METROLOGY 0 0 0 1 0 0 -149.95975314515815 198.63191092620085 143.1 -183.51226386212016 -168.1222224860719 190.99387 89.70854 -999.0 -999.0 -999.0 -999.0 -999.0 95.64164177051694 -32.68087682211805 95.52871622826257 -32.69229956913857 38.72912160135126 110.29825882497693 -999.0 6231.0 -999.0 -1 -999 {-999.0 -999.0 -999.0 -999.0 -999.0} "" -999.0 -999.0 -999.0 -999.0 -999 -999 "" "" "" "" 0 0 0.0 0.0 -999 ""
FIBERMAP 617 R-4C3 APOGEE 1 1 0 1 0 0 -214.35680156861048 -73.10520246045934 143.1 93.10602651315286 -206.4554953842613 163.30069 115.0873 96.63741707453673 -32.795780313428445 1.133 7.3663554 0.71223426 96.63742109761634 -32.795758326010564 96.52384270223834 -32.80989431986745 37.94061766465235 110.68607713712476 16000.0 16600.0 2016.0 2 242 {-999.0 11.707529 10.95212 10.672493 -999.0} sdss_psfmag_from_g3xp 11.495603 10.990845 10.325432 9.015 63050395078122401 1107773608 bright_1x1 mwm_tess_rgb_apogee mwm_tessrgb science 0 0 0.0 0.0 -999 ""
FIBERMAP 617 R-4C3 BOSS 0 0 0 1 0 0 -214.44869715456932 -72.35264932453317 143.1 92.36558625566747 -206.61835257265022 163.30069 115.0873 -999.0 -999.0 -999.0 -999.0 -999.0 96.63509548169539 -32.79624042533953 96.52119806866477 -32.810432653785654 37.942904579728 110.68609574679434 -999.0 5400.0 -999.0 1 499 {-999.0 -999.0 -999.0 -999.0 -999.0} "" -999.0 -999.0 -999.0 -999.0 -999 -999 "" "" "" "" 0 0 0.0 0.0 -999 ""
FIBERMAP 617 R-4C3 METROLOGY 0 0 0 1 0 0 -213.75953449515032 -72.64074281803191 143.1 92.58701521192721 -205.9049763284739 163.30069 115.0873 -999.0 -999.0 -999.0 -999.0 -999.0 96.63581002268893 -32.79413593775217 96.52201036085836 -32.808312959643224 37.941754294970465 110.68367782983972 -999.0 6231.0 -999.0 -1 -999 {-999.0 -999.0 -999.0 -999.0 -999.0} "" -999.0 -999.0 -999.0 -999.0 -999 -999 "" "" "" "" 0 0 0.0 0.0 -999 ""
FIBERMAP 618 R+8C5 APOGEE 0 0 0 1 0 0 -111.69699115628217 135.641580055968 143.1 -124.43532517942346 -124.05781554868028 319.48755 58.990036 -999.0 -999.0 -999.0 -999.0 -999.0 95.85328516658481 -32.5485444311494 95.74098580823306 -32.56055472509211 38.525228003112666 110.18561282614377 -999.0 16600.0 -999.0 2 42 {-999.0 -999.0 -999.0 -999.0 -999.0} "" -999.0 -999.0 -999.0 -999.0 -999 -999 "" "" "" "" 0 0 0.0 0.0 -999 ""
FIBERMAP 618 R+8C5 BOSS 1 1 0 1 0 0 -112.39798418832636 135.40382663299525 143.1 -124.13215880052503 -124.73309445580165 319.48755 58.990036 95.85464490771278 -32.55058302646152 -3.462648 3.0580733 0.31570664 95.8546326461689 -32.550573898590876 95.74201453614616 -32.562648473363375 38.52485946034623 110.1884709134308 5400.0 5400.0 2016.0 1 70 {-999.0 17.088854 16.714926 16.599165 -999.0} sdss_psfmag_gaia 17.031086 16.736063 16.270477 15.334 63050395078192732 976856311 "" ops_std_boss ops_std standard_boss 0 0 0.0 0.0 -999 ""
FIBERMAP 618 R+8C5 METROLOGY 0 0 0 1 0 0 -112.25535532431454 136.12942056052063 143.1 -124.86800517265178 -124.6599288589041 319.48755 58.990036 -999.0 -999.0 -999.0 -999.0 -999.0 95.85188353038392 -32.55037918976786 95.73935528508326 -32.562428802384986 38.52699212088029 110.18754654815604 -999.0 6231.0 -999.0 -1 -999 {-999.0 -999.0 -999.0 -999.0 -999.0} "" -999.0 -999.0 -999.0 -999.0 -999 -999 "" "" "" "" 0 0 0.0 0.0 -999 ""
FIBERMAP 621 R-1C10 APOGEE 0 0 0 1 0 0 -82.81841854656257 -29.774188051152695 143.1 37.49475835537329 -79.62062813848338 232.32967 131.51042 -999.0 -999.0 -999.0 -999.0 -999.0 96.4353569934831 -32.413231135504944 96.32330822555372 -32.42691119246837 38.01649824632116 110.16385077787649 -999.0 16600.0 -999.0 2 -999 {-999.0 -999.0 -999.0 -999.0 -999.0} "" -999.0 -999.0 -999.0 -999.0 -999 -999 "" "" "" "" 0 0 0.0 0.0 -999 ""
FIBERMAP 621 R-1C10 BOSS 1 1 0 1 0 0 -83.56782054130699 -29.816790277287403 143.1 37.60824581904399 -80.36260674105345 232.32967 131.51042 96.43613731383982 -32.41551500822117 -5.987287 17.60489 4.5258503 96.43611614413084 -32.415462460376126 96.3237447509285 -32.42920776975367 38.016674524315526 110.16679461569619 5400.0 5400.0 2016.0 1 509 {-999.0 16.15838 14.788883 14.123224 -999.0} sdss_psfmag_from_g3xp 15.610861 14.694207 13.74875 11.88 63050395078128675 1075888075 bright_1x1 mwm_erosita_stars_boss mwm_erosita science 0 0 0.0 0.0 -999 ""
FIBERMAP 621 R-1C10 METROLOGY 0 0 0 1 0 0 -83.23590080720568 -29.153537764079196 143.1 36.91650603468298 -80.09509190775654 232.32967 131.51042 -999.0 -999.0 -999.0 -999.0 -999.0 96.43353974099733 -32.414686566853135 96.32126027201008 -32.428406769658686 38.01852750239416 110.16518626974278 -999.0 6231.0 -999.0 -1 -999 {-999.0 -999.0 -999.0 -999.0 -999.0} "" -999.0 -999.0 -999.0 -999.0 -999 -999 "" "" "" "" 0 0 0.0 0.0 -999 ""
FIBERMAP 622 R-9C14 APOGEE 1 1 0 1 0 0 111.2463175146717 -166.98856863791897 143.1 155.68355980654735 126.582302652311 36.572227 119.14223 96.85329991535824 -31.785619618014554 -1.0354155 1.0506252 0.4013447 96.85329627951994 -31.78561648206273 96.74339867256778 -31.800651708661857 37.52178729914953 109.50157925155771 16000.0 16600.0 2016.0 2 198 {-999.0 12.655713 11.742573 11.401214 -999.0} sdss_psfmag_from_g3xp 12.366492 11.774018 11.042853 9.49 63050395078143644 1103998400 bright_1x1 mwm_tess_rgb_apogee mwm_tessrgb science 0 0 0.0 0.0 -999 ""
FIBERMAP 622 R-9C14 BOSS 0 0 0 1 0 0 111.91779572300752 -167.2999320769947 143.1 155.9298309630423 127.28028132574204 36.572227 119.14223 -999.0 -999.0 -999.0 -999.0 -999.0 96.85451319291697 -31.78339737900472 96.74430500822649 -31.798504526780782 37.520517390783326 109.49918994450701 -999.0 5400.0 -999.0 1 274 {-999.0 -999.0 -999.0 -999.0 -999.0} "" -999.0 -999.0 -999.0 -999.0 -999 -999 "" "" "" "" 0 0 0.0 0.0 -999 ""
FIBERMAP 622 R-9C14 METROLOGY 0 0 0 1 0 0 111.31450616678703 -167.73141658192992 143.1 156.4165871810132 126.72063942299424 36.572227 119.14223 -999.0 -999.0 -999.0 -999.0 -999.0 96.85620092864045 -31.785082374772845 96.74607590552205 -31.80017453627788 37.5194642027315 109.50169416932417 -999.0 6231.0 -999.0 -1 -999 {-999.0 -999.0 -999.0 -999.0 -999.0} "" -999.0 -999.0 -999.0 -999.0 -999 -999 "" "" "" "" 0 0 0.0 0.0 -999 ""
FIBERMAP 625 R+1C2 APOGEE 0 0 0 1 0 0 -266.68688687050644 6.198783417300078 143.1 19.12329650894668 -266.07100628565763 255.98068 94.55194 -999.0 -999.0 -999.0 -999.0 -999.0 96.3715717134878 -32.97651293569933 96.25742271298594 -32.98985176001444 38.19933385945397 110.84416143339882 -999.0 16600.0 -999.0 2 -999 {-999.0 -999.0 -999.0 -999.0 -999.0} "" -999.0 -999.0 -999.0 -999.0 -999 -999 "" "" "" "" 0 0 0.0 0.0 -999 ""
FIBERMAP 625 R+1C2 BOSS 1 1 0 1 0 0 -267.4027029424906 6.2887400037699575 143.1 19.10163804277663 -266.7921232009358 255.98068 94.55194 96.37181679120724 -32.97863289289033 0.09952062 6.941593 1.5584427 96.3718171453171 -32.97861217332135 96.25734464405856 -32.99201230068272 38.19988388776113 110.84682142266047 5400.0 5400.0 2016.0 1 11 {-999.0 20.822216 19.218143 18.362843 -999.0} sdss_psfmag_gaia 20.075733 18.99224 17.910114 15.937 63050395078119784 1095522740 bright_1x1 mwm_bin_vis_boss mwm_filler science 0 0 0.0 0.0 -999 ""
FIBERMAP 625 R+1C2 METROLOGY 0 0 0 1 0 0 -266.9652200459292 6.893066400135751 143.1 18.458546176473625 -266.4139328232916 255.98068 94.55194 -999.0 -999.0 -999.0 -999.0 -999.0 96.36940889568481 -32.97755406870061 96.25503046927741 -32.990930389855635 38.2015316435675 110.84492421572975 -999.0 6231.0 -999.0 -1 -999 {-999.0 -999.0 -999.0 -999.0 -999.0} "" -999.0 -999.0 -999.0 -999.0 -999 -999 "" "" "" "" 0 0 0.0 0.0 -999 ""
FIBERMAP 628 R-7C16 APOGEE 1 1 0 1 0 0 130.60562215811825 -139.7507779046173 143.1 126.73257240309859 143.27083380067958 276.2477 160.90176 96.74972534179686 -31.735652975286854 -999.0 -999.0 -999.0 96.74972534179686 -31.73565297528685 96.64005745255925 -31.750412108372533 37.594766103612955 109.41313208904248 16000.0 16600.0 2015.5 2 207 {-999.0 -999.0 -999.0 -999.0 -999.0} "" -999.0 -999.0 -999.0 -999.0 27021603127948408 841282564 "" ops_sky_apogee_best ops_sky sky_apogee 0 0 0.0 0.0 -999 ""
FIBERMAP 628 R-7C16 BOSS 0 0 0 1 0 0 130.4403905133468 -140.49346446754734 143.1 127.48757803161124 143.1767886132211 276.2477 160.90176 -999.0 -999.0 -999.0 -999.0 -999.0 96.75277730681803 -31.73581230720261 96.64279037008708 -31.750647635372328 37.59256939161761 109.41413441270089 -999.0 5400.0 -999.0 1 292 {-999.0 -999.0 -999.0 -999.0 -999.0} "" -999.0 -999.0 -999.0 -999.0 -999 -999 "" "" "" "" 0 0 0.0 0.0 -999 ""
FIBERMAP 628 R-7C16 METROLOGY 0 0 0 1 0 0 129.89295217488524 -139.98392976860703 143.1 127.03226550254153 142.58349421342947 276.2477 160.90176 -999.0 -999.0 -999.0 -999.0 -999.0 96.75110777020703 -31.737613260990994 96.64120479416238 -31.752424187898075 37.59430958305469 109.4158948391559 -999.0 6231.0 -999.0 -1 -999 {-999.0 -999.0 -999.0 -999.0 -999.0} "" -999.0 -999.0 -999.0 -999.0 -999 -999 "" "" "" "" 0 0 0.0 0.0 -999 ""
FIBERMAP 629 R0C19 APOGEE 1 1 0 1 0 0 103.4122691696057 16.647915943031038 143.1 -26.38097519782964 101.36648956775842 158.23248 69.46992 96.2040131697943 -31.864492233160323 27.64371 -0.32699254 7.958049 96.20411032302808 -31.864493209144946 96.09421141755935 -31.877684387621322 38.075605545384484 109.42803784022452 16000.0 16600.0 2016.0 2 90 {-999.0 10.168384 9.793306 9.672998 -999.0} sdss_psfmag_from_g3xp 10.111879 9.810897 9.345236 8.547 63050395078205785 1110808629 bright_1x1 manual_mwm_planet_tess_eb_apogee mwm_planet science 0 0 0.0 0.0 -999 ""
FIBERMAP 629 R0C19 BOSS 0 0 0 1 0 0 103.9099410407974 17.20043799335273 143.1 -26.978205223956415 101.80951064905781 158.23248 69.46992 -999.0 -999.0 -999.0 -999.0 -999.0 96.20226965397389 -31.86303329739381 96.09206190057324 -31.876284787999232 38.07704453001266 109.42575832438331 -999.0 5400.0 -999.0 1 253 {-999.0 -999.0 -999.0 -999.0 -999.0} "" -999.0 -999.0 -999.0 -999.0 -999 -999 "" "" "" "" 0 0 0.0 0.0 -999 ""
FIBERMAP 629 R0C19 METROLOGY 0 0 0 1 0 0 104.1513328447857 16.49751633558229 143.1 -26.301351481527853 102.11648190735832 158.23248 69.46992 -999.0 -999.0 -999.0 -999.0 -999.0 96.20459597366671 -31.86210566951946 96.09447913976561 -31.875345502295605 38.07482707165615 109.42522125577287 -999.0 6231.0 -999.0 -1 -999 {-999.0 -999.0 -999.0 -999.0 -999.0} "" -999.0 -999.0 -999.0 -999.0 -999 -999 "" "" "" "" 0 0 0.0 0.0 -999 ""
FIBERMAP 632 R-6C1 APOGEE 1 1 0 1 0 0 -227.42945087775323 -100.4880957804276 143.1 121.60519942214863 -216.87198642525618 124.22552 91.65212 96.74011230468749 -32.82629463660858 -999.0 -999.0 -999.0 96.74011230468749 -32.82629463660858 96.62637349721105 -32.84070975334061 37.863820167316184 110.74912834320169 16000.0 16600.0 2015.5 2 274 {-999.0 -999.0 -999.0 -999.0 -999.0} "" -999.0 -999.0 -999.0 -999.0 27021603127945184 841281773 "" ops_sky_apogee_best ops_sky sky_apogee 0 0 0.0 0.0 -999 ""
FIBERMAP 632 R-6C1 BOSS 0 0 0 1 0 0 -226.8199807765792 -100.03932942969269 143.1 121.10065316959466 -216.307830984567 124.22552 91.65212 -999.0 -999.0 -999.0 -999.0 -999.0 96.73862000306224 -32.824566008328524 96.62456945371372 -32.83904060444037 37.864912436142205 110.74662994707577 -999.0 5400.0 -999.0 1 446 {-999.0 -999.0 -999.0 -999.0 -999.0} "" -999.0 -999.0 -999.0 -999.0 -999 -999 "" "" "" "" 0 0 0.0 0.0 -999 ""
FIBERMAP 632 R-6C1 METROLOGY 0 0 0 1 0 0 -226.7297217174207 -100.76539112562564 143.1 121.81487678533436 -216.1491155344224 124.22552 91.65212 -999.0 -999.0 -999.0 -999.0 -999.0 96.74112107633198 -32.82412092232296 96.62716148510941 -32.83858476830022 37.862688125689324 110.74670097302345 -999.0 6231.0 -999.0 -1 -999 {-999.0 -999.0 -999.0 -999.0 -999.0} "" -999.0 -999.0 -999.0 -999.0 -999 -999 "" "" "" "" 0 0 0.0 0.0 -999 ""
FIBERMAP 633 R+7C5 APOGEE 1 1 0 1 0 0 -138.62839141206723 125.2714500951781 143.1 -111.55767839876056 -149.88408707694094 255.38123 70.946014 95.899658203125 -32.62676214621504 -999.0 -999.0 -999.0 95.899658203125 -32.62676214621504 95.78704319750591 -32.63887976792014 38.50520873963933 110.29435651198452 16000.0 16600.0 2015.5 2 34 {-999.0 -999.0 -999.0 -999.0 -999.0} "" -999.0 -999.0 -999.0 -999.0 27021603127945975 841281989 "" ops_sky_apogee_best ops_sky sky_apogee 0 0 0.0 0.0 -999 ""
FIBERMAP 633 R+7C5 BOSS 0 0 0 1 0 0 -139.23398856686356 125.70551560854707 143.1 -111.93234629312576 -150.52811984151714 255.38123 70.946014 -999.0 -999.0 -999.0 -999.0 -999.0 95.89858291965379 -32.62869287147988 95.78564987700656 -32.64086785641086 38.50680178823793 110.29649145965203 -999.0 5400.0 -999.0 1 57 {-999.0 -999.0 -999.0 -999.0 -999.0} "" -999.0 -999.0 -999.0 -999.0 -999 -999 "" "" "" "" 0 0 0.0 0.0 -999 ""
FIBERMAP 633 R+7C5 METROLOGY 0 0 0 1 0 0 -138.57674150036937 126.01437277754904 143.1 -112.30214634423511 -149.90313331642017 255.38123 70.946014 -999.0 -999.0 -999.0 -999.0 -999.0 95.89714424049374 -32.62683823943236 95.78430703757851 -32.638992465050976 38.507478429806824 110.29382988671836 -999.0 6231.0 -999.0 -1 -999 {-999.0 -999.0 -999.0 -999.0 -999.0} "" -999.0 -999.0 -999.0 -999.0 -999 -999 "" "" "" "" 0 0 0.0 0.0 -999 ""
FIBERMAP 634 R+2C21 APOGEE 1 1 0 1 0 0 172.975067297441 25.225705913653186 143.1 -41.51777640065834 169.80171913153666 258.57428 103.375694 96.14972632142042 -31.6574851961569 2.8308663 8.884324 1.3952346 96.14973624820924 -31.65745867783989 96.04062397463576 -31.67055768438867 38.070212462495 109.15872666768134 16000.0 16600.0 2016.0 2 73 {-999.0 12.988892 12.597502 12.485955 -999.0} sdss_psfmag_from_g3xp 12.923423 12.621057 12.156162 11.393 63050395078207675 1164875688 bright_1x1 openfibertargets_mwm_rvscnn24_apogee open_fiber science 0 0 0.0 0.0 -999 ""
FIBERMAP 634 R+2C21 BOSS 0 0 0 1 0 0 172.22747491812584 25.246270096193214 143.1 -41.46734185053504 169.05555091495046 258.57428 103.375694 -999.0 -999.0 -999.0 -999.0 -999.0 96.15021237897568 -31.659584269877456 96.04077992950602 -31.672749753487995 38.07061129914361 109.16146983151856 -999.0 5400.0 -999.0 1 231 {-999.0 -999.0 -999.0 -999.0 -999.0} "" -999.0 -999.0 -999.0 -999.0 -999 -999 "" "" "" "" 0 0 0.0 0.0 -999 ""
FIBERMAP 634 R+2C21 METROLOGY 0 0 0 1 0 0 172.615438196271 25.875983577026254 143.1 -42.131009483691486 169.382037347452 258.57428 103.375694 -999.0 -999.0 -999.0 -999.0 -999.0 96.14775231122833 -31.658600929396595 96.03841291807845 -31.671741159496527 38.072323761182645 109.15961035868216 -999.0 6231.0 -999.0 -1 -999 {-999.0 -999.0 -999.0 -999.0 -999.0} "" -999.0 -999.0 -999.0 -999.0 -999 -999 "" "" "" "" 0 0 0.0 0.0 -999 ""
FIBERMAP 636 R-3C16 APOGEE 1 1 0 1 0 0 66.21281679697084 -71.85546288621637 143.1 65.25111209133114 72.72911636539799 265.56265 73.969666 96.53229431278162 -31.950299825784683 -8.379777 -0.7434694 3.083484 96.53226483475736 -31.950302044921113 96.42190059998326 -31.96438835085165 37.82623433289021 109.61906821383737 16000.0 16600.0 2016.0 2 220 {-999.0 9.991032 9.918304 9.932305 -999.0} sdss_psfmag_from_g3xp 10.036486 9.886413 9.610406 9.261 63050395078140720 974896811 "" ops_std_apogee ops_std standard_apogee 0 0 0.0 0.0 -999 ""
FIBERMAP 636 R-3C16 BOSS 0 0 0 1 0 0 65.50214968265934 -71.60287110750991 143.1 65.06706420191547 71.99769992039472 265.56265 73.969666 -999.0 -999.0 -999.0 -999.0 -999.0 96.53198126588866 -31.952416037203772 96.42129278914024 -31.966566870314686 37.827256359278124 109.62158989674043 -999.0 5400.0 -999.0 1 317 {-999.0 -999.0 -999.0 -999.0 -999.0} "" -999.0 -999.0 -999.0 -999.0 -999 -999 "" "" "" "" 0 0 0.0 0.0 -999 ""
FIBERMAP 636 R-3C16 METROLOGY 0 0 0 1 0 0 66.07508739151746 -71.1172660815154 143.1 64.52931050121697 72.52199388458187 265.56265 73.969666 -999.0 -999.0 -999.0 -999.0 -999.0 96.52996415431225 -31.95084520943909 96.41937181002027 -31.964972147011274 37.82845703041854 109.61913577226608 -999.0 6231.0 -999.0 -1 -999 {-999.0 -999.0 -999.0 -999.0 -999.0} "" -999.0 -999.0 -999.0 -999.0 -999 -999 "" "" "" "" 0 0 0.0 0.0 -999 ""
FIBERMAP 642 R-2C18 APOGEE 0 0 0 1 0 0 116.33071554565227 -30.17167831165135 143.1 19.00201942759026 118.66725909166342 30.975037 145.1256 -999.0 -999.0 -999.0 -999.0 -999.0 96.3661139603066 -31.81161403779283 96.25633571219447 -31.82527475460496 37.92935445602193 109.4052712565767 -999.0 16600.0 -999.0 2 -999 {-999.0 -999.0 -999.0 -999.0 -999.0} "" -999.0 -999.0 -999.0 -999.0 -999 -999 "" "" "" "" 0 0 0.0 0.0 -999 ""
FIBERMAP 642 R-2C18 BOSS 1 1 0 1 0 0 117.08552327829084 -30.23065667773219 143.1 18.989141316627705 119.42425351124606 30.975037 145.1256 96.36601457612086 -31.809220310164648 -1.804489 9.525269 1.5616462 96.36638153932905 -31.809191878728914 96.25629890513805 -31.822920017352565 37.92881945355981 109.40236373909514 5400.0 5400.0 2016.0 1 299 {-999.0 12.458823 11.8678875 11.67941 -999.0} sdss_psfmag_from_g3xp 12.320606 11.912803 11.339528 10.253 63050395078205911 996795483 bright_1x1 mwm_bin_gaia_sb_boss mwm_bin science 0 0 1.1420435905456543 0.0 -999 ""
FIBERMAP 642 R-2C18 METROLOGY 0 0 0 1 0 0 116.66164171316983 -30.842488335762674 143.1 19.638414538777745 119.06031491110042 30.975037 145.1256 -999.0 -999.0 -999.0 -999.0 -999.0 96.3686202919918 -31.810294636412653 96.25862093408995 -31.82401002932931 37.927165909082454 109.40430583203653 -999.0 6231.0 -999.0 -1 -999 {-999.0 -999.0 -999.0 -999.0 -999.0} "" -999.0 -999.0 -999.0 -999.0 -999 -999 "" "" "" "" 0 0 0.0 0.0 -999 ""
FIBERMAP 643 R+9C3 APOGEE 0 0 0 1 0 0 -163.85881218328782 182.33467969988902 143.1 -165.97033164910394 -180.4128200465189 205.6854 57.302197 -999.0 -999.0 -999.0 -999.0 -999.0 95.70439226065915 -32.71826723295943 95.59151859042726 -32.72981198685162 38.68602776895536 110.3602805183829 -999.0 16600.0 -999.0 2 35 {-999.0 -999.0 -999.0 -999.0 -999.0} "" -999.0 -999.0 -999.0 -999.0 -999 -999 "" "" "" "" 0 0 0.0 0.0 -999 ""
FIBERMAP 643 R+9C3 BOSS 1 1 0 1 0 0 -163.7685930212043 183.10437264092624 143.1 -166.74510714068305 -180.39601017823935 205.6854 57.302197 95.70190429687501 -32.71815911538022 -999.0 -999.0 -999.0 95.70190429687501 -32.71815911538022 95.58872253485893 -32.72975681060291 38.688307796096886 110.35953660105679 5400.0 5400.0 2015.5 1 59 {-999.0 -999.0 -999.0 -999.0 -999.0} "" -999.0 -999.0 -999.0 -999.0 27021603127956736 819173005 "" ops_sky_boss_good ops_sky sky_boss 0 0 0.0 0.0 -999 ""
FIBERMAP 643 R+9C3 METROLOGY 0 0 0 1 0 0 -163.17648492628524 182.62544679116235 143.1 -166.32450202770715 -179.76115077565615 205.6854 57.302197 -999.0 -999.0 -999.0 -999.0 -999.0 95.70328880387922 -32.71630011373705 95.59020115983077 -32.72788525888409 38.68667623562446 110.3575568502493 -999.0 6231.0 -999.0 -1 -999 {-999.0 -999.0 -999.0 -999.0 -999.0} "" -999.0 -999.0 -999.0 -999.0 -999 -999 "" "" "" "" 0 0 0.0 0.0 -999 ""
FIBERMAP 646 R-9C11 APOGEE 0 0 0 1 0 0 20.275047862975565 -158.55943529632088 143.1 155.92070694443558 35.22220490742161 188.66336 41.37992 -999.0 -999.0 -999.0 -999.0 -999.0 96.85733123751426 -32.06234002553983 96.7464072435726 -32.07730569140613 37.58617962941441 109.8409777636025 -999.0 16600.0 -999.0 2 164 {-999.0 -999.0 -999.0 -999.0 -999.0} "" -999.0 -999.0 -999.0 -999.0 -999 -999 "" "" "" "" 0 0 0.0 0.0 -999 ""
FIBERMAP 646 R-9C11 BOSS 1 1 0 1 0 0 20.73194415961379 -157.9713527106378 143.1 155.29194428811908 35.62126170949542 188.66336 41.37992 96.85546874999999 -32.061061863724234 -999.0 -999.0 -999.0 96.85546874999999 -32.061061863724234 96.7442318361331 -32.076089393872145 37.587677234623825 109.83892949723968 5400.0 5400.0 2015.5 1 397 {-999.0 -999.0 -999.0 -999.0 -999.0} "" -999.0 -999.0 -999.0 -999.0 27021603127947775 819170943 "" ops_sky_boss_good ops_sky sky_boss 0 0 0.0 0.0 -999 ""
FIBERMAP 646 R-9C11 METROLOGY 0 0 0 1 0 0 21.015940747284233 -158.67511786602634 143.1 155.96559684101118 35.97072543817688 188.66336 41.37992 -999.0 -999.0 -999.0 -999.0 -999.0 96.85779285414092 -32.06000107813147 96.74664907131682 -32.07501654315231 37.5854313455957 109.83823550685776 -999.0 6231.0 -999.0 -1 -999 {-999.0 -999.0 -999.0 -999.0 -999.0} "" -999.0 -999.0 -999.0 -999.0 -999 -999 "" "" "" "" 0 0 0.0 0.0 -999 ""
FIBERMAP 651 R-2C19 APOGEE 1 1 0 1 0 0 146.442849689072 -44.96096577929739 143.1 30.868543126329058 150.04616890936418 336.0062 112.10113 96.40799034117542 -31.716482868068184 -2.5631196 0.9427969 0.7888588 96.4079813475569 -31.716480053966748 96.29853589275267 -31.730285959246455 37.8716595125412 109.29938430979887 16000.0 16600.0 2016.0 2 240 {-999.0 11.5256195 10.744886 10.463191 -999.0} sdss_psfmag_from_g3xp 11.302186 10.786586 10.115021 8.837 63050395078206682 1106888973 bright_1x1 mwm_tess_rgb_apogee mwm_tessrgb science 0 0 0.0 0.0 -999 ""
FIBERMAP 651 R-2C19 BOSS 0 0 0 1 0 0 146.43951784631696 -45.691810206974864 143.1 31.59640457753807 150.11216954268426 336.0062 112.10113 -999.0 -999.0 -999.0 -999.0 -999.0 96.41090584950923 -31.71613997946332 96.30114603142692 -31.730020673295325 37.869441131351884 109.2997376166592 -999.0 5400.0 -999.0 1 303 {-999.0 -999.0 -999.0 -999.0 -999.0} "" -999.0 -999.0 -999.0 -999.0 -999 -999 "" "" "" "" 0 0 0.0 0.0 -999 ""
FIBERMAP 651 R-2C19 METROLOGY 0 0 0 1 0 0 145.78846835623813 -45.32139490570336 143.1 31.289410539702683 149.42892655952204 336.0062 112.10113 -999.0 -999.0 -999.0 -999.0 -999.0 96.40973761831553 -31.71821222593214 96.30005967331374 -31.732070185094088 37.870832856177756 109.30197423641687 -999.0 6231.0 -999.0 -1 -999 {-999.0 -999.0 -999.0 -999.0 -999.0} "" -999.0 -999.0 -999.0 -999.0 -999 -999 "" "" "" "" 0 0 0.0 0.0 -999 ""
FIBERMAP 652 R-4C22 APOGEE 0 0 0 1 0 0 215.99404277529578 -64.30134848695283 143.1 43.52499435398344 221.11776387357324 139.6863 96.550644 -999.0 -999.0 -999.0 -999.0 -999.0 96.45172586056034 -31.50181555317704 96.34304981512173 -31.515806952179837 37.78275654270829 109.04765445875682 -999.0 16600.0 -999.0 2 -999 {-999.0 -999.0 -999.0 -999.0 -999.0} "" -999.0 -999.0 -999.0 -999.0 -999 -999 "" "" "" "" 0 0 0.0 0.0 -999 ""
FIBERMAP 652 R-4C22 BOSS 1 1 0 1 0 0 216.3919391755527 -63.6437548972356 143.1 42.83263034734494 221.45149428280553 139.6863 96.550644 96.449581377586 -31.50071162828538 0.34695625 0.5662646 0.24679938 96.44958259218743 -31.500709938074092 96.34059768776895 -31.514763171676968 37.784528239984766 109.04572694372423 5400.0 5400.0 2016.0 1 278 {-999.0 19.300024 19.17882 19.165628 -999.0} sdss_psfmag_gaia 19.300793 19.156818 18.819666 -999.0 63050395078210714 1116444444 bright_1x1 openfibertargets_bhm_quaia_boss open_fiber science 0 0 0.0 0.0 -999 ""
FIBERMAP 652 R-4C22 METROLOGY 0 0 0 1 0 0 216.74136743808015 -64.33303547466613 143.1 43.4856577931227 221.86472053209923 139.6863 96.550644 -999.0 -999.0 -999.0 -999.0 -999.0 96.45181260203232 -31.499444446846816 96.34292018504794 -31.5134851804049 37.78229579730391 109.04477181017529 -999.0 6231.0 -999.0 -1 -999 {-999.0 -999.0 -999.0 -999.0 -999.0} "" -999.0 -999.0 -999.0 -999.0 -999 -999 "" "" "" "" 0 0 0.0 0.0 -999 ""
FIBERMAP 653 R+5C11 APOGEE 0 0 0 1 0 0 -24.982942237407592 109.10564577030333 143.1 -106.2436253798722 -35.218369861988215 175.96526 73.99933 -999.0 -999.0 -999.0 -999.0 -999.0 95.91844764230416 -32.27934279461904 95.80712994737416 -32.291613184282134 38.409235100592646 109.8676125382529 -999.0 16600.0 -999.0 2 142 {-999.0 -999.0 -999.0 -999.0 -999.0} "" -999.0 -999.0 -999.0 -999.0 -999 -999 "" "" "" "" 0 0 0.0 0.0 -999 ""
FIBERMAP 653 R+5C11 BOSS 1 1 0 1 0 0 -24.701652748738674 109.79383148743328 143.1 -106.95538376115637 -35.0036215389385 175.96526 73.99933 95.91613769531249 -32.27864511316389 -999.0 -999.0 -999.0 95.91613769531249 -32.27864511316389 95.80451301424353 -32.29097164519281 38.41123908113178 109.86616325859303 5400.0 5400.0 2015.5 1 143 {-999.0 -999.0 -999.0 -999.0 -999.0} "" -999.0 -999.0 -999.0 -999.0 27021603127957171 819173185 "" ops_sky_boss_good ops_sky sky_boss 0 0 0.0 0.0 -999 ""
FIBERMAP 653 R+5C11 METROLOGY 0 0 0 1 0 0 -24.244668182464878 109.20818482702312 143.1 -106.41572368590326 -34.49315371779834 175.96526 73.99933 -999.0 -999.0 -999.0 -999.0 -999.0 95.91797309757263 -32.2771181102471 95.80644129471796 -32.28943254703036 38.40929727715409 109.86473330065931 -999.0 6231.0 -999.0 -1 -999 {-999.0 -999.0 -999.0 -999.0 -999.0} "" -999.0 -999.0 -999.0 -999.0 -999 -999 "" "" "" "" 0 0 0.0 0.0 -999 ""
FIBERMAP 656 R+4C4 APOGEE 0 0 0 1 0 0 -168.2253145607577 94.99938567932267 143.1 -78.61511995645805 -176.4762369932469 113.84735 47.79603 -999.0 -999.0 -999.0 -999.0 -999.0 96.01834489597151 -32.70727700394507 95.90537283232254 -32.71970380259787 38.4264916762013 110.42369874772248 -999.0 16600.0 -999.0 2 -999 {-999.0 -999.0 -999.0 -999.0 -999.0} "" -999.0 -999.0 -999.0 -999.0 -999 -999 "" "" "" "" 0 0 0.0 0.0 -999 ""
FIBERMAP 656 R+4C4 BOSS 1 1 0 1 0 0 -167.53263032159117 94.75831444820744 143.1 -78.44083501356934 -175.7638149239467 113.84735 47.79603 96.01924022267767 -32.7051354488126 2.77041 5.7175555 1.175604 96.01925004990133 -32.705118382803995 95.9059738140335 -32.71760939721281 38.42552534378573 110.42124064038184 5400.0 5400.0 2016.0 1 37 {-999.0 -999.0 -999.0 -999.0 -999.0} "" -999.0 17.428932 -999.0 13.787 63050395078126436 1094550479 bright_1x1 mwm_bin_vis_boss mwm_filler science 0 0 0.0 0.0 -999 ""
FIBERMAP 656 R+4C4 METROLOGY 0 0 0 1 0 0 -168.06884895499758 94.26793730041257 143.1 -77.90181337779964 -176.25110294522386 113.84735 47.79603 -999.0 -999.0 -999.0 -999.0 -999.0 96.02109437775302 -32.70663223272231 95.907899672594 -32.71911066412834 38.42428670462201 110.42357520212875 -999.0 6231.0 -999.0 -1 -999 {-999.0 -999.0 -999.0 -999.0 -999.0} "" -999.0 -999.0 -999.0 -999.0 -999 -999 "" "" "" "" 0 0 0.0 0.0 -999 ""
FIBERMAP 657 R-1C7 APOGEE 0 0 0 1 0 0 -132.58217230785382 -5.161961254860412 143.1 17.7135066951133 -131.49411471179107 92.79952 62.613735 -999.0 -999.0 -999.0 -999.0 -999.0 96.36486243986174 -32.57074085524641 96.25225264118495 -32.584177770091244 38.11120679680451 110.34054867574935 -999.0 16600.0 -999.0 2 280 {-999.0 -999.0 -999.0 -999.0 -999.0} "" -999.0 -999.0 -999.0 -999.0 -999 -999 "" "" "" "" 0 0 0.0 0.0 -999 ""
FIBERMAP 657 R-1C7 BOSS 1 1 0 1 0 0 -131.89319983877846 -5.480267752201364 143.1 17.965030314283297 -130.7780622265721 92.79952 62.613735 96.36608383205012 -32.56857718272767 0.28854245 2.424939 0.63398 96.36608485400951 -32.5685699446646 96.253167824266 -32.582073765600654 38.10997186005935 110.33817220310824 5400.0 5400.0 2016.0 1 460 {-999.0 13.885167 13.606303 13.534799 -999.0} sdss_psfmag_from_g3xp 13.856689 13.607528 13.207278 12.549 63050395078127922 946227707 bright_1x1 openfibertargets_nov2020_9 open_fiber science 0 0 0.0 0.0 -999 ""
FIBERMAP 657 R-1C7 METROLOGY 0 0 0 1 0 0 -132.50811121251056 -5.911290358770422 143.1 18.452428998047903 -131.3493172957175 92.79952 62.613735 -999.0 -999.0 -999.0 -999.0 -999.0 96.36776085691181 -32.57032513689309 96.25492551405841 -32.583815331348255 38.10893169550729 110.34075961532318 -999.0 6231.0 -999.0 -1 -999 {-999.0 -999.0 -999.0 -999.0 -999.0} "" -999.0 -999.0 -999.0 -999.0 -999 -999 "" "" "" "" 0 0 0.0 0.0 -999 ""
FIBERMAP 658 R-3C12 APOGEE 0 0 0 1 0 0 -9.878673899218823 -39.00151616986775 143.1 39.76241523300559 -6.134956863231286 131.66763 63.869427 -999.0 -999.0 -999.0 -999.0 -999.0 96.44238002563219 -32.19010529034034 96.33116275598553 -32.20386973062629 37.95779807119345 109.89070318245163 -999.0 16600.0 -999.0 2 177 {-999.0 -999.0 -999.0 -999.0 -999.0} "" -999.0 -999.0 -999.0 -999.0 -999 -999 "" "" "" "" 0 0 0.0 0.0 -999 ""
FIBERMAP 658 R-3C12 BOSS 1 1 0 1 0 0 -9.167725435752038 -38.83634266324226 143.1 39.530556919462384 -5.442883571417383 131.66763 63.869427 96.44188231100755 -32.18795681444713 -0.14111 4.1222167 0.23478962 96.44188181332511 -32.18794451027556 96.33035785290824 -32.201772857472726 37.957965724474555 109.88791505100376 5400.0 5400.0 2016.0 1 421 {-999.0 17.811264 17.426336 17.306135 -999.0} sdss_psfmag_gaia 17.757915 17.448864 16.985453 16.293 63050395078139980 976855820 "" ops_std_boss ops_std standard_boss 0 0 0.0 0.0 -999 ""
FIBERMAP 658 R-3C12 METROLOGY 0 0 0 1 0 0 -9.37587022522985 -39.5596134328424 143.1 40.270304522725425 -5.581489700364453 131.66763 63.869427 -999.0 -999.0 -999.0 -999.0 -999.0 96.44445414931107 -32.18837405901682 96.33301660448564 -32.20219116978654 37.95587793590429 109.88910327517331 -999.0 6231.0 -999.0 -1 -999 {-999.0 -999.0 -999.0 -999.0 -999.0} "" -999.0 -999.0 -999.0 -999.0 -999 -999 "" "" "" "" 0 0 0.0 0.0 -999 ""
FIBERMAP 659 R+7C14 APOGEE 0 0 0 1 0 0 60.36542738441703 132.38539832543572 143.1 -137.51321865540433 47.53675845373806 228.46538 72.3204 -999.0 -999.0 -999.0 -999.0 -999.0 95.80683135766208 -32.02817313972588 95.69650083515205 -32.04020359211805 38.441865313965295 109.5276995497216 -999.0 16600.0 -999.0 2 94 {-999.0 -999.0 -999.0 -999.0 -999.0} "" -999.0 -999.0 -999.0 -999.0 -999 -999 "" "" "" "" 0 0 0.0 0.0 -999 ""
FIBERMAP 659 R+7C14 BOSS 1 1 0 1 0 0 59.9814185645554 133.03004944929324 143.1 -138.11853828579467 47.09334065249478 228.46538 72.3204 95.80490112304686 -32.02943156506967 -999.0 -999.0 -999.0 95.80490112304686 -32.029431565069665 95.69425756597388 -32.04151927566599 38.44402178623078 109.52876524379217 5400.0 5400.0 2015.5 1 167 {-999.0 -999.0 -999.0 -999.0 -999.0} "" -999.0 -999.0 -999.0 -999.0 27021603127957377 819173224 "" ops_sky_boss_good ops_sky sky_boss 0 0 0.0 0.0 -999 ""
FIBERMAP 659 R+7C14 METROLOGY 0 0 0 1 0 0 60.72994962577407 133.0466345010976 143.1 -138.20604341079772 47.83691986945772 228.46538 72.3204 -999.0 -999.0 -999.0 -999.0 -999.0 95.80448929409106 -32.027188957541355 95.6939418662106 -32.03925830871675 38.44375339017467 109.52587860044218 -999.0 6231.0 -999.0 -1 -999 {-999.0 -999.0 -999.0 -999.0 -999.0} "" -999.0 -999.0 -999.0 -999.0 -999 -999 "" "" "" "" 0 0 0.0 0.0 -999 ""
FIBERMAP 662 R+12C15 APOGEE 0 0 0 1 0 0 146.92829100653032 215.7582481199098 143.1 -228.71984208779628 125.80132797770698 287.34845 58.84509 -999.0 -999.0 -999.0 -999.0 -999.0 95.48386648424007 -31.791052890799357 95.37456210775775 -31.802247804014865 38.65174771333079 109.15004374175629 -999.0 16600.0 -999.0 2 109 {-999.0 -999.0 -999.0 -999.0 -999.0} "" -999.0 -999.0 -999.0 -999.0 -999 -999 "" "" "" "" 0 0 0.0 0.0 -999 ""
FIBERMAP 662 R+12C15 BOSS 1 1 0 1 0 0 146.1933057531112 215.91001605667697 143.1 -228.80121477754417 125.05526586999586 287.34845 58.84509 95.48384861834208 -31.793248594829432 2.4258308 3.3847468 0.34512898 95.48385713729473 -31.793238491889817 95.37423873275033 -31.804495606775706 38.652542850372235 109.15275883597842 5400.0 5400.0 2016.0 1 187 {-999.0 18.470377 18.081652 17.959915 -999.0} sdss_psfmag_gaia 18.391327 18.104649 17.614775 -999.0 63050395078203498 978614426 "" ops_std_boss ops_std standard_boss 0 0 0.0 0.0 -999 ""
FIBERMAP 662 R+12C15 METROLOGY 0 0 0 1 0 0 146.7042242634153 216.47690746456547 143.1 -229.4140056853179 125.51011092440108 287.34845 58.84509 -999.0 -999.0 -999.0 -999.0 -999.0 95.4815673541365 -31.79185927089638 95.37204170143173 -31.803092557709817 38.654028218883575 109.15045093912684 -999.0 6231.0 -999.0 -1 -999 {-999.0 -999.0 -999.0 -999.0 -999.0} "" -999.0 -999.0 -999.0 -999.0 -999 -999 "" "" "" "" 0 0 0.0 0.0 -999 ""
FIBERMAP 666 R-7C1 APOGEE 1 1 0 1 0 0 -217.73673002102254 -123.35671882680262 143.1 143.45128219733093 -205.05402783011317 114.063416 115.07204 96.81807198464426 -32.79001578171993 -6.1779833 9.9844 0.7697465 96.81844171533376 -32.789985979847565 96.70480676618284 -32.80463126341186 37.791378785325925 110.72386321182351 16000.0 16600.0 2016.0 2 275 {-999.0 10.948982 9.576561 8.247169 -999.0} sdss_psfmag_from_g3xp 10.411976 8.969901 7.789258 5.206 63050395078121753 1151850632 bright_1x1 mwm_galactic_core_dist_apogee_sparse mwm_galactic science 0 0 1.1853305101394653 0.0 -999 ""
FIBERMAP 666 R-7C1 BOSS 0 0 0 1 0 0 -217.2526864958385 -122.78422292085477 143.1 142.83546106608648 -204.62646801120403 114.063416 115.07204 -999.0 -999.0 -999.0 -999.0 -999.0 96.81655494522234 -32.78867041860906 96.70260597857566 -32.80337438176368 37.79288916158451 110.72177610647557 -999.0 5400.0 -999.0 1 447 {-999.0 -999.0 -999.0 -999.0 -999.0} "" -999.0 -999.0 -999.0 -999.0 -999 -999 "" "" "" "" 0 0 0.0 0.0 -999 ""
FIBERMAP 666 R-7C1 METROLOGY 0 0 0 1 0 0 -217.00490628272829 -123.49581161703443 143.1 143.52033681143527 -204.31231514952532 114.063416 115.07204 -999.0 -999.0 -999.0 -999.0 -999.0 96.81894947045971 -32.78775404891568 96.70509346870114 -32.80244697906783 37.79064088539665 110.72124385491074 -999.0 6231.0 -999.0 -1 -999 {-999.0 -999.0 -999.0 -999.0 -999.0} "" -999.0 -999.0 -999.0 -999.0 -999 -999 "" "" "" "" 0 0 0.0 0.0 -999 ""
FIBERMAP 670 R+9C6 APOGEE 0 0 0 1 0 0 -60.744613852400434 181.80912825935087 143.1 -175.22708872086616 -77.71422666074591 65.24781 66.085915 -999.0 -999.0 -999.0 -999.0 -999.0 95.67121692273479 -32.40769619277367 95.55952909334121 -32.41923736850659 38.64210665541357 109.9650138133255 -999.0 16600.0 -999.0 2 149 {-999.0 -999.0 -999.0 -999.0 -999.0} "" -999.0 -999.0 -999.0 -999.0 -999 -999 "" "" "" "" 0 0 0.0 0.0 -999 ""
FIBERMAP 670 R+9C6 BOSS 1 1 0 1 0 0 -60.28231370445657 181.2486855487398 143.1 -174.71302298626887 -77.20085773789285 65.24781 66.085915 95.67331018584767 -32.40612271408732 -2.2974098 4.2941747 0.2219844 95.67330206356192 -32.40610989664786 95.56131054745359 -32.41771840235609 38.640296223471374 109.96355913563387 5400.0 5400.0 2016.0 1 153 {-999.0 18.178875 17.791763 17.670681 -999.0} sdss_psfmag_gaia 18.124298 17.814562 17.349483 -999.0 63050395078193268 976856319 "" ops_std_boss ops_std standard_boss 0 0 0.0 0.0 -999 ""
FIBERMAP 670 R+9C6 METROLOGY 0 0 0 1 0 0 -60.982533109202606 181.10818372816834 143.1 -174.50674259715188 -77.8845904041332 65.24781 66.085915 -999.0 -999.0 -999.0 -999.0 -999.0 95.67392302317107 -32.40821117860673 95.56201072712105 -32.419803514034854 38.64019597720661 109.96633087546138 -999.0 6231.0 -999.0 -1 -999 {-999.0 -999.0 -999.0 -999.0 -999.0} "" -999.0 -999.0 -999.0 -999.0 -999 -999 "" "" "" "" 0 0 0.0 0.0 -999 ""
FIBERMAP 679 R+6C12 APOGEE 0 0 0 1 0 0 39.67877933577941 117.2824029158276 143.1 -120.51635805939584 28.37594253983242 33.41221 82.668785 -999.0 -999.0 -999.0 -999.0 -999.0 95.86746127494187 -32.08631975775577 95.75688703778513 -32.09850317528622 38.4057283387466 109.61531410247545 -999.0 16600.0 -999.0 2 -999 {-999.0 -999.0 -999.0 -999.0 -999.0} "" -999.0 -999.0 -999.0 -999.0 -999 -999 "" "" "" "" 0 0 0.0 0.0 -999 ""
FIBERMAP 679 R+6C12 BOSS 1 1 0 1 0 0 40.008236795140434 116.59038405784392 143.1 -119.85871054910092 28.76954784703196 33.41221 82.668785 95.87005247441272 -32.0850465161305 -0.006849178 -0.25003868 -0.5011532 95.87005245028351 -32.08504726245683 95.75917190181084 -32.097301339070874 38.40356570379255 109.61439937211519 5400.0 5400.0 2016.0 1 122 {-999.0 19.77458 19.676687 19.673223 -999.0} sdss_psfmag_gaia 19.77096 19.64965 19.316557 -999.0 63050395078197155 1116444326 bright_1x1 openfibertargets_bhm_quaia_boss open_fiber science 0 0 0.0 0.0 -999 ""
FIBERMAP 679 R+6C12 METROLOGY 0 0 0 1 0 0 39.26871215657154 116.65682867935953 143.1 -119.8547145267912 28.027059392490692 33.41221 82.668785 -999.0 -999.0 -999.0 -999.0 -999.0 95.86996159833755 -32.08731595209466 95.75916042352083 -32.09955124808669 38.404100312146994 109.61718822860666 -999.0 6231.0 -999.0 -1 -999 {-999.0 -999.0 -999.0 -999.0 -999.0} "" -999.0 -999.0 -999.0 -999.0 -999 -999 "" "" "" "" 0 0 0.0 0.0 -999 ""
FIBERMAP 680 R-6C10 APOGEE 0 0 0 1 0 0 -10.642443635536614 -111.09298762152497 143.1 111.60091042063556 -0.05771439459976379 23.174875 119.23943 -999.0 -999.0 -999.0 -999.0 -999.0 96.69985683870871 -32.17037558955289 96.58859984586417 -32.18486790172184 37.74163463955524 109.9326143900152 -999.0 16600.0 -999.0 2 -999 {-999.0 -999.0 -999.0 -999.0 -999.0} "" -999.0 -999.0 -999.0 -999.0 -999 -999 "" "" "" "" 0 0 0.0 0.0 -999 ""
FIBERMAP 680 R-6C10 BOSS 1 1 0 1 0 0 -10.060959983432433 -111.5495374581237 143.1 112.00024820690861 0.5644462550853621 23.174875 119.23943 96.70166015625 -32.168411425209925 -999.0 -999.0 -999.0 96.70166015625 -32.168411425209925 96.59009238769958 -32.18297507571338 37.73995788905067 109.93066890302312 5400.0 5400.0 2015.5 1 411 {-999.0 -999.0 -999.0 -999.0 -999.0} "" -999.0 -999.0 -999.0 -999.0 27021603127947655 819170914 "" ops_sky_boss_good ops_sky sky_boss 0 0 0.0 0.0 -999 ""
FIBERMAP 680 R-6C10 METROLOGY 0 0 0 1 0 0 -10.743388824170554 -111.83414096981922 143.1 112.34829246273627 -0.08790872986322405 23.174875 119.23943 -999.0 -999.0 -999.0 -999.0 -999.0 96.70284562850844 -32.17040308109577 96.59135979570198 -32.1849508547945 37.739385406641155 109.93341812648944 -999.0 6231.0 -999.0 -1 -999 {-999.0 -999.0 -999.0 -999.0 -999.0} "" -999.0 -999.0 -999.0 -999.0 -999 -999 "" "" "" "" 0 0 0.0 0.0 -999 ""
FIBERMAP 682 R-8C1 APOGEE 1 1 0 1 0 0 -189.97390943886785 -167.9499171603796 143.1 185.2100059595372 -173.1870547376241 342.5584 83.89756 96.9676972913508 -32.69226625108882 -13.1738825 -39.61794 4.8647337 96.9676505675023 -32.69238450442636 96.85432142554501 -32.70747663031205 37.64656065310427 110.64118630358124 16000.0 16600.0 2016.0 2 257 {-999.0 11.66264 11.151388 11.010456 -999.0} sdss_psfmag_from_g3xp 11.556393 11.198083 10.6787 9.786 63050395078130888 1103630898 bright_1x1 mwm_tess_2min_apogee mwm_planet science 0 0 0.0 0.0 -999 ""
FIBERMAP 682 R-8C1 BOSS 0 0 0 1 0 0 -190.27630727265205 -168.62193911388613 143.1 185.90767557478043 -173.4243491871451 342.5584 83.89756 -999.0 -999.0 -999.0 -999.0 -999.0 96.97048781965734 -32.693015237713816 96.85683272916214 -32.70817965814793 37.64466908011596 110.64267076191328 -999.0 5400.0 -999.0 1 527 {-999.0 -999.0 -999.0 -999.0 -999.0} "" -999.0 -999.0 -999.0 -999.0 -999 -999 "" "" "" "" 0 0 0.0 0.0 -999 ""
FIBERMAP 682 R-8C1 METROLOGY 0 0 0 1 0 0 -190.71987955086618 -168.03517895042262 143.1 185.3656349251847 -173.921570873433 342.5584 83.89756 -999.0 -999.0 -999.0 -999.0 -999.0 96.96850526183503 -32.69458556562657 96.85493599191085 -32.709725663643624 37.64658094031512 110.64410074579877 -999.0 6231.0 -999.0 -1 -999 {-999.0 -999.0 -999.0 -999.0 -999.0} "" -999.0 -999.0 -999.0 -999.0 -999 -999 "" "" "" "" 0 0 0.0 0.0 -999 ""
FIBERMAP 684 R-12C13 APOGEE 0 0 0 1 0 0 102.28022595865151 -251.7041473311617 143.1 240.86713256872932 125.69159011295582 306.2147 38.33578 -999.0 -999.0 -999.0 -999.0 -999.0 97.15538278353262 -31.786541270320278 97.04534933805024 -31.802424501057178 37.27337974117664 109.58268172179157 -999.0 16600.0 -999.0 2 -999 {-999.0 -999.0 -999.0 -999.0 -999.0} "" -999.0 -999.0 -999.0 -999.0 -999 -999 "" "" "" "" 0 0 0.0 0.0 -999 ""
FIBERMAP 684 R-12C13 BOSS 1 1 0 1 0 0 101.5665138343411 -251.5101707623601 143.1 240.74172410976342 124.96270180235531 306.2147 38.33578 97.15529280334161 -31.788695865710384 -0.5391348 6.193732 0.30754432 97.15529091011923 -31.788677378390545 97.04492902091135 -31.80462869377018 37.27426674281765 109.58525693207515 5400.0 5400.0 2016.0 1 429 {-999.0 16.892658 16.54809 16.444159 -999.0} sdss_psfmag_gaia 16.849009 16.565311 16.12013 15.224 63050395078143008 976855851 "" ops_std_boss ops_std standard_boss 0 0 0.0 0.0 -999 ""
FIBERMAP 684 R-12C13 METROLOGY 0 0 0 1 0 0 102.10001659532583 -250.97818396971303 143.1 240.1615382413164 125.4433397154549 306.2147 38.33578 -999.0 -999.0 -999.0 -999.0 -999.0 97.15317760332451 -31.7872356082756 97.04291271763725 -31.803161862764462 37.27556814905848 109.58294170556053 -999.0 6231.0 -999.0 -1 -999 {-999.0 -999.0 -999.0 -999.0 -999.0} "" -999.0 -999.0 -999.0 -999.0 -999 -999 "" "" "" "" 0 0 0.0 0.0 -999 ""
FIBERMAP 686 R+8C2 APOGEE 0 0 0 1 0 0 -188.2175947773978 143.8196920326911 143.1 -125.31887301050484 -201.0086683998696 243.2811 105.92285 -999.0 -999.0 -999.0 -999.0 -999.0 95.85048824120422 -32.78093848844151 95.73731192068612 -32.79287416110952 38.58067452434714 110.4741266247473 -999.0 16600.0 -999.0 2 -999 {-999.0 -999.0 -999.0 -999.0 -999.0} "" -999.0 -999.0 -999.0 -999.0 -999 -999 "" "" "" "" 0 0 0.0 0.0 -999 ""
FIBERMAP 686 R+8C2 BOSS 1 1 0 1 0 0 -188.98286547833848 143.98339873743373 143.1 -125.40925813350604 -201.7860115889924 243.2811 105.92285 95.85044032841657 -32.78329576008295 5.5371995 17.183037 1.0559372 95.85045998725154 -32.78324447140635 95.73696426994783 -32.79523954813805 38.58148953253504 110.47699169045615 5400.0 5400.0 2016.0 1 71 {-999.0 15.71928 15.159784 14.968031 -999.0} sdss_psfmag_gaia 15.569317 15.198599 14.610646 13.54 63050395078125862 1094590637 bright_1x1 mwm_bin_vis_boss mwm_filler science 0 0 0.0 0.0 -999 ""
FIBERMAP 686 R+8C2 METROLOGY 0 0 0 1 0 0 -188.47365810640196 144.52249341881338 143.1 -125.99421549342496 -201.33023354956694 243.2811 105.92285 -999.0 -999.0 -999.0 -999.0 -999.0 95.8482416658424 -32.781914287499426 95.73483975141977 -32.793886481907535 38.58292672628248 110.47479281165192 -999.0 6231.0 -999.0 -1 -999 {-999.0 -999.0 -999.0 -999.0 -999.0} "" -999.0 -999.0 -999.0 -999.0 -999 -999 "" "" "" "" 0 0 0.0 0.0 -999 ""
FIBERMAP 696 R+9C5 APOGEE 1 1 0 1 0 0 -83.38600360492863 174.99637629294003 143.1 -166.29765110754383 -99.60725446566045 32.14096 81.179054 95.70279881099087 -32.47410822022373 -0.34427443 3.18735 0.92612296 95.70312192845306 -32.47409870648281 95.59117050877502 -32.485710078020226 38.63123549581845 110.05565908466212 16000.0 16600.0 2016.0 2 45 {-999.0 9.839242 8.670208 8.156247 -999.0} sdss_psfmag_from_g3xp 9.410845 8.640473 7.785778 5.84 63050395078193181 1151850666 bright_1x1 mwm_galactic_core_dist_apogee_sparse mwm_galactic science 0 0 0.9850339293479919 0.0 -999 ""
FIBERMAP 696 R+9C5 BOSS 0 0 0 1 0 0 -83.04635036749667 174.32436734805623 143.1 -165.6608902123153 -99.20539725731729 32.14096 81.179054 -999.0 -999.0 -999.0 -999.0 -999.0 95.70565335525464 -32.472858372358296 95.59339588488581 -32.484538054115454 38.62914104578752 110.05474416145057 -999.0 5400.0 -999.0 1 80 {-999.0 -999.0 -999.0 -999.0 -999.0} "" -999.0 -999.0 -999.0 -999.0 -999 -999 "" "" "" "" 0 0 0.0 0.0 -999 ""
FIBERMAP 696 R+9C5 METROLOGY 0 0 0 1 0 0 -83.80269125438137 174.37750150688802 143.1 -165.64204886144407 -99.96336361277332 32.14096 81.179054 -999.0 -999.0 -999.0 -999.0 -999.0 95.70560540120326 -32.47518429548577 95.59342683194569 -32.486845914542876 38.6296401206563 110.05762870074898 -999.0 6231.0 -999.0 -1 -999 {-999.0 -999.0 -999.0 -999.0 -999.0} "" -999.0 -999.0 -999.0 -999.0 -999 -999 "" "" "" "" 0 0 0.0 0.0 -999 ""
FIBERMAP 697 R-7C20 APOGEE 0 0 0 1 0 0 224.94388012625117 -138.72753075199142 143.1 116.76636794776113 237.08620403053573 340.64816 123.655556 -999.0 -999.0 -999.0 -999.0 -999.0 96.71107711107545 -31.452955090938186 96.60246459223748 -31.46768864706527 37.55650769373139 109.05738535839151 -999.0 16600.0 -999.0 2 194 {-999.0 -999.0 -999.0 -999.0 -999.0} "" -999.0 -999.0 -999.0 -999.0 -999 -999 "" "" "" "" 0 0 0.0 0.0 -999 ""
FIBERMAP 697 R-7C20 BOSS 1 1 0 1 0 0 225.13382168582805 -139.41496002392944 143.1 117.43267906943674 237.34048790184215 340.64816 123.655556 96.7137482348601 -31.45212032676225 -1.2465154 2.7019477 1.6336397 96.71374387340717 -31.45211226187128 96.60481757451295 -31.466922266301694 37.55437372443792 109.05707328943261 5400.0 5400.0 2016.0 1 267 {-999.0 19.87979 18.169626 17.179316 -999.0} sdss_psfmag_gaia 19.094734 17.840273 16.764168 14.661 63050395078209500 1095069133 bright_1x1 mwm_bin_vis_boss mwm_filler science 0 0 0.0 0.0 -999 ""
FIBERMAP 697 R-7C20 METROLOGY 0 0 0 1 0 0 224.42675897214596 -139.2612606933589 143.1 117.34673537182559 236.62203910886194 340.64816 123.655556 -999.0 -999.0 -999.0 -999.0 -999.0 96.71340155482321 -31.45424772003469 96.60455663757159 -31.469036645344335 37.55511116235322 109.05958860035406 -999.0 6231.0 -999.0 -1 -999 {-999.0 -999.0 -999.0 -999.0 -999.0} "" -999.0 -999.0 -999.0 -999.0 -999 -999 "" "" "" "" 0 0 0.0 0.0 -999 ""
FIBERMAP 700 R+2C2 APOGEE 0 0 0 1 0 0 -243.84318200065093 29.77550386292083 143.1 -6.5136267628073785 -245.56656658280667 250.81317 147.07907 -999.0 -999.0 -999.0 -999.0 -999.0 96.27887967558664 -32.91524372230858 96.16500425355201 -32.92834046433068 38.26103915756832 110.74564173626754 -999.0 16600.0 -999.0 2 -999 {-999.0 -999.0 -999.0 -999.0 -999.0} "" -999.0 -999.0 -999.0 -999.0 -999 -999 "" "" "" "" 0 0 0.0 0.0 -999 ""
FIBERMAP 700 R+2C2 BOSS 1 1 0 1 0 0 -244.44411090049982 29.323386657561667 143.1 -6.006554877226725 -246.12190156255107 250.81317 147.07907 96.28102964344654 -32.91686887274688 -0.18495144 0.13388236 -0.26599377 96.28102898582003 -32.91686847312899 96.16683144094621 -32.93003189523337 38.25992590952709 110.74818040963224 5400.0 5400.0 2016.0 1 10 {-999.0 18.865156 18.689234 18.5393 18.435167} sdss_psfmag_from_gaiadr2 18.86524 18.686605 18.262999 -999.0 63050395078120197 1057636851 bright_flexible_2x1 bhm_gua_bright bhm_filler science 0 0 0.0 0.0 -999 ""
FIBERMAP 700 R+2C2 METROLOGY 0 0 0 1 0 0 -244.54133056827555 30.04399370317511 143.1 -6.7146882809532595 -246.28702885153243 250.81317 147.07907 -999.0 -999.0 -999.0 -999.0 -999.0 96.27838657770879 -32.91742981007232 96.16427730929928 -32.930568337994906 38.26213537841231 110.74823120086808 -999.0 6231.0 -999.0 -1 -999 {-999.0 -999.0 -999.0 -999.0 -999.0} "" -999.0 -999.0 -999.0 -999.0 -999 -999 "" "" "" "" 0 0 0.0 0.0 -999 ""
FIBERMAP 701 R+2C8 APOGEE 0 0 0 1 0 0 -103.54163554688303 58.355500108786615 143.1 -48.27161014732887 -108.60902195203165 130.85643 36.71771 -999.0 -999.0 -999.0 -999.0 -999.0 96.12705113463325 -32.50193332746368 96.01480536138871 -32.51472375214956 38.290021956471236 110.19596726468848 -999.0 16600.0 -999.0 2 -999 {-999.0 -999.0 -999.0 -999.0 -999.0} "" -999.0 -999.0 -999.0 -999.0 -999 -999 "" "" "" "" 0 0 0.0 0.0 -999 ""
FIBERMAP 701 R+2C8 BOSS 1 1 0 1 0 0 -102.78865266876157 58.17332653329677 143.1 -48.16167606500878 -107.84215961633828 130.85643 36.71771 96.12772500410456 -32.49960174965292 -0.40199786 -0.20693703 0.31405568 96.12772358140175 -32.499602367327554 96.01517350921695 -32.512457619953594 38.28919942424547 110.19324805179448 5400.0 5400.0 2016.0 1 45 {-999.0 19.615791 19.26802 19.162798 -999.0} sdss_psfmag_gaia 19.558943 19.285683 18.826595 -999.0 63050395078129134 1116443910 bright_1x1 openfibertargets_bhm_quaia_boss open_fiber science 0 0 0.0 0.0 -999 ""
FIBERMAP 701 R+2C8 METROLOGY 0 0 0 1 0 0 -103.3135166160473 57.64313786232036 143.1 -47.584099555775644 -108.31436825489087 130.85643 36.71771 -999.0 -999.0 -999.0 -999.0 -999.0 96.12971207491493 -32.501060197889416 96.01724415051478 -32.513902952285484 38.28783189801091 110.19555117830032 -999.0 6231.0 -999.0 -1 -999 {-999.0 -999.0 -999.0 -999.0 -999.0} "" -999.0 -999.0 -999.0 -999.0 -999 -999 "" "" "" "" 0 0 0.0 0.0 -999 ""
FIBERMAP 702 R-4C16 APOGEE 0 0 0 1 0 0 74.41426114954302 -66.80142180994228 143.1 59.44201308715663 80.4141859362665 184.46085 70.927284 -999.0 -999.0 -999.0 -999.0 -999.0 96.51133050414312 -31.927074289000394 96.40106055765546 -31.94110861609577 37.8378283780481 109.58509001488682 -999.0 16600.0 -999.0 2 -999 {-999.0 -999.0 -999.0 -999.0 -999.0} "" -999.0 -999.0 -999.0 -999.0 -999 -999 "" "" "" "" 0 0 0.0 0.0 -999 ""
FIBERMAP 702 R-4C16 BOSS 1 1 0 1 0 0 74.59692539226603 -66.087269228265 143.1 58.71375923264051 80.52829135682846 184.46085 70.927284 96.50906090860967 -31.92666915611407 4.5727262 14.421207 1.9308496 96.50907699020922 -31.92662611106634 96.39849515030049 -31.940720256991746 37.839849020251336 109.58395231715777 5400.0 5400.0 2016.0 1 318 {-999.0 15.746559 14.874082 14.541777 -999.0} sdss_psfmag_gaia 14.877854 14.911497 13.587217 12.234 63050395078140744 1094443537 bright_1x1 mwm_bin_vis_boss mwm_filler science 0 0 0.0 0.0 -999 ""
FIBERMAP 702 R-4C16 METROLOGY 0 0 0 1 0 0 75.13599915762647 -66.60497216121813 143.1 59.17799646843015 81.11403366239904 184.46085 70.927284 -999.0 -999.0 -999.0 -999.0 -999.0 96.51064322582674 -31.92485411571539 96.40015590457062 -31.93893446105427 37.838052942394775 109.58218434684343 -999.0 6231.0 -999.0 -1 -999 {-999.0 -999.0 -999.0 -999.0 -999.0} "" -999.0 -999.0 -999.0 -999.0 -999 -999 "" "" "" "" 0 0 0.0 0.0 -999 ""
FIBERMAP 703 R0C3 APOGEE 1 1 0 1 0 0 -258.47772988196175 -14.56029671647106 143.1 39.01006834324313 -255.92999587244833 270.29208 69.040306 96.4431565837364 -32.945771245790766 1.6915977 0.824729 0.58076304 96.44316260046708 -32.945768784103585 96.32909954326563 -32.959317054330924 38.13386676224153 110.82356952516967 16000.0 16600.0 2016.0 2 252 {-999.0 11.878639 10.824543 10.438492 -999.0} sdss_psfmag_from_g3xp 11.516151 10.855193 10.076409 8.4 63050395078119850 1151850612 bright_1x1 mwm_galactic_core_dist_apogee_sparse mwm_galactic science 0 0 0.0 0.0 -999 ""
FIBERMAP 703 R0C3 BOSS 0 0 0 1 0 0 -259.1430851642214 -14.213373798076999 143.1 38.72781748767562 -256.62525192129766 270.29208 69.040306 -999.0 -999.0 -999.0 -999.0 -999.0 96.4424711451721 -32.94780531469845 96.32808388328641 -32.96141263984553 38.1351702941018 110.8259201348971 -999.0 5400.0 -999.0 1 521 {-999.0 -999.0 -999.0 -999.0 -999.0} "" -999.0 -999.0 -999.0 -999.0 -999 -999 "" "" "" "" 0 0 0.0 0.0 -999 ""
FIBERMAP 703 R0C3 METROLOGY 0 0 0 1 0 0 -258.5036721756291 -13.815983259628924 143.1 38.271575186609304 -256.02641597974 270.29208 69.040306 -999.0 -999.0 -999.0 -999.0 -999.0 96.44073804812616 -32.946080725981545 96.32644781220614 -32.95966623894883 38.13611303994775 110.82336294955849 -999.0 6231.0 -999.0 -1 -999 {-999.0 -999.0 -999.0 -999.0 -999.0} "" -999.0 -999.0 -999.0 -999.0 -999 -999 "" "" "" "" 0 0 0.0 0.0 -999 ""
FIBERMAP 708 R+12C13 APOGEE 0 0 0 1 0 0 101.16364164117014 225.3853195292999 143.1 -233.9628782161976 79.33017133079996 215.37506 116.14045 -999.0 -999.0 -999.0 -999.0 -999.0 95.46409753772906 -31.931462268501207 95.35428182945293 -31.94256120145235 38.70131273229594 109.31962850864056 -999.0 16600.0 -999.0 2 -999 {-999.0 -999.0 -999.0 -999.0 -999.0} "" -999.0 -999.0 -999.0 -999.0 -999 -999 "" "" "" "" 0 0 0.0 0.0 -999 ""
FIBERMAP 708 R+12C13 BOSS 1 1 0 1 0 0 100.4958083251459 225.72981721235897 143.1 -234.24247975299895 78.63267845697322 215.37506 116.14045 95.4633832111018 -31.93350222847772 -3.2584324 0.8774246 -0.4806512 95.46337175082196 -31.933499609502135 95.35324268333349 -31.94465813703943 38.70265868219924 109.32197842536205 5400.0 5400.0 2016.0 1 105 {-999.0 14.440423 14.118871 13.92579 -999.0} sdss_psfmag_from_g3xp 14.374247 14.2070055 13.591909 12.784 63050395078200059 1093734125 bright_1x1 mwm_astar_core_boss_single mwm_ob science 0 0 0.0 0.0 -999 ""
FIBERMAP 708 R+12C13 METROLOGY 0 0 0 1 0 0 101.13282290737514 226.1326805012829 143.1 -234.70394262239665 79.22860775169086 215.37506 116.14045 -999.0 -999.0 -999.0 -999.0 -999.0 95.46161793677354 -31.931698796158496 95.35158308611977 -31.94283530647723 38.70360368700979 109.31928662226551 -999.0 6231.0 -999.0 -1 -999 {-999.0 -999.0 -999.0 -999.0 -999.0} "" -999.0 -999.0 -999.0 -999.0 -999 -999 "" "" "" "" 0 0 0.0 0.0 -999 ""
FIBERMAP 711 R-8C15 APOGEE 1 1 0 1 0 0 125.54517292757123 -149.18430913307282 143.1 136.6034829902965 139.12795680989652 36.944317 103.6057 96.78505469741044 -31.747969897501445 -20.700891 -15.434503 4.255487 96.78498203622976 -31.748015967055007 96.67525441811378 -31.762870478632276 37.56877220636075 109.43757412940359 16000.0 16600.0 2016.0 2 201 {-999.0 9.534898 9.258591 9.175591 -999.0} sdss_psfmag_from_g3xp 9.510237 9.262225 8.8522415 8.203 63050395078143965 1108990324 bright_1x1 mwm_tess_rgb_apogee mwm_tessrgb science 0 0 0.0 0.0 -999 ""
FIBERMAP 711 R-8C15 BOSS 0 0 0 1 0 0 126.15048104549867 -149.6120371746873 143.1 136.971869433768 139.77110076048393 36.944317 103.6057 -999.0 -999.0 -999.0 -999.0 -999.0 96.78663515121133 -31.74595544819674 96.67659558124802 -31.76088292344353 37.567182181526796 109.43549241511866 -999.0 5400.0 -999.0 1 284 {-999.0 -999.0 -999.0 -999.0 -999.0} "" -999.0 -999.0 -999.0 -999.0 -999 -999 "" "" "" "" 0 0 0.0 0.0 -999 ""
FIBERMAP 711 R-8C15 METROLOGY 0 0 0 1 0 0 125.45622749712436 -149.9280417199104 143.1 137.3522945031955 139.10995269627264 36.944317 103.6057 -999.0 -999.0 -999.0 -999.0 -999.0 96.78794404450746 -31.74794818174433 96.67798648467448 -31.762859542852432 37.56651653237889 109.4382743830096 -999.0 6231.0 -999.0 -1 -999 {-999.0 -999.0 -999.0 -999.0 -999.0} "" -999.0 -999.0 -999.0 -999.0 -999 -999 "" "" "" "" 0 0 0.0 0.0 -999 ""
FIBERMAP 712 R-7C5 APOGEE 1 1 0 1 0 0 -113.99944873046834 -153.46872096119898 143.1 163.58832765125263 -98.92901702376682 346.89127 56.630005 96.88861137145621 -32.46891398359814 -19.155933 43.688534 2.269167 96.8885436002781 -32.468783580145555 96.77608924712018 -32.48371856438547 37.65832122861113 110.34693629075645 16000.0 16600.0 2016.0 2 298 {-999.0 12.018843 11.332585 11.06791 -999.0} sdss_psfmag_from_g3xp 11.834906 11.369195 10.7234745 9.46 63050395078132914 996691933 bright_1x1 mwm_bin_gaia_sb_apogee mwm_bin science 0 0 0.0 0.0 -999 ""
FIBERMAP 712 R-7C5 BOSS 0 0 0 1 0 0 -114.53982812613543 -153.9642295725442 143.1 164.13285221778162 -99.41996032872932 346.89127 56.630005 -999.0 -999.0 -999.0 -999.0 -999.0 96.8908860217768 -32.47021601407979 96.77810491045 -32.48522230868421 37.65702189941419 110.34928726423249 -999.0 5400.0 -999.0 1 489 {-999.0 -999.0 -999.0 -999.0 -999.0} "" -999.0 -999.0 -999.0 -999.0 -999 -999 "" "" "" "" 0 0 0.0 0.0 -999 ""
FIBERMAP 712 R-7C5 METROLOGY 0 0 0 1 0 0 -114.70690137209814 -153.24869941424438 143.1 163.43639809469516 -99.65414436026138 346.89127 56.630005 -999.0 -999.0 -999.0 -999.0 -999.0 96.88833296285422 -32.47097982851829 96.77564067111012 -32.48596025950181 37.65921575331756 110.34957632357532 -999.0 6231.0 -999.0 -1 -999 {-999.0 -999.0 -999.0 -999.0 -999.0} "" -999.0 -999.0 -999.0 -999.0 -999 -999 "" "" "" "" 0 0 0.0 0.0 -999 ""
FIBERMAP 713 R+3C9 APOGEE 1 1 0 1 0 0 -69.52029627826937 70.3634679530391 143.1 -63.45215179388632 -75.88015681197655 68.13954 101.70006 96.07224521789124 -32.40280570093167 -5.099486 24.718733 1.451993 96.07222718979193 -32.4027319193823 95.96037900241315 -32.41539741496334 38.3118546900396 110.05933092585038 16000.0 16600.0 2016.0 2 22 {-999.0 12.66907 12.051914 11.827522 -999.0} sdss_psfmag_from_g3xp 12.518229 12.084624 11.485791 10.307 63050395078129572 1104973163 bright_1x1 mwm_tess_rgb_apogee mwm_tessrgb science 0 0 0.0 0.0 -999 ""
FIBERMAP 713 R+3C9 BOSS 0 0 0 1 0 0 -68.77335461202321 70.26272207125187 143.1 -63.42270486275977 -75.1270314834329 68.13954 101.70006 -999.0 -999.0 -999.0 -999.0 -999.0 96.07259914288461 -32.40042611275907 95.96044666217489 -32.413155774959044 38.311282170331616 110.05656785193213 -999.0 5400.0 -999.0 1 32 {-999.0 -999.0 -999.0 -999.0 -999.0} "" -999.0 -999.0 -999.0 -999.0 -999 -999 "" "" "" "" 0 0 0.0 0.0 -999 ""
FIBERMAP 713 R+3C9 METROLOGY 0 0 0 1 0 0 -69.24596966392362 69.67743919580808 143.1 -62.7952384229371 -75.54200162768232 68.13954 101.70006 -999.0 -999.0 -999.0 -999.0 -999.0 96.07476204144481 -32.401709133892 95.96269225911271 -32.41442678183441 38.30973063695843 110.05870114642119 -999.0 6231.0 -999.0 -1 -999 {-999.0 -999.0 -999.0 -999.0 -999.0} "" -999.0 -999.0 -999.0 -999.0 -999 -999 "" "" "" "" 0 0 0.0 0.0 -999 ""
FIBERMAP 718 R+2C7 APOGEE 1 1 0 1 0 0 -149.49183535864904 24.4417004914768 143.1 -10.152717438209905 -151.13522798409858 283.03827 43.096004 96.26474650403003 -32.63051808065715 -9.836039 11.512901 3.832746 96.26471164267446 -32.63048371644414 96.15192203163373 -32.64362277903591 38.20710719793196 110.38945658380065 16000.0 16600.0 2016.0 2 29 {-999.0 12.99987 12.420899 12.243532 -999.0} sdss_psfmag_from_g3xp 12.866846 12.468485 11.907754 10.892 63050395078127735 1077080743 bright_1x1 mwm_snc_ext_filler_apogee mwm_snc science 0 0 0.0 0.0 -999 ""
FIBERMAP 718 R+2C7 BOSS 0 0 0 1 0 0 -150.14625202404375 24.856366096534146 143.1 -10.503442674616625 -151.82601989348166 283.03827 43.096004 -999.0 -999.0 -999.0 -999.0 -999.0 96.26376587077688 -32.63257919198026 96.15065310804482 -32.64577717797056 38.208640288479124 110.39181443673206 -999.0 5400.0 -999.0 1 48 {-999.0 -999.0 -999.0 -999.0 -999.0} "" -999.0 -999.0 -999.0 -999.0 -999 -999 "" "" "" "" 0 0 0.0 0.0 -999 ""
FIBERMAP 718 R+2C7 METROLOGY 0 0 0 1 0 0 -149.46382819598318 25.187307431972506 143.1 -10.897615112634291 -151.17806484096235 283.03827 43.096004 -999.0 -999.0 -999.0 -999.0 -999.0 96.26224803417934 -32.63065768414203 96.14923228696841 -32.64383434132648 38.20936034882383 110.3890590781651 -999.0 6231.0 -999.0 -1 -999 {-999.0 -999.0 -999.0 -999.0 -999.0} "" -999.0 -999.0 -999.0 -999.0 -999 -999 "" "" "" "" 0 0 0.0 0.0 -999 ""
FIBERMAP 720 R-7C15 APOGEE 0 0 0 1 0 0 108.87256395509814 -121.09583009387705 143.1 110.22311856626712 119.8665361015986 90.02957 86.44034 -999.0 -999.0 -999.0 -999.0 -999.0 96.69167127823822 -31.80672925523596 96.58176675496725 -31.821304668484817 37.660044975727956 109.48477414113276 -999.0 16600.0 -999.0 2 -999 {-999.0 -999.0 -999.0 -999.0 -999.0} "" -999.0 -999.0 -999.0 -999.0 -999 -999 "" "" "" "" 0 0 0.0 0.0 -999 ""
FIBERMAP 720 R-7C15 BOSS 1 1 0 1 0 0 109.6618962499427 -121.17972599293581 143.1 110.23177100649072 120.66026256195659 90.02957 86.44034 96.69204711914062 -31.804209081090292 -999.0 -999.0 -999.0 96.69204711914064 -31.8042090810903 96.58183514271626 -31.818853453110858 37.65939496550728 109.4817877662298 5400.0 5400.0 2015.5 1 283 {-999.0 -999.0 -999.0 -999.0 -999.0} "" -999.0 -999.0 -999.0 -999.0 27021603127948059 819170940 "" ops_sky_boss_good ops_sky sky_boss 0 0 0.0 0.0 -999 ""
FIBERMAP 720 R-7C15 METROLOGY 0 0 0 1 0 0 109.2034303199463 -121.76666961672008 143.1 110.85954871505564 120.25953518613905 90.02957 86.44034 -999.0 -999.0 -999.0 -999.0 -999.0 96.69422229945268 -31.80541735499314 96.5840945713685 -31.82004844609858 37.65782166394472 109.4838396792382 -999.0 6231.0 -999.0 -1 -999 {-999.0 -999.0 -999.0 -999.0 -999.0} "" -999.0 -999.0 -999.0 -999.0 -999 -999 "" "" "" "" 0 0 0.0 0.0 -999 ""
FIBERMAP 722 R-4C20 APOGEE 0 0 0 1 0 0 190.76862885270586 -79.27321598197385 143.1 60.82180127217551 197.42623288304893 339.70782 128.73698 -999.0 -999.0 -999.0 -999.0 -999.0 96.51370871750437 -31.573011245896105 96.40474376896708 -31.58715569022908 37.749207817191696 109.15142334114711 -999.0 16600.0 -999.0 2 -999 {-999.0 -999.0 -999.0 -999.0 -999.0} "" -999.0 -999.0 -999.0 -999.0 -999 -999 "" "" "" "" 0 0 0.0 0.0 -999 ""
FIBERMAP 722 R-4C20 BOSS 1 1 0 1 0 0 191.00482460887326 -79.98340887014822 143.1 61.5063862458018 197.72872119296116 339.70782 128.73698 96.51634712848185 -31.57174642072979 34.46376 -75.699936 1.5321434 96.51646786904993 -31.571972373131842 96.40719135009597 -31.586192352456855 37.74695081841635 109.15088541818706 5400.0 5400.0 2016.0 1 312 {-999.0 18.911673 17.85057 17.419302 -999.0} sdss_psfmag_gaia 18.56527 17.863735 17.069792 15.489 63050395078209287 1073300259 bright_1x1 mwm_halo_local_high_boss_single mwm_halo science 0 0 0.0 0.0 -999 ""
FIBERMAP 722 R-4C20 METROLOGY 0 0 0 1 0 0 190.2806136646939 -79.84008403810839 143.1 61.43239665243848 196.9941855519171 339.70782 128.73698 -999.0 -999.0 -999.0 -999.0 -999.0 96.51614339779525 -31.574179726273524 96.40694755361761 -31.588379005187093 37.74768586619879 109.15350309848498 -999.0 6231.0 -999.0 -1 -999 {-999.0 -999.0 -999.0 -999.0 -999.0} "" -999.0 -999.0 -999.0 -999.0 -999 -999 "" "" "" "" 0 0 0.0 0.0 -999 ""
FIBERMAP 725 R-11C8 APOGEE 1 1 0 1 0 0 -30.429775656222066 -213.54647474214752 143.1 215.46867167359107 -10.038456998995297 224.99985 64.22855 97.07120379297933 -32.19785304558887 0.57575864 -0.6326073 0.65834373 97.07120582385001 -32.19785493382256 96.95968481694976 -32.21338142044607 37.443495192235446 110.06211785941602 16000.0 16600.0 2016.0 2 173 {-999.0 12.027867 11.22849 10.945529 -999.0} sdss_psfmag_from_g3xp 11.794766 11.270829 10.595072 9.247 63050395078134191 1104176402 bright_1x1 mwm_tess_rgb_apogee mwm_tessrgb science 0 0 0.0 0.0 -999 ""
FIBERMAP 725 R-11C8 BOSS 0 0 0 1 0 0 -30.65008387538744 -212.82744876775828 143.1 214.77378662152236 -10.325967267346567 224.99985 64.22855 -999.0 -999.0 -999.0 -999.0 -999.0 97.06911811024433 -32.198682137814096 96.95727398454062 -32.214269469788334 37.44568823780964 110.0625882720048 -999.0 5400.0 -999.0 1 415 {-999.0 -999.0 -999.0 -999.0 -999.0} "" -999.0 -999.0 -999.0 -999.0 -999 -999 "" "" "" "" 0 0 0.0 0.0 -999 ""
FIBERMAP 725 R-11C8 METROLOGY 0 0 0 1 0 0 -29.94185084620127 -212.97946326046093 143.1 214.85794208715225 -9.606513241187793 224.99985 64.22855 -999.0 -999.0 -999.0 -999.0 -999.0 97.06933920305681 -32.19652046414243 96.95759391366391 -32.21209008079785 37.444903260797936 110.06000486832858 -999.0 6231.0 -999.0 -1 -999 {-999.0 -999.0 -999.0 -999.0 -999.0} "" -999.0 -999.0 -999.0 -999.0 -999 -999 "" "" "" "" 0 0 0.0 0.0 -999 ""
FIBERMAP 727 R+5C12 APOGEE 0 0 0 1 0 0 7.480079084289554 81.18385187584126 143.1 -81.52684608253263 -0.2536231325873895 280.1235 92.25369 -999.0 -999.0 -999.0 -999.0 -999.0 96.0070491591259 -32.17320682084345 95.89608840498187 -32.18575607992419 38.31146913094113 109.758581324208 -999.0 16600.0 -999.0 2 132 {-999.0 -999.0 -999.0 -999.0 -999.0} "" -999.0 -999.0 -999.0 -999.0 -999 -999 "" "" "" "" 0 0 0.0 0.0 -999 ""
FIBERMAP 727 R+5C12 BOSS 1 1 0 1 0 0 6.751453912972327 81.01682556939133 143.1 -81.29146677322379 -0.9631176106078042 280.1235 92.25369 96.00814819335936 -32.17529711819208 -999.0 -999.0 -999.0 96.00814819335936 -32.17529711819207 95.89686790722156 -32.18791200969747 38.31133029365725 109.76144923538757 5400.0 5400.0 2015.5 1 121 {-999.0 -999.0 -999.0 -999.0 -999.0} "" -999.0 -999.0 -999.0 -999.0 27021603127957196 819173097 "" ops_sky_boss_good ops_sky sky_boss 0 0 0.0 0.0 -999 ""
FIBERMAP 727 R+5C12 METROLOGY 0 0 0 1 0 0 6.981117675438226 81.7318592914905 143.1 -82.02505549213281 -0.8023083956425927 280.1235 92.25369 -999.0 -999.0 -999.0 -999.0 -999.0 96.0054208013964 -32.174828293878534 95.89423167069975 -32.18741777700799 38.313384627548 109.76017383060827 -999.0 6231.0 -999.0 -1 -999 {-999.0 -999.0 -999.0 -999.0 -999.0} "" -999.0 -999.0 -999.0 -999.0 -999 -999 "" "" "" "" 0 0 0.0 0.0 -999 ""
FIBERMAP 728 R+7C12 APOGEE 1 1 0 1 0 0 36.733523346794804 148.65945763838752 143.1 -151.47243385710647 22.468003182170918 76.88253 116.96748 95.75653167306442 -32.10417247369623 1.2776549 1.9014112 1.1140248 95.75677167397151 -32.10416679828145 95.64618122160114 -32.11603508931549 38.501006476124886 109.60919173875835 16000.0 16600.0 2016.0 2 143 {-999.0 10.066433 9.056366 8.669293 -999.0} sdss_psfmag_from_g3xp 9.728391 9.081602 8.310633 6.661 63050395078197295 1151850685 bright_1x1 mwm_galactic_core_dist_apogee_sparse mwm_galactic science 0 0 0.718153715133667 0.0 -999 ""
FIBERMAP 728 R+7C12 BOSS 0 0 0 1 0 0 37.46260631696762 148.8297561582733 143.1 -151.71111402952198 23.177643037263955 76.88253 116.96748 -999.0 -999.0 -999.0 -999.0 -999.0 95.7561571002296 -32.10194001340216 95.64526583061803 -32.11386977615849 38.50125710500105 109.60627040171681 -999.0 5400.0 -999.0 1 144 {-999.0 -999.0 -999.0 -999.0 -999.0} "" -999.0 -999.0 -999.0 -999.0 -999 -999 "" "" "" "" 0 0 0.0 0.0 -999 ""
FIBERMAP 728 R+7C12 METROLOGY 0 0 0 1 0 0 37.283275126774306 148.1149657817735 143.1 -150.98254138478237 23.066916116118335 76.88253 116.96748 -999.0 -999.0 -999.0 -999.0 -999.0 95.75865056659123 -32.102294017514986 95.64784439912665 -32.11421293589763 38.49921271901814 109.60734572585113 -999.0 6231.0 -999.0 -1 -999 {-999.0 -999.0 -999.0 -999.0 -999.0} "" -999.0 -999.0 -999.0 -999.0 -999 -999 "" "" "" "" 0 0 0.0 0.0 -999 ""
FIBERMAP 729 R-8C19 APOGEE 1 1 0 1 0 0 191.55987106946796 -171.08461450602792 143.1 152.1437228137992 206.921817957781 278.00732 69.54228 96.8375782987071 -31.543235603912734 -10.86302 2.4585557 1.5110708 96.83754025285519 -31.543228265503195 96.72854152831366 -31.558290351859302 37.47468492190342 109.20149778159112 16000.0 16600.0 2016.0 2 193 {-999.0 11.647212 10.909416 10.626855 -999.0} sdss_psfmag_from_g3xp 11.44175 10.942021 10.279316 8.935 63050395078209638 1109499140 bright_1x1 mwm_tess_rgb_apogee mwm_tessrgb science 0 0 0.0 0.0 -999 ""
FIBERMAP 729 R-8C19 BOSS 0 0 0 1 0 0 190.83957383957102 -170.91396029322718 143.1 152.04215600394946 206.18858629106265 278.00732 69.54228 -999.0 -999.0 -999.0 -999.0 -999.0 96.83753654802537 -31.54535832662043 96.72821196273446 -31.56048854057683 37.47549866260592 109.20409504834217 -999.0 5400.0 -999.0 1 266 {-999.0 -999.0 -999.0 -999.0 -999.0} "" -999.0 -999.0 -999.0 -999.0 -999 -999 "" "" "" "" 0 0 0.0 0.0 -999 ""
FIBERMAP 729 R-8C19 METROLOGY 0 0 0 1 0 0 191.33417080924497 -170.36607653246168 143.1 151.44983497154533 206.6289862724876 278.00732 69.54228 -999.0 -999.0 -999.0 -999.0 -999.0 96.83536203958752 -31.544023121982676 96.72613330665172 -31.55912813036555 37.47688009926299 109.20188379943204 -999.0 6231.0 -999.0 -1 -999 {-999.0 -999.0 -999.0 -999.0 -999.0} "" -999.0 -999.0 -999.0 -999.0 -999 -999 "" "" "" "" 0 0 0.0 0.0 -999 ""
FIBERMAP 731 R0C27 APOGEE 0 0 0 1 0 0 297.93868008867224 -10.502554297503302 143.1 -17.803050151938855 297.58992488079434 296.32962 123.404106 -999.0 -999.0 -999.0 -999.0 -999.0 96.23330029705966 -31.272946451255663 96.12555928932812 -31.286392237796978 37.906423379598415 108.7083351131248 -999.0 16600.0 -999.0 2 -999 {-999.0 -999.0 -999.0 -999.0 -999.0} "" -999.0 -999.0 -999.0 -999.0 -999 -999 "" "" "" "" 0 0 0.0 0.0 -999 ""
FIBERMAP 731 R0C27 BOSS 1 1 0 1 0 0 297.570192122269 -11.174795241023695 143.1 -17.09889417165402 297.28685939575564 296.32962 123.404106 96.23610064056277 -31.273819948296488 1.8292346 -1.3155203 0.44815654 96.23610702877374 -31.273823874918456 96.128049987255 -31.287344954334586 37.90459498088526 108.7101695254572 5400.0 5400.0 2016.0 1 182 {-999.0 15.81549 15.229313 15.026337 -999.0} sdss_psfmag_gaia 15.665264 15.269618 14.678339 13.625 63050395078216747 945210837 bright_1x1 openfibertargets_nov2020_8 open_fiber science 0 0 0.0 0.0 -999 ""
FIBERMAP 731 R0C27 METROLOGY 0 0 0 1 0 0 297.190689744205 -10.50549731972736 143.1 -17.729176761870804 296.84559005225526 296.32962 123.404106 -999.0 -999.0 -999.0 -999.0 -999.0 96.23378863582198 -31.275105924705414 96.12581613271095 -31.28860093357462 37.90675436799721 108.71111676082327 -999.0 6231.0 -999.0 -1 -999 {-999.0 -999.0 -999.0 -999.0 -999.0} "" -999.0 -999.0 -999.0 -999.0 -999 -999 "" "" "" "" 0 0 0.0 0.0 -999 ""
FIBERMAP 732 R-10C12 APOGEE 0 0 0 1 0 0 66.0547970221681 -203.97468504140338 143.1 196.78894359492114 85.1027472803091 233.26836 142.71146 -999.0 -999.0 -999.0 -999.0 -999.0 97.00105690315223 -31.910251637358655 96.890633917262 -31.925665208598875 37.430883751334875 109.69268743711334 -999.0 16600.0 -999.0 2 -999 {-999.0 -999.0 -999.0 -999.0 -999.0} "" -999.0 -999.0 -999.0 -999.0 -999 -999 "" "" "" "" 0 0 0.0 0.0 -999 ""
FIBERMAP 732 R-10C12 BOSS 1 1 0 1 0 0 65.3244920217481 -204.20545677404792 143.1 197.08793991197504 84.39762653409382 233.26836 142.71146 97.00251624172564 -31.912300562873156 1.0657605 3.4478762 0.10465871 97.002519989263 -31.91229027150232 96.89176931425517 -31.927775235687808 37.43046125967498 109.69555971213838 5400.0 5400.0 2016.0 1 402 {-999.0 17.948761 17.569883 17.421474 17.365063} sdss_psfmag_from_gaia 17.8992 17.5821 17.1035 15.952 63050395078142136 970177168 "" ops_std_boss_gdr2 ops_std standard_boss 0 0 0.0 0.0 -999 ""
FIBERMAP 732 R-10C12 METROLOGY 0 0 0 1 0 0 65.50911801004904 -203.4630869251746 143.1 196.33141009820088 84.51100855915293 233.26836 142.71146 -999.0 -999.0 -999.0 -999.0 -999.0 96.99977050691854 -31.91197173978487 96.88911271590058 -31.927429833904682 37.43256462038394 109.6944484537305 -999.0 6231.0 -999.0 -1 -999 {-999.0 -999.0 -999.0 -999.0 -999.0} "" -999.0 -999.0 -999.0 -999.0 -999 -999 "" "" "" "" 0 0 0.0 0.0 -999 ""
FIBERMAP 736 R+11C12 APOGEE 0 0 0 1 0 0 75.92466647501725 224.79002450273845 143.1 -230.97646256614735 54.26158452693767 90.84141 128.81778 -999.0 -999.0 -999.0 -999.0 -999.0 95.47411958034283 -32.00732207459278 95.36401741274989 -32.018427123190676 38.71091558842189 109.41664411053102 -999.0 16600.0 -999.0 2 145 {-999.0 -999.0 -999.0 -999.0 -999.0} "" -999.0 -999.0 -999.0 -999.0 -999 -999 "" "" "" "" 0 0 0.0 0.0 -999 ""
FIBERMAP 736 R+11C12 BOSS 1 1 0 1 0 0 76.50884138395925 225.27495356531236 143.1 -231.51460915456053 54.797129079379964 90.84141 128.81778 95.4724915777317 -32.00563708814063 0.3374627 3.427991 0.18151864 95.47249276555955 -32.005626856124366 95.36209137020853 -32.01678979826672 38.71212431480604 109.41411752745884 5400.0 5400.0 2016.0 1 148 {-999.0 18.166672 17.774328 17.651133 -999.0} sdss_psfmag_gaia 18.103603 17.79777 17.32316 -999.0 63050395078199949 976856418 "" ops_std_boss ops_std standard_boss 0 0 0.0 0.0 -999 ""
FIBERMAP 736 R+11C12 METROLOGY 0 0 0 1 0 0 76.63502815028849 224.5349703219203 143.1 -230.78993442018026 54.992930459835385 90.84141 128.81778 -999.0 -999.0 -999.0 -999.0 -999.0 95.47493710001591 -32.0050491274139 95.36462344426542 -32.01620152597068 38.709899442794374 109.41402252032572 -999.0 6231.0 -999.0 -1 -999 {-999.0 -999.0 -999.0 -999.0 -999.0} "" -999.0 -999.0 -999.0 -999.0 -999 -999 "" "" "" "" 0 0 0.0 0.0 -999 ""
FIBERMAP 738 R-6C11 APOGEE 0 0 0 1 0 0 -4.120118245447973 -127.73156167785048 143.1 127.54576458078847 8.013266476810399 241.84898 125.07741 -999.0 -999.0 -999.0 -999.0 -999.0 96.75672701045123 -32.145532559684604 96.64553763595183 -32.160191660197924 37.68895246753572 109.91681256480877 -999.0 16600.0 -999.0 2 -999 {-999.0 -999.0 -999.0 -999.0 -999.0} "" -999.0 -999.0 -999.0 -999.0 -999 -999 "" "" "" "" 0 0 0.0 0.0 -999 ""
FIBERMAP 738 R-6C11 BOSS 1 1 0 1 0 0 -4.868583555760922 -127.83827324719554 143.1 127.72298316151662 7.278300824753158 241.84898 125.07741 96.75779794925946 -32.147670612721875 -6.9470973 -5.6979094 2.6971173 96.75777345828992 -32.147687620087005 96.64625871946163 -32.16241505449799 37.688889403898614 109.91972508307434 5400.0 5400.0 2016.0 1 389 {-999.0 17.879742 16.410007 15.690333 -999.0} sdss_psfmag_gaia 17.271877 16.277716 15.291489 13.385 63050395078139387 1094331382 bright_1x1 mwm_bin_vis_boss mwm_filler science 0 0 0.0 0.0 -999 ""
FIBERMAP 738 R-6C11 METROLOGY 0 0 0 1 0 0 -4.578936425123343 -127.14081292009006 143.1 127.00119934905166 7.500489407198222 241.84898 125.07741 -999.0 -999.0 -999.0 -999.0 -999.0 96.75511061485952 -32.14704771661521 96.64368857652437 -32.16174913239074 37.69084380395111 109.91825274892273 -999.0 6231.0 -999.0 -1 -999 {-999.0 -999.0 -999.0 -999.0 -999.0} "" -999.0 -999.0 -999.0 -999.0 -999 -999 "" "" "" "" 0 0 0.0 0.0 -999 ""
FIBERMAP 740 R-10C6 APOGEE 0 0 0 1 0 0 -83.1209167595175 -207.03239504889967 143.1 213.98152322111022 -63.109585806273124 274.51797 49.45049 -999.0 -999.0 -999.0 -999.0 -999.0 97.06769272761909 -32.35861086735481 96.95557282626442 -32.37408063700208 37.485211035609886 110.25768672121222 -999.0 16600.0 -999.0 2 -999 {-999.0 -999.0 -999.0 -999.0 -999.0} "" -999.0 -999.0 -999.0 -999.0 -999 -999 "" "" "" "" 0 0 0.0 0.0 -999 ""
FIBERMAP 740 R-10C6 BOSS 1 1 0 1 0 0 -83.71253437770754 -206.54294498070144 143.1 213.5503948757842 -63.7449551227579 274.51797 49.45049 97.06653416794863 -32.36048257743603 2.6007473 -3.9177036 2.3276818 97.06654335801568 -32.36049427116775 96.95409677646884 -32.376026563701494 37.48688424074977 110.25969566523212 5400.0 5400.0 2016.0 1 384 {-999.0 21.771976 20.098082 19.15758 -999.0} sdss_psfmag_gaia 20.859955 19.807907 18.588251 16.054 63050395078133578 1094515929 bright_1x1 mwm_bin_vis_boss mwm_filler science 0 0 0.0 0.0 -999 ""
FIBERMAP 740 R-10C6 METROLOGY 0 0 0 1 0 0 -83.04290886940481 -206.2884777242753 143.1 213.2335651827644 -63.102487383171606 274.51797 49.45049 -999.0 -999.0 -999.0 -999.0 -999.0 97.0653417478804 -32.358589334389535 96.95299296258275 -32.37410000920826 37.487332144376964 110.25705814928045 -999.0 6231.0 -999.0 -1 -999 {-999.0 -999.0 -999.0 -999.0 -999.0} "" -999.0 -999.0 -999.0 -999.0 -999 -999 "" "" "" "" 0 0 0.0 0.0 -999 ""
FIBERMAP 745 R+1C8 APOGEE 0 0 0 1 0 0 -135.67759541539817 30.28542560288986 143.1 -17.280285303346428 -137.9375967598424 163.00963 89.643166 -999.0 -999.0 -999.0 -999.0 -999.0 96.23889745666378 -32.59060332981335 96.12626831555139 -32.60368152585538 38.21899142743678 110.33367551481399 -999.0 16600.0 -999.0 2 -999 {-999.0 -999.0 -999.0 -999.0 -999.0} "" -999.0 -999.0 -999.0 -999.0 -999 -999 "" "" "" "" 0 0 0.0 0.0 -999 ""
FIBERMAP 745 R+1C8 BOSS 1 1 0 1 0 0 -135.4812776040044 30.981915038231307 143.1 -17.99225072389445 -137.80822412887338 163.00963 89.643166 96.23639769517834 -32.590244441268624 -2.7781215 8.475041 1.1812991 96.23663536774868 -32.59021914459636 96.12369507258394 -32.60335341717097 38.22102630425711 110.33263657973755 5400.0 5400.0 2016.0 1 47 {-999.0 13.045749 12.895954 12.891327 -999.0} sdss_psfmag_from_g3xp 13.063008 12.879512 12.569894 12.097 63050395078127820 946227706 bright_1x1 openfibertargets_nov2020_9 open_fiber science 0 0 0.7507507801055908 0.0 -999 ""
FIBERMAP 745 R+1C8 METROLOGY 0 0 0 1 0 0 -134.95059782343463 30.461416278993134 143.1 -17.524434148818763 -137.23057274611222 163.00963 89.643166 -999.0 -999.0 -999.0 -999.0 -999.0 96.23822391905433 -32.58849932465848 96.12537795616413 -32.60162088864253 38.219249188967424 110.33090367088158 -999.0 6231.0 -999.0 -1 -999 {-999.0 -999.0 -999.0 -999.0 -999.0} "" -999.0 -999.0 -999.0 -999.0 -999 -999 "" "" "" "" 0 0 0.0 0.0 -999 ""
FIBERMAP 746 R-9C7 APOGEE 1 1 0 1 0 0 -59.53731451050955 -167.3528244946169 143.1 172.2442610584002 -43.39587433626708 56.137894 161.17946 96.91841852228036 -32.29978236133781 -105.07513 -167.6032 7.6564727 96.91804747301431 -32.30028263009655 96.80621306559785 -32.31534942931288 37.59384253894359 110.14795002413602 16000.0 16600.0 2016.0 2 187 {-999.0 11.179816 10.717894 10.539785 -999.0} sdss_psfmag_from_g3xp 11.085838 10.733829 10.206496 9.21 63050395078133987 1103558155 bright_1x1 mwm_tess_2min_apogee mwm_planet science 0 0 0.0 0.0 -999 ""
FIBERMAP 746 R-9C7 BOSS 0 0 0 1 0 0 -58.933111409791096 -166.8725023522623 143.1 171.7088010073904 -42.83995505161107 56.137894 161.17946 -999.0 -999.0 -999.0 -999.0 -999.0 96.91651177922101 -32.29856167054155 96.80436241954447 -32.313690565100686 37.59496812710183 110.14544776453499 -999.0 5400.0 -999.0 1 383 {-999.0 -999.0 -999.0 -999.0 -999.0} "" -999.0 -999.0 -999.0 -999.0 -999 -999 "" "" "" "" 0 0 0.0 0.0 -999 ""
FIBERMAP 746 R-9C7 METROLOGY 0 0 0 1 0 0 -58.843108567196886 -167.62385011058691 143.1 172.44822084680607 -42.67909638771581 56.137894 161.17946 -999.0 -999.0 -999.0 -999.0 -999.0 96.9190861653403 -32.2980759646224 96.80702802639206 -32.31319353789757 37.59266173216195 110.14551325822168 -999.0 6231.0 -999.0 -1 -999 {-999.0 -999.0 -999.0 -999.0 -999.0} "" -999.0 -999.0 -999.0 -999.0 -999 -999 "" "" "" "" 0 0 0.0 0.0 -999 ""
FIBERMAP 749 R-2C15 APOGEE 1 1 0 1 0 0 53.976701780265756 -28.678907090205087 143.1 23.429995288831705 56.45312465651462 53.372105 112.77142 96.38284684882683 -32.00031716138678 2.6131575 19.761797 1.6809518 96.3828560462864 -32.00025817551602 96.27237220099332 -32.01391090968856 37.961209148617 109.6416713342912 16000.0 16600.0 2016.0 2 227 {-999.0 10.554643 9.787127 9.489373 -999.0} sdss_psfmag_from_g3xp 10.335178 9.81723 9.14009 7.747 63050395078205169 1110152290 bright_1x1 mwm_tess_rgb_apogee mwm_tessrgb science 0 0 0.0 0.0 -999 ""
FIBERMAP 749 R-2C15 BOSS 0 0 0 1 0 0 54.70008482552779 -28.86500226763137 143.1 23.546640687475414 57.19089271819668 53.372105 112.77142 -999.0 -999.0 -999.0 -999.0 -999.0 96.38359473125578 -31.997915725982523 96.27280440921402 -32.01163643551288 37.96031229054162 109.63897981815234 -999.0 5400.0 -999.0 1 327 {-999.0 -999.0 -999.0 -999.0 -999.0} "" -999.0 -999.0 -999.0 -999.0 -999 -999 "" "" "" "" 0 0 0.0 0.0 -999 ""
FIBERMAP 749 R-2C15 METROLOGY 0 0 0 1 0 0 54.20148163651632 -29.392054738021912 143.1 24.11860443327938 56.74452884337488 53.372105 112.77142 -999.0 -999.0 -999.0 -999.0 -999.0 96.38556367210049 -31.999277923115702 96.27485646006795 -32.01298527029363 37.958942962955945 109.64116630508647 -999.0 6231.0 -999.0 -1 -999 {-999.0 -999.0 -999.0 -999.0 -999.0} "" -999.0 -999.0 -999.0 -999.0 -999 -999 "" "" "" "" 0 0 0.0 0.0 -999 ""
FIBERMAP 750 R+11C10 APOGEE 1 1 0 1 0 0 51.38677413128197 209.26254710174544 143.1 -213.19176218265926 31.307168883677143 24.59193 73.16052 95.53684237342395 -32.07693646000417 6.5938687 -12.006968 1.9176536 95.53686560113916 -32.07697229892063 95.42647629449466 -32.08823285223499 38.67559369977088 109.51936242620215 16000.0 16600.0 2016.0 2 127 {-999.0 12.268773 11.620749 11.395239 -999.0} sdss_psfmag_from_g3xp 12.104462 11.6621685 11.053899 9.887 63050395078199615 1104918889 bright_1x1 mwm_tess_rgb_apogee mwm_tessrgb science 0 0 0.0 0.0 -999 ""
FIBERMAP 750 R+11C10 BOSS 0 0 0 1 0 0 51.44672401926963 208.5287144418809 143.1 -212.46692798671293 31.436449018763025 24.59193 73.16052 -999.0 -999.0 -999.0 -999.0 -999.0 95.53969831426807 -32.07651738995399 95.42900166090578 -32.087847881657346 38.67342308574947 109.51951704370873 -999.0 5400.0 -999.0 1 114 {-999.0 -999.0 -999.0 -999.0 -999.0} "" -999.0 -999.0 -999.0 -999.0 -999 -999 "" "" "" "" 0 0 0.0 0.0 -999 ""
FIBERMAP 750 R+11C10 METROLOGY 0 0 0 1 0 0 50.7823454808251 208.79274987417102 143.1 -212.66675814518538 30.750026824706715 24.59193 73.16052 -999.0 -999.0 -999.0 -999.0 -999.0 95.5388514415502 -32.07860778849357 95.42823441096431 -32.08991775555497 38.674534543758256 109.52190359961907 -999.0 6231.0 -999.0 -1 -999 {-999.0 -999.0 -999.0 -999.0 -999.0} "" -999.0 -999.0 -999.0 -999.0 -999 -999 "" "" "" "" 0 0 0.0 0.0 -999 ""
FIBERMAP 752 R-8C5 APOGEE 1 1 0 1 0 0 -114.62558688231827 -175.65498776254046 143.1 185.7338334902044 -97.44805727606804 318.13126 47.67919 96.9677861937485 -32.46355068512501 -2.929602 -0.46943417 1.0567175 96.96777582980354 -32.4635520863121 96.85530638989763 -32.47871090973091 37.59219408457273 110.36064339724642 16000.0 16600.0 2016.0 2 285 {-999.0 11.049043 10.110342 9.762899 -999.0} sdss_psfmag_from_g3xp 10.749 10.145007 9.404732 7.853 63050395078132842 1105132595 bright_1x1 mwm_tess_rgb_apogee mwm_tessrgb science 0 0 0.0 0.0 -999 ""
FIBERMAP 752 R-8C5 BOSS 0 0 0 1 0 0 -115.36096809197623 -175.7750496745379 143.1 185.92310118053197 -98.16873166598579 318.13126 47.67919 -999.0 -999.0 -999.0 -999.0 -999.0 96.96884473100268 -32.46568265538719 96.85604618058159 -32.480909332979174 37.592105420939625 110.36352534159516 -999.0 5400.0 -999.0 1 468 {-999.0 -999.0 -999.0 -999.0 -999.0} "" -999.0 -999.0 -999.0 -999.0 -999 -999 "" "" "" "" 0 0 0.0 0.0 -999 ""
FIBERMAP 752 R-8C5 METROLOGY 0 0 0 1 0 0 -115.0806600998957 -175.06595849062433 143.1 185.19062478918238 -97.95694320231046 318.13126 47.67919 -999.0 -999.0 -999.0 -999.0 -999.0 96.96616123459867 -32.465100796820174 96.85345680451707 -32.4803015504702 37.5940851196114 110.36213051724246 -999.0 6231.0 -999.0 -1 -999 {-999.0 -999.0 -999.0 -999.0 -999.0} "" -999.0 -999.0 -999.0 -999.0 -999 -999 "" "" "" "" 0 0 0.0 0.0 -999 ""
FIBERMAP 754 R+8C15 APOGEE 1 1 0 1 0 0 121.60869002573611 157.16857003383276 143.1 -167.99317949088214 106.15299596669942 340.1731 145.09161 95.6989006262894 -31.85061450040885 -3.9885466 23.868958 1.2804207 95.69888661074701 -31.850543255306285 95.58926463174747 -31.86232291591676 38.48858121944138 109.27959350609932 16000.0 16600.0 2016.0 2 78 {-999.0 10.698681 9.937491 9.650875 -999.0} sdss_psfmag_from_g3xp 10.48125 9.971836 9.304083 7.911 63050395078202131 1106755631 bright_1x1 mwm_tess_rgb_apogee mwm_tessrgb science 0 0 0.0 0.0 -999 ""
FIBERMAP 754 R+8C15 BOSS 0 0 0 1 0 0 122.01666578443395 156.55885598349676 143.1 -167.42491239078444 106.61695889099533 340.1731 145.09161 -999.0 -999.0 -999.0 -999.0 -999.0 95.70116800815634 -31.84904497896442 95.59124201441915 -31.860894843368825 38.48661270374459 109.27832557334096 -999.0 5400.0 -999.0 1 238 {-999.0 -999.0 -999.0 -999.0 -999.0} "" -999.0 -999.0 -999.0 -999.0 -999 -999 "" "" "" "" 0 0 0.0 0.0 -999 ""
FIBERMAP 754 R+8C15 METROLOGY 0 0 0 1 0 0 121.27438076839131 156.49783490079358 143.1 -167.29376422682597 105.88381209048399 340.1731 145.09161 -999.0 -999.0 -999.0 -999.0 -999.0 95.70150775353677 -31.851267132233986 95.59166067321405 -31.863099332301985 38.486786205557486 109.28116967827643 -999.0 6231.0 -999.0 -1 -999 {-999.0 -999.0 -999.0 -999.0 -999.0} "" -999.0 -999.0 -999.0 -999.0 -999 -999 "" "" "" "" 0 0 0.0 0.0 -999 ""
FIBERMAP 755 R-9C15 APOGEE 0 0 0 1 0 0 131.53240571675417 -170.91554173497104 143.1 157.6687589659706 147.1492771160312 343.2078 151.40253 -999.0 -999.0 -999.0 -999.0 -999.0 96.85955997452562 -31.72341228340227 96.74988874602025 -31.73848331318439 37.501275889235714 109.42726790217642 -999.0 16600.0 -999.0 2 -999 {-999.0 -999.0 -999.0 -999.0 -999.0} "" -999.0 -999.0 -999.0 -999.0 -999 -999 "" "" "" "" 0 0 0.0 0.0 -999 ""
FIBERMAP 755 R-9C15 BOSS 1 1 0 1 0 0 132.06496900168617 -171.47811760187395 143.1 158.17828407295156 147.73279433299743 343.2078 151.40253 96.8617027561789 -31.72153508257394 0.43573576 -1.3693893 0.97138095 96.86170428519652 -31.721539169986617 96.7517213638165 -31.736684916869518 37.49932524174456 109.42554964580395 5400.0 5400.0 2016.0 1 329 {-999.0 14.14072 13.855157 13.776273 -999.0} sdss_psfmag_from_g3xp 14.109712 13.856692 13.449134 12.76 63050395078144119 977728402 "" ops_std_boss ops_std standard_boss 0 0 0.0 0.0 -999 ""
FIBERMAP 755 R-9C15 METROLOGY 0 0 0 1 0 0 131.34123727660526 -171.63869652081368 143.1 158.40678097563256 147.02755970564493 343.2078 151.40253 -999.0 -999.0 -999.0 -999.0 -999.0 96.86248126604113 -31.723663501090872 96.7525799278697 -31.73879148422609 37.49913177046987 109.42834928768366 -999.0 6231.0 -999.0 -1 -999 {-999.0 -999.0 -999.0 -999.0 -999.0} "" -999.0 -999.0 -999.0 -999.0 -999 -999 "" "" "" "" 0 0 0.0 0.0 -999 ""
FIBERMAP 764 R-10C8 APOGEE 0 0 0 1 0 0 -16.93960098717865 -177.4500060495503 143.1 178.25565546551582 -0.03277025915735581 103.326195 80.910675 -999.0 -999.0 -999.0 -999.0 -999.0 96.93819388405701 -32.168657182481034 96.82683916366176 -32.18381879631021 37.54556536819423 109.99202542640788 -999.0 16600.0 -999.0 2 -999 {-999.0 -999.0 -999.0 -999.0 -999.0} "" -999.0 -999.0 -999.0 -999.0 -999 -999 "" "" "" "" 0 0 0.0 0.0 -999 ""
FIBERMAP 764 R-10C8 BOSS 1 1 0 1 0 0 -16.155221557399244 -177.3886073115911 143.1 178.12013887774097 0.7422451244944094 103.326195 80.910675 96.93806722401584 -32.16625717085192 3.1775217 4.718561 3.2223494 96.93807842818214 -32.166243086684965 96.82641440118329 -32.18147170348312 37.54535317120788 109.98904262982106 5400.0 5400.0 2016.0 1 405 {-999.0 15.9382925 14.713587 14.14211 -999.0} sdss_psfmag_from_g3xp 15.423394 14.804451 13.715891 11.947 63050395078139151 1075888083 bright_1x1 mwm_erosita_stars_boss mwm_erosita science 0 0 0.0 0.0 -999 ""
FIBERMAP 764 R-10C8 METROLOGY 0 0 0 1 0 0 -16.51043604559736 -178.06263617426964 143.1 178.82481577456596 0.45256277839373 103.326195 80.910675 -999.0 -999.0 -999.0 -999.0 -999.0 96.94053950962454 -32.167120579576995 96.82896055234568 -32.18233695210593 37.54346764546014 109.99075226355319 -999.0 6231.0 -999.0 -1 -999 {-999.0 -999.0 -999.0 -999.0 -999.0} "" -999.0 -999.0 -999.0 -999.0 -999 -999 "" "" "" "" 0 0 0.0 0.0 -999 ""
FIBERMAP 767 R+3C3 APOGEE 0 0 0 1 0 0 -201.11216727155482 56.996193233351875 143.1 -37.664295721647306 -205.6102018382461 342.97617 128.09329 -999.0 -999.0 -999.0 -999.0 -999.0 96.16613375670086 -32.79516848441326 96.05276359106585 -32.807983918146256 38.32572408562446 110.5691432673838 -999.0 16600.0 -999.0 2 36 {-999.0 -999.0 -999.0 -999.0 -999.0} "" -999.0 -999.0 -999.0 -999.0 -999 -999 "" "" "" "" 0 0 0.0 0.0 -999 ""
FIBERMAP 767 R+3C3 BOSS 1 1 0 1 0 0 -200.84703548503705 56.317300586873394 143.1 -37.01361415978707 -205.2818768061587 342.97617 128.09329 96.16877850730762 -32.79417455784373 -0.056129593 3.1382756 1.1476464 96.16877830800509 -32.79416519058225 96.05509736705372 -32.807049552905276 38.323602145362536 110.56854830970438 5400.0 5400.0 2016.0 1 60 {-999.0 18.368406 17.18026 16.672823 -999.0} sdss_psfmag_gaia 17.940208 17.164297 16.301964 14.606 63050395078124999 1095380536 bright_1x1 mwm_bin_vis_boss mwm_filler science 0 0 0.0 0.0 -999 ""
FIBERMAP 767 R+3C3 METROLOGY 0 0 0 1 0 0 -201.57761950267903 56.41238541247966 143.1 -37.03897704069302 -206.0181813968104 342.97617 128.09329 -999.0 -999.0 -999.0 -999.0 -999.0 96.16859975015056 -32.79643142079261 96.05499881045824 -32.80929726318283 38.32419092877798 110.57131536514859 -999.0 6231.0 -999.0 -1 -999 {-999.0 -999.0 -999.0 -999.0 -999.0} "" -999.0 -999.0 -999.0 -999.0 -999 -999 "" "" "" "" 0 0 0.0 0.0 -999 ""
FIBERMAP 768 R+6C11 APOGEE 0 0 0 1 0 0 -4.280084163857338 100.39607184657467 143.1 -99.53694258507865 -13.782897775586255 279.17682 90.16737 -999.0 -999.0 -999.0 -999.0 -999.0 95.94249262035287 -32.2142917477246 95.83140737100564 -32.22664828596528 38.37421087577622 109.79305120501948 -999.0 16600.0 -999.0 2 -999 {-999.0 -999.0 -999.0 -999.0 -999.0} "" -999.0 -999.0 -999.0 -999.0 -999 -999 "" "" "" "" 0 0 0.0 0.0 -999 ""
FIBERMAP 768 R+6C11 BOSS 1 1 0 1 0 0 -5.0496993479215755 100.28317329592115 143.1 -99.35155897655301 -14.53833102370307 279.17682 90.16737 95.94340187934031 -32.21652948574337 -999.0 -999.0 -999.0 95.94340187934031 -32.21652948574338 95.83199710876261 -32.22895068332852 38.37426028034241 109.79605551836804 5400.0 5400.0 2016.0 1 142 {-999.0 19.018171 18.314283 17.890617 17.517359} sdss_psfmag_from_gdr3 16.110397 18.883938 14.727196 12.67 63050395078195802 1059227999 bright_flexible_2x1 bhm_spiders_agn_gaiadr3 bhm_spiders science 0 0 0.0 0.0 -999 ""
FIBERMAP 768 R+6C11 METROLOGY 0 0 0 1 0 0 -4.7598103140986225 100.96997169634881 143.1 -100.06275193310158 -14.31489039232856 279.17682 90.16737 -999.0 -999.0 -999.0 -999.0 -999.0 95.94075315757874 -32.215870045104765 95.82944008491569 -32.22826622477032 38.37620527010408 109.7945656927414 -999.0 6231.0 -999.0 -1 -999 {-999.0 -999.0 -999.0 -999.0 -999.0} "" -999.0 -999.0 -999.0 -999.0 -999 -999 "" "" "" "" 0 0 0.0 0.0 -999 ""
FIBERMAP 769 R-5C12 APOGEE 1 1 0 1 0 0 12.36547940994196 -88.50838461145732 143.1 86.93605084213665 20.70430026530512 34.89179 155.71144 96.61102294921875 -32.10783974372622 -999.0 -999.0 -999.0 96.61102294921875 -32.10783974372621 96.50003787579335 -32.12210105365247 37.79954353525744 109.83293782452346 16000.0 16600.0 2015.5 2 161 {-999.0 -999.0 -999.0 -999.0 -999.0} "" -999.0 -999.0 -999.0 -999.0 27021603127947869 841282440 "" ops_sky_apogee_best ops_sky sky_apogee 0 0 0.0 0.0 -999 ""
FIBERMAP 769 R-5C12 BOSS 0 0 0 1 0 0 13.105115804190849 -88.40151670907709 143.1 86.75951401859436 21.43046202697624 34.89179 155.71144 -999.0 -999.0 -999.0 -999.0 -999.0 96.61074979621864 -32.10555927325917 96.49945684418259 -32.11988611203518 37.799494652776 109.83006699863608 -999.0 5400.0 -999.0 1 390 {-999.0 -999.0 -999.0 -999.0 -999.0} "" -999.0 -999.0 -999.0 -999.0 -999 -999 "" "" "" "" 0 0 0.0 0.0 -999 ""
FIBERMAP 769 R-5C12 METROLOGY 0 0 0 1 0 0 12.836530057031986 -89.08313379610932 143.1 87.46352852518262 21.22773709533408 34.89179 155.71144 -999.0 -999.0 -999.0 -999.0 -999.0 96.61319636723516 -32.10617885944082 96.50198969200778 -32.120493786349954 37.79755560815193 109.83145971835728 -999.0 6231.0 -999.0 -1 -999 {-999.0 -999.0 -999.0 -999.0 -999.0} "" -999.0 -999.0 -999.0 -999.0 -999 -999 "" "" "" "" 0 0 0.0 0.0 -999 ""
FIBERMAP 770 R-13C4 APOGEE 0 0 0 1 0 0 -95.33737415927584 -256.3669442199427 143.1 264.2520574364959 -70.59173002119378 224.50029 81.79069 -999.0 -999.0 -999.0 -999.0 -999.0 97.2468859604498 -32.37924535198883 97.13461162449426 -32.39521220940355 37.34339189842029 110.32883294373269 -999.0 16600.0 -999.0 2 261 {-999.0 -999.0 -999.0 -999.0 -999.0} "" -999.0 -999.0 -999.0 -999.0 -999 -999 "" "" "" "" 0 0 0.0 0.0 -999 ""
FIBERMAP 770 R-13C4 BOSS 1 1 0 1 0 0 -95.73141801747629 -255.78335343225288 143.1 263.70847429965414 -71.03934625414902 224.50029 81.79069 97.24529796327606 -32.380612245254355 -4.773095 20.405518 4.6663723 97.24528109320246 -32.380551337977494 97.13268155660779 -32.39658021391984 37.345300796524555 110.33001528510395 5400.0 5400.0 2016.0 1 355 {-999.0 -999.0 -999.0 -999.0 -999.0} "" -999.0 17.247082 -999.0 12.692 63050395078132317 1094364415 bright_1x1 mwm_bin_vis_boss mwm_filler science 0 0 0.0 0.0 -999 ""
FIBERMAP 770 R-13C4 METROLOGY 0 0 0 1 0 0 -95.04405245944982 -255.66800096471624 143.1 263.5284488727459 -70.36602410566768 224.50029 81.79069 -999.0 -999.0 -999.0 -999.0 -999.0 97.24458797748757 -32.37855634469715 97.13208604737616 -32.39456487313292 37.34530856854372 110.32740256304771 -999.0 6231.0 -999.0 -1 -999 {-999.0 -999.0 -999.0 -999.0 -999.0} "" -999.0 -999.0 -999.0 -999.0 -999 -999 "" "" "" "" 0 0 0.0 0.0 -999 ""
FIBERMAP 771 R-13C5 APOGEE 1 1 0 1 0 0 -41.28947002392335 -249.73785443516584 143.1 252.52668076804906 -17.416535367483057 24.989082 102.3823 97.20325804382736 -32.21889937627327 0.4364278 -3.3290858 0.5417809 97.20325958359344 -32.218909313073326 97.09160295524131 -32.23480043856144 37.340293823741014 110.12198676484827 16000.0 16600.0 2016.0 2 262 {-999.0 12.149193 11.334879 11.056582 -999.0} sdss_psfmag_from_g3xp 11.909189 11.382051 10.7051735 9.328 63050395078136198 1108133719 bright_1x1 mwm_tess_rgb_apogee mwm_tessrgb science 0 0 0.0 0.0 -999 ""
FIBERMAP 771 R-13C5 BOSS 0 0 0 1 0 0 -40.82687773270488 -250.34134852786735 143.1 253.08357584488536 -16.898792382485336 24.989082 102.3823 -999.0 -999.0 -999.0 -999.0 -999.0 97.20555460813281 -32.217254829404695 97.09358099255985 -32.23322026954552 37.33829003688699 110.12056297426994 -999.0 5400.0 -999.0 1 356 {-999.0 -999.0 -999.0 -999.0 -999.0} "" -999.0 -999.0 -999.0 -999.0 -999 -999 "" "" "" "" 0 0 0.0 0.0 -999 ""
FIBERMAP 771 R-13C5 METROLOGY 0 0 0 1 0 0 -41.581853899920056 -250.43724143852947 143.1 253.25064212834567 -17.641265604866067 24.989082 102.3823 -999.0 -999.0 -999.0 -999.0 -999.0 97.20613904230521 -32.21951703042186 97.09424797123813 -32.23546434850413 37.338281418991635 110.12347328500036 -999.0 6231.0 -999.0 -1 -999 {-999.0 -999.0 -999.0 -999.0 -999.0} "" -999.0 -999.0 -999.0 -999.0 -999 -999 "" "" "" "" 0 0 0.0 0.0 -999 ""
FIBERMAP 773 R+3C12 APOGEE 1 1 0 1 0 0 4.471287535241813 55.26015455575488 143.1 -55.43479587877444 -0.7900824922924935 9.990653 94.51056 96.10064388943667 -32.17452777626093 -4.9577928 -75.98692 10.956407 96.10062640627514 -32.1747545853307 95.98962170995767 -32.187565688716155 38.23491996324588 109.78436128603842 16000.0 16600.0 2016.0 2 131 {-999.0 15.913956 14.532449 13.443219 -999.0} sdss_psfmag_from_g3xp 15.373155 14.122483 13.016553 10.921 63050395078196126 984764963 bright_1x1 mwm_snc_100pc_apogee mwm_snc science 0 0 0.0 0.0 -999 ""
FIBERMAP 773 R+3C12 BOSS 0 0 0 1 0 0 4.6575963999725385 54.528787956994336 143.1 -54.72440121528999 -0.5352476524511716 9.990653 94.51056 -999.0 -999.0 -999.0 -999.0 -999.0 96.10344892332915 -32.17391361560097 95.99213035706788 -32.18679625745562 38.23267579080552 109.78404067291098 -999.0 5400.0 -999.0 1 119 {-999.0 -999.0 -999.0 -999.0 -999.0} "" -999.0 -999.0 -999.0 -999.0 -999 -999 "" "" "" "" 0 0 0.0 0.0 -999 ""
FIBERMAP 773 R+3C12 METROLOGY 0 0 0 1 0 0 3.942543359825807 54.731072507524416 143.1 -54.85795297418583 -1.2662588022475296 9.990653 94.51056 -999.0 -999.0 -999.0 -999.0 -999.0 96.10287925544499 -32.17615301830574 95.99164103828207 -32.18901541020873 38.23359714629326 109.78666433158355 -999.0 6231.0 -999.0 -1 -999 {-999.0 -999.0 -999.0 -999.0 -999.0} "" -999.0 -999.0 -999.0 -999.0 -999 -999 "" "" "" "" 0 0 0.0 0.0 -999 ""
FIBERMAP 774 R-6C6 APOGEE 0 0 0 1 0 0 -128.0357317836016 -128.23535501706078 143.1 139.8001443920179 -115.2952168863058 265.48923 57.492653 -999.0 -999.0 -999.0 -999.0 -999.0 96.80363792497438 -32.51906699021717 96.69103078340612 -32.53374916006548 37.73978076104827 110.3871553016642 -999.0 16600.0 -999.0 2 -999 {-999.0 -999.0 -999.0 -999.0 -999.0} "" -999.0 -999.0 -999.0 -999.0 -999 -999 "" "" "" "" 0 0 0.0 0.0 -999 ""
FIBERMAP 774 R-6C6 BOSS 1 1 0 1 0 0 -128.65100641945926 -127.76468487686729 143.1 139.38995496915743 -115.95235523908501 265.48923 57.492653 96.80252811799836 -32.52104587673175 7.8408723 1.1531649 2.524011 96.80255587409567 -32.521042434712086 96.68962377311247 -32.53578565705458 37.74141024073907 110.3893084985824 5400.0 5400.0 2016.0 1 483 {-999.0 21.328417 19.447577 18.129095 -999.0} sdss_psfmag_gaia 20.243048 18.83786 17.57087 15.166 63050395078132720 1094534167 bright_1x1 mwm_bin_vis_boss mwm_filler science 0 0 0.0 0.0 -999 ""
FIBERMAP 774 R-6C6 METROLOGY 0 0 0 1 0 0 -127.95255890023356 -127.49199743939822 143.1 139.0522536966753 -115.28292369483387 265.48923 57.492653 -999.0 -999.0 -999.0 -999.0 -999.0 96.801261476094 -32.51905935137216 96.68842689194099 -32.53378117979098 37.741922679359845 110.386545626231 -999.0 6231.0 -999.0 -1 -999 {-999.0 -999.0 -999.0 -999.0 -999.0} "" -999.0 -999.0 -999.0 -999.0 -999 -999 "" "" "" "" 0 0 0.0 0.0 -999 ""
FIBERMAP 775 R-7C2 APOGEE 0 0 0 1 0 0 -184.1817087084817 -129.9393191106227 143.1 146.82162022681814 -171.02614064912075 353.93356 155.5336 -999.0 -999.0 -999.0 -999.0 -999.0 96.82995231939202 -32.68729013832718 96.71670020194955 -32.70199739772709 37.75792523627234 110.60045771087931 -999.0 16600.0 -999.0 2 -999 {-999.0 -999.0 -999.0 -999.0 -999.0} "" -999.0 -999.0 -999.0 -999.0 -999 -999 "" "" "" "" 0 0 0.0 0.0 -999 ""
FIBERMAP 775 R-7C2 BOSS 1 1 0 1 0 0 -183.54634715937593 -130.274383952516 143.1 147.0949113085232 -170.3618676308586 353.93356 155.5336 96.83126181897252 -32.68526106062254 2.9892123 6.3904533 0.29809278 96.83127241997258 -32.68524198611923 96.71770816337089 -32.70001761695413 37.756641183396425 110.59827054776616 5400.0 5400.0 2016.0 1 455 {-999.0 18.3234 17.921394 17.794292 -999.0} sdss_psfmag_gaia 18.26352 17.945997 17.472689 -999.0 63050395078122067 976855554 "" ops_std_boss ops_std standard_boss 0 0 0.0 0.0 -999 ""
FIBERMAP 775 R-7C2 METROLOGY 0 0 0 1 0 0 -184.17883648798454 -130.68730973031356 143.1 147.56596204457645 -170.95233771508111 353.93356 155.5336 -999.0 -999.0 -999.0 -999.0 -999.0 96.8329106614016 -32.687051949973096 96.71942923352788 -32.70181349164709 37.75564870764739 110.60090484303265 -999.0 6231.0 -999.0 -1 -999 {-999.0 -999.0 -999.0 -999.0 -999.0} "" -999.0 -999.0 -999.0 -999.0 -999 -999 "" "" "" "" 0 0 0.0 0.0 -999 ""
FIBERMAP 777 R+4C22 APOGEE 0 0 0 1 1 0 204.89660941782668 74.92557637912262 143.1 -94.02092502192926 196.86535136505026 234.12827 61.446106 -999.0 -999.0 -999.0 -999.0 -999.0 95.96300149160862 -31.576172520167326 95.85427197277039 -31.588771823547425 38.20453231211337 109.00924395928018 -999.0 16600.0 -999.0 2 -999 {-999.0 -999.0 -999.0 -999.0 -999.0} "" -999.0 -999.0 -999.0 -999.0 -999 -999 "" "" "" "" 0 0 0.0 0.0 -999 ""
FIBERMAP 777 R+4C22 BOSS 1 0 0 1 1 0 204.58486367364029 75.70008835340641 143.1 -94.76237315926812 196.48155370775063 234.12827 61.446106 95.90167070243173 -31.548272449136736 7.7324514 -34.375385 3.1302717 95.9606513574487 -31.577228212999714 95.85160917323219 -31.589886053348845 38.20700202334597 109.00992564584922 5400.0 5400.0 2016.0 1 246 {-999.0 21.180887 19.30399 17.99614 -999.0} sdss_psfmag_gaia 20.130997 18.70384 17.46883 15.234 63050395078213178 1094845187 bright_1x1 mwm_bin_vis_boss mwm_filler science 0 0 0.0 0.0 -999 ""
FIBERMAP 777 R+4C22 METROLOGY 0 0 0 1 1 0 205.3146961636515 75.54581962959917 143.1 -94.67802225353432 197.22272350016095 234.12827 61.446106 -999.0 -999.0 -999.0 -999.0 -999.0 95.96085225121516 -31.574981987309563 95.85190604392972 -31.58762251039191 38.2062118777688 109.00720712343372 -999.0 6231.0 -999.0 -1 -999 {-999.0 -999.0 -999.0 -999.0 -999.0} "" -999.0 -999.0 -999.0 -999.0 -999 -999 "" "" "" "" 0 0 0.0 0.0 -999 ""
FIBERMAP 778 R-4C7 APOGEE 0 0 0 1 0 0 -121.65616544198696 -90.71128416736632 143.1 101.84038061462778 -112.50344351639247 255.03612 93.263214 -999.0 -999.0 -999.0 -999.0 -999.0 96.66727449623477 -32.51164934159378 96.55475458624562 -32.52595117937517 37.84968291357197 110.3436215572801 -999.0 16600.0 -999.0 2 297 {-999.0 -999.0 -999.0 -999.0 -999.0} "" -999.0 -999.0 -999.0 -999.0 -999 -999 "" "" "" "" 0 0 0.0 0.0 -999 ""
FIBERMAP 778 R-4C7 BOSS 1 1 0 1 0 0 -122.34655008015724 -90.44574553426081 143.1 101.64152060689631 -113.21589699232258 255.03612 93.263214 96.66693941906081 -32.51376677051278 0.2887331 -9.81875 10.8389225 96.66694044107182 -32.51379607794566 96.55409855046825 -32.52816062755835 37.850735659470956 110.34617943769555 5400.0 5400.0 2016.0 1 488 {-999.0 21.477406 19.542267 17.128103 -999.0} sdss_psfmag_gaia 19.997911 17.855808 16.51869 13.973 63050395078123768 1157714671 bright_1x1 mwm_snc_100pc_bright_boss_single mwm_snc science 0 0 0.0 0.0 -999 ""
FIBERMAP 778 R-4C7 METROLOGY 0 0 0 1 0 0 -121.78317527354503 -89.97112920854485 143.1 101.11561300411205 -112.70008053327685 255.03612 93.263214 -999.0 -999.0 -999.0 -999.0 -999.0 96.66496775771442 -32.51227768845309 96.55221886220392 -32.52661885777141 37.85191762193961 110.34381296667726 -999.0 6231.0 -999.0 -1 -999 {-999.0 -999.0 -999.0 -999.0 -999.0} "" -999.0 -999.0 -999.0 -999.0 -999 -999 "" "" "" "" 0 0 0.0 0.0 -999 ""
FIBERMAP 782 R-9C4 APOGEE 0 0 0 1 0 0 -128.77020770004486 -188.44932214399023 143.1 199.8119711958077 -110.31534279656222 261.19485 103.40343 -999.0 -999.0 -999.0 -999.0 -999.0 97.01845021304463 -32.50195736060778 96.90581433163385 -32.517247231487936 37.559868638163245 110.42055745690067 -999.0 16600.0 -999.0 2 -999 {-999.0 -999.0 -999.0 -999.0 -999.0} "" -999.0 -999.0 -999.0 -999.0 -999 -999 "" "" "" "" 0 0 0.0 0.0 -999 ""
FIBERMAP 782 R-9C4 BOSS 1 1 0 1 0 0 -129.4927379207063 -188.52229101281154 143.1 199.9531395573124 -111.02769077774624 261.19485 103.40343 97.0192974867918 -32.5041347828863 9.93787 25.875885 3.6157799 97.01933265945678 -32.5040575474152 96.90636896614595 -32.51941482846818 37.55992441378196 110.42335387476231 5400.0 5400.0 2016.0 1 466 {-999.0 18.327026 16.646631 15.697516 -999.0} sdss_psfmag_gaia 17.544542 16.349762 15.262503 13.163 63050395078131587 1095575369 bright_1x1 mwm_bin_vis_boss mwm_filler science 0 0 0.0 0.0 -999 ""
FIBERMAP 782 R-9C4 METROLOGY 0 0 0 1 0 0 -129.20064243627235 -187.83758351136606 143.1 199.24381878924757 -110.80185534281007 261.19485 103.40343 -999.0 -999.0 -999.0 -999.0 -999.0 97.01673904756245 -32.50343774602073 96.9038684884942 -32.51876932695862 37.561821616898136 110.42193636682524 -999.0 6231.0 -999.0 -1 -999 {-999.0 -999.0 -999.0 -999.0 -999.0} "" -999.0 -999.0 -999.0 -999.0 -999 -999 "" "" "" "" 0 0 0.0 0.0 -999 ""
FIBERMAP 783 R+5C15 APOGEE 0 0 0 1 0 0 70.43080922490012 76.67938151423827 143.1 -83.01331340068624 62.84018078765538 319.9887 24.354689 -999.0 -999.0 -999.0 -999.0 -999.0 96.00170004529777 -31.98169148558854 95.89145461284676 -31.994281266187905 38.27040540285451 109.52024894728629 -999.0 16600.0 -999.0 2 -999 {-999.0 -999.0 -999.0 -999.0 -999.0} "" -999.0 -999.0 -999.0 -999.0 -999 -999 "" "" "" "" 0 0 0.0 0.0 -999 ""
FIBERMAP 783 R+5C15 BOSS 1 1 0 1 0 0 69.63657406260616 76.94432432762974 143.1 -83.20173050467254 62.024402073485724 319.9887 24.354689 96.00128173828124 -31.984068031095546 -999.0 -999.0 -999.0 96.00128173828124 -31.984068031095546 95.89071682535399 -31.99671986344022 38.271588081296635 109.52307985636153 5400.0 5400.0 2015.5 1 221 {-999.0 -999.0 -999.0 -999.0 -999.0} "" -999.0 -999.0 -999.0 -999.0 27021603127957405 819173277 "" ops_sky_boss_good ops_sky sky_boss 0 0 0.0 0.0 -999 ""
FIBERMAP 783 R+5C15 METROLOGY 0 0 0 1 0 0 70.2273078583004 77.3991630162152 143.1 -83.71054462728856 62.56932984823062 319.9887 24.354689 -999.0 -999.0 -999.0 -999.0 -999.0 95.99936483672215 -31.98242881963995 95.88889494118786 -31.995057644974878 38.27269806195196 109.52055852793012 -999.0 6231.0 -999.0 -1 -999 {-999.0 -999.0 -999.0 -999.0 -999.0} "" -999.0 -999.0 -999.0 -999.0 -999 -999 "" "" "" "" 0 0 0.0 0.0 -999 ""
FIBERMAP 785 R+5C13 APOGEE 0 0 0 1 0 0 40.87791961990718 80.66653423773376 143.1 -84.17950446368297 33.042526922174574 327.5874 77.54693 -999.0 -999.0 -999.0 -999.0 -999.0 95.99751624398584 -32.07212670102996 95.88693645971944 -32.08467853313149 38.29537335604058 109.6310380200155 -999.0 16600.0 -999.0 2 150 {-999.0 -999.0 -999.0 -999.0 -999.0} "" -999.0 -999.0 -999.0 -999.0 -999 -999 "" "" "" "" 0 0 0.0 0.0 -999 ""
FIBERMAP 785 R+5C13 BOSS 1 1 0 1 0 0 40.362116076915875 80.11573558555438 143.1 -83.58227034565199 32.58129255747302 327.5874 77.54693 95.99990844726561 -32.07344191419065 -999.0 -999.0 -999.0 95.99990844726561 -32.07344191419065 95.88901170811356 -32.086063611058144 38.29398879872737 109.63327880305492 5400.0 5400.0 2015.5 1 154 {-999.0 -999.0 -999.0 -999.0 -999.0} "" -999.0 -999.0 -999.0 -999.0 27021603127957277 819173161 "" ops_sky_boss_good ops_sky sky_boss 0 0 0.0 0.0 -999 ""
FIBERMAP 785 R+5C13 METROLOGY 0 0 0 1 0 0 40.1468202970303 80.8366832679776 143.1 -84.27954383949069 32.298589836850816 327.5874 77.54693 -999.0 -999.0 -999.0 -999.0 -999.0 95.99731431036126 -32.07431745265726 95.88650358643099 -32.08691361174963 38.296253799677274 109.63369701974295 -999.0 6231.0 -999.0 -1 -999 {-999.0 -999.0 -999.0 -999.0 -999.0} "" -999.0 -999.0 -999.0 -999.0 -999 -999 "" "" "" "" 0 0 0.0 0.0 -999 ""
FIBERMAP 788 R+7C6 APOGEE 0 0 0 1 0 0 -106.99061212618741 147.72666860249737 143.1 -136.91224208725802 -120.5188992624895 118.6028 115.25901 -999.0 -999.0 -999.0 -999.0 -999.0 95.8084835544468 -32.537723349813085 95.69624500605596 -32.549611331823336 38.559466975795324 110.16103438511189 -999.0 16600.0 -999.0 2 -999 {-999.0 -999.0 -999.0 -999.0 -999.0} "" -999.0 -999.0 -999.0 -999.0 -999 -999 "" "" "" "" 0 0 0.0 0.0 -999 ""
FIBERMAP 788 R+7C6 BOSS 1 1 0 1 0 0 -106.57037364479358 148.36454564314568 143.1 -137.58709759399912 -120.16105759342413 118.6028 115.25901 95.80608393272098 -32.53662255615906 -2.9146514 3.2048411 0.52219695 95.80631502640676 -32.53661299020953 95.6937716391898 -32.54855620162942 38.561257806725514 110.15911479066982 5400.0 5400.0 2016.0 1 69 {-999.0 13.860739 13.247253 12.969835 -999.0} sdss_psfmag_from_g3xp 13.6901 13.238767 12.621348 11.318 63050395078192755 1075888094 bright_1x1 mwm_erosita_stars_boss mwm_erosita science 0 0 0.7326821088790894 0.0 -999 ""
FIBERMAP 788 R+7C6 METROLOGY 0 0 0 1 0 0 -106.24509535160398 147.66581668707295 143.1 -136.92237389873517 -119.7709761640811 118.6028 115.25901 -999.0 -999.0 -999.0 -999.0 -999.0 95.80859151378932 -32.535471780956875 95.6961390855783 -32.54740441764873 38.559052720577874 110.15825992958975 -999.0 6231.0 -999.0 -1 -999 {-999.0 -999.0 -999.0 -999.0 -999.0} "" -999.0 -999.0 -999.0 -999.0 -999 -999 "" "" "" "" 0 0 0.0 0.0 -999 ""
FIBERMAP 794 R-11C15 APOGEE 0 0 0 1 0 0 144.8385781476153 -228.44754699281918 143.1 213.67903528078725 165.85204842338223 280.63202 102.64598 -999.0 -999.0 -999.0 -999.0 -999.0 97.05720881139331 -31.665964900817386 96.94766221129964 -31.6816077873871 37.32421607800691 109.40979645410277 -999.0 16600.0 -999.0 2 -999 {-999.0 -999.0 -999.0 -999.0 -999.0} "" -999.0 -999.0 -999.0 -999.0 -999 -999 "" "" "" "" 0 0 0.0 0.0 -999 ""
FIBERMAP 794 R-11C15 BOSS 1 1 0 1 0 0 144.20911356183043 -228.75348649721414 143.1 214.0432957891898 165.25444224268188 280.63202 102.64598 97.05885233818147 -31.667607646228916 -3.3529294 -28.568968 2.0901299 97.05884057941776 -31.667692920125198 96.94896794865335 -31.68340900272765 37.32358263297607 109.41233578419755 5400.0 5400.0 2016.0 1 332 {-999.0 14.802199 14.166227 13.949465 -999.0} sdss_psfmag_from_g3xp 14.641525 14.207852 13.60815 12.447 63050395078144393 1095746700 bright_1x1 mwm_bin_vis_boss mwm_filler science 0 0 0.0 0.0 -999 ""
FIBERMAP 794 R-11C15 METROLOGY 0 0 0 1 0 0 144.23410596102835 -228.00696602132942 143.1 213.29777464030923 165.20851758592462 280.63202 102.64598 -999.0 -999.0 -999.0 -999.0 -999.0 97.05616454530957 -31.667833224290497 96.94638245683234 -31.6835221415822 37.325742892110675 109.41179255803468 -999.0 6231.0 -999.0 -1 -999 {-999.0 -999.0 -999.0 -999.0 -999.0} "" -999.0 -999.0 -999.0 -999.0 -999 -999 "" "" "" "" 0 0 0.0 0.0 -999 ""
FIBERMAP 797 R0C6 APOGEE 0 0 0 1 0 0 -179.98347569098462 11.81442365884179 143.1 5.309560979589387 -180.29158825268377 80.917 126.96099 -999.0 -999.0 -999.0 -999.0 -999.0 96.3207610589431 -32.71846100793909 96.20761318789675 -32.731731720200486 38.18160543311396 110.51222652519436 -999.0 16600.0 -999.0 2 -999 {-999.0 -999.0 -999.0 -999.0 -999.0} "" -999.0 -999.0 -999.0 -999.0 -999 -999 "" "" "" "" 0 0 0.0 0.0 -999 ""
FIBERMAP 797 R0C6 BOSS 1 1 0 1 0 0 -179.20056549493316 12.176445299085055 143.1 4.874917833524176 -179.54654825416335 80.917 126.96099 96.31948727267583 -32.71623001736698 4.3537464 4.6981378 0.87114114 96.31950271824581 -32.71621599416026 96.20604922375145 -32.72954591463192 38.1823878824358 110.50913731588274 5400.0 5400.0 2016.0 1 451 {-999.0 15.657375 14.580921 14.174906 -999.0} sdss_psfmag_from_g3xp 15.267687 14.583235 13.775046 12.017 63050395078127346 1075888073 bright_1x1 mwm_erosita_stars_boss mwm_erosita science 0 0 0.0 0.0 -999 ""
FIBERMAP 797 R0C6 METROLOGY 0 0 0 1 0 0 -179.333049411976 11.445040561812338 143.1 5.615586581367392 -179.60906356756752 80.917 126.96099 -999.0 -999.0 -999.0 -999.0 -999.0 96.32208528919938 -32.716436924830525 96.20871874131433 -32.729756423414074 38.18024938438503 110.5100497294435 -999.0 6231.0 -999.0 -1 -999 {-999.0 -999.0 -999.0 -999.0 -999.0} "" -999.0 -999.0 -999.0 -999.0 -999 -999 "" "" "" "" 0 0 0.0 0.0 -999 ""
FIBERMAP 798 R+9C9 APOGEE 1 1 0 1 0 0 -7.580308595886396 158.89894539211244 143.1 -157.46272568391905 -22.616969988092094 305.3727 92.87715 95.73504997290165 -32.24088406110629 -2.5818856 2.8332632 1.0279527 95.73504086151864 -32.24087560425895 95.62394983420428 -32.252643549730216 38.55093663391304 109.7734983630688 16000.0 16600.0 2016.0 2 135 {-999.0 11.075553 10.3641 10.094636 -999.0} sdss_psfmag_from_g3xp 10.885101 10.396808 9.747935 8.459 63050395078194742 1109042462 bright_1x1 mwm_tess_rgb_apogee mwm_tessrgb science 0 0 0.0 0.0 -999 ""
FIBERMAP 798 R+9C9 BOSS 0 0 0 1 0 0 -8.144253895645132 158.43615441380183 143.1 -156.94853594083006 -23.13447594822272 305.3727 92.87715 -999.0 -999.0 -999.0 -999.0 -999.0 95.73710893493583 -32.2423953637756 95.62570183791217 -32.25423057207665 38.54986070751244 109.77590975877376 -999.0 5400.0 -999.0 1 130 {-999.0 -999.0 -999.0 -999.0 -999.0} "" -999.0 -999.0 -999.0 -999.0 -999 -999 "" "" "" "" 0 0 0.0 0.0 -999 ""
FIBERMAP 798 R+9C9 METROLOGY 0 0 0 1 0 0 -8.306509482621433 159.1480180788318 143.1 -157.64179705511467 -23.36351631634293 305.3727 92.87715 -999.0 -999.0 -999.0 -999.0 -999.0 95.73451859116045 -32.24310558038935 95.62319760771715 -32.25491577464931 38.55207941305257 109.77613808468419 -999.0 6231.0 -999.0 -1 -999 {-999.0 -999.0 -999.0 -999.0 -999.0} "" -999.0 -999.0 -999.0 -999.0 -999 -999 "" "" "" "" 0 0 0.0 0.0 -999 ""
FIBERMAP 801 R+7C20 APOGEE 0 0 0 1 0 0 213.32964687037045 147.01372282210147 143.1 -166.58350711744907 198.42307336667622 72.10684 132.51907 -999.0 -999.0 -999.0 -999.0 -999.0 95.70564503511324 -31.571929287756095 95.59704785427073 -31.583808807822958 38.41606015717466 108.93611314300165 -999.0 16600.0 -999.0 2 89 {-999.0 -999.0 -999.0 -999.0 -999.0} "" -999.0 -999.0 -999.0 -999.0 -999 -999 "" "" "" "" 0 0 0.0 0.0 -999 ""
FIBERMAP 801 R+7C20 BOSS 1 1 0 1 0 0 213.99397875661438 147.32208839730208 143.1 -166.9534897583248 199.055159356625 72.10684 132.51907 95.70465087890625 -31.569956576101475 -999.0 -999.0 -999.0 95.70465087890625 -31.56995657610147 95.59575383250352 -31.581898431698043 38.41667370345764 108.9334092067558 5400.0 5400.0 2015.5 1 263 {-999.0 -999.0 -999.0 -999.0 -999.0} "" -999.0 -999.0 -999.0 -999.0 27021603127958222 819173822 "" ops_sky_boss_good ops_sky sky_boss 0 0 0.0 0.0 -999 ""
FIBERMAP 801 R+7C20 METROLOGY 0 0 0 1 0 0 213.93311157672537 146.58726881685834 143.1 -166.2162141198029 199.0642613898937 72.10684 132.51907 -999.0 -999.0 -999.0 -999.0 -999.0 95.70713898794807 -31.56990783236823 95.59832810230222 -31.581838386396356 38.41452994693367 108.93400420012131 -999.0 6231.0 -999.0 -1 -999 {-999.0 -999.0 -999.0 -999.0 -999.0} "" -999.0 -999.0 -999.0 -999.0 -999 -999 "" "" "" "" 0 0 0.0 0.0 -999 ""
FIBERMAP 803 R-5C19 APOGEE 0 0 0 1 0 0 177.50535249871902 -89.70069651481494 143.1 72.4601772491694 185.21182762940612 28.208622 126.762314 -999.0 -999.0 -999.0 -999.0 -999.0 96.55539382383739 -31.609720313750802 96.44627545579647 -31.62397096823854 37.7238858980895 109.20748045274769 -999.0 16600.0 -999.0 2 -999 {-999.0 -999.0 -999.0 -999.0 -999.0} "" -999.0 -999.0 -999.0 -999.0 -999 -999 "" "" "" "" 0 0 0.0 0.0 -999 ""
FIBERMAP 803 R-5C19 BOSS 1 1 0 1 0 0 178.17929372345932 -89.99910190575645 143.1 72.69331524290797 185.91102918645515 28.208622 126.762314 96.55652773387904 -31.607478562156405 4.571696 -2.6393347 1.3234726 96.55654375649486 -31.607486440156265 96.44711845103984 -31.621808464018862 37.72266243637636 109.20505030993081 5400.0 5400.0 2016.0 1 313 {-999.0 21.241304 19.426062 18.2593 -999.0} sdss_psfmag_gaia 20.363342 18.95012 17.840187 15.542 63050395078209167 1095442170 bright_1x1 mwm_bin_vis_boss mwm_filler science 0 0 0.0 0.0 -999 ""
FIBERMAP 803 R-5C19 METROLOGY 0 0 0 1 0 0 177.58189462023972 -90.44476608174347 143.1 73.19362844173942 185.35859602809688 28.208622 126.762314 -999.0 -999.0 -999.0 -999.0 -999.0 96.55826026284116 -31.609141415409848 96.44891692083098 -31.623448636212554 37.721577191297115 109.2075334478603 -999.0 6231.0 -999.0 -1 -999 {-999.0 -999.0 -999.0 -999.0 -999.0} "" -999.0 -999.0 -999.0 -999.0 -999 -999 "" "" "" "" 0 0 0.0 0.0 -999 ""
FIBERMAP 810 R+10C16 APOGEE 0 0 0 1 0 0 163.52991646717078 189.07267450082946 143.1 -203.72931797460993 144.8590260716125 265.38638 160.63385 -999.0 -999.0 -999.0 -999.0 -999.0 95.57283599509499 -31.733543845231267 95.46370360947492 -31.74500449437894 38.56461405589946 109.10169395571114 -999.0 16600.0 -999.0 2 -999 {-999.0 -999.0 -999.0 -999.0 -999.0} "" -999.0 -999.0 -999.0 -999.0 -999 -999 "" "" "" "" 0 0 0.0 0.0 -999 ""
FIBERMAP 810 R+10C16 BOSS 1 1 0 1 0 0 163.23967144700615 188.3844883409287 143.1 -203.0167097590838 144.63536268378726 265.38638 160.63385 95.57563310871883 -31.73413903229821 2.6467183 -1.4050802 0.46717536 95.57564239744302 -31.73414322624232 95.46619992801222 -31.745674984306724 38.56270968160122 109.10316846550997 5400.0 5400.0 2016.0 1 185 {-999.0 15.805385 15.460198 15.356018 -999.0} sdss_psfmag_gaia 15.762321 15.477505 15.032774 14.255 63050395078203693 978614429 "" ops_std_boss ops_std standard_boss 0 0 0.0 0.0 -999 ""
FIBERMAP 810 R+10C16 METROLOGY 0 0 0 1 0 0 162.78819870615268 188.97596369591926 143.1 -203.56269499137113 144.12982898152427 265.38638 160.63385 -999.0 -999.0 -999.0 -999.0 -999.0 95.57356859720332 -31.735663086797945 95.46420821162997 -31.747170610278786 38.56470870743684 109.10451550080077 -999.0 6231.0 -999.0 -1 -999 {-999.0 -999.0 -999.0 -999.0 -999.0} "" -999.0 -999.0 -999.0 -999.0 -999 -999 "" "" "" "" 0 0 0.0 0.0 -999 ""
FIBERMAP 811 R-13C1 APOGEE 1 1 0 1 0 0 -130.3838972504436 -265.125796636664 143.1 276.29538422147095 -104.64931592673507 9.685353 56.20618 97.29080200195311 -32.48154983122161 -999.0 -999.0 -999.0 97.29080200195311 -32.48154983122161 97.17812563335676 -32.49761020376045 37.33209086388788 110.46491414288047 16000.0 16600.0 2015.5 2 154 {-999.0 -999.0 -999.0 -999.0 -999.0} "" -999.0 -999.0 -999.0 -999.0 27021603127946701 841282210 "" ops_sky_apogee_best ops_sky sky_apogee 0 0 0.0 0.0 -999 ""
FIBERMAP 811 R-13C1 BOSS 0 0 0 1 0 0 -130.6873708619035 -265.80370179590005 143.1 276.99901251887496 -104.88712330129177 9.685353 56.20618 -999.0 -999.0 -999.0 -999.0 -999.0 97.29358037168505 -32.48215058433293 97.18057730990193 -32.498285218609226 37.33024247882732 110.46635628552238 -999.0 5400.0 -999.0 1 435 {-999.0 -999.0 -999.0 -999.0 -999.0} "" -999.0 -999.0 -999.0 -999.0 -999 -999 "" "" "" "" 0 0 0.0 0.0 -999 ""
FIBERMAP 811 R-13C1 METROLOGY 0 0 0 1 0 0 -131.12434794503235 -265.2098669590175 143.1 276.4493036047472 -105.378450565012 9.685353 56.20618 -999.0 -999.0 -999.0 -999.0 -999.0 97.2916237869247 -32.483700580106444 97.1787073522658 -32.49981037565455 37.33213663098119 110.4677485776771 -999.0 6231.0 -999.0 -1 -999 {-999.0 -999.0 -999.0 -999.0 -999.0} "" -999.0 -999.0 -999.0 -999.0 -999 -999 "" "" "" "" 0 0 0.0 0.0 -999 ""
FIBERMAP 812 R-8C7 APOGEE 0 0 0 1 0 0 -72.5530441458672 -148.28162006853879 143.1 154.49362861203628 -58.161673100911536 81.656876 153.53668 -999.0 -999.0 -999.0 -999.0 -999.0 96.85494773353011 -32.34556274746813 96.74296890129625 -32.36043924184571 37.65643695837497 110.18728091326335 -999.0 16600.0 -999.0 2 -999 {-999.0 -999.0 -999.0 -999.0 -999.0} "" -999.0 -999.0 -999.0 -999.0 -999 -999 "" "" "" "" 0 0 0.0 0.0 -999 ""
FIBERMAP 812 R-8C7 BOSS 1 1 0 1 0 0 -72.03168648454093 -147.61170411648325 143.1 153.7772880982587 -57.70620745007277 81.656876 153.53668 96.85290075533393 -32.34416567358628 -38.965298 2.2474012 0.8302797 96.8527630914303 -32.344158965370646 96.74047177598368 -32.35909529259816 37.658168911856116 110.18500166655373 5400.0 5400.0 2016.0 1 373 {-999.0 16.290157 15.867953 15.732671 -999.0} sdss_psfmag_gaia 16.204853 15.894879 15.392353 14.399 63050395078133444 1073164136 bright_1x1 mwm_halo_local_high_boss_single mwm_halo science 0 0 0.0 0.0 -999 ""
FIBERMAP 812 R-8C7 METROLOGY 0 0 0 1 0 0 -71.8065878095882 -148.329590422144 143.1 154.4705842719602 -57.41403644241555 81.656876 153.53668 -999.0 -999.0 -999.0 -999.0 -999.0 96.85516911701495 -32.34327854460129 96.74297011739105 -32.35820330554993 37.65590745341858 110.18453699656158 -999.0 6231.0 -999.0 -1 -999 {-999.0 -999.0 -999.0 -999.0 -999.0} "" -999.0 -999.0 -999.0 -999.0 -999 -999 "" "" "" "" 0 0 0.0 0.0 -999 ""
FIBERMAP 813 R+1C24 APOGEE 1 1 0 1 0 0 230.23511287101846 40.851823615864205 143.1 -62.504226686260374 225.32122658595577 182.73128 13.512702 96.07506642739844 -31.49021755873023 -0.3637167 6.083697 0.5519896 96.07506515426628 -31.490199399847477 95.9666010068864 -31.50313789946613 38.090953051450626 108.93298090697702 16000.0 16600.0 2016.0 2 112 {-999.0 13.319389 12.401909 12.082754 -999.0} sdss_psfmag_from_g3xp 13.029461 12.4474945 11.727633 10.187 63050395078213006 1106242066 bright_1x1 mwm_tess_rgb_apogee mwm_tessrgb science 0 0 0.0 0.0 -999 ""
FIBERMAP 813 R+1C24 BOSS 0 0 0 1 0 0 230.95991021815664 41.090115085952576 143.1 -62.810186420002125 226.02015132549425 182.73128 13.512702 -999.0 -999.0 -999.0 -999.0 -999.0 96.07428105576832 -31.48800036533819 95.9655144145409 -31.50100350980021 38.09133432738215 108.93006447655551 -999.0 5400.0 -999.0 1 191 {-999.0 -999.0 -999.0 -999.0 -999.0} "" -999.0 -999.0 -999.0 -999.0 -999 -999 "" "" "" "" 0 0 0.0 0.0 -999 ""
FIBERMAP 813 R+1C24 METROLOGY 0 0 0 1 0 0 230.789198479204 40.34859181198533 143.1 -62.05581906618028 225.92054044773474 182.73128 13.512702 -999.0 -999.0 -999.0 -999.0 -999.0 96.07685870912081 -31.488275304347386 95.96817792565224 -31.50126683824753 38.08919495904623 108.93108872458555 -999.0 6231.0 -999.0 -1 -999 {-999.0 -999.0 -999.0 -999.0 -999.0} "" -999.0 -999.0 -999.0 -999.0 -999 -999 "" "" "" "" 0 0 0.0 0.0 -999 ""
FIBERMAP 815 R-12C7 APOGEE 0 0 0 1 0 0 -20.580816220503756 -218.40415022634184 143.1 219.3702886558028 0.22677436401489684 93.869995 105.54562 -999.0 -999.0 -999.0 -999.0 -999.0 97.0847178340382 -32.16663923021157 96.97330695935273 -32.182212757018036 37.42482857746743 110.02749290924925 -999.0 16600.0 -999.0 2 -999 {-999.0 -999.0 -999.0 -999.0 -999.0} "" -999.0 -999.0 -999.0 -999.0 -999 -999 "" "" "" "" 0 0 0.0 0.0 -999 ""
FIBERMAP 815 R-12C7 BOSS 1 1 0 1 0 0 -19.931123132950006 -218.15472876556274 143.1 219.06037248600464 0.8498782285055341 93.869995 105.54562 97.0839621035344 -32.16470472105067 0.98727983 3.8315637 0.4605516 97.0839655846937 -32.16469328443273 96.97224172627746 -32.180332418734146 37.42525235301236 110.02492184004664 5400.0 5400.0 2016.0 1 366 {-999.0 14.130635 13.573175 13.375676 -999.0} sdss_psfmag_from_g3xp 14.0047035 13.604084 13.037 11.978 63050395078134239 1061880430 bright_1x1 manual_mwm_halo_mp_wise_boss_single mwm_halo science 0 0 0.0 0.0 -999 ""
FIBERMAP 815 R-12C7 METROLOGY 0 0 0 1 0 0 -20.006991765407555 -218.88396655737867 143.1 219.79351435471568 0.843517116316319 93.869995 105.54562 -999.0 -999.0 -999.0 -999.0 -999.0 97.08652222476869 -32.16470797731289 96.97488788598253 -32.18033526007339 37.42307887521426 110.0256024863072 -999.0 6231.0 -999.0 -1 -999 {-999.0 -999.0 -999.0 -999.0 -999.0} "" -999.0 -999.0 -999.0 -999.0 -999 -999 "" "" "" "" 0 0 0.0 0.0 -999 ""
FIBERMAP 817 R+10C12 APOGEE 0 0 0 1 0 0 85.3745917605469 192.61505152101148 143.1 -199.84301004307147 66.72051059846498 30.460094 75.683334 -999.0 -999.0 -999.0 -999.0 -999.0 95.58495162249471 -31.969823971936776 95.47493842886837 -31.98125007353856 38.61078214301189 109.39835575893295 -999.0 16600.0 -999.0 2 -999 {-999.0 -999.0 -999.0 -999.0 -999.0} "" -999.0 -999.0 -999.0 -999.0 -999 -999 "" "" "" "" 0 0 0.0 0.0 -999 ""
FIBERMAP 817 R+10C12 BOSS 1 1 0 1 0 0 85.56400865300375 191.8300827765715 143.1 -199.07954997373923 66.98352336851276 30.460094 75.683334 95.58792114257812 -31.968951837928557 -999.0 -999.0 -999.0 95.58792114257812 -31.968951837928557 95.47760258563102 -31.980449012197454 38.608397878021414 109.39803320589925 5400.0 5400.0 2015.5 1 147 {-999.0 -999.0 -999.0 -999.0 -999.0} "" -999.0 -999.0 -999.0 -999.0 27021603127957903 819173378 "" ops_sky_boss_good ops_sky sky_boss 0 0 0.0 0.0 -999 ""
FIBERMAP 817 R+10C12 METROLOGY 0 0 0 1 0 0 84.86789408985602 192.0648191270973 143.1 -199.2472032798959 66.26828729555943 30.460094 75.683334 -999.0 -999.0 -999.0 -999.0 -999.0 95.58719158474116 -31.971125137345254 95.47695232542503 -31.98260191880846 38.60943620818339 109.40054779342407 -999.0 6231.0 -999.0 -1 -999 {-999.0 -999.0 -999.0 -999.0 -999.0} "" -999.0 -999.0 -999.0 -999.0 -999 -999 "" "" "" "" 0 0 0.0 0.0 -999 ""
FIBERMAP 822 R+8C14 APOGEE 0 0 0 1 0 0 96.87683335975126 161.38593613551458 143.1 -169.84579890776735 81.13277844606671 5.891202 146.68005 -999.0 -999.0 -999.0 -999.0 -999.0 95.69191131623617 -31.92628937281824 95.58201123550509 -31.938027530137756 38.51235188822296 109.37177203199684 -999.0 16600.0 -999.0 2 -999 {-999.0 -999.0 -999.0 -999.0 -999.0} "" -999.0 -999.0 -999.0 -999.0 -999 -999 "" "" "" "" 0 0 0.0 0.0 -999 ""
FIBERMAP 822 R+8C14 BOSS 1 1 0 1 0 0 97.51817790247908 161.08479056974414 143.1 -169.60684145372826 81.79979035428963 5.891202 146.68005 95.69305310669053 -31.924178361851954 -10.871533 -0.310356 1.7279003 95.69301487413837 -31.924179288210272 95.5828146099194 -31.935984228119956 38.51121015466311 109.3694377239221 5400.0 5400.0 2016.0 1 168 {-999.0 20.245333 18.535246 17.545044 -999.0} sdss_psfmag_gaia 19.46679 18.205978 17.136349 14.968 63050395078202038 1094716065 bright_1x1 mwm_bin_vis_boss mwm_filler science 0 0 0.0 0.0 -999 ""
FIBERMAP 822 R+8C14 METROLOGY 0 0 0 1 0 0 96.9120643223675 160.63877015926215 143.1 -169.10534709794058 81.23871584296154 5.891202 146.68005 -999.0 -999.0 -999.0 -999.0 -999.0 95.6946793700756 -31.925887160865535 95.5845587099792 -31.93767837480327 38.51016843405963 109.37198590258498 -999.0 6231.0 -999.0 -1 -999 {-999.0 -999.0 -999.0 -999.0 -999.0} "" -999.0 -999.0 -999.0 -999.0 -999 -999 "" "" "" "" 0 0 0.0 0.0 -999 ""
FIBERMAP 823 R-1C16 APOGEE 1 1 0 1 0 0 43.40900592158902 -31.56898719791693 143.1 27.30933004475095 46.207242346687586 255.41173 81.69753 96.39741461127845 -32.03151321157456 -146.16408 66.16621 17.759985 96.39689998715318 -32.03131571476691 96.28629982146224 -32.044998958817374 37.95712699233702 109.68352986542592 16000.0 16600.0 2016.0 2 219 {-999.0 11.976432 10.823635 10.386215 -999.0} sdss_psfmag_from_g3xp 11.552654 10.844721 10.029962 8.453 63050395078140500 984820975 bright_1x1 mwm_snc_100pc_apogee mwm_snc science 0 0 0.0 0.0 -999 ""
FIBERMAP 823 R-1C16 BOSS 0 0 0 1 0 0 42.72592891027098 -31.298806845536006 143.1 27.105156173348732 45.50162326440728 255.41173 81.69753 -999.0 -999.0 -999.0 -999.0 -999.0 96.39651912455929 -32.03336605120336 96.28559122999548 -32.04711259024237 37.958212275277226 109.68595302136845 -999.0 5400.0 -999.0 1 316 {-999.0 -999.0 -999.0 -999.0 -999.0} "" -999.0 -999.0 -999.0 -999.0 -999 -999 "" "" "" "" 0 0 0.0 0.0 -999 ""
FIBERMAP 823 R-1C16 METROLOGY 0 0 0 1 0 0 43.30756792942614 -30.834823056058028 143.1 26.588100830530788 46.036629942573946 255.41173 81.69753 -999.0 -999.0 -999.0 -999.0 -999.0 96.39457162474413 -32.03176254849465 96.28373967024066 -32.0454856324686 37.95935051169541 109.68347593126714 -999.0 6231.0 -999.0 -1 -999 {-999.0 -999.0 -999.0 -999.0 -999.0} "" -999.0 -999.0 -999.0 -999.0 -999 -999 "" "" "" "" 0 0 0.0 0.0 -999 ""
FIBERMAP 826 R+6C9 APOGEE 0 0 0 1 0 0 -62.87252479267978 113.47784770615844 143.1 -107.00242825896134 -73.3516056062827 225.60278 74.68678 -999.0 -999.0 -999.0 -999.0 -999.0 95.91576341645074 -32.39502504550343 95.8040134134663 -32.40725451959049 38.438445175118595 110.01047367656787 -999.0 16600.0 -999.0 2 -999 {-999.0 -999.0 -999.0 -999.0 -999.0} "" -999.0 -999.0 -999.0 -999.0 -999 -999 "" "" "" "" 0 0 0.0 0.0 -999 ""
FIBERMAP 826 R+6C9 BOSS 1 1 0 1 0 0 -63.24520558216812 114.1082156953993 143.1 -107.59460364267514 -73.78239181758592 225.60278 74.68678 95.91387853703506 -32.39620668145753 1.792161 -32.242283 3.304065 95.91388487237091 -32.39630291962459 95.80182117024341 -32.40858872670374 38.44055295856672 110.01158887286819 5400.0 5400.0 2016.0 1 135 {-999.0 21.695229 19.739304 18.133543 -999.0} sdss_psfmag_gaia 20.58269 18.8623 17.660452 15.412 63050395078193083 1095474236 bright_1x1 mwm_bin_vis_boss mwm_filler science 0 0 0.0 0.0 -999 ""
FIBERMAP 826 R+6C9 METROLOGY 0 0 0 1 0 0 -62.50945064663847 114.1318166513481 143.1 -107.68788124213533 -73.05219648385237 225.60278 74.68678 -999.0 -999.0 -999.0 -999.0 -999.0 95.9134486053921 -32.39411328720778 95.80148028820304 -32.4063809233461 38.440325999354144 110.00876108469396 -999.0 6231.0 -999.0 -1 -999 {-999.0 -999.0 -999.0 -999.0 -999.0} "" -999.0 -999.0 -999.0 -999.0 -999 -999 "" "" "" "" 0 0 0.0 0.0 -999 ""
FIBERMAP 829 R-13C9 APOGEE 0 0 0 1 0 0 46.69312448860965 -257.16152776971245 143.1 251.5720751328415 70.87301439874174 346.66177 111.61572 -999.0 -999.0 -999.0 -999.0 -999.0 97.19599824011148 -31.95186581287552 97.08533636719045 -31.967814644581388 37.28087703417108 109.79465809667713 -999.0 16600.0 -999.0 2 157 {-999.0 -999.0 -999.0 -999.0 -999.0} "" -999.0 -999.0 -999.0 -999.0 -999 -999 "" "" "" "" 0 0 0.0 0.0 -999 ""
FIBERMAP 829 R-13C9 BOSS 1 1 0 1 0 0 46.779501584094355 -257.89974266185044 143.1 252.29876527347906 71.02901808631273 346.66177 111.61572 97.19893897875713 -31.95133596943428 -14.162556 11.159875 1.7588823 97.19888915777625 -31.95130265894487 97.08790731713324 -31.967328250705425 37.27864322167129 109.79473265860368 5400.0 5400.0 2016.0 1 438 {-999.0 19.509138 17.989677 17.223335 -999.0} sdss_psfmag_gaia 18.891924 17.826542 16.845299 14.859 63050395078137099 1094817767 bright_1x1 mwm_bin_vis_boss mwm_filler science 0 0 0.0 0.0 -999 ""
FIBERMAP 829 R-13C9 METROLOGY 0 0 0 1 0 0 46.091616693390435 -257.6234764850879 143.1 252.08898905532408 70.3180356129734 346.66177 111.61572 -999.0 -999.0 -999.0 -999.0 -999.0 97.1981444767127 -31.953464318212696 97.08724542422704 -31.969467761691327 37.279708759561856 109.79716876988925 -999.0 6231.0 -999.0 -1 -999 {-999.0 -999.0 -999.0 -999.0 -999.0} "" -999.0 -999.0 -999.0 -999.0 -999 -999 "" "" "" "" 0 0 0.0 0.0 -999 ""
FIBERMAP 833 R0C10 APOGEE 0 0 0 1 0 0 -110.70376807659972 -5.3489254219844975 143.1 15.824554802029635 -109.69673552497592 263.99536 29.017551 -999.0 -999.0 -999.0 -999.0 -999.0 96.35778685434255 -32.504729795480884 96.24542859448735 -32.51816595091908 38.10157531880881 110.25723307461459 -999.0 16600.0 -999.0 2 -999 {-999.0 -999.0 -999.0 -999.0 -999.0} "" -999.0 -999.0 -999.0 -999.0 -999 -999 "" "" "" "" 0 0 0.0 0.0 -999 ""
FIBERMAP 833 R0C10 BOSS 1 1 0 1 0 0 -110.99546849419397 -4.678592839711388 143.1 15.18491458463221 -110.05069737384683 263.99536 29.017551 96.35580850841855 -32.50581017077502 1.3436663 1.4212531 0.5513506 96.35581326408993 -32.50580592855695 96.24313713662626 -32.51929931202569 38.1037171517982 110.25806694900459 5400.0 5400.0 2016.0 1 448 {-999.0 16.016874 15.64172 15.525461 -999.0} sdss_psfmag_gaia 15.961766 15.663013 15.199832 14.312 63050395078127965 978614135 "" ops_std_boss ops_std standard_boss 0 0 0.0 0.0 -999 ""
FIBERMAP 833 R0C10 METROLOGY 0 0 0 1 0 0 -110.25091299883918 -4.753593165725343 143.1 15.188958491860125 -109.30238929989504 263.99536 29.017551 -999.0 -999.0 -999.0 -999.0 -999.0 96.35573118904301 -32.50356608800046 96.24315253976016 -32.517042018054866 38.10318285820806 110.25527981656782 -999.0 6231.0 -999.0 -1 -999 {-999.0 -999.0 -999.0 -999.0 -999.0} "" -999.0 -999.0 -999.0 -999.0 -999 -999 "" "" "" "" 0 0 0.0 0.0 -999 ""
FIBERMAP 834 R+2C24 APOGEE 0 0 0 1 0 0 253.506964311891 21.29825669358313 143.1 -45.24615794020736 250.3426016439029 332.04413 68.69038 -999.0 -999.0 -999.0 -999.0 -999.0 96.13630584807525 -31.414813276863693 96.02809012388076 -31.427945503047535 38.02179866486364 108.85654553602086 -999.0 16600.0 -999.0 2 -999 {-999.0 -999.0 -999.0 -999.0 -999.0} "" -999.0 -999.0 -999.0 -999.0 -999 -999 "" "" "" "" 0 0 0.0 0.0 -999 ""
FIBERMAP 834 R+2C24 BOSS 1 1 0 1 0 0 252.9148006264898 20.808317983889747 143.1 -44.70226661698605 249.79957951923816 332.04413 68.69038 96.13854411625381 -31.41640278047764 -0.42916995 15.292653 1.003657 96.13854261519676 -31.416357134302054 96.03000947070426 -31.429561923347972 38.02060440941325 108.85904229013697 5400.0 5400.0 2016.0 1 193 {-999.0 14.640774 14.183274 14.03684 -999.0} sdss_psfmag_from_g3xp 14.543364 14.208596 13.702505 12.839 63050395078213660 1075888113 bright_1x1 mwm_erosita_stars_boss mwm_erosita science 0 0 0.0 0.0 -999 ""
FIBERMAP 834 R+2C24 METROLOGY 0 0 0 1 0 0 252.79528385266502 21.52849383383635 143.1 -45.407855987263076 249.61229666903625 332.04413 68.69038 -999.0 -999.0 -999.0 -999.0 -999.0 96.13594373447617 -31.4169021016162 96.0274975806343 -31.43008051442861 38.02280947608751 108.85901751165497 -999.0 6231.0 -999.0 -1 -999 {-999.0 -999.0 -999.0 -999.0 -999.0} "" -999.0 -999.0 -999.0 -999.0 -999 -999 "" "" "" "" 0 0 0.0 0.0 -999 ""
FIBERMAP 836 R+9C2 APOGEE 0 0 0 1 0 0 -158.50751035737332 168.3991249724418 143.1 -152.60522902711293 -173.76394651493928 314.0359 130.41153 -999.0 -999.0 -999.0 -999.0 -999.0 95.75231760606889 -32.69843045432999 95.63949753670568 -32.71011502812485 38.64227240973593 110.34729329813467 -999.0 16600.0 -999.0 2 -999 {-999.0 -999.0 -999.0 -999.0 -999.0} "" -999.0 -999.0 -999.0 -999.0 -999 -999 "" "" "" "" 0 0 0.0 0.0 -999 ""
FIBERMAP 836 R+9C2 BOSS 1 1 0 1 0 0 -158.5847556427305 167.67345785578482 143.1 -151.87551114617042 -173.7720167290122 314.0359 130.41153 95.75528845312694 -32.69873010095556 -21.294498 99.904884 15.606951 95.75521292274861 -32.69843190049207 95.64208665973541 -32.710184902471774 38.64016527467421 110.34800691948168 5400.0 5400.0 2016.0 1 19 {-999.0 17.200066 15.290571 13.885989 -999.0} sdss_psfmag_gaia 16.147953 14.602435 13.396846 11.089 63050395078126281 1151161916 bright_1x1 mwm_snc_100pc_boss_single mwm_snc science 0 0 0.0 0.0 -999 ""
FIBERMAP 836 R+9C2 METROLOGY 0 0 0 1 0 0 -159.1915885509613 168.09657705581787 143.1 -152.23916493231908 -174.4162414583808 314.0359 130.41153 -999.0 -999.0 -999.0 -999.0 -999.0 95.75379965004586 -32.70041457703205 95.64074920992255 -32.712145817186475 38.64170223936224 110.35012973778925 -999.0 6231.0 -999.0 -1 -999 {-999.0 -999.0 -999.0 -999.0 -999.0} "" -999.0 -999.0 -999.0 -999.0 -999 -999 "" "" "" "" 0 0 0.0 0.0 -999 ""
FIBERMAP 843 R+7C18 APOGEE 1 1 0 1 0 0 181.27507777179488 121.7854416759095 143.1 -138.42886751342138 168.90599011366194 356.9075 65.16785 95.80497093913345 -31.660780571251408 -8.8737135 -2.8429446 2.4647267 95.80493982122579 -31.6607890569923 95.69597120498975 -31.67292087912504 38.35555375075382 109.07217521965455 16000.0 16600.0 2016.0 2 119 {-999.0 9.779456 9.642082 9.622325 -999.0} sdss_psfmag_from_g3xp 9.806166 9.624166 9.302094 8.841 63050395078203255 974896790 "" ops_std_apogee ops_std standard_apogee 0 0 0.0 0.0 -999 ""
FIBERMAP 843 R+7C18 BOSS 0 0 0 1 0 0 180.9149394643272 121.11659409090177 143.1 -137.72888150331016 168.61091475231154 356.9075 65.16785 -999.0 -999.0 -999.0 -999.0 -999.0 95.80769720606843 -31.66157606674492 95.69841492669764 -31.67377989422077 38.35373898244242 109.07387177962835 -999.0 5400.0 -999.0 1 204 {-999.0 -999.0 -999.0 -999.0 -999.0} "" -999.0 -999.0 -999.0 -999.0 -999 -999 "" "" "" "" 0 0 0.0 0.0 -999 ""
FIBERMAP 843 R+7C18 METROLOGY 0 0 0 1 0 0 180.52771348178575 121.75470351045928 143.1 -138.327383824276 168.16491476285466 356.9075 65.16785 -999.0 -999.0 -999.0 -999.0 -999.0 95.8054527702386 -31.662918201286665 95.69625404566932 -31.675097051814294 38.35583912733324 109.07494344785658 -999.0 6231.0 -999.0 -1 -999 {-999.0 -999.0 -999.0 -999.0 -999.0} "" -999.0 -999.0 -999.0 -999.0 -999 -999 "" "" "" "" 0 0 0.0 0.0 -999 ""
FIBERMAP 844 R-3C20 APOGEE 0 0 0 1 0 0 161.81764409464517 -74.62702354460366 143.1 58.94245728635427 168.1652598331096 280.54132 80.552055 -999.0 -999.0 -999.0 -999.0 -999.0 96.50768394153211 -31.6613647243559 96.398396828604 -31.6754664074881 37.77595049054052 109.25810472695235 -999.0 16600.0 -999.0 2 214 {-999.0 -999.0 -999.0 -999.0 -999.0} "" -999.0 -999.0 -999.0 -999.0 -999 -999 "" "" "" "" 0 0 0.0 0.0 -999 ""
FIBERMAP 844 R-3C20 BOSS 1 1 0 1 0 0 161.05431410575224 -74.67794666971739 143.1 59.065549099040204 167.41020530782825 280.54132 80.552055 96.50848422452816 -31.663569710877063 -1.8829095 17.84343 2.088916 96.50847762143857 -31.663516451032805 96.39886818101887 -31.67768682033548 37.77610069629677 109.26095304597143 5400.0 5400.0 2016.0 1 306 {-999.0 19.793638 18.02047 16.931416 -999.0} sdss_psfmag_gaia 18.678377 17.610445 16.237196 14.035 63050395078206775 1095060990 bright_1x1 mwm_bin_vis_boss mwm_filler science 0 0 0.0 0.0 -999 ""
FIBERMAP 844 R-3C20 METROLOGY 0 0 0 1 0 0 161.38886600033396 -74.01886779504831 143.1 58.37771446461818 167.6807362717762 280.54132 80.552055 -999.0 -999.0 -999.0 -999.0 -999.0 96.5059414690745 -31.662705898715004 96.39642463512638 -31.676850358974004 37.77791475925621 109.25928750438118 -999.0 6231.0 -999.0 -1 -999 {-999.0 -999.0 -999.0 -999.0 -999.0} "" -999.0 -999.0 -999.0 -999.0 -999 -999 "" "" "" "" 0 0 0.0 0.0 -999 ""
FIBERMAP 845 R+9C16 APOGEE 1 1 0 1 0 0 164.00970618254712 168.0301396556836 143.1 -182.82727383529445 147.3324435607822 25.33794 62.87966 95.64697265625 -31.726059170788744 -999.0 -999.0 -999.0 95.64697265625 -31.726059170788744 95.53783419455897 -31.737729570367478 38.50163887936161 109.11171627886354 16000.0 16600.0 2015.5 2 76 {-999.0 -999.0 -999.0 -999.0 -999.0} "" -999.0 -999.0 -999.0 -999.0 27021603127958038 841285498 "" ops_sky_apogee_best ops_sky sky_apogee 0 0 0.0 0.0 -999 ""
FIBERMAP 845 R+9C16 BOSS 0 0 0 1 0 0 163.92246287709983 167.28704316718876 143.1 -182.07925698863102 147.3160735576895 25.33794 62.87966 -999.0 -999.0 -999.0 -999.0 -999.0 95.6499025233773 -31.726022257771017 95.54045540495258 -31.737764588508668 38.499481272727884 109.11243419772882 -999.0 5400.0 -999.0 1 235 {-999.0 -999.0 -999.0 -999.0 -999.0} "" -999.0 -999.0 -999.0 -999.0 -999 -999 "" "" "" "" 0 0 0.0 0.0 -999 ""
FIBERMAP 845 R+9C16 METROLOGY 0 0 0 1 0 0 163.32586948362217 167.74789803095064 143.1 -182.48144727574868 146.6784630578593 25.33794 62.87966 -999.0 -999.0 -999.0 -999.0 -999.0 95.64834029768681 -31.727942567866826 95.53897392391957 -31.739661900636936 38.501154589909206 109.11440846221853 -999.0 6231.0 -999.0 -1 -999 {-999.0 -999.0 -999.0 -999.0 -999.0} "" -999.0 -999.0 -999.0 -999.0 -999 -999 "" "" "" "" 0 0 0.0 0.0 -999 ""
FIBERMAP 850 R+3C23 APOGEE 0 0 0 1 0 0 239.38497151181167 46.538878604661924 143.1 -69.03343521420116 233.89039072589512 282.95984 123.22955 -999.0 -999.0 -999.0 -999.0 -999.0 96.05191972165278 -31.464477687169882 95.9435601252369 -31.47735881479075 38.103761487271484 108.89514598095991 -999.0 16600.0 -999.0 2 -999 {-999.0 -999.0 -999.0 -999.0 -999.0} "" -999.0 -999.0 -999.0 -999.0 -999 -999 "" "" "" "" 0 0 0.0 0.0 -999 ""
FIBERMAP 850 R+3C23 BOSS 1 1 0 1 0 0 238.75303523306414 45.95541854980436 143.1 -68.39267243684698 233.31664563448308 282.95984 123.22955 96.05448498477584 -31.46608336577919 2.2072442 -7.5205145 0.09155225 96.05449270889238 -31.466105813337474 95.9458155785216 -31.47905990239429 38.102308205066194 108.89783622712557 5400.0 5400.0 2016.0 1 194 {-999.0 15.111347 14.7841625 14.702205 -999.0} sdss_psfmag_from_g3xp 14.985912 14.751723 14.3651085 13.497 63050395078213289 1070838301 bright_1x1 mwm_halo_distant_rrl_boss_single mwm_halo science 0 0 0.0 0.0 -999 ""
FIBERMAP 850 R+3C23 METROLOGY 0 0 0 1 0 0 238.65548911921067 46.704268010855884 143.1 -69.12888980946357 233.1485147018993 282.95984 123.22955 -999.0 -999.0 -999.0 -999.0 -999.0 96.05177876571177 -31.46659840018428 95.94318898106275 -31.479525961583253 38.10459435311661 108.8977201630166 -999.0 6231.0 -999.0 -1 -999 {-999.0 -999.0 -999.0 -999.0 -999.0} "" -999.0 -999.0 -999.0 -999.0 -999 -999 "" "" "" "" 0 0 0.0 0.0 -999 ""
FIBERMAP 853 R+1C21 APOGEE 0 0 0 1 0 0 155.85169338883057 13.975623097745938 143.1 -28.694397741904897 153.82266084166918 206.96039 114.91573 -999.0 -999.0 -999.0 -999.0 -999.0 96.19551358769328 -31.705655586949224 96.08620267009707 -31.718868855366406 38.044192755264945 109.23012919920001 -999.0 16600.0 -999.0 2 -999 {-999.0 -999.0 -999.0 -999.0 -999.0} "" -999.0 -999.0 -999.0 -999.0 -999 -999 "" "" "" "" 0 0 0.0 0.0 -999 ""
FIBERMAP 853 R+1C21 BOSS 1 1 0 1 0 0 155.26069620962173 14.453356404061886 143.1 -29.11392106005692 153.1890204477838 206.96039 114.91573 96.19448334645782 -31.7070136222737 -48.130966 -144.06233 12.685813 96.19431447827134 -31.707443625672703 96.08468959048277 -31.720718888637233 38.04588684654999 109.23201660169329 5400.0 5400.0 2016.0 1 243 {-999.0 17.164274 15.319346 14.089723 -999.0} sdss_psfmag_gaia 16.209816 14.788729 13.623258 11.456 63050395078207338 1151155668 bright_1x1 mwm_snc_100pc_boss_single mwm_snc science 0 0 0.0 0.0 -999 ""
FIBERMAP 853 R+1C21 METROLOGY 0 0 0 1 0 0 155.9545316445571 14.71651614667758 143.1 -29.44170020885322 153.85476438710526 206.96039 114.91573 -999.0 -999.0 -999.0 -999.0 -999.0 96.19305346447274 -31.705434510989072 96.08352082325735 -31.718688060017897 38.04636367607151 109.2292099793205 -999.0 6231.0 -999.0 -1 -999 {-999.0 -999.0 -999.0 -999.0 -999.0} "" -999.0 -999.0 -999.0 -999.0 -999 -999 "" "" "" "" 0 0 0.0 0.0 -999 ""
FIBERMAP 855 R+8C7 APOGEE 0 0 1 1 0 0 -66.73927765981892 162.86909919229313 143.1 -155.80398583260347 -81.88545099353624 9.982004 170.10616 -999.0 -999.0 -999.0 -999.0 -999.0 95.74074294301485 -32.42055286625652 95.62897554406533 -32.4322849503988 38.5880083065774 109.99838209703728 -999.0 16600.0 -999.0 2 -999 {-999.0 -999.0 -999.0 -999.0 -999.0} "" -999.0 -999.0 -999.0 -999.0 -999 -999 "" "" "" "" 0 0 0.0 0.0 -999 ""
FIBERMAP 855 R+8C7 BOSS 1 0 1 1 0 0 -65.98736720281991 162.8838557399274 143.1 -155.88999122828227 -81.13833420945981 9.982004 170.10616 95.71229970832147 -32.41890814752634 15.14329 27.870369 3.1122963 95.74067890664367 -32.41825571311363 95.62861073991297 -32.43004950258449 38.58779792365172 109.9955077686842 5400.0 5400.0 2016.0 1 108 {-999.0 14.581065 13.672704 13.386409 -999.0} sdss_psfmag_from_g3xp 14.291633 13.742342 13.026852 11.637 63050395078193277 1095598613 bright_1x1 mwm_bin_vis_boss mwm_filler science 0 0 0.0 0.0 -999 ""
FIBERMAP 855 R+8C7 METROLOGY 0 0 1 1 0 0 -66.35103001169165 162.2297542302267 143.1 -155.20435044685922 -81.43831676436119 9.982004 170.10616 -999.0 -999.0 -999.0 -999.0 -999.0 95.74302358610973 -32.41919962299938 95.63103849249916 -32.43098235739789 38.586015787101196 109.99726800159226 -999.0 6231.0 -999.0 -1 -999 {-999.0 -999.0 -999.0 -999.0 -999.0} "" -999.0 -999.0 -999.0 -999.0 -999 -999 "" "" "" "" 0 0 0.0 0.0 -999 ""
FIBERMAP 861 R+12C6 APOGEE 0 0 0 1 0 0 -41.54486620676616 221.73828019449513 143.1 -216.79701600063206 -62.38825305634262 274.101 128.85063 -999.0 -999.0 -999.0 -999.0 -999.0 95.52281759792288 -32.36068392496027 95.41137326321945 -32.37182333606363 38.753118240673004 109.86935195034846 -999.0 16600.0 -999.0 2 -999 {-999.0 -999.0 -999.0 -999.0 -999.0} "" -999.0 -999.0 -999.0 -999.0 -999 -999 "" "" "" "" 0 0 0.0 0.0 -999 ""
FIBERMAP 861 R+12C6 BOSS 1 1 0 1 0 0 -42.08055041515789 221.2373362468689 143.1 -216.24752595082734 -62.8740068496572 274.101 128.85063 95.52498379000973 -32.36183372296485 14.041784 -93.575584 1.0474242 95.52503340930453 -32.362113031426496 95.41327562432325 -32.373318937483795 38.75189411627674 109.87168828926113 5400.0 5400.0 2016.0 1 163 {-999.0 17.18303 16.532688 16.302267 -999.0} sdss_psfmag_gaia 17.017872 16.575426 15.96308 14.673 63050395078194221 1073164084 bright_1x1 mwm_halo_local_high_boss_single mwm_halo science 0 0 0.0 0.0 -999 ""
FIBERMAP 861 R+12C6 METROLOGY 0 0 0 1 0 0 -42.262481740751554 221.9492924267921 143.1 -216.93901300360008 -63.12264291594357 274.101 128.85063 -999.0 -999.0 -999.0 -999.0 -999.0 95.52243955325582 -32.3628809614606 95.41076682065335 -32.374062167415794 38.75412649148448 109.87199802106403 -999.0 6231.0 -999.0 -1 -999 {-999.0 -999.0 -999.0 -999.0 -999.0} "" -999.0 -999.0 -999.0 -999.0 -999 -999 "" "" "" "" 0 0 0.0 0.0 -999 ""
FIBERMAP 862 R+6C19 APOGEE 1 1 0 1 0 0 188.2858989256495 105.75651776457777 143.1 -123.13724328717387 177.40543902638063 317.31906 110.13919 95.85936143755569 -31.635065939126303 2.533695 2.3252509 0.2923625 95.8593703201353 -31.635058998616167 95.75047112948526 -31.647350768739873 38.30439894906943 109.05465175736671 16000.0 16600.0 2016.0 2 118 {-999.0 12.920458 11.836704 11.407415 -999.0} sdss_psfmag_from_g3xp 12.542354 11.845881 11.040903 9.226 63050395078203292 1155661022 bright_1x1 mwm_galactic_core_dist_apogee_extra mwm_galactic science 0 0 0.0 0.0 -999 ""
FIBERMAP 862 R+6C19 BOSS 0 0 0 1 0 0 188.0115011072603 105.03444900634892 143.1 -122.39240845593088 177.20076492508556 317.31906 110.13919 -999.0 -999.0 -999.0 -999.0 -999.0 95.86229160126526 -31.63556824807694 95.75307997927717 -31.64793289135994 38.302381803965595 109.05604915241611 -999.0 5400.0 -999.0 1 203 {-999.0 -999.0 -999.0 -999.0 -999.0} "" -999.0 -999.0 -999.0 -999.0 -999 -999 "" "" "" "" 0 0 0.0 0.0 -999 ""
FIBERMAP 862 R+6C19 METROLOGY 0 0 0 1 0 0 187.54104283825916 105.63224536706649 143.1 -122.94288546599178 176.67573187411264 317.31906 110.13919 -999.0 -999.0 -999.0 -999.0 -999.0 95.86022013049241 -31.637147851019243 95.75109123285245 -31.649487846055557 38.30439763774886 109.05745695269445 -999.0 6231.0 -999.0 -1 -999 {-999.0 -999.0 -999.0 -999.0 -999.0} "" -999.0 -999.0 -999.0 -999.0 -999 -999 "" "" "" "" 0 0 0.0 0.0 -999 ""
FIBERMAP 863 R+9C12 APOGEE 1 1 0 1 0 0 50.65359921898216 180.63999709767143 143.1 -184.62887415816812 33.292028682068704 69.65086 163.96257 95.63859466804911 -32.07118403116568 -2.465054 2.1529918 1.4930793 95.63858598514281 -32.071177604821976 95.52817198254924 -32.08272455198386 38.59050139009536 109.53807134984551 16000.0 16600.0 2016.0 2 144 {-999.0 10.819839 10.653734 10.640161 -999.0} sdss_psfmag_from_g3xp 10.837336 10.646178 10.318022 9.811 63050395078201720 974896781 "" ops_std_apogee ops_std standard_apogee 0 0 0.0 0.0 -999 ""
FIBERMAP 863 R+9C12 BOSS 0 0 0 1 0 0 51.13400692872567 181.26905035325746 143.1 -185.30065250122354 33.710604877131196 69.65086 163.96257 -999.0 -999.0 -999.0 -999.0 -999.0 95.6364362919697 -32.069830759065596 95.52571984761147 -32.08143432919327 38.592222702821054 109.53584861300203 -999.0 5400.0 -999.0 1 146 {-999.0 -999.0 -999.0 -999.0 -999.0} "" -999.0 -999.0 -999.0 -999.0 -999 -999 "" "" "" "" 0 0 0.0 0.0 -999 ""
FIBERMAP 863 R+9C12 METROLOGY 0 0 0 1 0 0 51.40114040465499 180.57145302670995 143.1 -184.63154054267642 34.042696621216386 69.65086 163.96257 -999.0 -999.0 -999.0 -999.0 -999.0 95.6387085657516 -32.06884165808491 95.5280820175849 -32.08043423743174 38.590043731864206 109.53519860094084 -999.0 6231.0 -999.0 -1 -999 {-999.0 -999.0 -999.0 -999.0 -999.0} "" -999.0 -999.0 -999.0 -999.0 -999 -999 "" "" "" "" 0 0 0.0 0.0 -999 ""
FIBERMAP 864 R-6C5 APOGEE 1 1 0 1 0 0 -135.99045741313893 -136.23732316007758 143.1 148.52046349427167 -122.45508326175978 313.02026 60.1827 96.83507356067604 -32.540476626029644 0.08720588 4.2209215 0.52147883 96.83507386944504 -32.54046402723965 96.72237286675981 -32.55522818521553 37.71911357245384 110.42136947435466 16000.0 16600.0 2016.0 2 294 {-999.0 13.253371 12.306214 11.974135 -999.0} sdss_psfmag_from_g3xp 12.950998 12.351744 11.618182 10.111 63050395078132691 1107892774 bright_1x1 mwm_tess_rgb_apogee mwm_tessrgb science 0 0 0.0 0.0 -999 ""
FIBERMAP 864 R-6C5 BOSS 0 0 0 1 0 0 -136.74205380136544 -136.33451959251263 143.1 148.68850685805214 -123.19406832786066 313.02026 60.1827 -999.0 -999.0 -999.0 -999.0 -999.0 96.83606543381399 -32.54266555030263 96.72303628431848 -32.5574965214619 37.71910002690037 110.42432289088987 -999.0 5400.0 -999.0 1 485 {-999.0 -999.0 -999.0 -999.0 -999.0} "" -999.0 -999.0 -999.0 -999.0 -999 -999 "" "" "" "" 0 0 0.0 0.0 -999 ""
FIBERMAP 864 R-6C5 METROLOGY 0 0 0 1 0 0 -136.4389095381328 -135.6464079741369 143.1 147.97474941010148 -122.95755685342556 313.02026 60.1827 -999.0 -999.0 -999.0 -999.0 -999.0 96.83343405696634 -32.542008026698326 96.72049900247794 -32.55681347363755 37.721019726519565 110.4228514326274 -999.0 6231.0 -999.0 -1 -999 {-999.0 -999.0 -999.0 -999.0 -999.0} "" -999.0 -999.0 -999.0 -999.0 -999 -999 "" "" "" "" 0 0 0.0 0.0 -999 ""
FIBERMAP 867 R-6C9 APOGEE 0 0 0 1 0 0 -46.12242663704184 -137.30052646908317 143.1 141.05527312537419 -32.89187107815453 325.42026 42.926888 -999.0 -999.0 -999.0 -999.0 -999.0 96.80617128574141 -32.26930719845805 96.69449874660398 -32.284069006189256 37.678157412482165 110.08129583131122 -999.0 16600.0 -999.0 2 -999 {-999.0 -999.0 -999.0 -999.0 -999.0} "" -999.0 -999.0 -999.0 -999.0 -999 -999 "" "" "" "" 0 0 0.0 0.0 -999 ""
FIBERMAP 867 R-6C9 BOSS 1 1 0 1 0 0 -46.86128940443028 -137.4201197148934 143.1 141.24440447575387 -33.6160557612256 325.42026 42.926888 96.80726411028398 -32.27145465397624 -0.513228 2.5353446 0.2594335 96.80726229851051 -32.27144708636948 96.6952629532366 -32.286277011489574 37.67805309763606 110.0841995970156 5400.0 5400.0 2016.0 1 371 {-999.0 17.766068 17.391449 17.275408 -999.0} sdss_psfmag_gaia 17.719437 17.412674 16.958082 15.743 63050395078138314 976855791 "" ops_std_boss ops_std standard_boss 0 0 0.0 0.0 -999 ""
FIBERMAP 867 R-6C9 METROLOGY 0 0 0 1 0 0 -46.59485124347453 -136.72060129457094 143.1 140.5227731306793 -33.417166585832426 325.42026 42.926888 -999.0 -999.0 -999.0 -999.0 -999.0 96.80460107175506 -32.27088490788087 96.69269512350144 -32.28568891044161 37.68002267337142 110.08282768699425 -999.0 6231.0 -999.0 -1 -999 {-999.0 -999.0 -999.0 -999.0 -999.0} "" -999.0 -999.0 -999.0 -999.0 -999 -999 "" "" "" "" 0 0 0.0 0.0 -999 ""
FIBERMAP 873 R+3C16 APOGEE 1 1 0 1 0 0 82.5311602995393 47.705070375056344 143.1 -55.31745656187813 77.6339998400037 276.92987 131.56848 96.10075712030411 -31.936683964657067 -1.4659978 2.5194547 0.40594867 96.10075196404374 -31.936676444479023 95.99062937711432 -31.949556854013025 38.17809070072214 109.49022747333176 16000.0 16600.0 2016.0 2 71 {-999.0 12.821122 11.909351 11.556916 -999.0} sdss_psfmag_from_g3xp 12.53437 11.935681 11.198135 9.574 63050395078197935 1104352055 bright_1x1 mwm_tess_rgb_apogee mwm_tessrgb science 0 0 0.0 0.0 -999 ""
FIBERMAP 873 R+3C16 BOSS 0 0 0 1 0 0 81.97201362417154 47.20042977989394 143.1 -54.762061237356995 77.1252400989114 276.92987 131.56848 -999.0 -999.0 -999.0 -999.0 -999.0 96.10301506265267 -31.93810729268896 95.99257428258096 -31.95105809189781 38.17684287563772 109.4925800557454 -999.0 5400.0 -999.0 1 228 {-999.0 -999.0 -999.0 -999.0 -999.0} "" -999.0 -999.0 -999.0 -999.0 -999 -999 "" "" "" "" 0 0 0.0 0.0 -999 ""
FIBERMAP 873 R+3C16 METROLOGY 0 0 0 1 0 0 81.81588876432184 47.92274875398057 143.1 -55.466311939048246 76.90131114329621 276.92987 131.56848 -999.0 -999.0 -999.0 -999.0 -999.0 96.10040161890825 -31.938802307610114 95.99004777719688 -31.95172730283817 38.17908410817209 109.49276135609139 -999.0 6231.0 -999.0 -1 -999 {-999.0 -999.0 -999.0 -999.0 -999.0} "" -999.0 -999.0 -999.0 -999.0 -999 -999 "" "" "" "" 0 0 0.0 0.0 -999 ""
FIBERMAP 874 R+8C3 APOGEE 1 0 1 1 0 0 -153.962260108372 162.8756522483486 143.1 -147.53778627171252 -168.7153357258835 10.021875 169.732 95.76507568359375 -32.676603446673056 -999.0 -999.0 -999.0 95.77048603273835 -32.68326845035363 95.65771517780865 -32.6950082290218 38.62393936229066 110.3328599165597 16000.0 16600.0 2015.5 2 16 {-999.0 -999.0 -999.0 -999.0 -999.0} "" -999.0 -999.0 -999.0 -999.0 27021603127945886 841281977 "" ops_sky_apogee_best ops_sky sky_apogee 0 0 0.0 0.0 -999 ""
FIBERMAP 874 R+8C3 BOSS 0 0 1 1 0 0 -153.22053140477726 162.79426732773274 143.1 -147.52711848056973 -167.96923613251224 10.021875 169.732 -999.0 -999.0 -999.0 -999.0 -999.0 95.77079900225742 -32.68098640562657 95.65772645419122 -32.69278798138717 38.62343070980897 110.33009360208735 -999.0 5400.0 -999.0 1 25 {-999.0 -999.0 -999.0 -999.0 -999.0} "" -999.0 -999.0 -999.0 -999.0 -999 -999 "" "" "" "" 0 0 0.0 0.0 -999 ""
FIBERMAP 874 R+8C3 METROLOGY 0 0 1 1 0 0 -153.66104687209264 162.1893629016689 143.1 -146.88316356752586 -168.35039056845082 10.021875 169.732 -999.0 -999.0 -999.0 -999.0 -999.0 95.7729971873881 -32.68218939632488 95.66000699462097 -32.6939797027029 38.62182873036152 110.3321324592888 -999.0 6231.0 -999.0 -1 -999 {-999.0 -999.0 -999.0 -999.0 -999.0} "" -999.0 -999.0 -999.0 -999.0 -999 -999 "" "" "" "" 0 0 0.0 0.0 -999 ""
FIBERMAP 876 R+5C22 APOGEE 1 1 0 1 0 0 234.22740302010067 109.65850643320125 143.1 -131.37897178823567 222.76947919501004 92.54623 120.155106 95.83078714185613 -31.49844098228232 -1.0536587 2.4839568 0.7965715 95.83078345336737 -31.498433568060022 95.72239974317844 -31.51068506093461 38.2948068013039 108.87828359857124 16000.0 16600.0 2016.0 2 87 {-999.0 10.780729 9.8734255 9.533498 -999.0} sdss_psfmag_from_g3xp 10.496116 9.906609 9.179355 7.631 63050395078214481 1155661032 bright_1x1 mwm_galactic_core_dist_apogee_extra mwm_galactic science 0 0 0.0 0.0 -999 ""
FIBERMAP 876 R+5C22 BOSS 0 0 0 1 0 0 234.83267868951864 110.07972252445981 143.1 -131.8556943177813 223.3320721604333 92.54623 120.155106 -999.0 -999.0 -999.0 -999.0 -999.0 95.82940858703957 -31.4966726243375 95.72072308236983 -31.50898606031313 38.2957848921156 108.87574384178191 -999.0 5400.0 -999.0 1 260 {-999.0 -999.0 -999.0 -999.0 -999.0} "" -999.0 -999.0 -999.0 -999.0 -999 -999 "" "" "" "" 0 0 0.0 0.0 -999 ""
FIBERMAP 876 R+5C22 METROLOGY 0 0 0 1 0 0 234.89434565390363 109.31637960973927 143.1 -131.10164593175472 223.4658605413115 92.54623 120.155106 -999.0 -999.0 -999.0 -999.0 -999.0 95.83196596827277 -31.496242395192773 95.72336831353385 -31.508544627106996 38.29348974595166 108.8758901171613 -999.0 6231.0 -999.0 -1 -999 {-999.0 -999.0 -999.0 -999.0 -999.0} "" -999.0 -999.0 -999.0 -999.0 -999 -999 "" "" "" "" 0 0 0.0 0.0 -999 ""
FIBERMAP 878 R-3C23 APOGEE 0 0 0 1 0 0 224.06374959384615 -54.46160497641763 143.1 32.96429002160278 228.21778736646746 152.35468 126.90651 -999.0 -999.0 -999.0 -999.0 -999.0 96.41408466314046 -31.480557219058625 96.30550336849473 -31.494449247086724 37.80857178854641 109.01153815327697 -999.0 16600.0 -999.0 2 -999 {-999.0 -999.0 -999.0 -999.0 -999.0} "" -999.0 -999.0 -999.0 -999.0 -999 -999 "" "" "" "" 0 0 0.0 0.0 -999 ""
FIBERMAP 878 R-3C23 BOSS 1 1 0 1 0 0 223.94085501828195 -53.71679942492212 143.1 32.234502496654876 228.0248059409392 152.35468 126.90651 96.41058207798348 -31.481005291882155 52.241787 -11.770618 29.133915 96.41180656408073 -31.481040425205713 96.30292040318527 -31.494993685149485 37.810840556843324 109.0115244013289 5400.0 5400.0 2016.0 1 279 {-999.0 8.359885 7.8600364 7.683596 -999.0} sdss_psfmag_from_g3xp 8.259309 7.893656 7.35304 6.38 63050395078208572 1068343449 bright_single_1x1 manual_mwm_validation_cool_boss mwm_validation science 0 0 3.197968006134033 0.0 -999 ""
FIBERMAP 878 R-3C23 METROLOGY 0 0 0 1 0 0 224.64437860941482 -53.99004568738193 143.1 32.43978916904845 228.75107009673948 152.35468 126.90651 -999.0 -999.0 -999.0 -999.0 -999.0 96.41244892271047 -31.478837063197147 96.30364990960345 -31.492773360063392 37.809694237453634 109.00899201941178 -999.0 6231.0 -999.0 -1 -999 {-999.0 -999.0 -999.0 -999.0 -999.0} "" -999.0 -999.0 -999.0 -999.0 -999 -999 "" "" "" "" 0 0 0.0 0.0 -999 ""
FIBERMAP 879 R0C22 APOGEE 0 0 0 1 0 0 176.3027402486044 -12.952563084592068 143.1 -3.827457192052741 176.73541503372138 259.61682 116.27796 -999.0 -999.0 -999.0 -999.0 -999.0 96.28395146319592 -31.636166926134116 96.1748569015561 -31.649648442211028 37.95428722592285 109.16796380886254 -999.0 16600.0 -999.0 2 -999 {-999.0 -999.0 -999.0 -999.0 -999.0} "" -999.0 -999.0 -999.0 -999.0 -999 -999 "" "" "" "" 0 0 0.0 0.0 -999 ""
FIBERMAP 879 R0C22 BOSS 1 1 0 1 0 0 175.55099219267234 -13.139845323028077 143.1 -3.5697202791016442 176.0048232340157 259.61682 116.27796 96.28518836276037 -31.6382410979651 -0.09707518 0.38502064 0.103802 96.2851880224244 -31.63823994873875 96.17577258268628 -31.651790682026107 37.95404897239134 109.17083906643215 5400.0 5400.0 2016.0 1 255 {-999.0 19.754759 19.521854 19.462934 -999.0} sdss_psfmag_gaia 19.82177 19.521524 19.21512 -999.0 63050395078207956 1116444437 bright_1x1 openfibertargets_bhm_quaia_boss open_fiber science 0 0 0.0 0.0 -999 ""
FIBERMAP 879 R0C22 METROLOGY 0 0 0 1 0 0 175.77255126845589 -12.424928872163443 143.1 -4.302423561615999 176.1575754690319 259.61682 116.27796 -999.0 -999.0 -999.0 -999.0 -999.0 96.28248688206442 -31.637783168395725 96.17316290638485 -31.651307650300993 37.95608770350789 109.16956336913387 -999.0 6231.0 -999.0 -1 -999 {-999.0 -999.0 -999.0 -999.0 -999.0} "" -999.0 -999.0 -999.0 -999.0 -999 -999 "" "" "" "" 0 0 0.0 0.0 -999 ""
FIBERMAP 881 R+5C5 APOGEE 0 0 1 1 0 0 -144.3782844382146 104.71484424808713 143.1 -90.54851131093368 -153.65832018576222 9.981125 170.04588 -999.0 -999.0 -999.0 -999.0 -999.0 95.97523503319992 -32.63829195324443 95.86254279887879 -32.65061787623596 38.44595143177289 110.3273676751628 -999.0 16600.0 -999.0 2 27 {-999.0 -999.0 -999.0 -999.0 -999.0} "" -999.0 -999.0 -999.0 -999.0 -999 -999 "" "" "" "" 0 0 0.0 0.0 -999 ""
FIBERMAP 881 R+5C5 BOSS 1 0 1 1 0 0 -143.63556081397837 104.6889212544222 143.1 -90.59314945889632 -152.9164904869079 9.981125 170.04588 96.01755307655293 -32.611489982329346 36.48944 -56.9412 8.513944 95.97534336691565 -32.636041142448974 95.8623477254709 -32.648429187738195 38.44561485110913 110.32459840735757 5400.0 5400.0 2016.0 1 43 {-999.0 17.959934 16.036594 14.582938 -999.0} sdss_psfmag_gaia 16.657429 15.303066 13.862952 11.556 63050395078126677 1095212377 bright_1x1 mwm_bin_vis_boss mwm_filler science 0 0 0.0 0.0 -999 ""
FIBERMAP 881 R+5C5 METROLOGY 0 0 1 1 0 0 -144.03861853589046 104.04883395935649 143.1 -89.91772319549911 -153.25701931631428 9.981125 170.04588 -999.0 -999.0 -999.0 -999.0 -999.0 95.9776738043927 -32.637110751346945 95.8647614494995 -32.649487682277424 38.44387567125495 110.32650338767104 -999.0 6231.0 -999.0 -1 -999 {-999.0 -999.0 -999.0 -999.0 -999.0} "" -999.0 -999.0 -999.0 -999.0 -999 -999 "" "" "" "" 0 0 0.0 0.0 -999 ""
FIBERMAP 882 R-1C8 APOGEE 0 0 0 1 0 0 -127.7103683506021 -12.578870948905468 143.1 24.634867352635023 -125.9408399421177 64.98786 161.43877 -999.0 -999.0 -999.0 -999.0 -999.0 96.38971586454387 -32.55383185738492 96.27715881099863 -32.567343313821816 38.08690394401374 110.32587930188197 -999.0 16600.0 -999.0 2 -999 {-999.0 -999.0 -999.0 -999.0 -999.0} "" -999.0 -999.0 -999.0 -999.0 -999 -999 "" "" "" "" 0 0 0.0 0.0 -999 ""
FIBERMAP 882 R-1C8 BOSS 1 1 0 1 0 0 -127.19348088178143 -12.026064903375511 143.1 24.035532096823317 -125.47871693694849 64.98786 161.43877 96.3878789031504 -32.552462871075356 0.7172319 7.8320093 0.3149634 96.38788144298516 -32.55243949375353 96.27501530216252 -32.56600920536876 38.088354000823095 110.32370053541705 5400.0 5400.0 2016.0 1 459 {-999.0 14.936795 14.408284 14.174553 -999.0} sdss_psfmag_from_g3xp 14.811353 14.411319 13.832882 12.673 63050395078127926 1076156091 bright_1x1 mwm_halo_mp_xp_boss_single mwm_halo science 0 0 0.0 0.0 -999 ""
FIBERMAP 882 R-1C8 METROLOGY 0 0 0 1 0 0 -126.98214832101773 -12.74973289700467 143.1 24.73588951675894 -125.19970153595301 64.98786 161.43877 -999.0 -999.0 -999.0 -999.0 -999.0 96.39031388827922 -32.551615436725506 96.27753896418193 -32.56517435911372 38.08609186210351 110.32329182927435 -999.0 6231.0 -999.0 -1 -999 {-999.0 -999.0 -999.0 -999.0 -999.0} "" -999.0 -999.0 -999.0 -999.0 -999 -999 "" "" "" "" 0 0 0.0 0.0 -999 ""
FIBERMAP 883 R+4C1 APOGEE 1 1 0 1 0 0 -261.4098920281136 87.05930845983303 143.1 -61.87272919608532 -268.4871029184786 180.18279 80.1473 96.0795436861255 -32.984210245227956 -3.4927197 -8.140923 1.5349215 96.07953125769454 -32.984234544606785 95.96548158724497 -32.996753165562005 38.43951775805559 110.78281896429935 16000.0 16600.0 2016.0 2 2 {-999.0 10.574341 9.71447 9.403374 -999.0} sdss_psfmag_from_g3xp 10.312113 9.755308 9.052985 7.606 63050395078124116 1106242065 bright_1x1 mwm_tess_rgb_apogee mwm_tessrgb science 0 0 0.0 0.0 -999 ""
FIBERMAP 883 R+4C1 BOSS 0 0 0 1 0 0 -261.3132774057862 87.7970066981616 143.1 -62.61626098887299 -268.46089189935606 180.18279 80.1473 -999.0 -999.0 -999.0 -999.0 -999.0 96.0771687307345 -32.98407988888211 95.96280672060124 -32.99665204774339 38.441682107477 110.78205445719982 -999.0 5400.0 -999.0 1 2 {-999.0 -999.0 -999.0 -999.0 -999.0} "" -999.0 -999.0 -999.0 -999.0 -999 -999 "" "" "" "" 0 0 0.0 0.0 -999 ""
FIBERMAP 883 R+4C1 METROLOGY 0 0 0 1 0 0 -260.71866992797186 87.32211610214635 143.1 -62.1999099704244 -267.8239271223238 180.18279 80.1473 -999.0 -999.0 -999.0 -999.0 -999.0 96.07855885654058 -32.98224162067612 95.96429204700314 -32.99480116924779 38.44005498793826 110.7801055484459 -999.0 6231.0 -999.0 -1 -999 {-999.0 -999.0 -999.0 -999.0 -999.0} "" -999.0 -999.0 -999.0 -999.0 -999 -999 "" "" "" "" 0 0 0.0 0.0 -999 ""
FIBERMAP 884 R+2C18 APOGEE 0 0 0 1 0 0 100.80968610497585 35.466258218791644 143.1 -44.867528860319595 96.99081594512927 184.7528 128.53842 -999.0 -999.0 -999.0 -999.0 -999.0 96.13805210623318 -31.877902176736892 96.02813045882198 -31.89090420671298 38.13324987129586 109.42737546549012 -999.0 16600.0 -999.0 2 -999 {-999.0 -999.0 -999.0 -999.0 -999.0} "" -999.0 -999.0 -999.0 -999.0 -999 -999 "" "" "" "" 0 0 0.0 0.0 -999 ""
FIBERMAP 884 R+2C18 BOSS 1 1 0 1 0 0 100.26739263217138 36.134660779121866 143.1 -45.48148009918088 96.38757525712212 184.7528 128.53842 96.13613028212391 -31.879600290140406 3.151322 -5.5422735 2.2018383 96.13614135919616 -31.87961683295881 96.02590310277701 -31.892677857802163 38.13550857092623 109.42899394707437 5400.0 5400.0 2016.0 1 208 {-999.0 19.59583 17.869953 16.856617 -999.0} sdss_psfmag_gaia 18.778612 17.522127 16.421555 14.25 63050395078206998 1095070267 bright_1x1 mwm_bin_vis_boss mwm_filler science 0 0 0.0 0.0 -999 ""
FIBERMAP 884 R+2C18 METROLOGY 0 0 0 1 0 0 101.0143989559349 36.185696100368865 143.1 -45.603135372442715 97.1263691599885 184.7528 128.53842 -999.0 -999.0 -999.0 -999.0 -999.0 96.13561084789167 -31.87738696738042 96.02546871038442 -31.89042876472575 38.13533194100085 109.4261050491312 -999.0 6231.0 -999.0 -1 -999 {-999.0 -999.0 -999.0 -999.0 -999.0} "" -999.0 -999.0 -999.0 -999.0 -999 -999 "" "" "" "" 0 0 0.0 0.0 -999 ""
FIBERMAP 888 R-5C14 APOGEE 0 0 0 1 1 0 53.16565953709144 -114.05572450039239 143.1 108.49835078325789 63.743365668115324 291.17206 82.85797 -999.0 -999.0 -999.0 -999.0 -999.0 96.68710720566708 -31.976839100495823 96.57657522327821 -31.991352029579307 37.705317472195844 109.69196091133762 -999.0 16600.0 -999.0 2 196 {-999.0 -999.0 -999.0 -999.0 -999.0} "" -999.0 -999.0 -999.0 -999.0 -999 -999 "" "" "" "" 0 0 0.0 0.0 -999 ""
FIBERMAP 888 R-5C14 BOSS 1 0 0 1 1 0 52.440743039044335 -114.24313274476404 143.1 108.75366827602231 63.03949626139049 291.17206 82.85797 96.62200927734375 -32.0308065682261 -999.0 -999.0 -999.0 96.68841969882779 -31.978869777280316 96.5775627041084 -31.993452233429004 37.705008440982404 109.6947919308011 5400.0 5400.0 2015.5 1 271 {-999.0 -999.0 -999.0 -999.0 -999.0} "" -999.0 -999.0 -999.0 -999.0 27021603127947946 819170965 "" ops_sky_boss_good ops_sky sky_boss 0 0 0.0 0.0 -999 ""
FIBERMAP 888 R-5C14 METROLOGY 0 0 0 1 1 0 52.632711637981394 -113.52569697150373 143.1 108.02126357206329 63.16255264233108 291.17206 82.85797 -999.0 -999.0 -999.0 -999.0 -999.0 96.68572222946352 -31.978522379193016 96.57495753503963 -31.993078534593963 37.707063685344544 109.69366325371698 -999.0 6231.0 -999.0 -1 -999 {-999.0 -999.0 -999.0 -999.0 -999.0} "" -999.0 -999.0 -999.0 -999.0 -999 -999 "" "" "" "" 0 0 0.0 0.0 -999 ""
FIBERMAP 889 R-7C3 APOGEE 1 1 0 1 0 0 -183.46990697378735 -147.92924306060306 143.1 164.66282743352733 -168.61128538334555 265.18857 60.465763 96.8939208984375 -32.67937322288881 -999.0 -999.0 -999.0 96.8939208984375 -32.679373222888806 96.780671051835 -32.69426221883104 37.70376667258851 110.60674184784544 16000.0 16600.0 2015.5 2 245 {-999.0 -999.0 -999.0 -999.0 -999.0} "" -999.0 -999.0 -999.0 -999.0 27021603127945237 841281831 "" ops_sky_apogee_best ops_sky sky_apogee 0 0 0.0 0.0 -999 ""
FIBERMAP 889 R-7C3 BOSS 0 0 0 1 0 0 -184.0088543167705 -147.4288419306095 143.1 164.21580191079323 -169.19526083594377 265.18857 60.465763 -999.0 -999.0 -999.0 -999.0 -999.0 96.8926752994705 -32.68110870428032 96.77909941403311 -32.696058021944125 37.70547028948962 110.60856114975022 -999.0 5400.0 -999.0 1 502 {-999.0 -999.0 -999.0 -999.0 -999.0} "" -999.0 -999.0 -999.0 -999.0 -999 -999 "" "" "" "" 0 0 0.0 0.0 -999 ""
FIBERMAP 889 R-7C3 METROLOGY 0 0 0 1 0 0 -183.32742244301306 -147.19580818264043 143.1 163.91918919392137 -168.53900714844607 265.18857 60.465763 -999.0 -999.0 -999.0 -999.0 -999.0 96.89154088866938 -32.67918578924531 96.77806343761597 -32.694114256847904 37.70586668387579 110.60591551467496 -999.0 6231.0 -999.0 -1 -999 {-999.0 -999.0 -999.0 -999.0 -999.0} "" -999.0 -999.0 -999.0 -999.0 -999 -999 "" "" "" "" 0 0 0.0 0.0 -999 ""
FIBERMAP 890 R+11C6 APOGEE 0 0 0 1 0 0 -76.11469714850703 214.86949103649562 143.1 -206.68043303443895 -96.15056290590645 227.46588 54.067642 -999.0 -999.0 -999.0 -999.0 -999.0 95.5586888364009 -32.46301977185505 95.44684382462913 -32.4742301155515 38.74720791083833 110.00594971220372 -999.0 16600.0 -999.0 2 146 {-999.0 -999.0 -999.0 -999.0 -999.0} "" -999.0 -999.0 -999.0 -999.0 -999 -999 "" "" "" "" 0 0 0.0 0.0 -999 ""
FIBERMAP 890 R+11C6 BOSS 1 1 0 1 0 0 -76.25124472701738 215.619102164179 143.1 -207.41370951515427 -96.35759149369368 227.46588 54.067642 95.55633544921875 -32.46358747904189 -999.0 -999.0 -999.0 95.55633544921875 -32.46358747904189 95.4441814797458 -32.47485146633222 38.749536340446106 110.00607356228 5400.0 5400.0 2015.5 1 149 {-999.0 -999.0 -999.0 -999.0 -999.0} "" -999.0 -999.0 -999.0 -999.0 27021603127956964 819173076 "" ops_sky_boss_good ops_sky sky_boss 0 0 0.0 0.0 -999 ""
FIBERMAP 890 R+11C6 METROLOGY 0 0 0 1 0 0 -75.5399828922115 215.3458292530255 143.1 -207.20913025333675 -95.6236214966688 227.46588 54.067642 -999.0 -999.0 -999.0 -999.0 -999.0 95.5569440185936 -32.46140326321269 95.44488520704562 -32.472652475288655 38.74846006936392 110.00349960818289 -999.0 6231.0 -999.0 -1 -999 {-999.0 -999.0 -999.0 -999.0 -999.0} "" -999.0 -999.0 -999.0 -999.0 -999 -999 "" "" "" "" 0 0 0.0 0.0 -999 ""
FIBERMAP 892 R-3C17 APOGEE 0 0 0 1 0 0 97.77749116911671 -44.44515853219847 143.1 34.9707631979151 101.55156077323028 109.94074 109.31221 -999.0 -999.0 -999.0 -999.0 -999.0 96.42344285440045 -31.86330011752428 96.3134479943738 -31.877106537442582 37.8946958717402 109.48380272456478 -999.0 16600.0 -999.0 2 -999 {-999.0 -999.0 -999.0 -999.0 -999.0} "" -999.0 -999.0 -999.0 -999.0 -999 -999 "" "" "" "" 0 0 0.0 0.0 -999 ""
FIBERMAP 892 R-3C17 BOSS 1 1 0 1 0 0 98.36370466986817 -43.955915795700975 143.1 34.42812905561509 102.08872558206807 109.94074 109.31221 96.42183484962426 -31.861562425363967 -1.2681987 2.3214202 0.04879109 96.42183039270857 -31.861555496288002 96.31152841638645 -31.87542383997576 37.89587493573775 109.48123726052053 5400.0 5400.0 2016.0 1 298 {-999.0 15.199799 14.629803 14.412959 -999.0} sdss_psfmag_from_g3xp 15.065611 14.653595 14.073013 12.938 63050395078205543 1061880432 bright_1x1 manual_mwm_halo_mp_wise_boss_single mwm_halo science 0 0 0.0 0.0 -999 ""
FIBERMAP 892 R-3C17 METROLOGY 0 0 0 1 0 0 98.48216742546559 -44.69601624193493 143.1 35.15365305283691 102.27684893369018 109.94074 109.31221 -999.0 -999.0 -999.0 -999.0 -999.0 96.42433572378357 -31.86098560562933 96.31412374820286 -31.874842464224354 37.893595833199065 109.48119180571001 -999.0 6231.0 -999.0 -1 -999 {-999.0 -999.0 -999.0 -999.0 -999.0} "" -999.0 -999.0 -999.0 -999.0 -999 -999 "" "" "" "" 0 0 0.0 0.0 -999 ""
FIBERMAP 893 R+11C7 APOGEE 0 0 0 1 0 0 -42.32648343961629 201.17008304203569 143.1 -196.24752942335837 -61.21553748181419 249.88855 101.29443 -999.0 -999.0 -999.0 -999.0 -999.0 95.59616491245355 -32.357448846685244 95.48469954124465 -32.36879444057537 38.69212535466968 109.88365864763318 -999.0 16600.0 -999.0 2 130 {-999.0 -999.0 -999.0 -999.0 -999.0} "" -999.0 -999.0 -999.0 -999.0 -999 -999 "" "" "" "" 0 0 0.0 0.0 -999 ""
FIBERMAP 893 R+11C7 BOSS 1 1 0 1 0 0 -43.093039076003535 201.25758223365418 143.1 -196.2619291587457 -61.98693185289902 249.88855 101.29443 95.59635158867111 -32.35969492594546 1.1058395 -14.678501 1.2739292 95.59635549626104 -32.35973873897352 95.48457383350348 -32.37114517459068 38.69276494556845 109.88656000019122 5400.0 5400.0 2016.0 1 117 {-999.0 20.883753 19.166195 18.165165 -999.0} sdss_psfmag_gaia 20.078856 18.828268 17.7359 15.804 63050395078194494 1095506905 bright_1x1 mwm_bin_vis_boss mwm_filler science 0 0 0.0 0.0 -999 ""
FIBERMAP 893 R+11C7 METROLOGY 0 0 0 1 0 0 -42.615266859681185 201.8600020557588 143.1 -196.90694432485654 -61.56845318870493 249.88855 101.29443 -999.0 -999.0 -999.0 -999.0 -999.0 95.59393539157668 -32.35848818945872 95.482246371678 -32.36987092154446 38.694388255372914 109.88439599653663 -999.0 6231.0 -999.0 -1 -999 {-999.0 -999.0 -999.0 -999.0 -999.0} "" -999.0 -999.0 -999.0 -999.0 -999 -999 "" "" "" "" 0 0 0.0 0.0 -999 ""
FIBERMAP 900 R-5C6 APOGEE 0 0 0 1 0 0 -139.93397425484906 -101.77591305939778 143.1 114.58863564016664 -129.64931516489148 227.02148 82.37048 -999.0 -999.0 -999.0 -999.0 -999.0 96.71340652265464 -32.56322732932097 96.60067253318903 -32.57764360955961 37.82407809696535 110.4186867837663 -999.0 16600.0 -999.0 2 -999 {-999.0 -999.0 -999.0 -999.0 -999.0} "" -999.0 -999.0 -999.0 -999.0 -999 -999 "" "" "" "" 0 0 0.0 0.0 -999 ""
FIBERMAP 900 R-5C6 BOSS 1 1 0 1 0 0 -140.40788406918662 -101.08091898651746 143.1 113.94172702667505 -130.18700296418902 227.02148 82.37048 96.7115492668574 -32.56501694639416 -25.972794 54.240303 12.430886 96.71145728024986 -32.56485504754676 96.59840399362962 -32.57932962893846 37.82632951259486 110.42019971624079 5400.0 5400.0 2016.0 1 484 {-999.0 17.577318 15.747184 14.549875 -999.0} sdss_psfmag_gaia 16.641975 15.244815 14.0877 11.994 63050395078123617 1151154857 bright_1x1 mwm_snc_100pc_boss_single mwm_snc science 0 0 0.0 0.0 -999 ""
FIBERMAP 900 R-5C6 METROLOGY 0 0 0 1 0 0 -139.67137782073036 -101.07552650214225 143.1 113.86650444806862 -129.45433271405105 227.02148 82.37048 -999.0 -999.0 -999.0 -999.0 -999.0 96.71110383542961 -32.562674119921844 96.59814494071924 -32.577130059079586 37.82603008845087 110.41742712861497 -999.0 6231.0 -999.0 -1 -999 {-999.0 -999.0 -999.0 -999.0 -999.0} "" -999.0 -999.0 -999.0 -999.0 -999 -999 "" "" "" "" 0 0 0.0 0.0 -999 ""
FIBERMAP 909 R+1C23 APOGEE 0 0 0 1 0 0 220.86543646911284 8.16221719829246 143.1 -29.07350584177228 219.09431226695827 309.89474 112.92492 -999.0 -999.0 -999.0 -999.0 -999.0 96.19380564829406 -31.508643043994454 96.08522012874141 -31.521909049889572 37.997405861602225 108.98726664455518 -999.0 16600.0 -999.0 2 -999 {-999.0 -999.0 -999.0 -999.0 -999.0} "" -999.0 -999.0 -999.0 -999.0 -999 -999 "" "" "" "" 0 0 0.0 0.0 -999 ""
FIBERMAP 909 R+1C23 BOSS 1 1 0 1 0 0 220.52992497796876 7.508710410631388 143.1 -28.391127128707943 218.82229754963018 309.89474 112.92492 96.19651876862368 -31.509266365268147 4.9070544 -26.210659 1.6447397 96.19653594850111 -31.509344599981237 96.08763541999855 -31.522684634933007 37.995597106214795 108.98885602638975 5400.0 5400.0 2016.0 1 190 {-999.0 20.346521 18.480196 17.199678 -999.0} sdss_psfmag_gaia 19.375309 17.904518 16.739166 14.501 63050395078213487 1095261401 bright_1x1 mwm_bin_vis_boss mwm_filler science 0 0 0.0 0.0 -999 ""
FIBERMAP 909 R+1C23 METROLOGY 0 0 0 1 0 0 220.11864408892794 8.119798361746717 143.1 -28.960448450547172 218.35491410559595 309.89474 112.92492 -999.0 -999.0 -999.0 -999.0 -999.0 96.19442229804476 -31.510743736198105 96.08560537323405 -31.524058545992766 37.99760945195288 108.99001382972818 -999.0 6231.0 -999.0 -1 -999 {-999.0 -999.0 -999.0 -999.0 -999.0} "" -999.0 -999.0 -999.0 -999.0 -999 -999 "" "" "" "" 0 0 0.0 0.0 -999 ""
FIBERMAP 911 R+5C9 APOGEE 1 1 0 1 0 0 -56.88435861098919 104.79684536891112 143.1 -98.92856312937958 -66.56711407777529 29.737455 166.5002 95.94473056811799 -32.37453637053924 0.9864086 21.337654 3.5364134 95.94473405425553 -32.37447268098181 95.83304941835561 -32.38678925772557 38.40988026633389 109.99224518094469 16000.0 16600.0 2016.0 2 43 {-999.0 11.653386 11.272739 11.180288 -999.0} sdss_psfmag_from_g3xp 11.59427 11.302761 10.853706 10.175 63050395078195281 974896912 "" ops_std_apogee ops_std standard_apogee 0 0 0.0 0.0 -999 ""
FIBERMAP 911 R+5C9 BOSS 0 0 0 1 0 0 -56.174638902778945 104.97583508291575 143.1 -99.17405874265371 -65.87757440226807 29.737455 166.5002 -999.0 -999.0 -999.0 -999.0 -999.0 95.94410229517935 -32.372351774283544 95.83211359621271 -32.3847292837408 38.41017520897171 109.98945474740412 -999.0 5400.0 -999.0 1 77 {-999.0 -999.0 -999.0 -999.0 -999.0} "" -999.0 -999.0 -999.0 -999.0 -999 -999 "" "" "" "" 0 0 0.0 0.0 -999 ""
FIBERMAP 911 R+5C9 METROLOGY 0 0 0 1 0 0 -56.3491706309135 104.27154439367936 143.1 -98.45639359846702 -65.98451937580803 29.737455 166.5002 -999.0 -999.0 -999.0 -999.0 -999.0 95.94657945310462 -32.372702513294335 95.83467647624525 -32.38506925755949 38.40814728275483 109.99051264243843 -999.0 6231.0 -999.0 -1 -999 {-999.0 -999.0 -999.0 -999.0 -999.0} "" -999.0 -999.0 -999.0 -999.0 -999 -999 "" "" "" "" 0 0 0.0 0.0 -999 ""
FIBERMAP 913 R-2C5 APOGEE 0 0 0 1 0 0 -193.22767734014565 -50.302066659678005 143.1 68.40181653809603 -187.584525648644 255.31194 75.57533 -999.0 -999.0 -999.0 -999.0 -999.0 96.5481975199463 -32.739449346186234 96.43487073741704 -32.7533514426419 38.00046665458391 110.59451068195892 -999.0 16600.0 -999.0 2 287 {-999.0 -999.0 -999.0 -999.0 -999.0} "" -999.0 -999.0 -999.0 -999.0 -999 -999 "" "" "" "" 0 0 0.0 0.0 -999 ""
FIBERMAP 913 R-2C5 BOSS 1 1 0 1 0 0 -193.86129009192024 -49.94855267304197 143.1 68.10999372409594 -188.24880758520894 255.31194 75.57533 96.54749578015357 -32.74144877143676 0.029702324 -0.07010371 0.019429961 96.54749588555686 -32.74144898068536 96.43384485686829 -32.755411335937914 38.00177877181446 110.59680407317047 5400.0 5400.0 2016.0 1 471 {-999.0 18.545227 18.410994 18.286272 18.227802} sdss_psfmag_from_gaiadr2 18.531881 18.401773 18.084421 -999.0 63050395078122768 1057636853 bright_flexible_2x1 bhm_gua_bright bhm_filler science 0 0 0.0 0.0 -999 ""
FIBERMAP 913 R-2C5 METROLOGY 0 0 0 1 0 0 -193.24267869250224 -49.552602064199775 143.1 67.65715779374027 -187.67054276461363 255.31194 75.57533 -999.0 -999.0 -999.0 -999.0 -999.0 96.54577810194708 -32.73975770683616 96.43222402435481 -32.75369793785949 38.00271270110579 110.59429099192991 -999.0 6231.0 -999.0 -1 -999 {-999.0 -999.0 -999.0 -999.0 -999.0} "" -999.0 -999.0 -999.0 -999.0 -999 -999 "" "" "" "" 0 0 0.0 0.0 -999 ""
FIBERMAP 915 R+5C16 APOGEE 0 0 0 1 0 0 81.47197202480177 94.50832303132628 143.1 -101.80898274664887 72.14050637661911 234.91815 60.16733 -999.0 -999.0 -999.0 -999.0 -999.0 95.93452681130519 -31.95353556892394 95.82441608813207 -31.9659453269177 38.31899310468723 109.4680909955917 -999.0 16600.0 -999.0 2 68 {-999.0 -999.0 -999.0 -999.0 -999.0} "" -999.0 -999.0 -999.0 -999.0 -999 -999 "" "" "" "" 0 0 0.0 0.0 -999 ""
FIBERMAP 915 R+5C16 BOSS 1 1 0 1 0 0 81.16825036983313 95.18272414426696 143.1 -102.45153296718654 71.77419167095358 234.91815 60.16733 95.93252918749137 -31.95457506098991 -14.623622 9.464513 1.0961522 95.93247774275673 -31.954546810890314 95.82205435128647 -31.967014335350328 38.32119217053147 109.46881364475749 5400.0 5400.0 2016.0 1 222 {-999.0 17.460136 16.652582 16.351389 -999.0} sdss_psfmag_gaia 17.227526 16.693914 16.006166 14.588 63050395078198131 1094371191 bright_1x1 mwm_bin_vis_boss mwm_filler science 0 0 0.0 0.0 -999 ""
FIBERMAP 915 R+5C16 METROLOGY 0 0 0 1 0 0 81.90057002831708 95.1132570521965 143.1 -102.4518368009581 72.50979433652587 234.91815 60.16733 -999.0 -999.0 -999.0 -999.0 -999.0 95.93238011053643 -31.95232672986539 95.82205252029166 -31.964776542387483 38.3206665197518 109.46604112436142 -999.0 6231.0 -999.0 -1 -999 {-999.0 -999.0 -999.0 -999.0 -999.0} "" -999.0 -999.0 -999.0 -999.0 -999 -999 "" "" "" "" 0 0 0.0 0.0 -999 ""
FIBERMAP 922 R-1C18 APOGEE 1 1 0 1 0 0 108.90267043146976 -9.60151787198358 143.1 -0.7707705711038703 109.32175287801138 47.58848 121.93401 96.29557777915 -31.840146202696417 1.4661474 1.0166458 0.43969834 96.29558293053388 -31.840143168167774 96.18573082984916 -31.853597800810014 37.99437576547794 109.42191254222381 16000.0 16600.0 2016.0 2 212 {-999.0 13.314286 12.457414 12.159728 -999.0} sdss_psfmag_from_g3xp 13.055181 12.502682 11.806654 10.399 63050395078205924 1109001569 bright_1x1 mwm_tess_rgb_apogee mwm_tessrgb science 0 0 0.0 0.0 -999 ""
FIBERMAP 922 R-1C18 BOSS 0 0 0 1 0 0 109.61633624267743 -9.855034360464284 143.1 -0.5860865594424081 110.05624218870202 47.58848 121.93401 -999.0 -999.0 -999.0 -999.0 -999.0 96.29654747302436 -31.83778937715335 96.18639024631545 -31.85131297385804 37.99328511169314 109.41926763659004 -999.0 5400.0 -999.0 1 301 {-999.0 -999.0 -999.0 -999.0 -999.0} "" -999.0 -999.0 -999.0 -999.0 -999 -999 "" "" "" "" 0 0 0.0 0.0 -999 ""
FIBERMAP 922 R-1C18 METROLOGY 0 0 0 1 0 0 109.03871873708383 -10.33040231275334 143.1 -0.058079864419190844 109.52631860988609 47.58848 121.93401 -999.0 -999.0 -999.0 -999.0 -999.0 96.29835197706771 -31.839398452561365 96.188276741977 -31.85290805594553 37.99211099837592 109.42171941537032 -999.0 6231.0 -999.0 -1 -999 {-999.0 -999.0 -999.0 -999.0 -999.0} "" -999.0 -999.0 -999.0 -999.0 -999 -999 "" "" "" "" 0 0 0.0 0.0 -999 ""
FIBERMAP 923 R+4C16 APOGEE 0 0 0 1 0 0 104.94226110400082 68.00413938434801 143.1 -77.65049289028829 98.01865930352395 3.7320578 75.62836 -999.0 -999.0 -999.0 -999.0 -999.0 96.02090318903535 -31.874982994968285 95.91104488571153 -31.88765756918274 38.22904884007407 109.39332928844684 -999.0 16600.0 -999.0 2 -999 {-999.0 -999.0 -999.0 -999.0 -999.0} "" -999.0 -999.0 -999.0 -999.0 -999 -999 "" "" "" "" 0 0 0.0 0.0 -999 ""
FIBERMAP 923 R+4C16 BOSS 1 1 0 1 0 0 104.80258524876976 67.24923006385892 143.1 -76.88574353322554 97.95121382406984 3.7320578 75.62836 96.02388509135244 -31.875073097111564 3.8607945 1.5959657 2.0913553 96.02389866159066 -31.875068333402933 95.91372853001779 -31.887815739385932 38.22687274003492 109.39421274642125 5400.0 5400.0 2016.0 1 219 {-999.0 21.053415 19.418072 18.526154 -999.0} sdss_psfmag_gaia 20.076178 19.165 17.864086 15.81 63050395078198022 1095199169 bright_1x1 mwm_bin_vis_boss mwm_filler science 0 0 0.0 0.0 -999 ""
FIBERMAP 923 R+4C16 METROLOGY 0 0 0 1 0 0 104.24092107504698 67.74410019387255 143.1 -77.32510842933047 97.34514867457753 3.7320578 75.62836 -999.0 -999.0 -999.0 -999.0 -999.0 96.0222318097903 -31.876916742787294 95.91214296370032 -31.889640646727834 38.2286133109835 109.39606318608787 -999.0 6231.0 -999.0 -1 -999 {-999.0 -999.0 -999.0 -999.0 -999.0} "" -999.0 -999.0 -999.0 -999.0 -999 -999 "" "" "" "" 0 0 0.0 0.0 -999 ""
FIBERMAP 924 R-11C4 APOGEE 1 0 1 1 0 0 -100.5756434862728 -205.81113068535385 143.1 214.42127698731332 -80.6013546050903 9.994459 171.85008 97.03903312748524 -32.374852688903076 -2.7409906 2.477952 0.7714156 97.069795385734 -32.41152872797269 96.95747648273613 -32.42698899927449 37.4962010195531 110.32294501146174 16000.0 16600.0 2016.0 2 178 {-999.0 12.587258 11.762036 11.452119 -999.0} sdss_psfmag_from_g3xp 12.3432255 11.795293 11.098819 9.629 63050395078133546 1107172727 bright_1x1 mwm_tess_rgb_apogee mwm_tessrgb science 0 0 0.0 0.0 -999 ""
FIBERMAP 924 R-11C4 BOSS 0 0 1 1 0 0 -99.83357271274879 -205.76597772878793 143.1 214.30594564171176 -79.86691605681425 9.994459 171.85008 -999.0 -999.0 -999.0 -999.0 -999.0 97.06972445491373 -32.40925662697573 96.95709303434529 -32.42478345055507 37.49599294376346 110.32014761658473 -999.0 5400.0 -999.0 1 424 {-999.0 -999.0 -999.0 -999.0 -999.0} "" -999.0 -999.0 -999.0 -999.0 -999 -999 "" "" "" "" 0 0 0.0 0.0 -999 ""
FIBERMAP 924 R-11C4 METROLOGY 0 0 1 1 0 0 -100.16677303086817 -206.43868317534043 143.1 215.0072171473114 -80.13480912376461 9.994459 171.85008 -999.0 -999.0 -999.0 -999.0 -999.0 97.07218393433146 -32.41007192527056 96.95963936593546 -32.42558669037664 37.49409511457641 110.32177302773738 -999.0 6231.0 -999.0 -1 -999 {-999.0 -999.0 -999.0 -999.0 -999.0} "" -999.0 -999.0 -999.0 -999.0 -999 -999 "" "" "" "" 0 0 0.0 0.0 -999 ""
FIBERMAP 926 R+12C11 APOGEE 0 0 0 1 0 0 74.68589479965519 249.5642536995637 143.1 -255.52137025577423 50.67867598984551 103.95003 73.66238 -999.0 -999.0 -999.0 -999.0 -999.0 95.38702328769052 -32.01792200054124 95.27692141237418 -32.028780268269955 38.78514803843865 109.40762692052067 -999.0 16600.0 -999.0 2 -999 {-999.0 -999.0 -999.0 -999.0 -999.0} "" -999.0 -999.0 -999.0 -999.0 -999 -999 "" "" "" "" 0 0 0.0 0.0 -999 ""
FIBERMAP 926 R+12C11 BOSS 1 1 0 1 0 0 75.45062088140598 249.53672632910815 143.1 -255.5664981070389 51.44256099666438 103.95003 73.66238 95.38718034010901 -32.015548570397094 -0.08805039 0.33430043 -0.12976329 95.38718003014876 -32.015547572562646 95.27678129378498 -32.02646858066837 38.78472895048767 109.40470648753423 5400.0 5400.0 2016.0 1 107 {-999.0 20.605675 20.138279 19.984602 -999.0} sdss_psfmag_gaia 20.458628 20.16988 19.597824 -999.0 63050395078199993 1116444403 bright_1x1 openfibertargets_bhm_quaia_boss open_fiber science 0 0 0.0 0.0 -999 ""
FIBERMAP 926 R+12C11 METROLOGY 0 0 0 1 0 0 75.03126092572346 248.9007625875202 143.1 -254.89363058721048 51.08541241954919 103.95003 73.66238 -999.0 -999.0 -999.0 -999.0 -999.0 95.38941302390742 -32.01664308505312 95.27909575365419 -32.02755256623022 38.78307067900824 109.40664164374118 -999.0 6231.0 -999.0 -1 -999 {-999.0 -999.0 -999.0 -999.0 -999.0} "" -999.0 -999.0 -999.0 -999.0 -999 -999 "" "" "" "" 0 0 0.0 0.0 -999 ""
FIBERMAP 928 R-10C10 APOGEE 0 0 0 1 0 0 37.36487484772904 -206.691660417802 143.1 202.2147698724303 56.80002304778743 5.5768723 61.314556 -999.0 -999.0 -999.0 -999.0 -999.0 97.02149556958041 -31.995797283499833 96.91074685458835 -32.011243215091774 37.435066824156316 109.80245439577158 -999.0 16600.0 -999.0 2 -999 {-999.0 -999.0 -999.0 -999.0 -999.0} "" -999.0 -999.0 -999.0 -999.0 -999 -999 "" "" "" "" 0 0 0.0 0.0 -999 ""
FIBERMAP 928 R-10C10 BOSS 1 1 0 1 0 0 37.054435955394986 -207.36866262216495 143.1 202.91815991764201 56.55519619184293 5.5768723 61.314556 97.02438354492188 -31.99643767812887 -999.0 -999.0 -999.0 97.02438354492188 -31.99643767812887 96.91331131682283 -32.011959147151 37.433130046835444 109.80399153561208 5400.0 5400.0 2015.5 1 403 {-999.0 -999.0 -999.0 -999.0 -999.0} "" -999.0 -999.0 -999.0 -999.0 27021603127948104 819171007 "" ops_sky_boss_good ops_sky sky_boss 0 0 0.0 0.0 -999 ""
FIBERMAP 928 R-10C10 METROLOGY 0 0 0 1 0 0 36.624373021918 -206.797278895194 143.1 202.39014499325745 56.07288125849768 5.5768723 61.314556 -999.0 -999.0 -999.0 -999.0 -999.0 97.02246911515536 -31.99792309196082 96.91148284131356 -32.01341958091061 37.43498759582099 109.80530397253102 -999.0 6231.0 -999.0 -1 -999 {-999.0 -999.0 -999.0 -999.0 -999.0} "" -999.0 -999.0 -999.0 -999.0 -999 -999 "" "" "" "" 0 0 0.0 0.0 -999 ""
FIBERMAP 929 R-3C18 APOGEE 1 1 0 1 0 0 108.34589615753656 -49.33522810989726 143.1 38.83639174636382 112.5360625952225 180.05685 82.09139 96.43701517851147 -31.830014089375236 14.103576 18.44936 7.1670365 96.43706472667701 -31.82995902091438 96.32718950367234 -31.8438134399689 37.875374151201044 109.44640230891733 16000.0 16600.0 2016.0 2 217 {-999.0 12.123064 11.465095 11.252631 -999.0} sdss_psfmag_from_g3xp 11.955227 11.515348 10.911785 9.784 63050395078206181 1103558100 bright_1x1 mwm_tess_2min_apogee mwm_planet science 0 0 0.0 0.0 -999 ""
FIBERMAP 929 R-3C18 BOSS 0 0 0 1 0 0 108.43725782249494 -48.59357595528114 143.1 38.089422105337526 112.55666935662968 180.05685 82.09139 -999.0 -999.0 -999.0 -999.0 -999.0 96.43473550566561 -31.829780248420253 96.32454518208368 -31.843694229440985 37.87752597747097 109.4455718826236 -999.0 5400.0 -999.0 1 309 {-999.0 -999.0 -999.0 -999.0 -999.0} "" -999.0 -999.0 -999.0 -999.0 -999 -999 "" "" "" "" 0 0 0.0 0.0 -999 ""
FIBERMAP 929 R-3C18 METROLOGY 0 0 0 1 0 0 109.03892980042089 -49.05511697486927 143.1 38.491813769222915 113.19940059540201 180.05685 82.09139 -999.0 -999.0 -999.0 -999.0 -999.0 96.43607740059122 -31.82783493967842 96.32598276619962 -31.841734524697202 37.87586961195276 109.44353368692157 -999.0 6231.0 -999.0 -1 -999 {-999.0 -999.0 -999.0 -999.0 -999.0} "" -999.0 -999.0 -999.0 -999.0 -999 -999 "" "" "" "" 0 0 0.0 0.0 -999 ""
FIBERMAP 931 R+4C2 APOGEE 0 0 0 1 0 0 -233.9148910297068 90.15603431641695 143.1 -67.5632586723073 -241.40992375270156 147.09431 95.22651 -999.0 -999.0 -999.0 -999.0 -999.0 96.05873816857995 -32.902941530313115 95.94500640221463 -32.91542523003322 38.4380905912256 110.67671215592554 -999.0 16600.0 -999.0 2 -999 {-999.0 -999.0 -999.0 -999.0 -999.0} "" -999.0 -999.0 -999.0 -999.0 -999 -999 "" "" "" "" 0 0 0.0 0.0 -999 ""
FIBERMAP 931 R+4C2 BOSS 1 1 0 1 0 0 -233.56937400690214 90.8242735897616 143.1 -68.26125235095857 -241.12934598069026 147.09431 95.22651 96.05655015289972 -32.902060642994 -6.439066 2.746906 0.4269176 96.05652726152937 -32.90205244390737 95.94248696429743 -32.91459059533557 38.4399650435048 110.67506899235347 5400.0 5400.0 2016.0 1 74 {-999.0 15.940541 15.578578 15.46764 -999.0} sdss_psfmag_gaia 15.891553 15.598155 15.143857 14.389 63050395078124235 978614101 "" ops_std_boss ops_std standard_boss 0 0 0.0 0.0 -999 ""
FIBERMAP 931 R+4C2 METROLOGY 0 0 0 1 0 0 -233.16873406763872 90.20845573144385 143.1 -67.68621322431876 -240.67210684256986 147.09431 95.22651 -999.0 -999.0 -999.0 -999.0 -999.0 96.05849220843847 -32.90073892878711 95.94454455875774 -32.9132658521423 38.437984895691805 110.67391448733247 -999.0 6231.0 -999.0 -1 -999 {-999.0 -999.0 -999.0 -999.0 -999.0} "" -999.0 -999.0 -999.0 -999.0 -999 -999 "" "" "" "" 0 0 0.0 0.0 -999 ""
FIBERMAP 933 R+1C7 APOGEE 1 1 0 1 0 0 -141.72461258897184 30.12311713895455 143.1 -16.545176037287717 -143.94192380861412 55.53625 130.8922 96.24160766601561 -32.608770720712116 -999.0 -999.0 -999.0 96.24160766601561 -32.608770720712116 96.12890888235421 -32.621851269737455 38.22098900387108 110.35683628522004 16000.0 16600.0 2015.5 2 14 {-999.0 -999.0 -999.0 -999.0 -999.0} "" -999.0 -999.0 -999.0 -999.0 27021603127946114 841281999 "" ops_sky_apogee_best ops_sky sky_apogee 0 0 0.0 0.0 -999 ""
FIBERMAP 933 R+1C7 BOSS 0 0 0 1 0 0 -140.97123610519816 30.245189305619025 143.1 -16.73815168211583 -143.2035260381249 55.53625 130.8922 -999.0 -999.0 -999.0 -999.0 -999.0 96.24120998083009 -32.60653985280282 96.12820563038946 -32.619682173595336 38.22106882735517 110.35397604788892 -999.0 5400.0 -999.0 1 21 {-999.0 -999.0 -999.0 -999.0 -999.0} "" -999.0 -999.0 -999.0 -999.0 -999 -999 "" "" "" "" 0 0 0.0 0.0 -999 ""
FIBERMAP 933 R+1C7 METROLOGY 0 0 0 1 0 0 -141.2618607074466 29.541934938831933 143.1 -16.010507274953387 -143.42613814030275 55.53625 130.8922 -999.0 -999.0 -999.0 -999.0 -999.0 96.24374277070578 -32.607241981897104 96.13082365320565 -32.62037356253027 38.219080702783074 110.35547546919926 -999.0 6231.0 -999.0 -1 -999 {-999.0 -999.0 -999.0 -999.0 -999.0} "" -999.0 -999.0 -999.0 -999.0 -999 -999 "" "" "" "" 0 0 0.0 0.0 -999 ""
FIBERMAP 937 R+8C19 APOGEE 0 0 0 1 0 0 218.18215079707892 160.01804263018266 143.1 -179.98936524785927 202.02026983696862 45.33125 83.63147 -999.0 -999.0 -999.0 -999.0 -999.0 95.65829175724431 -31.561169143199248 95.54975572315504 -31.57291917106108 38.452577936362985 108.91031835092576 -999.0 16600.0 -999.0 2 101 {-999.0 -999.0 -999.0 -999.0 -999.0} "" -999.0 -999.0 -999.0 -999.0 -999 -999 "" "" "" "" 0 0 0.0 0.0 -999 ""
FIBERMAP 937 R+8C19 BOSS 1 1 0 1 0 0 218.66953210491747 159.44016054231204 143.1 -179.46031769594464 202.56026075446988 45.33125 83.63147 95.66029661612023 -31.55951215890219 -9.302855 10.658916 2.925246 95.6604870297067 -31.559480343700912 95.5516499802102 -31.57130147886059 38.45062423462969 108.90880508287107 5400.0 5400.0 2016.0 1 175 {-999.0 13.878445 13.281443 13.088353 -999.0} sdss_psfmag_from_g3xp 13.741917 13.328671 12.7517 11.711 63050395078204586 1075888110 bright_1x1 mwm_erosita_stars_boss mwm_erosita science 0 0 0.6840662360191345 0.0 -999 ""
FIBERMAP 937 R+8C19 METROLOGY 0 0 0 1 0 0 217.92664142935027 159.3116508813414 143.1 -179.26192814887293 201.83291202840735 45.33125 83.63147 -999.0 -999.0 -999.0 -999.0 -999.0 95.66104470798686 -31.56164846993444 95.55228549017733 -31.573452236499143 38.45061250339811 108.9116370528028 -999.0 6231.0 -999.0 -1 -999 {-999.0 -999.0 -999.0 -999.0 -999.0} "" -999.0 -999.0 -999.0 -999.0 -999 -999 "" "" "" "" 0 0 0.0 0.0 -999 ""
FIBERMAP 939 R+2C6 APOGEE 0 0 0 1 0 0 -163.2976663374062 49.89876440795462 143.1 -34.18544629430586 -167.29323280511412 117.951675 119.311195 -999.0 -999.0 -999.0 -999.0 -999.0 96.17829063555813 -32.67949767001422 96.06535278529054 -32.69238044702318 38.289187480747756 110.42872223216008 -999.0 16600.0 -999.0 2 -999 {-999.0 -999.0 -999.0 -999.0 -999.0} "" -999.0 -999.0 -999.0 -999.0 -999 -999 "" "" "" "" 0 0 0.0 0.0 -999 ""
FIBERMAP 939 R+2C6 BOSS 1 1 0 1 0 0 -162.9197302886504 50.52684522286897 143.1 -34.84653759191364 -166.97657348838905 117.951675 119.311195 96.1762071746952 -32.67854706058895 -1.0538685 0.75006145 0.5797287 96.17620343751577 -32.67854482177287 96.0629566686545 -32.69148374807582 38.29094698169795 110.42702488551232 5400.0 5400.0 2016.0 1 49 {-999.0 20.665949 20.404652 20.334257 -999.0} sdss_psfmag_gaia 20.435713 20.40918 19.797722 -999.0 63050395078125473 1116443896 bright_1x1 openfibertargets_bhm_quaia_boss open_fiber science 0 0 0.0 0.0 -999 ""
FIBERMAP 939 R+2C6 METROLOGY 0 0 0 1 0 0 -162.55000169182793 49.87649796350583 143.1 -34.23419312057008 -166.54683119628294 117.951675 119.311195 -999.0 -999.0 -999.0 -999.0 -999.0 96.17831221398674 -32.677281110684945 96.06515793191835 -32.690208822178064 38.28885276741953 110.42598055066344 -999.0 6231.0 -999.0 -1 -999 {-999.0 -999.0 -999.0 -999.0 -999.0} "" -999.0 -999.0 -999.0 -999.0 -999 -999 "" "" "" "" 0 0 0.0 0.0 -999 ""
FIBERMAP 947 R+11C15 APOGEE 0 0 0 1 0 0 135.49416255998182 202.8758114370995 143.1 -214.81107825994718 115.64065595308645 237.18472 105.84282 -999.0 -999.0 -999.0 -999.0 -999.0 95.53285384823583 -31.82177996776803 95.42341340522734 -31.833103100568582 38.618644446405554 109.20091942621895 -999.0 16600.0 -999.0 2 -999 {-999.0 -999.0 -999.0 -999.0 -999.0} "" -999.0 -999.0 -999.0 -999.0 -999 -999 "" "" "" "" 0 0 0.0 0.0 -999 ""
FIBERMAP 947 R+11C15 BOSS 1 1 0 1 0 0 134.79794809909956 203.06435396398317 143.1 -214.93273678370758 114.92970171792213 237.18472 105.84282 95.53267896335217 -31.82384233180585 1.7329769 -3.376489 2.8950806 95.53268505118045 -31.8238524100966 95.42293142831376 -31.835237409733487 38.6195436051093 109.203451713027 5400.0 5400.0 2016.0 1 186 {-999.0 19.55782 17.740896 16.570782 -999.0} sdss_psfmag_gaia 18.57264 17.262068 16.046038 13.763 63050395078203464 1094888725 bright_1x1 mwm_bin_vis_boss mwm_filler science 0 0 0.0 0.0 -999 ""
FIBERMAP 947 R+11C15 METROLOGY 0 0 0 1 0 0 135.32206328121276 203.60374004283173 143.1 -215.51939816713076 115.4002926367836 237.18472 105.84282 -999.0 -999.0 -999.0 -999.0 -999.0 95.53049014468378 -31.82242785681405 95.42082870036535 -31.83378926174818 38.620940090562875 109.20111322797536 -999.0 6231.0 -999.0 -1 -999 {-999.0 -999.0 -999.0 -999.0 -999.0} "" -999.0 -999.0 -999.0 -999.0 -999 -999 "" "" "" "" 0 0 0.0 0.0 -999 ""
FIBERMAP 949 R+1C19 APOGEE 0 0 0 1 0 0 120.94419369789694 11.934481921254056 143.1 -23.35164462548216 119.26632490602819 186.23203 166.592 -999.0 -999.0 -999.0 -999.0 -999.0 96.21481022846528 -31.810218072650635 96.10510465604887 -31.82345496377347 38.05367062463711 109.36395801333029 -999.0 16600.0 -999.0 2 -999 {-999.0 -999.0 -999.0 -999.0 -999.0} "" -999.0 -999.0 -999.0 -999.0 -999 -999 "" "" "" "" 0 0 0.0 0.0 -999 ""
FIBERMAP 949 R+1C19 BOSS 1 1 0 1 0 0 120.20176134403415 12.002597468283623 143.1 -23.349036201997322 118.52078338137754 186.23203 166.592 96.21514841722622 -31.81233986154642 -7.471443 -3.0719743 2.1916933 96.21512217383146 -31.812349030906073 96.10509689209813 -31.825651585190673 38.05420241319642 109.36666464910738 5400.0 5400.0 2016.0 1 241 {-999.0 20.128147 18.36281 17.287043 -999.0} sdss_psfmag_gaia 19.289227 17.963852 16.86249 14.866 63050395078207052 1094206459 bright_1x1 mwm_bin_vis_boss mwm_filler science 0 0 0.0 0.0 -999 ""
FIBERMAP 949 R+1C19 METROLOGY 0 0 0 1 0 0 120.65451821074262 12.624109595392795 143.1 -24.010684893775906 118.91254879108551 186.23203 166.592 -999.0 -999.0 -999.0 -999.0 -999.0 96.21266491525164 -31.811174864308988 96.10273287371115 -31.824452316287207 38.05586590821499 109.36457577817248 -999.0 6231.0 -999.0 -1 -999 {-999.0 -999.0 -999.0 -999.0 -999.0} "" -999.0 -999.0 -999.0 -999.0 -999 -999 "" "" "" "" 0 0 0.0 0.0 -999 ""
FIBERMAP 952 R+4C8 APOGEE 0 0 0 1 0 0 -106.18110654704154 67.08567407046255 143.1 -56.71203421348623 -112.06459782180269 259.93222 60.510326 -999.0 -999.0 -999.0 -999.0 -999.0 96.09670519947595 -32.51242736561336 95.98443340950149 -32.52512975447111 38.31733620251225 110.20138527203233 -999.0 16600.0 -999.0 2 -999 {-999.0 -999.0 -999.0 -999.0 -999.0} "" -999.0 -999.0 -999.0 -999.0 -999 -999 "" "" "" "" 0 0 0.0 0.0 -999 ""
FIBERMAP 952 R+4C8 BOSS 1 1 0 1 0 0 -106.75400048661847 67.55399550712391 143.1 -57.1239051606554 -112.67932401780776 259.93222 60.510326 96.09554250542284 -32.51435087863499 -11.025777 22.137999 7.6937976 96.09550347793778 -32.51428480016864 95.98291514209554 -32.52704546475468 38.31902149851152 110.20338781696206 5400.0 5400.0 2016.0 1 33 {-999.0 18.646847 16.666828 14.8173485 -999.0} sdss_psfmag_gaia 16.717113 15.552766 13.608065 11.034 63050395078129099 1075851424 bright_1x1 mwm_erosita_stars_boss mwm_erosita science 0 0 0.0 0.0 -999 ""
FIBERMAP 952 R+4C8 METROLOGY 0 0 0 1 0 0 -106.05391989702821 67.82277770826018 143.1 -57.4578737144727 -112.00789637997896 259.93222 60.510326 -999.0 -999.0 -999.0 -999.0 -999.0 96.09420381242552 -32.51227994580154 95.98170963793882 -32.52501986985635 38.31954638559232 110.20057777643348 -999.0 6231.0 -999.0 -1 -999 {-999.0 -999.0 -999.0 -999.0 -999.0} "" -999.0 -999.0 -999.0 -999.0 -999 -999 "" "" "" "" 0 0 0.0 0.0 -999 ""
FIBERMAP 953 R+4C11 APOGEE 0 0 0 1 0 0 -34.32776289135618 81.28880287367582 143.1 -77.66603015804753 -41.88270119746828 157.35277 122.21573 -999.0 -999.0 -999.0 -999.0 -999.0 96.02100564482319 -32.299584539238865 95.90956634233851 -32.31213633685091 38.32975041040318 109.91863353963882 -999.0 16600.0 -999.0 2 -999 {-999.0 -999.0 -999.0 -999.0 -999.0} "" -999.0 -999.0 -999.0 -999.0 -999 -999 "" "" "" "" 0 0 0.0 0.0 -999 ""
FIBERMAP 953 R+4C11 BOSS 1 1 0 1 0 0 -34.4436331861771 82.07415680192165 143.1 -78.43684924951579 -42.07253588777476 157.35277 122.21573 96.01849824582902 -32.30013743962477 -0.5836869 5.014982 0.2890107 96.01849618467321 -32.300122470687846 95.90674452743843 -32.31272977439099 38.332207890300104 109.91866541503268 5400.0 5400.0 2016.0 1 118 {-999.0 16.76134 16.466555 16.382664 -999.0} sdss_psfmag_gaia 16.736973 16.476467 16.06226 15.239 63050395078195473 944778718 bright_1x1 openfibertargets_nov2020_6c open_fiber science 0 0 0.0 0.0 -999 ""
FIBERMAP 953 R+4C11 METROLOGY 0 0 0 1 0 0 -33.763602807320495 81.77994604666813 143.1 -78.2084644870941 -41.3676705057533 157.35277 122.21573 -999.0 -999.0 -999.0 -999.0 -999.0 96.01921752090622 -32.298004030727924 95.90756163276495 -32.310596207610395 38.331041941474936 109.91622336734605 -999.0 6231.0 -999.0 -1 -999 {-999.0 -999.0 -999.0 -999.0 -999.0} "" -999.0 -999.0 -999.0 -999.0 -999 -999 "" "" "" "" 0 0 0.0 0.0 -999 ""
FIBERMAP 955 R-1C19 APOGEE 0 0 0 1 0 0 140.38395447115343 -26.457776709104692 143.1 13.023536361661321 142.25967563650937 15.630051 72.660645 -999.0 -999.0 -999.0 -999.0 -999.0 96.34444068336317 -31.740237585951853 96.23493563645917 -31.753858345801014 37.92983574504453 109.31184068285773 -999.0 16600.0 -999.0 2 -999 {-999.0 -999.0 -999.0 -999.0 -999.0} "" -999.0 -999.0 -999.0 -999.0 -999 -999 "" "" "" "" 0 0 0.0 0.0 -999 ""
FIBERMAP 955 R-1C19 BOSS 1 1 0 1 0 0 140.36105649065792 -27.181536034967866 143.1 13.74620045640416 142.30552646115063 15.630051 72.660645 96.3473457268857 -31.739953769112685 -2.1012275 -1.4355506 2.793403 96.34733835211206 -31.73995805400621 96.23752051099181 -31.753653213978282 37.92765312639568 109.3122595103912 5400.0 5400.0 2016.0 1 302 {-999.0 -999.0 -999.0 -999.0 -999.0} "" -999.0 16.215025 -999.0 11.819 63050395078206656 1094917300 bright_1x1 mwm_bin_vis_boss mwm_filler science 0 0 0.0 0.0 -999 ""
FIBERMAP 955 R-1C19 METROLOGY 0 0 0 1 0 0 139.7289131640356 -26.818912559949524 143.1 13.445169905072023 141.64184332122673 15.630051 72.660645 -999.0 -999.0 -999.0 -999.0 -999.0 96.34618680167452 -31.741973874348254 96.23644992439199 -31.755646429146584 37.92901674152166 109.31443407433281 -999.0 6231.0 -999.0 -1 -999 {-999.0 -999.0 -999.0 -999.0 -999.0} "" -999.0 -999.0 -999.0 -999.0 -999 -999 "" "" "" "" 0 0 0.0 0.0 -999 ""
FIBERMAP 960 R+13C6 APOGEE 0 0 0 1 0 0 -43.12122870219448 260.96354012834433 143.1 -255.6957043215071 -67.6778463785228 136.15775 119.15422 -999.0 -999.0 -999.0 -999.0 -999.0 95.38425578733913 -32.37593724236361 95.27281707145477 -32.38668461207616 38.8704502690675 109.85383106446386 -999.0 16600.0 -999.0 2 51 {-999.0 -999.0 -999.0 -999.0 -999.0} "" -999.0 -999.0 -999.0 -999.0 -999 -999 "" "" "" "" 0 0 0.0 0.0 -999 ""
FIBERMAP 960 R+13C6 BOSS 1 1 0 1 0 0 -42.945487061957884 261.70377192024955 143.1 -256.4492630873436 -67.57310581265455 136.15775 119.15422 95.38189633836744 -32.37558173498432 -3.7863655 12.852381 0.798755 95.38188295654224 -32.37554337263895 95.27014082494811 -32.38634436889609 38.87257448313562 109.852747946235 5400.0 5400.0 2016.0 1 88 {-999.0 15.18808 14.84017 14.725277 -999.0} sdss_psfmag_from_g3xp 15.1321 14.846761 14.395566 13.61 63050395078194149 977728638 "" ops_std_boss ops_std standard_boss 0 0 0.0 0.0 -999 ""
FIBERMAP 960 R+13C6 METROLOGY 0 0 0 1 0 0 -42.40400693760874 261.1842249477904 143.1 -255.9834183686836 -66.98479311107364 136.15775 119.15422 -999.0 -999.0 -999.0 -999.0 -999.0 95.38340320282069 -32.37380446728712 95.27175338940259 -32.38459317183579 38.870851439608906 109.85095328218847 -999.0 6231.0 -999.0 -1 -999 {-999.0 -999.0 -999.0 -999.0 -999.0} "" -999.0 -999.0 -999.0 -999.0 -999 -999 "" "" "" "" 0 0 0.0 0.0 -999 ""
FIBERMAP 961 R-2C8 APOGEE 0 0 0 1 0 0 -104.14105674155637 -31.778263264335667 143.1 41.51214740273214 -100.65693936437253 18.35352 138.18242 -999.0 -999.0 -999.0 -999.0 -999.0 96.4501176592968 -32.476966032383956 96.33782314209981 -32.490669022446106 38.019404883185395 110.2461774100851 -999.0 16600.0 -999.0 2 -999 {-999.0 -999.0 -999.0 -999.0 -999.0} "" -999.0 -999.0 -999.0 -999.0 -999 -999 "" "" "" "" 0 0 0.0 0.0 -999 ""
FIBERMAP 961 R-2C8 BOSS 1 1 0 1 0 0 -103.38406714872593 -32.151119621448814 143.1 41.811523516601405 -99.86800296204828 18.35352 138.18242 96.45152874887528 -32.474555149052485 -0.7588929 -1.4666553 0.7016135 96.45152606383958 -32.4745595267888 96.33892454745363 -32.48833070798925 38.01795859581537 110.2435639887669 5400.0 5400.0 2016.0 1 497 {-999.0 16.194311 15.714413 15.555616 -999.0} sdss_psfmag_gaia 16.094896 15.747176 15.220765 14.252 63050395078128562 944778433 bright_1x1 openfibertargets_nov2020_6c open_fiber science 0 0 0.0 0.0 -999 ""
FIBERMAP 961 R-2C8 METROLOGY 0 0 0 1 0 0 -104.04083993768067 -32.51951545422588 143.1 42.24054849439816 -100.48687036544457 18.35352 138.18242 -999.0 -999.0 -999.0 -999.0 -999.0 96.4529946453904 -32.47645680038783 96.34047453238196 -32.49021353490024 38.01712383617515 110.24627380683779 -999.0 6231.0 -999.0 -1 -999 {-999.0 -999.0 -999.0 -999.0 -999.0} "" -999.0 -999.0 -999.0 -999.0 -999 -999 "" "" "" "" 0 0 0.0 0.0 -999 ""
FIBERMAP 966 R-8C2 APOGEE 0 0 0 1 0 0 -165.99873111605143 -147.7431260346982 143.1 162.82048498298306 -151.23662574809984 44.987766 99.90369 -999.0 -999.0 -999.0 -999.0 -999.0 96.88696558950565 -32.62698901463204 96.7739162132213 -32.64187367041339 37.69710813686658 110.54067432367282 -999.0 16600.0 -999.0 2 -999 {-999.0 -999.0 -999.0 -999.0 -999.0} "" -999.0 -999.0 -999.0 -999.0 -999 -999 "" "" "" "" 0 0 0.0 0.0 -999 ""
FIBERMAP 966 R-8C2 BOSS 1 1 0 1 0 0 -165.38704716293682 -148.13201199330715 143.1 163.14959995383208 -150.59081874621322 44.987766 99.90369 96.88848457058303 -32.624997302932634 1.5170242 2.320176 0.2629384 96.88848994696217 -32.624990377570704 96.77512773759328 -32.63994442224397 37.695666570333664 110.53860361810635 5400.0 5400.0 2016.0 1 456 {-999.0 17.55628 17.15752 17.03173 -999.0} sdss_psfmag_gaia 17.506098 17.181736 16.718756 16.258 63050395078131314 976855701 "" ops_std_boss ops_std standard_boss 0 0 0.0 0.0 -999 ""
FIBERMAP 966 R-8C2 METROLOGY 0 0 0 1 0 0 -166.04625352268974 -148.48961102293535 143.1 163.56810767826954 -151.21313276554778 44.987766 99.90369 -999.0 -999.0 -999.0 -999.0 -999.0 96.88994201587434 -32.62689603829296 96.7766624915219 -32.64183531374202 37.69485031149248 110.54130808741093 -999.0 6231.0 -999.0 -1 -999 {-999.0 -999.0 -999.0 -999.0 -999.0} "" -999.0 -999.0 -999.0 -999.0 -999 -999 "" "" "" "" 0 0 0.0 0.0 -999 ""
FIBERMAP 968 R0C21 APOGEE 1 1 0 1 0 0 163.14311846985944 6.778956792731424 143.1 -22.221776917707757 161.76374557843917 8.213938 150.33662 96.21854954651806 -31.681636033041784 -3.4898098 17.071627 1.2356635 96.2185373058821 -31.681585076907965 96.1093052411439 -31.694869928820555 38.019340964811875 109.206560537391 16000.0 16600.0 2016.0 2 83 {-999.0 11.112873 10.193453 9.871858 -999.0} sdss_psfmag_from_g3xp 10.818682 10.236968 9.517208 7.994 63050395078207385 1106780160 bright_1x1 mwm_tess_rgb_apogee mwm_tessrgb science 0 0 0.0 0.0 -999 ""
FIBERMAP 968 R0C21 BOSS 0 0 0 1 0 0 163.83677418911384 6.470065269059662 143.1 -21.980069959633045 162.48356720435535 8.213938 150.33662 -999.0 -999.0 -999.0 -999.0 -999.0 96.21969584864684 -31.679275086688406 96.11015905487739 -31.69262979632327 38.018096247576906 109.20402289867951 -999.0 5400.0 -999.0 1 254 {-999.0 -999.0 -999.0 -999.0 -999.0} "" -999.0 -999.0 -999.0 -999.0 -999 -999 "" "" "" "" 0 0 0.0 0.0 -999 ""
FIBERMAP 968 R0C21 METROLOGY 0 0 0 1 0 0 163.24958054897678 6.036382916356933 143.1 -21.492652442943818 161.94015701806828 8.213938 150.33662 -999.0 -999.0 -999.0 -999.0 -999.0 96.22134570673428 -31.68091283174922 96.11189062168364 -31.694252999804764 38.01705729720238 109.20647308688686 -999.0 6231.0 -999.0 -1 -999 {-999.0 -999.0 -999.0 -999.0 -999.0} "" -999.0 -999.0 -999.0 -999.0 -999 -999 "" "" "" "" 0 0 0.0 0.0 -999 ""
FIBERMAP 970 R-3C14 APOGEE 1 1 0 1 0 0 19.571072639669975 -70.18117878820281 143.1 68.00815352691004 26.13911159550019 257.7312 72.439445 96.54309039570634 -32.0916683268818 1.3444052 0.78359205 1.1952853 96.54309513230072 -32.09166598798211 96.43220054539391 -32.10574148679093 37.85146508231334 109.79552768097446 16000.0 16600.0 2016.0 2 231 {-999.0 10.800577 10.940608 11.08293 -999.0} sdss_psfmag_from_g3xp 10.910493 10.861895 10.7614 10.597 63050395078140201 974896803 "" ops_std_apogee ops_std standard_apogee 0 0 0.0 0.0 -999 ""
FIBERMAP 970 R-3C14 BOSS 0 0 0 1 0 0 18.916992640666592 -69.86502718407834 143.1 67.7554656738666 25.457998460173805 257.7312 72.439445 -999.0 -999.0 -999.0 -999.0 -999.0 96.54256777819637 -32.093656127766565 96.43134976775565 -32.1077949861701 37.85265297117054 109.79783705782506 -999.0 5400.0 -999.0 1 340 {-999.0 -999.0 -999.0 -999.0 -999.0} "" -999.0 -999.0 -999.0 -999.0 -999 -999 "" "" "" "" 0 0 0.0 0.0 -999 ""
FIBERMAP 970 R-3C14 METROLOGY 0 0 0 1 0 0 19.523360575381254 -69.44033692246333 143.1 67.27518105951424 26.021349250426493 257.7312 72.439445 -999.0 -999.0 -999.0 -999.0 -999.0 96.54075268150491 -32.09196961897059 96.4296312575762 -32.10608533565984 37.85366077911394 109.79529579558476 -999.0 6231.0 -999.0 -1 -999 {-999.0 -999.0 -999.0 -999.0 -999.0} "" -999.0 -999.0 -999.0 -999.0 -999 -999 "" "" "" "" 0 0 0.0 0.0 -999 ""
FIBERMAP 974 R+9C1 APOGEE 1 1 0 1 0 0 -196.3598578312476 188.48145668864302 143.1 -169.00677870147473 -213.35015318851174 127.40212 101.419395 95.69334134351797 -32.817394008340244 6.77054 -2.759769 1.3450572 95.69366924901743 -32.81740224581629 95.5804251678754 -32.82888858249302 38.717245271386275 110.48135935902995 16000.0 16600.0 2016.0 2 47 {-999.0 10.240851 8.957882 8.364451 -999.0} sdss_psfmag_from_g3xp 9.74682 8.89178 7.9858704 6.052 63050395078125985 1155660915 bright_1x1 mwm_galactic_core_dist_apogee_extra mwm_galactic science 0 0 0.9193084239959717 0.0 -999 ""
FIBERMAP 974 R+9C1 BOSS 0 0 0 1 0 0 -195.8962026260392 189.09575223363018 143.1 -169.66227704666494 -212.9468541731069 127.40212 101.419395 -999.0 -999.0 -999.0 -999.0 -999.0 95.69163226315945 -32.81610862394599 95.57808374567776 -32.82764905777583 38.71888739976303 110.4792491839105 -999.0 5400.0 -999.0 1 83 {-999.0 -999.0 -999.0 -999.0 -999.0} "" -999.0 -999.0 -999.0 -999.0 -999 -999 "" "" "" "" 0 0 0.0 0.0 -999 ""
FIBERMAP 974 R+9C1 METROLOGY 0 0 0 1 0 0 -195.62255851619523 188.39202825189952 143.1 -168.98768359378155 -212.60770009693934 127.40212 101.419395 -999.0 -999.0 -999.0 -999.0 -999.0 95.69392277685319 -32.81516054665599 95.58046460336391 -32.826690824876316 38.716723614676695 110.47862277249169 -999.0 6231.0 -999.0 -1 -999 {-999.0 -999.0 -999.0 -999.0 -999.0} "" -999.0 -999.0 -999.0 -999.0 -999 -999 "" "" "" "" 0 0 0.0 0.0 -999 ""
FIBERMAP 976 R-8C8 APOGEE 0 0 0 1 0 0 -54.945873422565136 -144.0004557584991 143.1 148.5618251466531 -41.04003001484116 146.69456 101.01604 -999.0 -999.0 -999.0 -999.0 -999.0 96.8332605232953 -32.29381919258824 96.72148460513017 -32.308649879682456 37.66182026620361 110.11829421152785 -999.0 16600.0 -999.0 2 -999 {-999.0 -999.0 -999.0 -999.0 -999.0} "" -999.0 -999.0 -999.0 -999.0 -999 -999 "" "" "" "" 0 0 0.0 0.0 -999 ""
FIBERMAP 976 R-8C8 BOSS 1 1 0 1 0 0 -54.72923247949307 -143.3185571411137 143.1 147.86245712076186 -40.889042113532675 146.69456 101.01604 96.83091842914189 -32.2933629173581 0.2752703 10.701229 0.6129472 96.83114743301203 -32.2933309758644 96.7190557861994 -32.30822155657502 37.663713222673934 110.11715428657432 5400.0 5400.0 2016.0 1 382 {-999.0 13.443856 13.142368 13.0547085 -999.0} sdss_psfmag_from_g3xp 13.409674 13.145734 12.72616 12.04 63050395078133460 946227761 bright_1x1 openfibertargets_nov2020_9 open_fiber science 0 0 0.6939387321472168 0.0 -999 ""
FIBERMAP 976 R-8C8 METROLOGY 0 0 0 1 0 0 -54.20688735021882 -143.88470688518163 143.1 148.37650912055975 -40.31535796128205 146.69456 101.01604 -999.0 -999.0 -999.0 -999.0 -999.0 96.83290209694982 -32.29160028134058 96.72090621749362 -32.30647768193112 37.66178063510132 110.11548207741981 -999.0 6231.0 -999.0 -1 -999 {-999.0 -999.0 -999.0 -999.0 -999.0} "" -999.0 -999.0 -999.0 -999.0 -999 -999 "" "" "" "" 0 0 0.0 0.0 -999 ""
FIBERMAP 977 R+4C7 APOGEE 1 1 0 1 0 0 -132.15253165148874 72.10090741393877 143.1 -59.241351637083675 -138.39446270493713 254.50949 43.908752 96.08779907226562 -32.59216645834353 -999.0 -999.0 -999.0 96.08779907226562 -32.592166458343534 95.97523093233163 -32.604820911262486 38.343115605997355 110.29801873787737 16000.0 16600.0 2015.5 2 31 {-999.0 -999.0 -999.0 -999.0 -999.0} "" -999.0 -999.0 -999.0 -999.0 27021603127945955 841281950 "" ops_sky_apogee_best ops_sky sky_apogee 0 0 0.0 0.0 -999 ""
FIBERMAP 977 R+4C7 BOSS 0 0 0 1 0 0 -132.5368571875778 72.74205265864713 143.1 -59.84315117448458 -138.83786327527991 254.50949 43.908752 -999.0 -999.0 -999.0 -999.0 -999.0 96.08591780269028 -32.59350708043605 95.973032661861 -32.60621761612451 38.34523724290278 110.29921383582848 -999.0 5400.0 -999.0 1 52 {-999.0 -999.0 -999.0 -999.0 -999.0} "" -999.0 -999.0 -999.0 -999.0 -999 -999 "" "" "" "" 0 0 0.0 0.0 -999 ""
FIBERMAP 977 R+4C7 METROLOGY 0 0 0 1 0 0 -131.7958808110752 72.7690505382754 143.1 -59.94030559523403 -138.10279225337538 254.50949 43.908752 -999.0 -999.0 -999.0 -999.0 -999.0 96.08546551356457 -32.59131602481157 95.97267746583378 -32.60400843438931 38.3450244792502 110.29638429188608 -999.0 6231.0 -999.0 -1 -999 {-999.0 -999.0 -999.0 -999.0 -999.0} "" -999.0 -999.0 -999.0 -999.0 -999 -999 "" "" "" "" 0 0 0.0 0.0 -999 ""
FIBERMAP 978 R-1C23 APOGEE 0 0 0 1 0 0 226.89123121348345 -31.746533505040794 143.1 10.08357858780176 228.87807951759848 358.39227 71.24467 -999.0 -999.0 -999.0 -999.0 -999.0 96.33281888129758 -31.478806921894506 96.22428038160967 -31.49247150519078 37.87524713286436 108.98767618260479 -999.0 16600.0 -999.0 2 -999 {-999.0 -999.0 -999.0 -999.0 -999.0} "" -999.0 -999.0 -999.0 -999.0 -999 -999 "" "" "" "" 0 0 0.0 0.0 -999 ""
FIBERMAP 978 R-1C23 BOSS 1 1 0 1 0 0 226.61477976484085 -32.429794343996754 143.1 10.789975454319226 228.6676802925395 358.39227 71.24467 96.33496731473997 -31.479529656806356 192.33202 67.99758 14.586676 96.3356404639949 -31.47932669290882 96.22679062398042 -31.493066382804564 37.873316696827374 108.98906906666501 5400.0 5400.0 2016.0 1 288 {-999.0 17.285553 15.453394 14.251786 -999.0} sdss_psfmag_gaia 16.346052 14.947284 13.787444 11.715 63050395078208583 1151160284 bright_1x1 mwm_snc_100pc_boss_single mwm_snc science 0 0 0.0 0.0 -999 ""
FIBERMAP 978 R-1C23 METROLOGY 0 0 0 1 0 0 226.15327672249907 -31.868686630388044 143.1 10.275172116484995 228.15504180454104 358.39227 71.24467 -999.0 -999.0 -999.0 -999.0 -999.0 96.33373664332181 -31.480858249705605 96.22496595262697 -31.494572947564208 37.87519329120084 108.99043867655942 -999.0 6231.0 -999.0 -1 -999 {-999.0 -999.0 -999.0 -999.0 -999.0} "" -999.0 -999.0 -999.0 -999.0 -999 -999 "" "" "" "" 0 0 0.0 0.0 -999 ""
FIBERMAP 980 R+4C20 APOGEE 0 0 0 1 0 0 172.192770588333 64.99117427664 143.1 -81.02954839168919 165.25137079542125 250.94633 106.51669 -999.0 -999.0 -999.0 -999.0 -999.0 96.00902250885974 -31.671505746224526 95.89992129051859 -31.68420623433264 38.18972544208563 109.13900235233245 -999.0 16600.0 -999.0 2 -999 {-999.0 -999.0 -999.0 -999.0 -999.0} "" -999.0 -999.0 -999.0 -999.0 -999 -999 "" "" "" "" 0 0 0.0 0.0 -999 ""
FIBERMAP 980 R+4C20 BOSS 1 1 0 1 0 0 171.43202473524687 65.00929937659266 143.1 -80.97543821869183 164.49233981549114 250.94633 106.51669 96.00949290227788 -31.673684709141295 -0.7933155 2.5968425 0.10606727 96.00949011993171 -31.67367695797283 95.90007034095188 -31.686443336068788 38.19013854137222 109.14180436192936 5400.0 5400.0 2016.0 1 213 {-999.0 18.283413 17.902048 17.752354 17.694912} sdss_psfmag_from_gaia 18.2408 17.9144 17.4419 -999.0 63050395078212587 970179130 "" ops_std_boss_gdr2 ops_std standard_boss 0 0 0.0 0.0 -999 ""
FIBERMAP 980 R+4C20 METROLOGY 0 0 0 1 0 0 171.84196675801093 65.65180646585533 143.1 -81.65392629967401 164.83949236340877 250.94633 106.51669 -999.0 -999.0 -999.0 -999.0 -999.0 96.00697578702564 -31.67263048131244 95.89764890578317 -31.68537163379945 38.19188209192113 109.13985221469164 -999.0 6231.0 -999.0 -1 -999 {-999.0 -999.0 -999.0 -999.0 -999.0} "" -999.0 -999.0 -999.0 -999.0 -999 -999 "" "" "" "" 0 0 0.0 0.0 -999 ""
FIBERMAP 981 R-9C12 APOGEE 1 1 0 1 0 0 38.42568291499341 -169.3339218791406 143.1 164.92504883465904 54.3128225962245 201.8832 72.34769 96.88880871511377 -32.00430854920522 1.6214186 18.167076 2.125855 96.88881442222554 -32.004254323326734 96.77809301660022 -32.019325328654695 37.54617001516863 109.77812260415489 16000.0 16600.0 2016.0 2 168 {-999.0 11.797371 11.180504 10.984306 -999.0} sdss_psfmag_from_g3xp 11.645552 11.228202 10.646726 9.592 63050395078139695 1105056647 bright_1x1 mwm_tess_rgb_apogee mwm_tessrgb science 0 0 0.0 0.0 -999 ""
FIBERMAP 981 R-9C12 BOSS 0 0 0 1 0 0 38.33202996560689 -168.6052102845336 143.1 164.2085091775517 54.150477244225975 201.8832 72.34769 -999.0 -999.0 -999.0 -999.0 -999.0 96.88665643365634 -32.00467449559299 96.77561495980382 -32.01980636983043 37.548325048312 109.77807310361334 -999.0 5400.0 -999.0 1 401 {-999.0 -999.0 -999.0 -999.0 -999.0} "" -999.0 -999.0 -999.0 -999.0 -999 -999 "" "" "" "" 0 0 0.0 0.0 -999 ""
FIBERMAP 981 R-9C12 METROLOGY 0 0 0 1 0 0 39.03088573697714 -168.90645688381105 143.1 164.44211251748018 54.87475036148981 201.8832 72.34769 -999.0 -999.0 -999.0 -999.0 -999.0 96.88739808330521 -32.00248593426984 96.77645472012313 -32.01760153174714 37.54710286277024 109.77559042297798 -999.0 6231.0 -999.0 -1 -999 {-999.0 -999.0 -999.0 -999.0 -999.0} "" -999.0 -999.0 -999.0 -999.0 -999 -999 "" "" "" "" 0 0 0.0 0.0 -999 ""
FIBERMAP 982 R+12C10 APOGEE 0 0 0 1 0 0 46.28921563022764 251.53482811527627 143.1 -254.78974728737822 22.223277236078676 125.868225 67.88519 -999.0 -999.0 -999.0 -999.0 -999.0 95.38896669034435 -32.104004237794236 95.27854328208554 -32.11484309799644 38.803667126336094 109.51547664330906 -999.0 16600.0 -999.0 2 -999 {-999.0 -999.0 -999.0 -999.0 -999.0} "" -999.0 -999.0 -999.0 -999.0 -999 -999 "" "" "" "" 0 0 0.0 0.0 -999 ""
FIBERMAP 982 R+12C10 BOSS 1 1 0 1 0 0 47.05550012514081 251.72819936711593 143.1 -255.05492444672873 22.967762341549154 125.868225 67.88519 95.38811155824472 -32.10171019146271 -2.0448103 8.420118 1.0140373 95.38833375053788 -32.10168505872735 95.27761382218112 -32.11258410112054 38.80391333257505 109.512423181849 5400.0 5400.0 2016.0 1 160 {-999.0 13.362909 13.100981 13.038155 -999.0} sdss_psfmag_from_g3xp 13.340538 13.101787 12.711602 12.075 63050395078199742 946227812 bright_1x1 openfibertargets_nov2020_9 open_fiber science 0 0 0.6995659470558167 0.0 -999 ""
FIBERMAP 982 R+12C10 METROLOGY 0 0 0 1 0 0 46.82465893519318 251.01252678083065 143.1 -254.32058807351817 22.805841607446165 125.868225 67.88519 -999.0 -999.0 -999.0 -999.0 -999.0 95.39079399992536 -32.102198066229924 95.28015731255982 -32.11308647254129 38.80193243829504 109.51368684519235 -999.0 6231.0 -999.0 -1 -999 {-999.0 -999.0 -999.0 -999.0 -999.0} "" -999.0 -999.0 -999.0 -999.0 -999 -999 "" "" "" "" 0 0 0.0 0.0 -999 ""
FIBERMAP 987 R-13C12 APOGEE 0 0 0 1 0 0 90.3179375807583 -259.7742324581145 143.1 250.03536119092848 114.5487114856173 213.60739 118.89833 -999.0 -999.0 -999.0 -999.0 -999.0 97.1883645048603 -31.819958690340492 97.07819343796592 -31.835924758268472 37.25453775687347 109.63208853976948 -999.0 16600.0 -999.0 2 160 {-999.0 -999.0 -999.0 -999.0 -999.0} "" -999.0 -999.0 -999.0 -999.0 -999 -999 "" "" "" "" 0 0 0.0 0.0 -999 ""
FIBERMAP 987 R-13C12 BOSS 1 1 0 1 0 0 89.63583951552368 -259.451803387038 143.1 249.77908159956706 113.83911136529048 213.60739 118.89833 97.18780517578124 -31.82204199853996 -999.0 -999.0 -999.0 97.18780517578124 -31.822041998539955 97.07730560929652 -31.838074836374844 37.25579598093749 109.63447519171491 5400.0 5400.0 2015.5 1 350 {-999.0 -999.0 -999.0 -999.0 -999.0} "" -999.0 -999.0 -999.0 -999.0 27021603127948208 819170960 "" ops_sky_boss_good ops_sky sky_boss 0 0 0.0 0.0 -999 ""
FIBERMAP 987 R-13C12 METROLOGY 0 0 0 1 0 0 90.252829502612 -259.0283413036004 143.1 249.29901216369555 114.4131527480113 213.60739 118.89833 -999.0 -999.0 -999.0 -999.0 -999.0 97.18604369671509 -31.820318147644176 97.07564222081925 -31.836327003877482 37.256737651797195 109.63191112065448 -999.0 6231.0 -999.0 -1 -999 {-999.0 -999.0 -999.0 -999.0 -999.0} "" -999.0 -999.0 -999.0 -999.0 -999 -999 "" "" "" "" 0 0 0.0 0.0 -999 ""
FIBERMAP 992 R-2C20 APOGEE 0 0 0 1 0 0 169.85217027473738 -25.394888000793852 143.1 9.170512517388227 171.49406330196214 87.48172 69.716194 -999.0 -999.0 -999.0 -999.0 -999.0 96.33031723675961 -31.651870359379462 96.22114414010127 -31.665477312793996 37.91988621190666 109.19952128598277 -999.0 16600.0 -999.0 2 -999 {-999.0 -999.0 -999.0 -999.0 -999.0} "" -999.0 -999.0 -999.0 -999.0 -999 -999 "" "" "" "" 0 0 0.0 0.0 -999 ""
FIBERMAP 992 R-2C20 BOSS 1 1 0 1 0 0 170.53590696893977 -25.69526393629459 143.1 9.404683102810585 172.2032030099567 87.48172 69.716194 96.33147458245706 -31.649617171851467 -4.487104 8.0459585 1.687327 96.33145884919439 -31.64959315592382 96.22198102043426 -31.663270470095334 37.918661184079646 109.1970253924673 5400.0 5400.0 2016.0 1 304 {-999.0 14.0338955 13.544262 13.380641 -999.0} sdss_psfmag_from_g3xp 13.933085 13.5807295 13.045975 12.107 63050395078207901 1095792326 bright_1x1 mwm_bin_vis_boss mwm_filler science 0 0 0.0 0.0 -999 ""
FIBERMAP 992 R-2C20 METROLOGY 0 0 0 1 0 0 169.94138526271524 -26.137544652764472 143.1 9.901355206182506 171.6533133536813 87.48172 69.716194 -999.0 -999.0 -999.0 -999.0 -999.0 96.33314892596617 -31.65124777795614 96.22375239975008 -31.664910492234586 37.91759505949766 109.19950494462927 -999.0 6231.0 -999.0 -1 -999 {-999.0 -999.0 -999.0 -999.0 -999.0} "" -999.0 -999.0 -999.0 -999.0 -999 -999 "" "" "" "" 0 0 0.0 0.0 -999 ""
FIBERMAP 998 R+3C8 APOGEE 0 0 0 1 0 0 -82.2635298829267 67.74486140042927 143.1 -59.63672482217136 -88.31750471632598 85.21929 45.025314 -999.0 -999.0 -999.0 -999.0 -999.0 96.08602191667914 -32.44044765724448 95.97402547429135 -32.45314089044932 38.30934190181717 110.10952026592471 -999.0 16600.0 -999.0 2 -999 {-999.0 -999.0 -999.0 -999.0 -999.0} "" -999.0 -999.0 -999.0 -999.0 -999 -999 "" "" "" "" 0 0 0.0 0.0 -999 ""
FIBERMAP 998 R+3C8 BOSS 1 1 0 1 0 0 -81.76702195170226 67.16928481440864 143.1 -59.1108379860078 -87.76864703935203 85.21929 45.025314 96.08815847957317 -32.438633416032204 6.8294125 -44.8264 2.1532829 96.08818263308984 -32.438767215819134 95.97587983410277 -32.45152938434967 38.3074482272605 110.10798074145248 5400.0 5400.0 2016.0 1 53 {-999.0 20.774588 18.961876 17.800137 -999.0} sdss_psfmag_gaia 19.773947 18.490253 17.255964 15.046 63050395078129473 1094770307 bright_1x1 mwm_bin_vis_boss mwm_filler science 0 0 0.0 0.0 -999 ""
FIBERMAP 998 R+3C8 METROLOGY 0 0 0 1 0 0 -82.50705621322957 67.03761805953074 143.1 -58.90957651448948 -88.4928528083373 85.21929 45.025314 -999.0 -999.0 -999.0 -999.0 -999.0 96.08881699545941 -32.440989512166034 95.9765933547506 -32.45373511205865 38.30737001235654 110.11089282299693 -999.0 6231.0 -999.0 -1 -999 {-999.0 -999.0 -999.0 -999.0 -999.0} "" -999.0 -999.0 -999.0 -999.0 -999 -999 "" "" "" "" 0 0 0.0 0.0 -999 ""
FIBERMAP 1001 R+8C12 APOGEE 0 0 0 1 0 0 39.12203325793206 174.25352955290518 143.1 -177.17751553093845 22.41824436317204 154.32486 56.91571 -999.0 -999.0 -999.0 -999.0 -999.0 95.66501774884195 -32.1041839845858 95.55446827188251 -32.11579536772268 38.576506422115045 109.58583528534695 -999.0 16600.0 -999.0 2 -999 {-999.0 -999.0 -999.0 -999.0 -999.0} "" -999.0 -999.0 -999.0 -999.0 -999 -999 "" "" "" "" 0 0 0.0 0.0 -999 ""
FIBERMAP 1001 R+8C12 BOSS 1 1 0 1 0 0 39.71557605541615 174.6484161210716 143.1 -177.62691457504923 22.9716546596409 154.32486 56.91571 95.66365223340298 -32.10243771371999 0.7992952 1.8852537 0.3124088 95.66365504980342 -32.10243208653287 95.55280468067402 -32.11410239692818 38.57748447628333 109.5833107783764 5400.0 5400.0 2016.0 1 145 {-999.0 17.098083 16.703697 16.579676 -999.0} sdss_psfmag_gaia 17.04279 16.727386 16.260149 15.442 63050395078197341 976856379 "" ops_std_boss ops_std standard_boss 0 0 0.0 0.0 -999 ""
FIBERMAP 1001 R+8C12 METROLOGY 0 0 0 1 0 0 39.79062425134511 173.91814276079336 143.1 -176.90705562150274 23.115627365635287 154.32486 56.91571 -999.0 -999.0 -999.0 -999.0 -999.0 95.66611085613617 -32.102015065082284 95.55534810354987 -32.11367473927743 38.575289732137946 109.58341774769934 -999.0 6231.0 -999.0 -1 -999 {-999.0 -999.0 -999.0 -999.0 -999.0} "" -999.0 -999.0 -999.0 -999.0 -999 -999 "" "" "" "" 0 0 0.0 0.0 -999 ""
FIBERMAP 1002 R+12C5 APOGEE 0 0 0 1 0 0 -61.9405446206286 241.06333654813068 143.1 -234.10039824592462 -84.5247647174862 26.629862 144.24486 -999.0 -999.0 -999.0 -999.0 -999.0 95.46094490412653 -32.42733171103039 95.349278310194 -32.438278839208174 38.819257794859816 109.93711892516015 -999.0 16600.0 -999.0 2 -999 {-999.0 -999.0 -999.0 -999.0 -999.0} "" -999.0 -999.0 -999.0 -999.0 -999 -999 "" "" "" "" 0 0 0.0 0.0 -999 ""
FIBERMAP 1002 R+12C5 BOSS 1 1 0 1 0 0 -61.22156463579458 240.95113721134726 143.1 -234.05689751532915 -83.79838854230154 26.629862 144.24486 95.46138135821352 -32.4250476293852 2.387777 -11.452855 2.163328 95.46138980175998 -32.4250818143646 95.34942516925726 -32.43609107788255 38.818641969090116 109.93441982329155 5400.0 5400.0 2016.0 1 164 {-999.0 18.192812 16.799522 16.145174 -999.0} sdss_psfmag_gaia 17.573362 16.707596 15.690655 13.836 63050395078194159 1095039656 bright_1x1 mwm_bin_vis_boss mwm_filler science 0 0 0.0 0.0 -999 ""
FIBERMAP 1002 R+12C5 METROLOGY 0 0 0 1 0 0 -61.672371451644956 240.36506627937126 143.1 -233.4307149931801 -84.19157414779666 26.629862 144.24486 -999.0 -999.0 -999.0 -999.0 -999.0 95.46348394730039 -32.42631519902019 95.3515999729616 -32.43731287662961 38.8171305967605 109.93648046844584 -999.0 6231.0 -999.0 -1 -999 {-999.0 -999.0 -999.0 -999.0 -999.0} "" -999.0 -999.0 -999.0 -999.0 -999 -999 "" "" "" "" 0 0 0.0 0.0 -999 ""
FIBERMAP 1003 R-2C13 APOGEE 0 0 0 1 0 0 8.368417733688727 -35.60046692279181 143.1 34.64606031115921 11.707193679494248 339.85764 150.08664 -999.0 -999.0 -999.0 -999.0 -999.0 96.42373932133768 -32.13598747304714 96.31273201169824 -32.14971536453653 37.96017707682886 109.81928944102856 -999.0 16600.0 -999.0 2 -999 {-999.0 -999.0 -999.0 -999.0 -999.0} "" -999.0 -999.0 -999.0 -999.0 -999 -999 "" "" "" "" 0 0 0.0 0.0 -999 ""
FIBERMAP 1003 R-2C13 BOSS 1 1 0 1 0 0 8.860964177534823 -36.17757589288995 143.1 35.173848344273786 12.25225309101235 339.85764 150.08664 96.42601402666702 -32.13426444724532 -14.120484 4.4375596 4.1000233 96.42596425431081 -32.134251201814806 96.3146489587721 -32.14805071356214 37.95820669690288 109.81772435512246 5400.0 5400.0 2016.0 1 420 {-999.0 -999.0 -999.0 -999.0 -999.0} "" -999.0 17.326382 -999.0 13.12 63050395078140324 1095083103 bright_1x1 mwm_bin_vis_boss mwm_filler science 0 0 0.0 0.0 -999 ""
FIBERMAP 1003 R-2C13 METROLOGY 0 0 0 1 0 0 8.135035613501337 -36.31112225610954 143.1 35.37564307523251 11.54226761998945 339.85764 150.08664 -999.0 -999.0 -999.0 -999.0 -999.0 96.42661486955139 -32.13642296745085 96.31537902790336 -32.15020525289574 37.958115179388244 109.82056482300533 -999.0 6231.0 -999.0 -1 -999 {-999.0 -999.0 -999.0 -999.0 -999.0} "" -999.0 -999.0 -999.0 -999.0 -999 -999 "" "" "" "" 0 0 0.0 0.0 -999 ""
FIBERMAP 1005 R+8C16 APOGEE 0 0 0 1 0 0 118.57026158427759 169.1832693295801 143.1 -179.6654633536347 101.98874048819913 201.65784 37.45758 -999.0 -999.0 -999.0 -999.0 -999.0 95.6573136787145 -31.86313385397633 95.54766345921638 -31.87479344107964 38.52585354363342 109.28446190903753 -999.0 16600.0 -999.0 2 -999 {-999.0 -999.0 -999.0 -999.0 -999.0} "" -999.0 -999.0 -999.0 -999.0 -999 -999 "" "" "" "" 0 0 0.0 0.0 -999 ""
FIBERMAP 1005 R+8C16 BOSS 1 1 0 1 0 0 118.92870910006238 169.83883390270805 143.1 -180.35206594628897 102.28339252628491 201.65784 37.45758 95.6551203905891 -31.862178113304388 3.2452238 9.001911 1.5150704 95.65513179556991 -31.862151244008196 95.54517905757348 -31.87386820425498 38.52768680987522 109.28267852489118 5400.0 5400.0 2016.0 1 210 {-999.0 21.823408 19.946968 18.640331 -999.0} sdss_psfmag_gaia 20.794762 19.34791 18.133743 15.558 63050395078202348 1094760641 bright_1x1 mwm_bin_vis_boss mwm_filler science 0 0 0.0 0.0 -999 ""
FIBERMAP 1005 R+8C16 METROLOGY 0 0 0 1 0 0 119.31825584116004 169.18159348144596 143.1 -179.7347390937205 102.73351729139064 201.65784 37.45758 -999.0 -999.0 -999.0 -999.0 -999.0 95.65721756679842 -31.860793463009372 95.5473555559696 -31.872498743916978 38.525568355490535 109.2815323592666 -999.0 6231.0 -999.0 -1 -999 {-999.0 -999.0 -999.0 -999.0 -999.0} "" -999.0 -999.0 -999.0 -999.0 -999 -999 "" "" "" "" 0 0 0.0 0.0 -999 ""
FIBERMAP 1007 R+12C9 APOGEE 0 0 0 1 0 0 35.62798245925852 215.26045512476256 143.1 -217.66794270918416 15.050635778228099 22.81966 18.95014 -999.0 -999.0 -999.0 -999.0 -999.0 95.52067753538414 -32.126164372408745 95.41011152896857 -32.13736539241798 38.70043258349446 109.57650084652681 -999.0 16600.0 -999.0 2 -999 {-999.0 -999.0 -999.0 -999.0 -999.0} "" -999.0 -999.0 -999.0 -999.0 -999 -999 "" "" "" "" 0 0 0.0 0.0 -999 ""
FIBERMAP 1007 R+12C9 BOSS 1 1 0 1 0 0 35.04992591609074 214.74403887386617 143.1 -217.09903136426342 14.524168397399981 22.81966 18.95014 95.52293767804484 -32.12772408024318 2.1706111 8.34679 0.88587904 95.52294532853823 -32.12769916638045 95.41206587506012 -32.13896773637351 38.699192019629024 109.57898777116948 5400.0 5400.0 2016.0 1 161 {-999.0 15.829395 15.157079 14.91709 -999.0} sdss_psfmag_gaia 15.427505 15.200264 14.349476 -999.0 63050395078199502 944778724 bright_1x1 openfibertargets_nov2020_6c open_fiber science 0 0 0.0 0.0 -999 ""
FIBERMAP 1007 R+12C9 METROLOGY 0 0 0 1 0 0 34.915126898554256 215.4870277761773 143.1 -217.8258813553833 14.319508567153717 22.81966 18.95014 -999.0 -999.0 -999.0 -999.0 -999.0 95.52023188796841 -32.128326824017286 95.4094380131296 -32.13957013301774 38.70149609193055 109.5790811548296 -999.0 6231.0 -999.0 -1 -999 {-999.0 -999.0 -999.0 -999.0 -999.0} "" -999.0 -999.0 -999.0 -999.0 -999 -999 "" "" "" "" 0 0 0.0 0.0 -999 ""
FIBERMAP 1008 R0C26 APOGEE 1 1 0 1 0 0 276.91481387168477 -3.412382276535657 143.1 -22.867194690321803 275.9884869360413 287.7988 156.34306 96.21551513671875 -31.33765588759411 -999.0 -999.0 -999.0 96.21551513671875 -31.337655887594114 96.10754595343609 -31.351032820332925 37.937223747349734 108.78297215961729 16000.0 16600.0 2015.5 2 106 {-999.0 -999.0 -999.0 -999.0 -999.0} "" -999.0 -999.0 -999.0 -999.0 27021603127959173 841285954 "" ops_sky_apogee_best ops_sky sky_apogee 0 0 0.0 0.0 -999 ""
FIBERMAP 1008 R0C26 BOSS 0 0 0 1 0 0 276.87934104663566 -4.152355849285491 143.1 -22.127196869141898 276.02335752947675 287.7988 156.34306 -999.0 -999.0 -999.0 -999.0 -999.0 96.2184482479228 -31.337491278549372 96.11016659122214 -31.350943833552993 37.935032227141576 108.7835587480661 -999.0 5400.0 -999.0 1 180 {-999.0 -999.0 -999.0 -999.0 -999.0} "" -999.0 -999.0 -999.0 -999.0 -999 -999 "" "" "" "" 0 0 0.0 0.0 -999 ""
FIBERMAP 1008 R0C26 METROLOGY 0 0 0 1 0 0 276.24879058347597 -3.723409073716457 143.1 -22.494402417891642 275.35496958442025 287.7988 156.34306 -999.0 -999.0 -999.0 -999.0 -999.0 96.21705821828436 -31.339462248195368 96.10885832713961 -31.3528912323269 37.93659295422709 108.78560504577135 -999.0 6231.0 -999.0 -1 -999 {-999.0 -999.0 -999.0 -999.0 -999.0} "" -999.0 -999.0 -999.0 -999.0 -999 -999 "" "" "" "" 0 0 0.0 0.0 -999 ""
FIBERMAP 1015 R+8C1 APOGEE 0 0 0 1 0 0 -222.17104203168194 149.08390632640666 143.1 -127.33898718500609 -235.30813983705073 262.77472 34.22975 -999.0 -999.0 -999.0 -999.0 -999.0 95.84349269658074 -32.884118924970295 95.72992790512757 -32.896005423796126 38.60976539497896 110.60097040358767 -999.0 16600.0 -999.0 2 48 {-999.0 -999.0 -999.0 -999.0 -999.0} "" -999.0 -999.0 -999.0 -999.0 -999 -999 "" "" "" "" 0 0 0.0 0.0 -999 ""
FIBERMAP 1015 R+8C1 BOSS 1 1 0 1 0 0 -222.54388970220066 149.75230066279929 143.1 -127.96900143930547 -235.7426988108274 262.77472 34.22975 95.84130343907653 -32.88540262032992 5.0838304 16.620394 4.887253 95.84154219875568 -32.88535301105498 95.72766405807256 -32.89729344244678 38.61190539751394 110.60203554159791 5400.0 5400.0 2016.0 1 84 {-999.0 14.859655 13.657536 13.161986 -999.0} sdss_psfmag_from_g3xp 14.409939 13.648302 12.795403 11.117 63050395078125603 1075888063 bright_1x1 mwm_erosita_stars_boss mwm_erosita science 0 0 0.6671735048294067 0.0 -999 ""
FIBERMAP 1015 R+8C1 METROLOGY 0 0 0 1 0 0 -221.79773154283995 149.7274377843663 143.1 -128.01502066802186 -234.99755062748102 262.77472 34.22975 -999.0 -999.0 -999.0 -999.0 -999.0 95.84125498498267 -32.88317475227317 95.7274717816016 -32.89509803811214 38.61157379546361 110.59925050030671 -999.0 6231.0 -999.0 -1 -999 {-999.0 -999.0 -999.0 -999.0 -999.0} "" -999.0 -999.0 -999.0 -999.0 -999 -999 "" "" "" "" 0 0 0.0 0.0 -999 ""
FIBERMAP 1020 R-3C9 APOGEE 0 0 0 1 0 0 -61.6644086056506 -60.94920794195546 143.1 66.52268965318098 -55.605290169216865 20.05041 84.39201 -999.0 -999.0 -999.0 -999.0 -999.0 96.53931704750299 -32.3398774708813 96.427497450386 -32.3538702621465 37.91389118093025 110.09983516400047 -999.0 16600.0 -999.0 2 291 {-999.0 -999.0 -999.0 -999.0 -999.0} "" -999.0 -999.0 -999.0 -999.0 -999 -999 "" "" "" "" 0 0 0.0 0.0 -999 ""
FIBERMAP 1020 R-3C9 BOSS 1 1 0 1 0 0 -61.57116618152714 -61.707823236573255 143.1 67.26903696336097 -55.440517252648725 20.05041 84.39201 96.54235839843749 -32.339330755284706 -999.0 -999.0 -999.0 96.54235839843749 -32.339330755284706 96.43022330979878 -32.35339665624324 37.9115416571773 110.09993575554314 5400.0 5400.0 2015.5 1 478 {-999.0 -999.0 -999.0 -999.0 -999.0} "" -999.0 -999.0 -999.0 -999.0 27021603127946257 819170502 "" ops_sky_boss_good ops_sky sky_boss 0 0 0.0 0.0 -999 ""
FIBERMAP 1020 R-3C9 METROLOGY 0 0 0 1 0 0 -62.26517914545876 -61.3875722882297 143.1 67.01605573948167 -56.161771903012884 20.05041 84.39201 -999.0 -999.0 -999.0 -999.0 -999.0 96.54137963268003 -32.341548101052986 96.42932625126201 -32.355592349103816 37.91279298591107 110.10241612293777 -999.0 6231.0 -999.0 -1 -999 {-999.0 -999.0 -999.0 -999.0 -999.0} "" -999.0 -999.0 -999.0 -999.0 -999 -999 "" "" "" "" 0 0 0.0 0.0 -999 ""
FIBERMAP 1021 R+4C5 APOGEE 1 1 0 1 0 0 -162.64936024727163 89.99915209593459 143.1 -74.16631229940243 -170.45120164708555 118.402306 112.868484 96.03424366646556 -32.689003953471136 19.524168 -29.16773 5.9920673 96.03431291033634 -32.689091014561306 95.92140454646577 -32.7015678275645 38.40924668243517 110.40505030726327 16000.0 16600.0 2016.0 2 25 {-999.0 10.7028 10.353883 10.250864 -999.0} sdss_psfmag_from_g3xp 10.647861 10.365261 9.923375 9.205 63050395078126438 1103557982 bright_1x1 mwm_tess_2min_apogee mwm_planet science 0 0 0.0 0.0 -999 ""
FIBERMAP 1021 R+4C5 BOSS 0 0 0 1 0 0 -162.21964710602026 90.58512535999716 143.1 -74.79039695060494 -170.0790052372438 118.402306 112.868484 -999.0 -999.0 -999.0 -999.0 -999.0 96.03234839008371 -32.68795913092589 95.91913070591164 -32.700491865536605 38.41086653805549 110.40315962489257 -999.0 5400.0 -999.0 1 42 {-999.0 -999.0 -999.0 -999.0 -999.0} "" -999.0 -999.0 -999.0 -999.0 -999 -999 "" "" "" "" 0 0 0.0 0.0 -999 ""
FIBERMAP 1021 R+4C5 METROLOGY 0 0 0 1 0 0 -161.9046319496588 89.91268864642032 143.1 -74.15087340206503 -169.70163432315724 118.402306 112.868484 -999.0 -999.0 -999.0 -999.0 -999.0 96.03454786258534 -32.68686065663795 95.92142188774801 -32.699382542550175 38.40873726969479 110.40233828288694 -999.0 6231.0 -999.0 -1 -999 {-999.0 -999.0 -999.0 -999.0 -999.0} "" -999.0 -999.0 -999.0 -999.0 -999 -999 "" "" "" "" 0 0 0.0 0.0 -999 ""
FIBERMAP 1022 R-11C3 APOGEE 0 0 0 1 0 0 -106.42016323326234 -209.5648256052634 143.1 218.71235540299 -86.06347079966055 42.0738 84.161995 -999.0 -999.0 -999.0 -999.0 -999.0 97.08526725439361 -32.4278881074445 96.97288038115465 -32.4433870492355 37.48745389998791 110.34690484730015 -999.0 16600.0 -999.0 2 152 {-999.0 -999.0 -999.0 -999.0 -999.0} "" -999.0 -999.0 -999.0 -999.0 -999 -999 "" "" "" "" 0 0 0.0 0.0 -999 ""
FIBERMAP 1022 R-11C3 BOSS 1 1 0 1 0 0 -105.97193712763496 -210.1552961723379 143.1 219.25764831223697 -85.56126437730205 42.0738 84.161995 97.08755493164062 -32.426292495450284 -999.0 -999.0 -999.0 97.08755493164062 -32.426292495450284 96.97485184888646 -32.441864409611114 37.485476905765346 110.34553705487424 5400.0 5400.0 2015.5 1 433 {-999.0 -999.0 -999.0 -999.0 -999.0} "" -999.0 -999.0 -999.0 -999.0 27021603127946744 819170653 "" ops_sky_boss_good ops_sky sky_boss 0 0 0.0 0.0 -999 ""
FIBERMAP 1022 R-11C3 METROLOGY 0 0 0 1 0 0 -106.70914148670978 -210.2548522059368 143.1 219.42667560430087 -86.28569858102104 42.0738 84.161995 -999.0 -999.0 -999.0 -999.0 -999.0 97.08812986901877 -32.428509517583294 96.97550921486629 -32.444063668053566 37.48545869714289 110.34839535882588 -999.0 6231.0 -999.0 -1 -999 {-999.0 -999.0 -999.0 -999.0 -999.0} "" -999.0 -999.0 -999.0 -999.0 -999 -999 "" "" "" "" 0 0 0.0 0.0 -999 ""
FIBERMAP 1024 R+6C15 APOGEE 1 1 0 1 0 0 93.49817844324986 107.04813844038753 143.1 -115.432827909921 82.92307991664809 266.56247 141.2105 95.88592529296874 -31.920871405071352 -999.0 -999.0 -999.0 95.88592529296874 -31.920871405071356 95.77595768801072 -31.933154491658307 38.351226500373905 109.41511252695055 16000.0 16600.0 2015.5 2 113 {-999.0 -999.0 -999.0 -999.0 -999.0} "" -999.0 -999.0 -999.0 -999.0 27021603127957453 841284765 "" ops_sky_apogee_best ops_sky sky_apogee 0 0 0.0 0.0 -999 ""
FIBERMAP 1024 R+6C15 BOSS 0 0 0 1 0 0 92.96225741718548 106.51434255613258 143.1 -114.85061175400114 82.44020623889335 266.56247 141.2105 -999.0 -999.0 -999.0 -999.0 -999.0 95.88824751805478 -31.922231140260486 95.77796397305218 -31.934584100043917 38.349908720864285 109.41739583862073 -999.0 5400.0 -999.0 1 196 {-999.0 -999.0 -999.0 -999.0 -999.0} "" -999.0 -999.0 -999.0 -999.0 -999 -999 "" "" "" "" 0 0 0.0 0.0 -999 ""
FIBERMAP 1024 R+6C15 METROLOGY 0 0 0 1 0 0 92.74092035161222 107.22780536142209 143.1 -115.5398611671409 82.15219941083772 266.56247 141.2105 -999.0 -999.0 -999.0 -999.0 -999.0 95.88568211660584 -31.923114911154183 95.77548425951903 -31.93544234971435 38.35215611638033 109.41782699648562 -999.0 6231.0 -999.0 -1 -999 {-999.0 -999.0 -999.0 -999.0 -999.0} "" -999.0 -999.0 -999.0 -999.0 -999 -999 "" "" "" "" 0 0 0.0 0.0 -999 ""
FIBERMAP 1027 R+8C18 APOGEE 0 0 0 1 0 0 177.1581794521782 169.8079876368858 143.1 -185.84417260010719 160.25294422085616 111.011116 104.5149 -999.0 -999.0 -999.0 -999.0 -999.0 95.63656493055315 -31.68706323832015 95.52757508663842 -31.698715820259622 38.500871478676906 109.06064193416557 -999.0 16600.0 -999.0 2 -999 {-999.0 -999.0 -999.0 -999.0 -999.0} "" -999.0 -999.0 -999.0 -999.0 -999 -999 "" "" "" "" 0 0 0.0 0.0 -999 ""
FIBERMAP 1027 R+8C18 BOSS 1 1 0 1 0 0 177.74964271265623 170.22530552681425 143.1 -186.3157044772556 160.80215685326854 111.011116 104.5149 95.63519048856243 -31.68532552906367 0.8570942 -0.6780545 1.105007 95.63519349497314 -31.68532755295021 95.52590386809327 -31.697040641333594 38.501855479412654 109.05813146902445 5400.0 5400.0 2016.0 1 250 {-999.0 21.196064 20.30606 19.96513 -999.0} sdss_psfmag_gaia 20.781338 20.342056 19.471918 -999.0 63050395078204259 1116444412 bright_1x1 openfibertargets_bhm_quaia_boss open_fiber science 0 0 0.0 0.0 -999 ""
FIBERMAP 1027 R+8C18 METROLOGY 0 0 0 1 0 0 177.83724061433384 169.49434109243182 143.1 -185.59634785444052 160.95868816179498 111.011116 104.5149 -999.0 -999.0 -999.0 -999.0 -999.0 95.63762242944227 -31.68484463117821 95.52842011873753 -31.696546567403075 38.49965842173465 109.05816715953611 -999.0 6231.0 -999.0 -1 -999 {-999.0 -999.0 -999.0 -999.0 -999.0} "" -999.0 -999.0 -999.0 -999.0 -999 -999 "" "" "" "" 0 0 0.0 0.0 -999 ""
FIBERMAP 1029 R+7C2 APOGEE 0 0 0 1 0 0 -193.6370160667829 120.73476569691468 143.1 -101.82414193554322 -204.21412122657745 275.61923 98.95987 -999.0 -999.0 -999.0 -999.0 -999.0 95.93502050584675 -32.79082458433991 95.82176910239872 -32.8029940643249 38.51376151389922 110.50710264602412 -999.0 16600.0 -999.0 2 -999 {-999.0 -999.0 -999.0 -999.0 -999.0} "" -999.0 -999.0 -999.0 -999.0 -999 -999 "" "" "" "" 0 0 0.0 0.0 -999 ""
FIBERMAP 1029 R+7C2 BOSS 1 1 0 1 0 0 -194.36773151695272 120.5352584650952 143.1 -101.55623006387113 -204.92261587262175 275.61923 98.95987 95.93631385414383 -32.79293695907315 -9.4632635 0.894 4.607205 95.93628025286151 -32.79293429061863 95.822710036875 -32.80516714128092 38.5134788730361 110.51003592210569 5400.0 5400.0 2016.0 1 72 {-999.0 -999.0 -999.0 -999.0 -999.0} "" -999.0 16.858566 -999.0 12.657 63050395078125805 1094558622 bright_1x1 mwm_bin_vis_boss mwm_filler science 0 0 0.0 0.0 -999 ""
FIBERMAP 1029 R+7C2 METROLOGY 0 0 0 1 0 0 -194.16510997304314 121.26449680131284 143.1 -102.30139444053954 -204.79007405555856 275.61923 98.95987 -999.0 -999.0 -999.0 -999.0 -999.0 95.93349180560094 -32.79257823731345 95.82001099644651 -32.80478620947715 38.51560396013037 110.50891046990716 -999.0 6231.0 -999.0 -1 -999 {-999.0 -999.0 -999.0 -999.0 -999.0} "" -999.0 -999.0 -999.0 -999.0 -999 -999 "" "" "" "" 0 0 0.0 0.0 -999 ""
FIBERMAP 1030 R-7C6 APOGEE 0 0 0 1 0 0 -108.53708725749877 -118.78585175661968 143.1 128.54393342630436 -96.78083261484954 153.92923 69.67281 -999.0 -999.0 -999.0 -999.0 -999.0 96.76285065379416 -32.46332860243171 96.65047058904446 -32.47791251974281 37.75996909135087 110.30837445837852 -999.0 16600.0 -999.0 2 -999 {-999.0 -999.0 -999.0 -999.0 -999.0} "" -999.0 -999.0 -999.0 -999.0 -999 -999 "" "" "" "" 0 0 0.0 0.0 -999 ""
FIBERMAP 1030 R-7C6 BOSS 1 1 0 1 0 0 -107.92304658964503 -118.25705860069101 143.1 127.9592881061925 -96.21971743545649 153.92923 69.67281 96.76109888959745 -32.46165757048241 6.171404 13.039578 4.1902595 96.7611207214774 -32.461618649380064 96.64843084645221 -32.476262976156235 37.76125556076041 110.30583611414662 5400.0 5400.0 2016.0 1 504 {-999.0 18.765163 16.943417 15.763538 -999.0} sdss_psfmag_gaia 17.836664 16.456161 15.300073 13.103 63050395078133066 1083287312 bright_flexible_2x1 mwm_snc_ext_filler_boss mwm_snc science 0 0 0.0 0.0 -999 ""
FIBERMAP 1030 R-7C6 METROLOGY 0 0 0 1 0 0 -107.81712458017998 -118.98871121551684 143.1 128.67759184059224 -96.04487946211042 153.92923 69.67281 -999.0 -999.0 -999.0 -999.0 -999.0 96.76362346044475 -32.46109860077416 96.65102324100536 -32.475731725710055 37.759004942155144 110.3058309333172 -999.0 6231.0 -999.0 -1 -999 {-999.0 -999.0 -999.0 -999.0 -999.0} "" -999.0 -999.0 -999.0 -999.0 -999 -999 "" "" "" "" 0 0 0.0 0.0 -999 ""
FIBERMAP 1031 R+1C16 APOGEE 1 1 0 1 0 0 56.85348636651113 6.457711708900386 143.1 -11.820869535855257 55.98436712713071 272.87756 118.06109 96.25659678622078 -32.00205955142303 -0.6871962 2.6027033 0.16328473 96.25659436746767 -32.00205178276097 96.14615948671879 -32.01534999247894 38.06550953512057 109.61120360963048 16000.0 16600.0 2016.0 2 114 {-999.0 14.228604 13.231201 12.834479 -999.0} sdss_psfmag_from_g3xp 13.8957405 13.245188 12.470807 10.767 63050395078205228 1151850727 bright_1x1 mwm_galactic_core_dist_apogee_sparse mwm_galactic science 0 0 0.0 0.0 -999 ""
FIBERMAP 1031 R+1C16 BOSS 0 0 0 1 0 0 56.22318732058367 6.0421874477046895 143.1 -11.347439784649263 55.39632389370986 272.87756 118.06109 -999.0 -999.0 -999.0 -999.0 -999.0 96.25860053397508 -32.00373237808609 96.14784525376132 -32.01710048306055 38.06453563218144 109.61379386614112 -999.0 5400.0 -999.0 1 198 {-999.0 -999.0 -999.0 -999.0 -999.0} "" -999.0 -999.0 -999.0 -999.0 -999 -999 "" "" "" "" 0 0 0.0 0.0 -999 ""
FIBERMAP 1031 R+1C16 METROLOGY 0 0 0 1 0 0 56.18474916017933 6.790635769740078 143.1 -12.088863962974587 55.28707215116583 272.87756 118.06109 -999.0 -999.0 -999.0 -999.0 -999.0 96.25585520624529 -32.00408473913209 96.14518860401029 -32.01742668521566 38.06680132286525 109.61351849930145 -999.0 6231.0 -999.0 -1 -999 {-999.0 -999.0 -999.0 -999.0 -999.0} "" -999.0 -999.0 -999.0 -999.0 -999 -999 "" "" "" "" 0 0 0.0 0.0 -999 ""
FIBERMAP 1033 R-9C16 APOGEE 1 1 0 1 0 0 153.07879383951285 -156.49179719124882 143.1 141.2665405071853 167.2303762994941 116.246826 58.666996 96.800537109375 -31.663038847861245 -999.0 -999.0 -999.0 96.800537109375 -31.663038847861248 96.69111417113938 -31.677961879897207 37.53496474308936 109.33786749246447 16000.0 16600.0 2015.5 2 208 {-999.0 -999.0 -999.0 -999.0 -999.0} "" -999.0 -999.0 -999.0 -999.0 27021603127948438 841282612 "" ops_sky_apogee_best ops_sky sky_apogee 0 0 0.0 0.0 -999 ""
FIBERMAP 1033 R-9C16 BOSS 0 0 0 1 0 0 153.82182820354052 -156.52871958437024 143.1 141.2328226357314 167.97355858099468 116.246826 58.666996 -999.0 -999.0 -999.0 -999.0 -999.0 96.8007398873473 -31.660692907013004 96.6910080716508 -31.675685360059504 37.53449523058401 109.33505608081089 -999.0 5400.0 -999.0 1 294 {-999.0 -999.0 -999.0 -999.0 -999.0} "" -999.0 -999.0 -999.0 -999.0 -999 -999 "" "" "" "" 0 0 0.0 0.0 -999 ""
FIBERMAP 1033 R-9C16 METROLOGY 0 0 0 1 0 0 153.4083931846542 -157.16101303910764 143.1 141.9014744815049 167.62196008502062 116.246826 58.666996 -999.0 -999.0 -999.0 -999.0 -999.0 96.80306295498764 -31.661737688616753 96.69341619458362 -31.676717043077137 37.53276059997001 109.33694990925676 -999.0 6231.0 -999.0 -1 -999 {-999.0 -999.0 -999.0 -999.0 -999.0} "" -999.0 -999.0 -999.0 -999.0 -999 -999 "" "" "" "" 0 0 0.0 0.0 -999 ""
FIBERMAP 1038 R+9C11 APOGEE 1 1 0 1 0 0 18.22869908879088 174.0914838020263 143.1 -175.03455876880375 1.6345907748571609 198.57178 99.22073 95.67247359798453 -32.16721883993667 -8.287307 3.519586 2.1057506 95.67244437604504 -32.16720833451979 95.56165718896632 -32.17882232404296 38.585176103952136 109.66607261995665 16000.0 16600.0 2016.0 2 140 {-999.0 11.715038 11.009129 10.760024 -999.0} sdss_psfmag_from_g3xp 11.525411 11.052718 10.415976 9.162 63050395078195051 996691941 bright_1x1 mwm_bin_gaia_sb_apogee mwm_bin science 0 0 0.0 0.0 -999 ""
FIBERMAP 1038 R+9C11 BOSS 0 0 0 1 0 0 17.863729660306884 174.74811202973638 143.1 -175.65360724313942 1.2089904457820726 198.57178 99.22073 -999.0 -999.0 -999.0 -999.0 -999.0 95.67046428682673 -32.16843056386943 95.55936433055274 -32.180100620945105 38.58735958493918 109.66708996549056 -999.0 5400.0 -999.0 1 139 {-999.0 -999.0 -999.0 -999.0 -999.0} "" -999.0 -999.0 -999.0 -999.0 -999 -999 "" "" "" "" 0 0 0.0 0.0 -999 ""
FIBERMAP 1038 R+9C11 METROLOGY 0 0 0 1 0 0 18.62781206938301 174.72254170470467 143.1 -175.70062225627157 1.9720490681226175 198.57178 99.22073 -999.0 -999.0 -999.0 -999.0 -999.0 95.67019021513488 -32.16613398831968 95.55918634800491 -32.17778638057402 38.586971339533825 109.66416489752334 -999.0 6231.0 -999.0 -1 -999 {-999.0 -999.0 -999.0 -999.0 -999.0} "" -999.0 -999.0 -999.0 -999.0 -999 -999 "" "" "" "" 0 0 0.0 0.0 -999 ""
FIBERMAP 1045 R+11C11 APOGEE 1 1 0 1 0 0 57.7709699646129 227.61614546124318 143.1 -232.06802690563683 35.92178733740139 91.83332 107.51257 95.46985358881119 -32.06281956357924 4.2367015 0.3303067 1.3101746 95.46986851080449 -32.062818577664544 95.35956219736723 -32.073895713859336 38.72743540712724 109.48468377210175 16000.0 16600.0 2016.0 2 126 {-999.0 10.325621 9.5736 9.29032 -999.0} sdss_psfmag_from_g3xp 10.115874 9.610859 8.946039 7.648 63050395078199895 1105335411 bright_1x1 mwm_tess_rgb_apogee mwm_tessrgb science 0 0 0.0 0.0 -999 ""
FIBERMAP 1045 R+11C11 BOSS 0 0 0 1 0 0 58.459909187536994 227.8770283729825 143.1 -232.39307511647792 36.58287311348676 91.83332 107.51257 -999.0 -999.0 -999.0 -999.0 -999.0 95.46899706083758 -32.06074652091376 95.35839193727185 -32.07188351956844 38.7279348843079 109.48188045434972 -999.0 5400.0 -999.0 1 113 {-999.0 -999.0 -999.0 -999.0 -999.0} "" -999.0 -999.0 -999.0 -999.0 -999 -999 "" "" "" "" 0 0 0.0 0.0 -999 ""
FIBERMAP 1045 R+11C11 METROLOGY 0 0 0 1 0 0 58.34819010117952 227.15225561940397 143.1 -231.660977870433 36.540399884583586 91.83332 107.51257 -999.0 -999.0 -999.0 -999.0 -999.0 95.47146340402591 -32.060894017172785 95.36094343739887 -32.07202039043231 38.72586303743683 109.48269200308061 -999.0 6231.0 -999.0 -1 -999 {-999.0 -999.0 -999.0 -999.0 -999.0} "" -999.0 -999.0 -999.0 -999.0 -999 -999 "" "" "" "" 0 0 0.0 0.0 -999 ""
FIBERMAP 1047 R+10C15 APOGEE 1 1 0 1 0 0 153.03897463316784 185.32115624164285 143.1 -198.99971333433524 134.77125501026262 30.619267 49.183487 95.58912494723344 -31.764011984955157 -11.082347 2.4948034 1.5034037 95.58935016292037 -31.76400453835154 95.48009823505525 -31.775502602786226 38.55826759321374 109.14380298316752 16000.0 16600.0 2016.0 2 77 {-999.0 9.947194 8.88074 8.463234 -999.0} sdss_psfmag_from_g3xp 9.576955 8.897211 8.103519 6.4 63050395078203672 1151850705 bright_1x1 mwm_galactic_core_dist_apogee_sparse mwm_galactic science 0 0 0.8084258437156677 0.0 -999 ""
FIBERMAP 1047 R+10C15 BOSS 0 0 0 1 0 0 152.93563828577825 184.59332714092469 143.1 -198.26536860388936 134.73741656247395 30.619267 49.183487 -999.0 -999.0 -999.0 -999.0 -999.0 95.59223277987863 -31.764026962184552 95.48267193590829 -31.775596429974716 38.55616350017227 109.1445796627126 -999.0 5400.0 -999.0 1 236 {-999.0 -999.0 -999.0 -999.0 -999.0} "" -999.0 -999.0 -999.0 -999.0 -999 -999 "" "" "" "" 0 0 0.0 0.0 -999 ""
FIBERMAP 1047 R+10C15 METROLOGY 0 0 0 1 0 0 152.3374271283129 185.06933179607248 143.1 -198.68248685923007 134.0967587088864 30.619267 49.183487 -999.0 -999.0 -999.0 -999.0 -999.0 95.59061318403432 -31.76595771978595 95.48113294418033 -31.77750412853859 38.557884916445765 109.1465556809199 -999.0 6231.0 -999.0 -1 -999 {-999.0 -999.0 -999.0 -999.0 -999.0} "" -999.0 -999.0 -999.0 -999.0 -999 -999 "" "" "" "" 0 0 0.0 0.0 -999 ""
FIBERMAP 1048 R-5C8 APOGEE 0 0 0 1 0 0 -75.50339993658561 -113.57465868365469 143.1 120.22316084259305 -64.390516500114 306.93106 87.78653 -999.0 -999.0 -999.0 -999.0 -999.0 96.7322826310971 -32.36537194986987 96.62028310715152 -32.37989854581396 37.76172456165576 110.18029462409376 -999.0 16600.0 -999.0 2 -999 {-999.0 -999.0 -999.0 -999.0 -999.0} "" -999.0 -999.0 -999.0 -999.0 -999 -999 "" "" "" "" 0 0 0.0 0.0 -999 ""
FIBERMAP 1048 R-5C8 BOSS 1 1 0 1 0 0 -76.1363681154572 -114.00031411450516 143.1 120.70692918769703 -64.98025592050513 306.93106 87.78653 96.73442562908996 -32.367114188233074 -2.2454326 0.41106892 0.3127941 96.7344176939912 -32.36711296125645 96.62209287278944 -32.38171005900198 37.76066541566963 110.1829765802697 5400.0 5400.0 2016.0 1 481 {-999.0 17.019327 16.668417 16.56193 -999.0} sdss_psfmag_gaia 16.971367 16.686508 16.23562 15.445 63050395078138089 976855786 "" ops_std_boss ops_std standard_boss 0 0 0.0 0.0 -999 ""
FIBERMAP 1048 R-5C8 METROLOGY 0 0 0 1 0 0 -76.1816665023066 -113.25929748974974 143.1 119.9735538232601 -65.09563205847046 306.93106 87.78653 -999.0 -999.0 -999.0 -999.0 -999.0 96.73171437667503 -32.36750676192819 96.6194792441949 -32.38207772677927 37.76289712308198 110.18277168693066 -999.0 6231.0 -999.0 -1 -999 {-999.0 -999.0 -999.0 -999.0 -999.0} "" -999.0 -999.0 -999.0 -999.0 -999 -999 "" "" "" "" 0 0 0.0 0.0 -999 ""
FIBERMAP 1050 R+12C14 APOGEE 0 0 0 1 0 0 125.43871950224393 238.14968467858387 143.1 -248.97201205067648 102.2850280790122 127.077194 136.5081 -999.0 -999.0 -999.0 -999.0 -999.0 95.41156913165824 -31.86199075536076 95.30203511402703 -31.872962783763587 38.7282107771411 109.21963380652818 -999.0 16600.0 -999.0 2 56 {-999.0 -999.0 -999.0 -999.0 -999.0} "" -999.0 -999.0 -999.0 -999.0 -999 -999 "" "" "" "" 0 0 0.0 0.0 -999 ""
FIBERMAP 1050 R+12C14 BOSS 1 1 0 1 0 0 125.52178097958848 238.89035814736786 143.1 -249.71722018666503 102.29746494347111 127.077194 136.5081 95.40925800133093 -31.861931306545387 -3.7423227 14.6430855 1.5086362 95.40924484938843 -31.86188759922676 95.29940722769356 -31.872915489181576 38.73036973628478 109.21890687096058 5400.0 5400.0 2016.0 1 93 {-999.0 18.837442 17.315405 16.546543 -999.0} sdss_psfmag_gaia 18.200846 17.15056 16.15072 14.232 63050395078203504 1095020687 bright_1x1 mwm_bin_vis_boss mwm_filler science 0 0 0.0 0.0 -999 ""
FIBERMAP 1050 R+12C14 METROLOGY 0 0 0 1 0 0 126.13236819213714 238.43434973517427 143.1 -249.32118172780594 102.94854643013086 127.077194 136.5081 -999.0 -999.0 -999.0 -999.0 -999.0 95.41052291655387 -31.8599217112358 95.30077805251858 -31.87093607683927 38.72877552356044 109.21678813648495 -999.0 6231.0 -999.0 -1 -999 {-999.0 -999.0 -999.0 -999.0 -999.0} "" -999.0 -999.0 -999.0 -999.0 -999 -999 "" "" "" "" 0 0 0.0 0.0 -999 ""
FIBERMAP 1052 R-8C18 APOGEE 0 0 0 1 0 0 161.24599734757876 -147.67700692343394 143.1 131.71691570107373 174.52466877451275 204.98299 58.555626 -999.0 -999.0 -999.0 -999.0 -999.0 96.76635545941755 -31.641168281930458 96.65702799692207 -31.656001775043286 37.55772025757608 109.30205846974374 -999.0 16600.0 -999.0 2 -999 {-999.0 -999.0 -999.0 -999.0 -999.0} "" -999.0 -999.0 -999.0 -999.0 -999 -999 "" "" "" "" 0 0 0.0 0.0 -999 ""
FIBERMAP 1052 R-8C18 BOSS 1 1 0 1 0 0 161.31498641539588 -146.92452385450076 143.1 130.96128597999746 174.52197666189554 204.98299 58.555626 96.76402103415361 -31.641087160700657 -0.14530934 1.8154112 0.92907166 96.7640205246979 -31.64108174198237 96.65437775127809 -31.655976821531997 37.55990151656419 109.30133149892333 5400.0 5400.0 2016.0 1 275 {-999.0 14.60092 14.256826 14.158862 -999.0} sdss_psfmag_from_g3xp 14.551733 14.269064 13.829533 13.13 63050395078208931 979047400 "" ops_std_boss ops_std standard_boss 0 0 0.0 0.0 -999 ""
FIBERMAP 1052 R-8C18 METROLOGY 0 0 0 1 0 0 161.92595876681574 -147.36531687684067 143.1 131.34214120159055 175.17199843494376 204.98299 58.555626 -999.0 -999.0 -999.0 -999.0 -999.0 96.7652826182014 -31.639108225103058 96.65573602501485 -31.65398812633593 37.55829374073908 109.29925606630138 -999.0 6231.0 -999.0 -1 -999 {-999.0 -999.0 -999.0 -999.0 -999.0} "" -999.0 -999.0 -999.0 -999.0 -999 -999 "" "" "" "" 0 0 0.0 0.0 -999 ""
FIBERMAP 1055 R+1C11 APOGEE 1 1 0 1 0 0 -38.06597182099687 17.46483311533628 143.1 -13.775604956849683 -39.55060830002233 30.941145 75.571915 96.25053131694095 -32.29221242872033 -5.411414 4.0662985 0.8772987 96.25051220944819 -32.29220029145445 96.13899878869823 -32.305397286065705 38.13958105311979 109.96765649271346 16000.0 16600.0 2016.0 2 21 {-999.0 11.514821 10.744149 10.442293 -999.0} sdss_psfmag_from_g3xp 11.296772 10.773508 10.093033 8.74 63050395078130384 1104378888 bright_1x1 mwm_tess_rgb_apogee mwm_tessrgb science 0 0 0.0 0.0 -999 ""
FIBERMAP 1055 R+1C11 BOSS 0 0 0 1 0 0 -37.83586486709399 16.736196947238643 143.1 -13.072082458557551 -39.25243204247479 30.941145 75.571915 -999.0 -999.0 -999.0 -999.0 -999.0 96.25334152690532 -32.29124950589221 96.14151644463675 -32.304518265062214 38.137306745893156 109.9672005749702 -999.0 5400.0 -999.0 1 31 {-999.0 -999.0 -999.0 -999.0 -999.0} "" -999.0 -999.0 -999.0 -999.0 -999 -999 "" "" "" "" 0 0 0.0 0.0 -999 ""
FIBERMAP 1055 R+1C11 METROLOGY 0 0 0 1 0 0 -38.56726904476764 16.918707385528208 143.1 -13.184398529605485 -39.99784503264474 30.941145 75.571915 -999.0 -999.0 -999.0 -999.0 -999.0 96.25285513347383 -32.29353598933489 96.1411105926307 -32.306784700711454 38.138168796561516 109.96990101734153 -999.0 6231.0 -999.0 -1 -999 {-999.0 -999.0 -999.0 -999.0 -999.0} "" -999.0 -999.0 -999.0 -999.0 -999 -999 "" "" "" "" 0 0 0.0 0.0 -999 ""
FIBERMAP 1059 R+3C13 APOGEE 0 0 0 1 0 0 16.54832025126524 69.33784315969542 143.1 -70.59439302545647 9.89722729036481 58.80795 124.03036 -999.0 -999.0 -999.0 -999.0 -999.0 96.04622290373172 -32.14235833127923 95.9353596920688 -32.15502627047545 38.27197106516661 109.73039949725566 -999.0 16600.0 -999.0 2 125 {-999.0 -999.0 -999.0 -999.0 -999.0} "" -999.0 -999.0 -999.0 -999.0 -999 -999 "" "" "" "" 0 0 0.0 0.0 -999 ""
FIBERMAP 1059 R+3C13 BOSS 1 1 0 1 0 0 17.291763022508622 69.37844323384684 143.1 -70.70532216813419 10.633463464472065 58.80795 124.03036 96.04610348968428 -32.14007195939163 -5.6248064 6.563531 0.49976832 96.04608366191715 -32.140052368277736 95.93491776683636 -32.15278402902971 38.27181058359182 109.72751116023487 5400.0 5400.0 2016.0 1 111 {-999.0 16.458246 16.075527 15.956217 -999.0} sdss_psfmag_gaia 16.40494 16.097778 15.634854 14.902 63050395078196435 944778720 bright_1x1 openfibertargets_nov2020_6c open_fiber science 0 0 0.0 0.0 -999 ""
FIBERMAP 1059 R+3C13 METROLOGY 0 0 0 1 0 0 16.949703675151433 68.71254171323696 143.1 -70.00998363532108 10.356106034424648 58.80795 124.03036 -999.0 -999.0 -999.0 -999.0 -999.0 96.04848259554554 -32.1409098530057 95.93740049544112 -32.153630007362366 38.26996469874448 109.72918491611455 -999.0 6231.0 -999.0 -1 -999 {-999.0 -999.0 -999.0 -999.0 -999.0} "" -999.0 -999.0 -999.0 -999.0 -999 -999 "" "" "" "" 0 0 0.0 0.0 -999 ""
FIBERMAP 1061 R+9C10 APOGEE 1 1 0 1 0 0 -1.607263693756717 186.08838483311672 143.1 -185.09595114896877 -19.24968790641455 167.81999 83.97467 95.63636288374163 -32.2304218125327 -9.716906 -3.0373895 1.9226111 95.63632859706664 -32.23043087866031 95.5253214667791 -32.241925519169826 38.629641514376445 109.73557759728997 16000.0 16600.0 2016.0 2 136 {-999.0 11.346817 10.663811 10.425796 -999.0} sdss_psfmag_from_g3xp 11.165242 10.705758 10.084017 8.892 63050395078194983 1106309850 bright_1x1 mwm_tess_rgb_apogee mwm_tessrgb science 0 0 0.0 0.0 -999 ""
FIBERMAP 1061 R+9C10 BOSS 0 0 0 1 0 0 -1.3839144571224828 186.79764228180693 143.1 -185.82319076272307 -19.094616859318563 167.81999 83.97467 -999.0 -999.0 -999.0 -999.0 -999.0 95.63397143768113 -32.22989718070636 95.52265852792573 -32.24144696524693 38.631723313035145 109.73431818025682 -999.0 5400.0 -999.0 1 131 {-999.0 -999.0 -999.0 -999.0 -999.0} "" -999.0 -999.0 -999.0 -999.0 -999 -999 "" "" "" "" 0 0 0.0 0.0 -999 ""
FIBERMAP 1061 R+9C10 METROLOGY 0 0 0 1 0 0 -0.878485661837459 186.26483859062182 143.1 -185.34072985255898 -18.5409354107967 167.81999 83.97467 -999.0 -999.0 -999.0 -999.0 -999.0 95.63558226845691 -32.22824371893493 95.52436213557098 -32.239781038413774 38.62993777378497 109.73266715868823 -999.0 6231.0 -999.0 -1 -999 {-999.0 -999.0 -999.0 -999.0 -999.0} "" -999.0 -999.0 -999.0 -999.0 -999 -999 "" "" "" "" 0 0 0.0 0.0 -999 ""
FIBERMAP 1062 R-12C6 APOGEE 0 0 0 1 0 0 -41.94192988759352 -215.22442680266798 143.1 218.23092765080645 -21.339499562040675 115.402794 78.0522 -999.0 -999.0 -999.0 -999.0 -999.0 97.08144656403839 -32.231990503058235 96.96979362306985 -32.24753577837182 37.443370239479215 110.10646342676205 -999.0 16600.0 -999.0 2 -999 {-999.0 -999.0 -999.0 -999.0 -999.0} "" -999.0 -999.0 -999.0 -999.0 -999 -999 "" "" "" "" 0 0 0.0 0.0 -999 ""
FIBERMAP 1062 R-12C6 BOSS 1 1 0 1 0 0 -41.26176963011856 -215.09893858657134 143.1 218.0414956191183 -20.674311521781 115.402794 78.0522 97.08109571258903 -32.22993379492676 7.443702 5.166248 1.4572285 97.08112197798361 -32.229918374482935 96.96915658806229 -32.24553022396966 37.443413566292044 110.10384838855974 5400.0 5400.0 2016.0 1 365 {-999.0 17.104803 16.176355 15.816135 -999.0} sdss_psfmag_gaia 16.822634 16.208672 15.471864 13.926 63050395078133893 1094325169 bright_1x1 mwm_bin_vis_boss mwm_filler science 0 0 0.0 0.0 -999 ""
FIBERMAP 1062 R-12C6 METROLOGY 0 0 0 1 0 0 -41.428966213121335 -215.76882232567317 143.1 218.72421341722952 -20.777217811153243 115.402794 78.0522 -999.0 -999.0 -999.0 -999.0 -999.0 97.08350466034139 -32.230229070436245 96.97162746210313 -32.24582856245734 37.441455830896665 110.10484302924331 -999.0 6231.0 -999.0 -1 -999 {-999.0 -999.0 -999.0 -999.0 -999.0} "" -999.0 -999.0 -999.0 -999.0 -999 -999 "" "" "" "" 0 0 0.0 0.0 -999 ""
FIBERMAP 1065 R-10C5 APOGEE 0 0 0 1 0 0 -98.55371879784344 -198.78182490561935 143.1 207.2319302460045 -79.25525604487365 182.26515 140.27373 -999.0 -999.0 -999.0 -999.0 -999.0 97.04409643508816 -32.40772352231793 96.93180288650893 -32.42311276570685 37.5163373036068 110.31172771233005 -999.0 16600.0 -999.0 2 -999 {-999.0 -999.0 -999.0 -999.0 -999.0} "" -999.0 -999.0 -999.0 -999.0 -999 -999 "" "" "" "" 0 0 0.0 0.0 -999 ""
FIBERMAP 1065 R-10C5 BOSS 1 1 0 1 0 0 -99.1241485908767 -198.3458546928991 143.1 206.8520307776632 -79.86446084352607 182.26515 140.27373 97.04311413341554 -32.40951726368533 3.4424834 -4.0459805 1.6586939 97.04312630446738 -32.40952934030305 96.93050618158675 -32.424981338489474 37.517843187197116 110.31368980874998 5400.0 5400.0 2016.0 1 423 {-999.0 21.034676 19.297714 18.267542 -999.0} sdss_psfmag_gaia 20.215668 18.936247 17.83952 15.648 63050395078133513 1094529804 bright_1x1 mwm_bin_vis_boss mwm_filler science 0 0 0.0 0.0 -999 ""
FIBERMAP 1065 R-10C5 METROLOGY 0 0 0 1 0 0 -98.45848047193287 -198.039916637655 143.1 206.48433796316797 -79.23081441277088 182.26515 140.27373 -999.0 -999.0 -999.0 -999.0 -999.0 97.0417421178465 -32.40765591010824 96.92921994724298 -32.42308585567868 37.518449223900845 110.31104389392323 -999.0 6231.0 -999.0 -1 -999 {-999.0 -999.0 -999.0 -999.0 -999.0} "" -999.0 -999.0 -999.0 -999.0 -999 -999 "" "" "" "" 0 0 0.0 0.0 -999 ""
FIBERMAP 1066 R-11C10 APOGEE 1 1 0 1 0 0 55.24918147990183 -208.43670768768362 143.1 202.25569089031444 74.76911120007257 92.440605 13.269018 97.02091248973925 -31.941401312249724 -0.8692827 2.1038709 0.32186675 97.02090943210973 -31.94139503252448 96.91036267370679 -31.956855233335368 37.42221107958927 109.73590476570897 16000.0 16600.0 2016.0 2 175 {-999.0 12.229262 10.826179 10.097246 -999.0} sdss_psfmag_from_g3xp 11.660137 10.677446 9.702896 7.457 63050395078141839 1151850716 bright_1x1 mwm_galactic_core_dist_apogee_sparse mwm_galactic science 0 0 0.0 0.0 -999 ""
FIBERMAP 1066 R-11C10 BOSS 0 0 0 1 0 0 55.45581679617534 -209.14565274288506 143.1 202.94183734361758 75.04205415255504 92.440605 13.269018 -999.0 -999.0 -999.0 -999.0 -999.0 97.0237068670312 -31.940466664322713 96.91284234544014 -31.95600283431539 37.41996324217335 109.73550603701278 -999.0 5400.0 -999.0 1 417 {-999.0 -999.0 -999.0 -999.0 -999.0} "" -999.0 -999.0 -999.0 -999.0 -999 -999 "" "" "" "" 0 0 0.0 0.0 -999 ""
FIBERMAP 1066 R-11C10 METROLOGY 0 0 0 1 0 0 54.75082826883951 -208.99141797847895 143.1 202.85516390147325 74.32561939958396 92.440605 13.269018 -999.0 -999.0 -999.0 -999.0 -999.0 97.02337429263903 -31.942645328792345 96.91259248537074 -31.958160693671868 37.4206922666608 109.73807719836282 -999.0 6231.0 -999.0 -1 -999 {-999.0 -999.0 -999.0 -999.0 -999.0} "" -999.0 -999.0 -999.0 -999.0 -999 -999 "" "" "" "" 0 0 0.0 0.0 -999 ""
FIBERMAP 1067 R+3C14 APOGEE 1 0 1 1 0 0 34.40171855107534 66.00527168276852 143.1 -68.9701822665943 27.986116440734936 10.005702 170.04305 96.06857299804688 -32.02118197956477 -999.0 -999.0 -999.0 96.05200018047911 -32.08742924253521 95.94133903567695 -32.10012928623762 38.254192016614915 109.6639372479969 16000.0 16600.0 2015.5 2 122 {-999.0 -999.0 -999.0 -999.0 -999.0} "" -999.0 -999.0 -999.0 -999.0 27021603127957283 841284664 "" ops_sky_apogee_best ops_sky sky_apogee 0 0 0.0 0.0 -999 ""
FIBERMAP 1067 R+3C14 BOSS 0 0 1 1 0 0 35.13067294467236 65.91014942327979 143.1 -68.94462755798031 28.72080231380767 10.005702 170.04305 -999.0 -999.0 -999.0 -999.0 -999.0 96.05235254543757 -32.08511676437228 95.94138834203818 -32.097882150808175 38.253624284932364 109.66116797974647 -999.0 5400.0 -999.0 1 102 {-999.0 -999.0 -999.0 -999.0 -999.0} "" -999.0 -999.0 -999.0 -999.0 -999 -999 "" "" "" "" 0 0 0.0 0.0 -999 ""
FIBERMAP 1067 R+3C14 METROLOGY 0 0 1 1 0 0 34.690282956407216 65.30874488304961 143.1 -68.30416863364383 28.339440841464512 10.005702 170.04305 -999.0 -999.0 -999.0 -999.0 -999.0 96.0545530768501 -32.08628816307888 95.94367179168148 -32.099041330105536 38.252015808160365 109.66318078000734 -999.0 6231.0 -999.0 -1 -999 {-999.0 -999.0 -999.0 -999.0 -999.0} "" -999.0 -999.0 -999.0 -999.0 -999 -999 "" "" "" "" 0 0 0.0 0.0 -999 ""
FIBERMAP 1072 R-5C17 APOGEE 0 0 0 1 0 0 124.44537343647076 -105.03453504137823 143.1 92.75730952743096 133.84570642416332 211.62296 165.90027 -999.0 -999.0 -999.0 -999.0 -999.0 96.62901749881082 -31.764689063797938 96.51929582514282 -31.77910095714907 37.70133313660188 109.41678511389347 -999.0 16600.0 -999.0 2 -999 {-999.0 -999.0 -999.0 -999.0 -999.0} "" -999.0 -999.0 -999.0 -999.0 -999 -999 "" "" "" "" 0 0 0.0 0.0 -999 ""
FIBERMAP 1072 R-5C17 BOSS 1 1 0 1 0 0 123.74680000735943 -105.26420648710099 143.1 93.05220092174959 133.1720696574103 211.62296 165.90027 96.63042893419387 -31.766578417362094 5.0258427 -7.480859 1.517034 96.63044657869925 -31.76660074655337 96.52040173067887 -31.78108319956879 37.700901412457206 109.41950367698342 5400.0 5400.0 2016.0 1 296 {-999.0 17.945066 16.527103 15.852435 -999.0} sdss_psfmag_gaia 17.371176 16.422998 15.457428 13.547 63050395078206319 1075851468 bright_1x1 mwm_erosita_stars_boss mwm_erosita science 0 0 0.0 0.0 -999 ""
FIBERMAP 1072 R-5C17 METROLOGY 0 0 0 1 0 0 123.88927512566023 -104.53428221978722 143.1 92.31205833884167 133.24467148857602 211.62296 165.90027 -999.0 -999.0 -999.0 -999.0 -999.0 96.62772960021407 -31.76639564736761 96.51777574627192 -31.780851502204186 37.703010983052096 109.41853596232602 -999.0 6231.0 -999.0 -1 -999 {-999.0 -999.0 -999.0 -999.0 -999.0} "" -999.0 -999.0 -999.0 -999.0 -999 -999 "" "" "" "" 0 0 0.0 0.0 -999 ""
FIBERMAP 1073 R+13C13 APOGEE 0 0 0 1 0 0 105.41255706060724 255.4330418973305 143.1 -264.27795826043734 80.7100107591864 205.9229 74.344574 -999.0 -999.0 -999.0 -999.0 -999.0 95.35683978836211 -31.927057779768663 95.24708943553873 -31.937857845255458 38.7886870905645 109.28663441491341 -999.0 16600.0 -999.0 2 58 {-999.0 -999.0 -999.0 -999.0 -999.0} "" -999.0 -999.0 -999.0 -999.0 -999 -999 "" "" "" "" 0 0 0.0 0.0 -999 ""
FIBERMAP 1073 R+13C13 BOSS 1 1 0 1 0 0 105.24985075695645 256.17936791737844 143.1 -265.00548342023325 80.47725310342113 205.9229 74.344574 95.35459300902811 -31.927739886429332 -2.955196 14.638445 2.3257024 95.35458261592177 -31.927696192962355 95.24452649365436 -31.938551647575412 38.79096375949141 109.2868519922276 5400.0 5400.0 2016.0 1 96 {-999.0 21.985579 20.314127 19.376833 -999.0} sdss_psfmag_gaia 21.056002 20.026438 18.788164 15.421 63050395078201129 1094570485 bright_1x1 mwm_bin_vis_boss mwm_filler science 0 0 0.0 0.0 -999 ""
FIBERMAP 1073 R+13C13 METROLOGY 0 0 0 1 0 0 105.97313353804174 255.93044102101425 143.1 -264.8262804115908 81.22088067058858 205.9229 74.344574 -999.0 -999.0 -999.0 -999.0 -999.0 95.35509170269209 -31.925453058416647 95.24512937004152 -31.93629303370708 38.789941435133 109.284186015925 -999.0 6231.0 -999.0 -1 -999 {-999.0 -999.0 -999.0 -999.0 -999.0} "" -999.0 -999.0 -999.0 -999.0 -999 -999 "" "" "" "" 0 0 0.0 0.0 -999 ""
FIBERMAP 1075 R-7C7 APOGEE 1 1 0 1 0 0 -99.2246229184632 -138.9922739045468 143.1 147.77589800400338 -85.59391233570875 248.46085 41.546806 96.83157801580437 -32.42893153160354 -3.0669918 14.115792 0.9567633 96.83156716999248 -32.4288893981728 96.71928677117207 -32.4436760928534 37.69549143406193 110.2835270995231 16000.0 16600.0 2016.0 2 267 {-999.0 11.043732 10.257117 9.965081 -999.0} sdss_psfmag_from_g3xp 10.817908 10.292473 9.614533 8.198 63050395078133097 1105646449 bright_1x1 mwm_tess_rgb_apogee mwm_tessrgb science 0 0 0.0 0.0 -999 ""
FIBERMAP 1075 R-7C7 BOSS 0 0 0 1 0 0 -99.47735709615148 -138.30013618939142 143.1 147.11085530126837 -85.9111519585584 248.46085 41.546806 -999.0 -999.0 -999.0 -999.0 -999.0 96.8295766537695 -32.42983616273923 96.71697425379534 -32.44468210107574 37.69762479231032 110.284182944978 -999.0 5400.0 -999.0 1 362 {-999.0 -999.0 -999.0 -999.0 -999.0} "" -999.0 -999.0 -999.0 -999.0 -999 -999 "" "" "" "" 0 0 0.0 0.0 -999 ""
FIBERMAP 1075 R-7C7 METROLOGY 0 0 0 1 0 0 -98.75478539032406 -138.40951579535607 143.1 147.15120836992065 -85.18146771447621 248.46085 41.546806 -999.0 -999.0 -999.0 -999.0 -999.0 96.82963549866557 -32.42765331946565 96.71713164866082 -32.442481611449544 37.69697828904831 110.28151936316698 -999.0 6231.0 -999.0 -1 -999 {-999.0 -999.0 -999.0 -999.0 -999.0} "" -999.0 -999.0 -999.0 -999.0 -999 -999 "" "" "" "" 0 0 0.0 0.0 -999 ""
FIBERMAP 1076 R-13C6 APOGEE 0 0 0 1 0 0 -52.57283269123326 -244.28049099270933 143.1 248.1641297317491 -29.166572964895362 214.153 47.760494 -999.0 -999.0 -999.0 -999.0 -999.0 97.1882183971818 -32.254622284192294 97.07643488669657 -32.27046074481955 37.36130223650714 110.16166453574746 -999.0 16600.0 -999.0 2 263 {-999.0 -999.0 -999.0 -999.0 -999.0} "" -999.0 -999.0 -999.0 -999.0 -999 -999 "" "" "" "" 0 0 0.0 0.0 -999 ""
FIBERMAP 1076 R-13C6 BOSS 1 1 0 1 0 0 -52.46777974990717 -243.52416582715418 143.1 247.40125475445396 -29.133728400403022 214.153 47.760494 97.18585120165511 -32.2544865616017 -0.08368961 0.40048757 0.4265329 97.18585090627317 -32.25448536620899 97.07374729104961 -32.27038438443477 37.363490225672194 110.1608861108892 5400.0 5400.0 2016.0 1 357 {-999.0 19.905182 19.301447 19.091028 -999.0} sdss_psfmag_gaia 19.736874 19.34258 18.731369 -999.0 63050395078133816 1116443923 bright_1x1 openfibertargets_bhm_quaia_boss open_fiber science 0 0 0.0 0.0 -999 ""
FIBERMAP 1076 R-13C6 METROLOGY 0 0 0 1 0 0 -51.87159192675728 -243.99390698968693 143.1 247.81232969472282 -28.49567881313573 214.153 47.760494 -999.0 -999.0 -999.0 -999.0 -999.0 97.18724615928734 -32.252563040780444 97.0752401198244 -32.268447511346196 37.36180055680904 110.15890081195192 -999.0 6231.0 -999.0 -1 -999 {-999.0 -999.0 -999.0 -999.0 -999.0} "" -999.0 -999.0 -999.0 -999.0 -999 -999 "" "" "" "" 0 0 0.0 0.0 -999 ""
FIBERMAP 1077 R-13C11 APOGEE 1 1 0 1 0 0 82.25128189276029 -265.99990695179355 143.1 256.9980208079432 107.10894651905602 293.97992 108.85265 97.2133573339327 -31.842262209751613 -0.98885864 5.843613 1.5446647 97.2133538594482 -31.842244767481066 97.10309022305432 -31.858274504503754 37.23951007807378 109.66581892988073 16000.0 16600.0 2016.0 2 159 {-999.0 10.936601 10.974449 11.0609045 -999.0} sdss_psfmag_from_g3xp 11.019134 10.924595 10.740545 10.426 63050395078142559 974896814 "" ops_std_apogee ops_std standard_apogee 0 0 0.0 0.0 -999 ""
FIBERMAP 1077 R-13C11 BOSS 0 0 0 1 0 0 81.71776674190114 -266.4970102280676 143.1 257.5434817972174 106.62498772119598 293.97992 108.85265 -999.0 -999.0 -999.0 -999.0 -999.0 97.2156083240509 -31.843629161830997 97.10501665449488 -31.859733783266343 37.23828115450659 109.66809954660897 -999.0 5400.0 -999.0 1 351 {-999.0 -999.0 -999.0 -999.0 -999.0} "" -999.0 -999.0 -999.0 -999.0 -999 -999 "" "" "" "" 0 0 0.0 0.0 -999 ""
FIBERMAP 1077 R-13C11 METROLOGY 0 0 0 1 0 0 81.53683275909665 -265.77938555912937 143.1 256.84625724899024 106.37680686406175 293.97992 108.85265 -999.0 -999.0 -999.0 -999.0 -999.0 97.21312807238142 -31.844394069012125 97.10262575151467 -31.8604719444642 37.24043079205725 109.66837369629212 -999.0 6231.0 -999.0 -1 -999 {-999.0 -999.0 -999.0 -999.0 -999.0} "" -999.0 -999.0 -999.0 -999.0 -999 -999 "" "" "" "" 0 0 0.0 0.0 -999 ""
FIBERMAP 1079 R+9C17 APOGEE 0 0 0 1 0 0 160.4727471048295 174.88181060530673 143.1 -189.31255147136017 143.16159871471362 95.29662 174.15846 -999.0 -999.0 -999.0 -999.0 -999.0 95.62388453070407 -31.738661347627453 95.51470998661352 -31.750263440289007 38.52371105229938 109.12133343089886 -999.0 16600.0 -999.0 2 -999 {-999.0 -999.0 -999.0 -999.0 -999.0} "" -999.0 -999.0 -999.0 -999.0 -999 -999 "" "" "" "" 0 0 0.0 0.0 -999 ""
FIBERMAP 1079 R+9C17 BOSS 1 1 0 1 0 0 160.4446194173594 175.59381369074225 143.1 -190.01867282848136 143.06606757748443 95.29662 174.15846 95.62165757596011 -31.73887387968456 -0.08710217 2.1218674 0.23090428 95.62165727025729 -31.738867546242478 95.51217590843947 -31.75052690847435 38.525867134021475 109.12100939134865 5400.0 5400.0 2016.0 1 251 {-999.0 17.550856 17.167162 17.047459 -999.0} sdss_psfmag_gaia 17.51012 17.189535 16.738987 15.912 63050395078203678 976856477 "" ops_std_boss ops_std standard_boss 0 0 0.0 0.0 -999 ""
FIBERMAP 1079 R+9C17 METROLOGY 0 0 0 1 0 0 161.1188507109068 175.25870362329727 143.1 -189.7490233526929 143.7690391739707 95.29662 174.15846 -999.0 -999.0 -999.0 -999.0 -999.0 95.62250624529959 -31.73673937610041 95.51311928817734 -31.748383726177995 38.524580880765086 109.1185900684751 -999.0 6231.0 -999.0 -1 -999 {-999.0 -999.0 -999.0 -999.0 -999.0} "" -999.0 -999.0 -999.0 -999.0 -999 -999 "" "" "" "" 0 0 0.0 0.0 -999 ""
FIBERMAP 1082 R-2C22 APOGEE 0 0 0 1 0 0 207.41779784098725 -56.641810401553656 143.1 36.71345073650295 211.85375749378343 326.15012 70.91947 -999.0 -999.0 -999.0 -999.0 -999.0 96.42770290230268 -31.529792072266137 96.31893496697506 -31.543707883284064 37.80950538589096 109.07553756274021 -999.0 16600.0 -999.0 2 -999 {-999.0 -999.0 -999.0 -999.0 -999.0} "" -999.0 -999.0 -999.0 -999.0 -999 -999 "" "" "" "" 0 0 0.0 0.0 -999 ""
FIBERMAP 1082 R-2C22 BOSS 1 1 0 1 0 0 206.8496388629634 -57.10128954407951 143.1 37.224743242410966 211.33174276236014 326.15012 70.91947 96.42990280786992 -31.531148751077303 -14.502244 -31.809359 3.5875452 96.42985202278358 -31.531243697023317 96.32076514227232 -31.545232471709514 37.808364972466414 109.07789075872641 5400.0 5400.0 2016.0 1 311 {-999.0 15.561672 14.385505 13.947765 -999.0} sdss_psfmag_from_g3xp 15.124996 14.408574 13.589948 11.974 63050395078208221 1095716256 bright_1x1 mwm_bin_vis_boss mwm_filler science 0 0 0.0 0.0 -999 ""
FIBERMAP 1082 R-2C22 METROLOGY 0 0 0 1 0 0 206.72328953112319 -56.36403994897482 143.1 36.5028052354321 211.13603882493388 326.15012 70.91947 -999.0 -999.0 -999.0 -999.0 -999.0 96.42720785008991 -31.5318296032782 96.31820775052518 -31.545791665136825 37.81061497857272 109.07790388306469 -999.0 6231.0 -999.0 -1 -999 {-999.0 -999.0 -999.0 -999.0 -999.0} "" -999.0 -999.0 -999.0 -999.0 -999 -999 "" "" "" "" 0 0 0.0 0.0 -999 ""
FIBERMAP 1084 R-6C17 APOGEE 0 0 0 1 0 0 140.1877353620649 -98.73396247049084 143.1 84.99208234496433 148.91942619752567 113.1152 66.44094 -999.0 -999.0 -999.0 -999.0 -999.0 96.60094194045254 -31.71920068029161 96.49140042276474 -31.733547098383745 37.713296294464904 109.35365337112196 -999.0 16600.0 -999.0 2 209 {-999.0 -999.0 -999.0 -999.0 -999.0} "" -999.0 -999.0 -999.0 -999.0 -999 -999 "" "" "" "" 0 0 0.0 0.0 -999 ""
FIBERMAP 1084 R-6C17 BOSS 1 1 0 1 0 0 140.91952838772198 -98.69564465731757 143.1 84.88453008931327 149.64428167488387 113.1152 66.44094 96.60087057248822 -31.716903422593234 6.1075807 6.021616 1.417327 96.60089200320482 -31.716885449010345 96.49104386163332 -31.731299607230746 37.71304496059031 109.3508042466114 5400.0 5400.0 2016.0 1 295 {-999.0 18.868898 17.524574 16.908636 -999.0} sdss_psfmag_gaia 18.359133 17.454659 16.536818 14.763 63050395078206440 1095594933 bright_1x1 mwm_bin_vis_boss mwm_filler science 0 0 0.0 0.0 -999 ""
FIBERMAP 1084 R-6C17 METROLOGY 0 0 0 1 0 0 140.58540141172304 -99.36997782969516 143.1 85.58750986277872 149.3756205156932 113.1152 66.44094 -999.0 -999.0 -999.0 -999.0 -999.0 96.60332678236419 -31.717689401748046 96.49356353600984 -31.732091106597878 37.71115813735386 109.35243246022213 -999.0 6231.0 -999.0 -1 -999 {-999.0 -999.0 -999.0 -999.0 -999.0} "" -999.0 -999.0 -999.0 -999.0 -999 -999 "" "" "" "" 0 0 0.0 0.0 -999 ""
FIBERMAP 1088 R+6C21 APOGEE 0 0 0 1 0 0 206.1659214409417 122.38221833561197 143.1 -141.38373934022775 193.62787633844977 202.88359 67.60554 -999.0 -999.0 -999.0 -999.0 -999.0 95.79484355677083 -31.5862375903349 95.68615319105999 -31.59836280040372 38.34584804767717 108.97731148672526 -999.0 16600.0 -999.0 2 88 {-999.0 -999.0 -999.0 -999.0 -999.0} "" -999.0 -999.0 -999.0 -999.0 -999 -999 "" "" "" "" 0 0 0.0 0.0 -999 ""
FIBERMAP 1088 R+6C21 BOSS 1 1 0 1 0 0 206.16153079896856 123.11615846611534 143.1 -142.11395007613677 193.55389446519052 202.88359 67.60554 95.79254150390624 -31.58637609902091 -999.0 -999.0 -999.0 95.79254150390624 -31.58637609902091 95.68354331497086 -31.598559611200695 38.34805346810745 108.97687631843114 5400.0 5400.0 2015.5 1 262 {-999.0 -999.0 -999.0 -999.0 -999.0} "" -999.0 -999.0 -999.0 -999.0 27021603127958068 819173449 "" ops_sky_boss_good ops_sky sky_boss 0 0 0.0 0.0 -999 ""
FIBERMAP 1088 R+6C21 METROLOGY 0 0 0 1 0 0 206.80665286041298 122.76298970846828 143.1 -141.82356254107896 194.22960101562236 202.88359 67.60554 -999.0 -999.0 -999.0 -999.0 -999.0 95.7934683258785 -31.584325112096835 95.68456460997373 -31.59649346559708 38.346714031005014 108.9745841360373 -999.0 6231.0 -999.0 -1 -999 {-999.0 -999.0 -999.0 -999.0 -999.0} "" -999.0 -999.0 -999.0 -999.0 -999 -999 "" "" "" "" 0 0 0.0 0.0 -999 ""
FIBERMAP 1089 R+7C13 APOGEE 0 0 0 1 0 0 48.23108434269583 154.90028579089977 143.1 -158.77558527542794 33.321749299383676 168.36707 46.8698 -999.0 -999.0 -999.0 -999.0 -999.0 95.73079230534823 -32.071222005035 95.62033589489533 -32.083027070281055 38.51462206318607 109.56165902266366 -999.0 16600.0 -999.0 2 91 {-999.0 -999.0 -999.0 -999.0 -999.0} "" -999.0 -999.0 -999.0 -999.0 -999 -999 "" "" "" "" 0 0 0.0 0.0 -999 ""
FIBERMAP 1089 R+7C13 BOSS 1 1 0 1 0 0 48.803491592895575 155.3550126107916 143.1 -159.28254984065882 33.84844386380964 168.36707 46.8698 95.72923549491657 -32.06957148541614 -4.356171 8.694741 0.60598004 95.72922015101332 -32.06954553297364 95.61846224702028 -32.08140928551331 38.515789475881476 109.55917595349942 5400.0 5400.0 2016.0 1 156 {-999.0 nan nan nan nan} undefined 16.375738 16.113462 15.267584 -999.0 63050395078197384 1058660595 bright_flexible_2x1 bhm_spiders_agn_lsdr10 bhm_spiders science 0 0 0.0 0.0 -999 ""
FIBERMAP 1089 R+7C13 METROLOGY 0 0 0 1 0 0 48.91399352909249 154.61412547961964 143.1 -158.55548766022173 34.028716944353995 168.36707 46.8698 -999.0 -999.0 -999.0 -999.0 -999.0 95.73170795545697 -32.06901571370911 95.62103812052197 -32.08086884703398 38.51354106240743 109.55915350778224 -999.0 6231.0 -999.0 -1 -999 {-999.0 -999.0 -999.0 -999.0 -999.0} "" -999.0 -999.0 -999.0 -999.0 -999 -999 "" "" "" "" 0 0 0.0 0.0 -999 ""
FIBERMAP 1090 R+2C22 APOGEE 0 0 0 1 0 0 186.2422192229398 34.602516694926706 143.1 -52.11059286674395 182.11963394909645 215.61497 94.41487 -999.0 -999.0 -999.0 -999.0 -999.0 96.11199100440295 -31.620341384958255 96.00303183796854 -31.63334539462121 38.09230737428886 109.10305078197797 -999.0 16600.0 -999.0 2 -999 {-999.0 -999.0 -999.0 -999.0 -999.0} "" -999.0 -999.0 -999.0 -999.0 -999 -999 "" "" "" "" 0 0 0.0 0.0 -999 ""
FIBERMAP 1090 R+2C22 BOSS 1 1 0 1 0 0 185.730866757701 35.15195398868301 143.1 -52.609050461905696 181.55847794436912 215.61497 94.41487 96.11051855547291 -31.621924971332163 -2.8660643 3.3569837 0.5311546 96.11050850909879 -31.621914951261036 96.00123321614677 -31.634980139031658 38.09418758932449 109.10459782831389 5400.0 5400.0 2016.0 1 232 {-999.0 15.364469 14.503454 14.180489 -999.0} sdss_psfmag_from_g3xp 15.100859 14.537589 13.820413 12.339 63050395078207779 1075888111 bright_1x1 mwm_erosita_stars_boss mwm_erosita science 0 0 0.0 0.0 -999 ""
FIBERMAP 1090 R+2C22 METROLOGY 0 0 0 1 0 0 186.4878556036466 35.309029954016275 143.1 -52.8372145173261 182.29715181197759 215.61497 94.41487 -999.0 -999.0 -999.0 -999.0 -999.0 96.10959964358452 -31.619682008423286 96.00042096199752 -31.632726655454054 38.094315714922665 109.1016070703588 -999.0 6231.0 -999.0 -1 -999 {-999.0 -999.0 -999.0 -999.0 -999.0} "" -999.0 -999.0 -999.0 -999.0 -999 -999 "" "" "" "" 0 0 0.0 0.0 -999 ""
FIBERMAP 1097 R-1C6 APOGEE 0 0 0 1 0 0 -156.67497476995106 -32.5082817517155 143.1 47.221485782294664 -152.884483377979 341.281 81.86158 -999.0 -999.0 -999.0 -999.0 -999.0 96.47142172300845 -32.635029162481196 96.35852284659927 -32.64874618363042 38.03896477438402 110.44654554832363 -999.0 16600.0 -999.0 2 -999 {-999.0 -999.0 -999.0 -999.0 -999.0} "" -999.0 -999.0 -999.0 -999.0 -999 -999 "" "" "" "" 0 0 0.0 0.0 -999 ""
FIBERMAP 1097 R-1C6 BOSS 1 1 0 1 0 0 -157.13385698987577 -33.25441882861066 143.1 48.0077778376929 -153.27052635338788 341.281 81.86158 96.47444619477382 -32.6360639533741 42.590538 -39.59785 5.363794 96.4745971557974 -32.63618214666985 96.36137814947024 -32.649970755012504 38.03690705460462 110.44876113337881 5400.0 5400.0 2016.0 1 461 {-999.0 17.028418 15.292638 14.264285 -999.0} sdss_psfmag_gaia 15.972603 14.93265 13.598506 11.408 63050395078127492 1075851422 bright_1x1 mwm_erosita_stars_boss mwm_erosita science 0 0 0.0 0.0 -999 ""
FIBERMAP 1097 R-1C6 METROLOGY 0 0 0 1 0 0 -157.42080885993212 -32.5651124390087 143.1 47.34879908036274 -153.62156067302453 341.281 81.86158 -999.0 -999.0 -999.0 -999.0 -999.0 96.47214724247098 -32.63729127375273 96.35901293460228 -32.65105478791298 38.03909449718158 110.44951866753792 -999.0 6231.0 -999.0 -1 -999 {-999.0 -999.0 -999.0 -999.0 -999.0} "" -999.0 -999.0 -999.0 -999.0 -999 -999 "" "" "" "" 0 0 0.0 0.0 -999 ""
FIBERMAP 1102 R+4C17 APOGEE 1 1 0 1 0 0 100.54583782713138 91.26873626085873 143.1 -100.39309303649169 91.43553471566219 164.8526 76.946144 95.9396605485312 -31.89503846569252 1.260997 2.7351768 0.25996137 95.93966498174811 -31.89503030161785 95.82976906482041 -31.907471437806844 38.300780793866544 109.39704103963825 16000.0 16600.0 2016.0 2 66 {-999.0 12.539895 11.175589 10.558461 -999.0} sdss_psfmag_from_g3xp 11.994127 11.096932 10.173434 8.038 63050395078198174 1155661010 bright_1x1 mwm_galactic_core_dist_apogee_extra mwm_galactic science 0 0 0.0 0.0 -999 ""
FIBERMAP 1102 R+4C17 BOSS 0 0 0 1 0 0 100.88475465432236 91.93434519774667 143.1 -101.08784225182754 91.70979156099047 164.8526 76.946144 -999.0 -999.0 -999.0 -999.0 -999.0 95.93743909359007 -31.89409255626634 95.82723734193627 -31.906591778908364 38.30266113848457 109.3953045621877 -999.0 5400.0 -999.0 1 218 {-999.0 -999.0 -999.0 -999.0 -999.0} "" -999.0 -999.0 -999.0 -999.0 -999 -999 "" "" "" "" 0 0 0.0 0.0 -999 ""
FIBERMAP 1102 R+4C17 METROLOGY 0 0 0 1 0 0 101.28889858082829 91.3050922828973 143.1 -100.49976105173624 92.17179312663337 164.8526 76.946144 -999.0 -999.0 -999.0 -999.0 -999.0 95.93944043710374 -31.892698494108046 95.82933084211044 -31.905185585920467 38.300601902810726 109.39409877168015 -999.0 6231.0 -999.0 -1 -999 {-999.0 -999.0 -999.0 -999.0 -999.0} "" -999.0 -999.0 -999.0 -999.0 -999 -999 "" "" "" "" 0 0 0.0 0.0 -999 ""
FIBERMAP 1110 R-12C9 APOGEE 0 0 0 1 0 0 7.14739737694646 -246.20242523096215 143.1 244.413182675894 30.466370770630146 274.94455 50.514393 -999.0 -999.0 -999.0 -999.0 -999.0 97.17247977721419 -32.07429614816769 97.06137419109689 -32.09014308966179 37.33026746397009 109.93765678266328 -999.0 16600.0 -999.0 2 -999 {-999.0 -999.0 -999.0 -999.0 -999.0} "" -999.0 -999.0 -999.0 -999.0 -999 -999 "" "" "" "" 0 0 0.0 0.0 -999 ""
FIBERMAP 1110 R-12C9 BOSS 1 1 0 1 0 0 6.524413615174383 -245.7992418709017 143.1 244.0709065792255 29.807958919980525 274.94455 50.514393 97.17164716406025 -32.07623997264863 -1.4949181 4.1752877 0.3272471 97.1716418980699 -32.076227510068264 97.06020827095797 -32.09213937870428 37.33170864900221 109.93979250706053 5400.0 5400.0 2016.0 1 367 {-999.0 17.944794 17.548643 17.423908 -999.0} sdss_psfmag_gaia 17.88644 17.572546 17.101902 -999.0 63050395078136761 976855779 "" ops_std_boss ops_std standard_boss 0 0 0.0 0.0 -999 ""
FIBERMAP 1110 R-12C9 METROLOGY 0 0 0 1 0 0 7.196883114226127 -245.4560678242179 143.1 243.66550077277657 30.44484435691758 274.94455 50.514393 -999.0 -999.0 -999.0 -999.0 -999.0 97.17013369269392 -32.07432696067549 97.05879871175318 -32.09021592322004 37.33240230738355 109.93708213318064 -999.0 6231.0 -999.0 -1 -999 {-999.0 -999.0 -999.0 -999.0 -999.0} "" -999.0 -999.0 -999.0 -999.0 -999 -999 "" "" "" "" 0 0 0.0 0.0 -999 ""
FIBERMAP 1117 R-12C14 APOGEE 1 1 0 1 0 0 123.58532539303923 -244.90827481305078 143.1 232.08123957411277 146.25596047580927 250.75179 91.62795 97.12326049804686 -31.72468870836795 -999.0 -999.0 -999.0 97.12326049804686 -31.724688708367953 97.01346899556683 -31.740499869963465 37.28444467676952 109.49887534081103 16000.0 16600.0 2015.5 2 233 {-999.0 -999.0 -999.0 -999.0 -999.0} "" -999.0 -999.0 -999.0 -999.0 27021603127948276 841282536 "" ops_sky_apogee_best ops_sky sky_apogee 0 0 0.0 0.0 -999 ""
FIBERMAP 1117 R-12C14 BOSS 0 0 0 1 0 0 122.8761639930205 -244.72874850177038 143.1 231.96978452854566 145.53297289230068 250.75179 91.62795 -999.0 -999.0 -999.0 -999.0 -999.0 97.12321358115938 -31.72680761100073 97.01309388475727 -31.742687121469302 37.285291623081946 109.50144145750482 -999.0 5400.0 -999.0 1 342 {-999.0 -999.0 -999.0 -999.0 -999.0} "" -999.0 -999.0 -999.0 -999.0 -999 -999 "" "" "" "" 0 0 0.0 0.0 -999 ""
FIBERMAP 1117 R-12C14 METROLOGY 0 0 0 1 0 0 123.40248020340889 -244.18853633123837 143.1 231.3820920243444 146.00567655290234 250.75179 91.62795 -999.0 -999.0 -999.0 -999.0 -999.0 97.1210741330596 -31.72538501076565 97.01105141273172 -31.741239345210364 37.28661934098724 109.49914089270806 -999.0 6231.0 -999.0 -1 -999 {-999.0 -999.0 -999.0 -999.0 -999.0} "" -999.0 -999.0 -999.0 -999.0 -999 -999 "" "" "" "" 0 0 0.0 0.0 -999 ""
FIBERMAP 1119 R-13C14 APOGEE 0 0 0 1 0 0 158.47256201181347 -262.0523268414326 143.1 245.83900073050248 182.61175749109302 344.87704 93.32183 -999.0 -999.0 -999.0 -999.0 -999.0 97.16979290164632 -31.614908802177688 97.06038459011586 -31.630882952264248 37.2187127195783 109.37779346765848 -999.0 16600.0 -999.0 2 -999 {-999.0 -999.0 -999.0 -999.0 -999.0} "" -999.0 -999.0 -999.0 -999.0 -999 -999 "" "" "" "" 0 0 0.0 0.0 -999 ""
FIBERMAP 1119 R-13C14 BOSS 1 1 0 1 0 0 158.31723547419256 -262.79023821808545 143.1 246.58831327102075 182.52711979394584 344.87704 93.32183 97.17269897460938 -31.615117228977155 -999.0 -999.0 -999.0 97.17269897460938 -31.615117228977148 97.0629680438073 -31.631169233415623 37.21665241945531 109.37882552649118 5400.0 5400.0 2015.5 1 343 {-999.0 -999.0 -999.0 -999.0 -999.0} "" -999.0 -999.0 -999.0 -999.0 27021603127948311 819171029 "" ops_sky_boss_good ops_sky sky_boss 0 0 0.0 0.0 -999 ""
FIBERMAP 1119 R-13C14 METROLOGY 0 0 0 1 0 0 157.76321385823917 -262.28965238539456 143.1 246.14253360898863 181.92812059447715 344.87704 93.32183 -999.0 -999.0 -999.0 -999.0 -999.0 97.17113651458791 -31.61690615810733 97.06149052333853 -31.632933470868256 37.2183079515929 109.38058097397362 -999.0 6231.0 -999.0 -1 -999 {-999.0 -999.0 -999.0 -999.0 -999.0} "" -999.0 -999.0 -999.0 -999.0 -999 -999 "" "" "" "" 0 0 0.0 0.0 -999 ""
FIBERMAP 1120 R-8C16 APOGEE 0 0 0 1 0 0 131.06242109318265 -147.25612877949115 143.1 134.16071917457967 144.43742087657915 66.909035 153.26717 -999.0 -999.0 -999.0 -999.0 -999.0 96.77610910769174 -31.732005176704398 96.6664429772402 -31.746839432272793 37.57213422798874 109.41565502079996 -999.0 16600.0 -999.0 2 -999 {-999.0 -999.0 -999.0 -999.0 -999.0} "" -999.0 -999.0 -999.0 -999.0 -999 -999 "" "" "" "" 0 0 0.0 0.0 -999 ""
FIBERMAP 1120 R-8C16 BOSS 1 1 0 1 0 0 131.635921025046 -146.74092522998913 143.1 133.59344723188815 144.9594672338573 66.909035 153.26717 96.77443496041455 -31.73032921444451 0.21407114 1.3060944 0.27907607 96.77443571167163 -31.730325315957153 96.66445939799826 -31.74522314656088 37.57337643335803 109.41315864332199 5400.0 5400.0 2016.0 1 293 {-999.0 17.89794 17.507494 17.385063 -999.0} sdss_psfmag_gaia 17.81839 17.530703 17.039988 16.105 63050395078144053 976855860 "" ops_std_boss ops_std standard_boss 0 0 0.0 0.0 -999 ""
FIBERMAP 1120 R-8C16 METROLOGY 0 0 0 1 0 0 131.77372411009011 -147.48752937355795 143.1 134.32361122246226 145.16746046144647 66.909035 153.26717 -999.0 -999.0 -999.0 -999.0 -999.0 96.77695653991967 -31.729684591081302 96.66707122715479 -31.744570484149964 37.57106321370539 109.4130428532448 -999.0 6231.0 -999.0 -1 -999 {-999.0 -999.0 -999.0 -999.0 -999.0} "" -999.0 -999.0 -999.0 -999.0 -999 -999 "" "" "" "" 0 0 0.0 0.0 -999 ""
FIBERMAP 1122 R-6C16 APOGEE 0 0 0 1 0 0 90.60148038401871 -113.62275350096736 143.1 104.51670832340444 100.96913806477801 241.85567 29.01322 -999.0 -999.0 -999.0 -999.0 -999.0 96.67186474285006 -31.864057214908982 96.5617571180507 -31.878560296519844 37.69037929919342 109.54977615111207 -999.0 16600.0 -999.0 2 -999 {-999.0 -999.0 -999.0 -999.0 -999.0} "" -999.0 -999.0 -999.0 -999.0 -999 -999 "" "" "" "" 0 0 0.0 0.0 -999 ""
FIBERMAP 1122 R-6C16 BOSS 1 1 0 1 0 0 90.6012121985863 -112.868899331358 143.1 103.76628244196073 100.89737127897081 241.85567 29.01322 96.66963347538481 -31.86428503121677 -20.899467 37.591805 3.1927328 96.6695600249018 -31.864172825543754 96.55913753713492 -31.878736274605902 37.69258052702932 109.54931358989802 5400.0 5400.0 2016.0 1 291 {-999.0 19.2382 17.364658 16.065657 -999.0} sdss_psfmag_gaia 18.239298 16.772451 15.585512 13.331 63050395078141441 1075851432 bright_1x1 mwm_erosita_stars_boss mwm_erosita science 0 0 0.0 0.0 -999 ""
FIBERMAP 1122 R-6C16 METROLOGY 0 0 0 1 0 0 91.24304582171088 -113.23818620392437 143.1 104.07302722991291 101.57133296845518 241.85567 29.01322 -999.0 -999.0 -999.0 -999.0 -999.0 96.67056027139363 -31.862133753699734 96.56023349369735 -31.876681642531054 37.69118150447653 109.54707766827164 -999.0 6231.0 -999.0 -1 -999 {-999.0 -999.0 -999.0 -999.0 -999.0} "" -999.0 -999.0 -999.0 -999.0 -999 -999 "" "" "" "" 0 0 0.0 0.0 -999 ""
FIBERMAP 1123 R-1C3 APOGEE 1 1 0 1 0 0 -241.86930379055386 -28.355606941222366 143.1 51.167869917722555 -238.088113635757 217.05545 132.8239 96.48677303360702 -32.891944665670174 0.22589074 1.7800424 0.2926575 96.48677383657416 -32.89193935252222 96.37289619212646 -32.90562532879752 38.085905392819875 110.76768153285957 16000.0 16600.0 2016.0 2 248 {-999.0 13.290016 12.32828 11.97138 -999.0} sdss_psfmag_from_g3xp 12.979116 12.359301 11.610351 9.973 63050395078122236 1151850633 bright_1x1 mwm_galactic_core_dist_apogee_sparse mwm_galactic science 0 0 0.0 0.0 -999 ""
FIBERMAP 1123 R-1C3 BOSS 0 0 0 1 0 0 -242.64124416534995 -28.24350714761753 143.1 51.129491345145375 -238.8672016996796 217.05545 132.8239 -999.0 -999.0 -999.0 -999.0 -999.0 96.4869680137497 -32.894242492679 96.37276458803763 -32.90799030997988 38.086549581505224 110.77057606174048 -999.0 5400.0 -999.0 1 511 {-999.0 -999.0 -999.0 -999.0 -999.0} "" -999.0 -999.0 -999.0 -999.0 -999 -999 "" "" "" "" 0 0 0.0 0.0 -999 ""
FIBERMAP 1123 R-1C3 METROLOGY 0 0 0 1 0 0 -242.154299581058 -27.65928894230929 143.1 50.5017256753656 -238.43786572631512 217.05545 132.8239 -999.0 -999.0 -999.0 -999.0 -999.0 96.48462071412742 -32.89302300291991 96.37051273823272 -32.90674703072659 38.08810873621875 110.76849265031214 -999.0 6231.0 -999.0 -1 -999 {-999.0 -999.0 -999.0 -999.0 -999.0} "" -999.0 -999.0 -999.0 -999.0 -999 -999 "" "" "" "" 0 0 0.0 0.0 -999 ""
FIBERMAP 1124 R-4C19 APOGEE 1 1 0 1 0 0 170.0320051168077 -89.57916520538008 143.1 73.0480092351325 177.76068776405907 351.30234 78.55747 96.55787299681154 -31.63232444493227 -58.608665 39.798565 14.074742 96.5576675339719 -31.63220565228149 96.44847011540708 -31.646456242862527 37.727553511408374 109.23562726721966 16000.0 16600.0 2016.0 2 215 {-999.0 13.874456 12.470544 11.586164 -999.0} sdss_psfmag_from_g3xp 13.305293 12.23752 11.186419 9.224 63050395078206835 984799951 bright_1x1 mwm_snc_100pc_apogee mwm_snc science 0 0 0.0 0.0 -999 ""
FIBERMAP 1124 R-4C19 BOSS 0 0 0 1 0 0 169.790050369047 -90.27606666963197 143.1 73.7647132909567 177.5859232782441 351.30234 78.55747 -999.0 -999.0 -999.0 -999.0 -999.0 96.5605679498205 -31.632601885038845 96.45104796301428 -31.64692774630027 37.725539894389264 109.23688126968543 -999.0 5400.0 -999.0 1 307 {-999.0 -999.0 -999.0 -999.0 -999.0} "" -999.0 -999.0 -999.0 -999.0 -999 -999 "" "" "" "" 0 0 0.0 0.0 -999 ""
FIBERMAP 1124 R-4C19 METROLOGY 0 0 0 1 0 0 169.30105561802088 -89.72159814594441 143.1 73.25912664393387 177.0465468759439 351.30234 78.55747 -999.0 -999.0 -999.0 -999.0 -999.0 96.55870465834833 -31.63423192491025 96.44926883651823 -31.648532974296103 37.72739981144385 109.23838327378633 -999.0 6231.0 -999.0 -1 -999 {-999.0 -999.0 -999.0 -999.0 -999.0} "" -999.0 -999.0 -999.0 -999.0 -999 -999 "" "" "" "" 0 0 0.0 0.0 -999 ""
FIBERMAP 1128 R+2C19 APOGEE 0 0 0 1 0 0 120.10822858150604 40.5822657329014 143.1 -51.79082640144703 115.71701476410803 182.2156 106.76357 -999.0 -999.0 -999.0 -999.0 -999.0 96.11325279070283 -31.82119390402871 96.00355211283005 -31.834142925136085 38.14000863216541 109.35096584574066 -999.0 16600.0 -999.0 2 72 {-999.0 -999.0 -999.0 -999.0 -999.0} "" -999.0 -999.0 -999.0 -999.0 -999 -999 "" "" "" "" 0 0 0.0 0.0 -999 ""
FIBERMAP 1128 R+2C19 BOSS 1 1 0 1 0 0 119.8537605444619 41.278439347528874 143.1 -52.45972233678028 115.3976663208106 182.2156 106.76357 96.11114501953125 -31.82204199853996 -999.0 -999.0 -999.0 96.11114501953125 -31.822041998539955 96.00113063318945 -31.835049835303792 38.14222278311232 109.35146214039527 5400.0 5400.0 2015.5 1 229 {-999.0 -999.0 -999.0 -999.0 -999.0} "" -999.0 -999.0 -999.0 -999.0 27021603127958468 819173569 "" ops_sky_boss_good ops_sky sky_boss 0 0 0.0 0.0 -999 ""
FIBERMAP 1128 R+2C19 METROLOGY 0 0 0 1 0 0 120.5823967288162 41.15022673714867 143.1 -52.40119646433713 116.1351738978324 182.2156 106.76357 -999.0 -999.0 -999.0 -999.0 -999.0 96.11125783157006 -31.81981394984703 96.00133988306669 -31.83280434671502 38.14151479111724 109.34874325452532 -999.0 6231.0 -999.0 -1 -999 {-999.0 -999.0 -999.0 -999.0 -999.0} "" -999.0 -999.0 -999.0 -999.0 -999 -999 "" "" "" "" 0 0 0.0 0.0 -999 ""
FIBERMAP 1133 R0C15 APOGEE 1 1 0 1 0 0 19.6844380017204 21.518870613926254 143.1 -23.288719636439968 17.554611739040286 168.0196 26.82251 96.21529406602566 -32.12007671521403 151.19531 413.49957 13.375552 96.21582691433497 -32.118842482602126 96.10498011897067 -32.13199264860431 38.12695375583608 109.74476314599882 16000.0 16600.0 2016.0 2 110 {-999.0 9.6397 9.271214 9.124568 -999.0} sdss_psfmag_from_g3xp 9.576921 9.27445 8.795657 7.933 63050395078196238 984795303 bright_1x1 mwm_snc_100pc_apogee mwm_snc science 0 0 0.0 0.0 -999 ""
FIBERMAP 1133 R0C15 BOSS 0 0 0 1 0 0 20.41061126654297 21.69885111715832 143.1 -23.53676211533595 18.260436728727083 168.0196 26.82251 -999.0 -999.0 -999.0 -999.0 -999.0 96.21523058752693 -32.11662407918229 96.10407491102757 -32.12983721757581 38.12719181427712 109.74187079112275 -999.0 5400.0 -999.0 1 188 {-999.0 -999.0 -999.0 -999.0 -999.0} "" -999.0 -999.0 -999.0 -999.0 -999 -999 "" "" "" "" 0 0 0.0 0.0 -999 ""
FIBERMAP 1133 R0C15 METROLOGY 0 0 0 1 0 0 20.183980186725858 20.964303350729125 143.1 -22.78403507415427 18.10449732985931 168.0196 26.82251 -999.0 -999.0 -999.0 -999.0 -999.0 96.21784152473954 -32.11710880310527 96.10677156037252 -32.13031094660843 38.12508367932141 109.74313893800792 -999.0 6231.0 -999.0 -1 -999 {-999.0 -999.0 -999.0 -999.0 -999.0} "" -999.0 -999.0 -999.0 -999.0 -999 -999 "" "" "" "" 0 0 0.0 0.0 -999 ""
FIBERMAP 1134 R-4C17 APOGEE 0 0 0 1 0 0 106.90022743985206 -94.23420972662188 143.1 83.66981751885882 115.35539395785054 282.1701 82.77712 -999.0 -999.0 -999.0 -999.0 -999.0 96.59709175568466 -31.820804980619585 96.48717703329339 -31.835110898380506 37.74136513013787 109.47714586491105 -999.0 16600.0 -999.0 2 210 {-999.0 -999.0 -999.0 -999.0 -999.0} "" -999.0 -999.0 -999.0 -999.0 -999 -999 "" "" "" "" 0 0 0.0 0.0 -999 ""
FIBERMAP 1134 R-4C17 BOSS 1 1 0 1 0 0 106.1620839538415 -94.29796727712765 143.1 83.80329699214042 114.62662953490437 282.1701 82.77712 96.59768696623865 -31.822917262748348 -9.110452 9.45819 4.6064897 96.59794620060939 -31.82288903152787 96.48770911273428 -31.837263525494922 37.74144614455571 109.47992549087121 5400.0 5400.0 2016.0 1 297 {-999.0 14.1504345 12.980072 12.503517 -999.0} sdss_psfmag_from_g3xp 13.720931 12.979616 12.143013 10.478 63050395078141562 1035082583 bright_1x1 mwm_yso_pms_boss_zari18pms_single mwm_yso science 0 0 0.8908559679985046 0.0 -999 ""
FIBERMAP 1134 R-4C17 METROLOGY 0 0 0 1 0 0 106.47542548000509 -93.622913292143 143.1 83.10157106988522 114.87453070255629 282.1701 82.77712 -999.0 -999.0 -999.0 -999.0 -999.0 96.59535784375684 -31.822155381568884 96.4852125835281 -31.83650386448402 37.743320955583286 109.47834583131649 -999.0 6231.0 -999.0 -1 -999 {-999.0 -999.0 -999.0 -999.0 -999.0} "" -999.0 -999.0 -999.0 -999.0 -999 -999 "" "" "" "" 0 0 0.0 0.0 -999 ""
FIBERMAP 1138 R+7C7 APOGEE 0 0 0 1 0 0 -72.63859263247207 126.96134083764846 143.1 -119.4987883812394 -84.35244107684892 281.46387 137.53278 -999.0 -999.0 -999.0 -999.0 -999.0 95.87092567122234 -32.428318632442846 95.75907072112972 -32.440412949145305 38.48297409770191 110.04058204336178 -999.0 16600.0 -999.0 2 44 {-999.0 -999.0 -999.0 -999.0 -999.0} "" -999.0 -999.0 -999.0 -999.0 -999 -999 "" "" "" "" 0 0 0.0 0.0 -999 ""
FIBERMAP 1138 R+7C7 BOSS 1 1 0 1 0 0 -73.03608256865816 126.3400678408141 143.1 -118.84261956989441 -84.68921170807567 281.46387 137.53278 95.87353127264508 -32.42931922968551 -1.205096 0.05823688 1.3274597 95.87352701104034 -32.42931905585747 95.76135703347308 -32.44148203056213 38.4813406181069 110.04247578728796 5400.0 5400.0 2016.0 1 78 {-999.0 18.999311 17.544931 16.838959 -999.0} sdss_psfmag_gaia 18.272259 17.42139 16.311861 14.285 63050395078193039 1094434156 bright_1x1 mwm_bin_vis_boss mwm_filler science 0 0 0.0 0.0 -999 ""
FIBERMAP 1138 R+7C7 METROLOGY 0 0 0 1 0 0 -73.38217923291207 126.98209002257272 143.1 -119.44891792923006 -85.09463914307935 281.46387 137.53278 -999.0 -999.0 -999.0 -999.0 -999.0 95.87124850494892 -32.43057145299523 95.7591623892344 -32.4427101922388 38.48342469016783 110.04346141729522 -999.0 6231.0 -999.0 -1 -999 {-999.0 -999.0 -999.0 -999.0 -999.0} "" -999.0 -999.0 -999.0 -999.0 -999 -999 "" "" "" "" 0 0 0.0 0.0 -999 ""
FIBERMAP 1139 R-5C16 APOGEE 0 0 0 1 0 0 105.55357428618389 -105.92159057192205 143.1 95.43216647024703 115.12331709237543 269.044 142.81456 -999.0 -999.0 -999.0 -999.0 -999.0 96.63906384447641 -31.821327981087247 96.52912863338275 -31.83575150909372 37.70693445595233 109.4888154384142 -999.0 16600.0 -999.0 2 206 {-999.0 -999.0 -999.0 -999.0 -999.0} "" -999.0 -999.0 -999.0 -999.0 -999 -999 "" "" "" "" 0 0 0.0 0.0 -999 ""
FIBERMAP 1139 R-5C16 BOSS 1 1 0 1 0 0 105.11072152861752 -106.52366519871211 143.1 96.07352603944115 114.7395675223372 269.044 142.81456 96.64172719540223 -31.82236707421648 0.25742835 2.033649 0.062630504 96.64172809971564 -31.82236100409266 96.53147173820837 -31.836858612801876 37.70527043853642 109.49078134084606 5400.0 5400.0 2016.0 1 290 {-999.0 20.472881 20.44438 20.470425 -999.0} sdss_psfmag_gaia 20.450098 20.401304 20.07655 -999.0 63050395078141545 1116443984 bright_1x1 openfibertargets_bhm_quaia_boss open_fiber science 0 0 0.0 0.0 -999 ""
FIBERMAP 1139 R-5C16 METROLOGY 0 0 0 1 0 0 104.82865311167734 -105.78710524149724 143.1 95.36704383980329 114.3889128154777 269.044 142.81456 -999.0 -999.0 -999.0 -999.0 -999.0 96.63913991800518 -31.8234406178475 96.52897027354106 -31.837911678396793 37.70758701106083 109.49142385481511 -999.0 6231.0 -999.0 -1 -999 {-999.0 -999.0 -999.0 -999.0 -999.0} "" -999.0 -999.0 -999.0 -999.0 -999 -999 "" "" "" "" 0 0 0.0 0.0 -999 ""
FIBERMAP 1141 R+13C2 APOGEE 1 1 0 1 0 0 -126.15076026451347 268.6496167972702 143.1 -255.47209416899875 -151.06157884241293 124.93229 89.283646 95.3844133770188 -32.627662841977525 4.0110507 -2.7041483 1.8829304 95.38442759272857 -32.62767091343608 95.27204137841136 -32.638346525869984 38.92766412822146 110.16873237472718 16000.0 16600.0 2016.0 2 60 {-999.0 11.968103 11.20927 10.954787 -999.0} sdss_psfmag_from_g3xp 11.754115 11.259902 10.608924 9.351 63050395078162339 1109148210 bright_1x1 mwm_tess_rgb_apogee mwm_tessrgb science 0 0 0.0 0.0 -999 ""
FIBERMAP 1141 R+13C2 BOSS 0 0 0 1 0 0 -125.46241567105622 268.9253003536731 143.1 -255.8118198172565 -150.40248878887303 124.93229 89.283646 -999.0 -999.0 -999.0 -999.0 -999.0 95.38357476029823 -32.62559148846949 95.2708893511412 -32.636324425730045 38.92815855487917 110.16592035029373 -999.0 5400.0 -999.0 1 100 {-999.0 -999.0 -999.0 -999.0 -999.0} "" -999.0 -999.0 -999.0 -999.0 -999 -999 "" "" "" "" 0 0 0.0 0.0 -999 ""
FIBERMAP 1141 R+13C2 METROLOGY 0 0 0 1 0 0 -125.55914421146899 268.1798931736593 143.1 -255.06060307583996 -150.42808205204943 124.93229 89.283646 -999.0 -999.0 -999.0 -999.0 -999.0 95.38609687380875 -32.62573999836132 95.27349668070553 -32.636463193750586 38.926049229678576 110.16672405041788 -999.0 6231.0 -999.0 -1 -999 {-999.0 -999.0 -999.0 -999.0 -999.0} "" -999.0 -999.0 -999.0 -999.0 -999 -999 "" "" "" "" 0 0 0.0 0.0 -999 ""
FIBERMAP 1146 R-1C11 APOGEE 1 1 0 1 0 0 -40.11165000755883 -18.507255090064174 143.1 22.22813116477424 -38.175255271238555 23.988787 94.76918 96.37986721182062 -32.287674142421324 4.23588 10.207849 1.8451861 96.37988216779607 -32.28764367359044 96.26832886613458 -32.30120461525025 38.03231242335801 109.9949214018413 16000.0 16600.0 2016.0 2 247 {-999.0 11.6104765 11.3550005 11.29721 -999.0} sdss_psfmag_from_g3xp 11.586943 11.3574505 10.9678955 10.33 63050395078130202 1094078636 bright_1x1 mwm_bin_vis_apogee mwm_filler science 0 0 0.0 0.0 -999 ""
FIBERMAP 1146 R-1C11 BOSS 0 0 0 1 0 0 -39.74044256590315 -19.139509130776247 143.1 22.822323827113763 -37.745756873332034 23.988787 94.76918 -999.0 -999.0 -999.0 -999.0 -999.0 96.38234396652652 -32.286290983816635 96.27047923527181 -32.29992325676981 38.03024534278123 109.99387996605446 -999.0 5400.0 -999.0 1 508 {-999.0 -999.0 -999.0 -999.0 -999.0} "" -999.0 -999.0 -999.0 -999.0 -999 -999 "" "" "" "" 0 0 0.0 0.0 -999 ""
FIBERMAP 1146 R-1C11 METROLOGY 0 0 0 1 0 0 -40.472920335918936 -19.15786681377648 143.1 22.910070996451083 -38.473187136263334 23.988787 94.76918 -999.0 -999.0 -999.0 -999.0 -999.0 96.38258244395891 -32.288520779437484 96.27079846111417 -32.30213491586195 38.03050069119576 109.99668994645117 -999.0 6231.0 -999.0 -1 -999 {-999.0 -999.0 -999.0 -999.0 -999.0} "" -999.0 -999.0 -999.0 -999.0 -999 -999 "" "" "" "" 0 0 0.0 0.0 -999 ""
FIBERMAP 1147 R+8C8 APOGEE 0 0 0 1 0 0 -43.762778163228035 164.03042019397284 143.1 -159.13928640870517 -59.12281229969068 37.633377 153.08366 -999.0 -999.0 -999.0 -999.0 -999.0 95.72886415813272 -32.35154410921171 95.6173611030818 -32.363262826135724 38.58177535559221 109.90955332065147 -999.0 16600.0 -999.0 2 -999 {-999.0 -999.0 -999.0 -999.0 -999.0} "" -999.0 -999.0 -999.0 -999.0 -999 -999 "" "" "" "" 0 0 0.0 0.0 -999 ""
FIBERMAP 1147 R+8C8 BOSS 1 1 0 1 0 0 -43.02510733940855 164.18590314223758 143.1 -159.3640324069045 -58.40321816304342 37.633377 153.08366 95.72833136458412 -32.349340800335305 -9.464813 6.6690073 2.875424 95.72829792361077 -32.34932089438805 95.61649525976031 -32.361100159558525 38.58199195222836 109.90664600739774 5400.0 5400.0 2016.0 1 137 {-999.0 17.305948 15.929918 15.289388 -999.0} sdss_psfmag_gaia 16.76304 15.846066 14.901794 13.044 63050395078193456 1094304922 bright_1x1 mwm_bin_vis_boss mwm_filler science 0 0 0.0 0.0 -999 ""
FIBERMAP 1147 R+8C8 METROLOGY 0 0 0 1 0 0 -43.26827702734486 163.46920112497543 143.1 -158.62750194473725 -58.577314107963446 37.633377 153.08366 -999.0 -999.0 -999.0 -999.0 -999.0 95.73082465957842 -32.34988030965882 95.61910537559311 -32.36164904112642 38.5799715318896 109.90797553173132 -999.0 6231.0 -999.0 -1 -999 {-999.0 -999.0 -999.0 -999.0 -999.0} "" -999.0 -999.0 -999.0 -999.0 -999 -999 "" "" "" "" 0 0 0.0 0.0 -999 ""
FIBERMAP 1154 R+2C15 APOGEE 0 0 0 1 0 0 62.22159557054881 26.908153577042818 143.1 -32.688141316463145 59.388608957547525 28.128557 38.47809 -999.0 -999.0 -999.0 -999.0 -999.0 96.18183011808986 -31.991890544326107 96.07146620106226 -32.004982140077054 38.12458972039883 109.57934739720326 -999.0 16600.0 -999.0 2 120 {-999.0 -999.0 -999.0 -999.0 -999.0} "" -999.0 -999.0 -999.0 -999.0 -999 -999 "" "" "" "" 0 0 0.0 0.0 -999 ""
FIBERMAP 1154 R+2C15 BOSS 1 1 0 1 0 0 61.96221059095488 26.205132362732552 143.1 -31.96369195257886 59.197073350759744 28.128557 38.47809 96.18473109063554 -31.992381157720242 -4.7993765 5.526632 1.5944921 96.18471419985431 -31.992364661588226 96.07403530448323 -32.005528759893636 38.122602373419 109.58067779779813 5400.0 5400.0 2016.0 1 206 {-999.0 17.373903 16.570038 16.270573 -999.0} sdss_psfmag_gaia 17.016312 16.61153 15.798876 14.578 63050395078196677 1094755639 bright_1x1 mwm_bin_vis_boss mwm_filler science 0 0 0.0 0.0 -999 ""
FIBERMAP 1154 R+2C15 METROLOGY 0 0 0 1 0 0 61.49101391805147 26.782714905959857 143.1 -32.49397635467412 58.67322242224976 28.128557 38.47809 -999.0 -999.0 -999.0 -999.0 -999.0 96.18272710881921 -31.99397269300753 96.07213112972482 -32.00711243828837 38.12454592646912 109.58214808909395 -999.0 6231.0 -999.0 -1 -999 {-999.0 -999.0 -999.0 -999.0 -999.0} "" -999.0 -999.0 -999.0 -999.0 -999 -999 "" "" "" "" 0 0 0.0 0.0 -999 ""
FIBERMAP 1157 R+10C1 APOGEE 0 0 0 1 0 0 -184.53426270916782 202.49692469363558 143.1 -184.08058833976833 -202.90724467078505 91.28449 142.90535 -999.0 -999.0 -999.0 -999.0 -999.0 95.63956548028396 -32.78566802518493 95.52646552882447 -32.797012051559584 38.75435920843085 110.42857492699238 -999.0 16600.0 -999.0 2 46 {-999.0 -999.0 -999.0 -999.0 -999.0} "" -999.0 -999.0 -999.0 -999.0 -999 -999 "" "" "" "" 0 0 0.0 0.0 -999 ""
FIBERMAP 1157 R+10C1 BOSS 1 1 0 1 0 0 -184.10095512213016 203.09063737041168 143.1 -184.7127183860984 -202.53220409012462 91.28449 142.90535 95.63762522534145 -32.78443177728219 -2.8825612 -8.590625 3.4376607 95.63761499118469 -32.78445741895207 95.52421244362951 -32.795855756800414 38.75594813121776 110.42658854815397 5400.0 5400.0 2016.0 1 81 {-999.0 18.672234 17.021372 16.110386 -999.0} sdss_psfmag_gaia 17.920734 16.753878 15.684978 13.682 63050395078126077 1075851421 bright_1x1 mwm_erosita_stars_boss mwm_erosita science 0 0 0.0 0.0 -999 ""
FIBERMAP 1157 R+10C1 METROLOGY 0 0 0 1 0 0 -183.78796359338946 202.43821673337305 143.1 -184.0929286304062 -202.15874610750652 91.28449 142.90535 -999.0 -999.0 -999.0 -999.0 -999.0 95.63970516057607 -32.783403220380606 95.52639211659732 -32.79479084777631 38.75392469196635 110.4257805527555 -999.0 6231.0 -999.0 -1 -999 {-999.0 -999.0 -999.0 -999.0 -999.0} "" -999.0 -999.0 -999.0 -999.0 -999 -999 "" "" "" "" 0 0 0.0 0.0 -999 ""
FIBERMAP 1160 R-9C13 APOGEE 1 1 0 1 0 0 61.877923392699195 -184.50065154596282 143.1 177.7989731214188 79.09769986557414 253.78534 63.96718 96.93356543668425 -31.928792724908167 -5.5763493 -26.221275 3.7418866 96.9337680343527 -31.928870991308898 96.82330682634237 -31.944090231744354 37.490783376096886 109.69775365157554 16000.0 16600.0 2016.0 2 185 {-999.0 9.320743 8.658087 8.380884 -999.0} sdss_psfmag_from_g3xp 9.1488085 8.679917 8.03757 6.765 63050395078142107 1104678863 bright_1x1 mwm_tess_rgb_apogee mwm_tessrgb science 0 0 0.6789254546165466 0.0 -999 ""
FIBERMAP 1160 R-9C13 BOSS 0 0 0 1 0 0 61.39215985066193 -183.9067764055516 143.1 177.2538512705347 78.55780253944239 253.78534 63.96718 -999.0 -999.0 -999.0 -999.0 -999.0 96.93223098100209 -31.93042591155952 96.82144442789297 -31.94570789274801 37.49270834105909 109.69924954036594 -999.0 5400.0 -999.0 1 379 {-999.0 -999.0 -999.0 -999.0 -999.0} "" -999.0 -999.0 -999.0 -999.0 -999 -999 "" "" "" "" 0 0 0.0 0.0 -999 ""
FIBERMAP 1160 R-9C13 METROLOGY 0 0 0 1 0 0 62.150601011419916 -183.81111952162317 143.1 177.08669130873076 79.30374750071145 253.78534 63.96718 -999.0 -999.0 -999.0 -999.0 -999.0 96.93154571382775 -31.928178939842045 96.8208581845555 -31.94344051822208 37.492642029189376 109.69632508051495 -999.0 6231.0 -999.0 -1 -999 {-999.0 -999.0 -999.0 -999.0 -999.0} "" -999.0 -999.0 -999.0 -999.0 -999 -999 "" "" "" "" 0 0 0.0 0.0 -999 ""
FIBERMAP 1161 R-13C7 APOGEE 1 1 0 1 0 0 -15.051817729713129 -262.6530926801088 143.1 262.8950924520872 9.927636304846267 233.09521 133.62193 97.23890779861141 -32.135824395066514 -0.47359675 3.1538444 0.19799076 97.2389061292331 -32.13581498133479 97.12754331541122 -32.15183049068218 37.29079327940141 110.02994256790616 16000.0 16600.0 2016.0 2 264 {-999.0 13.843916 12.9688635 12.631091 -999.0} sdss_psfmag_from_g3xp 13.573378 12.99479 12.274123 10.74 63050395078136346 1155660917 bright_1x1 mwm_galactic_core_dist_apogee_extra mwm_galactic science 0 0 0.0 0.0 -999 ""
FIBERMAP 1161 R-13C7 BOSS 0 0 0 1 0 0 -15.813804074606562 -262.71180384524007 143.1 263.0258097112229 9.174658020384323 233.09521 133.62193 -999.0 -999.0 -999.0 -999.0 -999.0 97.23972730532547 -32.138018984215115 97.12803372190444 -32.15410400070631 37.29093925752113 110.03284175017876 -999.0 5400.0 -999.0 1 358 {-999.0 -999.0 -999.0 -999.0 -999.0} "" -999.0 -999.0 -999.0 -999.0 -999 -999 "" "" "" "" 0 0 0.0 0.0 -999 ""
FIBERMAP 1161 R-13C7 METROLOGY 0 0 0 1 0 0 -15.497450581899542 -262.04512010994455 143.1 262.33213058384473 9.426351440764845 233.09521 133.62193 -999.0 -999.0 -999.0 -999.0 -999.0 97.23722480559057 -32.137299266531514 97.12562627844596 -32.153358233546605 37.29273711390165 110.0313135384946 -999.0 6231.0 -999.0 -1 -999 {-999.0 -999.0 -999.0 -999.0 -999.0} "" -999.0 -999.0 -999.0 -999.0 -999 -999 "" "" "" "" 0 0 0.0 0.0 -999 ""
FIBERMAP 1164 R+8C9 APOGEE 0 0 0 1 0 0 -26.79769613884598 171.07773838866987 143.1 -167.76385816917616 -42.90271730789513 129.29312 90.392296 -999.0 -999.0 -999.0 -999.0 -999.0 95.69808225253131 -32.30229686022313 95.58677762564673 -32.313943607667646 38.595619957077325 109.8405579755221 -999.0 16600.0 -999.0 2 -999 {-999.0 -999.0 -999.0 -999.0 -999.0} "" -999.0 -999.0 -999.0 -999.0 -999 -999 "" "" "" "" 0 0 0.0 0.0 -999 ""
FIBERMAP 1164 R+8C9 BOSS 1 1 0 1 0 0 -26.242291920936452 171.56093621083434 143.1 -168.2975525561538 -42.395649376660415 129.29312 90.392296 95.69641113281249 -32.30070791713139 -999.0 -999.0 -999.0 95.69641113281249 -32.30070791713139 95.58480442970053 -32.31241198761208 38.596891609626255 109.8381609003381 5400.0 5400.0 2015.5 1 128 {-999.0 -999.0 -999.0 -999.0 -999.0} "" -999.0 -999.0 -999.0 -999.0 27021603127957030 819173195 "" ops_sky_boss_good ops_sky sky_boss 0 0 0.0 0.0 -999 ""
FIBERMAP 1164 R+8C9 METROLOGY 0 0 0 1 0 0 -26.093662707633953 170.82508221017446 143.1 -167.57911699448726 -42.177898493907 129.29312 90.392296 -999.0 -999.0 -999.0 -999.0 -999.0 95.6988699337356 -32.30007741678218 95.58735194097443 -32.311771119962046 38.594648933118584 109.83799506942051 -999.0 6231.0 -999.0 -1 -999 {-999.0 -999.0 -999.0 -999.0 -999.0} "" -999.0 -999.0 -999.0 -999.0 -999 -999 "" "" "" "" 0 0 0.0 0.0 -999 ""
FIBERMAP 1165 R+13C8 APOGEE 0 0 0 1 0 0 2.1648311266777043 241.98967880401813 143.1 -241.1026769703842 -20.79661630353824 233.11426 112.58423 -999.0 -999.0 -999.0 -999.0 -999.0 95.43677444291201 -32.234392057496585 95.32584229028123 -32.24532708769689 38.794640003029045 109.69022309968886 -999.0 16600.0 -999.0 2 99 {-999.0 -999.0 -999.0 -999.0 -999.0} "" -999.0 -999.0 -999.0 -999.0 -999 -999 "" "" "" "" 0 0 0.0 0.0 -999 ""
FIBERMAP 1165 R+13C8 BOSS 1 1 0 1 0 0 1.4496810584278585 242.1285010347949 143.1 -241.17304367188734 -21.521704916620195 233.11426 112.58423 95.43678723688132 -32.236533213123586 0.3078336 2.424946 0.1941309 95.43678832316326 -32.236525975039164 95.32554179997936 -32.247521325316946 38.795389279717824 109.69288921304351 5400.0 5400.0 2016.0 1 173 {-999.0 18.314552 17.937513 17.820496 -999.0} sdss_psfmag_gaia 18.267143 17.959047 17.50318 -999.0 63050395078199277 976856405 "" ops_std_boss ops_std standard_boss 0 0 0.0 0.0 -999 ""
FIBERMAP 1165 R+13C8 METROLOGY 0 0 0 1 0 0 1.9321574621625448 242.69159519890414 143.1 -241.77935686548608 -21.09481343067636 233.11426 112.58423 -999.0 -999.0 -999.0 -999.0 -999.0 95.43450601842402 -32.23524492602845 95.3233520870466 -32.24621699926368 38.79689384171689 109.69071661532854 -999.0 6231.0 -999.0 -1 -999 {-999.0 -999.0 -999.0 -999.0 -999.0} "" -999.0 -999.0 -999.0 -999.0 -999 -999 "" "" "" "" 0 0 0.0 0.0 -999 ""
FIBERMAP 1166 R0C7 APOGEE 1 1 0 1 0 0 -146.44379673973637 -19.84252719451758 143.1 33.6425206397245 -143.900780361139 22.30004 7.4350686 96.42241867871861 -32.60809873116619 -7.640722 8.436669 3.6518223 96.42239160488725 -32.60807354902593 96.30961711185269 -32.62166095958924 38.07280961992445 110.40103275326565 16000.0 16600.0 2016.0 2 277 {-999.0 11.497789 11.059231 10.914204 -999.0} sdss_psfmag_from_g3xp 11.418719 11.085836 10.584577 9.688 63050395078127594 1076209001 bright_1x1 mwm_snc_ext_main_apogee mwm_snc science 0 0 0.0 0.0 -999 ""
FIBERMAP 1166 R0C7 BOSS 0 0 0 1 0 0 -147.117704572526 -20.119377475930374 143.1 33.9820384820913 -144.5453881618458 22.30004 7.4350686 -999.0 -999.0 -999.0 -999.0 -999.0 96.4239581701848 -32.61001936586218 96.31085869488652 -32.62367345746916 38.07225516442896 110.40382629517342 -999.0 5400.0 -999.0 1 450 {-999.0 -999.0 -999.0 -999.0 -999.0} "" -999.0 -999.0 -999.0 -999.0 -999 -999 "" "" "" "" 0 0 0.0 0.0 -999 ""
FIBERMAP 1166 R0C7 METROLOGY 0 0 0 1 0 0 -147.0128293598791 -19.36888257830761 143.1 33.22498431205048 -144.51216754805256 22.30004 7.4350686 -999.0 -999.0 -999.0 -999.0 -999.0 96.42114579390187 -32.609964927934854 96.30813724455027 -32.62359332347981 38.07446727742561 110.40305712219711 -999.0 6231.0 -999.0 -1 -999 {-999.0 -999.0 -999.0 -999.0 -999.0} "" -999.0 -999.0 -999.0 -999.0 -999 -999 "" "" "" "" 0 0 0.0 0.0 -999 ""
FIBERMAP 1171 R+5C19 APOGEE 0 0 0 1 0 0 153.62207351808033 93.53011984630525 143.1 -107.67832051227658 144.05770503956956 206.95763 103.30365 -999.0 -999.0 -999.0 -999.0 -999.0 95.91401411996097 -31.73572605432413 95.80471888626477 -31.74814162138694 38.28364370097788 109.19340105868497 -999.0 16600.0 -999.0 2 -999 {-999.0 -999.0 -999.0 -999.0 -999.0} "" -999.0 -999.0 -999.0 -999.0 -999 -999 "" "" "" "" 0 0 0.0 0.0 -999 ""
FIBERMAP 1171 R+5C19 BOSS 1 1 0 1 0 0 153.1120970017207 94.10833422777213 143.1 -108.20555579992916 143.49518939033428 206.95763 103.30365 95.91239666553551 -31.73731424816953 0.10659552 0.1744762 0.28849104 95.91239703964798 -31.73731372738536 95.8027871208443 -31.74978890769222 38.28563161608935 109.19494058704967 5400.0 5400.0 2016.0 1 212 {-999.0 20.050928 19.51005 19.326073 -999.0} sdss_psfmag_gaia 19.878485 19.547663 18.93955 -999.0 63050395078202859 1116444410 bright_1x1 openfibertargets_bhm_quaia_boss open_fiber science 0 0 0.0 0.0 -999 ""
FIBERMAP 1171 R+5C19 METROLOGY 0 0 0 1 0 0 153.87403916886998 94.23440070478306 143.1 -108.4033201430894 144.2417353361457 206.95763 103.30365 -999.0 -999.0 -999.0 -999.0 -999.0 95.91159548368586 -31.735057538951335 95.80208188698691 -31.747512823902685 38.28567171677294 109.19194234762148 -999.0 6231.0 -999.0 -1 -999 {-999.0 -999.0 -999.0 -999.0 -999.0} "" -999.0 -999.0 -999.0 -999.0 -999 -999 "" "" "" "" 0 0 0.0 0.0 -999 ""
FIBERMAP 1173 R-8C17 APOGEE 0 0 0 1 0 0 175.2654035287428 -158.91492517665316 143.1 141.5744265686382 189.5466602003464 28.50102 70.334335 -999.0 -999.0 -999.0 -999.0 -999.0 96.80078008747988 -31.595715938978113 96.6916044380593 -31.61065939914353 37.51806462175863 109.25572180708411 -999.0 16600.0 -999.0 2 221 {-999.0 -999.0 -999.0 -999.0 -999.0} "" -999.0 -999.0 -999.0 -999.0 -999 -999 "" "" "" "" 0 0 0.0 0.0 -999 ""
FIBERMAP 1173 R-8C17 BOSS 1 1 0 1 0 0 175.3445264825301 -159.66695796499727 143.1 142.315560256336 189.6967530587297 28.50102 70.334335 96.8037432451025 -31.595161468222052 -0.44256878 1.0213224 0.24924703 96.80374169421827 -31.59515841973465 96.6942496226623 -31.6101788041914 37.51576289302906 109.25583177041115 5400.0 5400.0 2016.0 1 319 {-999.0 17.462643 17.073402 16.95146 -999.0} sdss_psfmag_gaia 17.402212 17.096464 16.625107 15.7 63050395078208983 976856567 "" ops_std_boss ops_std standard_boss 0 0 0.0 0.0 -999 ""
FIBERMAP 1173 R-8C17 METROLOGY 0 0 0 1 0 0 174.66246631083655 -159.34884538684892 143.1 142.0635740794772 188.98760006159955 28.50102 70.334335 -999.0 -999.0 -999.0 -999.0 -999.0 96.80281272062098 -31.597288291089804 96.69340302904686 -31.612286035796284 37.51697914711378 109.25818397389563 -999.0 6231.0 -999.0 -1 -999 {-999.0 -999.0 -999.0 -999.0 -999.0} "" -999.0 -999.0 -999.0 -999.0 -999 -999 "" "" "" "" 0 0 0.0 0.0 -999 ""
FIBERMAP 1175 R-8C4 APOGEE 0 0 0 1 0 0 -148.95034698134396 -141.64291374713088 143.1 155.13084310584355 -134.84377576334163 186.84702 56.22919 -999.0 -999.0 -999.0 -999.0 -999.0 96.85904760667852 -32.57771677410518 96.74619585737065 -32.592537385205134 37.70830796697252 110.47315506608598 -999.0 16600.0 -999.0 2 -999 {-999.0 -999.0 -999.0 -999.0 -999.0} "" -999.0 -999.0 -999.0 -999.0 -999 -999 "" "" "" "" 0 0 0.0 0.0 -999 ""
FIBERMAP 1175 R-8C4 BOSS 1 1 0 1 0 0 -148.62656985148703 -140.9912693949341 143.1 154.45143137479252 -134.58326579514943 186.84702 56.22919 96.85697367364251 -32.57692341298705 -0.119114 0.76716876 -0.9288865 96.85697325172539 -32.576921123108384 96.74380597431532 -32.59180075591647 37.71009397980504 110.47165557727747 5400.0 5400.0 2016.0 1 490 {-999.0 20.589346 20.256536 20.157337 -999.0} sdss_psfmag_gaia 20.485125 20.272106 19.768995 -999.0 63050395078132579 1116443917 bright_1x1 openfibertargets_bhm_quaia_boss open_fiber science 0 0 0.0 0.0 -999 ""
FIBERMAP 1175 R-8C4 METROLOGY 0 0 0 1 0 0 -148.20363597337678 -141.59908581794517 143.1 155.01639070034034 -134.10459225323663 186.84702 56.22919 -999.0 -999.0 -999.0 -999.0 -999.0 96.85892467150467 -32.57549211250654 96.74585240237712 -32.59035933405335 37.708080916305434 110.47039267531008 -999.0 6231.0 -999.0 -1 -999 {-999.0 -999.0 -999.0 -999.0 -999.0} "" -999.0 -999.0 -999.0 -999.0 -999 -999 "" "" "" "" 0 0 0.0 0.0 -999 ""
FIBERMAP 1180 R+3C19 APOGEE 0 0 0 1 0 0 154.19798330572954 41.7529711413445 143.1 -56.189513267000535 149.54185405601936 336.63644 71.59529 -999.0 -999.0 -999.0 -999.0 -999.0 96.09749560968922 -31.718825152381147 95.9881801068646 -31.731759816869697 38.12822553031197 109.22060346703873 -999.0 16600.0 -999.0 2 -999 {-999.0 -999.0 -999.0 -999.0 -999.0} "" -999.0 -999.0 -999.0 -999.0 -999 -999 "" "" "" "" 0 0 0.0 0.0 -999 ""
FIBERMAP 1180 R+3C19 BOSS 1 1 0 1 0 0 153.65961149044924 41.19999407642654 143.1 -55.587970066333746 149.05835990387564 336.63644 71.59529 96.09992824795293 -31.72016304533027 -1.1455021 2.769814 0.89375854 96.09992422839137 -31.720154777868956 95.99029177356746 -31.73316121851563 38.12681770844085 109.22288016038763 5400.0 5400.0 2016.0 1 225 {-999.0 13.865598 13.556554 13.476908 -999.0} sdss_psfmag_from_g3xp 13.82796 13.565636 13.150098 12.472 63050395078207497 946227853 bright_1x1 openfibertargets_nov2020_9 open_fiber science 0 0 0.0 0.0 -999 ""
FIBERMAP 1180 R+3C19 METROLOGY 0 0 0 1 0 0 153.46598433876363 41.90684033630225 143.1 -56.27326096635495 148.79856545958498 336.63644 71.59529 -999.0 -999.0 -999.0 -999.0 -999.0 96.09738550302251 -31.7209475803888 95.9878391580167 -31.73392813749051 38.129026626308715 109.2231913134861 -999.0 6231.0 -999.0 -1 -999 {-999.0 -999.0 -999.0 -999.0 -999.0} "" -999.0 -999.0 -999.0 -999.0 -999 -999 "" "" "" "" 0 0 0.0 0.0 -999 ""
FIBERMAP 1181 R-7C8 APOGEE 1 1 0 1 0 0 -58.25780260343785 -114.37951543036624 143.1 119.38871411768399 -47.14642756088363 164.50691 31.018497 96.72892882969781 -32.31307683852908 -9.942098 -4.4574914 3.1881108 96.72889371644474 -32.313090143438274 96.61709239311293 -32.327622446727744 37.75202590572034 110.11523244410503 16000.0 16600.0 2016.0 2 270 {-999.0 10.448297 10.216847 10.15361 -999.0} sdss_psfmag_from_g3xp 10.437686 10.20915 9.829343 9.235 63050395078138282 1094130209 bright_1x1 mwm_bin_vis_apogee mwm_filler science 0 0 0.0 0.0 -999 ""
FIBERMAP 1181 R-7C8 BOSS 0 0 0 1 0 0 -57.498919572433316 -114.34793088410011 143.1 119.28529536541781 -46.39396573954184 164.50691 31.018497 -999.0 -999.0 -999.0 -999.0 -999.0 96.72889469989703 -32.310766555660955 96.61678312522872 -32.32536473348748 37.751747064093536 110.112379654177 -999.0 5400.0 -999.0 1 372 {-999.0 -999.0 -999.0 -999.0 -999.0} "" -999.0 -999.0 -999.0 -999.0 -999 -999 "" "" "" "" 0 0 0.0 0.0 -999 ""
FIBERMAP 1181 R-7C8 METROLOGY 0 0 0 1 0 0 -57.851842654909916 -115.00620741837675 143.1 119.974073708962 -46.682861063477965 164.50691 31.018497 -999.0 -999.0 -999.0 -999.0 -999.0 96.73129604950665 -32.311649916467026 96.61927018060243 -32.32623609360469 37.74991044054359 110.11407782150371 -999.0 6231.0 -999.0 -1 -999 {-999.0 -999.0 -999.0 -999.0 -999.0} "" -999.0 -999.0 -999.0 -999.0 -999 -999 "" "" "" "" 0 0 0.0 0.0 -999 ""
FIBERMAP 1188 R+1C9 APOGEE 1 1 0 1 0 0 -106.56307641556889 14.405360422547977 143.1 -4.233288110102039 -107.44834335823906 136.70227 175.83775 96.28555297851562 -32.498133646452686 -999.0 -999.0 -999.0 96.28555297851562 -32.498133646452686 96.17325141452866 -32.51136926931146 38.15922481332119 110.23095978635641 16000.0 16600.0 2015.5 2 28 {-999.0 -999.0 -999.0 -999.0 -999.0} "" -999.0 -999.0 -999.0 -999.0 27021603127946138 841282041 "" ops_sky_apogee_best ops_sky sky_apogee 0 0 0.0 0.0 -999 ""
FIBERMAP 1188 R+1C9 BOSS 0 0 0 1 0 0 -107.06802258787067 14.934221099842805 143.1 -4.711869579605859 -108.00117038447688 136.70227 175.83775 -999.0 -999.0 -999.0 -999.0 -999.0 96.28414759789848 -32.4998087800104 96.17152602663072 -32.51310281188558 38.16104043245108 110.23267815447275 -999.0 5400.0 -999.0 1 46 {-999.0 -999.0 -999.0 -999.0 -999.0} "" -999.0 -999.0 -999.0 -999.0 -999 -999 "" "" "" "" 0 0 0.0 0.0 -999 ""
FIBERMAP 1188 R+1C9 METROLOGY 0 0 0 1 0 0 -106.36307006085995 15.117136898339776 143.1 -4.960821408725308 -107.31674874355417 136.70227 175.83775 -999.0 -999.0 -999.0 -999.0 -999.0 96.2831540837431 -32.49776488125397 96.17062970959353 -32.51103891734719 38.16129976870183 110.22990229432901 -999.0 6231.0 -999.0 -1 -999 {-999.0 -999.0 -999.0 -999.0 -999.0} "" -999.0 -999.0 -999.0 -999.0 -999 -999 "" "" "" "" 0 0 0.0 0.0 -999 ""
FIBERMAP 1191 R0C18 APOGEE 0 0 0 1 0 0 84.6831186292962 -20.077501484038688 143.1 11.955044934634309 86.2051284456275 313.1966 47.622105 -999.0 -999.0 -999.0 -999.0 -999.0 96.34136748260546 -31.91010513084395 96.23123582388047 -31.923667756245525 37.9736036418684 109.51995230799406 -999.0 16600.0 -999.0 2 -999 {-999.0 -999.0 -999.0 -999.0 -999.0} "" -999.0 -999.0 -999.0 -999.0 -999 -999 "" "" "" "" 0 0 0.0 0.0 -999 ""
FIBERMAP 1191 R0C18 BOSS 1 1 0 1 0 0 83.93206201722903 -20.07269106461062 143.1 12.021490703848938 85.45700580999232 313.1966 47.622105 96.34192717549509 -31.912261602235947 2.5138118 1.4832832 2.1958358 96.34193601481724 -31.912257174867587 96.23148315934976 -31.92588622815386 37.97392928654338 109.52274880255827 5400.0 5400.0 2016.0 1 252 {-999.0 21.948914 20.362465 19.526833 -999.0} sdss_psfmag_gaia 21.07504 20.15085 18.934963 15.625 63050395078205457 1095575368 bright_1x1 mwm_bin_vis_boss mwm_filler science 0 0 0.0 0.0 -999 ""
FIBERMAP 1191 R0C18 METROLOGY 0 0 0 1 0 0 84.30997928605741 -19.429222803744928 143.1 11.345083199481254 85.77218699879468 313.1966 47.622105 -999.0 -999.0 -999.0 -999.0 -999.0 96.33942446993325 -31.911319597733968 96.22906436711548 -31.92492331137769 37.97569305482396 109.52094105967404 -999.0 6231.0 -999.0 -1 -999 {-999.0 -999.0 -999.0 -999.0 -999.0} "" -999.0 -999.0 -999.0 -999.0 -999 -999 "" "" "" "" 0 0 0.0 0.0 -999 ""
FIBERMAP 1195 R-8C11 APOGEE 0 0 0 1 0 0 42.68130412149556 -148.17168425092396 143.1 143.45470897684947 56.54208737984216 86.1886 33.798904 -999.0 -999.0 -999.0 -999.0 -999.0 96.81215762890899 -31.99797831354668 96.70149232446175 -32.012835981841725 37.60764806049727 109.75044926757582 -999.0 16600.0 -999.0 2 -999 {-999.0 -999.0 -999.0 -999.0 -999.0} "" -999.0 -999.0 -999.0 -999.0 -999 -999 "" "" "" "" 0 0 0.0 0.0 -999 ""
FIBERMAP 1195 R-8C11 BOSS 1 1 0 1 0 0 43.05393027054371 -148.81741402429606 143.1 144.06218198494363 56.974276196202815 86.1886 33.798904 96.81465182027713 -31.996444499613087 14.356073 -39.42609 0.70794517 96.81470234692239 -31.996562180310764 96.70372340245734 -32.01149424208824 37.6054891093346 109.74937967920141 5400.0 5400.0 2016.0 1 396 {-999.0 15.938578 15.56193 15.445069 -999.0} sdss_psfmag_gaia 15.879592 15.583414 15.116049 14.234 63050395078139764 1072999403 bright_1x1 mwm_halo_local_high_boss_single mwm_halo science 0 0 0.0 0.0 -999 ""
FIBERMAP 1195 R-8C11 METROLOGY 0 0 0 1 0 0 42.3016141175842 -148.81614815039845 143.1 144.13227576183723 56.22523588999567 86.1886 33.798904 -999.0 -999.0 -999.0 -999.0 -999.0 96.81490560512907 -31.998844665800153 96.70400795620151 -32.013757680152004 37.60579927443291 109.75222612115164 -999.0 6231.0 -999.0 -1 -999 {-999.0 -999.0 -999.0 -999.0 -999.0} "" -999.0 -999.0 -999.0 -999.0 -999 -999 "" "" "" "" 0 0 0.0 0.0 -999 ""
FIBERMAP 1196 R-12C2 APOGEE 0 0 0 1 0 0 -133.15010221719885 -244.8811889642799 143.1 256.40452206821857 -109.32314798282664 268.84216 125.02086 -999.0 -999.0 -999.0 -999.0 -999.0 97.22025236599607 -32.496588499261875 97.10754977903122 -32.51244640270499 37.393431049248456 110.46529104710896 -999.0 16600.0 -999.0 2 153 {-999.0 -999.0 -999.0 -999.0 -999.0} "" -999.0 -999.0 -999.0 -999.0 -999 -999 "" "" "" "" 0 0 0.0 0.0 -999 ""
FIBERMAP 1196 R-12C2 BOSS 1 1 0 1 0 0 -133.7331039763362 -245.32805288044378 143.1 256.9046640657903 -109.86113499566713 268.84216 125.02086 97.22235276246417 -32.49815155700154 -0.787203 12.028765 2.0081937 97.22234997653534 -32.498115653021756 97.10931887633451 -32.5140453164386 37.39236030701709 110.46769093593929 5400.0 5400.0 2016.0 1 434 {-999.0 15.090639 14.238259 13.891664 -999.0} sdss_psfmag_from_g3xp 14.840485 14.2657995 13.534889 12.03 63050395078131820 1075888080 bright_1x1 mwm_erosita_stars_boss mwm_erosita science 0 0 0.0 0.0 -999 ""
FIBERMAP 1196 R-12C2 METROLOGY 0 0 0 1 0 0 -133.82007237510172 -244.5674520546865 143.1 256.1557451228397 -110.01985052649678 268.84216 125.02086 -999.0 -999.0 -999.0 -999.0 -999.0 97.21965990654856 -32.49866926447619 97.1067186105546 -32.5145724012106 37.39461541394332 110.46768202579571 -999.0 6231.0 -999.0 -1 -999 {-999.0 -999.0 -999.0 -999.0 -999.0} "" -999.0 -999.0 -999.0 -999.0 -999 -999 "" "" "" "" 0 0 0.0 0.0 -999 ""
FIBERMAP 1197 R-12C11 APOGEE 0 0 0 1 0 0 84.46937577659453 -236.241140776615 143.1 227.16320727430326 106.49453766336059 21.035677 80.96121 -999.0 -999.0 -999.0 -999.0 -999.0 97.10785524249914 -31.84483770644725 96.99762742259367 -31.860570343865852 37.32692456883922 109.6410768864763 -999.0 16600.0 -999.0 2 -999 {-999.0 -999.0 -999.0 -999.0 -999.0} "" -999.0 -999.0 -999.0 -999.0 -999 -999 "" "" "" "" 0 0 0.0 0.0 -999 ""
FIBERMAP 1197 R-12C11 BOSS 1 1 0 1 0 0 84.61120065819853 -236.98092935531565 143.1 227.88620501502768 106.70588810648329 21.035677 80.96121 97.11074066324 -31.84411269795067 0.8947731 2.5854852 0.18683606 97.1107438072061 -31.84410498068197 97.00019709518985 -31.85991451676545 37.324647997431754 109.64094762179217 5400.0 5400.0 2016.0 1 369 {-999.0 14.883192 14.124359 13.8233185 -999.0} sdss_psfmag_from_g3xp 14.672205 14.148592 13.470343 12.047 63050395078142052 932005315 bright_1x1 openfibertargets_nov2020_12 open_fiber science 0 0 0.0 0.0 -999 ""
FIBERMAP 1197 R-12C11 METROLOGY 0 0 0 1 0 0 83.91238327743906 -236.74039779727735 143.1 227.7130390111461 105.9874117658785 21.035677 80.96121 -999.0 -999.0 -999.0 -999.0 -999.0 97.11012074537419 -31.846281037454983 96.99965697373369 -31.86206874466018 37.325619060246936 109.64343364286432 -999.0 6231.0 -999.0 -1 -999 {-999.0 -999.0 -999.0 -999.0 -999.0} "" -999.0 -999.0 -999.0 -999.0 -999 -999 "" "" "" "" 0 0 0.0 0.0 -999 ""
FIBERMAP 1199 R+1C1 APOGEE 0 0 0 1 0 0 -275.67090075300507 35.12384655950288 143.1 -8.819105753835679 -277.75788414294243 97.371864 90.54427 -999.0 -999.0 -999.0 -999.0 -999.0 96.27093027194744 -33.01185804589356 96.15669070831598 -33.02490477160615 38.28952054192236 110.86350996141269 -999.0 16600.0 -999.0 2 10 {-999.0 -999.0 -999.0 -999.0 -999.0} "" -999.0 -999.0 -999.0 -999.0 -999 -999 "" "" "" "" 0 0 0.0 0.0 -999 ""
FIBERMAP 1199 R+1C1 BOSS 1 1 0 1 0 0 -274.9226473094307 35.27280034187755 143.1 -9.038355774164616 -277.02713589266784 97.371864 90.54427 96.27044677734375 -33.00959396443285 -999.0 -999.0 -999.0 96.27044677734375 -33.00959396443285 96.155900954078 -33.02270069803699 38.289672390004434 110.86058421339726 5400.0 5400.0 2015.5 1 12 {-999.0 -999.0 -999.0 -999.0 -999.0} "" -999.0 -999.0 -999.0 -999.0 27021603127944934 819170214 "" ops_sky_boss_good ops_sky sky_boss 0 0 0.0 0.0 -999 ""
FIBERMAP 1199 R+1C1 METROLOGY 0 0 0 1 0 0 -275.1874050222157 34.55784271191933 143.1 -8.301514294357464 -277.22288786300265 97.371864 90.54427 -999.0 -999.0 -999.0 -999.0 -999.0 96.27301546562843 -33.01024504897236 96.15855528112291 -33.02334159107244 38.28764686970353 110.86201497547003 -999.0 6231.0 -999.0 -1 -999 {-999.0 -999.0 -999.0 -999.0 -999.0} "" -999.0 -999.0 -999.0 -999.0 -999 -999 "" "" "" "" 0 0 0.0 0.0 -999 ""
FIBERMAP 1204 R+8C11 APOGEE 0 0 0 1 0 0 10.789013910748052 164.80634929198544 143.1 -165.0857147961563 -4.890857224449353 155.41422 102.02176 -999.0 -999.0 -999.0 -999.0 -999.0 95.70791698464835 -32.18706627165843 95.59703889525599 -32.19877380645518 38.560653814043754 109.69975215946147 -999.0 16600.0 -999.0 2 -999 {-999.0 -999.0 -999.0 -999.0 -999.0} "" -999.0 -999.0 -999.0 -999.0 -999 -999 "" "" "" "" 0 0 0.0 0.0 -999 ""
FIBERMAP 1204 R+8C11 BOSS 1 1 0 1 0 0 10.948621795926208 165.50992931787974 143.1 -165.80125702286642 -4.798701325197532 155.41422 102.02176 95.7055883427091 -32.18673083503317 1.0717087 3.4009633 0.33904305 95.70559212247953 -32.18672068369002 95.59440783211805 -32.19848385131449 38.562753019040656 109.69873344096999 5400.0 5400.0 2016.0 1 140 {-999.0 17.795036 17.483564 17.392954 -999.0} sdss_psfmag_gaia 17.77994 17.49602 17.087015 16.276 63050395078194768 976856341 "" ops_std_boss ops_std standard_boss 0 0 0.0 0.0 -999 ""
FIBERMAP 1204 R+8C11 METROLOGY 0 0 0 1 0 0 11.50311693346271 165.02895901716806 143.1 -165.37504926096983 -4.201091190052405 155.41422 102.02176 -999.0 -999.0 -999.0 -999.0 -999.0 95.70700925735974 -32.18492947765297 95.59591833435411 -32.19667955441129 38.561092431225894 109.69686616691382 -999.0 6231.0 -999.0 -1 -999 {-999.0 -999.0 -999.0 -999.0 -999.0} "" -999.0 -999.0 -999.0 -999.0 -999 -999 "" "" "" "" 0 0 0.0 0.0 -999 ""
FIBERMAP 1205 R-2C3 APOGEE 0 0 1 1 0 0 -223.31609903772616 -30.990091578188995 143.1 52.030771339678616 -219.36878743686927 10.025737 170.09142 -999.0 -999.0 -999.0 -999.0 -999.0 96.48964672510718 -32.83559916872084 96.3759814310165 -32.849309420372 38.07058188940256 110.69875991356705 -999.0 16600.0 -999.0 2 288 {-999.0 -999.0 -999.0 -999.0 -999.0} "" -999.0 -999.0 -999.0 -999.0 -999 -999 "" "" "" "" 0 0 0.0 0.0 -999 ""
FIBERMAP 1205 R-2C3 BOSS 1 0 1 1 0 0 -222.57070318914091 -31.040978128070762 143.1 52.0107306150221 -218.62192989047264 10.025737 170.09142 96.4942531240398 -32.79180797032289 0.53447247 3.257352 0.2940645 96.4898928193164 -32.83332669269557 96.3759193173442 -32.84710050893371 38.0701297712211 110.69601267318342 5400.0 5400.0 2016.0 1 473 {-999.0 17.240118 16.853514 16.732635 -999.0} sdss_psfmag_gaia 17.181227 16.87625 16.406958 15.372 63050395078122587 976855563 "" ops_std_boss ops_std standard_boss 0 0 0.0 0.0 -999 ""
FIBERMAP 1205 R-2C3 METROLOGY 0 0 1 1 0 0 -223.01082086528197 -31.673833695229924 143.1 52.68247277063376 -219.0000372858726 10.025737 170.09142 -999.0 -999.0 -999.0 -999.0 -999.0 96.4922389347791 -32.8345039817917 96.37834968402166 -32.84826640476883 38.068407087057246 110.69804525104556 -999.0 6231.0 -999.0 -1 -999 {-999.0 -999.0 -999.0 -999.0 -999.0} "" -999.0 -999.0 -999.0 -999.0 -999 -999 "" "" "" "" 0 0 0.0 0.0 -999 ""
FIBERMAP 1206 R0C2 APOGEE 0 0 0 1 0 0 -258.74233466203384 2.06984916248169 143.1 22.48008655291165 -257.7707037284014 348.35864 138.3659 -999.0 -999.0 -999.0 -999.0 -999.0 96.38358048982809 -32.951559946666094 96.26952117513088 -32.96493958993988 38.18383400733031 110.81618775531723 -999.0 16600.0 -999.0 2 253 {-999.0 -999.0 -999.0 -999.0 -999.0} "" -999.0 -999.0 -999.0 -999.0 -999 -999 "" "" "" "" 0 0 0.0 0.0 -999 ""
FIBERMAP 1206 R0C2 BOSS 1 1 0 1 0 0 -258.2811392340983 1.4602094510840797 143.1 23.043231993941745 -257.2537684159495 348.35864 138.3659 96.38591689034571 -32.949954095236606 1.4589888 2.3142903 0.34835717 96.38592207997058 -32.94994718744228 96.27155200498288 -32.96339522866073 38.181825823334684 110.81476235084594 5400.0 5400.0 2016.0 1 522 {-999.0 18.425516 18.03467 17.88005 17.818628} sdss_psfmag_from_gaia 18.3901 18.0475 17.579 -999.0 63050395078119823 970176341 "" ops_std_boss_gdr2 ops_std standard_boss 0 0 0.0 0.0 -999 ""
FIBERMAP 1206 R0C2 METROLOGY 0 0 0 1 0 0 -259.02925741967476 1.3796742389065637 143.1 23.19435945270726 -257.9908712245522 348.35864 138.3659 -999.0 -999.0 -999.0 -999.0 -999.0 96.38639132565203 -32.952220265760246 96.27210179298777 -32.96565156839469 38.18188513368142 110.81769122747346 -999.0 6231.0 -999.0 -1 -999 {-999.0 -999.0 -999.0 -999.0 -999.0} "" -999.0 -999.0 -999.0 -999.0 -999 -999 "" "" "" "" 0 0 0.0 0.0 -999 ""
FIBERMAP 1209 R-2C21 APOGEE 1 1 0 1 0 0 194.45358925151044 -47.45635239981416 143.1 28.799054506927586 198.07686754895892 0.49790305 82.71212 96.39988138300482 -31.571395671560026 -22.438164 -4.822018 6.0799456 96.39980277346628 -31.57141006450531 96.29089653076758 -31.585235491810437 37.84279668115746 109.11915522333872 16000.0 16600.0 2016.0 2 218 {-999.0 11.531345 11.064949 10.920712 -999.0} sdss_psfmag_from_g3xp 11.441128 11.096595 10.589635 9.695 63050395078208161 1103558101 bright_1x1 mwm_tess_2min_apogee mwm_planet science 0 0 0.0 0.0 -999 ""
FIBERMAP 1209 R-2C21 BOSS 0 0 0 1 0 0 194.40120757275557 -48.20901773251896 143.1 29.55329052994785 198.09610937282406 0.49790305 82.71212 -999.0 -999.0 -999.0 -999.0 -999.0 96.4028103488099 -31.571221351985848 96.29358773025325 -31.585122268600717 37.84054549444765 109.11972273051651 -999.0 5400.0 -999.0 1 310 {-999.0 -999.0 -999.0 -999.0 -999.0} "" -999.0 -999.0 -999.0 -999.0 -999 -999 "" "" "" "" 0 0 0.0 0.0 -999 ""
FIBERMAP 1209 R-2C21 METROLOGY 0 0 0 1 0 0 193.7843063403748 -47.78175926871439 143.1 29.186471101458167 197.44146917582424 0.49790305 82.71212 -999.0 -999.0 -999.0 -999.0 -999.0 96.40143230251792 -31.573191050338334 96.29229196966111 -31.58706851171573 37.842089781011836 109.12177294154239 -999.0 6231.0 -999.0 -1 -999 {-999.0 -999.0 -999.0 -999.0 -999.0} "" -999.0 -999.0 -999.0 -999.0 -999 -999 "" "" "" "" 0 0 0.0 0.0 -999 ""
FIBERMAP 1210 R-3C6 APOGEE 0 0 0 1 0 0 -135.13568994318138 -55.39534832943042 143.1 67.96233342656174 -129.27168619379125 356.8891 133.94499 -999.0 -999.0 -999.0 -999.0 -999.0 96.54573560946955 -32.5631847361638 96.4330749331449 -32.57713085181358 37.961330689099405 110.37651638472511 -999.0 16600.0 -999.0 2 -999 {-999.0 -999.0 -999.0 -999.0 -999.0} "" -999.0 -999.0 -999.0 -999.0 -999 -999 "" "" "" "" 0 0 0.0 0.0 -999 ""
FIBERMAP 1210 R-3C6 BOSS 1 1 0 1 0 0 -134.64213005709198 -55.96139602514775 143.1 68.47901399459808 -128.7266670287312 356.8891 133.94499 96.5479128899831 -32.56153169064483 7.554962 4.5081563 1.5692439 96.54793964603805 -32.56151823450114 96.43496813459612 -32.575534563712544 37.95940907178481 110.37501537476814 5400.0 5400.0 2016.0 1 475 {-999.0 18.901539 17.504263 16.846678 -999.0} sdss_psfmag_gaia 18.338825 17.410421 16.451132 14.59 63050395078128142 1094794859 bright_1x1 mwm_bin_vis_boss mwm_filler science 0 0 0.0 0.0 -999 ""
FIBERMAP 1210 R-3C6 METROLOGY 0 0 0 1 0 0 -135.3740542639343 -56.10434809486626 143.1 68.69074063608397 -129.44172898797154 356.8891 133.94499 -999.0 -999.0 -999.0 -999.0 -999.0 96.54863261606232 -32.56371119843366 96.43574172720474 -32.57771081119343 37.95927885886088 110.37789199131748 -999.0 6231.0 -999.0 -1 -999 {-999.0 -999.0 -999.0 -999.0 -999.0} "" -999.0 -999.0 -999.0 -999.0 -999 -999 "" "" "" "" 0 0 0.0 0.0 -999 ""
FIBERMAP 1211 R-11C11 APOGEE 1 1 0 1 0 0 56.32314685973645 -201.72464597282905 143.1 195.47206603819035 75.20161871133435 78.314156 127.28158 96.9967775648638 -31.94025079051318 1.2067393 -0.42995206 0.18999448 96.99678180941594 -31.940252073852687 96.88624976968313 -31.9556448641644 37.44176582725462 109.72817930120138 16000.0 16600.0 2016.0 2 182 {-999.0 14.252688 13.230716 12.816273 -999.0} sdss_psfmag_from_g3xp 13.908628 13.237483 12.451795 10.663 63050395078142120 1151850723 bright_1x1 mwm_galactic_core_dist_apogee_sparse mwm_galactic science 0 0 0.0 0.0 -999 ""
FIBERMAP 1211 R-11C11 BOSS 0 0 0 1 0 0 56.958833507921625 -201.34830931583153 143.1 195.03713600992032 75.798742002651 78.314156 127.28158 -999.0 -999.0 -999.0 -999.0 -999.0 96.99558634484784 -31.938367518242014 96.88474212298695 -31.953825250474928 37.44256576372603 109.7255653291891 -999.0 5400.0 -999.0 1 375 {-999.0 -999.0 -999.0 -999.0 -999.0} "" -999.0 -999.0 -999.0 -999.0 -999 -999 "" "" "" "" 0 0 0.0 0.0 -999 ""
FIBERMAP 1211 R-11C11 METROLOGY 0 0 0 1 0 0 56.970409242623404 -202.0984776265298 143.1 195.78282019800247 75.88141570834404 78.314156 127.28158 -999.0 -999.0 -999.0 -999.0 -999.0 96.99817665730905 -31.93810740999903 96.88742281449981 -31.953553299804167 37.4402931776464 109.72592746697643 -999.0 6231.0 -999.0 -1 -999 {-999.0 -999.0 -999.0 -999.0 -999.0} "" -999.0 -999.0 -999.0 -999.0 -999 -999 "" "" "" "" 0 0 0.0 0.0 -999 ""
FIBERMAP 1214 R+5C1 APOGEE 0 0 0 1 0 0 -218.16212879180787 105.97356694164496 143.1 -84.80347335413191 -227.2284931563771 73.85067 61.984364 -999.0 -999.0 -999.0 -999.0 -999.0 95.99649415596271 -32.86022965596705 95.88295217718559 -32.872551326815305 38.47926849142357 110.60844646993024 -999.0 16600.0 -999.0 2 1 {-999.0 -999.0 -999.0 -999.0 -999.0} "" -999.0 -999.0 -999.0 -999.0 -999 -999 "" "" "" "" 0 0 0.0 0.0 -999 ""
FIBERMAP 1214 R+5C1 BOSS 1 1 0 1 0 0 -217.57805011963436 105.45806056752333 143.1 -84.34569128300735 -226.59815742752434 73.85067 61.984364 95.9984377978198 -32.858294031172186 0.043643925 -1.8861444 0.6780794 95.9984379529007 -32.858299661017966 95.88459022518562 -32.870687689091326 38.47751011704519 110.6065202148204 5400.0 5400.0 2016.0 1 1 {-999.0 13.930443 13.640081 13.571771 -999.0} sdss_psfmag_from_g3xp 13.9013815 13.648365 13.24544 12.574 63050395078124600 946227679 bright_1x1 openfibertargets_nov2020_9 open_fiber science 0 0 0.0 0.0 -999 ""
FIBERMAP 1214 R+5C1 METROLOGY 0 0 0 1 0 0 -218.32879789364102 105.23946454761895 143.1 -84.05687680951446 -227.32478348363594 73.85067 61.984364 -999.0 -999.0 -999.0 -999.0 -999.0 95.99938033243907 -32.860541699994585 95.8856119502891 -32.87291460850951 38.47717281371463 110.60953813879624 -999.0 6231.0 -999.0 -1 -999 {-999.0 -999.0 -999.0 -999.0 -999.0} "" -999.0 -999.0 -999.0 -999.0 -999 -999 "" "" "" "" 0 0 0.0 0.0 -999 ""
FIBERMAP 1216 R-2C17 APOGEE 1 1 0 1 0 0 93.12317261795047 -47.64892505438942 143.1 38.601510118121325 97.22211494602409 255.14384 146.90187 96.43648413503098 -31.876433700408725 3.0271046 17.626616 2.537775 96.43649477509886 -31.87638108772018 96.3264465911123 -31.89022032399993 37.88712438089403 109.50328809215905 16000.0 16600.0 2016.0 2 211 {-999.0 12.231964 11.760933 11.629879 -999.0} sdss_psfmag_from_g3xp 12.1408205 11.8012295 11.298069 10.443 63050395078205500 1076209013 bright_1x1 mwm_snc_ext_main_apogee mwm_snc science 0 0 0.0 0.0 -999 ""
FIBERMAP 1216 R-2C17 BOSS 0 0 0 1 0 0 92.57302905050938 -48.13959621528157 143.1 39.14214515966129 96.72099273289072 255.14384 146.90187 -999.0 -999.0 -999.0 -999.0 -999.0 96.4387765983031 -31.877773541713562 96.32840684501508 -31.891684679371462 37.88585950662167 109.50559492737463 -999.0 5400.0 -999.0 1 300 {-999.0 -999.0 -999.0 -999.0 -999.0} "" -999.0 -999.0 -999.0 -999.0 -999 -999 "" "" "" "" 0 0 0.0 0.0 -999 ""
FIBERMAP 1216 R-2C17 METROLOGY 0 0 0 1 0 0 92.41508629998052 -47.40638083966607 143.1 38.42721966121257 96.49422061583756 255.14384 146.90187 -999.0 -999.0 -999.0 -999.0 -999.0 96.4361394670203 -31.87847976383843 96.32585742013089 -31.892364605977743 37.88812395580501 109.50577395608803 -999.0 6231.0 -999.0 -1 -999 {-999.0 -999.0 -999.0 -999.0 -999.0} "" -999.0 -999.0 -999.0 -999.0 -999 -999 "" "" "" "" 0 0 0.0 0.0 -999 ""
FIBERMAP 1217 R-3C13 APOGEE 1 1 0 1 0 0 29.27963500527726 -45.314770510130934 143.1 42.3331755111698 33.445378710810964 119.86775 4.4021964 96.45094769477515 -32.069892903024964 0.26360968 8.319311 0.7088333 96.45094862330058 -32.06986807118348 96.3401756465507 -32.08369148496843 37.921959998424576 109.74493140227946 16000.0 16600.0 2016.0 2 169 {-999.0 11.137274 9.912794 9.410851 -999.0} sdss_psfmag_from_g3xp 10.678764 9.896222 9.038231 7.123 63050395078140413 1151850694 bright_1x1 mwm_galactic_core_dist_apogee_sparse mwm_galactic science 0 0 0.0 0.0 -999 ""
FIBERMAP 1217 R-3C13 BOSS 0 0 0 1 0 0 29.751887820384965 -45.89630783761322 143.1 42.86729667533911 33.97065610836335 119.86775 4.4021964 -999.0 -999.0 -999.0 -999.0 -999.0 96.45320066972799 -32.06817821241969 96.34211771896952 -32.08207363224053 37.91997753438748 109.743434168719 -999.0 5400.0 -999.0 1 407 {-999.0 -999.0 -999.0 -999.0 -999.0} "" -999.0 -999.0 -999.0 -999.0 -999 -999 "" "" "" "" 0 0 0.0 0.0 -999 ""
FIBERMAP 1217 R-3C13 METROLOGY 0 0 0 1 0 0 28.999453103616517 -46.00295501296223 143.1 43.04482763379419 33.23173286001796 119.86775 4.4021964 -999.0 -999.0 -999.0 -999.0 -999.0 96.4537647583939 -32.07043577552976 96.34276241963619 -32.084313636883174 37.91997852141887 109.74635688777255 -999.0 6231.0 -999.0 -1 -999 {-999.0 -999.0 -999.0 -999.0 -999.0} "" -999.0 -999.0 -999.0 -999.0 -999 -999 "" "" "" "" 0 0 0.0 0.0 -999 ""
FIBERMAP 1218 R0C17 APOGEE 1 1 0 1 0 0 53.596961539389135 -7.634753264617413 143.1 2.516850216662957 54.079151471293244 227.80972 96.63129 96.30797336837111 -32.00767848499237 0.54445964 -6.1731315 0.5014347 96.30797528484644 -32.00769691082345 96.19749668839955 -32.02113752290928 38.024594937318966 109.63144709815671 16000.0 16600.0 2016.0 2 111 {-999.0 11.771128 10.9028845 10.54178 -999.0} sdss_psfmag_from_g3xp 11.505243 10.917702 10.185394 8.574 63050395078205208 1151850726 bright_1x1 mwm_galactic_core_dist_apogee_sparse mwm_galactic science 0 0 0.0 0.0 -999 ""
FIBERMAP 1218 R0C17 BOSS 0 0 0 1 0 0 53.00219950804909 -7.207824807512065 143.1 2.148259497676378 53.44658184003492 227.80972 96.63129 -999.0 -999.0 -999.0 -999.0 -999.0 96.30697730699573 -32.009521711762744 96.19617856830376 -32.02302390379061 38.026128005406285 109.63343694640844 -999.0 5400.0 -999.0 1 189 {-999.0 -999.0 -999.0 -999.0 -999.0} "" -999.0 -999.0 -999.0 -999.0 -999 -999 "" "" "" "" 0 0 0.0 0.0 -999 ""
FIBERMAP 1218 R0C17 METROLOGY 0 0 0 1 0 0 53.67733190814362 -6.895149597806126 143.1 1.7729622936488136 54.0890108407578 227.80972 96.63129 -999.0 -999.0 -999.0 -999.0 -999.0 96.30553644053812 -32.00758891489894 96.19483440268004 -32.021069235718436 38.02677150941568 109.63068320234686 -999.0 6231.0 -999.0 -1 -999 {-999.0 -999.0 -999.0 -999.0 -999.0} "" -999.0 -999.0 -999.0 -999.0 -999 -999 "" "" "" "" 0 0 0.0 0.0 -999 ""
FIBERMAP 1219 R+1C17 APOGEE 0 0 0 1 0 0 89.95652293437858 28.79279496337456 143.1 -37.19481357726977 86.81959245087765 53.549187 103.20042 -999.0 -999.0 -999.0 -999.0 -999.0 96.1655359521631 -31.90869119790197 96.05548795062435 -31.921761306578286 38.11802647051652 109.47249442551191 -999.0 16600.0 -999.0 2 -999 {-999.0 -999.0 -999.0 -999.0 -999.0} "" -999.0 -999.0 -999.0 -999.0 -999 -999 "" "" "" "" 0 0 0.0 0.0 -999 ""
FIBERMAP 1219 R+1C17 BOSS 1 1 0 1 0 0 90.6480943197039 28.471095539033197 143.1 -36.94015884254342 87.53855392546329 53.549187 103.20042 96.166361331404 -31.906387236797084 -1.3645104 -1.8878769 0.8810051 96.16672957746073 -31.906392871813924 96.05637770079747 -31.919531829889998 38.11676317858288 109.46996987262047 5400.0 5400.0 2016.0 1 199 {-999.0 11.866389 11.671751 11.670897 -999.0} sdss_psfmag_from_g3xp 11.87583 11.675476 11.345702 10.86 63050395078205717 996795482 bright_1x1 mwm_bin_gaia_sb_boss mwm_bin science 0 0 1.1400538682937622 0.0 -999 ""
FIBERMAP 1219 R+1C17 METROLOGY 0 0 0 1 0 0 90.03887302965852 28.049345786494605 143.1 -36.46253083556295 86.97208376517116 53.549187 103.20042 -999.0 -999.0 -999.0 -999.0 -999.0 96.16834926599431 -31.90811848603504 96.05807839571884 -31.921243101257154 38.11576760843189 109.47251865736249 -999.0 6231.0 -999.0 -1 -999 {-999.0 -999.0 -999.0 -999.0 -999.0} "" -999.0 -999.0 -999.0 -999.0 -999 -999 "" "" "" "" 0 0 0.0 0.0 -999 ""
FIBERMAP 1220 R+1C3 APOGEE 0 0 0 1 0 0 -217.4816216754085 15.806566770455317 143.1 4.891975294755659 -217.9991074096081 24.768179 73.98992 -999.0 -999.0 -999.0 -999.0 -999.0 96.3196935839678 -32.832192491239006 96.20611553861909 -32.84542746179169 38.20867803170876 110.6527423706525 -999.0 16600.0 -999.0 2 38 {-999.0 -999.0 -999.0 -999.0 -999.0} "" -999.0 -999.0 -999.0 -999.0 -999 -999 "" "" "" "" 0 0 0.0 0.0 -999 ""
FIBERMAP 1220 R+1C3 BOSS 1 1 0 1 0 0 -217.36487624067814 15.095948061532189 143.1 5.588313513902827 -217.81548984237855 24.768179 73.98992 96.32251819639393 -32.83151949248414 -0.042594813 -32.071026 2.7193797 96.32251804508635 -32.83161521947598 96.20862664674748 -32.84491991882372 38.206508255385025 110.65272162359358 5400.0 5400.0 2016.0 1 62 {-999.0 19.4561 17.654835 16.515186 -999.0} sdss_psfmag_gaia 18.415836 17.202114 15.920811 13.707 63050395078120321 1095314846 bright_1x1 mwm_bin_vis_boss mwm_filler science 0 0 0.0 0.0 -999 ""
FIBERMAP 1220 R+1C3 METROLOGY 0 0 0 1 0 0 -218.0711392783599 15.344213148399849 143.1 5.4081550782613474 -218.5421117224591 24.768179 73.98992 -999.0 -999.0 -999.0 -999.0 -999.0 96.32178948414871 -32.833855421910265 96.2079783052335 -32.847139936523384 38.20754178165337 110.65531631604023 -999.0 6231.0 -999.0 -1 -999 {-999.0 -999.0 -999.0 -999.0 -999.0} "" -999.0 -999.0 -999.0 -999.0 -999 -999 "" "" "" "" 0 0 0.0 0.0 -999 ""
FIBERMAP 1221 R-8C13 APOGEE 0 0 0 1 0 0 75.93630956663227 -136.58087869063505 143.1 128.7621300212406 88.54764392103314 122.52195 46.555668 -999.0 -999.0 -999.0 -999.0 -999.0 96.7587295469327 -31.901263659341296 96.64844602375632 -31.91599962949365 37.62799293435586 109.61810886688778 -999.0 16600.0 -999.0 2 -999 {-999.0 -999.0 -999.0 -999.0 -999.0} "" -999.0 -999.0 -999.0 -999.0 -999 -999 "" "" "" "" 0 0 0.0 0.0 -999 ""
FIBERMAP 1221 R-8C13 BOSS 1 1 0 1 0 0 76.67081537572714 -136.7214767639007 143.1 128.83242874079517 89.29216933530904 122.52195 46.555668 96.75933837890624 -31.89890014994282 -999.0 -999.0 -999.0 96.75933837890624 -31.89890014994282 96.64874598463474 -31.913705546761552 37.62719207037791 109.61537555252895 5400.0 5400.0 2015.5 1 418 {-999.0 -999.0 -999.0 -999.0 -999.0} "" -999.0 -999.0 -999.0 -999.0 27021603127947977 819170886 "" ops_sky_boss_good ops_sky sky_boss 0 0 0.0 0.0 -999 ""
FIBERMAP 1221 R-8C13 METROLOGY 0 0 0 1 0 0 76.1790307365159 -137.2883987613655 143.1 129.44343533506074 88.8563746841538 122.52195 46.555668 -999.0 -999.0 -999.0 -999.0 -999.0 96.76145869075413 -31.90021841376242 96.6509503701107 -31.9150103833199 37.62569123341339 109.61754471382028 -999.0 6231.0 -999.0 -1 -999 {-999.0 -999.0 -999.0 -999.0 -999.0} "" -999.0 -999.0 -999.0 -999.0 -999 -999 "" "" "" "" 0 0 0.0 0.0 -999 ""
FIBERMAP 1223 R+13C7 APOGEE 0 0 0 1 0 0 -15.827783284143038 234.31914756855036 143.1 -231.7602483075751 -37.98049639867312 294.05313 70.78261 -999.0 -999.0 -999.0 -999.0 -999.0 95.46976771712993 -32.28655575927604 95.35862532154408 -32.29756807634289 38.779590184598156 109.76359565268342 -999.0 16600.0 -999.0 2 100 {-999.0 -999.0 -999.0 -999.0 -999.0} "" -999.0 -999.0 -999.0 -999.0 -999 -999 "" "" "" "" 0 0 0.0 0.0 -999 ""
FIBERMAP 1223 R+13C7 BOSS 1 1 0 1 0 0 -16.574030368426975 234.29940196930136 143.1 -231.6698135269909 -38.721502184164564 294.05313 70.78261 95.47038609529305 -32.28873616066668 -10.831479 -2.5642006 1.7470196 95.47034785121993 -32.28874381439843 95.35889074298066 -32.299817945758434 38.77988525981565 109.7664712343884 5400.0 5400.0 2016.0 1 174 {-999.0 17.203901 16.09337 15.63354 -999.0} sdss_psfmag_gaia 16.777437 16.096573 15.226998 13.54 63050395078194342 1094731915 bright_1x1 mwm_bin_vis_boss mwm_filler science 0 0 0.0 0.0 -999 ""
FIBERMAP 1223 R+13C7 METROLOGY 0 0 0 1 0 0 -16.186679360537134 234.9586473952571 143.1 -232.362821728675 -38.39842623556916 294.05313 70.78261 -999.0 -999.0 -999.0 -999.0 -999.0 95.46775531604841 -32.28777782084366 95.35638936496656 -32.29882772148597 38.78171779028123 109.76461555224836 -999.0 6231.0 -999.0 -1 -999 {-999.0 -999.0 -999.0 -999.0 -999.0} "" -999.0 -999.0 -999.0 -999.0 -999 -999 "" "" "" "" 0 0 0.0 0.0 -999 ""
FIBERMAP 1224 R+5C18 APOGEE 1 1 0 1 0 0 142.86958872796657 110.56075110062093 143.1 -123.61224980542373 131.73847451940657 107.504074 112.57028 95.8571185227142 -31.772955274675624 12.89461 -33.2134 11.097608 95.8571637956981 -31.773054411472824 95.74776003339224 -31.785299984447917 38.33951873804145 109.22471830950406 16000.0 16600.0 2016.0 2 64 {-999.0 12.868723 11.713119 11.298367 -999.0} sdss_psfmag_from_g3xp 12.445432 11.747417 10.94358 9.387 63050395078202806 984767696 bright_1x1 mwm_snc_100pc_apogee mwm_snc science 0 0 0.0 0.0 -999 ""
FIBERMAP 1224 R+5C18 BOSS 0 0 0 1 0 0 143.51392351119645 110.92183421493779 143.1 -124.03281538282287 132.34565364123165 107.504074 112.57028 -999.0 -999.0 -999.0 -999.0 -999.0 95.85593541857094 -31.77110857513415 95.74622647156161 -31.78341540663281 38.34033750901466 109.22198965366462 -999.0 5400.0 -999.0 1 216 {-999.0 -999.0 -999.0 -999.0 -999.0} "" -999.0 -999.0 -999.0 -999.0 -999 -999 "" "" "" "" 0 0 0.0 0.0 -999 ""
FIBERMAP 1224 R+5C18 METROLOGY 0 0 0 1 0 0 143.50466818736183 110.18050843391164 143.1 -123.29395807386972 132.40675164278622 107.504074 112.57028 -999.0 -999.0 -999.0 -999.0 -999.0 95.85846036007975 -31.77092221932323 95.748838587362 -31.783217973741007 38.338133720138806 109.22241738382093 -999.0 6231.0 -999.0 -1 -999 {-999.0 -999.0 -999.0 -999.0 -999.0} "" -999.0 -999.0 -999.0 -999.0 -999 -999 "" "" "" "" 0 0 0.0 0.0 -999 ""
FIBERMAP 1227 R-4C8 APOGEE 0 0 0 1 0 0 -92.73145058747801 -85.21839464755652 143.1 93.62890143027604 -84.23026990681628 192.98517 159.1528 -999.0 -999.0 -999.0 -999.0 -999.0 96.63723095027171 -32.426163256796755 96.52504513358576 -32.440405610234144 37.85407939549583 110.23086503488068 -999.0 16600.0 -999.0 2 -999 {-999.0 -999.0 -999.0 -999.0 -999.0} "" -999.0 -999.0 -999.0 -999.0 -999 -999 "" "" "" "" 0 0 0.0 0.0 -999 ""
FIBERMAP 1227 R-4C8 BOSS 1 1 0 1 0 0 -93.46435597182597 -85.14585099453853 143.1 93.62619814407691 -84.96674745283516 192.98517 159.1528 96.63758092839117 -32.42833022441471 7.8997083 -14.531227 0.5144367 96.6376088639923 -32.42837359784986 96.52509755576517 -32.44268078359196 37.854568597149886 110.23367971538335 5400.0 5400.0 2016.0 1 479 {-999.0 17.034601 16.674276 16.563997 -999.0} sdss_psfmag_gaia 16.987139 16.693636 16.241213 15.03 63050395078128380 1073080765 bright_1x1 mwm_halo_local_high_boss_single mwm_halo science 0 0 0.0 0.0 -999 ""
FIBERMAP 1227 R-4C8 METROLOGY 0 0 0 1 0 0 -93.02484434023503 -84.53034063613065 143.1 92.97178038270485 -84.58759824822725 192.98517 159.1528 -999.0 -999.0 -999.0 -999.0 -999.0 96.63517176521454 -32.42726558072753 96.52275538501948 -32.44154799266133 37.85622541996157 110.23169927349676 -999.0 6231.0 -999.0 -1 -999 {-999.0 -999.0 -999.0 -999.0 -999.0} "" -999.0 -999.0 -999.0 -999.0 -999 -999 "" "" "" "" 0 0 0.0 0.0 -999 ""
FIBERMAP 1228 R-4C5 APOGEE 1 1 0 1 0 0 -167.9753585234615 -72.15539781005869 143.1 87.76142974224749 -160.3735002234711 147.68303 123.15605 96.6174829273729 -32.656836610647524 -0.95498323 2.482494 0.18946503 96.61747954167878 -32.656829200791144 96.50443473661103 -32.67094939863154 37.924548165894684 110.50987759764602 16000.0 16600.0 2016.0 2 296 {-999.0 13.992961 13.027087 12.649689 -999.0} sdss_psfmag_from_g3xp 13.6778145 13.045971 12.286291 10.631 63050395078123407 1151850646 bright_1x1 mwm_galactic_core_dist_apogee_sparse mwm_galactic science 0 0 0.0 0.0 -999 ""
FIBERMAP 1228 R-4C5 BOSS 0 0 0 1 0 0 -167.9934438233514 -71.4127428729159 143.1 87.0238424169423 -160.46194149955028 147.68303 123.15605 -999.0 -999.0 -999.0 -999.0 -999.0 96.61517974383904 -32.65710405423763 96.50181731452074 -32.671281116860584 37.92676850270258 110.50964207491768 -999.0 5400.0 -999.0 1 487 {-999.0 -999.0 -999.0 -999.0 -999.0} "" -999.0 -999.0 -999.0 -999.0 -999 -999 "" "" "" "" 0 0 0.0 0.0 -999 ""
FIBERMAP 1228 R-4C5 METROLOGY 0 0 0 1 0 0 -167.33130580200782 -71.76513250056146 143.1 87.31184044866544 -159.76936969534316 147.68303 123.15605 -999.0 -999.0 -999.0 -999.0 -999.0 96.61612895480067 -32.655043023217104 96.50286385509816 -32.66920538644799 37.92543220365426 110.5073394330488 -999.0 6231.0 -999.0 -1 -999 {-999.0 -999.0 -999.0 -999.0 -999.0} "" -999.0 -999.0 -999.0 -999.0 -999 -999 "" "" "" "" 0 0 0.0 0.0 -999 ""
FIBERMAP 1230 R+8C17 APOGEE 1 1 0 1 0 0 139.82848636031792 158.0786062135899 143.1 -170.62717678598685 124.20423624738847 200.66812 83.69617 95.68983757674377 -31.795982666747996 -3.121052 15.271591 3.78336 95.6898266160163 -31.79593708343842 95.5804116693831 -31.807707245766387 38.48301325228914 109.20952214533192 16000.0 16600.0 2016.0 2 75 {-999.0 10.120323 9.848632 9.77621 -999.0} sdss_psfmag_from_g3xp 10.094963 9.852731 9.453839 8.885 63050395078203027 946227836 bright_1x1 openfibertargets_nov2020_9 open_fiber science 0 0 0.0 0.0 -999 ""
FIBERMAP 1230 R+8C17 BOSS 0 0 0 1 0 0 139.65702352792016 158.8023101383869 143.1 -171.33135144637686 123.96490719731052 200.66812 83.69617 -999.0 -999.0 -999.0 -999.0 -999.0 95.68758251705414 -31.79656775247971 95.57785711840484 -31.80839496382232 38.48528511612786 109.20972110935395 -999.0 5400.0 -999.0 1 234 {-999.0 -999.0 -999.0 -999.0 -999.0} "" -999.0 -999.0 -999.0 -999.0 -999 -999 "" "" "" "" 0 0 0.0 0.0 -999 ""
FIBERMAP 1230 R+8C17 METROLOGY 0 0 0 1 0 0 140.37405624912293 158.59412211136762 143.1 -171.1921106231211 124.69844901124183 200.66812 83.69617 -999.0 -999.0 -999.0 -999.0 -999.0 95.68797358015067 -31.794349315651665 95.57834345299523 -31.806160260759913 38.484355890219845 109.20707162318013 -999.0 6231.0 -999.0 -1 -999 {-999.0 -999.0 -999.0 -999.0 -999.0} "" -999.0 -999.0 -999.0 -999.0 -999 -999 "" "" "" "" 0 0 0.0 0.0 -999 ""
FIBERMAP 1233 R+11C16 APOGEE 1 1 0 1 0 0 174.030321948897 206.07885482267437 143.1 -221.6546515241165 153.69907063270696 272.64328 147.7372 95.50964355468749 -31.706874540371473 -999.0 -999.0 -999.0 95.50964355468749 -31.70687454037148 95.40063853887084 -31.71816601731057 38.610395905545865 109.05212267738476 16000.0 16600.0 2015.5 2 104 {-999.0 -999.0 -999.0 -999.0 -999.0} "" -999.0 -999.0 -999.0 -999.0 27021603127958113 841284967 "" ops_sky_apogee_best ops_sky sky_apogee 0 0 0.0 0.0 -999 ""
FIBERMAP 1233 R+11C16 BOSS 0 0 0 1 0 0 173.68544821437976 205.43497121532727 143.1 -220.98096458458045 153.41682321552796 272.64328 147.7372 -999.0 -999.0 -999.0 -999.0 -999.0 95.5123279459757 -31.70766423269785 95.40301253838567 -31.71902630138058 38.60863674497264 109.05380280420673 -999.0 5400.0 -999.0 1 178 {-999.0 -999.0 -999.0 -999.0 -999.0} "" -999.0 -999.0 -999.0 -999.0 -999 -999 "" "" "" "" 0 0 0.0 0.0 -999 ""
FIBERMAP 1233 R+11C16 METROLOGY 0 0 0 1 0 0 173.28829538415764 206.07328483945398 143.1 -221.57872866973509 152.96092181965685 272.64328 147.7372 -999.0 -999.0 -999.0 -999.0 -999.0 95.51006546227285 -31.709028330221248 95.40083283932029 -31.720365719792326 38.61075472966541 109.05490807702853 -999.0 6231.0 -999.0 -1 -999 {-999.0 -999.0 -999.0 -999.0 -999.0} "" -999.0 -999.0 -999.0 -999.0 -999 -999 "" "" "" "" 0 0 0.0 0.0 -999 ""
FIBERMAP 1234 R+5C14 APOGEE 1 1 0 1 0 0 67.69786660085056 99.04407457685885 143.1 -105.01784579698268 57.998379990676206 359.77658 126.87007 95.92300415039062 -31.99643767812887 -999.0 -999.0 -999.0 95.92300415039062 -31.99643767812887 95.81273933670809 -32.00880271290387 38.33870133926073 109.51822029211127 16000.0 16600.0 2015.5 2 93 {-999.0 -999.0 -999.0 -999.0 -999.0} "" -999.0 -999.0 -999.0 -999.0 27021603127957412 841284783 "" ops_sky_apogee_best ops_sky sky_apogee 0 0 0.0 0.0 -999 ""
FIBERMAP 1234 R+5C14 BOSS 0 0 0 1 0 0 68.1184552841948 98.43225112848027 143.1 -104.44867510194537 58.475098972933374 359.77658 126.87007 -999.0 -999.0 -999.0 -999.0 -999.0 95.92528700102642 -31.99489579103417 95.81471659219238 -32.00733126644667 38.336725857003856 109.51689908800108 -999.0 5400.0 -999.0 1 166 {-999.0 -999.0 -999.0 -999.0 -999.0} "" -999.0 -999.0 -999.0 -999.0 -999 -999 "" "" "" "" 0 0 0.0 0.0 -999 ""
FIBERMAP 1234 R+5C14 METROLOGY 0 0 0 1 0 0 67.38864202234839 98.36401283425106 143.1 -104.31152519651646 57.75505215120844 359.77658 126.87007 -999.0 -999.0 -999.0 -999.0 -999.0 95.92567419347617 -31.997092611514635 95.81518336483578 -32.009510506188235 38.33685315387885 109.51971817670443 -999.0 6231.0 -999.0 -1 -999 {-999.0 -999.0 -999.0 -999.0 -999.0} "" -999.0 -999.0 -999.0 -999.0 -999 -999 "" "" "" "" 0 0 0.0 0.0 -999 ""
FIBERMAP 1236 R+13C5 APOGEE 0 0 0 1 0 0 -53.95409289852241 263.2107705993023 143.1 -256.90534056515975 -78.67495178477807 62.93006 132.5798 -999.0 -999.0 -999.0 -999.0 -999.0 95.37982995792342 -32.409150742003604 95.26826850753702 -32.41987618504509 38.881700909908275 109.89424429108732 -999.0 16600.0 -999.0 2 52 {-999.0 -999.0 -999.0 -999.0 -999.0} "" -999.0 -999.0 -999.0 -999.0 -999 -999 "" "" "" "" 0 0 0.0 0.0 -999 ""
FIBERMAP 1236 R+13C5 BOSS 1 1 0 1 0 0 -53.22925172914116 263.4148706707414 143.1 -257.17726739449955 -77.9727405143701 62.93006 132.5798 95.37918090820311 -32.406960426871265 -999.0 -999.0 -999.0 95.37918090820311 -32.406960426871265 95.2673217115515 -32.417744687999765 38.88199771080658 109.89134491484995 5400.0 5400.0 2015.5 1 89 {-999.0 -999.0 -999.0 -999.0 -999.0} "" -999.0 -999.0 -999.0 -999.0 27021603127956995 819173123 "" ops_sky_boss_good ops_sky sky_boss 0 0 0.0 0.0 -999 ""
FIBERMAP 1236 R+13C5 METROLOGY 0 0 0 1 0 0 -53.43502468891266 262.6756059368117 143.1 -256.42182298049056 -78.10746856149163 62.93006 132.5798 -999.0 -999.0 -999.0 -999.0 -999.0 95.38172123470768 -32.40741664198729 95.26994591352144 -32.41819087867171 38.87994063051595 109.89254654003832 -999.0 6231.0 -999.0 -1 -999 {-999.0 -999.0 -999.0 -999.0 -999.0} "" -999.0 -999.0 -999.0 -999.0 -999 -999 "" "" "" "" 0 0 0.0 0.0 -999 ""
FIBERMAP 1237 R-2C7 APOGEE 0 0 0 1 0 0 -134.7860305759438 -49.777781760420496 143.1 62.33696053158665 -129.45640708597836 248.06464 135.50237 -999.0 -999.0 -999.0 -999.0 -999.0 96.52549461195132 -32.56385506998781 96.41284026834165 -32.577744243520264 37.97806055290301 110.37226633244887 -999.0 16600.0 -999.0 2 286 {-999.0 -999.0 -999.0 -999.0 -999.0} "" -999.0 -999.0 -999.0 -999.0 -999 -999 "" "" "" "" 0 0 0.0 0.0 -999 ""
FIBERMAP 1237 R-2C7 BOSS 1 1 0 1 0 0 -135.52447210541663 -49.81076117322116 143.1 62.439829065942114 -130.18838738042058 248.06464 135.50237 96.52622923432372 -32.566074455202674 -0.6350108 3.3185604 0.15380386 96.52622698530593 -32.56606454981945 96.41324757534208 -32.580018578169486 37.978252990713536 110.37517407697088 5400.0 5400.0 2016.0 1 469 {-999.0 17.890348 17.624626 17.530968 17.515362} sdss_psfmag_from_gaia 17.8772 17.626 17.2275 -999.0 63050395078128101 970176661 "" ops_std_boss_gdr2 ops_std standard_boss 0 0 0.0 0.0 -999 ""
FIBERMAP 1237 R-2C7 METROLOGY 0 0 0 1 0 0 -135.1765740178403 -49.15756153159296 143.1 61.75658129731701 -129.90401284753003 248.06464 135.50237 -999.0 -999.0 -999.0 -999.0 -999.0 96.5236816495813 -32.56524899900605 96.41079604328837 -32.579178143998 37.980068187947765 110.37353037552879 -999.0 6231.0 -999.0 -1 -999 {-999.0 -999.0 -999.0 -999.0 -999.0} "" -999.0 -999.0 -999.0 -999.0 -999 -999 "" "" "" "" 0 0 0.0 0.0 -999 ""
FIBERMAP 1238 R-9C3 APOGEE 1 1 0 1 0 0 -156.08957413819093 -168.29076198069757 143.1 182.3355294216218 -139.42334360993843 140.9761 124.67402 96.95661560367944 -32.59055285677544 5.124512 -13.551538 5.1698956 96.95663375813083 -32.590593305995135 96.84369309263846 -32.60568402506767 37.63151582594146 110.51355035302913 16000.0 16600.0 2016.0 2 283 {-999.0 9.925848 9.700049 9.649595 -999.0} sdss_psfmag_from_g3xp 9.918905 9.6995325 9.327495 8.771 63050395078131340 1103630899 bright_1x1 mwm_tess_2min_apogee mwm_planet science 0 0 0.0 0.0 -999 ""
FIBERMAP 1238 R-9C3 BOSS 0 0 0 1 0 0 -156.0528062651945 -167.54622806163312 143.1 181.59086900955106 -139.4573575303392 140.9761 124.67402 -999.0 -999.0 -999.0 -999.0 -999.0 96.95432532452855 -32.59068054995024 96.84106321809145 -32.60582963818635 37.633703803299426 110.51307486234501 -999.0 5400.0 -999.0 1 464 {-999.0 -999.0 -999.0 -999.0 -999.0} "" -999.0 -999.0 -999.0 -999.0 -999 -999 "" "" "" "" 0 0 0.0 0.0 -999 ""
FIBERMAP 1238 R-9C3 METROLOGY 0 0 0 1 0 0 -155.42582922380106 -167.9641739581587 143.1 181.94746226017273 -138.793570262688 140.9761 124.67402 -999.0 -999.0 -999.0 -999.0 -999.0 96.95553132536341 -32.588702370025004 96.84236692561905 -32.603837028378166 37.63216996132535 110.51095289224571 -999.0 6231.0 -999.0 -1 -999 {-999.0 -999.0 -999.0 -999.0 -999.0} "" -999.0 -999.0 -999.0 -999.0 -999 -999 "" "" "" "" 0 0 0.0 0.0 -999 ""
FIBERMAP 1239 R0C25 APOGEE 1 1 0 1 0 0 266.7154303385166 8.305648718407452 143.1 -33.56496374354267 264.7237381887635 93.894005 26.239132 96.17766713239237 -31.37155049278324 2.3186946 5.4223485 1.4113494 96.17767523834583 -31.371534307921515 96.06959972913567 -31.384795216487614 37.97690620020853 108.81442357920552 16000.0 16600.0 2016.0 2 105 {-999.0 10.411333 9.66082 9.382715 -999.0} sdss_psfmag_from_g3xp 10.201461 9.697908 9.036903 7.713 63050395078213827 1109622976 bright_1x1 mwm_tess_rgb_apogee mwm_tessrgb science 0 0 0.0 0.0 -999 ""
FIBERMAP 1239 R0C25 BOSS 0 0 0 1 0 0 267.0494156648582 7.651676511270338 143.1 -32.94562059244354 265.1182423639754 93.894005 26.239132 -999.0 -999.0 -999.0 -999.0 -999.0 96.1801803057114 -31.370279282741137 96.07179632839103 -31.383614642052102 37.97479912803088 108.81355330527583 -999.0 5400.0 -999.0 1 179 {-999.0 -999.0 -999.0 -999.0 -999.0} "" -999.0 -999.0 -999.0 -999.0 -999 -999 "" "" "" "" 0 0 0.0 0.0 -999 ""
FIBERMAP 1239 R0C25 METROLOGY 0 0 0 1 0 0 266.3387461090425 7.66229040969755 143.1 -32.88878264346881 264.4097740449637 93.894005 26.239132 -999.0 -999.0 -999.0 -999.0 -999.0 96.18028849879583 -31.372372532398064 96.07198506873698 -31.385688568392688 37.97515019506377 108.81615433358968 -999.0 6231.0 -999.0 -1 -999 {-999.0 -999.0 -999.0 -999.0 -999.0} "" -999.0 -999.0 -999.0 -999.0 -999 -999 "" "" "" "" 0 0 0.0 0.0 -999 ""
FIBERMAP 1244 R-7C12 APOGEE 1 1 0 1 0 0 53.40204963988916 -145.59977167668873 143.1 139.8775894665143 66.97050530841958 49.917503 19.292274 96.79891670230928 -31.965787965241507 40.28704 -218.10028 11.089605 96.79905844725691 -31.96643896035987 96.68851950075329 -31.981269176481188 37.61072978898061 109.70843068389546 16000.0 16600.0 2016.0 2 163 {-999.0 14.435767 13.048414 12.3477125 -999.0} sdss_psfmag_from_g3xp 13.875153 12.929282 11.968291 10.099 63050395078140986 984767521 bright_1x1 mwm_snc_100pc_apogee mwm_snc science 0 0 0.0 0.0 -999 ""
FIBERMAP 1244 R-7C12 BOSS 0 0 0 1 0 0 53.15413302092466 -146.29771608884943 143.1 140.5958972201691 66.78990478202839 49.917503 19.292274 -999.0 -999.0 -999.0 -999.0 -999.0 96.80201851737912 -31.966875004588314 96.6911550919591 -31.981780205963158 37.608683058285635 109.7097364067894 -999.0 5400.0 -999.0 1 394 {-999.0 -999.0 -999.0 -999.0 -999.0} "" -999.0 -999.0 -999.0 -999.0 -999 -999 "" "" "" "" 0 0 0.0 0.0 -999 ""
FIBERMAP 1244 R-7C12 METROLOGY 0 0 0 1 0 0 52.66158760994584 -145.75192874240793 143.1 140.0992893288413 66.24781711939349 49.917503 19.292274 -999.0 -999.0 -999.0 -999.0 -999.0 96.8001930527916 -31.968540049688666 96.68941435385273 -31.98342067120077 37.61051116298715 109.71129743200004 -999.0 6231.0 -999.0 -1 -999 {-999.0 -999.0 -999.0 -999.0 -999.0} "" -999.0 -999.0 -999.0 -999.0 -999 -999 "" "" "" "" 0 0 0.0 0.0 -999 ""
FIBERMAP 1245 R-13C10 APOGEE 1 1 0 1 0 0 56.90679934867738 -271.18235428866404 143.1 264.5608895603259 82.37040016892203 314.56036 66.771835 97.24136352539062 -31.91675139505685 -999.0 -999.0 -999.0 97.24136352539062 -31.916751395056853 97.13081193213502 -31.932837946438447 37.2349264247206 109.76386159428364 16000.0 16600.0 2015.5 2 158 {-999.0 -999.0 -999.0 -999.0 -999.0} "" -999.0 -999.0 -999.0 -999.0 27021603127947492 841282359 "" ops_sky_apogee_best ops_sky sky_apogee 0 0 0.0 0.0 -999 ""
FIBERMAP 1245 R-13C10 BOSS 0 0 0 1 0 0 56.21856941809195 -271.4787846327204 143.1 264.92125747121975 81.71339200384477 314.56036 66.771835 -999.0 -999.0 -999.0 -999.0 -999.0 97.24297444382714 -31.91866109461501 97.13209327886278 -31.934820375445785 37.23435600297906 109.76660973628461 -999.0 5400.0 -999.0 1 439 {-999.0 -999.0 -999.0 -999.0 -999.0} "" -999.0 -999.0 -999.0 -999.0 -999 -999 "" "" "" "" 0 0 0.0 0.0 -999 ""
FIBERMAP 1245 R-13C10 METROLOGY 0 0 0 1 0 0 56.303315206002054 -270.73691153170984 143.1 264.17469536849165 81.72739179605995 314.56036 66.771835 -999.0 -999.0 -999.0 -999.0 -999.0 97.24030636528111 -31.91864280673216 97.12951762704847 -31.934775104046373 37.236464606769324 109.76588418111135 -999.0 6231.0 -999.0 -1 -999 {-999.0 -999.0 -999.0 -999.0 -999.0} "" -999.0 -999.0 -999.0 -999.0 -999 -999 "" "" "" "" 0 0 0.0 0.0 -999 ""
FIBERMAP 1248 R-10C3 APOGEE 1 1 0 1 0 0 -140.60224126891382 -188.65638871641136 143.1 201.14032034579984 -122.07432791476376 78.7435 161.77101 97.02351725782255 -32.53745928893297 -4.988307 2.596816 1.1941739 97.0234995963658 -32.53745153784229 96.91072863837739 -32.552745281223984 37.564191450921896 110.46531194526658 16000.0 16600.0 2016.0 2 284 {-999.0 13.40293 12.959676 12.83689 -999.0} sdss_psfmag_from_g3xp 13.320154 12.993618 12.504918 11.673 63050395078131544 1164875664 bright_1x1 openfibertargets_mwm_rvscnn24_apogee open_fiber science 0 0 0.0 0.0 -999 ""
FIBERMAP 1248 R-10C3 BOSS 0 0 0 1 0 0 -140.26307073113568 -187.97564274289658 143.1 200.43047835814806 -121.80125418660676 78.7435 161.77101 -999.0 -999.0 -999.0 -999.0 -999.0 97.02130941091336 -32.53660430838761 96.90822128325408 -32.55195752891202 37.56606055536798 110.46371940363693 -999.0 5400.0 -999.0 1 465 {-999.0 -999.0 -999.0 -999.0 -999.0} "" -999.0 -999.0 -999.0 -999.0 -999 -999 "" "" "" "" 0 0 0.0 0.0 -999 ""
FIBERMAP 1248 R-10C3 METROLOGY 0 0 0 1 0 0 -139.86093376766172 -188.61370644956978 143.1 201.0275209304565 -121.34041485914925 78.7435 161.77101 -999.0 -999.0 -999.0 -999.0 -999.0 97.02338041328059 -32.53522642563465 96.91038748709417 -32.5505673379575 37.56395906592573 110.46255605866025 -999.0 6231.0 -999.0 -1 -999 {-999.0 -999.0 -999.0 -999.0 -999.0} "" -999.0 -999.0 -999.0 -999.0 -999 -999 "" "" "" "" 0 0 0.0 0.0 -999 ""
FIBERMAP 1250 R-9C17 APOGEE 0 0 0 1 0 0 182.282275966601 -191.07288599737961 143.1 172.92170827313004 199.5819025470149 20.23707 27.764532 -999.0 -999.0 -999.0 -999.0 -999.0 96.91141790780567 -31.565027555912245 96.80230608724577 -31.580290663536857 37.41919904988219 109.24786673986642 -999.0 16600.0 -999.0 2 -999 {-999.0 -999.0 -999.0 -999.0 -999.0} "" -999.0 -999.0 -999.0 -999.0 -999 -999 "" "" "" "" 0 0 0.0 0.0 -999 ""
FIBERMAP 1250 R-9C17 BOSS 1 1 0 1 0 0 181.75601430502013 -191.64071201590875 143.1 173.53688480437697 199.11187224316723 20.23707 27.764532 96.91392490950318 -31.566364476886072 3.2015944 0.9139605 0.1698803 96.91393612531532 -31.56636174885651 96.80450017511993 -31.581700513023566 37.417735295581146 109.25016736576607 5400.0 5400.0 2016.0 1 334 {-999.0 14.419971 13.79161 13.497762 -999.0} sdss_psfmag_from_g3xp 14.254148 13.788329 13.148506 11.876 63050395078144955 1071102763 bright_1x1 mwm_halo_vmp_xp_boss_single mwm_halo science 0 0 0.0 0.0 -999 ""
FIBERMAP 1250 R-9C17 METROLOGY 0 0 0 1 0 0 181.54821009707618 -190.92920052144382 143.1 172.84829436088603 198.83752225964452 20.23707 27.764532 -999.0 -999.0 -999.0 -999.0 -999.0 96.91145882986403 -31.567180679567244 96.80211106134175 -31.58249268976573 37.419903009602706 109.25050216647577 -999.0 6231.0 -999.0 -1 -999 {-999.0 -999.0 -999.0 -999.0 -999.0} "" -999.0 -999.0 -999.0 -999.0 -999 -999 "" "" "" "" 0 0 0.0 0.0 -999 ""
FIBERMAP 1255 R-8C3 APOGEE 1 1 0 1 0 0 -161.7343842475396 -139.7567179746218 143.1 154.46567220753874 -147.74900418144102 130.8583 92.529755 96.8569718962291 -32.616884239614606 -12.406411 47.44873 7.6926274 96.85692793158657 -32.616742612574015 96.7439327339846 -32.63154603756783 37.719257174170814 110.52054490784326 16000.0 16600.0 2016.0 2 282 {-999.0 8.110528 8.065395 8.084477 -999.0} sdss_psfmag_from_g3xp 8.1668625 8.031217 7.768872 7.424 63050395078132564 974896770 "" ops_std_apogee ops_std standard_apogee 0 0 0.0 0.0 -999 ""
FIBERMAP 1255 R-8C3 BOSS 0 0 0 1 0 0 -161.19170253598818 -139.2571690054529 143.1 153.91690715640144 -147.25615216359137 130.8583 92.529755 -999.0 -999.0 -999.0 -999.0 -999.0 96.85531313392673 -32.6152398876264 96.74200219130392 -32.63010359781035 37.72050229667235 110.51829281137117 -999.0 5400.0 -999.0 1 463 {-999.0 -999.0 -999.0 -999.0 -999.0} "" -999.0 -999.0 -999.0 -999.0 -999 -999 "" "" "" "" 0 0 0.0 0.0 -999 ""
FIBERMAP 1255 R-8C3 METROLOGY 0 0 0 1 0 0 -161.03490614790982 -139.99089536547524 143.1 154.63245006022996 -147.03047276971498 130.8583 92.529755 -999.0 -999.0 -999.0 -999.0 -999.0 96.85781230776072 -32.614573799465155 96.7445933277412 -32.629426458248574 37.718222411861944 110.51810289405836 -999.0 6231.0 -999.0 -1 -999 {-999.0 -999.0 -999.0 -999.0 -999.0} "" -999.0 -999.0 -999.0 -999.0 -999 -999 "" "" "" "" 0 0 0.0 0.0 -999 ""
FIBERMAP 1257 R0C5 APOGEE 1 1 0 1 0 0 -199.7808756737265 -16.694480205146096 143.1 35.56747523638757 -197.29567761601453 305.06415 87.36111 96.43001469398007 -32.769316727749576 3.6538866 -18.05311 1.3598858 96.43002766442741 -32.76937061345663 96.3166397908118 -32.78293286861633 38.10401380567071 110.60220507682243 16000.0 16600.0 2016.0 2 278 {-999.0 10.759952 9.919462 9.619464 -999.0} sdss_psfmag_from_g3xp 10.507189 9.961194 9.268461 7.847 63050395078122670 1107757554 bright_1x1 mwm_tess_rgb_apogee mwm_tessrgb science 0 0 0.0 0.0 -999 ""
FIBERMAP 1257 R0C5 BOSS 0 0 0 1 0 0 -200.463979398975 -16.982385162254886 143.1 35.91887004498439 -197.9483913112523 305.06415 87.36111 -999.0 -999.0 -999.0 -999.0 -999.0 96.43163081861717 -32.77132428231863 96.31791826793415 -32.78495271481443 38.10342804916105 110.60501586210847 -999.0 5400.0 -999.0 1 452 {-999.0 -999.0 -999.0 -999.0 -999.0} "" -999.0 -999.0 -999.0 -999.0 -999 -999 "" "" "" "" 0 0 0.0 0.0 -999 ""
FIBERMAP 1257 R0C5 METROLOGY 0 0 0 1 0 0 -200.37478879009456 -16.241979817504816 143.1 35.17334750108904 -197.92982755137885 305.06415 87.36111 -999.0 -999.0 -999.0 -999.0 -999.0 96.42885987662295 -32.77132637509985 96.3152381228499 -32.784929390063255 38.10561654660002 110.60433382416667 -999.0 6231.0 -999.0 -1 -999 {-999.0 -999.0 -999.0 -999.0 -999.0} "" -999.0 -999.0 -999.0 -999.0 -999 -999 "" "" "" "" 0 0 0.0 0.0 -999 ""
FIBERMAP 1258 R-12C12 APOGEE 0 0 0 1 0 0 84.70968809733573 -217.2164421716111 143.1 208.20159241798308 104.92935476273433 131.40984 90.9734 -999.0 -999.0 -999.0 -999.0 -999.0 97.04071949954827 -31.850011975698973 96.93050187141546 -31.86555455782642 37.383427764384486 109.62965478560591 -999.0 16600.0 -999.0 2 -999 {-999.0 -999.0 -999.0 -999.0 -999.0} "" -999.0 -999.0 -999.0 -999.0 -999 -999 "" "" "" "" 0 0 0.0 0.0 -999 ""
FIBERMAP 1258 R-12C12 BOSS 1 1 0 1 0 0 85.2929520827627 -216.70575252183454 143.1 207.63788792125308 105.4615492231179 131.40984 90.9734 97.03906357510436 -31.848349706189065 -3.36081 6.429892 1.2170253 97.0390517656785 -31.84833051396724 96.92852171158356 -31.863937197947138 37.384664481346206 109.62716470453675 5400.0 5400.0 2016.0 1 428 {-999.0 21.024004 19.30762 18.308304 -999.0} sdss_psfmag_gaia 20.262482 18.971067 17.921503 15.765 63050395078142331 1095179419 bright_1x1 mwm_bin_vis_boss mwm_filler science 0 0 0.0 0.0 -999 ""
FIBERMAP 1258 R-12C12 METROLOGY 0 0 0 1 0 0 85.42331161060119 -217.4405843097975 143.1 208.35703868516046 105.66101593620004 131.40984 90.9734 -999.0 -999.0 -999.0 -999.0 -999.0 97.0415416981547 -31.847713822627004 96.93110300481993 -31.86330832760863 37.38238496630083 109.62706986644884 -999.0 6231.0 -999.0 -1 -999 {-999.0 -999.0 -999.0 -999.0 -999.0} "" -999.0 -999.0 -999.0 -999.0 -999 -999 "" "" "" "" 0 0 0.0 0.0 -999 ""
FIBERMAP 1259 R+6C4 APOGEE 0 0 0 1 0 0 -159.77101001280988 136.99573801404236 143.1 -121.2237575668039 -172.0432672355395 156.30411 44.874702 -999.0 -999.0 -999.0 -999.0 -999.0 95.86502865677075 -32.69362371743209 95.75217641946273 -32.70562516731544 38.548881158133184 110.36899064997095 -999.0 16600.0 -999.0 2 -999 {-999.0 -999.0 -999.0 -999.0 -999.0} "" -999.0 -999.0 -999.0 -999.0 -999 -999 "" "" "" "" 0 0 0.0 0.0 -999 ""
FIBERMAP 1259 R+6C4 BOSS 1 1 0 1 0 0 -159.0881861309641 137.29965800712355 143.1 -121.59106857853577 -171.39235107747706 156.30411 44.874702 95.86398155660429 -32.6916362518072 -0.24926886 0.40146825 -0.11589157 95.86398067252911 -32.69163505348733 95.75082546691775 -32.703694691784584 38.54955357001429 110.36625811317353 5400.0 5400.0 2016.0 1 39 {-999.0 20.303385 20.130173 20.095541 -999.0} sdss_psfmag_gaia 20.268688 20.118769 19.728638 -999.0 63050395078126218 1116443899 bright_1x1 openfibertargets_bhm_quaia_boss open_fiber science 0 0 0.0 0.0 -999 ""
FIBERMAP 1259 R+6C4 METROLOGY 0 0 0 1 0 0 -159.18498519322776 136.5309013463516 143.1 -120.81660106580617 -171.41579994680492 156.30411 44.874702 -999.0 -999.0 -999.0 -999.0 -999.0 95.86665599418838 -32.69175549150801 95.75358721124041 -32.703805432199424 38.54731437599587 110.36706592891301 -999.0 6231.0 -999.0 -1 -999 {-999.0 -999.0 -999.0 -999.0 -999.0} "" -999.0 -999.0 -999.0 -999.0 -999 -999 "" "" "" "" 0 0 0.0 0.0 -999 ""
FIBERMAP 1262 R-5C7 APOGEE 0 0 0 1 0 0 -94.15867720746388 -114.65931200785877 143.1 123.0722905562649 -82.85871030088771 331.2181 68.73623 -999.0 -999.0 -999.0 -999.0 -999.0 96.74291423864157 -32.42128968467145 96.63070056197728 -32.43582987350511 37.76631916746303 110.25167858961859 -999.0 16600.0 -999.0 2 293 {-999.0 -999.0 -999.0 -999.0 -999.0} "" -999.0 -999.0 -999.0 -999.0 -999 -999 "" "" "" "" 0 0 0.0 0.0 -999 ""
FIBERMAP 1262 R-5C7 BOSS 1 1 0 1 0 0 -94.7618971907144 -115.12643801807714 143.1 123.59452079723319 -83.41490250192732 331.2181 68.73623 96.74518393940693 -32.42293261756672 0.013902995 -0.066748284 0.08431558 96.74518398856887 -32.4229328167999 96.63264504325645 -32.437543723163216 37.76512609143695 110.25427319548795 5400.0 5400.0 2016.0 1 482 {-999.0 19.823124 19.521824 19.435308 -999.0} sdss_psfmag_gaia 19.821669 19.53274 19.139837 -999.0 63050395078133155 1116443920 bright_1x1 openfibertargets_bhm_quaia_boss open_fiber science 0 0 0.0 0.0 -999 ""
FIBERMAP 1262 R-5C7 METROLOGY 0 0 0 1 0 0 -94.86050901657482 -114.39264392482754 143.1 122.87339191158209 -83.58266639936976 331.2181 68.73623 -999.0 -999.0 -999.0 -999.0 -999.0 96.74252585777303 -32.42348809855654 96.63007610265356 -32.4380730073822 37.76735783714925 110.25428050222155 -999.0 6231.0 -999.0 -1 -999 {-999.0 -999.0 -999.0 -999.0 -999.0} "" -999.0 -999.0 -999.0 -999.0 -999 -999 "" "" "" "" 0 0 0.0 0.0 -999 ""
FIBERMAP 1263 R-7C13 APOGEE 1 1 0 1 0 0 68.66821470774593 -153.03141747840792 143.1 145.82775947149017 82.8726193300945 8.879302 38.01094 96.81976318359374 -31.918124711224067 -999.0 -999.0 -999.0 96.81976318359374 -31.918124711224067 96.7093904870464 -31.933027047157093 37.581909147062 109.65473209246703 16000.0 16600.0 2015.5 2 176 {-999.0 -999.0 -999.0 -999.0 -999.0} "" -999.0 -999.0 -999.0 -999.0 27021603127947968 841282474 "" ops_sky_apogee_best ops_sky sky_apogee 0 0 0.0 0.0 -999 ""
FIBERMAP 1263 R-7C13 BOSS 0 0 0 1 0 0 68.15495853095443 -153.59536289673935 143.1 146.43783940529116 82.41516774690511 8.879302 38.01094 -999.0 -999.0 -999.0 -999.0 -999.0 96.82233743879438 -31.919397879995355 96.7116408592592 -31.934374248005625 37.58038129539396 109.65696384932454 -999.0 5400.0 -999.0 1 419 {-999.0 -999.0 -999.0 -999.0 -999.0} "" -999.0 -999.0 -999.0 -999.0 -999 -999 "" "" "" "" 0 0 0.0 0.0 -999 ""
FIBERMAP 1263 R-7C13 METROLOGY 0 0 0 1 0 0 67.93596416204575 -152.88006316972258 143.1 145.74653916752027 82.12931881663424 8.879302 38.01094 -999.0 -999.0 -999.0 -999.0 -999.0 96.81981374826805 -31.92028702455936 96.70920511562707 -31.935237002604577 37.58259557728047 109.6573902416946 -999.0 6231.0 -999.0 -1 -999 {-999.0 -999.0 -999.0 -999.0 -999.0} "" -999.0 -999.0 -999.0 -999.0 -999 -999 "" "" "" "" 0 0 0.0 0.0 -999 ""
FIBERMAP 1268 R0C1 APOGEE 1 1 0 1 0 0 -271.28903521664444 -1.259950901056365 143.1 26.984856440568525 -269.94495208916777 47.85139 53.84831 96.399957550357 -32.98802851113465 2.5251653 4.6225567 1.5619012 96.39996653624478 -32.988014713526226 96.28576192513562 -33.00142980741598 38.178781103539094 110.86532045529484 16000.0 16600.0 2016.0 2 254 {-999.0 10.36163 10.235868 10.251248 -999.0} sdss_psfmag_from_g3xp 10.393721 10.222518 9.926545 9.518 63050395078119792 974896806 "" ops_std_apogee ops_std standard_apogee 0 0 0.0 0.0 -999 ""
FIBERMAP 1268 R0C1 BOSS 0 0 0 1 0 0 -271.1567662219916 -1.975235953315328 143.1 27.68436759687227 -269.74543845191795 47.85139 53.84831 -999.0 -999.0 -999.0 -999.0 -999.0 96.40280242733898 -32.98733591794344 96.28828234453727 -33.0008204175546 38.176584367941615 110.86517043079743 -999.0 5400.0 -999.0 1 524 {-999.0 -999.0 -999.0 -999.0 -999.0} "" -999.0 -999.0 -999.0 -999.0 -999 -999 "" "" "" "" 0 0 0.0 0.0 -999 ""
FIBERMAP 1268 R0C1 METROLOGY 0 0 0 1 0 0 -271.8314164338203 -1.7625775903612082 143.1 27.536656818606772 -270.4372130605977 47.85139 53.84831 -999.0 -999.0 -999.0 -999.0 -999.0 96.40219467455792 -32.98948104852999 96.28775631532784 -33.00294585499788 38.17749262898392 110.86767848026136 -999.0 6231.0 -999.0 -1 -999 {-999.0 -999.0 -999.0 -999.0 -999.0} "" -999.0 -999.0 -999.0 -999.0 -999 -999 "" "" "" "" 0 0 0.0 0.0 -999 ""
FIBERMAP 1269 R+7C9 APOGEE 1 1 0 1 0 0 -20.46912859587283 126.51830822726365 143.1 -124.00580385795493 -32.37644710341864 347.0761 93.028755 95.85480352475017 -32.2706522060069 -8.100543 -4.609641 3.550294 95.85477492883827 -32.270665965060715 95.74351945603638 -32.28276058863694 38.45950962875771 109.84075476740988 16000.0 16600.0 2016.0 2 139 {-999.0 11.562164 11.20573 11.114204 -999.0} sdss_psfmag_from_g3xp 11.510201 11.227174 10.78517 10.057 63050395078195678 974896916 "" ops_std_apogee ops_std standard_apogee 0 0 0.0 0.0 -999 ""
FIBERMAP 1269 R+7C9 BOSS 0 0 0 1 0 0 -20.597338044505527 125.77436053800449 143.1 -123.25305419110951 -32.433517598299595 347.0761 93.028755 -999.0 -999.0 -999.0 -999.0 -999.0 95.85771058450317 -32.270795126964686 95.74614193964186 -32.28296012814322 38.457398487126234 109.84165652077283 -999.0 5400.0 -999.0 1 136 {-999.0 -999.0 -999.0 -999.0 -999.0} "" -999.0 -999.0 -999.0 -999.0 -999 -999 "" "" "" "" 0 0 0.0 0.0 -999 ""
FIBERMAP 1269 R+7C9 METROLOGY 0 0 0 1 0 0 -21.165338174843498 126.26004727351736 143.1 -123.68267620788838 -33.04501909899238 347.0761 93.028755 -999.0 -999.0 -999.0 -999.0 -999.0 95.85606669289653 -32.272670402661696 95.74457967300418 -32.28481261252166 38.45911130818224 109.84356881859719 -999.0 6231.0 -999.0 -1 -999 {-999.0 -999.0 -999.0 -999.0 -999.0} "" -999.0 -999.0 -999.0 -999.0 -999 -999 "" "" "" "" 0 0 0.0 0.0 -999 ""
FIBERMAP 1273 R+2C9 APOGEE 1 1 0 1 0 0 -87.32903184576435 30.74663519561313 143.1 -22.325065387759143 -89.85101940690394 232.121 158.10036 96.22042646165893 -32.44473006362914 -48.727924 -65.83851 7.9809246 96.22025411430594 -32.44492658115375 96.10818397901899 -32.45799468150933 38.20030753579599 110.14877499982346 16000.0 16600.0 2016.0 2 32 {-999.0 11.275651 10.79423 10.626172 -999.0} sdss_psfmag_from_g3xp 11.177969 10.82598 10.293447 9.339 63050395078129282 1103558086 bright_1x1 mwm_tess_2min_apogee mwm_planet science 0 0 0.0 0.0 -999 ""
FIBERMAP 1273 R+2C9 BOSS 0 0 0 1 0 0 -87.94895935212455 30.33656431695848 143.1 -21.858048098574155 -90.42925514702978 232.121 158.10036 -999.0 -999.0 -999.0 -999.0 -999.0 96.2222415971866 -32.44666510078944 96.10984774093208 -32.45980100669928 38.199358836333836 110.1514240062676 -999.0 5400.0 -999.0 1 54 {-999.0 -999.0 -999.0 -999.0 -999.0} "" -999.0 -999.0 -999.0 -999.0 -999 -999 "" "" "" "" 0 0 0.0 0.0 -999 ""
FIBERMAP 1273 R+2C9 METROLOGY 0 0 0 1 0 0 -87.9933328067751 31.091964871938426 143.1 -22.605830190871057 -90.54507478151984 232.121 158.10036 -999.0 -999.0 -999.0 -999.0 -999.0 96.21946012787198 -32.44704824836638 96.10715496374792 -32.46015843793596 38.20165203449319 110.15119878595652 -999.0 6231.0 -999.0 -1 -999 {-999.0 -999.0 -999.0 -999.0 -999.0} "" -999.0 -999.0 -999.0 -999.0 -999 -999 "" "" "" "" 0 0 0.0 0.0 -999 ""
FIBERMAP 1275 R-6C7 APOGEE 0 0 0 1 0 0 -83.82861686689334 -125.44561665213423 143.1 132.83014488438565 -71.55224483220054 282.28616 135.22952 -999.0 -999.0 -999.0 -999.0 -999.0 96.77765870844998 -32.38675866170984 96.66555930190827 -32.401406340821026 37.729627581746605 110.21810831834199 -999.0 16600.0 -999.0 2 246 {-999.0 -999.0 -999.0 -999.0 -999.0} "" -999.0 -999.0 -999.0 -999.0 -999 -999 "" "" "" "" 0 0 0.0 0.0 -999 ""
FIBERMAP 1275 R-6C7 BOSS 1 1 0 1 0 0 -84.22209191348534 -126.07761942921934 143.1 133.49661424747342 -71.88400102350239 282.28616 135.22952 96.7804459180582 -32.38771105061794 -0.49962595 -0.14045306 -0.40802568 96.78044415203544 -32.387711469848306 96.66802156847766 -32.402431787497804 37.72784841110464 110.21998699527927 5400.0 5400.0 2016.0 1 505 {-999.0 20.609785 20.232832 20.115849 -999.0} sdss_psfmag_gaia 20.649849 20.254354 19.885977 -999.0 63050395078133213 1116443921 bright_1x1 openfibertargets_bhm_quaia_boss open_fiber science 0 0 0.0 0.0 -999 ""
FIBERMAP 1275 R-6C7 METROLOGY 0 0 0 1 0 0 -84.57145265081546 -125.41878849486102 143.1 132.87389259245518 -72.29427203531623 282.28616 135.22952 -999.0 -999.0 -999.0 -999.0 -999.0 96.77814805352384 -32.38899880686308 96.66581185620515 -32.403693851041226 37.72995863060086 110.22098280943447 -999.0 6231.0 -999.0 -1 -999 {-999.0 -999.0 -999.0 -999.0 -999.0} "" -999.0 -999.0 -999.0 -999.0 -999 -999 "" "" "" "" 0 0 0.0 0.0 -999 ""
FIBERMAP 1278 R+2C4 APOGEE 0 0 0 1 0 0 -210.5025251268667 41.11860365944008 143.1 -20.967741751368518 -213.45225141683846 124.161064 151.05893 -999.0 -999.0 -999.0 -999.0 -999.0 96.22640468848806 -32.81871970566474 96.11291870638087 -32.83169719580027 38.28184158745804 110.61314425632673 -999.0 16600.0 -999.0 2 -999 {-999.0 -999.0 -999.0 -999.0 -999.0} "" -999.0 -999.0 -999.0 -999.0 -999 -999 "" "" "" "" 0 0 0.0 0.0 -999 ""
FIBERMAP 1278 R+2C4 BOSS 1 1 0 1 0 0 -210.60772652962027 41.800936802416516 143.1 -21.63701698545255 -213.6216942974287 124.161064 151.05893 96.22427161076106 -32.819219699164876 8.293406 -0.10430476 3.562196 96.22430106692941 -32.81922001049482 96.1105009679545 -32.83225281942277 38.28394618312742 110.61324850202173 5400.0 5400.0 2016.0 1 35 {-999.0 17.19536 15.792172 15.129755 -999.0} sdss_psfmag_gaia 16.63554 15.695453 14.740433 12.9 63050395078124909 1075851420 bright_1x1 mwm_erosita_stars_boss mwm_erosita science 0 0 0.0 0.0 -999 ""
FIBERMAP 1278 R+2C4 METROLOGY 0 0 0 1 0 0 -209.89631464911753 41.556789776818604 143.1 -21.46144636789827 -212.89033739641016 124.161064 151.05893 -999.0 -999.0 -999.0 -999.0 -999.0 96.2248346378071 -32.81706450486319 96.11113034204834 -32.8300820219165 38.28294010631669 110.61070700025121 -999.0 6231.0 -999.0 -1 -999 {-999.0 -999.0 -999.0 -999.0 -999.0} "" -999.0 -999.0 -999.0 -999.0 -999 -999 "" "" "" "" 0 0 0.0 0.0 -999 ""
FIBERMAP 1279 R-5C22 APOGEE 1 1 0 1 0 0 235.40800458927743 -106.04560954294787 143.1 83.23949395122109 244.40335504740239 227.28491 152.27689 96.59207814081657 -31.431350161354686 -3.7415524 0.47187036 0.5966956 96.5920650523386 -31.43134875289486 96.48358477241955 -31.445754614011655 37.649377946867084 108.99899610410527 16000.0 16600.0 2016.0 2 236 {-999.0 12.754047 11.850045 11.535963 -999.0} sdss_psfmag_from_g3xp 12.471506 11.897485 11.180921 9.688 63050395078210870 1106874982 bright_1x1 mwm_tess_rgb_apogee mwm_tessrgb science 0 0 0.0 0.0 -999 ""
FIBERMAP 1279 R-5C22 BOSS 0 0 0 1 0 0 234.71555613953876 -106.3219920894097 143.1 83.58030466737664 243.7402459583261 227.28491 152.27689 -999.0 -999.0 -999.0 -999.0 -999.0 96.59361080777288 -31.43325915305729 96.4848074441565 -31.447737117700452 37.64885528623149 109.00174737472292 -999.0 5400.0 -999.0 1 346 {-999.0 -999.0 -999.0 -999.0 -999.0} "" -999.0 -999.0 -999.0 -999.0 -999 -999 "" "" "" "" 0 0 0.0 0.0 -999 ""
FIBERMAP 1279 R-5C22 METROLOGY 0 0 0 1 0 0 234.83513583274797 -105.57615708653924 143.1 82.82649470115585 243.78854664843357 227.28491 152.27689 -999.0 -999.0 -999.0 -999.0 -999.0 96.5908659384791 -31.433097500162923 96.48215372072616 -31.447548437680876 37.65100300510084 109.00081213458242 -999.0 6231.0 -999.0 -1 -999 {-999.0 -999.0 -999.0 -999.0 -999.0} "" -999.0 -999.0 -999.0 -999.0 -999 -999 "" "" "" "" 0 0 0.0 0.0 -999 ""
FIBERMAP 1282 R+11C4 APOGEE 1 1 0 1 0 0 -100.6687182977169 226.1198907259593 143.1 -215.55120628306875 -121.66080049794454 87.54211 120.75835 95.52691070574578 -32.53989118967304 -4.2311645 -24.227238 5.183086 95.52689572458716 -32.539963504184215 95.41477711023406 -32.55106284491717 38.79090260638773 110.09411518218359 16000.0 16600.0 2016.0 2 148 {-999.0 12.323633 11.758837 11.58804 -999.0} sdss_psfmag_from_g3xp 12.196982 11.807576 11.253737 10.273 63050395078193579 1076209010 bright_1x1 mwm_snc_ext_main_apogee mwm_snc science 0 0 0.0 0.0 -999 ""
FIBERMAP 1282 R+11C4 BOSS 0 0 0 1 0 0 -100.04156985656435 226.4701715635383 143.1 -215.959388294259 -121.06970559081527 87.54211 120.75835 -999.0 -999.0 -999.0 -999.0 -999.0 95.52572857347586 -32.53811813658386 95.41330787751599 -32.54927466214345 38.791706429709706 110.09152205524282 -999.0 5400.0 -999.0 1 151 {-999.0 -999.0 -999.0 -999.0 -999.0} "" -999.0 -999.0 -999.0 -999.0 -999 -999 "" "" "" "" 0 0 0.0 0.0 -999 ""
FIBERMAP 1282 R+11C4 METROLOGY 0 0 0 1 0 0 -100.04323843917902 225.73202272773224 143.1 -215.22441315961427 -121.00135641365792 87.54211 120.75835 -999.0 -999.0 -999.0 -999.0 -999.0 95.52822144310389 -32.53796547052491 95.41588741238706 -32.549112022256054 38.78955130833908 110.09194713309114 -999.0 6231.0 -999.0 -1 -999 {-999.0 -999.0 -999.0 -999.0 -999.0} "" -999.0 -999.0 -999.0 -999.0 -999 -999 "" "" "" "" 0 0 0.0 0.0 -999 ""
FIBERMAP 1283 R+3C24 APOGEE 1 1 0 1 0 0 244.49074290689921 56.43970159301605 143.1 -79.37382684616611 238.03406469523637 188.8076 115.26583 96.0152623769751 -31.452117346512384 1.2038032 2.1501257 0.46548837 96.01526658898155 -31.452110928723553 95.90696908898904 -31.464892932194434 38.131013479747 108.87015083350443 16000.0 16600.0 2016.0 2 85 {-999.0 11.1436825 10.165502 9.811586 -999.0} sdss_psfmag_from_g3xp 10.823615 10.200781 9.45235 7.861 63050395078213301 1151850761 bright_1x1 mwm_galactic_core_dist_apogee_sparse mwm_galactic science 0 0 0.0 0.0 -999 ""
FIBERMAP 1283 R+3C24 BOSS 0 0 0 1 0 0 244.06886510314558 57.04717530847974 143.1 -79.93854517521756 237.55647496495487 188.8076 115.26583 -999.0 -999.0 -999.0 -999.0 -999.0 96.01356518824556 -31.453468401766415 95.90495318024705 -31.466311363395842 38.13302562475922 108.87137002630595 -999.0 5400.0 -999.0 1 258 {-999.0 -999.0 -999.0 -999.0 -999.0} "" -999.0 -999.0 -999.0 -999.0 -999 -999 "" "" "" "" 0 0 0.0 0.0 -999 ""
FIBERMAP 1283 R+3C24 METROLOGY 0 0 0 1 0 0 244.8049284922769 57.1361177093872 143.1 -80.09689852781383 238.2807800062038 188.8076 115.26583 -999.0 -999.0 -999.0 -999.0 -999.0 96.01290403349874 -31.451270347899815 95.90438826799243 -31.464093363252253 38.13295508976735 108.86848584338028 -999.0 6231.0 -999.0 -1 -999 {-999.0 -999.0 -999.0 -999.0 -999.0} "" -999.0 -999.0 -999.0 -999.0 -999 -999 "" "" "" "" 0 0 0.0 0.0 -999 ""
FIBERMAP 1284 R+4C21 APOGEE 1 1 0 1 0 0 197.20518194078008 63.661919369346066 143.1 -82.07861281054026 190.27695172704748 263.05826 105.84982 96.00540161132812 -31.595955490227936 -999.0 -999.0 -999.0 96.00540161132812 -31.595955490227944 95.89658023555265 -31.608667851200394 38.17434387439652 109.04484756772753 16000.0 16600.0 2015.5 2 116 {-999.0 -999.0 -999.0 -999.0 -999.0} "" -999.0 -999.0 -999.0 -999.0 27021603127959056 841285527 "" ops_sky_apogee_best ops_sky sky_apogee 0 0 0.0 0.0 -999 ""
FIBERMAP 1284 R+4C21 BOSS 0 0 0 1 0 0 196.47335509672263 63.52275871475494 143.1 -81.87066970440361 189.56162709175834 263.05826 105.84982 -999.0 -999.0 -999.0 -999.0 -999.0 96.00642327348369 -31.597997790439692 95.8972835991878 -31.610777930144437 38.17427020704041 109.04763618664026 -999.0 5400.0 -999.0 1 201 {-999.0 -999.0 -999.0 -999.0 -999.0} "" -999.0 -999.0 -999.0 -999.0 -999 -999 "" "" "" "" 0 0 0.0 0.0 -999 ""
FIBERMAP 1284 R+4C21 METROLOGY 0 0 0 1 0 0 196.7237799421368 64.22629586246765 143.1 -82.59478284278376 189.74419407581374 263.05826 105.84982 -999.0 -999.0 -999.0 -999.0 -999.0 96.003747730997 -31.597443921473804 95.89469924839591 -31.610198154028105 38.17626694122531 109.04624665670235 -999.0 6231.0 -999.0 -1 -999 {-999.0 -999.0 -999.0 -999.0 -999.0} "" -999.0 -999.0 -999.0 -999.0 -999 -999 "" "" "" "" 0 0 0.0 0.0 -999 ""
FIBERMAP 1288 R-12C5 APOGEE 0 0 0 1 0 0 -69.11618073699995 -222.47101310333366 143.1 228.02216358728242 -47.703780091931364 77.975914 137.75305 -999.0 -999.0 -999.0 -999.0 -999.0 97.11723160179307 -32.31146698972403 97.005266539672 -32.3270895609873 37.43325221251849 110.21277712264379 -999.0 16600.0 -999.0 2 -999 {-999.0 -999.0 -999.0 -999.0 -999.0} "" -999.0 -999.0 -999.0 -999.0 -999 -999 "" "" "" "" 0 0 0.0 0.0 -999 ""
FIBERMAP 1288 R-12C5 BOSS 1 1 0 1 0 0 -68.53087868202934 -222.0371253397626 143.1 227.5347209956175 -47.16227243464358 77.975914 137.75305 97.11561107831866 -32.30978845013837 -0.95254475 1.1280138 0.2286758 97.1158392585833 -32.30978508319356 97.00355991029267 -32.32547090856685 37.43426676228151 110.21036435560461 5400.0 5400.0 2016.0 1 427 {-999.0 14.074079 13.326989 13.049111 -999.0} sdss_psfmag_from_g3xp 13.866254 13.359918 12.698264 11.345 63050395078133763 932005302 bright_1x1 openfibertargets_nov2020_12 open_fiber science 0 0 0.7044999599456787 0.0 -999 ""
FIBERMAP 1288 R-12C5 METROLOGY 0 0 0 1 0 0 -68.43266485918133 -222.77482926742954 143.1 228.25977981579697 -46.99453391275015 77.975914 137.75305 -999.0 -999.0 -999.0 -999.0 -999.0 97.11836702304724 -32.30927682511237 97.00617939456924 -32.32495100840042 37.4319930727581 110.21039334684713 -999.0 6231.0 -999.0 -1 -999 {-999.0 -999.0 -999.0 -999.0 -999.0} "" -999.0 -999.0 -999.0 -999.0 -999 -999 "" "" "" "" 0 0 0.0 0.0 -999 ""
FIBERMAP 1292 R-8C6 APOGEE 0 0 0 1 0 0 -96.81774980396415 -162.98590554626225 143.1 171.43294233377463 -80.9222114039479 204.07932 137.82796 -999.0 -999.0 -999.0 -999.0 -999.0 96.91617837189358 -32.41400685472175 96.80391666034694 -32.42903527131084 37.622625842625574 110.28680211068331 -999.0 16600.0 -999.0 2 -999 {-999.0 -999.0 -999.0 -999.0 -999.0} "" -999.0 -999.0 -999.0 -999.0 -999 -999 "" "" "" "" 0 0 0.0 0.0 -999 ""
FIBERMAP 1292 R-8C6 BOSS 1 1 0 1 0 0 -97.55975610546159 -162.765310932207 143.1 171.28371956225538 -81.68179078012666 204.07932 137.82796 96.916051662872 -32.416271054868396 -0.93205726 -0.0014938192 -0.009084653 96.91604836729628 -32.416271059327165 96.8034585757145 -32.431363940242974 37.623550858742355 110.28954408790904 5400.0 5400.0 2016.0 1 363 {-999.0 20.577557 20.401196 20.365276 -999.0} sdss_psfmag_gaia 20.532923 20.390406 19.989334 -999.0 63050395078132953 1116443919 bright_1x1 openfibertargets_bhm_quaia_boss open_fiber science 0 0 0.0 0.0 -999 ""
FIBERMAP 1292 R-8C6 METROLOGY 0 0 0 1 0 0 -96.9819536942835 -162.25615538408337 143.1 170.7220602490573 -81.15488773786387 204.07932 137.82796 -999.0 -999.0 -999.0 -999.0 -999.0 96.9139606836736 -32.414722708469654 96.80146816685209 -32.42979162224005 37.62481258805937 110.28711466932037 -999.0 6231.0 -999.0 -1 -999 {-999.0 -999.0 -999.0 -999.0 -999.0} "" -999.0 -999.0 -999.0 -999.0 -999 -999 "" "" "" "" 0 0 0.0 0.0 -999 ""
FIBERMAP 1293 R+1C5 APOGEE 1 1 0 1 0 0 -197.93575136289272 7.631751552652705 143.1 11.176048542291591 -197.7661200645802 243.87389 110.23979 96.34211686399425 -32.77121092535547 -1.2901636 25.604204 1.8172997 96.34211228412269 -32.77113450081394 96.22875639794458 -32.784449883978766 38.176301670655974 110.5826802360189 16000.0 16600.0 2016.0 2 39 {-999.0 11.628472 10.86046 10.604329 -999.0} sdss_psfmag_from_g3xp 11.410618 10.912294 10.256928 8.973 63050395078127207 1109826640 bright_1x1 mwm_tess_rgb_apogee mwm_tessrgb science 0 0 0.0 0.0 -999 ""
FIBERMAP 1293 R+1C5 BOSS 0 0 0 1 0 0 -198.66659581526517 7.687505767819708 143.1 11.189863436947102 -198.4989535759042 243.87389 110.23979 -999.0 -999.0 -999.0 -999.0 -999.0 96.34249055268683 -32.773337714138165 96.22881020332153 -32.78671543439678 38.176773034280224 110.58549973317673 -999.0 5400.0 -999.0 1 65 {-999.0 -999.0 -999.0 -999.0 -999.0} "" -999.0 -999.0 -999.0 -999.0 -999 -999 "" "" "" "" 0 0 0.0 0.0 -999 ""
FIBERMAP 1293 R+1C5 METROLOGY 0 0 0 1 0 0 -198.27761082288308 8.307908409832528 143.1 10.535367708868906 -198.17056694828725 243.87389 110.23979 -999.0 -999.0 -999.0 -999.0 -999.0 96.34003957516276 -32.77240074292142 96.22645322055024 -32.78575431138925 38.17848392847848 110.58373568867535 -999.0 6231.0 -999.0 -1 -999 {-999.0 -999.0 -999.0 -999.0 -999.0} "" -999.0 -999.0 -999.0 -999.0 -999 -999 "" "" "" "" 0 0 0.0 0.0 -999 ""
FIBERMAP 1294 R+13C4 APOGEE 1 1 0 1 0 0 -59.32450848496055 248.57417513908618 143.1 -241.8254530924925 -82.63290779969368 35.022213 61.847046 95.43343439448076 -32.421468300319006 3.1720433 6.3359966 0.8052601 95.43344561086137 -32.421449388360394 95.32181390748927 -32.43232128658168 38.840488705504114 109.92293732885295 16000.0 16600.0 2016.0 2 53 {-999.0 12.116822 11.316538 11.038015 -999.0} sdss_psfmag_from_g3xp 11.88298 11.363653 10.689406 9.356 63050395078194166 1106785456 bright_1x1 mwm_tess_rgb_apogee mwm_tessrgb science 0 0 0.0 0.0 -999 ""
FIBERMAP 1294 R+13C4 BOSS 0 0 0 1 0 0 -59.314579163174116 247.822640981502 143.1 -241.07825306772264 -82.55174353043212 35.022213 61.847046 -999.0 -999.0 -999.0 -999.0 -999.0 95.43639997248715 -32.42116294820602 95.32446086293089 -32.432103329810495 38.838263177084855 109.92331361013908 -999.0 5400.0 -999.0 1 90 {-999.0 -999.0 -999.0 -999.0 -999.0} "" -999.0 -999.0 -999.0 -999.0 -999 -999 "" "" "" "" 0 0 0.0 0.0 -999 ""
FIBERMAP 1294 R+13C4 METROLOGY 0 0 0 1 0 0 -59.981489593464616 248.2033069468761 143.1 -241.39394715713385 -83.25174808968717 35.022213 61.847046 -999.0 -999.0 -999.0 -999.0 -999.0 95.43513184227807 -32.4233043191027 95.32327221753962 -32.43422348359644 38.839720003375355 109.92567364595425 -999.0 6231.0 -999.0 -1 -999 {-999.0 -999.0 -999.0 -999.0 -999.0} "" -999.0 -999.0 -999.0 -999.0 -999 -999 "" "" "" "" 0 0 0.0 0.0 -999 ""
FIBERMAP 1295 R-12C3 APOGEE 0 0 0 1 0 0 -129.38861656183735 -244.7845242410938 143.1 255.9515330208744 -105.58780967661114 275.94882 41.177273 -999.0 -999.0 -999.0 -999.0 -999.0 97.21852709915287 -32.48533103586483 97.1058674931287 -32.50118737098632 37.392142523582145 110.45109998369358 -999.0 16600.0 -999.0 2 -999 {-999.0 -999.0 -999.0 -999.0 -999.0} "" -999.0 -999.0 -999.0 -999.0 -999 -999 "" "" "" "" 0 0 0.0 0.0 -999 ""
FIBERMAP 1295 R-12C3 BOSS 1 1 0 1 0 0 -129.97859600943127 -244.27607740547307 143.1 255.50133828497695 -106.22334997841651 275.94882 41.177273 97.21724916269622 -32.487227122421906 0.6083453 9.792127 1.0351306 97.2172513153825 -32.487197894456656 97.10426311689557 -32.50311643710883 37.393914144314735 110.45305542420195 5400.0 5400.0 2016.0 1 425 {-999.0 14.918742 14.547263 14.427492 -999.0} sdss_psfmag_from_g3xp 14.861809 14.562873 14.097948 13.239 63050395078131828 977728390 "" ops_std_boss ops_std standard_boss 0 0 0.0 0.0 -999 ""
FIBERMAP 1295 R-12C3 METROLOGY 0 0 0 1 0 0 -129.21877969376555 -244.05606445837438 143.1 255.21025316821746 -105.48783070491463 275.94882 41.177273 -999.0 -999.0 -999.0 -999.0 -999.0 97.21616142626074 -32.485029176334656 97.10327285413291 -32.500926490086215 37.394206681550315 110.45012840565045 -999.0 6231.0 -999.0 -1 -999 {-999.0 -999.0 -999.0 -999.0 -999.0} "" -999.0 -999.0 -999.0 -999.0 -999 -999 "" "" "" "" 0 0 0.0 0.0 -999 ""
FIBERMAP 1297 R+11C13 APOGEE 0 0 0 1 0 0 112.68912780877515 223.17478184132486 143.1 -232.85546132802457 91.01329210288641 56.25312 99.64152 -999.0 -999.0 -999.0 -999.0 -999.0 95.4683085006109 -31.89614382519917 95.35862193254076 -31.907264761140603 38.68950080346828 109.27675146147607 -999.0 16600.0 -999.0 2 123 {-999.0 -999.0 -999.0 -999.0 -999.0} "" -999.0 -999.0 -999.0 -999.0 -999 -999 "" "" "" "" 0 0 0.0 0.0 -999 ""
FIBERMAP 1297 R+11C13 BOSS 1 1 0 1 0 0 113.36280308284024 222.88356692600001 143.1 -232.62945612825996 91.71154692419977 56.25312 99.64152 95.46941220264453 -31.89396545757367 -0.013270729 0.4741263 0.71558714 95.46941215598991 -31.893964042380862 95.35942729256432 -31.905151103755653 38.68834266136411 109.27432281183837 5400.0 5400.0 2016.0 1 104 {-999.0 20.464302 20.143456 20.049074 -999.0} sdss_psfmag_gaia 20.423376 20.157299 19.720247 -999.0 63050395078202266 1116444408 bright_1x1 openfibertargets_bhm_quaia_boss open_fiber science 0 0 0.0 0.0 -999 ""
FIBERMAP 1297 R+11C13 METROLOGY 0 0 0 1 0 0 112.78770146054366 222.42869292461006 143.1 -232.12208949634697 91.18218410943814 56.25312 99.64152 -999.0 -999.0 -999.0 -999.0 -999.0 95.47106254700279 -31.895569180480905 95.3611574460503 -31.906742704702058 38.68728598796389 109.27674478055101 -999.0 6231.0 -999.0 -1 -999 {-999.0 -999.0 -999.0 -999.0 -999.0} "" -999.0 -999.0 -999.0 -999.0 -999 -999 "" "" "" "" 0 0 0.0 0.0 -999 ""
FIBERMAP 1298 R+9C18 APOGEE 0 0 0 1 0 0 184.91605757104787 184.0318462170855 143.1 -200.73962676809492 166.62673221716793 102.35419 134.47789 -999.0 -999.0 -999.0 -999.0 -999.0 95.58397680570292 -31.66786835459799 95.47508172801639 -31.67937926228134 38.539678140406004 109.02309195903337 -999.0 16600.0 -999.0 2 102 {-999.0 -999.0 -999.0 -999.0 -999.0} "" -999.0 -999.0 -999.0 -999.0 -999 -999 "" "" "" "" 0 0 0.0 0.0 -999 ""
FIBERMAP 1298 R+9C18 BOSS 1 1 0 1 0 0 185.34504175938406 184.6273645363281 143.1 -201.37314425064355 166.9972976572994 102.35419 134.47789 95.58200941273688 -31.666672411047426 10.400109 -3.9300303 1.9257536 95.58204588564955 -31.66668414156762 95.47284999990764 -31.678253728069564 38.54125631118435 109.02111819977647 5400.0 5400.0 2016.0 1 176 {-999.0 18.848623 17.208315 16.310364 -999.0} sdss_psfmag_gaia 18.104176 16.9507 15.884558 13.772 63050395078204363 1075851467 bright_1x1 mwm_erosita_stars_boss mwm_erosita science 0 0 0.0 0.0 -999 ""
FIBERMAP 1298 R+9C18 METROLOGY 0 0 0 1 0 0 185.6530888347647 183.95187943821657 143.1 -200.7299251854163 167.368021070002 102.35419 134.47789 -999.0 -999.0 -999.0 -999.0 -999.0 95.58420275403827 -31.665552973091025 95.47509629348434 -31.6771108557176 38.539128143173954 109.02027834074335 -999.0 6231.0 -999.0 -1 -999 {-999.0 -999.0 -999.0 -999.0 -999.0} "" -999.0 -999.0 -999.0 -999.0 -999 -999 "" "" "" "" 0 0 0.0 0.0 -999 ""
FIBERMAP 1299 R+7C16 APOGEE 1 1 0 1 0 0 138.44699252719766 124.16131905061694 143.1 -136.73196147598784 126.04588654071091 6.727233 64.80012 95.81007917762857 -31.79031542977783 -43.693943 -0.11478889 8.959862 95.81039550201474 -31.790315772312695 95.70094838687736 -31.80242529913074 38.382232769147414 109.2339001231411 16000.0 16600.0 2016.0 2 62 {-999.0 6.6838293 6.056978 5.8202233 -999.0} sdss_psfmag_from_g3xp 6.533545 6.0939956 5.482928 4.483 63050395078202732 1110681824 bright_1x1 mwm_tess_rgb_apogee mwm_tessrgb science 0 0 1.4374423027038574 0.0 -999 ""
FIBERMAP 1299 R+7C16 BOSS 0 0 0 1 0 0 138.18246730610082 123.46922321222277 143.1 -136.01790064183828 125.84819767045578 6.727233 64.80012 -999.0 -999.0 -999.0 -999.0 -999.0 95.81319389936885 -31.790805802807075 95.70343180784437 -31.802986951091057 38.380315322554694 109.23523414146914 -999.0 5400.0 -999.0 1 209 {-999.0 -999.0 -999.0 -999.0 -999.0} "" -999.0 -999.0 -999.0 -999.0 -999 -999 "" "" "" "" 0 0 0.0 0.0 -999 ""
FIBERMAP 1299 R+7C16 METROLOGY 0 0 0 1 0 0 137.71731323461415 124.02510265435565 143.1 -136.52715302395652 125.33242051279694 6.727233 64.80012 -999.0 -999.0 -999.0 -999.0 -999.0 95.81126611447307 -31.7923695882672 95.70158667030444 -31.804526727471607 38.38220358650657 109.23666854212905 -999.0 6231.0 -999.0 -1 -999 {-999.0 -999.0 -999.0 -999.0 -999.0} "" -999.0 -999.0 -999.0 -999.0 -999 -999 "" "" "" "" 0 0 0.0 0.0 -999 ""
FIBERMAP 1305 R+6C10 APOGEE 0 0 0 1 0 0 -28.499511999840415 105.63722507266414 143.1 -102.45732947404002 -38.39010132429349 234.34825 123.26679 -999.0 -999.0 -999.0 -999.0 -999.0 95.9320291932351 -32.28897521948365 95.82066936956136 -32.30128086372319 38.40033536597789 109.88299157449956 -999.0 16600.0 -999.0 2 -999 {-999.0 -999.0 -999.0 -999.0 -999.0} "" -999.0 -999.0 -999.0 -999.0 -999 -999 "" "" "" "" 0 0 0.0 0.0 -999 ""
FIBERMAP 1305 R+6C10 BOSS 1 1 0 1 0 0 -29.23935057449676 105.67010944962881 143.1 -102.41989492060345 -39.12971925363573 234.34825 123.26679 95.93242178616406 -32.29119101706503 -3.7038288 4.445866 0.54721755 95.93240870823615 -32.291177746849975 95.82072985546623 -32.303546241043556 38.40080930647009 109.88581902256404 5400.0 5400.0 2016.0 1 133 {-999.0 15.519861 15.186064 15.086468 -999.0} sdss_psfmag_gaia 15.480191 15.201775 14.762991 13.951 63050395078195622 979931508 "" ops_std_boss ops_std standard_boss 0 0 0.0 0.0 -999 ""
FIBERMAP 1305 R+6C10 METROLOGY 0 0 0 1 0 0 -28.85193588491284 106.29699444299483 143.1 -103.08069480265867 -38.80351066358422 234.34825 123.26679 -999.0 -999.0 -999.0 -999.0 -999.0 95.92993840829992 -32.29020802244931 95.8183521701909 -32.30255218065573 38.40253478715913 109.88399218596965 -999.0 6231.0 -999.0 -1 -999 {-999.0 -999.0 -999.0 -999.0 -999.0} "" -999.0 -999.0 -999.0 -999.0 -999 -999 "" "" "" "" 0 0 0.0 0.0 -999 ""
FIBERMAP 1307 R+1C13 APOGEE 1 0 0 1 1 0 -12.308032585582241 11.141732655208756 143.1 -9.924075837023455 -13.309220078321774 205.142 159.97935 96.20990860300051 -32.250663702920974 -5.0221143 -2.530366 0.6999114 96.26408439387788 -32.21247272236356 96.15286257077213 -32.225730846467755 38.10956276759745 109.87267392142542 16000.0 16600.0 2016.0 2 11 {-999.0 12.154201 11.510843 11.24516 -999.0} sdss_psfmag_from_g3xp 11.990194 11.538037 10.899049 9.634 63050395078130472 1105173558 bright_1x1 mwm_tess_rgb_apogee mwm_tessrgb science 0 0 0.0 0.0 -999 ""
FIBERMAP 1307 R+1C13 BOSS 0 0 0 1 1 0 -13.05350346040439 11.053283529971143 143.1 -9.765321274108038 -14.042936925508538 205.142 159.97935 -999.0 -999.0 -999.0 -999.0 -999.0 96.26496797039361 -32.21464413989377 96.15342405587029 -32.22796803395867 38.10962511074773 109.8755795042157 -999.0 5400.0 -999.0 1 13 {-999.0 -999.0 -999.0 -999.0 -999.0} "" -999.0 -999.0 -999.0 -999.0 -999 -999 "" "" "" "" 0 0 0.0 0.0 -999 ""
FIBERMAP 1307 R+1C13 METROLOGY 0 0 0 1 1 0 -12.75852242286976 11.741298432232593 143.1 -10.478208195826975 -13.814542655360864 205.142 159.97935 -999.0 -999.0 -999.0 -999.0 -999.0 96.26231525059946 -32.213976206980654 96.15086389313848 -32.22727473965903 38.11156817596913 109.87407809771292 -999.0 6231.0 -999.0 -1 -999 {-999.0 -999.0 -999.0 -999.0 -999.0} "" -999.0 -999.0 -999.0 -999.0 -999 -999 "" "" "" "" 0 0 0.0 0.0 -999 ""
FIBERMAP 1310 R+2C13 APOGEE 0 0 0 1 0 0 -16.164051348992693 37.258632963857934 143.1 -35.557359324182684 -19.624908162988984 207.7341 92.153336 -999.0 -999.0 -999.0 -999.0 -999.0 96.17209073067329 -32.23184970066464 96.06083740850642 -32.24484439537445 38.18971500324186 109.87315616345222 -999.0 16600.0 -999.0 2 -999 {-999.0 -999.0 -999.0 -999.0 -999.0} "" -999.0 -999.0 -999.0 -999.0 -999 -999 "" "" "" "" 0 0 0.0 0.0 -999 ""
FIBERMAP 1310 R+2C13 BOSS 1 1 0 1 0 0 -16.55073066803813 37.9060712099517 143.1 -36.16520021059911 -20.071248755447247 207.7341 92.153336 96.17019653320312 -32.23315751576979 -999.0 -999.0 -999.0 96.17019653320312 -32.23315751576979 96.05862641578909 -32.24621002842366 38.191852148628016 109.87429030321623 5400.0 5400.0 2015.5 1 110 {-999.0 -999.0 -999.0 -999.0 -999.0} "" -999.0 -999.0 -999.0 -999.0 27021603127957212 819173141 "" ops_sky_boss_good ops_sky sky_boss 0 0 0.0 0.0 -999 ""
FIBERMAP 1310 R+2C13 METROLOGY 0 0 0 1 0 0 -15.804237317926935 37.9144012764839 143.1 -36.24429434473761 -19.328915101800348 207.7341 92.153336 -999.0 -999.0 -999.0 -999.0 -999.0 96.16981502228877 -32.230922876986746 96.0583420247334 -32.24395697726762 38.19156007254406 109.87143139787037 -999.0 6231.0 -999.0 -1 -999 {-999.0 -999.0 -999.0 -999.0 -999.0} "" -999.0 -999.0 -999.0 -999.0 -999 -999 "" "" "" "" 0 0 0.0 0.0 -999 ""
FIBERMAP 1311 R-8C9 APOGEE 0 0 0 1 0 0 -10.867129622173266 -155.2188582482315 143.1 155.5489100424033 3.903762020021027 348.47302 129.41 -999.0 -999.0 -999.0 -999.0 -999.0 96.85697793552806 -32.157327141029896 96.74570081457557 -32.17226411837487 37.60949032282357 109.95716261410809 -999.0 16600.0 -999.0 2 -999 {-999.0 -999.0 -999.0 -999.0 -999.0} "" -999.0 -999.0 -999.0 -999.0 -999 -999 "" "" "" "" 0 0 0.0 0.0 -999 ""
FIBERMAP 1311 R-8C9 BOSS 1 1 0 1 0 0 -10.524738618809117 -155.87715698696528 143.1 156.17176295324953 4.307044282369081 348.47302 129.41 96.85958862304688 -32.15601848918941 -999.0 -999.0 -999.0 96.85958862304688 -32.156018489189414 96.74799655095917 -32.17102951841198 37.607308532700486 109.95623495014499 5400.0 5400.0 2015.5 1 387 {-999.0 -999.0 -999.0 -999.0 -999.0} "" -999.0 -999.0 -999.0 -999.0 27021603127947696 819170881 "" ops_sky_boss_good ops_sky sky_boss 0 0 0.0 0.0 -999 ""
FIBERMAP 1311 R-8C9 METROLOGY 0 0 0 1 0 0 -11.262924645859332 -155.85355858383994 143.1 156.21828482720292 3.5699521756318977 348.47302 129.41 -999.0 -999.0 -999.0 -999.0 -999.0 96.85970770216917 -32.15827163467487 96.74819746226882 -32.1732635345823 37.60767678955856 109.9590246289967 -999.0 6231.0 -999.0 -1 -999 {-999.0 -999.0 -999.0 -999.0 -999.0} "" -999.0 -999.0 -999.0 -999.0 -999 -999 "" "" "" "" 0 0 0.0 0.0 -999 ""
FIBERMAP 1313 R+6C17 APOGEE 1 1 0 1 0 0 134.41334475319175 99.58304536026017 143.1 -111.88205855638101 124.36158947644824 296.66187 87.288475 95.89888574761123 -31.795337020997742 -0.33233514 0.5771501 0.76676136 95.89888458050116 -31.795335298295022 95.78937624790694 -31.807691153203855 38.310475741805774 109.26314865832136 16000.0 16600.0 2016.0 2 63 {-999.0 11.873872 11.105053 10.825976 -999.0} sdss_psfmag_from_g3xp 11.656496 11.145283 10.478548 9.144 63050395078202770 1107854855 bright_1x1 mwm_tess_rgb_apogee mwm_tessrgb science 0 0 0.0 0.0 -999 ""
FIBERMAP 1313 R+6C17 BOSS 0 0 0 1 0 0 133.68924051218858 99.35495534071616 143.1 -111.58631996257779 123.66238715089719 296.66187 87.288475 -999.0 -999.0 -999.0 -999.0 -999.0 95.90019159338925 -31.797337033950257 95.79036528116802 -31.80976027475305 38.31015045005332 109.2659645248635 -999.0 5400.0 -999.0 1 215 {-999.0 -999.0 -999.0 -999.0 -999.0} "" -999.0 -999.0 -999.0 -999.0 -999 -999 "" "" "" "" 0 0 0.0 0.0 -999 ""
FIBERMAP 1313 R+6C17 METROLOGY 0 0 0 1 0 0 133.8678594469127 100.08661621070725 143.1 -112.33161939407177 123.77080493823314 296.66187 87.288475 -999.0 -999.0 -999.0 -999.0 -999.0 95.89743243644438 -31.797015159120704 95.78769634038099 -31.80941253151862 38.312271148717215 109.26484784599947 -999.0 6231.0 -999.0 -1 -999 {-999.0 -999.0 -999.0 -999.0 -999.0} "" -999.0 -999.0 -999.0 -999.0 -999 -999 "" "" "" "" 0 0 0.0 0.0 -999 ""
FIBERMAP 1315 R+3C7 APOGEE 0 0 0 1 0 0 -125.80687857359428 71.47849641645765 143.1 -59.223607942977885 -132.01842052565758 103.31141 113.9698 -999.0 -999.0 -999.0 -999.0 -999.0 96.08781417340363 -32.572866702670574 95.97531873096852 -32.58552676022792 38.33863821890172 110.27409066842921 -999.0 16600.0 -999.0 2 26 {-999.0 -999.0 -999.0 -999.0 -999.0} "" -999.0 -999.0 -999.0 -999.0 -999 -999 "" "" "" "" 0 0 0.0 0.0 -999 ""
FIBERMAP 1315 R+3C7 BOSS 1 1 0 1 0 0 -125.23160748332288 71.94509573485907 143.1 -59.74266303783869 -131.4900011035484 103.31141 113.9698 96.08624759217398 -32.57130097352273 -7.366697 11.951756 1.5412439 96.08622150002968 -32.57126529940069 95.97342065980392 -32.583983202947394 38.33984263340074 110.27170893652365 5400.0 5400.0 2016.0 1 44 {-999.0 20.613417 19.006636 18.148252 -999.0} sdss_psfmag_gaia 19.92453 18.778475 17.754946 15.434 63050395078126713 1095166503 bright_1x1 mwm_bin_vis_boss mwm_filler science 0 0 0.0 0.0 -999 ""
FIBERMAP 1315 R+3C7 METROLOGY 0 0 0 1 0 0 -125.10639850276884 71.21216427110203 143.1 -59.024915513032234 -131.29584192603363 103.31141 113.9698 -999.0 -999.0 -999.0 -999.0 -999.0 96.0887082055585 -32.570708576400214 95.97599640537436 -32.583416075702594 38.33760009115785 110.27163721060447 -999.0 6231.0 -999.0 -1 -999 {-999.0 -999.0 -999.0 -999.0 -999.0} "" -999.0 -999.0 -999.0 -999.0 -999 -999 "" "" "" "" 0 0 0.0 0.0 -999 ""
FIBERMAP 1319 R0C9 APOGEE 1 1 0 1 0 0 -108.7268450782037 -18.937987146054148 143.1 29.164773721744332 -106.43987244417258 324.85223 64.39629 96.40576596883244 -32.494695322719 -0.62991 4.660738 0.15366329 96.4057637396522 -32.494681411145656 96.29342224233545 -32.50825494612119 38.05990893596654 110.25687682520022 16000.0 16600.0 2016.0 2 276 {-999.0 13.932132 12.980084 12.609948 -999.0} sdss_psfmag_from_g3xp 13.625507 13.001054 12.248264 10.6 63050395078128539 1151850673 bright_1x1 mwm_galactic_core_dist_apogee_sparse mwm_galactic science 0 0 0.0 0.0 -999 ""
FIBERMAP 1319 R0C9 BOSS 0 0 0 1 0 0 -109.368265413229 -19.291015936878146 143.1 29.57704490955741 -107.04491419121972 324.85223 64.39629 -999.0 -999.0 -999.0 -999.0 -999.0 96.4075902783778 -32.49650268238033 96.2949256791477 -32.51014410074851 38.05911289391254 110.25958378185419 -999.0 5400.0 -999.0 1 449 {-999.0 -999.0 -999.0 -999.0 -999.0} "" -999.0 -999.0 -999.0 -999.0 -999 -999 "" "" "" "" 0 0 0.0 0.0 -999 ""
FIBERMAP 1319 R0C9 METROLOGY 0 0 0 1 0 0 -109.36619636118517 -18.544190102337026 143.1 28.83339396082775 -107.11368768248352 324.85223 64.39629 -999.0 -999.0 -999.0 -999.0 -999.0 96.4048281934274 -32.496750544621605 96.29225326241601 -32.51036620523214 38.061356722747426 110.2591955509534 -999.0 6231.0 -999.0 -1 -999 {-999.0 -999.0 -999.0 -999.0 -999.0} "" -999.0 -999.0 -999.0 -999.0 -999 -999 "" "" "" "" 0 0 0.0 0.0 -999 ""
FIBERMAP 1320 R+5C8 APOGEE 0 0 0 1 0 0 -75.99081126794191 85.36179247478694 143.1 -77.76907439887134 -83.74399057034299 272.83344 125.90385 -999.0 -999.0 -999.0 -999.0 -999.0 96.02080684916572 -32.426595885919504 95.90889144805533 -32.43911044209976 38.35960621497084 110.07599248376425 -999.0 16600.0 -999.0 2 -999 {-999.0 -999.0 -999.0 -999.0 -999.0} "" -999.0 -999.0 -999.0 -999.0 -999 -999 "" "" "" "" 0 0 0.0 0.0 -999 ""
FIBERMAP 1320 R+5C8 BOSS 1 1 0 1 0 0 -76.54219974907069 84.88239870770498 143.1 -77.23954777098623 -84.247421689778 272.83344 125.90385 96.02296783843 -32.42812816213182 2.0488477 7.9226727 1.1829593 96.02297508371284 -32.428104514193656 95.9107416097925 -32.44068690511369 38.35844910793963 110.07840690701666 5400.0 5400.0 2016.0 1 67 {-999.0 17.968668 16.844753 16.376963 -999.0} sdss_psfmag_gaia 17.573532 16.844967 16.00809 14.251 63050395078129543 1094274886 bright_1x1 mwm_bin_vis_boss mwm_filler science 0 0 0.0 0.0 -999 ""
FIBERMAP 1320 R+5C8 METROLOGY 0 0 0 1 0 0 -76.69163714170384 85.62321418670456 143.1 -77.96284576286281 -84.466447678574 272.83344 125.90385 -999.0 -999.0 -999.0 -999.0 -999.0 96.02027924210257 -32.428794605693994 95.90813234040365 -32.441351602689345 38.36074498052528 110.07858623540292 -999.0 6231.0 -999.0 -1 -999 {-999.0 -999.0 -999.0 -999.0 -999.0} "" -999.0 -999.0 -999.0 -999.0 -999 -999 "" "" "" "" 0 0 0.0 0.0 -999 ""
FIBERMAP 1321 R-6C21 APOGEE 1 1 0 1 0 0 226.7014309021893 -104.01932091919754 143.1 82.04813276857011 235.54389758379364 75.77302 119.82726 96.5880910579019 -31.45799757604973 1.6548601 3.685089 0.38641694 96.58809684848207 -31.457986576635456 96.47952076089675 -31.472373480579098 37.65929010996467 109.03050579480757 16000.0 16600.0 2016.0 2 195 {-999.0 13.034703 11.885068 11.438591 -999.0} sdss_psfmag_from_g3xp 12.618119 11.891544 11.068175 9.254 63050395078210821 1151850731 bright_1x1 mwm_galactic_core_dist_apogee_sparse mwm_galactic science 0 0 0.0 0.0 -999 ""
FIBERMAP 1321 R-6C21 BOSS 0 0 0 1 0 0 227.42919009504777 -103.80819461498851 143.1 81.76893466052894 236.24834729807682 75.77302 119.82726 -999.0 -999.0 -999.0 -999.0 -999.0 96.58740862193947 -31.455786051610026 96.47852558131507 -31.470239882252123 37.65958796866838 109.02762977550134 -999.0 5400.0 -999.0 1 268 {-999.0 -999.0 -999.0 -999.0 -999.0} "" -999.0 -999.0 -999.0 -999.0 -999 -999 "" "" "" "" 0 0 0.0 0.0 -999 ""
FIBERMAP 1321 R-6C21 METROLOGY 0 0 0 1 0 0 227.2537600346192 -104.52933684675251 143.1 82.50346048334059 236.14210634326162 75.77302 119.82726 -999.0 -999.0 -999.0 -999.0 -999.0 96.5899434912692 -31.456075502645724 96.48114755415213 -31.470517036629474 37.65748855830353 109.02866399444935 -999.0 6231.0 -999.0 -1 -999 {-999.0 -999.0 -999.0 -999.0 -999.0} "" -999.0 -999.0 -999.0 -999.0 -999 -999 "" "" "" "" 0 0 0.0 0.0 -999 ""
FIBERMAP 1322 R+4C3 APOGEE 0 0 0 1 0 0 -193.1663260159819 67.58177694297954 143.1 -48.95572546227546 -198.70422450716958 311.63333 116.773094 -999.0 -999.0 -999.0 -999.0 -999.0 96.12537143759776 -32.774374987347684 96.01209804015133 -32.787082228173176 38.35429740172637 110.53333261192691 -999.0 16600.0 -999.0 2 20 {-999.0 -999.0 -999.0 -999.0 -999.0} "" -999.0 -999.0 -999.0 -999.0 -999 -999 "" "" "" "" 0 0 0.0 0.0 -999 ""
FIBERMAP 1322 R+4C3 BOSS 1 1 0 1 0 0 -193.44085549182583 66.9075684114201 143.1 -48.25852233240475 -198.91356900734436 311.63333 116.773094 96.12818434940571 -32.77500298858512 -0.047804635 2.5557973 0.14496684 96.12818417969966 -32.77499535993015 96.01459383786799 -32.78777145460328 38.35240937727381 110.53479357958922 5400.0 5400.0 2016.0 1 29 {-999.0 18.170954 17.827036 17.723368 -999.0} sdss_psfmag_gaia 18.12329 17.844168 17.395117 -999.0 63050395078125170 976855604 "" ops_std_boss ops_std standard_boss 0 0 0.0 0.0 -999 ""
FIBERMAP 1322 R+4C3 METROLOGY 0 0 0 1 0 0 -193.90259135317845 67.46312957187969 143.1 -48.76778207201662 -199.42591319682052 311.63333 116.773094 -999.0 -999.0 -999.0 -999.0 -999.0 96.12625711216386 -32.77658646649432 96.01275033703922 -32.78933936557136 38.35427343266166 110.53629449075598 -999.0 6231.0 -999.0 -1 -999 {-999.0 -999.0 -999.0 -999.0 -999.0} "" -999.0 -999.0 -999.0 -999.0 -999 -999 "" "" "" "" 0 0 0.0 0.0 -999 ""
FIBERMAP 1327 R+4C12 APOGEE 0 0 0 1 0 0 18.180062913660223 85.90860286526406 143.1 -87.24511706969992 9.94993940166523 75.32874 54.31524 -999.0 -999.0 -999.0 -999.0 -999.0 95.9865420636907 -32.14223736076571 95.87570600637275 -32.154738138408995 38.32100974445234 109.7150087036407 -999.0 16600.0 -999.0 2 -999 {-999.0 -999.0 -999.0 -999.0 -999.0} "" -999.0 -999.0 -999.0 -999.0 -999 -999 "" "" "" "" 0 0 0.0 0.0 -999 ""
FIBERMAP 1327 R+4C12 BOSS 1 1 0 1 0 0 18.664735544346218 85.36635729627882 143.1 -86.75128826926378 10.483853898969981 75.32874 54.31524 95.98855597361279 -32.14051018747084 1.6831045 -11.792699 1.1758243 95.9885619066854 -32.1405453868308 95.87742062993865 -32.15311555615884 38.31921946258615 109.7134296343155 5400.0 5400.0 2016.0 1 120 {-999.0 20.53416 18.793026 17.756382 -999.0} sdss_psfmag_gaia 19.713055 18.426285 17.329626 15.252 63050395078195956 1094594928 bright_1x1 mwm_bin_vis_boss mwm_filler science 0 0 0.0 0.0 -999 ""
FIBERMAP 1327 R+4C12 METROLOGY 0 0 0 1 0 0 17.93563243852543 85.2016714968686 143.1 -86.51819357206524 9.773661656832816 75.32874 54.31524 -999.0 -999.0 -999.0 -999.0 -999.0 95.98930103281417 -32.14271889099657 95.87823903133915 -32.15527256549778 38.319049261327756 109.71630913703939 -999.0 6231.0 -999.0 -1 -999 {-999.0 -999.0 -999.0 -999.0 -999.0} "" -999.0 -999.0 -999.0 -999.0 -999 -999 "" "" "" "" 0 0 0.0 0.0 -999 ""
FIBERMAP 1337 R-5C21 APOGEE 0 0 0 1 0 0 197.618769995147 -112.97993593561493 143.1 93.7266648479252 207.44238966155794 300.99323 19.950634 -999.0 -999.0 -999.0 -999.0 -999.0 96.63035769270343 -31.542423252428513 96.52145315084164 -31.556903986578273 37.645394283649075 109.14509066948926 -999.0 16600.0 -999.0 2 -999 {-999.0 -999.0 -999.0 -999.0 -999.0} "" -999.0 -999.0 -999.0 -999.0 -999 -999 "" "" "" "" 0 0 0.0 0.0 -999 ""
FIBERMAP 1337 R-5C21 BOSS 1 1 0 1 0 0 197.0664738980141 -112.54755300955775 143.1 93.3486165707436 206.85157694304496 300.99323 19.950634 96.62937730945656 -31.544107456554702 -2.8615284 1.5654384 0.7478964 96.62936728735347 -31.544102783965766 96.52014165660641 -31.558648259421147 37.64690535099848 109.14688038175426 5400.0 5400.0 2016.0 1 277 {-999.0 13.813505 13.601786 13.566496 -999.0} sdss_psfmag_from_g3xp 13.809247 13.594557 13.241191 12.688 63050395078209242 946227817 bright_1x1 openfibertargets_nov2020_9 open_fiber science 0 0 0.0 0.0 -999 ""
FIBERMAP 1337 R-5C21 METROLOGY 0 0 0 1 0 0 197.72792010009658 -112.23994642799636 143.1 92.97966319213097 207.48086226190281 300.99323 19.950634 -999.0 -999.0 -999.0 -999.0 -999.0 96.62796566822487 -31.54219910765948 96.51883681899238 -31.556721930756634 37.64751105751671 109.1441775057429 -999.0 6231.0 -999.0 -1 -999 {-999.0 -999.0 -999.0 -999.0 -999.0} "" -999.0 -999.0 -999.0 -999.0 -999 -999 "" "" "" "" 0 0 0.0 0.0 -999 ""
FIBERMAP 1343 R+6C1 APOGEE 1 1 0 1 0 0 -238.8816473240746 102.61092150220271 143.1 -79.49084987822276 -247.53555264883144 275.1958 51.87996 96.0158173267247 -32.921285902032565 2.7167602 -4.5706573 0.13537715 96.01582698711431 -32.92129954472862 95.90204449007949 -32.93365782491326 38.477316641106555 110.68910602804456 16000.0 16600.0 2016.0 2 50 {-999.0 13.610103 12.44504 11.954768 -999.0} sdss_psfmag_from_g3xp 13.1836405 12.427303 11.582859 9.662 63050395078124506 1151850654 bright_1x1 mwm_galactic_core_dist_apogee_sparse mwm_galactic science 0 0 0.0 0.0 -999 ""
FIBERMAP 1343 R+6C1 BOSS 0 0 0 1 0 0 -239.51429112215362 103.02613192183671 143.1 -79.84418253234107 -248.20472164560823 275.1958 51.87996 -999.0 -999.0 -999.0 -999.0 -999.0 96.01487163168598 -32.92325176597167 95.90076928487349 -32.93566695997168 38.47880862287639 110.69130225037631 -999.0 5400.0 -999.0 1 87 {-999.0 -999.0 -999.0 -999.0 -999.0} "" -999.0 -999.0 -999.0 -999.0 -999 -999 "" "" "" "" 0 0 0.0 0.0 -999 ""
FIBERMAP 1343 R+6C1 METROLOGY 0 0 0 1 0 0 -238.8759222567515 103.36643655760042 143.1 -80.24349758244718 -247.6015107629032 275.1958 51.87996 -999.0 -999.0 -999.0 -999.0 -999.0 96.01332076198294 -32.921501246916414 95.89931440215082 -32.93389555615122 38.47960317061212 110.68874820541012 -999.0 6231.0 -999.0 -1 -999 {-999.0 -999.0 -999.0 -999.0 -999.0} "" -999.0 -999.0 -999.0 -999.0 -999 -999 "" "" "" "" 0 0 0.0 0.0 -999 ""
FIBERMAP 1344 R-6C18 APOGEE 0 0 0 1 0 0 163.37188757262618 -109.73008293026228 143.1 93.73965031518954 173.04186106978628 9.995621 148.41496 -999.0 -999.0 -999.0 -999.0 -999.0 96.63141614515837 -31.646183885571673 96.52212995349072 -31.660637184928788 37.67019801976955 109.27232210885771 -999.0 16600.0 -999.0 2 -999 {-999.0 -999.0 -999.0 -999.0 -999.0} "" -999.0 -999.0 -999.0 -999.0 -999 -999 "" "" "" "" 0 0 0.0 0.0 -999 ""
FIBERMAP 1344 R-6C18 BOSS 1 1 0 1 0 0 163.99701839780946 -109.98898149082356 143.1 93.93808926549256 173.68872550228576 9.995621 148.41496 96.63245176509646 -31.644109029527893 -0.3162862 0.021606075 -0.12371471 96.6324506561584 -31.64410896503714 96.52285583853129 -31.658633380487135 37.66911020399774 109.2700573677134 5400.0 5400.0 2016.0 1 314 {-999.0 20.104044 19.804577 19.7188 -999.0} sdss_psfmag_gaia 20.047312 19.815212 19.367481 -999.0 63050395078208862 1116444440 bright_1x1 openfibertargets_bhm_quaia_boss open_fiber science 0 0 0.0 0.0 -999 ""
FIBERMAP 1344 R-6C18 METROLOGY 0 0 0 1 0 0 163.47944516152822 -110.4703055872147 143.1 94.46633027942315 173.2191400711318 9.995621 148.41496 -999.0 -999.0 -999.0 -999.0 -999.0 96.63426878750128 -31.645515732061508 96.52475743643413 -31.6600256802723 37.667879968744955 109.27226188101014 -999.0 6231.0 -999.0 -1 -999 {-999.0 -999.0 -999.0 -999.0 -999.0} "" -999.0 -999.0 -999.0 -999.0 -999 -999 "" "" "" "" 0 0 0.0 0.0 -999 ""
FIBERMAP 1352 R+7C11 APOGEE 1 1 0 1 0 0 15.340219440394087 152.10795177250284 143.1 -152.87629925276104 0.8441925809326588 102.11392 87.63832 95.75158499035626 -32.16973148842383 1.8305533 -5.413559 1.1683381 95.75159144526498 -32.16974764704974 95.64075874953055 -32.181582475311366 38.52068115369165 109.6893119115874 16000.0 16600.0 2016.0 2 141 {-999.0 12.083009 11.357655 11.100552 -999.0} sdss_psfmag_from_g3xp 11.8863125 11.398451 10.754637 9.456 63050395078196975 1105149011 bright_1x1 mwm_tess_rgb_apogee mwm_tessrgb science 0 0 0.0 0.0 -999 ""
FIBERMAP 1352 R+7C11 BOSS 0 0 0 1 0 0 16.073355800192658 152.2536538028169 143.1 -153.09087840915814 1.5602003996631884 102.11392 87.63832 -999.0 -999.0 -999.0 -999.0 -999.0 95.75106076499242 -32.167510796711525 95.63992717334594 -32.1794070489133 38.52086199318936 109.68639866250598 -999.0 5400.0 -999.0 1 141 {-999.0 -999.0 -999.0 -999.0 -999.0} "" -999.0 -999.0 -999.0 -999.0 -999 -999 "" "" "" "" 0 0 0.0 0.0 -999 ""
FIBERMAP 1352 R+7C11 METROLOGY 0 0 0 1 0 0 15.81661753100489 151.54025141969117 143.1 -152.3563457654708 1.3722841652016695 102.11392 87.63832 -999.0 -999.0 -999.0 -999.0 -999.0 95.753576691038 -32.168102453434734 95.64252732352367 -32.17998793512082 38.5188556517636 109.68777239602187 -999.0 6231.0 -999.0 -1 -999 {-999.0 -999.0 -999.0 -999.0 -999.0} "" -999.0 -999.0 -999.0 -999.0 -999 -999 "" "" "" "" 0 0 0.0 0.0 -999 ""
FIBERMAP 1360 R-3C11 APOGEE 0 0 0 1 0 0 -50.02671476998671 -72.33005122641649 143.1 76.74837552281836 -42.94070436230653 288.94138 30.124659 -999.0 -999.0 -999.0 -999.0 -999.0 96.5758083831039 -32.301248757489645 96.46411728757897 -32.31535508803769 37.874772377873875 110.06159788152826 -999.0 16600.0 -999.0 2 151 {-999.0 -999.0 -999.0 -999.0 -999.0} "" -999.0 -999.0 -999.0 -999.0 -999 -999 "" "" "" "" 0 0 0.0 0.0 -999 ""
FIBERMAP 1360 R-3C11 BOSS 1 1 0 1 0 0 -50.612944748089404 -71.84719897851548 143.1 76.32330422124457 -43.57008458343489 288.94138 30.124659 96.57467285797455 -32.30313047904857 -2.6506994 1.2291553 0.30931458 96.57466349732987 -32.30312681021205 96.46264956107127 -32.31729407696447 37.87643391569947 110.06361600116257 5400.0 5400.0 2016.0 1 432 {-999.0 17.40187 17.01289 16.891052 -999.0} sdss_psfmag_gaia 17.348282 17.03592 16.571455 15.915 63050395078138513 976855795 "" ops_std_boss ops_std standard_boss 0 0 0.0 0.0 -999 ""
FIBERMAP 1360 R-3C11 METROLOGY 0 0 0 1 0 0 -49.898043550677826 -71.58465649705323 143.1 75.99414155076646 -42.88331142665608 288.94138 30.124659 -999.0 -999.0 -999.0 -999.0 -999.0 96.57338674740001 -32.30107045236545 96.46147060728941 -32.31521640342666 37.87691382414609 110.06076084279869 -999.0 6231.0 -999.0 -1 -999 {-999.0 -999.0 -999.0 -999.0 -999.0} "" -999.0 -999.0 -999.0 -999.0 -999 -999 "" "" "" "" 0 0 0.0 0.0 -999 ""
FIBERMAP 1361 R+12C3 APOGEE 0 0 0 1 0 0 -115.25089260909286 251.07635416223198 143.1 -239.0119615282289 -138.5441644922324 139.76443 72.47988 -999.0 -999.0 -999.0 -999.0 -999.0 95.4431205790428 -32.59038420941796 95.33084792000653 -32.601234653084155 38.871090025084726 110.13648174890568 -999.0 16600.0 -999.0 2 -999 {-999.0 -999.0 -999.0 -999.0 -999.0} "" -999.0 -999.0 -999.0 -999.0 -999 -999 "" "" "" "" 0 0 0.0 0.0 -999 ""
FIBERMAP 1361 R+12C3 BOSS 1 1 0 1 0 0 -114.63215480014931 251.47933222372077 143.1 -239.47180517913412 -137.9664403562378 139.76443 72.47988 95.44180472551662 -32.5885665321056 -0.13659814 1.4419936 0.11171541 95.44180424160557 -32.58856222798045 95.32923194439063 -32.59946900194722 38.87202130657838 110.13387980475213 5400.0 5400.0 2016.0 1 99 {-999.0 15.680847 14.873929 14.551875 -999.0} sdss_psfmag_from_g3xp 15.449339 14.897965 14.197366 12.722 63050395078193526 1061599379 bright_1x1 manual_mwm_halo_distant_kgiant_near_boss_single mwm_halo science 0 0 0.0 0.0 -999 ""
FIBERMAP 1361 R+12C3 METROLOGY 0 0 0 1 0 0 -114.59567829175299 250.71553230154592 143.1 -238.71491264264236 -137.85768537797736 139.76443 72.47988 -999.0 -999.0 -999.0 -999.0 -999.0 95.44436081384607 -32.588297458390485 95.33187531555734 -32.59919460738283 38.86978947091005 110.13417713946126 -999.0 6231.0 -999.0 -1 -999 {-999.0 -999.0 -999.0 -999.0 -999.0} "" -999.0 -999.0 -999.0 -999.0 -999 -999 "" "" "" "" 0 0 0.0 0.0 -999 ""
FIBERMAP 1366 R+3C11 APOGEE 0 0 0 1 0 0 -28.90667141703165 45.80207142036842 143.1 -42.853650759644324 -33.1203170434947 293.28574 115.28412 -999.0 -999.0 -999.0 -999.0 -999.0 96.1459819150961 -32.27287331506211 96.03458686739128 -32.2857829725737 38.22084324577746 109.91723458936616 -999.0 16600.0 -999.0 2 12 {-999.0 -999.0 -999.0 -999.0 -999.0} "" -999.0 -999.0 -999.0 -999.0 -999 -999 "" "" "" "" 0 0 0.0 0.0 -999 ""
FIBERMAP 1366 R+3C11 BOSS 1 1 0 1 0 0 -29.389063335641485 45.222313640426684 143.1 -42.23075718181194 -33.54554395370813 293.28574 115.28412 96.14850193852317 -32.27411532781861 0.41168454 -0.9977244 -0.1766385 96.14850339187548 -32.274118305869806 96.0367899297515 -32.287097928030846 38.21933803380179 109.91941409697135 5400.0 5400.0 2016.0 1 14 {-999.0 20.221207 19.824518 19.699566 -999.0} sdss_psfmag_gaia 20.184591 19.848486 19.399475 -999.0 63050395078129832 1116443912 bright_1x1 openfibertargets_bhm_quaia_boss open_fiber science 0 0 0.0 0.0 -999 ""
FIBERMAP 1366 R+3C11 METROLOGY 0 0 0 1 0 0 -29.644881406323883 45.91710982106227 143.1 -42.89815385594892 -33.866105693011086 293.28574 115.28412 -999.0 -999.0 -999.0 -999.0 -999.0 96.14601508144746 -32.27511627978174 96.03438757168482 -32.288070704901536 38.22153952526197 109.92001669901418 -999.0 6231.0 -999.0 -1 -999 {-999.0 -999.0 -999.0 -999.0 -999.0} "" -999.0 -999.0 -999.0 -999.0 -999 -999 "" "" "" "" 0 0 0.0 0.0 -999 ""
FIBERMAP 1367 R-10C9 APOGEE 0 0 0 1 0 0 11.504407180173688 -200.97556412967995 143.1 198.97722932345638 30.514140924204487 332.30884 114.84039 -999.0 -999.0 -999.0 -999.0 -999.0 97.01099334906301 -32.07550196874307 96.89995342078004 -32.09089512232652 37.46316541499231 109.89703951104832 -999.0 16600.0 -999.0 2 -999 {-999.0 -999.0 -999.0 -999.0 -999.0} "" -999.0 -999.0 -999.0 -999.0 -999 -999 "" "" "" "" 0 0 0.0 0.0 -999 ""
FIBERMAP 1367 R-10C9 BOSS 1 1 0 1 0 0 11.465757876811145 -201.72553406624795 143.1 199.72747966071935 30.546797489675416 332.30884 114.84039 97.01407705537287 -32.07537701163117 -9.524186 24.105919 11.222172 97.01404350586535 -32.07530505923237 96.9026867297474 -32.09077418381034 37.460888782406336 109.89759407005216 5400.0 5400.0 2016.0 1 404 {-999.0 18.318245 16.399687 14.963684 -999.0} sdss_psfmag_gaia 17.247765 15.682542 14.4687605 12.202 63050395078139226 1151150151 bright_1x1 mwm_snc_100pc_boss_single mwm_snc science 0 0 0.0 0.0 -999 ""
FIBERMAP 1367 R-10C9 METROLOGY 0 0 0 1 0 0 10.840219588401883 -201.3195889249091 143.1 199.38269653509997 29.88558070034476 332.30884 114.84039 -999.0 -999.0 -999.0 -999.0 -999.0 97.01278646085 -32.07733300567742 96.90150966116028 -32.0927788437682 37.46233929211978 109.89974281496984 -999.0 6231.0 -999.0 -1 -999 {-999.0 -999.0 -999.0 -999.0 -999.0} "" -999.0 -999.0 -999.0 -999.0 -999 -999 "" "" "" "" 0 0 0.0 0.0 -999 ""
FIBERMAP 1371 R-4C4 APOGEE 0 0 0 1 0 0 -186.5824509533408 -97.76813303790509 143.1 115.02335296358333 -176.46734409213082 314.19678 34.144897 -999.0 -999.0 -999.0 -999.0 -999.0 96.71580431454902 -32.70471384287721 96.60253588123618 -32.7190959136314 37.855334151141726 110.59338544202723 -999.0 16600.0 -999.0 2 -999 {-999.0 -999.0 -999.0 -999.0 -999.0} "" -999.0 -999.0 -999.0 -999.0 -999 -999 "" "" "" "" 0 0 0.0 0.0 -999 ""
FIBERMAP 1371 R-4C4 BOSS 1 1 0 1 0 0 -187.3383031996219 -97.62683433929732 143.1 114.9543813986064 -177.2331860383586 314.19678 34.144897 96.71591388954089 -32.70700271403603 1.8012681 -0.67561704 0.0013761026 96.7159202791505 -32.70700473064697 96.60232472822517 -32.72145002371281 37.856050453745894 110.59623451989097 5400.0 5400.0 2016.0 1 493 {-999.0 17.313646 16.815382 16.649042 -999.0} sdss_psfmag_gaia 17.214725 16.84975 16.321045 15.31 63050395078123039 944171866 bright_1x1 openfibertargets_nov2020_6b open_fiber science 0 0 0.0 0.0 -999 ""
FIBERMAP 1371 R-4C4 METROLOGY 0 0 0 1 0 0 -186.8441111577353 -97.06739617271793 143.1 114.35059652192558 -176.794285042372 314.19678 34.144897 -999.0 -999.0 -999.0 -999.0 -999.0 96.7136716645242 -32.70574141130644 96.60017207783193 -32.72016274992926 37.85751543519402 110.59411870382712 -999.0 6231.0 -999.0 -1 -999 {-999.0 -999.0 -999.0 -999.0 -999.0} "" -999.0 -999.0 -999.0 -999.0 -999 -999 "" "" "" "" 0 0 0.0 0.0 -999 ""
FIBERMAP 1375 R+7C1 APOGEE 1 1 0 1 0 0 -200.5343477475841 154.48497910538399 143.1 -134.76782682063174 -214.2813806944987 139.54431 5.2889037 95.81696682514726 -32.820916310431485 -99.721664 44.16213 17.063995 95.81661263170368 -32.82078449289244 95.70330598292722 -32.83261411239649 38.61742274840832 110.51550267123253 16000.0 16600.0 2016.0 2 49 {-999.0 14.553647 13.137227 12.237606 -999.0} sdss_psfmag_from_g3xp 13.979976 12.876955 11.832587 9.876 63050395078125730 984818169 bright_1x1 mwm_snc_100pc_apogee mwm_snc science 0 0 0.0 0.0 -999 ""
FIBERMAP 1375 R+7C1 BOSS 0 0 0 1 0 0 -199.91511015904993 154.0606290840227 143.1 -134.40412429933963 -213.62469054071505 139.54431 5.2889037 -999.0 -999.0 -999.0 -999.0 -999.0 95.81822174809567 -32.818765380050195 95.70460550902504 -32.8306597594296 38.6159217307138 110.51337685052818 -999.0 5400.0 -999.0 1 36 {-999.0 -999.0 -999.0 -999.0 -999.0} "" -999.0 -999.0 -999.0 -999.0 -999 -999 "" "" "" "" 0 0 0.0 0.0 -999 ""
FIBERMAP 1375 R+7C1 METROLOGY 0 0 0 1 0 0 -200.59186866263855 153.73858301499047 143.1 -134.01934430658486 -214.26784951927942 139.54431 5.2889037 -999.0 -999.0 -999.0 -999.0 -999.0 95.8194932618834 -32.820761245951594 95.70595696649372 -32.832641641108154 38.61525765203177 110.51617392958786 -999.0 6231.0 -999.0 -1 -999 {-999.0 -999.0 -999.0 -999.0 -999.0} "" -999.0 -999.0 -999.0 -999.0 -999 -999 "" "" "" "" 0 0 0.0 0.0 -999 ""
FIBERMAP 1377 R-3C22 APOGEE 0 0 0 1 0 0 220.86800413439937 -38.14910144627923 143.1 17.02852279121017 223.48929682654855 137.56993 29.793821 -999.0 -999.0 -999.0 -999.0 -999.0 96.35756188893176 -31.494955753814896 96.24895310200321 -31.508685010606154 37.858804968963156 109.01409827871618 -999.0 16600.0 -999.0 2 202 {-999.0 -999.0 -999.0 -999.0 -999.0} "" -999.0 -999.0 -999.0 -999.0 -999 -999 "" "" "" "" 0 0 0.0 0.0 -999 ""
FIBERMAP 1377 R-3C22 BOSS 1 1 0 1 0 0 221.5759690585143 -38.31340203836531 143.1 17.124934326124755 224.2096492412903 137.56993 29.793821 96.35823123561191 -31.492687869496923 -6.3965006 3.6490178 4.841412 96.3582088450905 -31.49267697774802 96.24929656535453 -31.506475985953877 37.85798178389533 109.01147555350141 5400.0 5400.0 2016.0 1 285 {-999.0 20.362629 18.394615 16.703426 -999.0} sdss_psfmag_gaia 19.185175 17.43542 16.195154 13.767 63050395078208565 937709184 bright_1x1 openfibertargets_nov2020_34a open_fiber science 0 0 0.0 0.0 -999 ""
FIBERMAP 1377 R-3C22 METROLOGY 0 0 0 1 0 0 221.09180954026812 -38.85423409535244 143.1 17.709245538540355 223.77897077363494 137.56993 29.793821 -999.0 -999.0 -999.0 -999.0 -999.0 96.36020689408724 -31.493952413504534 96.25137615963484 -31.50773755501803 37.856570365791164 109.01357328588898 -999.0 6231.0 -999.0 -1 -999 {-999.0 -999.0 -999.0 -999.0 -999.0} "" -999.0 -999.0 -999.0 -999.0 -999 -999 "" "" "" "" 0 0 0.0 0.0 -999 ""
FIBERMAP 1379 R-4C9 APOGEE 0 0 0 1 0 0 -48.736441976620924 -78.07253681166041 143.1 82.34256307709705 -41.11160583471227 36.445934 71.86591 -999.0 -999.0 -999.0 -999.0 -999.0 96.59585581753561 -32.295588800123085 96.48417708681609 -32.309752996479425 37.85697688021268 110.05975239907002 -999.0 16600.0 -999.0 2 292 {-999.0 -999.0 -999.0 -999.0 -999.0} "" -999.0 -999.0 -999.0 -999.0 -999 -999 "" "" "" "" 0 0 0.0 0.0 -999 ""
FIBERMAP 1379 R-4C9 BOSS 1 1 0 1 0 0 -48.5547683907741 -78.79310879949865 143.1 83.04265149205263 -40.86240917259517 36.445934 71.86591 96.59875922865297 -32.29476705775752 -6.3822384 -3.0635784 1.7513294 96.59873669257723 -32.294776202057385 96.48674369125291 -32.30901354242345 37.85469459107779 110.05948873695053 5400.0 5400.0 2016.0 1 480 {-999.0 -999.0 -999.0 -999.0 -999.0} "" -999.0 16.418861 -999.0 13.027 63050395078138463 1095290261 bright_1x1 mwm_bin_vis_boss mwm_filler science 0 0 0.0 0.0 -999 ""
FIBERMAP 1379 R-4C9 METROLOGY 0 0 0 1 0 0 -49.28323596239502 -78.57668019864482 143.1 82.89629183856977 -41.60811580354896 36.445934 71.86591 -999.0 -999.0 -999.0 -999.0 -999.0 96.59814566223133 -32.29706517992353 96.48623348131605 -32.311281806564914 37.85564747296339 110.06215233350787 -999.0 6231.0 -999.0 -1 -999 {-999.0 -999.0 -999.0 -999.0 -999.0} "" -999.0 -999.0 -999.0 -999.0 -999 -999 "" "" "" "" 0 0 0.0 0.0 -999 ""
FIBERMAP 1385 R-13C3 APOGEE 1 1 0 1 0 0 -110.47324024857402 -247.38912752711278 143.1 256.75033756674725 -86.5107808547495 133.89902 136.03156 97.22076416015625 -32.427673516027724 -999.0 -999.0 -999.0 97.22076416015625 -32.427673516027724 97.10831979497452 -32.4435529157828 37.37645604871702 110.38125530773947 16000.0 16600.0 2015.5 2 156 {-999.0 -999.0 -999.0 -999.0 -999.0} "" -999.0 -999.0 -999.0 -999.0 27021603127946752 841282158 "" ops_sky_apogee_best ops_sky sky_apogee 0 0 0.0 0.0 -999 ""
FIBERMAP 1385 R-13C3 BOSS 0 0 0 1 0 0 -110.4814246276866 -246.6245267139354 143.1 255.98996436820042 -86.59144737373074 133.89902 136.03156 -999.0 -999.0 -999.0 -999.0 -999.0 97.21837803804576 -32.42788091419892 97.10561144701785 -32.44382012740908 37.37873965746273 110.38089837100253 -999.0 5400.0 -999.0 1 437 {-999.0 -999.0 -999.0 -999.0 -999.0} "" -999.0 -999.0 -999.0 -999.0 -999 -999 "" "" "" "" 0 0 0.0 0.0 -999 ""
FIBERMAP 1385 R-13C3 METROLOGY 0 0 0 1 0 0 -109.82405331266438 -247.01311096190264 143.1 256.3144457414273 -85.90018785586413 133.89902 136.03156 -999.0 -999.0 -999.0 -999.0 -999.0 97.21947616939599 -32.425813116407056 97.10680822061795 -32.44173715818953 37.37726355229195 110.37865430408428 -999.0 6231.0 -999.0 -1 -999 {-999.0 -999.0 -999.0 -999.0 -999.0} "" -999.0 -999.0 -999.0 -999.0 -999 -999 "" "" "" "" 0 0 0.0 0.0 -999 ""
FIBERMAP 1386 R-3C2 APOGEE 0 0 0 1 0 0 -225.63538468647124 -53.089113700356265 143.1 74.25001404144678 -219.581607201976 10.140539 134.53296 -999.0 -999.0 -999.0 -999.0 -999.0 96.56970665368821 -32.83576239628339 96.45600586524273 -32.84969701036145 38.005211506208944 110.71869498574449 -999.0 16600.0 -999.0 2 -999 {-999.0 -999.0 -999.0 -999.0 -999.0} "" -999.0 -999.0 -999.0 -999.0 -999 -999 "" "" "" "" 0 0 0.0 0.0 -999 ""
FIBERMAP 1386 R-3C2 BOSS 1 1 0 1 0 0 -225.02906087975074 -53.51360581240085 143.1 74.61508282844423 -218.93775906129184 10.140539 134.53296 96.57106390080564 -32.83379358974567 -7.41051 2.5051332 1.2633078 96.57134395274004 -32.83378611231261 96.45733297549657 -32.8477884121765 38.00369048260581 110.71665960798192 5400.0 5400.0 2016.0 1 514 {-999.0 12.433586 12.331681 12.350197 -999.0} sdss_psfmag_from_g3xp 12.467626 12.308349 12.028092 11.61 63050395078122361 996795476 bright_1x1 mwm_bin_gaia_sb_boss mwm_bin science 0 0 0.9267551898956299 0.0 -999 ""
FIBERMAP 1386 R-3C2 METROLOGY 0 0 0 1 0 0 -225.7130089280813 -53.83307115472483 143.1 74.99797564099063 -219.58831990220807 10.140539 134.53296 -999.0 -999.0 -999.0 -999.0 -999.0 96.57265656416386 -32.835787638492135 96.45872691081479 -32.8497753109955 38.00300375442055 110.71945377282202 -999.0 6231.0 -999.0 -1 -999 {-999.0 -999.0 -999.0 -999.0 -999.0} "" -999.0 -999.0 -999.0 -999.0 -999 -999 "" "" "" "" 0 0 0.0 0.0 -999 ""
FIBERMAP 1389 R+2C3 APOGEE 1 1 0 1 0 0 -213.06089018733834 31.532937646062773 143.1 -11.182694979661951 -215.08990916647622 328.26562 116.37127 96.26170260173964 -32.823584333589466 -0.3102384 0.5727567 0.37648013 96.26170149979387 -32.82358262400035 96.14818173128606 -32.836657600045 38.254102447417075 110.6278359964877 16000.0 16600.0 2016.0 2 37 {-999.0 12.524065 11.406034 10.980991 -999.0} sdss_psfmag_from_g3xp 12.129073 11.420462 10.614864 8.923 63050395078124882 1151850664 bright_1x1 mwm_galactic_core_dist_apogee_sparse mwm_galactic science 0 0 0.0 0.0 -999 ""
FIBERMAP 1389 R+2C3 BOSS 0 0 0 1 0 0 -213.09663291938983 30.80606736195143 143.1 -10.455715700158416 -215.05655005201365 328.26562 116.37127 -999.0 -999.0 -999.0 -999.0 -999.0 96.26463446904289 -32.82346070479271 96.15079897516955 -32.83660537538653 38.25194859089547 110.6284050070783 -999.0 5400.0 -999.0 1 61 {-999.0 -999.0 -999.0 -999.0 -999.0} "" -999.0 -999.0 -999.0 -999.0 -999 -999 "" "" "" "" 0 0 0.0 0.0 -999 ""
FIBERMAP 1389 R+2C3 METROLOGY 0 0 0 1 0 0 -213.72986040690543 31.217690509221477 143.1 -10.80542191422113 -215.72595986620354 328.26562 116.37127 -999.0 -999.0 -999.0 -999.0 -999.0 96.26328997141596 -32.82552994513133 96.14953641856471 -32.83865283124161 38.25344524825953 110.63063891036168 -999.0 6231.0 -999.0 -1 -999 {-999.0 -999.0 -999.0 -999.0 -999.0} "" -999.0 -999.0 -999.0 -999.0 -999 -999 "" "" "" "" 0 0 0.0 0.0 -999 ""
FIBERMAP 1390 R+5C10 APOGEE 1 1 0 1 0 0 -36.60501576410393 87.75606326324039 143.1 -83.88811013093459 -44.763066395098505 221.00537 144.01532 95.99866787825604 -32.308340159205876 2.5282094 3.127766 0.18899103 95.99867680685418 -32.30833082331399 95.8872148386808 -32.32081754853585 38.35013631789139 109.92382659177319 16000.0 16600.0 2016.0 2 138 {-999.0 14.217876 13.20488 12.819947 -999.0} sdss_psfmag_from_g3xp 13.879985 13.227904 12.456021 10.76 63050395078195350 1151850682 bright_1x1 mwm_galactic_core_dist_apogee_sparse mwm_galactic science 0 0 0.0 0.0 -999 ""
FIBERMAP 1390 R+5C10 BOSS 0 0 0 1 0 0 -37.344131065343284 87.67525143658686 143.1 -83.73756119099626 -45.49118072214923 221.00537 144.01532 -999.0 -999.0 -999.0 -999.0 -999.0 95.99947454419048 -32.310503026778434 95.88769251997002 -32.32305393557628 38.350260897652596 109.92672001153349 -999.0 5400.0 -999.0 1 134 {-999.0 -999.0 -999.0 -999.0 -999.0} "" -999.0 -999.0 -999.0 -999.0 -999 -999 "" "" "" "" 0 0 0.0 0.0 -999 ""
FIBERMAP 1390 R+5C10 METROLOGY 0 0 0 1 0 0 -37.03011276307702 88.37325322667253 143.1 -84.4621955226433 -45.2447823334883 221.00537 144.01532 -999.0 -999.0 -999.0 -999.0 -999.0 95.9967743566175 -32.309777401994175 95.88508453671642 -32.32230321834913 38.352231357649025 109.9251386526308 -999.0 6231.0 -999.0 -1 -999 {-999.0 -999.0 -999.0 -999.0 -999.0} "" -999.0 -999.0 -999.0 -999.0 -999 -999 "" "" "" "" 0 0 0.0 0.0 -999 ""
FIBERMAP 1394 R+6C7 APOGEE 1 1 0 1 0 0 -92.68981779746224 131.36714471244176 143.1 -121.9829326496935 -104.73102769143394 117.392044 100.83807 95.86204581988001 -32.49005361071836 -0.8826461 1.5981658 0.19549574 95.86204269645616 -32.49004884044373 95.74995977142632 -32.50210049822321 38.50455330334798 110.11506883621315 16000.0 16600.0 2016.0 2 41 {-999.0 13.945944 13.014154 12.653437 -999.0} sdss_psfmag_from_g3xp 13.648912 13.037486 12.292505 10.677 63050395078192942 1151850659 bright_1x1 mwm_galactic_core_dist_apogee_sparse mwm_galactic science 0 0 0.0 0.0 -999 ""
FIBERMAP 1394 R+6C7 BOSS 0 0 0 1 0 0 -92.10164480156689 131.8303494837469 143.1 -122.49983221024297 -104.18944264399332 117.392044 100.83807 -999.0 -999.0 -999.0 -999.0 -999.0 95.86043697726366 -32.48838518022817 95.74805033181605 -32.50049418154992 38.50575484437132 110.11260093785171 -999.0 5400.0 -999.0 1 68 {-999.0 -999.0 -999.0 -999.0 -999.0} "" -999.0 -999.0 -999.0 -999.0 -999 -999 "" "" "" "" 0 0 0.0 0.0 -999 ""
FIBERMAP 1394 R+6C7 METROLOGY 0 0 0 1 0 0 -92.00591747542268 131.0770933864231 143.1 -121.75905558848646 -104.02270433881006 117.392044 100.83807 -999.0 -999.0 -999.0 -999.0 -999.0 95.86299103886935 -32.48791539350609 95.75069302027003 -32.500014299842526 38.50347532509729 110.11265351005176 -999.0 6231.0 -999.0 -1 -999 {-999.0 -999.0 -999.0 -999.0 -999.0} "" -999.0 -999.0 -999.0 -999.0 -999 -999 "" "" "" "" 0 0 0.0 0.0 -999 ""
FIBERMAP 1397 R-3C19 APOGEE 0 0 0 1 0 0 136.85986700180865 -70.99714035318215 143.1 57.696096493947195 142.97586189251885 253.17659 98.67083 -999.0 -999.0 -999.0 -999.0 -999.0 96.50379066024409 -31.737545704070712 96.39422461373465 -31.75161419414374 37.79785163634335 109.35049628132236 -999.0 16600.0 -999.0 2 -999 {-999.0 -999.0 -999.0 -999.0 -999.0} "" -999.0 -999.0 -999.0 -999.0 -999 -999 "" "" "" "" 0 0 0.0 0.0 -999 ""
FIBERMAP 1397 R-3C19 BOSS 1 1 0 1 0 0 136.12799566640481 -70.8922427398442 143.1 57.661087216165235 142.23734509445947 253.17659 98.67083 96.50401319797088 -31.73964727991915 3.3783805 -1.3364862 1.123636 96.50402505518718 -31.739651269120763 96.3941366842738 -31.753786551376848 37.798449674663765 109.35314095751964 5400.0 5400.0 2016.0 1 305 {-999.0 18.31909 17.147036 16.649769 -999.0} sdss_psfmag_gaia 17.908165 17.135422 16.288294 14.553 63050395078206257 1094642667 bright_1x1 mwm_bin_vis_boss mwm_filler science 0 0 0.0 0.0 -999 ""
FIBERMAP 1397 R-3C19 METROLOGY 0 0 0 1 0 0 136.5833025863037 -70.30215089939706 143.1 57.03047512025543 142.63462912501063 253.17659 98.67083 -999.0 -999.0 -999.0 -999.0 -999.0 96.50168591797103 -31.738460320169406 96.39189181110919 -31.752570462135722 37.800007696187215 109.35106332636809 -999.0 6231.0 -999.0 -1 -999 {-999.0 -999.0 -999.0 -999.0 -999.0} "" -999.0 -999.0 -999.0 -999.0 -999 -999 "" "" "" "" 0 0 0.0 0.0 -999 ""
FIBERMAP 1399 R+5C21 APOGEE 0 0 1 1 0 0 213.75078676970338 104.76710705587708 143.1 -124.56753330884271 202.84922124427797 10.014898 170.06453 -999.0 -999.0 -999.0 -999.0 -999.0 95.85462687028142 -31.558349015592796 95.74601193996631 -31.570649837835898 38.2896976154788 108.95860974114498 -999.0 16600.0 -999.0 2 -999 {-999.0 -999.0 -999.0 -999.0 -999.0} "" -999.0 -999.0 -999.0 -999.0 -999 -999 "" "" "" "" 0 0 0.0 0.0 -999 ""
FIBERMAP 1399 R+5C21 BOSS 1 0 1 1 0 0 214.47378720053067 104.78606342377391 143.1 -124.65497757597433 203.5671601654784 10.014898 170.06453 95.95327908789558 -31.578789318684688 35.522533 -68.49077 13.511663 95.85461789789414 -31.55609629762467 95.74570236010959 -31.56846288861245 38.28942826966185 108.95582429247139 5400.0 5400.0 2016.0 1 247 {-999.0 20.59264 18.620947 16.477093 -999.0} sdss_psfmag_gaia 19.193096 17.21174 15.881818 13.349 63050395078213087 1157777155 bright_1x1 mwm_snc_100pc_bright_boss_single mwm_snc science 0 0 0.0 0.0 -999 ""
FIBERMAP 1399 R+5C21 METROLOGY 0 0 1 1 0 0 214.12485882172393 104.11936612256095 143.1 -123.95819535670825 203.28304018672424 10.014898 170.06453 -999.0 -999.0 -999.0 -999.0 -999.0 95.85697356979186 -31.556931960573426 95.74814141343728 -31.56928645256092 38.28760889742564 108.95747890970026 -999.0 6231.0 -999.0 -1 -999 {-999.0 -999.0 -999.0 -999.0 -999.0} "" -999.0 -999.0 -999.0 -999.0 -999 -999 "" "" "" "" 0 0 0.0 0.0 -999 ""
FIBERMAP 1401 R-2C6 APOGEE 0 0 0 1 0 0 -151.8391584852966 -45.02489901959628 143.1 59.2229475186565 -146.88334860473046 244.62216 164.86336 -999.0 -999.0 -999.0 -999.0 -999.0 96.51455035844317 -32.61665650184235 96.40170188725415 -32.630499730780684 37.99937874838319 110.43464184947513 -999.0 16600.0 -999.0 2 -999 {-999.0 -999.0 -999.0 -999.0 -999.0} "" -999.0 -999.0 -999.0 -999.0 -999 -999 "" "" "" "" 0 0 0.0 0.0 -999 ""
FIBERMAP 1401 R-2C6 BOSS 1 1 0 1 0 0 -152.30724299285677 -45.604474537867304 143.1 59.84430266141365 -147.29434997341076 244.62216 164.86336 96.51712246305216 -32.61788220089977 4.8248963 -0.9754918 1.3677908 96.51713956127232 -32.617885112589 96.40396928049861 -32.63179845337703 37.99782034684351 110.4368044095528 5400.0 5400.0 2016.0 1 470 {-999.0 15.841818 15.137573 14.883514 -999.0} sdss_psfmag_gaia 15.658626 15.181047 14.546825 13.327 63050395078123528 1095334593 bright_1x1 mwm_bin_vis_boss mwm_filler science 0 0 0.0 0.0 -999 ""
FIBERMAP 1401 R-2C6 METROLOGY 0 0 0 1 0 0 -152.57679876574318 -44.90086259970756 143.1 59.16943298524661 -147.62942354027686 244.62216 164.86336 -999.0 -999.0 -999.0 -999.0 -999.0 96.51463340080063 -32.61894690037709 96.40154943503899 -32.632834977239426 38.000042307778834 110.43748782160196 -999.0 6231.0 -999.0 -1 -999 {-999.0 -999.0 -999.0 -999.0 -999.0} "" -999.0 -999.0 -999.0 -999.0 -999 -999 "" "" "" "" 0 0 0.0 0.0 -999 ""
