#%yanny
#
# confSummaryS-10023356.par
#
# Created by pydl.pydlutils.yanny.yanny
#
# 2026-09-08 14:11:13 UTC
#
configuration_id 10023356
robostrategy_run iota-1
fps_calibrations_version 2025.12.04+ccda1c9
jaeger_version 1.11.1
coordio_version 1.18.1
kaiju_version 1.4.1
design_id 745051
field_id 110060
focal_scale 0.9999594
instruments BOSS APOGEE
epoch 2461291.8453332507
obstime Tue Sep 08 08:10:37 2026
MJD 61291
observatory LCO
temperature 9.3
raCen 43.6612318306099
decCen -53.0276284450433
pa 250.80214
is_dithered 0
parent_configuration -999
dither_radius -999.0
cloned_from -999

typedef enum {
    BOSS,
    APOGEE,
    METROLOGY,
    NONE
} FIBERTYPE;

typedef struct {
    short positionerId;
    char holeId[28];
    FIBERTYPE fiberType;
    short assigned;
    short on_target;
    short disabled;
    short valid;
    short decollided;
    short too;
    double xwok;
    double ywok;
    double zwok;
    double xFocal;
    double yFocal;
    float alpha;
    float beta;
    double racat;
    double deccat;
    float pmra;
    float pmdec;
    float parallax;
    double ra;
    double dec;
    double ra_observed;
    double dec_observed;
    double alt_observed;
    double az_observed;
    float lambda_design;
    float lambda_eff;
    float coord_epoch;
    short spectrographId;
    short fiberId;
    float mag[5];
    char optical_prov[104];
    float bp_mag;
    float gaia_g_mag;
    float rp_mag;
    float h_mag;
    long catalogid;
    long carton_to_target_pk;
    char cadence[76];
    char firstcarton[188];
    char program[48];
    char category[60];
    long sdssv_boss_target0;
    long sdssv_apogee_target0;
    double delta_ra;
    double delta_dec;
    long too_id;
    char too_program[4];
} FIBERMAP;

FIBERMAP 4 R+1C12 APOGEE 0 0 0 1 0 0 -39.218985671561285 30.283281035285775 143.1 -15.702116500754629 -46.99414991346364 110.002266 124.87746 -999.0 -999.0 -999.0 -999.0 -999.0 43.58236301817021 -53.17038861633263 43.45057928620383 -53.05040976981383 65.87063439380196 175.72459682203782 -999.0 16600.0 -999.0 2 -999 {-999.0 -999.0 -999.0 -999.0 -999.0} "" -999.0 -999.0 -999.0 -999.0 -999 -999 "" "" "" "" 0 0 0.0 0.0 -999 ""
FIBERMAP 4 R+1C12 BOSS 1 1 0 1 0 0 -38.79617411645463 30.887836645464112 143.1 -16.41205683883566 -46.79365647088744 110.002266 124.87746 43.57876518413081 -53.169908747329096 -999.0 -999.0 -999.0 43.57876518413081 -53.1699087473291 43.44697734192573 -53.04982830179436 65.87144712059916 175.72970803380286 5400.0 5400.0 2016.0 1 22 {-999.0 19.71772 19.02383 18.606682 18.314398} sdss_fiber2mag_from_lsdr10 18.416912 20.689425 16.990742 14.929 63050395801414067 1058437274 dark_flexible_2x1 bhm_spiders_agn_lsdr10 bhm_spiders science 0 0 0.0 0.0 -999 ""
FIBERMAP 4 R+1C12 METROLOGY 0 0 0 1 0 0 -38.47365595102119 30.22017933581791 143.1 -15.88760423679371 -46.26954858428859 110.002266 124.87746 -999.0 -999.0 -999.0 -999.0 -999.0 43.581410369139064 -53.16829116026601 43.44962724492308 -53.04824281206768 65.8728506334942 175.7254137267419 -999.0 6231.0 -999.0 -1 -999 {-999.0 -999.0 -999.0 -999.0 -999.0} "" -999.0 -999.0 -999.0 -999.0 -999 -999 "" "" "" "" 0 0 0.0 0.0 -999 ""
FIBERMAP 6 R+3C2 APOGEE 0 0 0 1 0 0 -246.8452209739099 60.740411146380744 143.1 23.8069315287689 -253.080903029819 157.16817 127.6973 -999.0 -999.0 -999.0 -999.0 -999.0 43.78692194613714 -53.79305162808811 43.65145151253165 -53.67325991552719 65.23833743243382 175.6034904946703 -999.0 16600.0 -999.0 2 -999 {-999.0 -999.0 -999.0 -999.0 -999.0} "" -999.0 -999.0 -999.0 -999.0 -999 -999 "" "" "" "" 0 0 0.0 0.0 -999 ""
FIBERMAP 6 R+3C2 BOSS 1 1 0 1 0 0 -247.03389426709577 61.43088747241814 143.1 23.21691917516873 -253.48611777360773 157.16817 127.6973 43.78320005917605 -53.794409065301934 57.13454 6.5256777 1.453388 43.78392931650641 -53.794389695643474 43.648443114366785 -53.67449427847833 65.23731256023524 175.60805130929154 5400.0 5400.0 2016.0 1 75 {-999.0 16.153536 15.543746 15.330749 -999.0} sdss_psfmag_gaia 16.005085 15.585137 14.9931755 13.762 63050395801411990 1136503769 dark_flexible_3x1 mwm_halo_local_high_boss_triple mwm_halo science 0 0 0.9402337074279785 0.0 -999 ""
FIBERMAP 6 R+3C2 METROLOGY 0 0 0 1 0 0 -246.3198647113431 61.27285740111256 143.1 23.13136913487702 -252.75986060517357 157.16817 127.6973 -999.0 -999.0 -999.0 -999.0 -999.0 43.78347902336433 -53.79222724489587 43.64800977630068 -53.67235933530391 65.2394628355211 175.60808401099158 -999.0 6231.0 -999.0 -1 -999 {-999.0 -999.0 -999.0 -999.0 -999.0} "" -999.0 -999.0 -999.0 -999.0 -999 -999 "" "" "" "" 0 0 0.0 0.0 -999 ""
FIBERMAP 13 R-1C1 APOGEE 0 0 0 1 0 0 -294.9018218372817 -13.933997479516426 143.1 110.12760901713806 -273.90887753374267 180.13701 96.356415 -999.0 -999.0 -999.0 -999.0 -999.0 44.22942195459081 -53.85294935719559 44.0922920529149 -53.73391703444579 65.14655866902459 175.00357318041958 -999.0 16600.0 -999.0 2 255 {-999.0 -999.0 -999.0 -999.0 -999.0} "" -999.0 -999.0 -999.0 -999.0 -999 -999 "" ops_sky_apogee_best_unassigned ops_sky sky_apogee 0 0 0.0 0.0 -999 ""
FIBERMAP 13 R-1C1 BOSS 1 1 0 1 0 0 -294.9922287818414 -13.200673270890286 143.1 109.46482150577997 -274.23538357674835 180.13701 96.356415 44.22603858970237 -53.8540148856928 -999.0 -999.0 -999.0 44.22603858970237 -53.85401488569279 44.08889208196045 -53.734877820907094 65.145864691934 175.00861266816227 5400.0 5400.0 2016.0 1 525 {-999.0 22.392061 22.007462 21.529425 21.15337} sdss_fiber2mag_from_lsdr10 1e+20 1e+20 1e+20 -999.0 63050396674322795 1131236265 dark_flexible_3x1 bhm_spiders_agn_lsdr10_d3 bhm_spiders science 0 0 0.0 0.0 -999 ""
FIBERMAP 13 R-1C1 METROLOGY 0 0 0 1 0 0 -294.3085064535866 -13.474560166592983 143.1 109.49864645623316 -273.49965123601277 180.13701 96.356415 -999.0 -999.0 -999.0 -999.0 -999.0 44.22621847876675 -53.851839706109956 44.08908853458024 -53.73273147075917 65.14797825968725 175.00768152089012 -999.0 6231.0 -999.0 -1 -999 {-999.0 -999.0 -999.0 -999.0 -999.0} "" -999.0 -999.0 -999.0 -999.0 -999 -999 "" "" "" "" 0 0 0.0 0.0 -999 ""
FIBERMAP 15 R-1C25 APOGEE 0 0 0 1 0 0 262.0633779734121 0.17728610037507408 143.1 -86.33858214899266 247.42133751673137 129.95949 54.015144 -999.0 -999.0 -999.0 -999.0 -999.0 43.2308016637869 -52.27906934309294 43.104273859550574 -52.15872182738882 66.77933088003584 176.01512629974758 -999.0 16600.0 -999.0 2 -999 {-999.0 -999.0 -999.0 -999.0 -999.0} "" -999.0 -999.0 -999.0 -999.0 -999 -999 "" "" "" "" 0 0 0.0 0.0 -999 ""
FIBERMAP 15 R-1C25 BOSS 1 1 0 1 0 0 262.76452958512203 0.252363561149384 143.1 -86.64003285949717 248.0587834367582 129.95949 54.015144 43.2293433019886 -52.277242161618744 -999.0 -999.0 -999.0 43.2293433019886 -52.27724216161875 43.10281338424054 -52.15680108787866 66.78133091284947 176.01690527953014 5400.0 5400.0 2015.5 1 336 {-999.0 -999.0 -999.0 -999.0 -999.0} "" -999.0 -999.0 -999.0 -999.0 27021603157773370 813533316 "" ops_sky_boss_good ops_sky sky_boss 0 0 0.0 0.0 -999 ""
FIBERMAP 15 R-1C25 METROLOGY 0 0 0 1 0 0 262.478798768733 -0.44474587598230997 143.1 -85.88776390374582 248.018175598807 129.95949 54.015144 -999.0 -999.0 -999.0 -999.0 -999.0 43.23302832627615 -52.27729420676071 43.10649151531658 -52.15688541775984 66.78102341468963 176.01123087945186 -999.0 6231.0 -999.0 -1 -999 {-999.0 -999.0 -999.0 -999.0 -999.0} "" -999.0 -999.0 -999.0 -999.0 -999 -999 "" "" "" "" 0 0 0.0 0.0 -999 ""
FIBERMAP 24 R+3C10 APOGEE 0 0 0 1 0 0 -53.65104801224984 78.11889748595229 143.1 -56.130173539673 -76.3522853192966 135.04352 54.41275 -999.0 -999.0 -999.0 -999.0 -999.0 43.37750508493359 -53.259501905545065 43.24590977161682 -53.1391436500581 65.79522840585585 176.04580418218268 -999.0 16600.0 -999.0 2 -999 {-999.0 -999.0 -999.0 -999.0 -999.0} "" -999.0 -999.0 -999.0 -999.0 -999 -999 "" "" "" "" 0 0 0.0 0.0 -999 ""
FIBERMAP 24 R+3C10 BOSS 1 1 0 1 0 0 -52.91438870851317 78.23053690571042 143.1 -56.47782711660909 -75.69332993036289 135.04352 54.41275 43.37570592132104 -53.25764042979828 -999.0 -999.0 -999.0 43.37570592132104 -53.25764042979828 43.24410895313796 -53.13718367822792 65.79728702287164 176.04794539988282 5400.0 5400.0 2016.0 1 24 {-999.0 21.645464 21.695915 21.291677 21.01382} sdss_fiber2mag_from_lsdr10 21.26049 21.153286 19.871313 -999.0 63050395801414034 1131240464 dark_flexible_3x1 bhm_spiders_agn_lsdr10_d3 bhm_spiders science 0 0 0.0 0.0 -999 ""
FIBERMAP 24 R+3C10 METROLOGY 0 0 0 1 0 0 -53.17699410105059 77.54030340883709 143.1 -55.73965551333872 -75.71436020020258 135.04352 54.41275 -999.0 -999.0 -999.0 -999.0 -999.0 43.37943783488192 -53.25768741210317 43.2478338538138 -53.13726427933452 65.7969821720841 176.0425421572275 -999.0 6231.0 -999.0 -1 -999 {-999.0 -999.0 -999.0 -999.0 -999.0} "" -999.0 -999.0 -999.0 -999.0 -999 -999 "" "" "" "" 0 0 0.0 0.0 -999 ""
FIBERMAP 27 R-2C1 APOGEE 0 0 0 1 0 0 -282.7677482398169 -52.89255094735394 143.1 142.92822898761716 -249.63978681538666 274.18314 58.527435 -999.0 -999.0 -999.0 -999.0 -999.0 44.3959786409254 -53.77862430702447 44.25871640400379 -53.65990607626823 65.20692412197404 174.74766562067816 -999.0 16600.0 -999.0 2 256 {-999.0 -999.0 -999.0 -999.0 -999.0} "" -999.0 -999.0 -999.0 -999.0 -999 -999 "" ops_sky_apogee_best_unassigned ops_sky sky_apogee 0 0 0.0 0.0 -999 ""
FIBERMAP 27 R-2C1 BOSS 1 1 0 1 0 0 -283.44429159938636 -52.576273249911246 143.1 142.85201169608135 -250.3826785544554 274.18314 58.527435 44.39561980048117 -53.780928094660766 -999.0 -999.0 -999.0 44.39561980048117 -53.780928094660766 44.25832443191176 -53.66211045811863 65.20477132021784 174.74892449233846 5400.0 5400.0 2016.0 1 526 {-999.0 21.639648 21.10056 20.721449 20.503601} sdss_fiber2mag_from_lsdr10 21.112038 21.486452 19.794836 -999.0 63050395801544511 1131236268 dark_flexible_3x1 bhm_spiders_agn_lsdr10_d3 bhm_spiders science 0 0 0.0 0.0 -999 ""
FIBERMAP 27 R-2C1 METROLOGY 0 0 0 1 0 0 -282.825754717727 -52.148449053594234 143.1 142.2446097085531 -249.93923936477177 274.18314 58.527435 -999.0 -999.0 -999.0 -999.0 -999.0 44.39254484704843 -53.779652699913456 44.255271700892024 -53.66085779456293 65.20625674153803 174.75279511870693 -999.0 6231.0 -999.0 -1 -999 {-999.0 -999.0 -999.0 -999.0 -999.0} "" -999.0 -999.0 -999.0 -999.0 -999 -999 "" "" "" "" 0 0 0.0 0.0 -999 ""
FIBERMAP 34 R-11C16 APOGEE 1 1 0 1 0 0 190.05985219409547 -210.45079576309413 143.1 136.2441694049675 248.68309514627205 85.0597 16.645596 44.33065348126563 -52.272710703529164 8.0866375 1.5803959 0.3699974 44.33069270721116 -52.272706012640086 44.20098860372582 -52.15428035653976 66.7029494331376 174.32217640739177 16000.0 16600.0 2016.0 2 235 {-999.0 13.9392605 13.101686 12.795055 -999.0} sdss_psfmag_from_g3xp 13.686501 13.137169 12.441416 10.984 63050395801552461 1108810478 bright_flexible_3x1 mwm_tess_rgb_apogee mwm_tessrgb science 0 0 0.0 0.0 -999 ""
FIBERMAP 34 R-11C16 BOSS 0 0 0 1 0 0 190.2118451469533 -211.19153442506482 143.1 136.89370816812323 249.0701979612355 85.0597 16.645596 -999.0 -999.0 -999.0 -999.0 -999.0 44.333865028205885 -52.27164303034095 44.20413535691114 -52.153131821600795 66.70381410683919 174.31693378167586 -999.0 5400.0 -999.0 1 345 {-999.0 -999.0 -999.0 -999.0 -999.0} "" -999.0 -999.0 -999.0 -999.0 -999 -999 "" "" "" "" 0 0 0.0 0.0 -999 ""
FIBERMAP 34 R-11C16 METROLOGY 0 0 0 1 0 0 189.50649694239308 -210.96333567189131 143.1 136.9101398071597 248.32906630221598 85.0597 16.645596 -999.0 -999.0 -999.0 -999.0 -999.0 44.334043970804345 -52.273788994375714 44.20430966785648 -52.15530342031756 66.70164915143657 174.31744102506025 -999.0 6231.0 -999.0 -1 -999 {-999.0 -999.0 -999.0 -999.0 -999.0} "" -999.0 -999.0 -999.0 -999.0 -999 -999 "" "" "" "" 0 0 0.0 0.0 -999 ""
FIBERMAP 38 R+13C14 APOGEE 0 0 0 1 0 0 155.95066045926188 240.94344919880177 143.1 -278.81440901267763 68.04550591058643 327.17102 101.38786 -999.0 -999.0 -999.0 -999.0 -999.0 42.265794271611995 -52.81613077545408 42.13966494288303 -52.69399081224118 66.29269139259743 177.59499074403155 -999.0 16600.0 -999.0 2 57 {-999.0 -999.0 -999.0 -999.0 -999.0} "" -999.0 -999.0 -999.0 -999.0 -999 -999 "" ops_sky_apogee_best_unassigned ops_sky sky_apogee 0 0 0.0 0.0 -999 ""
FIBERMAP 38 R+13C14 BOSS 1 1 0 1 0 0 155.5713959744712 240.3082681920339 143.1 -278.08986663340403 67.89620633976219 327.17102 101.38786 42.269425480930174 -52.81671381665638 -999.0 -999.0 -999.0 42.269425480930174 -52.81671381665639 42.14327305859182 -52.69448584877203 66.29206471656354 177.58963664144102 5400.0 5400.0 2016.0 1 95 {-999.0 20.320435 19.213484 18.762978 18.410542} sdss_fiber2mag_from_lsdr10 18.959173 20.610033 17.406963 15.258 63050395801433297 1128180003 dark_flexible_3x1 bhm_spiders_clusters_lsdr10_d3 bhm_spiders science 0 0 0.0 0.0 -999 ""
FIBERMAP 38 R+13C14 METROLOGY 0 0 0 1 0 0 155.20728876922743 240.97268306490054 143.1 -278.5975820133984 67.33389000215463 327.17102 101.38786 -999.0 -999.0 -999.0 -999.0 -999.0 42.26676299837178 -52.81834953834812 42.140613734975204 -52.69614325963856 66.29050807138154 177.59388746527932 -999.0 6231.0 -999.0 -1 -999 {-999.0 -999.0 -999.0 -999.0 -999.0} "" -999.0 -999.0 -999.0 -999.0 -999 -999 "" "" "" "" 0 0 0.0 0.0 -999 ""
FIBERMAP 41 R+10C10 APOGEE 0 0 0 1 0 0 25.661298562378608 208.1343304554173 143.1 -204.989617081292 -44.205063886020504 86.98932 106.8128 -999.0 -999.0 -999.0 -999.0 -999.0 42.62617205294192 -53.158795531564685 42.49734433374499 -53.03717460776209 65.9358455991933 177.11954690578094 -999.0 16600.0 -999.0 2 -999 {-999.0 -999.0 -999.0 -999.0 -999.0} "" -999.0 -999.0 -999.0 -999.0 -999 -999 "" "" "" "" 0 0 0.0 0.0 -999 ""
FIBERMAP 41 R+10C10 BOSS 1 1 0 1 0 0 26.3803666891983 208.30715480823008 143.1 -205.38926637273724 -43.582839439224095 86.98932 106.8128 42.624093658395665 -53.1570291244429 6.2126837 9.405431 1.5590011 42.62412441147683 -53.15700120752877 42.495300434657935 -53.035281959676105 65.93782296922288 177.12221401044667 5400.0 5400.0 2016.0 1 127 {-999.0 19.650114 20.186937 20.560793 -999.0} sdss_psfmag_gaia 19.885843 19.943167 20.348083 -999.0 63050395801431592 1143594674 dark_1x3 mwm_wd_pwd_boss_1x3 mwm_wd science 0 0 0.0 0.0 -999 ""
FIBERMAP 41 R+10C10 METROLOGY 0 0 0 1 0 0 26.186841945176475 207.6020688941587 143.1 -204.6597838469768 -43.53374963471615 86.98932 106.8128 -999.0 -999.0 -999.0 -999.0 -999.0 42.62774163592773 -53.1568593226529 42.49890994737734 -53.035173168053404 65.93777284970824 177.11688534185288 -999.0 6231.0 -999.0 -1 -999 {-999.0 -999.0 -999.0 -999.0 -999.0} "" -999.0 -999.0 -999.0 -999.0 -999 -999 "" "" "" "" 0 0 0.0 0.0 -999 ""
FIBERMAP 47 R-6C12 APOGEE 0 0 0 1 0 0 9.736516273187474 -112.35956185546323 143.1 102.90524509898856 46.14053121212243 163.75543 116.204605 -999.0 -999.0 -999.0 -999.0 -999.0 44.17812353868121 -52.885494359841545 44.045937620744894 -52.766634507917445 66.10920913959744 174.76475570300846 -999.0 16600.0 -999.0 2 -999 {-999.0 -999.0 -999.0 -999.0 -999.0} "" -999.0 -999.0 -999.0 -999.0 -999 -999 "" "" "" "" 0 0 0.0 0.0 -999 ""
FIBERMAP 47 R-6C12 BOSS 1 1 0 1 0 0 9.570554238671704 -111.64970779791064 143.1 102.28946550742754 45.7503921051367 163.75543 116.204605 44.1751632479112 -52.886764813793086 -999.0 -999.0 -999.0 44.17516324791119 -52.886764813793086 44.042959295690956 -52.767805257762575 66.10828614705842 174.76954744359364 5400.0 5400.0 2016.0 1 391 {-999.0 21.143139 20.940443 20.759933 20.596642} sdss_psfmag_from_lsdr10 20.649012 20.86126 20.727722 -999.0 63050395801550279 1131242613 dark_flexible_3x1 bhm_spiders_agn_lsdr10_d3 bhm_spiders science 0 0 0.0 0.0 -999 ""
FIBERMAP 47 R-6C12 METROLOGY 0 0 0 1 0 0 10.305462812626734 -111.8739714395197 143.1 102.25959776232604 46.518145172568474 163.75543 116.204605 -999.0 -999.0 -999.0 -999.0 -999.0 44.174982144198275 -52.88440460865536 44.04279598317555 -52.765472061088964 66.110612019656 174.7690301812623 -999.0 6231.0 -999.0 -1 -999 {-999.0 -999.0 -999.0 -999.0 -999.0} "" -999.0 -999.0 -999.0 -999.0 -999 -999 "" "" "" "" 0 0 0.0 0.0 -999 ""
FIBERMAP 48 R-6C4 APOGEE 0 0 0 1 0 0 -160.51820279125167 -136.7318721754667 143.1 181.904064125909 -106.62551070830095 315.1802 48.83545 -999.0 -999.0 -999.0 -999.0 -999.0 44.58582923602986 -53.3454106236562 44.45017058319678 -53.22714649384677 65.61951227197022 174.3309824736419 -999.0 16600.0 -999.0 2 -999 {-999.0 -999.0 -999.0 -999.0 -999.0} "" -999.0 -999.0 -999.0 -999.0 -999 -999 "" "" "" "" 0 0 0.0 0.0 -999 ""
FIBERMAP 48 R-6C4 BOSS 1 1 0 1 0 0 -161.24820313020484 -136.77178007582327 143.1 182.18178843258121 -107.30176431820222 315.1802 48.83545 44.58737402656501 -53.34755930123943 0.40056357 -0.8876236 0.09125433 44.58737601822557 -53.34756193585648 44.4516786374714 -53.22920380787762 65.61734621105435 174.32953777223497 5400.0 5400.0 2016.0 1 491 {-999.0 20.575993 20.433605 20.056116 19.835411} sdss_fiber2mag_from_lsdr10 19.893631 20.156364 19.211967 -999.0 63050395801545090 1131240495 dark_flexible_3x1 bhm_spiders_agn_lsdr10_d3 bhm_spiders science 0 0 0.0 0.0 -999 ""
FIBERMAP 48 R-6C4 METROLOGY 0 0 0 1 0 0 -160.9433071382387 -136.11641745660523 143.1 181.4626412421401 -107.22933073459052 315.1802 48.83545 -999.0 -999.0 -999.0 -999.0 -999.0 44.58377434404414 -53.34737009975919 44.44809529905973 -53.229032878057545 65.61782483028693 174.33461965242563 -999.0 6231.0 -999.0 -1 -999 {-999.0 -999.0 -999.0 -999.0 -999.0} "" -999.0 -999.0 -999.0 -999.0 -999 -999 "" "" "" "" 0 0 0.0 0.0 -999 ""
FIBERMAP 50 R-4C21 APOGEE 0 0 0 1 0 0 187.1362890257494 -76.58915721135294 143.1 10.793209725828696 201.9061079552614 186.38803 105.12656 -999.0 -999.0 -999.0 -999.0 -999.0 43.7119206489627 -52.41567854402463 43.58334609602775 -52.296128831417796 66.61105423521253 175.31520987717772 -999.0 16600.0 -999.0 2 225 {-999.0 -999.0 -999.0 -999.0 -999.0} "" -999.0 -999.0 -999.0 -999.0 -999 -999 "" ops_sky_apogee_best_unassigned ops_sky sky_apogee 0 0 0.0 0.0 -999 ""
FIBERMAP 50 R-4C21 BOSS 1 1 0 1 0 0 186.84463605212616 -75.92680933522948 143.1 10.263622057618385 201.41289345957136 186.38803 105.12656 43.7093664590989 -52.41718719623262 -9.293164 -6.9940524 1.2741576 43.70932123306318 -52.417207955755075 43.58072995108198 -52.297561319685215 66.60981830562606 175.31963389576424 5400.0 5400.0 2016.0 1 323 {-999.0 19.577217 18.23629 17.622927 -999.0} sdss_psfmag_gaia 19.069103 18.167799 17.250921 15.418 63050395801552635 1095437058 bright_1x1 mwm_bin_vis_boss mwm_filler science 0 0 0.0 0.0 -999 ""
FIBERMAP 50 R-4C21 METROLOGY 0 0 0 1 0 0 187.59019284362805 -75.99947254882812 143.1 10.087089075393523 202.14085322145743 186.38803 105.12656 -999.0 -999.0 -999.0 -999.0 -999.0 43.70842792927305 -52.41496103833616 43.579854304755486 -52.29533943009953 66.61208749801438 175.32032067654006 -999.0 6231.0 -999.0 -1 -999 {-999.0 -999.0 -999.0 -999.0 -999.0} "" -999.0 -999.0 -999.0 -999.0 -999 -999 "" "" "" "" 0 0 0.0 0.0 -999 ""
FIBERMAP 51 R+5C4 APOGEE 0 0 0 1 0 0 -158.76699065552546 115.48043049680649 143.1 -56.84853234883741 -187.90370383964853 119.85494 46.116405 -999.0 -999.0 -999.0 -999.0 -999.0 43.37373163688558 -53.5971449280016 43.240501883956426 -53.476688551714815 65.45969042136542 176.13521292153987 -999.0 16600.0 -999.0 2 -999 {-999.0 -999.0 -999.0 -999.0 -999.0} "" -999.0 -999.0 -999.0 -999.0 -999 -999 "" "" "" "" 0 0 0.0 0.0 -999 ""
FIBERMAP 51 R+5C4 BOSS 1 1 0 1 0 0 -158.07009039025323 115.34880699938601 143.1 -56.95338702594003 -187.2023056794307 119.85494 46.116405 43.37312261155856 -53.59519972881514 12.264384 6.5963016 0.81302696 43.37318394869447 -53.59518014986023 43.23994958802646 -53.47462603952506 65.46177534866675 176.13550872703416 5400.0 5400.0 2016.0 1 38 {-999.0 21.579437 20.63934 20.273167 -999.0} sdss_psfmag_gaia 19.589716 20.670382 18.22637 -999.0 63050395801412393 1092494846 dark_flexible_2x1 mwm_cb_galex_vol_boss mwm_cb science 0 0 0.0 0.0 -999 ""
FIBERMAP 51 R+5C4 METROLOGY 0 0 0 1 0 0 -158.54921506368083 114.76483842838145 143.1 -56.2443712964359 -187.46274782231316 119.85494 46.116405 -999.0 -999.0 -999.0 -999.0 -999.0 43.37678617488186 -53.59596886937418 43.243541138018884 -53.47544829337589 65.4607453279116 176.13058320127388 -999.0 6231.0 -999.0 -1 -999 {-999.0 -999.0 -999.0 -999.0 -999.0} "" -999.0 -999.0 -999.0 -999.0 -999 -999 "" "" "" "" 0 0 0.0 0.0 -999 ""
FIBERMAP 60 R-3C7 APOGEE 1 1 0 1 0 0 -118.26181091031553 -65.68246144176283 143.1 100.91386777612622 -90.08300071645368 260.29758 153.1495 44.174816846235785 -53.2988878844541 4.448956 -0.6695989 0.26076806 44.17483894187736 -53.29888987193485 44.04064398059547 -53.17991228976016 65.69989466321678 174.90483600936108 16000.0 16600.0 2016.0 2 290 {-999.0 13.939008 13.1566 12.875997 -999.0} sdss_psfmag_from_g3xp 13.714552 13.196074 12.525422 11.163 63050395801549676 1104620799 bright_flexible_3x1 mwm_tess_rgb_apogee mwm_tessrgb science 0 0 0.0 0.0 -999 ""
FIBERMAP 60 R-3C7 BOSS 0 0 0 1 0 0 -118.79048222695451 -66.19528525085103 143.1 101.57198975690783 -90.41362592723365 260.29758 153.1495 -999.0 -999.0 -999.0 -999.0 -999.0 44.17829440397724 -53.30000848107221 44.04406245774277 -53.180940647722615 65.698609373025 174.90022371019415 -999.0 5400.0 -999.0 1 476 {-999.0 -999.0 -999.0 -999.0 -999.0} "" -999.0 -999.0 -999.0 -999.0 -999 -999 "" "" "" "" 0 0 0.0 0.0 -999 ""
FIBERMAP 60 R-3C7 METROLOGY 0 0 0 1 0 0 -118.98084513759402 -65.47987390430686 143.1 100.95898558561917 -90.82863534594733 260.29758 153.1495 -999.0 -999.0 -999.0 -999.0 -999.0 44.175217270061445 -53.301269868981024 44.04099430392648 -53.1822234805771 65.69757575238538 174.90505790247212 -999.0 6231.0 -999.0 -1 -999 {-999.0 -999.0 -999.0 -999.0 -999.0} "" -999.0 -999.0 -999.0 -999.0 -999 -999 "" "" "" "" 0 0 0.0 0.0 -999 ""
FIBERMAP 73 R-11C14 APOGEE 0 0 0 1 0 0 136.44761655013176 -214.7183368437873 143.1 157.90289250737737 199.45760818796543 354.9696 116.812355 -999.0 -999.0 -999.0 -999.0 -999.0 44.44172196950467 -52.42008547160999 44.31099697572546 -52.30181635700394 66.54730892297397 174.2071325921021 -999.0 16600.0 -999.0 2 232 {-999.0 -999.0 -999.0 -999.0 -999.0} "" -999.0 -999.0 -999.0 -999.0 -999 -999 "" ops_sky_apogee_best_unassigned ops_sky sky_apogee 0 0 0.0 0.0 -999 ""
FIBERMAP 73 R-11C14 BOSS 1 1 0 1 0 0 136.59686734993534 -215.4214373476518 143.1 158.517789333583 199.82974534508543 354.9696 116.812355 44.44476676723138 -52.41902798681511 -999.0 -999.0 -999.0 44.44476676723138 -52.41902798681511 44.31401602000907 -52.30067250268357 66.5481742040767 174.202127418058 5400.0 5400.0 2015.5 1 341 {-999.0 -999.0 -999.0 -999.0 -999.0} "" -999.0 -999.0 -999.0 -999.0 27021603157762421 813531563 "" ops_sky_boss_good ops_sky sky_boss 0 0 0.0 0.0 -999 ""
FIBERMAP 73 R-11C14 METROLOGY 0 0 0 1 0 0 135.87890000110718 -215.20096821383902 143.1 158.54566984313936 199.07923843141745 354.9696 116.812355 -999.0 -999.0 -999.0 -999.0 -999.0 44.44500846630076 -52.42122528064561 44.31425274960719 -52.302895709177996 66.54595340285664 174.2025744138441 -999.0 6231.0 -999.0 -1 -999 {-999.0 -999.0 -999.0 -999.0 -999.0} "" -999.0 -999.0 -999.0 -999.0 -999 -999 "" "" "" "" 0 0 0.0 0.0 -999 ""
FIBERMAP 85 R+2C11 APOGEE 0 0 0 1 0 0 -45.0519989437211 29.437334774649003 143.1 -12.985246991849278 -52.22439543129609 233.61842 147.62344 -999.0 -999.0 -999.0 -999.0 -999.0 43.59618137961395 -53.18625258927502 43.46427917167614 -53.06629346775115 65.85394998021961 175.70880264647616 -999.0 16600.0 -999.0 2 15 {-999.0 -999.0 -999.0 -999.0 -999.0} "" -999.0 -999.0 -999.0 -999.0 -999 -999 "" ops_sky_apogee_best_unassigned ops_sky sky_apogee 0 0 0.0 0.0 -999 ""
FIBERMAP 85 R+2C11 BOSS 1 1 0 1 0 0 -45.720497790290466 29.15729907078468 143.1 -12.50098071851985 -52.76361173803744 233.61842 147.62344 43.598650853429355 -53.18801838241812 -0.9570665 0.9495259 0.09503932 43.59864611247879 -53.1880155640645 43.46671055771471 -53.067964704636225 65.85212953875578 175.7056976171128 5400.0 5400.0 2016.0 1 23 {-999.0 20.352615 20.317808 20.227018 20.135147} sdss_psfmag_from_lsdr10 20.461044 20.370567 19.86068 -999.0 63050395801414062 1131240467 dark_flexible_3x1 bhm_spiders_agn_lsdr10_d3 bhm_spiders science 0 0 0.0 0.0 -999 ""
FIBERMAP 85 R+2C11 METROLOGY 0 0 0 1 0 0 -45.62888311623406 29.90243184634807 143.1 -13.234771642592 -52.92210847861019 233.61842 147.62344 -999.0 -999.0 -999.0 -999.0 -999.0 43.594921418967 -53.18847829361192 43.46299975296051 -53.06844790124814 65.85189204525537 175.71124409242904 -999.0 6231.0 -999.0 -1 -999 {-999.0 -999.0 -999.0 -999.0 -999.0} "" -999.0 -999.0 -999.0 -999.0 -999 -999 "" "" "" "" 0 0 0.0 0.0 -999 ""
FIBERMAP 89 R-9C1 APOGEE 0 0 0 1 0 0 -197.94235951756767 -192.53922387093232 143.1 246.91149127658443 -123.61656165739967 293.2484 62.688904 -999.0 -999.0 -999.0 -999.0 -999.0 44.915014350873555 -53.3926330929813 44.7781349663307 -53.27494206070985 65.54280115826835 173.87906112763372 -999.0 16600.0 -999.0 2 258 {-999.0 -999.0 -999.0 -999.0 -999.0} "" -999.0 -999.0 -999.0 -999.0 -999 -999 "" ops_sky_apogee_best_unassigned ops_sky sky_apogee 0 0 0.0 0.0 -999 ""
FIBERMAP 89 R-9C1 BOSS 1 1 0 1 0 0 -198.67465577791995 -192.49724866189445 143.1 247.1126441838049 -124.32190806357266 293.2484 62.688904 44.9160914068079 -53.39483734689284 -999.0 -999.0 -999.0 44.91609140680791 -53.39483734689284 44.77917230458521 -53.27705130106905 65.54062099439912 173.87837577361364 5400.0 5400.0 2015.5 1 352 {-999.0 -999.0 -999.0 -999.0 -999.0} "" -999.0 -999.0 -999.0 -999.0 27021603157758266 813530838 "" ops_sky_boss_good ops_sky sky_boss 0 0 0.0 0.0 -999 ""
FIBERMAP 89 R-9C1 METROLOGY 0 0 0 1 0 0 -198.2725214847146 -191.87321290186506 143.1 246.39110681655063 -124.14734662406556 293.2484 62.688904 -999.0 -999.0 -999.0 -999.0 -999.0 44.91251951823015 -53.394358605984635 44.77562068914597 -53.2765936139086 65.54140415539639 173.8832698575358 -999.0 6231.0 -999.0 -1 -999 {-999.0 -999.0 -999.0 -999.0 -999.0} "" -999.0 -999.0 -999.0 -999.0 -999 -999 "" "" "" "" 0 0 0.0 0.0 -999 ""
FIBERMAP 92 R-1C26 APOGEE 0 0 0 1 0 0 273.48067954131943 -27.95118695064009 143.1 -63.52966442176111 267.4524187098436 211.63338 136.09204 -999.0 -999.0 -999.0 -999.0 -999.0 43.34384461522162 -52.2189623327319 43.21726258378726 -52.098826264112006 66.83188778580406 175.82450625255905 -999.0 16600.0 -999.0 2 229 {-999.0 -999.0 -999.0 -999.0 -999.0} "" -999.0 -999.0 -999.0 -999.0 -999 -999 "" ops_sky_apogee_best_unassigned ops_sky sky_apogee 0 0 0.0 0.0 -999 ""
FIBERMAP 92 R-1C26 BOSS 1 1 0 1 0 0 272.70108236042876 -27.80388756997905 143.1 -63.41242103352595 266.6677711787341 211.63338 136.09204 43.344429478545315 -52.22141641877451 -999.0 -999.0 -999.0 43.344429478545315 -52.22141641877451 43.217818961649854 -52.10118942791123 66.82950192649369 175.82426489687867 5400.0 5400.0 2015.5 1 338 {-999.0 -999.0 -999.0 -999.0 -999.0} "" -999.0 -999.0 -999.0 -999.0 27021603157773389 813533287 "" ops_sky_boss_good ops_sky sky_boss 0 0 0.0 0.0 -999 ""
FIBERMAP 92 R-1C26 METROLOGY 0 0 0 1 0 0 273.2359789246211 -27.23542468840928 143.1 -64.12513276328212 266.9859800741343 211.63338 136.09204 -999.0 -999.0 -999.0 -999.0 -999.0 43.340894891454944 -52.22038714173367 43.21430383968857 -52.100180182126735 66.83072943140377 175.82945747756474 -999.0 6231.0 -999.0 -1 -999 {-999.0 -999.0 -999.0 -999.0 -999.0} "" -999.0 -999.0 -999.0 -999.0 -999 -999 "" "" "" "" 0 0 0.0 0.0 -999 ""
FIBERMAP 101 R-9C6 APOGEE 0 0 0 1 0 0 -90.17953211510137 -184.80922154559804 143.1 204.17730127148786 -24.39246621640313 237.60472 98.65328 -999.0 -999.0 -999.0 -999.0 -999.0 44.691746764006965 -53.09522620096634 44.557013870422736 -52.97721810383317 65.85730087971623 174.08717987130674 -999.0 16600.0 -999.0 2 181 {-999.0 -999.0 -999.0 -999.0 -999.0} "" -999.0 -999.0 -999.0 -999.0 -999 -999 "" ops_sky_apogee_best_unassigned ops_sky sky_apogee 0 0 0.0 0.0 -999 ""
FIBERMAP 101 R-9C6 BOSS 1 1 0 1 0 0 -90.86820351690244 -184.49947146850428 143.1 204.1112362591309 -25.144664676699048 237.60472 98.65328 44.69158449485766 -53.097609092778505 1.320066 0.09023643 0.1004821 44.69159102022316 -53.097608824941325 44.556823007262714 -52.97950478144504 65.85505712963032 174.0882940501069 5400.0 5400.0 2016.0 1 374 {-999.0 17.85786 17.15931 16.907776 -999.0} sdss_psfmag_gaia 17.681114 17.202765 16.575338 15.346 63050395801545839 1111431739 bright_1x1 mwm_magcloud_rgb_boss mwm_magcloud science 0 0 0.0 0.0 -999 ""
FIBERMAP 101 R-9C6 METROLOGY 0 0 0 1 0 0 -90.28772628181333 -184.07552980697676 143.1 203.5200154422956 -24.735890478659318 237.60472 98.65328 -999.0 -999.0 -999.0 -999.0 -999.0 44.688629845151404 -53.09637841157156 44.55388340051314 -52.97829636199824 65.85651663848819 174.09213074223732 -999.0 6231.0 -999.0 -1 -999 {-999.0 -999.0 -999.0 -999.0 -999.0} "" -999.0 -999.0 -999.0 -999.0 -999 -999 "" "" "" "" 0 0 0.0 0.0 -999 ""
FIBERMAP 105 R-2C23 APOGEE 0 0 0 1 0 0 244.41534285560422 -41.83373487321885 143.1 -40.862469419340755 244.56939095187994 46.906273 49.316616 -999.0 -999.0 -999.0 -999.0 -999.0 43.45555357362398 -52.287592403500824 43.32832731670686 -52.16763139308819 66.75626586464834 175.67090440349904 -999.0 16600.0 -999.0 2 203 {-999.0 -999.0 -999.0 -999.0 -999.0} "" -999.0 -999.0 -999.0 -999.0 -999 -999 "" ops_sky_apogee_best_unassigned ops_sky sky_apogee 0 0 0.0 0.0 -999 ""
FIBERMAP 105 R-2C23 BOSS 1 1 0 1 0 0 244.48585656609785 -42.561569927865186 143.1 -40.198324338342644 244.87530588035474 46.906273 49.316616 43.45885337635802 -52.28674161325691 -0.4176486 -0.11380583 -0.24753194 43.458851349823334 -52.28674195105186 43.33160322548556 -52.16669533223299 66.75698010672953 175.66558708913536 5400.0 5400.0 2016.0 1 286 {-999.0 19.929361 19.74704 19.591555 19.480518} sdss_psfmag_from_gaiadr2 19.867605 19.746712 19.244928 -999.0 63050395801570099 1130305188 dark_flexible_3x1 bhm_gua_dark_d3 bhm_filler science 0 0 0.0 0.0 -999 ""
FIBERMAP 105 R-2C23 METROLOGY 0 0 0 1 0 0 243.80845692188043 -42.255891251240016 143.1 -40.26425087945209 244.13509065768858 46.906273 49.316616 -999.0 -999.0 -999.0 -999.0 -999.0 43.45850530053316 -52.288898613845575 43.33125275181311 -52.16887675486173 66.75483454067412 175.6667241101016 -999.0 6231.0 -999.0 -1 -999 {-999.0 -999.0 -999.0 -999.0 -999.0} "" -999.0 -999.0 -999.0 -999.0 -999 -999 "" "" "" "" 0 0 0.0 0.0 -999 ""
FIBERMAP 109 R-5C5 APOGEE 0 0 1 1 0 0 -148.37506439158838 -89.7899551656369 143.1 133.58156745116287 -110.59348255745633 10.008891 171.48161 -999.0 -999.0 -999.0 -999.0 -999.0 44.34148088700445 -53.35977290924752 44.20648379639766 -53.241072450155436 65.62611720022815 174.68561683452126 -999.0 16600.0 -999.0 2 295 {-999.0 -999.0 -999.0 -999.0 -999.0} "" -999.0 -999.0 -999.0 -999.0 -999 -999 "" ops_sky_apogee_best_unassigned ops_sky sky_apogee 0 0 0.0 0.0 -999 ""
FIBERMAP 109 R-5C5 BOSS 1 0 1 1 0 0 -147.64721419673106 -89.59823140683763 143.1 133.1611827975505 -109.96917922730195 10.008891 171.48161 44.39946729713837 -53.40073818255969 -7.8677254 -5.336455 4.2935424 44.33942229166095 -53.35803723252065 44.20441804408716 -53.239237367623524 65.6281026853107 174.68798336027365 5400.0 5400.0 2016.0 1 486 {-999.0 19.488907 17.622604 16.34214 -999.0} sdss_psfmag_gaia 18.504673 17.046974 15.868582 13.674 63050395801545142 1075862263 dark_flexible_2x1 mwm_erosita_stars_boss mwm_erosita science 0 0 0.0 0.0 -999 ""
FIBERMAP 109 R-5C5 METROLOGY 0 0 1 1 0 0 -147.8443645451154 -90.31823160712314 143.1 133.90594179818967 -109.91860917728566 10.008891 171.48161 -999.0 -999.0 -999.0 -999.0 -999.0 44.34321677433394 -53.35783841101153 44.2082083158449 -53.239072573961835 65.62795894656412 174.68248288673308 -999.0 6231.0 -999.0 -1 -999 {-999.0 -999.0 -999.0 -999.0 -999.0} "" -999.0 -999.0 -999.0 -999.0 -999 -999 "" "" "" "" 0 0 0.0 0.0 -999 ""
FIBERMAP 111 R+1C26 APOGEE 0 0 1 1 0 0 280.8416274413328 27.093674705970617 143.1 -117.93170896246043 256.3039895341565 9.9943 170.19539 -999.0 -999.0 -999.0 -999.0 -999.0 43.07520587326657 -52.25230175067022 42.94925829108814 -52.13169332979227 66.81537889677132 176.2488625795108 -999.0 16600.0 -999.0 2 107 {-999.0 -999.0 -999.0 -999.0 -999.0} "" -999.0 -999.0 -999.0 -999.0 -999 -999 "" ops_sky_apogee_best_unassigned ops_sky sky_apogee 0 0 0.0 0.0 -999 ""
FIBERMAP 111 R+1C26 BOSS 1 0 1 1 0 0 281.58647192338157 27.09365034407077 143.1 -118.17660424666107 257.00739166274775 9.9943 170.19539 43.137664595949104 -52.27285927566068 43.27523 5.6617236 3.8907022 43.07405984169098 -52.25030426809779 42.94811085851262 -52.12960298759895 66.81752577882098 176.25014920863802 5400.0 5400.0 2016.0 1 183 {-999.0 19.55765 17.752472 16.605381 -999.0} sdss_psfmag_gaia 18.652914 17.2934 16.150116 14.165 63050395801570440 1077985184 bright_flexible_2x1 mwm_snc_ext_main_boss mwm_snc science 0 0 0.0 0.0 -999 ""
FIBERMAP 111 R+1C26 METROLOGY 0 0 1 1 0 0 281.22564215812645 26.441604637989006 143.1 -117.44219735139313 256.881046342137 9.9943 170.19539 -999.0 -999.0 -999.0 -999.0 -999.0 43.0776318891591 -52.25060856599402 42.95167494545825 -52.12993925620977 66.81698699047867 176.24469527480446 -999.0 6231.0 -999.0 -1 -999 {-999.0 -999.0 -999.0 -999.0 -999.0} "" -999.0 -999.0 -999.0 -999.0 -999 -999 "" "" "" "" 0 0 0.0 0.0 -999 ""
FIBERMAP 112 R-4C23 APOGEE 0 0 0 1 0 0 262.19733737910263 -79.13228650965756 143.1 -11.48661088943884 273.6262590297573 13.478527 96.84319 -999.0 -999.0 -999.0 -999.0 -999.0 43.60062940831197 -52.20022356512294 43.47338415678968 -52.080537946093244 66.83297512836579 175.4218245953026 -999.0 16600.0 -999.0 2 237 {-999.0 -999.0 -999.0 -999.0 -999.0} "" -999.0 -999.0 -999.0 -999.0 -999 -999 "" ops_sky_apogee_best_unassigned ops_sky sky_apogee 0 0 0.0 0.0 -999 ""
FIBERMAP 112 R-4C23 BOSS 1 1 0 1 0 0 262.4353514137448 -79.81892340068786 143.1 -10.91644843256151 274.07680624263446 13.478527 96.84319 43.60345580056227 -52.198970005832955 0.15167728 -0.33454454 0.005003603 43.60345653508378 -52.19897099881776 43.47619190086895 -52.07919947880001 66.83410884357389 175.41708025874945 5400.0 5400.0 2016.0 1 347 {-999.0 20.262144 19.985483 19.794538 19.629444} sdss_psfmag_from_lsdr10 20.001776 19.886864 19.453167 -999.0 63050395801570662 1131248925 dark_flexible_3x1 bhm_spiders_agn_lsdr10_d3 bhm_spiders science 0 0 0.0 0.0 -999 ""
FIBERMAP 112 R-4C23 METROLOGY 0 0 0 1 0 0 261.718926738002 -79.70427330183942 143.1 -10.789144943185692 273.3625513586946 13.478527 96.84319 -999.0 -999.0 -999.0 -999.0 -999.0 43.604082159258674 -52.201032099446756 43.476810934041055 -52.08128693994147 66.83199166242164 175.41672278560813 -999.0 6231.0 -999.0 -1 -999 {-999.0 -999.0 -999.0 -999.0 -999.0} "" -999.0 -999.0 -999.0 -999.0 -999 -999 "" "" "" "" 0 0 0.0 0.0 -999 ""
FIBERMAP 113 R-7C11 APOGEE 0 0 0 1 0 0 -3.092857092483829 -132.2989836073071 143.1 125.95357341546509 40.58154973892271 177.10065 104.652435 -999.0 -999.0 -999.0 -999.0 -999.0 44.294189569114394 -52.90163827305222 44.16158178479901 -52.7829785422983 66.08363926760669 174.59906335693685 -999.0 16600.0 -999.0 2 167 {-999.0 -999.0 -999.0 -999.0 -999.0} "" -999.0 -999.0 -999.0 -999.0 -999 -999 "" ops_sky_apogee_best_unassigned ops_sky sky_apogee 0 0 0.0 0.0 -999 ""
FIBERMAP 113 R-7C11 BOSS 1 1 0 1 0 0 -3.2627988723467363 -131.56492933501303 143.1 125.31624895559567 40.1796948914039 177.10065 104.652435 44.29113866507595 -52.90295233109368 -999.0 -999.0 -999.0 44.29113866507595 -52.90295233109368 44.15851218011804 -52.78419265266477 66.08268898974754 174.60400771005828 5400.0 5400.0 2016.0 1 400 {-999.0 23.885098 22.941042 22.262537 21.771282} sdss_fiber2mag_from_lsdr10 1e+20 1e+20 1e+20 -999.0 63050396674285083 1131242618 dark_flexible_3x1 bhm_spiders_agn_lsdr10_d3 bhm_spiders science 0 0 0.0 0.0 -999 ""
FIBERMAP 113 R-7C11 METROLOGY 0 0 0 1 0 0 -2.5424068481337905 -131.79764598195098 143.1 125.29913711189543 40.93651875108262 177.10065 104.652435 -999.0 -999.0 -999.0 -999.0 -999.0 44.29102087340929 -52.90062576839778 44.1584120619637 -52.78189321726203 66.08497530144076 174.60338442442952 -999.0 6231.0 -999.0 -1 -999 {-999.0 -999.0 -999.0 -999.0 -999.0} "" -999.0 -999.0 -999.0 -999.0 -999 -999 "" "" "" "" 0 0 0.0 0.0 -999 ""
FIBERMAP 116 R+4C14 APOGEE 0 0 0 1 1 0 41.55097904967747 88.89297955541353 143.1 -97.6088236555945 10.009066134228439 94.73493 128.60252 -999.0 -999.0 -999.0 -999.0 -999.0 43.168775663683356 -52.99701765718118 43.03907034889818 -52.87636994918707 66.06885332238356 176.28691838533615 -999.0 16600.0 -999.0 2 -999 {-999.0 -999.0 -999.0 -999.0 -999.0} "" -999.0 -999.0 -999.0 -999.0 -999 -999 "" "" "" "" 0 0 0.0 0.0 -999 ""
FIBERMAP 116 R+4C14 BOSS 1 0 0 1 1 0 42.09798507246696 89.42894606011566 143.1 -98.29482923000388 10.349395995026924 94.73493 128.60252 43.30954502404558 -52.98438453115826 -1.3609684 -0.4167351 -0.7881573 43.1652505215022 -52.99606522305057 43.035545585729665 -52.875316966516465 66.07010114545699 176.2918964367455 5400.0 5400.0 2016.0 1 165 {-999.0 20.605505 20.636234 20.484276 20.319515} sdss_psfmag_from_lsdr10 20.981077 20.688265 20.239336 -999.0 63050395801414522 1131242606 dark_flexible_3x1 bhm_spiders_agn_lsdr10_d3 bhm_spiders science 0 0 0.0 0.0 -999 ""
FIBERMAP 116 R+4C14 METROLOGY 0 0 0 1 1 0 42.270191985088694 88.68747780278528 143.1 -97.65124818753935 10.755827773275614 94.73493 128.60252 -999.0 -999.0 -999.0 -999.0 -999.0 43.16848172060364 -52.994810901006 43.038777187703886 -52.87409540078567 66.07113443805518 176.28682650773592 -999.0 6231.0 -999.0 -1 -999 {-999.0 -999.0 -999.0 -999.0 -999.0} "" -999.0 -999.0 -999.0 -999.0 -999 -999 "" "" "" "" 0 0 0.0 0.0 -999 ""
FIBERMAP 121 R+6C3 APOGEE 1 1 0 1 0 0 -171.2238472647699 126.8195314444857 143.1 -63.46057688181127 -203.3958410088544 52.77586 117.75227 43.339978398403964 -53.64382446394247 -0.71578145 2.7650783 1.0680653 43.339974814481785 -53.643816256722104 43.20661975772917 -53.523288925257084 65.41529767566121 176.19448499067624 16000.0 16600.0 2016.0 2 18 {-999.0 12.199952 11.380631 11.096696 -999.0} sdss_psfmag_from_g3xp 11.962779 11.430294 10.746542 9.362 63050395801412381 1106810675 bright_1x1 mwm_tess_rgb_apogee mwm_tessrgb science 0 0 0.0 0.0 -999 ""
FIBERMAP 121 R+6C3 BOSS 0 0 0 1 0 0 -170.50658785773587 126.70335859554503 143.1 -63.586716836357844 -202.68029713848492 52.77586 117.75227 -999.0 -999.0 -999.0 -999.0 -999.0 43.33932321913159 -53.64180221582017 43.205963526274445 -53.52117657368735 65.4174380217988 176.19492258962333 -999.0 5400.0 -999.0 1 26 {-999.0 -999.0 -999.0 -999.0 -999.0} "" -999.0 -999.0 -999.0 -999.0 -999 -999 "" "" "" "" 0 0 0.0 0.0 -999 ""
FIBERMAP 121 R+6C3 METROLOGY 0 0 0 1 0 0 -170.9711439833147 126.11976006825925 143.1 -62.88284095886272 -202.92710314572582 52.77586 117.75227 -999.0 -999.0 -999.0 -999.0 -999.0 43.342897659877984 -53.642555329568346 43.20952781600886 -53.52196332482073 65.41644805428056 176.19003796228742 -999.0 6231.0 -999.0 -1 -999 {-999.0 -999.0 -999.0 -999.0 -999.0} "" -999.0 -999.0 -999.0 -999.0 -999 -999 "" "" "" "" 0 0 0.0 0.0 -999 ""
FIBERMAP 127 R-1C2 APOGEE 0 0 0 1 0 0 -264.651166604325 -30.874405768419436 143.1 116.17832818427468 -239.771350299065 241.4158 115.592415 -999.0 -999.0 -999.0 -999.0 -999.0 44.25902034506546 -53.750286328063524 44.12231901516566 -53.63133415044507 65.24597348347484 174.9298622205714 -999.0 16600.0 -999.0 2 -999 {-999.0 -999.0 -999.0 -999.0 -999.0} "" -999.0 -999.0 -999.0 -999.0 -999 -999 "" "" "" "" 0 0 0.0 0.0 -999 ""
FIBERMAP 127 R-1C2 BOSS 1 1 0 1 0 0 -265.3849710654858 -30.831197052807248 143.1 116.37881215278742 -240.47852657433364 241.4158 115.592415 44.26009386374475 -53.752499109598965 0.029155439 0.16615823 -0.10123054 44.26009401010364 -53.75249861641323 44.123356531608735 -53.6334496974441 65.24379579793981 174.92906411565386 5400.0 5400.0 2016.0 1 512 {-999.0 19.28797 18.934875 18.819674 18.743177} sdss_psfmag_from_lsdr10 19.255968 18.939913 18.455244 -999.0 63050395801407392 1131236266 dark_flexible_3x1 bhm_spiders_agn_lsdr10_d3 bhm_spiders science 0 0 0.0 0.0 -999 ""
FIBERMAP 127 R-1C2 METROLOGY 0 0 0 1 0 0 -264.9898380258675 -30.20747257459381 143.1 115.65987088297895 -240.31047441575456 241.4158 115.592415 -999.0 -999.0 -999.0 -999.0 -999.0 44.25644701337152 -53.752042146239944 44.11972911464596 -53.63301470719962 65.2445073221037 174.93402135956512 -999.0 6231.0 -999.0 -1 -999 {-999.0 -999.0 -999.0 -999.0 -999.0} "" -999.0 -999.0 -999.0 -999.0 -999 -999 "" "" "" "" 0 0 0.0 0.0 -999 ""
FIBERMAP 133 R-7C18 APOGEE 0 0 0 1 0 0 184.70747436166596 -128.73958098684105 143.1 60.84011665247126 216.76045534105705 59.917004 75.25721 -999.0 -999.0 -999.0 -999.0 -999.0 43.959834738954434 -52.370243096961495 43.83074845046576 -52.25113887771754 66.6373020548649 174.922703940532 -999.0 16600.0 -999.0 2 222 {-999.0 -999.0 -999.0 -999.0 -999.0} "" -999.0 -999.0 -999.0 -999.0 -999 -999 "" "" "" "" 0 0 0.0 0.0 -999 ""
FIBERMAP 133 R-7C18 BOSS 1 1 0 1 0 0 185.24174757415383 -129.27833669004602 143.1 61.173212106406716 217.4421490006593 59.917004 75.25721 43.96081196905256 -52.36880568707901 139.9167 191.52242 4.8796606 43.96149213141026 -52.368237214189485 43.83239320788768 -52.24904506033449 66.63925173653017 174.91951729612106 5400.0 5400.0 2016.0 1 320 {-999.0 19.340698 17.482416 16.22167 -999.0} sdss_psfmag_gaia 18.357409 16.924324 15.740351 13.585 63050395801552575 1136504178 dark_flexible_3x1 mwm_halo_local_high_boss_triple mwm_halo science 0 0 0.0 0.0 -999 ""
FIBERMAP 133 R-7C18 METROLOGY 0 0 0 1 0 0 184.52317318304435 -129.46565748730993 143.1 61.58638877047137 216.82515750554572 59.917004 75.25721 -999.0 -999.0 -999.0 -999.0 -999.0 43.96357834599234 -52.37002911684021 43.83446842033089 -52.2508656746272 66.63728500595532 174.91691995073236 -999.0 6231.0 -999.0 -1 -999 {-999.0 -999.0 -999.0 -999.0 -999.0} "" -999.0 -999.0 -999.0 -999.0 -999 -999 "" "" "" "" 0 0 0.0 0.0 -999 ""
FIBERMAP 135 R-9C8 APOGEE 1 1 0 1 0 0 -14.193238023685495 -167.4849920427268 143.1 162.83149672704977 41.668695305933454 77.32062 46.089195 44.47900787426584 -52.89705282739077 13.304266 28.2625 3.7925925 44.47907333518738 -52.89696893948798 44.345943355312 -52.778637580583315 66.07237934107283 174.32525054158785 16000.0 16600.0 2016.0 2 189 {-999.0 11.567582 11.21612 11.11806 -999.0} sdss_psfmag_from_g3xp 11.514933 11.234475 10.790982 10.081 63050395801550537 1076232254 bright_1x1 mwm_snc_ext_main_apogee mwm_snc science 0 0 0.0 0.0 -999 ""
FIBERMAP 135 R-9C8 BOSS 0 0 0 1 0 0 -13.768518530809242 -168.07926447380342 143.1 163.2530426577382 42.2651867771223 77.32062 46.089195 -999.0 -999.0 -999.0 -999.0 -999.0 44.481268105786526 -52.89522100424841 44.34811615978208 -52.776799469666905 66.0740106138535 174.3213949763294 -999.0 5400.0 -999.0 1 386 {-999.0 -999.0 -999.0 -999.0 -999.0} "" -999.0 -999.0 -999.0 -999.0 -999 -999 "" "" "" "" 0 0 0.0 0.0 -999 ""
FIBERMAP 135 R-9C8 METROLOGY 0 0 0 1 0 0 -14.524648550381087 -168.15269332383664 143.1 163.57101439358317 41.57527988763033 77.32062 46.089195 -999.0 -999.0 -999.0 -999.0 -999.0 44.48294048769298 -52.897267472310794 44.3497800032888 -52.778875021364314 66.07181242117424 174.31967105759196 -999.0 6231.0 -999.0 -1 -999 {-999.0 -999.0 -999.0 -999.0 -999.0} "" -999.0 -999.0 -999.0 -999.0 -999 -999 "" "" "" "" 0 0 0.0 0.0 -999 ""
FIBERMAP 137 R-11C13 APOGEE 0 0 0 1 0 0 104.73197153015559 -194.48825768156092 143.1 149.22728667544803 162.85491431853157 124.25818 64.05285 -999.0 -999.0 -999.0 -999.0 -999.0 44.40176443030856 -52.530710228797176 44.27062771454848 -52.41234062898007 66.4414569341805 174.30801274871794 -999.0 16600.0 -999.0 2 184 {-999.0 -999.0 -999.0 -999.0 -999.0} "" -999.0 -999.0 -999.0 -999.0 -999 -999 "" ops_sky_apogee_best_unassigned ops_sky sky_apogee 0 0 0.0 0.0 -999 ""
FIBERMAP 137 R-11C13 BOSS 1 1 0 1 0 0 105.46281743574298 -194.50941994875325 143.1 149.00695596291862 163.55204741133196 124.25818 64.05285 44.400329094227665 -52.52873099938561 72.75652 19.794395 2.3658485 44.40068406847356 -52.528672245739415 44.269539407101384 -52.410208987758026 66.44366130709714 174.30889863755328 5400.0 5400.0 2016.0 1 377 {-999.0 20.165688 18.368437 17.236322 -999.0} sdss_psfmag_gaia 19.270378 17.922127 16.783257 14.739 63050395801552278 1136504176 dark_flexible_3x1 mwm_halo_local_high_boss_triple mwm_halo science 0 0 0.0 0.0 -999 ""
FIBERMAP 137 R-11C13 METROLOGY 0 0 0 1 0 0 105.06602865411807 -195.1485331706196 143.1 149.74097403538923 163.38749174854604 124.25818 64.05285 -999.0 -999.0 -999.0 -999.0 -999.0 44.40437233606003 -52.52909549501411 44.27322010885604 -52.410664629950446 66.44289095919432 174.30349996516753 -999.0 6231.0 -999.0 -1 -999 {-999.0 -999.0 -999.0 -999.0 -999.0} "" -999.0 -999.0 -999.0 -999.0 -999 -999 "" "" "" "" 0 0 0.0 0.0 -999 ""
FIBERMAP 139 R+9C14 APOGEE 0 0 0 1 0 0 106.82038603981565 193.90532791579372 143.1 -218.23902484340636 37.1162980708073 124.61038 53.953213 -999.0 -999.0 -999.0 -999.0 -999.0 42.56465278756713 -52.91201358469074 42.4371728896208 -52.79035452304847 66.1846431988368 177.16475125738182 -999.0 16600.0 -999.0 2 95 {-999.0 -999.0 -999.0 -999.0 -999.0} "" -999.0 -999.0 -999.0 -999.0 -999 -999 "" ops_sky_apogee_best_unassigned ops_sky sky_apogee 0 0 0.0 0.0 -999 ""
FIBERMAP 139 R+9C14 BOSS 1 1 0 1 0 0 107.53345689878552 193.7922249793166 143.1 -218.36668660064575 37.82687704196308 124.61038 53.953213 42.56400227407234 -52.90994329753176 0.2575091 -0.288862 0.4458028 42.564003541472786 -52.909944154923025 42.43652428788117 -52.78819020780213 66.18683002565957 177.1653368863107 5400.0 5400.0 2016.0 1 169 {-999.0 19.953634 19.783934 19.639105 19.541714} sdss_psfmag_from_gaiadr2 19.787764 19.779303 19.206036 -999.0 63050395801432606 1130302471 dark_flexible_3x1 bhm_gua_dark_d3 bhm_filler science 0 0 0.0 0.0 -999 ""
FIBERMAP 139 R+9C14 METROLOGY 0 0 0 1 0 0 107.06701508396203 193.20743980894125 143.1 -217.66107006777014 37.57868047313359 124.61038 53.953213 -999.0 -999.0 -999.0 -999.0 -999.0 42.56745227642036 -52.91068702612606 42.43996207125576 -52.78896544359784 66.18590797296655 177.1603383511439 -999.0 6231.0 -999.0 -1 -999 {-999.0 -999.0 -999.0 -999.0 -999.0} "" -999.0 -999.0 -999.0 -999.0 -999 -999 "" "" "" "" 0 0 0.0 0.0 -999 ""
FIBERMAP 141 R-12C15 APOGEE 0 0 0 1 0 0 159.64065187967614 -244.90059813308613 143.1 178.77923229507695 231.28442980533887 276.49268 122.80393 -999.0 -999.0 -999.0 -999.0 -999.0 44.54182965429503 -52.32374931327337 44.41127296780661 -52.20568345914479 66.63341050918343 174.0188425405182 -999.0 16600.0 -999.0 2 234 {-999.0 -999.0 -999.0 -999.0 -999.0} "" -999.0 -999.0 -999.0 -999.0 -999 -999 "" ops_sky_apogee_best_unassigned ops_sky sky_apogee 0 0 0.0 0.0 -999 ""
FIBERMAP 141 R-12C15 BOSS 1 1 0 1 0 0 159.08424300645063 -245.36205654207114 143.1 179.39796795285005 230.91072075504567 276.49268 122.80393 44.54490085681973 -52.32497508300883 -0.28874323 0.28699127 0.04545802 44.54489945455556 -52.324974231170174 44.41430561978866 -52.20682188084083 66.63200831452346 174.01463591828755 5400.0 5400.0 2016.0 1 344 {-999.0 20.12965 19.952885 19.802238 19.697193} sdss_psfmag_from_gaiadr2 20.090633 19.950546 19.485664 -999.0 63050395801554616 1130304856 dark_flexible_3x1 bhm_gua_dark_d3 bhm_filler science 0 0 0.0 0.0 -999 ""
FIBERMAP 141 R-12C15 METROLOGY 0 0 0 1 0 0 158.9250879378541 -244.6609906198071 143.1 178.78824918649897 230.52989950571535 276.49268 122.80393 -999.0 -999.0 -999.0 -999.0 -999.0 44.54198731950082 -52.326061752125156 44.41140307729199 -52.20792989969412 66.63117718425667 174.0194858873043 -999.0 6231.0 -999.0 -1 -999 {-999.0 -999.0 -999.0 -999.0 -999.0} "" -999.0 -999.0 -999.0 -999.0 -999 -999 "" "" "" "" 0 0 0.0 0.0 -999 ""
FIBERMAP 143 R-8C14 APOGEE 0 0 0 1 0 0 103.52515460009158 -153.38052690393116 143.1 110.8040115058115 148.1982935928056 15.081651 110.70082 -999.0 -999.0 -999.0 -999.0 -999.0 44.21173068218709 -52.576089132743505 44.08093260364927 -52.45737197518229 66.41287690523572 174.61000829505133 -999.0 16600.0 -999.0 2 -999 {-999.0 -999.0 -999.0 -999.0 -999.0} "" -999.0 -999.0 -999.0 -999.0 -999 -999 "" "" "" "" 0 0 0.0 0.0 -999 ""
FIBERMAP 143 R-8C14 BOSS 1 1 0 1 0 0 103.97521776754881 -153.99788462291133 143.1 111.23902457831878 148.82630922969565 15.081651 110.70082 44.21394615801453 -52.57422638895849 -1.4746126 1.3610044 -0.093179144 44.21393895600584 -52.57422234926705 44.08312262434009 -52.4554168280362 66.41463423217297 174.6060446414106 5400.0 5400.0 2016.0 1 273 {-999.0 19.820108 18.871876 18.484781 18.14904} sdss_fiber2mag_from_lsdr10 18.823797 20.083954 17.25854 15.054 63050395801552170 1128181112 dark_flexible_3x1 bhm_spiders_clusters_lsdr10_d3 bhm_spiders science 0 0 0.0 0.0 -999 ""
FIBERMAP 143 R-8C14 METROLOGY 0 0 0 1 0 0 103.22235281389976 -154.0644927620521 143.1 111.54948156119086 148.13724293354775 15.081651 110.70082 -999.0 -999.0 -999.0 -999.0 -999.0 44.2155456397548 -52.57625192821297 44.08472075236921 -52.45747496910544 66.41246351451831 174.60432705550713 -999.0 6231.0 -999.0 -1 -999 {-999.0 -999.0 -999.0 -999.0 -999.0} "" -999.0 -999.0 -999.0 -999.0 -999 -999 "" "" "" "" 0 0 0.0 0.0 -999 ""
FIBERMAP 145 R-10C1 APOGEE 0 0 0 1 0 0 -181.3061437936868 -211.6961965095037 143.1 259.5320967655754 -101.60698829322494 296.49377 79.48714 -999.0 -999.0 -999.0 -999.0 -999.0 44.97650139823738 -53.325279590111194 44.83977722493097 -53.20771675129341 65.60338922252483 173.76540169529312 -999.0 16600.0 -999.0 2 259 {-999.0 -999.0 -999.0 -999.0 -999.0} "" -999.0 -999.0 -999.0 -999.0 -999 -999 "" ops_sky_apogee_best_unassigned ops_sky sky_apogee 0 0 0.0 0.0 -999 ""
FIBERMAP 145 R-10C1 BOSS 1 1 0 1 0 0 -182.0113517360134 -211.88510039182475 143.1 259.942373287236 -102.21083663137958 296.49377 79.48714 44.97861470832839 -53.327162447792176 -999.0 -999.0 -999.0 44.97861470832839 -53.327162447792176 44.84184905517629 -53.209506850879976 65.60142498789766 173.76312313583173 5400.0 5400.0 2015.5 1 353 {-999.0 -999.0 -999.0 -999.0 -999.0} "" -999.0 -999.0 -999.0 -999.0 27021603157758277 821479837 "" ops_sky_boss_good ops_sky sky_boss 0 0 0.0 0.0 -999 ""
FIBERMAP 145 R-10C1 METROLOGY 0 0 0 1 0 0 -181.8194917479269 -211.15810506712373 143.1 259.192748004499 -102.26870275777033 296.49377 79.48714 -999.0 -999.0 -999.0 -999.0 -999.0 44.97493564440845 -53.32738393381317 44.838187119879706 -53.209748909650294 65.60153373680481 173.76845795985113 -999.0 6231.0 -999.0 -1 -999 {-999.0 -999.0 -999.0 -999.0 -999.0} "" -999.0 -999.0 -999.0 -999.0 -999 -999 "" "" "" "" 0 0 0.0 0.0 -999 ""
FIBERMAP 149 R-10C17 APOGEE 0 0 0 1 0 0 182.81730789773565 -183.44172836065795 143.1 113.11962731520805 232.96252803196754 57.70813 131.25215 -999.0 -999.0 -999.0 -999.0 -999.0 44.217720315196814 -52.32046571634399 44.08811803851211 -52.20182794734495 66.66546401793639 174.5120218254838 -999.0 16600.0 -999.0 2 191 {-999.0 -999.0 -999.0 -999.0 -999.0} "" -999.0 -999.0 -999.0 -999.0 -999 -999 "" ops_sky_apogee_best_unassigned ops_sky sky_apogee 0 0 0.0 0.0 -999 ""
FIBERMAP 149 R-10C17 BOSS 1 1 0 1 0 0 183.575218293338 -183.28454905742652 143.1 112.72198039314647 233.62657756163279 57.70813 131.25215 44.21573726482093 -52.318563090703876 -999.0 -999.0 -999.0 44.21573726482093 -52.318563090703876 44.086129167020786 -52.19983071722412 66.6676088761502 174.51438273758518 5400.0 5400.0 2016.0 1 264 {-999.0 22.619127 21.088215 20.42808 19.999329} sdss_fiber2mag_from_lsdr10 1e+20 1e+20 1e+20 -999.0 63050396674338367 1128182160 dark_flexible_3x1 bhm_spiders_clusters_lsdr10_d3 bhm_spiders science 0 0 0.0 0.0 -999 ""
FIBERMAP 149 R-10C17 METROLOGY 0 0 0 1 0 0 183.3368244688034 -183.97686585811462 143.1 113.4541581650859 233.62909652139894 57.70813 131.25215 -999.0 -999.0 -999.0 -999.0 -999.0 44.21938121175355 -52.318471368438026 44.08976876155714 -52.19977140400033 66.66736321792179 174.5087827090273 -999.0 6231.0 -999.0 -1 -999 {-999.0 -999.0 -999.0 -999.0 -999.0} "" -999.0 -999.0 -999.0 -999.0 -999 -999 "" "" "" "" 0 0 0.0 0.0 -999 ""
FIBERMAP 152 R+6C16 APOGEE 0 0 0 1 0 0 106.3286860545666 121.7287355051402 143.1 -149.91735756624004 60.3849254931794 66.5286 168.82443 -999.0 -999.0 -999.0 -999.0 -999.0 42.90762533084937 -52.84336183900426 42.779432270826476 -52.72230683168824 66.23630991391514 176.63963907643068 -999.0 16600.0 -999.0 2 -999 {-999.0 -999.0 -999.0 -999.0 -999.0} "" -999.0 -999.0 -999.0 -999.0 -999 -999 "" "" "" "" 0 0 0.0 0.0 -999 ""
FIBERMAP 152 R+6C16 BOSS 1 1 0 1 0 0 106.74453625184698 122.32415313628226 143.1 -150.61637943105907 60.58184970753534 66.5286 168.82443 42.90405060765784 -52.84282302539518 -0.9176202 1.02373 -1.2264805 42.90404609832758 -52.842819986791106 42.77585320172886 -52.721664926491385 66.23713283662644 176.64486479796508 5400.0 5400.0 2016.0 1 223 {-999.0 21.076555 20.835941 20.621988 20.450142} sdss_psfmag_from_gaiadr2 21.277485 20.86366 20.490946 -999.0 63050395801432500 1130302466 dark_flexible_3x1 bhm_gua_dark_d3 bhm_filler science 0 0 0.0 0.0 -999 ""
FIBERMAP 152 R+6C16 METROLOGY 0 0 0 1 0 0 107.07400373449325 121.66549174825572 143.1 -150.1027071911429 61.109562162836326 66.5286 168.82443 -999.0 -999.0 -999.0 -999.0 -999.0 42.90660870762674 -52.8411964476063 42.77841942368565 -52.7200728783321 66.23858776476544 176.64068698155438 -999.0 6231.0 -999.0 -1 -999 {-999.0 -999.0 -999.0 -999.0 -999.0} "" -999.0 -999.0 -999.0 -999.0 -999 -999 "" "" "" "" 0 0 0.0 0.0 -999 ""
FIBERMAP 154 R-11C7 APOGEE 0 0 0 1 0 0 -16.91894899223446 -212.95611334091774 143.1 206.66842714077862 54.0463935357559 26.400873 88.10921 -999.0 -999.0 -999.0 -999.0 -999.0 44.69724480520325 -52.85751867486007 44.56366321201244 -52.739584743147816 66.091626484813 173.9896345440282 -999.0 16600.0 -999.0 2 172 {-999.0 -999.0 -999.0 -999.0 -999.0} "" -999.0 -999.0 -999.0 -999.0 -999 -999 "" ops_sky_apogee_best_unassigned ops_sky sky_apogee 0 0 0.0 0.0 -999 ""
FIBERMAP 154 R-11C7 BOSS 1 1 0 1 0 0 -16.60671950166713 -213.63223511974599 143.1 207.204256268655 54.56356857907547 26.400873 88.10921 44.69997179809026 -52.856007879943 -999.0 -999.0 -999.0 44.69997179809026 -52.85600787994301 44.56636583779135 -52.73798525351047 66.0929600024949 173.98504631718222 5400.0 5400.0 2016.0 1 414 {-999.0 20.764109 19.782166 19.37765 19.03558} sdss_fiber2mag_from_lsdr10 19.389633 21.609154 17.873957 15.884 63050395801550673 1128180027 dark_flexible_3x1 bhm_spiders_clusters_lsdr10_d3 bhm_spiders science 0 0 0.0 0.0 -999 ""
FIBERMAP 154 R-11C7 METROLOGY 0 0 0 1 0 0 -17.3426361618308 -213.56954420966073 143.1 207.38703674986752 53.84799155134329 26.400873 88.10921 -999.0 -999.0 -999.0 -999.0 -999.0 44.70099405165223 -52.85813062119605 44.567381418922366 -52.74013585709722 66.09074110590942 173.98434976354633 -999.0 6231.0 -999.0 -1 -999 {-999.0 -999.0 -999.0 -999.0 -999.0} "" -999.0 -999.0 -999.0 -999.0 -999 -999 "" "" "" "" 0 0 0.0 0.0 -999 ""
FIBERMAP 156 R-6C19 APOGEE 1 1 0 1 0 0 200.11235025509097 -108.6946214617169 143.1 36.845252056441005 224.71691070424063 103.48496 9.037905 43.84055790382688 -52.346645067653135 10.223337 -1.0287361 0.6628833 43.840607577188194 -52.346648121105595 43.71198035584436 -52.227341663102955 66.66994901521346 175.09735018713243 16000.0 16600.0 2016.0 2 223 {-999.0 11.732909 10.98913 10.728002 -999.0} sdss_psfmag_from_g3xp 11.5276785 11.033981 10.379956 9.073 63050395801552683 1109949665 bright_1x1 mwm_tess_rgb_apogee mwm_tessrgb science 0 0 0.0 0.0 -999 ""
FIBERMAP 156 R-6C19 BOSS 0 0 0 1 0 0 200.42434683417906 -109.3477527992255 143.1 37.35944673940894 225.22630612605937 103.48496 9.037905 -999.0 -999.0 -999.0 -999.0 -999.0 43.843168579776176 -52.345162654556475 43.7145221281761 -52.22576922613949 66.67131964500014 175.09296336935216 -999.0 5400.0 -999.0 1 321 {-999.0 -999.0 -999.0 -999.0 -999.0} "" -999.0 -999.0 -999.0 -999.0 -999 -999 "" "" "" "" 0 0 0.0 0.0 -999 ""
FIBERMAP 156 R-6C19 METROLOGY 0 0 0 1 0 0 199.66462299164513 -109.29157057804501 143.1 37.55620193366117 224.49038695248265 103.48496 9.037905 -999.0 -999.0 -999.0 -999.0 -999.0 43.84417125575604 -52.34731286310486 43.71551701801178 -52.22794661185214 66.66908413203547 175.09210756160965 -999.0 6231.0 -999.0 -1 -999 {-999.0 -999.0 -999.0 -999.0 -999.0} "" -999.0 -999.0 -999.0 -999.0 -999 -999 "" "" "" "" 0 0 0.0 0.0 -999 ""
FIBERMAP 161 R-11C9 APOGEE 0 0 0 1 0 0 20.420968962877012 -233.86258223367264 143.1 214.13341951490816 96.18278043257042 16.25823 9.999275 -999.0 -999.0 -999.0 -999.0 -999.0 44.73033467486521 -52.729674745240224 44.597279003662265 -52.61183425235865 66.21478484036598 173.8917016597318 -999.0 16600.0 -999.0 2 174 {-999.0 -999.0 -999.0 -999.0 -999.0} "" -999.0 -999.0 -999.0 -999.0 -999 -999 "" ops_sky_apogee_best_unassigned ops_sky sky_apogee 0 0 0.0 0.0 -999 ""
FIBERMAP 161 R-11C9 BOSS 1 1 0 1 0 0 19.772825268107017 -234.17928547946107 143.1 214.6456196520602 95.67484346841321 16.25823 9.999275 44.73300703306564 -52.73126570770346 -0.18699965 -0.17231028 -0.3407719 44.73300611647291 -52.73126621914952 44.59991105642114 -52.613336656890986 66.21305520948997 173.88835699737547 5400.0 5400.0 2016.0 1 416 {-999.0 19.844917 19.680237 19.532679 19.392572} sdss_psfmag_from_gdr3 19.937218 19.675358 19.279184 -999.0 63050395801550754 1128714844 dark_flexible_3x1 bhm_spiders_agn_gaiadr3_d3 bhm_spiders science 0 0 0.0 0.0 -999 ""
FIBERMAP 161 R-11C9 METROLOGY 0 0 0 1 0 0 19.796017582264952 -233.4592694194082 143.1 213.95804621122315 95.4599908797693 16.25823 9.999275 -999.0 -999.0 -999.0 -999.0 -999.0 44.72965923569312 -52.73190509784075 44.59657761017621 -52.61399587103107 66.21271400403472 173.89356633120144 -999.0 6231.0 -999.0 -1 -999 {-999.0 -999.0 -999.0 -999.0 -999.0} "" -999.0 -999.0 -999.0 -999.0 -999 -999 "" "" "" "" 0 0 0.0 0.0 -999 ""
FIBERMAP 163 R+5C6 APOGEE 0 0 0 1 0 0 -119.60442228202218 117.62828881032954 143.1 -71.7542213402822 -151.6267747581828 139.1928 42.375492 -999.0 -999.0 -999.0 -999.0 -999.0 43.297800751692776 -53.48741735540731 43.16534100760299 -53.36685950390896 65.57337573113182 176.21683348494994 -999.0 16600.0 -999.0 2 -999 {-999.0 -999.0 -999.0 -999.0 -999.0} "" -999.0 -999.0 -999.0 -999.0 -999 -999 "" "" "" "" 0 0 0.0 0.0 -999 ""
FIBERMAP 163 R+5C6 BOSS 1 1 0 1 0 0 -118.86740681971625 117.65518471477046 143.1 -72.0219644635653 -150.93961783558638 139.1928 42.375492 43.296408935699084 -53.4854925696483 -999.0 -999.0 -999.0 43.29640893569909 -53.4854925696483 43.16394709664075 -53.36483591866896 65.57547025021879 176.21836243175392 5400.0 5400.0 2016.0 1 51 {-999.0 21.987408 20.699404 20.21486 19.867374} sdss_fiber2mag_from_lsdr10 20.720982 21.362345 19.151897 -999.0 63050395801412525 1128176632 dark_flexible_3x1 bhm_spiders_clusters_lsdr10_d3 bhm_spiders science 0 0 0.0 0.0 -999 ""
FIBERMAP 163 R+5C6 METROLOGY 0 0 0 1 0 0 -119.19833085281918 117.00012643647707 143.1 -71.2945461885299 -151.0367310807108 139.1928 42.375492 -999.0 -999.0 -999.0 -999.0 -999.0 43.30009461872473 -53.48578439726951 43.1676245041794 -53.365161498747355 65.57493395176414 176.21315660690001 -999.0 6231.0 -999.0 -1 -999 {-999.0 -999.0 -999.0 -999.0 -999.0} "" -999.0 -999.0 -999.0 -999.0 -999 -999 "" "" "" "" 0 0 0.0 0.0 -999 ""
FIBERMAP 165 R-3C3 APOGEE 0 0 0 1 0 0 -200.56288160972457 -62.47050926109233 143.1 124.94273513230286 -168.86019016030204 340.77698 117.66993 -999.0 -999.0 -999.0 -999.0 -999.0 44.30057093206971 -53.53631748930393 44.16481791703933 -53.41749684380775 65.45462477982647 174.80232483392166 -999.0 16600.0 -999.0 2 241 {-999.0 -999.0 -999.0 -999.0 -999.0} "" -999.0 -999.0 -999.0 -999.0 -999 -999 "" ops_sky_apogee_best_unassigned ops_sky sky_apogee 0 0 0.0 0.0 -999 ""
FIBERMAP 165 R-3C3 BOSS 1 1 0 1 0 0 -200.5310515834445 -63.2232336464448 143.1 125.64310435306656 -168.5826221205009 340.77698 117.66993 44.30414454240026 -53.5356041615197 10.039774 5.9796977 0.25586316 44.30419468302766 -53.53558641275455 44.16841262407506 -53.416675337773846 65.45515406561509 174.79695037414325 5400.0 5400.0 2016.0 1 498 {-999.0 17.345114 16.972889 16.857813 -999.0} sdss_psfmag_gaia 17.300552 16.993807 16.541779 15.762 63050395801544934 977122787 "" ops_std_boss ops_std standard_boss 0 0 0.0 0.0 -999 ""
FIBERMAP 165 R-3C3 METROLOGY 0 0 0 1 0 0 -201.1853468361239 -62.87311685228049 143.1 125.52761552149863 -169.3156307578176 340.77698 117.66993 -999.0 -999.0 -999.0 -999.0 -999.0 44.30366620993224 -53.53780087553337 44.16788074838405 -53.41891573443163 65.45297575770925 174.79842411844493 -999.0 6231.0 -999.0 -1 -999 {-999.0 -999.0 -999.0 -999.0 -999.0} "" -999.0 -999.0 -999.0 -999.0 -999 -999 "" "" "" "" 0 0 0.0 0.0 -999 ""
FIBERMAP 166 R-4C1 APOGEE 0 0 0 1 0 0 -255.91114493401972 -93.40921357770998 143.1 172.35921671069934 -210.95513621924133 277.01825 72.98941 -999.0 -999.0 -999.0 -999.0 -999.0 44.54392107794672 -53.66076520587882 44.40680572511786 -53.54234093318175 65.31123139610789 174.50092188092643 -999.0 16600.0 -999.0 2 272 {-999.0 -999.0 -999.0 -999.0 -999.0} "" -999.0 -999.0 -999.0 -999.0 -999 -999 "" ops_sky_apogee_best_unassigned ops_sky sky_apogee 0 0 0.0 0.0 -999 ""
FIBERMAP 166 R-4C1 BOSS 1 1 0 1 0 0 -256.643534556616 -93.3231787328921 143.1 172.51879258637527 -211.67505839442973 277.01825 72.98941 44.5447472352326 -53.66299084428365 7.7993073 -7.0525794 0.43192506 44.54478630419734 -53.66301177752639 44.407633772321454 -53.54449087719426 65.30903354933415 174.50048165291938 5400.0 5400.0 2016.0 1 444 {-999.0 16.692755 16.29982 16.176386 -999.0} sdss_psfmag_gaia 16.631598 16.323334 15.850519 15.012 63050395801544573 944796675 bright_1x1 openfibertargets_nov2020_6c open_fiber science 0 0 0.0 0.0 -999 ""
FIBERMAP 166 R-4C1 METROLOGY 0 0 0 1 0 0 -256.19898357596037 -92.72063754501272 143.1 171.80360625367788 -211.4533729402257 277.01825 72.98941 -999.0 -999.0 -999.0 -999.0 -999.0 44.541187761236344 -53.66239955011852 44.404055675779716 -53.543900053265645 65.30991821280014 174.50532122031782 -999.0 6231.0 -999.0 -1 -999 {-999.0 -999.0 -999.0 -999.0 -999.0} "" -999.0 -999.0 -999.0 -999.0 -999 -999 "" "" "" "" 0 0 0.0 0.0 -999 ""
FIBERMAP 168 R+5C2 APOGEE 0 0 0 1 0 0 -203.3633342398171 87.66911837014246 143.1 -15.92082955359106 -220.87341407121073 317.64304 114.818306 -999.0 -999.0 -999.0 -999.0 -999.0 43.58306626090382 -53.6966013388803 43.44870277186948 -53.57648089568614 65.34772267186929 175.86403645955897 -999.0 16600.0 -999.0 2 -999 {-999.0 -999.0 -999.0 -999.0 -999.0} "" -999.0 -999.0 -999.0 -999.0 -999 -999 "" "" "" "" 0 0 0.0 0.0 -999 ""
FIBERMAP 168 R+5C2 BOSS 1 1 0 1 0 0 -203.59518042546253 86.93391119133291 143.1 -15.150301221429388 -220.8506087172669 317.64304 114.818306 43.58701983666345 -53.69667028426648 0.10589326 -0.15450206 -0.24537838 43.58702036753721 -53.69667074285476 43.452626784957324 -53.57645930664655 65.3474964831599 175.8584768972657 5400.0 5400.0 2016.0 1 73 {-999.0 19.208174 19.05674 18.92467 18.847254} sdss_psfmag_from_gaiadr2 19.077456 19.047958 18.560492 -999.0 63050395801412083 1130302061 dark_flexible_3x1 bhm_gua_dark_d3 bhm_filler science 0 0 0.0 0.0 -999 ""
FIBERMAP 168 R+5C2 METROLOGY 0 0 0 1 0 0 -204.0914972290434 87.49801349611154 143.1 -15.519813497787396 -221.50479264975993 317.64304 114.818306 -999.0 -999.0 -999.0 -999.0 -999.0 43.58512878671575 -53.698647367362405 43.45073618898152 -53.578459827892864 65.3456266569717 175.86166260191757 -999.0 6231.0 -999.0 -1 -999 {-999.0 -999.0 -999.0 -999.0 -999.0} "" -999.0 -999.0 -999.0 -999.0 -999 -999 "" "" "" "" 0 0 0.0 0.0 -999 ""
FIBERMAP 172 R-5C1 APOGEE 0 0 0 1 0 0 -218.8241836088282 -95.37930456288896 143.1 162.02481142554657 -175.28425134941355 30.906868 89.72742 -999.0 -999.0 -999.0 -999.0 -999.0 44.489402151214804 -53.55390272728376 44.35299017335825 -53.43541098698664 65.42159661519636 174.54097803486434 -999.0 16600.0 -999.0 2 273 {-999.0 -999.0 -999.0 -999.0 -999.0} "" -999.0 -999.0 -999.0 -999.0 -999 -999 "" ops_sky_apogee_best_unassigned ops_sky sky_apogee 0 0 0.0 0.0 -999 ""
FIBERMAP 172 R-5C1 BOSS 1 1 0 1 0 0 -218.44812706464975 -96.0196264936686 143.1 162.50584547018806 -174.71857284346802 30.906868 89.72742 44.49179412267155 -53.55231774937774 15.436417 9.581461 0.24816152 44.4918712456323 -53.55228930995546 44.35543703725726 -53.43370530617599 65.42308193526247 174.53693484887526 5400.0 5400.0 2016.0 1 445 {-999.0 17.675926 17.391014 17.3111 -999.0} sdss_psfmag_gaia 17.651064 17.399378 16.98715 16.178 63050395801544855 975992381 "" ops_std_boss ops_std standard_boss 0 0 0.0 0.0 -999 ""
FIBERMAP 172 R-5C1 METROLOGY 0 0 0 1 0 0 -219.1814040403007 -96.04341145612302 143.1 162.7694214926474 -175.40322225882574 30.906868 89.72742 -999.0 -999.0 -999.0 -999.0 -999.0 44.493286713339224 -53.55434027559306 44.35684431464534 -53.435785705089465 65.42090477844104 174.53563803988862 -999.0 6231.0 -999.0 -1 -999 {-999.0 -999.0 -999.0 -999.0 -999.0} "" -999.0 -999.0 -999.0 -999.0 -999 -999 "" "" "" "" 0 0 0.0 0.0 -999 ""
FIBERMAP 173 R-1C17 APOGEE 0 0 0 1 0 0 74.45819047560907 -28.433119043981243 143.1 2.367629777858531 79.6639373058423 215.9641 143.8663 -999.0 -999.0 -999.0 -999.0 -999.0 43.67194247114335 -52.7856644396287 43.54173755374387 -52.665945413714084 66.24661534835462 175.48464963958918 -999.0 16600.0 -999.0 2 -999 {-999.0 -999.0 -999.0 -999.0 -999.0} "" -999.0 -999.0 -999.0 -999.0 -999 -999 "" "" "" "" 0 0 0.0 0.0 -999 ""
FIBERMAP 173 R-1C17 BOSS 1 1 0 1 0 0 73.7314798046079 -28.438570907760568 143.1 2.6117338135737307 78.97946052904983 215.9641 143.8663 43.67319981529266 -52.787784464226824 -0.17515804 -0.27591577 0.13527216 43.67319895562761 -52.787785283191525 43.54296260849399 -52.667974126904895 66.2445154047152 175.48338907738804 5400.0 5400.0 2016.0 1 315 {-999.0 19.244623 18.982773 18.745998 18.553015} sdss_psfmag_from_gaiadr2 19.296795 19.022491 18.457531 -999.0 63050395801551594 1130304802 dark_flexible_3x1 bhm_gua_dark_d3 bhm_filler science 0 0 0.0 0.0 -999 ""
FIBERMAP 173 R-1C17 METROLOGY 0 0 0 1 0 0 74.08728776285889 -27.78355811960951 143.1 1.8761762140853973 79.10008787459508 215.9641 143.8663 -999.0 -999.0 -999.0 -999.0 -999.0 43.66949884994078 -52.78739264188919 43.53928031462203 -52.66760170569336 66.24513884427473 175.48879177799506 -999.0 6231.0 -999.0 -1 -999 {-999.0 -999.0 -999.0 -999.0 -999.0} "" -999.0 -999.0 -999.0 -999.0 -999 -999 "" "" "" "" 0 0 0.0 0.0 -999 ""
FIBERMAP 174 R-8C12 APOGEE 0 0 0 1 0 0 54.90728238833263 -146.47423531117846 143.1 120.26848554044962 100.01507771877573 43.17897 114.60535 -999.0 -999.0 -999.0 -999.0 -999.0 44.261980863520726 -52.721642672646645 44.130337809598814 -52.60297478501835 66.26454603550935 174.58491076175062 -999.0 16600.0 -999.0 2 -999 {-999.0 -999.0 -999.0 -999.0 -999.0} "" -999.0 -999.0 -999.0 -999.0 -999 -999 "" "" "" "" 0 0 0.0 0.0 -999 ""
FIBERMAP 174 R-8C12 BOSS 1 1 0 1 0 0 55.58985297576362 -146.68793250775093 143.1 120.24584904297645 100.7299309548063 43.17897 114.60535 44.26192745463949 -52.719528702812404 -0.021180062 0.20163815 -0.14610605 44.26192735085178 -52.71952810431627 44.13027355912484 -52.60076729632716 66.26673835326667 174.5842615856389 5400.0 5400.0 2016.0 1 395 {-999.0 18.629553 18.520445 18.446424 18.384321} sdss_psfmag_from_lsdr10 18.5025 18.303236 17.937029 -999.0 63050395801550989 1058442098 dark_flexible_2x1 bhm_spiders_agn_lsdr10 bhm_spiders science 0 0 0.0 0.0 -999 ""
FIBERMAP 174 R-8C12 METROLOGY 0 0 0 1 0 0 55.027730100529396 -147.2124700742604 143.1 120.92603238959568 100.3715674488399 43.17897 114.60535 -999.0 -999.0 -999.0 -999.0 -999.0 44.26536643541883 -52.72055555424674 44.13370352126378 -52.60182699632482 66.2654052724366 174.57949172842046 -999.0 6231.0 -999.0 -1 -999 {-999.0 -999.0 -999.0 -999.0 -999.0} "" -999.0 -999.0 -999.0 -999.0 -999 -999 "" "" "" "" 0 0 0.0 0.0 -999 ""
FIBERMAP 175 R-9C10 APOGEE 0 0 0 1 0 0 23.551217545294683 -179.98259414841925 143.1 162.2225538805534 81.4221204676332 340.0544 114.611534 -999.0 -999.0 -999.0 -999.0 -999.0 44.472952093853266 -52.77653620384587 44.34042366498801 -52.658226192691274 66.1920287475744 174.2908188009612 -999.0 16600.0 -999.0 2 165 {-999.0 -999.0 -999.0 -999.0 -999.0} "" -999.0 -999.0 -999.0 -999.0 -999 -999 "" "" "" "" 0 0 0.0 0.0 -999 ""
FIBERMAP 175 R-9C10 BOSS 1 1 0 1 0 0 23.610402441160183 -180.73235128797342 143.1 162.91112620767694 81.7245454031248 340.0544 114.611534 44.47648222859893 -52.77565870777484 -999.0 -999.0 -999.0 44.47648222859893 -52.77565870777484 44.34392531163645 -52.65726156134037 66.19267863304921 174.28526861690497 5400.0 5400.0 2016.0 1 398 {-999.0 19.196873 18.342037 17.977013 17.64057} sdss_fiber2mag_from_lsdr10 1e+20 1e+20 1e+20 -999.0 63050398104738214 1057824430 dark_flexible_2x1 bhm_spiders_clusters_lsdr10 bhm_spiders science 0 0 0.0 0.0 -999 ""
FIBERMAP 175 R-9C10 METROLOGY 0 0 0 1 0 0 22.9371489031724 -180.39996807954873 143.1 162.81861791921318 80.97946462580067 340.0544 114.611534 -999.0 -999.0 -999.0 -999.0 -999.0 44.4761066748322 -52.77788193334501 44.343546410882766 -52.65951004561254 66.1904864206855 174.2866315344098 -999.0 6231.0 -999.0 -1 -999 {-999.0 -999.0 -999.0 -999.0 -999.0} "" -999.0 -999.0 -999.0 -999.0 -999 -999 "" "" "" "" 0 0 0.0 0.0 -999 ""
FIBERMAP 176 R-7C19 APOGEE 0 0 0 1 0 0 185.19041176250985 -122.87778738885493 143.1 55.145731526036926 215.28905404074817 119.47267 110.20433 -999.0 -999.0 -999.0 -999.0 -999.0 43.93166272182503 -52.37476699792296 43.80263737861753 -52.25561221415765 66.63503035176956 174.9671728426442 -999.0 16600.0 -999.0 2 -999 {-999.0 -999.0 -999.0 -999.0 -999.0} "" -999.0 -999.0 -999.0 -999.0 -999 -999 "" "" "" "" 0 0 0.0 0.0 -999 ""
FIBERMAP 176 R-7C19 BOSS 1 1 0 1 0 0 185.65786538633498 -122.2849633783967 143.1 54.43219081099629 215.5355627962157 119.47267 110.20433 43.928086542819194 -52.37410193203721 13.173641 5.4047103 1.1667521 43.928150590936774 -52.374085889925176 43.799120232908116 -52.25483335824104 66.63607275750655 174.9723130736195 5400.0 5400.0 2016.0 1 276 {-999.0 20.003742 20.39174 20.63736 -999.0} sdss_psfmag_gaia 20.207994 20.216303 20.394571 -999.0 63050395801552662 1092494234 dark_flexible_2x1 mwm_cb_galex_vol_boss mwm_cb science 0 0 0.0 0.0 -999 ""
FIBERMAP 176 R-7C19 METROLOGY 0 0 0 1 0 0 185.9267960084423 -123.00907508492196 143.1 55.027576690343075 216.02762849282817 119.47267 110.20433 -999.0 -999.0 -999.0 -999.0 -999.0 43.931091481841015 -52.372536237293126 43.8020647074527 -52.25331520269049 66.6373531870212 174.96732399622226 -999.0 6231.0 -999.0 -1 -999 {-999.0 -999.0 -999.0 -999.0 -999.0} "" -999.0 -999.0 -999.0 -999.0 -999 -999 "" "" "" "" 0 0 0.0 0.0 -999 ""
FIBERMAP 180 R-4C11 APOGEE 0 0 0 1 0 0 -5.89565949046575 -81.1330851131693 143.1 78.5566532258628 21.110452812764578 15.967075 87.24826 -999.0 -999.0 -999.0 -999.0 -999.0 44.05686482870815 -52.962118524154 43.9246680169814 -52.843024837298245 66.04294985660098 174.96839832350975 -999.0 16600.0 -999.0 2 -999 {-999.0 -999.0 -999.0 -999.0 -999.0} "" -999.0 -999.0 -999.0 -999.0 -999 -999 "" "" "" "" 0 0 0.0 0.0 -999 ""
FIBERMAP 180 R-4C11 BOSS 1 1 0 1 0 0 -5.719571100878558 -81.85527354092623 143.1 79.18075105569777 21.51421050953824 15.967075 87.24826 44.06002700848488 -52.96096559017371 12.540344 2.406466 0.39530766 44.060088801965236 -52.96095844735936 43.92786814890658 -52.84177627881792 66.04394273576892 174.96328593361457 5400.0 5400.0 2016.0 1 422 {-999.0 16.978685 16.581312 16.456083 -999.0} sdss_psfmag_gaia 16.917053 16.605362 16.1312 15.149 63050395801550271 979971128 "" ops_std_boss ops_std standard_boss 0 0 0.0 0.0 -999 ""
FIBERMAP 180 R-4C11 METROLOGY 0 0 0 1 0 0 -6.445950703789725 -81.63971890333191 143.1 79.21603867204473 20.757375456047082 15.967075 87.24826 -999.0 -999.0 -999.0 -999.0 -999.0 44.06030530765592 -52.96322706787518 43.92807852461641 -52.84407139726764 66.04165007947613 174.9636939283477 -999.0 6231.0 -999.0 -1 -999 {-999.0 -999.0 -999.0 -999.0 -999.0} "" -999.0 -999.0 -999.0 -999.0 -999 -999 "" "" "" "" 0 0 0.0 0.0 -999 ""
FIBERMAP 182 R+7C8 APOGEE 0 0 0 1 0 0 -64.47261785022708 129.1117723266854 143.1 -100.72698352828323 -103.3390144721905 198.75713 135.76746 -999.0 -999.0 -999.0 -999.0 -999.0 43.150974882568526 -53.340848916814686 43.01967539543256 -53.220077553891365 65.72771305209874 176.39349906835986 -999.0 16600.0 -999.0 2 124 {-999.0 -999.0 -999.0 -999.0 -999.0} "" -999.0 -999.0 -999.0 -999.0 -999 -999 "" ops_sky_apogee_best_unassigned ops_sky sky_apogee 0 0 0.0 0.0 -999 ""
FIBERMAP 182 R+7C8 BOSS 1 1 0 1 0 0 -65.14950582027814 129.43181714006434 143.1 -100.80664498278603 -104.08347033989082 198.75713 135.76746 43.15049696224776 -53.34324686271084 -999.0 -999.0 -999.0 43.15049696224776 -53.34324686271084 43.01917254024231 -53.22237773827081 65.72545025088677 176.39474236721642 5400.0 5400.0 2016.0 1 109 {-999.0 22.545403 22.01644 21.783623 21.603985} sdss_psfmag_from_lsdr10 1e+20 1e+20 1e+20 -999.0 63050398105270451 1131240459 dark_flexible_3x1 bhm_spiders_agn_lsdr10_d3 bhm_spiders science 0 0 0.0 0.0 -999 ""
FIBERMAP 182 R+7C8 METROLOGY 0 0 0 1 0 0 -64.52347623555605 129.85229800926345 143.1 -101.40957603288115 -103.63054079543436 198.75713 135.76746 -999.0 -999.0 -999.0 -999.0 -999.0 43.1474210378205 -53.3418481936619 43.01611694831166 -53.22100144254884 65.72698866397556 176.39886638632865 -999.0 6231.0 -999.0 -1 -999 {-999.0 -999.0 -999.0 -999.0 -999.0} "" -999.0 -999.0 -999.0 -999.0 -999 -999 "" "" "" "" 0 0 0.0 0.0 -999 ""
FIBERMAP 183 R+12C1 APOGEE 0 0 0 1 0 0 -149.33727779969274 252.5740836993253 143.1 -189.4136258727086 -224.07761564974285 131.67387 39.744083 -999.0 -999.0 -999.0 -999.0 -999.0 42.69765241088131 -53.70252410463748 42.5659956408939 -53.58087774317901 65.39059816111346 177.11735701188135 -999.0 16600.0 -999.0 2 8 {-999.0 -999.0 -999.0 -999.0 -999.0} "" -999.0 -999.0 -999.0 -999.0 -999 -999 "" ops_sky_apogee_best_unassigned ops_sky sky_apogee 0 0 0.0 0.0 -999 ""
FIBERMAP 183 R+12C1 BOSS 1 1 0 1 0 0 -148.59396903459805 252.47718049836882 143.1 -189.56652862374364 -223.34380826756103 131.67387 39.744083 42.696970232437316 -53.700496526741226 -4.0204453 39.080547 4.7895036 42.69695007499751 -53.70038052906189 42.56529555830776 -53.57863613816482 65.39286439538449 177.11795374439984 5400.0 5400.0 2016.0 1 8 {-999.0 21.155462 19.188086 17.502253 -999.0} sdss_psfmag_gaia 19.967457 18.234074 16.98161 14.615 63050395801413031 1077985002 bright_flexible_2x1 mwm_snc_ext_main_boss mwm_snc science 0 0 0.0 0.0 -999 ""
FIBERMAP 183 R+12C1 METROLOGY 0 0 0 1 0 0 -149.0563095618454 251.87880550811684 143.1 -188.84942711752117 -223.5836632064833 131.67387 39.744083 -999.0 -999.0 -999.0 -999.0 -999.0 42.70051881705801 -53.70115345112732 42.56885101246485 -53.57944217110906 65.39190411536461 177.11304169556337 -999.0 6231.0 -999.0 -1 -999 {-999.0 -999.0 -999.0 -999.0 -999.0} "" -999.0 -999.0 -999.0 -999.0 -999 -999 "" "" "" "" 0 0 0.0 0.0 -999 ""
FIBERMAP 186 R+12C12 APOGEE 0 0 0 1 0 0 100.62206832461342 219.94092603597696 143.1 -240.78763143458133 22.701940898022965 338.28418 86.865456 -999.0 -999.0 -999.0 -999.0 -999.0 42.45109102400442 -52.95480761666262 42.32375545366983 -52.83294409859133 66.14690935549555 177.34129964131313 -999.0 16600.0 -999.0 2 -999 {-999.0 -999.0 -999.0 -999.0 -999.0} "" -999.0 -999.0 -999.0 -999.0 -999 -999 "" "" "" "" 0 0 0.0 0.0 -999 ""
FIBERMAP 186 R+12C12 BOSS 1 1 0 1 0 0 100.29132192483581 219.2739657438866 143.1 -240.04903189815911 22.60890899763631 338.28418 86.865456 42.45473514098584 -52.955210328073356 -999.0 -999.0 -999.0 42.45473514098584 -52.95521032807336 42.32737609295813 -52.833258290922764 66.14644885877983 177.33595516035987 5400.0 5400.0 2016.0 1 106 {-999.0 21.527933 20.082348 19.52758 19.156242} sdss_fiber2mag_from_lsdr10 20.026466 21.997484 18.112034 15.668 63050395801432020 1128178984 dark_flexible_3x1 bhm_spiders_clusters_lsdr10_d3 bhm_spiders science 0 0 0.0 0.0 -999 ""
FIBERMAP 186 R+12C12 METROLOGY 0 0 0 1 0 0 99.87657547968537 219.8797816580083 143.1 -240.48475823848744 22.018039871886135 338.28418 86.865456 -999.0 -999.0 -999.0 -999.0 -999.0 42.45244961237255 -52.95695020987107 42.325092351100125 -52.835020626979656 66.1447832693126 177.33965190886119 -999.0 6231.0 -999.0 -1 -999 {-999.0 -999.0 -999.0 -999.0 -999.0} "" -999.0 -999.0 -999.0 -999.0 -999 -999 "" "" "" "" 0 0 0.0 0.0 -999 ""
FIBERMAP 193 R+4C23 APOGEE 0 0 0 1 0 0 259.54271039041816 91.6743019093355 143.1 -171.91497651325315 214.9550764115599 90.40854 65.7066 -999.0 -999.0 -999.0 -999.0 -999.0 42.80663859051116 -52.3759905689762 42.68091596664317 -52.254888336385 66.70710578267328 176.69157391779353 -999.0 16600.0 -999.0 2 86 {-999.0 -999.0 -999.0 -999.0 -999.0} "" -999.0 -999.0 -999.0 -999.0 -999 -999 "" ops_sky_apogee_best_unassigned ops_sky sky_apogee 0 0 0.0 0.0 -999 ""
FIBERMAP 193 R+4C23 BOSS 1 1 0 1 0 0 260.1662706390548 91.28939084164035 143.1 -171.7565234753896 215.6705014225129 90.40854 65.7066 42.807494093672666 -52.37393888982934 -0.30088234 -1.5157905 2.0237296 42.80749263083601 -52.37394338895193 42.68176522345168 -52.252751388978155 66.70919258227937 176.6898179982607 5400.0 5400.0 2016.0 1 259 {-999.0 19.966146 19.210712 18.757149 18.41493} sdss_fiber2mag_from_lsdr10 18.928793 19.98512 17.53336 14.953 63050395801571416 1058446889 dark_flexible_2x1 bhm_spiders_agn_lsdr10 bhm_spiders science 0 0 0.0 0.0 -999 ""
FIBERMAP 193 R+4C23 METROLOGY 0 0 0 1 0 0 259.5348169799967 90.92416084133447 143.1 -171.2039850670916 215.19428217026902 90.40854 65.7066 -999.0 -999.0 -999.0 -999.0 -999.0 42.81013163586603 -52.375314935407324 42.68439284148508 -52.254152933895824 66.70766306313807 176.68605632199277 -999.0 6231.0 -999.0 -1 -999 {-999.0 -999.0 -999.0 -999.0 -999.0} "" -999.0 -999.0 -999.0 -999.0 -999 -999 "" "" "" "" 0 0 0.0 0.0 -999 ""
FIBERMAP 197 R0C13 APOGEE 1 1 0 1 0 0 -18.65835439474853 16.59390903382108 143.1 -9.535259936893155 -23.07639913754991 105.01326 85.82197 43.61323380477377 -53.097722027530075 19.065247 -0.23898718 0.71031094 43.613328048572136 -53.09772273684724 43.481802517891026 -52.97781746565595 65.94074167783148 175.65944327540382 16000.0 16600.0 2016.0 2 250 {-999.0 13.724099 13.021079 12.760817 -999.0} sdss_psfmag_from_g3xp 13.5334425 13.053658 12.414055 11.073 63050395801551259 1104282679 bright_flexible_3x1 mwm_tess_rgb_apogee mwm_tessrgb science 0 0 0.0 0.0 -999 ""
FIBERMAP 197 R0C13 BOSS 0 0 0 1 0 0 -17.92728603455528 16.67347237732335 143.1 -9.850784058249516 -22.41217636589324 105.01326 85.82197 -999.0 -999.0 -999.0 -999.0 -999.0 43.61173227126279 -53.09581733614467 43.48020296539653 -52.97581459029016 65.9428382651094 175.66125162307748 -999.0 5400.0 -999.0 1 518 {-999.0 -999.0 -999.0 -999.0 -999.0} "" -999.0 -999.0 -999.0 -999.0 -999 -999 "" "" "" "" 0 0 0.0 0.0 -999 ""
FIBERMAP 197 R0C13 METROLOGY 0 0 0 1 0 0 -18.22457582154162 15.989944047442846 143.1 -9.107539627483934 -22.468165634160698 105.01326 85.82197 -999.0 -999.0 -999.0 -999.0 -999.0 43.61548655041713 -53.095957313447464 43.48395021604318 -52.975988021095425 65.94241782142693 175.6557967967698 -999.0 6231.0 -999.0 -1 -999 {-999.0 -999.0 -999.0 -999.0 -999.0} "" -999.0 -999.0 -999.0 -999.0 -999 -999 "" "" "" "" 0 0 0.0 0.0 -999 ""
FIBERMAP 213 R+3C1 APOGEE 0 0 0 1 0 0 -276.2284280106561 47.55730662014942 143.1 45.91812844315356 -276.49410134760944 272.43152 37.750397 -999.0 -999.0 -999.0 -999.0 -999.0 43.90072368762282 -53.86284232503799 43.76455297509466 -53.74323040959265 65.16112958735057 175.46414387770972 -999.0 16600.0 -999.0 2 3 {-999.0 -999.0 -999.0 -999.0 -999.0} "" -999.0 -999.0 -999.0 -999.0 -999 -999 "" "" "" "" 0 0 0.0 0.0 -999 ""
FIBERMAP 213 R+3C1 BOSS 1 1 0 1 0 0 -276.7006958329399 48.1514684111134 143.1 45.51232174318422 -277.1354587179789 272.43152 37.750397 43.897996098181444 -53.864850615706175 40.596703 -0.08855295 10.259547 43.898669753033 -53.864850878372785 43.762479740221096 -53.7451373120384 65.15937908412678 175.4675732349385 5400.0 5400.0 2016.0 1 3 {-999.0 18.38623 16.851034 15.124639 14.295667} sdss_psfmag_from_lsdr10 17.828087 15.871091 14.551865 11.965 63050395801407286 1058432476 bright_flexible_2x1 bhm_spiders_agn_lsdr10 bhm_spiders science 0 0 0.9963033199310303 0.0 -999 ""
FIBERMAP 213 R+3C1 METROLOGY 0 0 0 1 0 0 -275.96177667406846 48.256645322234796 143.1 45.17002795718768 -276.47224424483034 272.43152 37.750397 -999.0 -999.0 -999.0 -999.0 -999.0 43.89691379522103 -53.86290000660805 43.76074047076679 -53.74321077656333 65.16141259208585 175.4694692108501 -999.0 6231.0 -999.0 -1 -999 {-999.0 -999.0 -999.0 -999.0 -999.0} "" -999.0 -999.0 -999.0 -999.0 -999 -999 "" "" "" "" 0 0 0.0 0.0 -999 ""
FIBERMAP 216 R-9C18 APOGEE 0 0 0 1 0 0 203.14461393239208 -177.38718523078336 143.1 100.71803303759613 250.1677828942424 346.3591 119.16457 -999.0 -999.0 -999.0 -999.0 -999.0 44.155353041699264 -52.26905312529714 44.02617391115018 -52.150319391880494 66.72164222592329 174.58951784120248 -999.0 16600.0 -999.0 2 192 {-999.0 -999.0 -999.0 -999.0 -999.0} "" -999.0 -999.0 -999.0 -999.0 -999 -999 "" ops_sky_apogee_best_unassigned ops_sky sky_apogee 0 0 0.0 0.0 -999 ""
FIBERMAP 216 R-9C18 BOSS 1 1 0 1 0 0 203.19910537209407 -178.15461975131464 143.1 101.42484229791461 250.47158820442104 346.3591 119.16457 44.158840035980205 -52.268223067561095 -999.0 -999.0 -999.0 44.158840035980205 -52.268223067561095 44.02963449977195 -52.149404285324245 66.72226353289105 174.58388224348212 5400.0 5400.0 2016.0 1 265 {-999.0 22.334911 20.804472 20.097527 19.639425} sdss_fiber2mag_from_lsdr10 1e+20 1e+20 1e+20 -999.0 63050398819878584 1128182143 dark_flexible_3x1 bhm_spiders_clusters_lsdr10_d3 bhm_spiders science 0 0 0.0 0.0 -999 ""
FIBERMAP 216 R-9C18 METROLOGY 0 0 0 1 0 0 202.54206078106264 -177.825411902611 143.1 101.33000286748914 249.74285846669665 346.3591 119.16457 -999.0 -999.0 -999.0 -999.0 -999.0 44.15844254344366 -52.27033895231141 44.02923391568066 -52.15154479887466 66.72017552886928 174.58522700056704 -999.0 6231.0 -999.0 -1 -999 {-999.0 -999.0 -999.0 -999.0 -999.0} "" -999.0 -999.0 -999.0 -999.0 -999 -999 "" "" "" "" 0 0 0.0 0.0 -999 ""
FIBERMAP 223 R-7C9 APOGEE 0 0 0 1 0 0 -41.90218206509709 -141.60332920178746 143.1 147.5013405964922 6.99138817540123 187.66507 140.81744 -999.0 -999.0 -999.0 -999.0 -999.0 44.40462039669839 -53.002739262682375 44.271193077645535 -52.88424717632649 65.97420922864728 174.47198695642575 -999.0 16600.0 -999.0 2 186 {-999.0 -999.0 -999.0 -999.0 -999.0} "" -999.0 -999.0 -999.0 -999.0 -999 -999 "" ops_sky_apogee_best_unassigned ops_sky sky_apogee 0 0 0.0 0.0 -999 ""
FIBERMAP 223 R-7C9 BOSS 1 1 0 1 0 0 -42.55274982920915 -141.2164507006509 143.1 147.34991017010427 6.249811681245391 187.66507 140.81744 44.404046592006466 -53.00508353574258 -0.90948385 -0.66615766 -0.34816247 44.40404210587721 -53.00508551301116 44.27058294972194 -52.886497114971014 65.97203270973736 174.47365368022037 5400.0 5400.0 2016.0 1 380 {-999.0 20.521431 19.497072 19.080038 18.736488} sdss_fiber2mag_from_lsdr10 19.421328 20.268755 17.942575 15.564 63050395801550468 1128178994 dark_flexible_3x1 bhm_spiders_clusters_lsdr10_d3 bhm_spiders science 0 0 0.0 0.0 -999 ""
FIBERMAP 223 R-7C9 METROLOGY 0 0 0 1 0 0 -41.891757570804465 -140.8527977454632 143.1 146.78914822100066 6.754444279815137 187.66507 140.81744 -999.0 -999.0 -999.0 -999.0 -999.0 44.40120893330256 -53.00354913790538 44.26777194096695 -52.88498297615941 65.9737686911422 174.47725985023078 -999.0 6231.0 -999.0 -1 -999 {-999.0 -999.0 -999.0 -999.0 -999.0} "" -999.0 -999.0 -999.0 -999.0 -999 -999 "" "" "" "" 0 0 0.0 0.0 -999 ""
FIBERMAP 224 R+2C5 APOGEE 0 0 0 1 0 0 -167.06609083248247 20.495888301063214 143.1 35.579043291015196 -164.50833224578423 19.510902 20.198929 -999.0 -999.0 -999.0 -999.0 -999.0 43.84513028870265 -53.52593858690964 43.71081091058659 -53.406321213203 65.49946065466713 175.44587160011798 -999.0 16600.0 -999.0 2 23 {-999.0 -999.0 -999.0 -999.0 -999.0} "" -999.0 -999.0 -999.0 -999.0 -999 -999 "" ops_sky_apogee_best_unassigned ops_sky sky_apogee 0 0 0.0 0.0 -999 ""
FIBERMAP 224 R+2C5 BOSS 1 1 0 1 0 0 -167.66372175107057 20.010327371957022 143.1 36.23409472262948 -164.91304400439194 19.510902 20.198929 43.8485246456556 -53.52731038927901 -999.0 -999.0 -999.0 43.8485246456556 -53.527310389279016 43.71416906323711 -53.40760151709472 65.49795578946122 175.44143713330436 5400.0 5400.0 2016.0 1 34 {-999.0 20.28243 19.246292 18.832142 18.49246} sdss_fiber2mag_from_lsdr10 19.111137 20.587528 17.60246 15.381 63050395801412288 1128176649 dark_flexible_3x1 bhm_spiders_clusters_lsdr10_d3 bhm_spiders science 0 0 0.0 0.0 -999 ""
FIBERMAP 224 R+2C5 METROLOGY 0 0 0 1 0 0 -167.76781102700045 20.759542186639656 143.1 35.560799909664 -165.2576960789516 19.510902 20.198929 -999.0 -999.0 -999.0 -999.0 -999.0 43.84510059182356 -53.52835693835059 43.710755655670596 -53.408669299795356 65.4971323845648 175.44660991128376 -999.0 6231.0 -999.0 -1 -999 {-999.0 -999.0 -999.0 -999.0 -999.0} "" -999.0 -999.0 -999.0 -999.0 -999 -999 "" "" "" "" 0 0 0.0 0.0 -999 ""
FIBERMAP 226 R-2C25 APOGEE 0 0 0 1 0 0 256.30737841824214 -24.826648635720307 143.1 -60.833432218406564 250.2074019475957 173.65051 68.53764 -999.0 -999.0 -999.0 -999.0 -999.0 43.356876780277666 -52.27070605656143 43.230017758584495 -52.15057865339031 66.77960213001668 175.81836820893255 -999.0 16600.0 -999.0 2 239 {-999.0 -999.0 -999.0 -999.0 -999.0} "" -999.0 -999.0 -999.0 -999.0 -999 -999 "" ops_sky_apogee_best_unassigned ops_sky sky_apogee 0 0 0.0 0.0 -999 ""
FIBERMAP 226 R-2C25 BOSS 1 1 0 1 0 0 256.64479616444453 -24.12175671305758 143.1 -61.61004616088592 250.2942613322594 173.65051 68.53764 43.35305253745658 -52.27052799053197 -999.0 -999.0 -999.0 43.35305253745658 -52.27052799053196 43.22619001365955 -52.150302525887184 66.78012067588745 175.82422038382862 5400.0 5400.0 2016.0 1 349 {-999.0 22.259953 21.396955 20.8159 20.369001} sdss_fiber2mag_from_lsdr10 1e+20 1e+20 1e+20 -999.0 63050397390412457 1131248920 dark_flexible_3x1 bhm_spiders_agn_lsdr10_d3 bhm_spiders science 0 0 0.0 0.0 -999 ""
FIBERMAP 226 R-2C25 METROLOGY 0 0 0 1 0 0 257.04231609363876 -24.781607553275354 143.1 -61.117627532388695 250.88663024991249 173.65051 68.53764 -999.0 -999.0 -999.0 -999.0 -999.0 43.35547309773653 -52.26867849140844 43.2286164009754 -52.148483645240105 66.78177514112738 175.81998532373262 -999.0 6231.0 -999.0 -1 -999 {-999.0 -999.0 -999.0 -999.0 -999.0} "" -999.0 -999.0 -999.0 -999.0 -999 -999 "" "" "" "" 0 0 0.0 0.0 -999 ""
FIBERMAP 229 R+9C7 APOGEE 0 0 0 1 0 0 -64.35701186511356 189.20579453774226 143.1 -157.51480539905165 -122.98983952911703 145.69965 87.703606 -999.0 -999.0 -999.0 -999.0 -999.0 42.86254299625208 -53.39896778828739 42.73184566991466 -53.27768547027585 65.68521242869011 176.8226473691751 -999.0 16600.0 -999.0 2 133 {-999.0 -999.0 -999.0 -999.0 -999.0} "" -999.0 -999.0 -999.0 -999.0 -999 -999 "" "" "" "" 0 0 0.0 0.0 -999 ""
FIBERMAP 229 R+9C7 BOSS 1 1 0 1 0 0 -63.931811582167725 189.8136558131124 143.1 -158.2286528998499 -122.78817725295856 145.69965 87.703606 42.85887139453991 -53.398465474813605 -999.0 -999.0 -999.0 42.85887139453991 -53.39846547481361 42.72817466465239 -53.277080451303426 65.68599324914342 176.82784198018612 5400.0 5400.0 2016.0 1 123 {-999.0 19.900875 18.840847 18.402761 18.051098} sdss_fiber2mag_from_lsdr10 18.610537 20.628777 17.040133 14.916 63050395801413609 1057820686 dark_flexible_2x1 bhm_spiders_clusters_lsdr10 bhm_spiders science 0 0 0.0 0.0 -999 ""
FIBERMAP 229 R+9C7 METROLOGY 0 0 0 1 0 0 -63.616088743985124 189.13774403877883 143.1 -157.69417076544138 -122.26777231899639 145.69965 87.703606 -999.0 -999.0 -999.0 -999.0 -999.0 42.86155460811302 -53.39689778637861 42.730860868823186 -53.27554514841382 65.68739343518163 176.8236515659007 -999.0 6231.0 -999.0 -1 -999 {-999.0 -999.0 -999.0 -999.0 -999.0} "" -999.0 -999.0 -999.0 -999.0 -999 -999 "" "" "" "" 0 0 0.0 0.0 -999 ""
FIBERMAP 230 R+10C2 APOGEE 0 0 0 1 0 0 -143.45763929602242 204.25652919341857 143.1 -145.718259379808 -202.63749443189107 63.625378 86.135735 -999.0 -999.0 -999.0 -999.0 -999.0 42.92045319514265 -53.63978176314454 42.78841123924224 -53.518533311459535 65.44241391471346 176.78897017521714 -999.0 16600.0 -999.0 2 -999 {-999.0 -999.0 -999.0 -999.0 -999.0} "" -999.0 -999.0 -999.0 -999.0 -999 -999 "" "" "" "" 0 0 0.0 0.0 -999 ""
FIBERMAP 230 R+10C2 BOSS 1 1 0 1 0 0 -142.81625722986882 203.91817544045003 143.1 -145.60963289137675 -201.92054826623647 63.625378 86.135735 42.92101234269604 -53.637732174779316 0.5620946 -2.5509865 -1.5134636 42.92101515670192 -53.637739746538976 42.78896786373419 -53.51639518110253 65.44451750513458 176.78775264382756 5400.0 5400.0 2016.0 1 18 {-999.0 21.134731 20.652096 20.437782 20.271528} sdss_psfmag_from_lsdr10 20.779383 20.652885 19.93117 -999.0 63050395801413125 1131236241 dark_flexible_3x1 bhm_spiders_agn_lsdr10_d3 bhm_spiders science 0 0 0.0 0.0 -999 ""
FIBERMAP 230 R+10C2 METROLOGY 0 0 0 1 0 0 -143.43355659888985 203.50892084642467 143.1 -145.02017402999982 -202.3689248303976 63.625378 86.135735 -999.0 -999.0 -999.0 -999.0 -999.0 42.92396111819483 -53.639116116212335 42.79190181680286 -53.517803888445876 65.442969738587 176.78384880001104 -999.0 6231.0 -999.0 -1 -999 {-999.0 -999.0 -999.0 -999.0 -999.0} "" -999.0 -999.0 -999.0 -999.0 -999 -999 "" "" "" "" 0 0 0.0 0.0 -999 ""
FIBERMAP 231 R+2C20 APOGEE 0 0 0 1 0 0 149.98331766942155 56.98228513295455 143.1 -103.1284567302985 122.8999902541714 156.26042 61.27617 -999.0 -999.0 -999.0 -999.0 -999.0 43.143875561085196 -52.65461586368487 43.01586033553821 -52.534017564219376 66.41101123275178 176.24176926509637 -999.0 16600.0 -999.0 2 -999 {-999.0 -999.0 -999.0 -999.0 -999.0} "" -999.0 -999.0 -999.0 -999.0 -999 -999 "" "" "" "" 0 0 0.0 0.0 -999 ""
FIBERMAP 231 R+2C20 BOSS 1 1 0 1 0 0 150.55626044709678 57.45420782267618 143.1 -103.76251098061641 123.28587225815815 156.26042 61.27617 43.1406660841932 -52.65348462094141 -999.0 -999.0 -999.0 43.1406660841932 -52.65348462094141 43.01265125224187 -52.532787891858 66.41241927292138 176.24633647293987 5400.0 5400.0 2016.0 1 230 {-999.0 21.26182 20.970884 20.829557 20.716846} sdss_psfmag_from_lsdr10 21.10278 21.038494 20.070065 -999.0 63050395801569814 1131244700 dark_flexible_3x1 bhm_spiders_agn_lsdr10_d3 bhm_spiders science 0 0 0.0 0.0 -999 ""
FIBERMAP 231 R+2C20 METROLOGY 0 0 0 1 0 0 150.68255935282232 56.716655155371114 143.1 -103.10753224672007 123.64766327926334 156.26042 61.27617 -999.0 -999.0 -999.0 -999.0 -999.0 43.143923264745794 -52.65235408129006 43.0159080889058 -52.531689683852534 66.41332601646177 176.2411487832325 -999.0 6231.0 -999.0 -1 -999 {-999.0 -999.0 -999.0 -999.0 -999.0} "" -999.0 -999.0 -999.0 -999.0 -999 -999 "" "" "" "" 0 0 0.0 0.0 -999 ""
FIBERMAP 232 R+13C3 APOGEE 0 0 0 1 0 0 -122.849005328745 254.63494459204495 143.1 -200.0696218954412 -199.74105552033274 250.89832 17.190273 -999.0 -999.0 -999.0 -999.0 -999.0 42.64429699286196 -53.62885050660051 42.51316334498421 -53.507133205666214 65.46644319635222 177.17966615658133 -999.0 16600.0 -999.0 2 54 {-999.0 -999.0 -999.0 -999.0 -999.0} "" -999.0 -999.0 -999.0 -999.0 -999 -999 "" "" "" "" 0 0 0.0 0.0 -999 ""
FIBERMAP 232 R+13C3 BOSS 1 1 0 1 0 0 -122.71996925069361 255.35716656231494 143.1 -200.79408182551535 -199.85667986070803 250.89832 17.190273 42.639913934504584 -53.629183764942425 29.102324 -20.253296 4.1558723 42.640657699185425 -53.62924388006347 42.50952319542928 -53.50742310962686 65.46631053576307 177.1849167272022 5400.0 5400.0 2016.0 1 91 {-999.0 16.07149 14.73696 14.14502 -999.0} sdss_psfmag_from_g3xp 15.534633 14.689896 13.767443 11.968 63050395801413070 1077985004 bright_flexible_2x1 mwm_snc_ext_main_boss mwm_snc science 0 0 1.2768417596817017 0.0 -999 ""
FIBERMAP 232 R+13C3 METROLOGY 0 0 0 1 0 0 -122.16147744687643 254.89583179786501 143.1 -200.54206236847068 -199.17757276691748 250.89832 17.190273 -999.0 -999.0 -999.0 -999.0 -999.0 42.641888370884814 -53.62722521241118 42.510761539864916 -53.50543430727313 65.46824093584542 177.1828015498913 -999.0 6231.0 -999.0 -1 -999 {-999.0 -999.0 -999.0 -999.0 -999.0} "" -999.0 -999.0 -999.0 -999.0 -999 -999 "" "" "" "" 0 0 0.0 0.0 -999 ""
FIBERMAP 234 R+3C20 APOGEE 1 1 0 1 0 0 176.34308808338085 42.741355697964224 143.1 -98.34759820159674 152.47552190048197 329.61105 81.609955 43.1681956596884 -52.565182881460075 -4.0189495 1.3299205 1.0313753 43.168564799676105 -52.56517893402928 43.04089443668064 -52.444647340108055 66.4985321234397 176.18255707150988 16000.0 16600.0 2016.0 2 69 {-999.0 10.247479 9.192937 8.775806 -999.0} sdss_psfmag_from_g3xp 9.882338 9.203536 8.412632 6.656 63050395801569877 1152456246 bright_1x1 mwm_galactic_core_dist_apogee_sparse mwm_galactic science 0 0 0.8507296442985535 0.0 -999 ""
FIBERMAP 234 R+3C20 BOSS 0 0 0 1 0 0 175.85637902817828 42.17208386533007 143.1 -97.6499674601129 152.20308489185257 329.61105 81.609955 -999.0 -999.0 -999.0 -999.0 -999.0 43.17199268426545 -52.56604748034571 43.04429304517822 -52.44542863781561 66.4975564015072 176.17757342382035 -999.0 5400.0 -999.0 1 224 {-999.0 -999.0 -999.0 -999.0 -999.0} "" -999.0 -999.0 -999.0 -999.0 -999 -999 "" "" "" "" 0 0 0.0 0.0 -999 ""
FIBERMAP 234 R+3C20 METROLOGY 0 0 0 1 0 0 175.60109093090261 42.86957054910844 143.1 -98.22469589900945 151.73265730515604 329.61105 81.609955 -999.0 -999.0 -999.0 -999.0 -999.0 43.169090976105444 -52.56741998644308 43.04139770574295 -52.44682207245843 66.49633803251234 176.18231227419898 -999.0 6231.0 -999.0 -1 -999 {-999.0 -999.0 -999.0 -999.0 -999.0} "" -999.0 -999.0 -999.0 -999.0 -999 -999 "" "" "" "" 0 0 0.0 0.0 -999 ""
FIBERMAP 243 R-11C12 APOGEE 1 1 0 1 0 0 63.73076647266937 -216.58607314005394 143.1 183.57730077315784 131.40157358990783 206.24257 101.63399 44.574925627306 -52.6245275821145 29.830622 5.1741395 3.5714405 44.57507148742807 -52.62451222430334 44.442979969422844 -52.506424609202064 66.33312559609449 174.08269986880265 16000.0 16600.0 2016.0 2 183 {-999.0 11.346797 11.038477 10.949726 -999.0} sdss_psfmag_from_g3xp 11.304829 11.044169 10.622826 9.896 63050395801551124 975120249 "" ops_std_apogee ops_std standard_apogee 0 0 0.0 0.0 -999 ""
FIBERMAP 243 R-11C12 BOSS 0 0 0 1 0 0 63.23732098357528 -216.00890173091372 143.1 183.19450254408267 130.74580382707765 206.24257 101.63399 -999.0 -999.0 -999.0 -999.0 -999.0 44.57330780848262 -52.62657784782956 44.44118720833944 -52.508393243729756 66.33134023780077 174.08611424321538 -999.0 5400.0 -999.0 1 376 {-999.0 -999.0 -999.0 -999.0 -999.0} "" -999.0 -999.0 -999.0 -999.0 -999 -999 "" "" "" "" 0 0 0.0 0.0 -999 ""
FIBERMAP 243 R-11C12 METROLOGY 0 0 0 1 0 0 63.96553818774361 -215.8709272573164 143.1 182.82475536536813 131.38812747631107 206.24257 101.63399 -999.0 -999.0 -999.0 -999.0 -999.0 44.57145185236211 -52.6246037183703 44.439352675629664 -52.506442701255665 66.33343456302927 174.08814600910594 -999.0 6231.0 -999.0 -1 -999 {-999.0 -999.0 -999.0 -999.0 -999.0} "" -999.0 -999.0 -999.0 -999.0 -999 -999 "" "" "" "" 0 0 0.0 0.0 -999 ""
FIBERMAP 244 R-4C15 APOGEE 0 0 0 1 0 0 84.58953489712373 -71.96547315203675 143.1 40.14605325262679 103.54569819106614 55.20736 75.15847 -999.0 -999.0 -999.0 -999.0 -999.0 43.860835043792044 -52.71276649239224 43.7304176009049 -52.59339673975307 66.30523849291761 175.1808278621848 -999.0 16600.0 -999.0 2 199 {-999.0 -999.0 -999.0 -999.0 -999.0} "" -999.0 -999.0 -999.0 -999.0 -999 -999 "" ops_sky_apogee_best_unassigned ops_sky sky_apogee 0 0 0.0 0.0 -999 ""
FIBERMAP 244 R-4C15 BOSS 1 1 0 1 0 0 85.05803050383446 -72.54932153574332 143.1 40.54336085571819 104.1801020342981 55.20736 75.15847 43.862792278790565 -52.710813367250545 13.805371 -20.526678 0.6027476 43.862859915217605 -52.71087429388536 43.73242701951263 -52.5914152534295 66.3070577463356 175.17721599875273 5400.0 5400.0 2016.0 1 280 {-999.0 17.60622 17.042324 16.848726 -999.0} sdss_psfmag_gaia 17.482864 17.081404 16.519531 15.349 63050395801551644 1136504171 dark_flexible_3x1 mwm_halo_local_high_boss_triple mwm_halo science 0 0 0.0 0.0 -999 ""
FIBERMAP 244 R-4C15 METROLOGY 0 0 0 1 0 0 84.31339128252633 -72.65975615867764 143.1 40.89250062312271 103.51321464881707 55.20736 75.15847 -999.0 -999.0 -999.0 -999.0 -999.0 43.86463086223473 -52.71285422717408 43.73418833753192 -52.59342415015584 66.30493409886715 175.17517810277556 -999.0 6231.0 -999.0 -1 -999 {-999.0 -999.0 -999.0 -999.0 -999.0} "" -999.0 -999.0 -999.0 -999.0 -999 -999 "" "" "" "" 0 0 0.0 0.0 -999 ""
FIBERMAP 249 R+8C6 APOGEE 0 0 0 1 0 0 -96.86943961286092 171.77617755688485 143.1 -130.36446896009824 -147.9617885653215 149.13826 77.88479 -999.0 -999.0 -999.0 -999.0 -999.0 42.999668654420965 -53.4752630771288 42.86818201342163 -53.35419512901182 65.60217283236472 176.64132565507026 -999.0 16600.0 -999.0 2 -999 {-999.0 -999.0 -999.0 -999.0 -999.0} "" -999.0 -999.0 -999.0 -999.0 -999 -999 "" "" "" "" 0 0 0.0 0.0 -999 ""
FIBERMAP 249 R+8C6 BOSS 1 1 0 1 0 0 -96.38350363990419 172.3076595726792 143.1 -131.02615867293645 -147.6776556442711 149.13826 77.88479 42.99626287122808 -53.47452639080504 -999.0 -999.0 -999.0 42.99626287122809 -53.47452639080504 42.86477631872996 -53.35335590580385 65.60318332474853 176.64605449645586 5400.0 5400.0 2015.5 1 79 {-999.0 -999.0 -999.0 -999.0 -999.0} "" -999.0 -999.0 -999.0 -999.0 27021603157674183 821472788 "" ops_sky_boss_good ops_sky sky_boss 0 0 0.0 0.0 -999 ""
FIBERMAP 249 R+8C6 METROLOGY 0 0 0 1 0 0 -96.14433316723468 171.5925505999657 143.1 -130.42948885454504 -147.2166542151609 149.13826 77.88479 -999.0 -999.0 -999.0 -999.0 -999.0 42.99926988792208 -53.47314110309925 42.86778473111957 -53.35200361768339 65.6043766096198 176.6414422314469 -999.0 6231.0 -999.0 -1 -999 {-999.0 -999.0 -999.0 -999.0 -999.0} "" -999.0 -999.0 -999.0 -999.0 -999 -999 "" "" "" "" 0 0 0.0 0.0 -999 ""
FIBERMAP 253 R+5C3 APOGEE 0 0 0 1 0 0 -185.34251401935634 109.33717044250056 143.1 -42.308631743791096 -210.98029295358617 69.06393 114.44894 -999.0 -999.0 -999.0 -999.0 -999.0 43.448062991400214 -53.666811091942634 43.31426178085326 -53.5464644833983 65.3858688884217 176.0471039314071 -999.0 16600.0 -999.0 2 19 {-999.0 -999.0 -999.0 -999.0 -999.0} "" -999.0 -999.0 -999.0 -999.0 -999 -999 "" ops_sky_apogee_best_unassigned ops_sky sky_apogee 0 0 0.0 0.0 -999 ""
FIBERMAP 253 R+5C3 BOSS 1 1 0 1 0 0 -184.60511393361784 109.41664132459425 143.1 -42.62615053466638 -210.3100604119667 69.06393 114.44894 43.44597688605235 -53.66498724910881 13.532655 17.51976 0.68781984 43.446437739904596 -53.66493524747693 43.31263432031777 -53.54448869049234 65.38793257927729 176.04893262292737 5400.0 5400.0 2016.0 1 28 {-999.0 16.443363 15.88942 15.69999 -999.0} sdss_psfmag_gaia 16.306673 15.92789 15.353886 14.374 63050395801412364 1136503772 dark_flexible_3x1 mwm_halo_local_high_boss_triple mwm_halo science 0 0 0.8384087085723877 0.0 -999 ""
FIBERMAP 253 R+5C3 METROLOGY 0 0 0 1 0 0 -184.91739025534895 108.72456981022997 143.1 -41.869910502246974 -210.377393065939 69.06393 114.44894 -999.0 -999.0 -999.0 -999.0 -999.0 43.45028852600816 -53.66514387167102 43.31647667694966 -53.54473154943466 65.38745928992645 176.043538072891 -999.0 6231.0 -999.0 -1 -999 {-999.0 -999.0 -999.0 -999.0 -999.0} "" -999.0 -999.0 -999.0 -999.0 -999 -999 "" "" "" "" 0 0 0.0 0.0 -999 ""
FIBERMAP 255 R-5C11 APOGEE 0 0 0 1 0 0 -15.630262259808418 -110.83618471703491 143.1 109.80769740380659 21.68449216634235 263.96158 106.80316 -999.0 -999.0 -999.0 -999.0 -999.0 44.2141494285838 -52.95949796232671 44.08149792751482 -52.840681514382545 66.03296834082201 174.73638031087498 -999.0 16600.0 -999.0 2 170 {-999.0 -999.0 -999.0 -999.0 -999.0} "" -999.0 -999.0 -999.0 -999.0 -999 -999 "" ops_sky_apogee_best_unassigned ops_sky sky_apogee 0 0 0.0 0.0 -999 ""
FIBERMAP 255 R-5C11 BOSS 1 1 0 1 0 0 -16.387980322151073 -110.9593644012624 143.1 110.17317353245977 21.009444579131518 263.96158 106.80316 44.21614491322398 -52.96161763235334 -999.0 -999.0 -999.0 44.21614491322398 -52.96161763235334 44.083456245412606 -52.842709643851535 66.03080105225413 174.7341575779059 5400.0 5400.0 2016.0 1 409 {-999.0 21.381462 20.67355 20.270575 20.004822} sdss_fiber2mag_from_lsdr10 1e+20 1e+20 1e+20 -999.0 63050398819850792 1131242614 dark_flexible_3x1 bhm_spiders_agn_lsdr10_d3 bhm_spiders science 0 0 0.0 0.0 -999 ""
FIBERMAP 255 R-5C11 METROLOGY 0 0 0 1 0 0 -16.12730019340397 -110.26678706499708 143.1 109.43342158516577 21.027886028876694 263.96158 106.80316 -999.0 -999.0 -999.0 -999.0 -999.0 44.21243286102298 -52.96155590841667 44.07976144584319 -52.84266817460354 66.03113853510769 174.73958878325604 -999.0 6231.0 -999.0 -1 -999 {-999.0 -999.0 -999.0 -999.0 -999.0} "" -999.0 -999.0 -999.0 -999.0 -999 -999 "" "" "" "" 0 0 0.0 0.0 -999 ""
FIBERMAP 266 R-11C1 APOGEE 0 0 0 1 0 0 -160.41854031365602 -213.84995001438693 143.1 254.6977740658267 -81.1735804890217 270.5795 176.10521 -999.0 -999.0 -999.0 -999.0 -999.0 44.950348406466226 -53.26390779701324 44.81400963490148 -53.146314890300985 65.66646151835577 173.77880615171017 -999.0 16600.0 -999.0 2 260 {-999.0 -999.0 -999.0 -999.0 -999.0} "" -999.0 -999.0 -999.0 -999.0 -999 -999 "" ops_sky_apogee_best_unassigned ops_sky sky_apogee 0 0 0.0 0.0 -999 ""
FIBERMAP 266 R-11C1 BOSS 1 1 0 1 0 0 -160.57566713029166 -214.59051121457935 143.1 255.44878939451257 -81.07845337701822 270.5795 176.10521 44.95413535225707 -53.26366499813938 -1.3096145 0.7778348 0.2515705 44.954128853444594 -53.26366268939398 44.81775463693238 -53.145980887515606 65.66643627143701 173.7732953765754 5400.0 5400.0 2016.0 1 354 {-999.0 20.960392 20.742825 20.553116 20.404842} sdss_psfmag_from_gaiadr2 20.777092 20.758326 20.051397 -999.0 63050395801545410 1130304686 dark_flexible_3x1 bhm_gua_dark_d3 bhm_filler science 0 0 0.0 0.0 -999 ""
FIBERMAP 266 R-11C1 METROLOGY 0 0 0 1 0 0 -161.1276651298252 -214.07033108864266 143.1 255.13906402218223 -81.77077746017024 270.5795 176.10521 -999.0 -999.0 -999.0 -999.0 -999.0 44.95271231408794 -53.26576340214645 44.8163389173929 -53.14810559844703 65.66447253194036 173.77614526330737 -999.0 6231.0 -999.0 -1 -999 {-999.0 -999.0 -999.0 -999.0 -999.0} "" -999.0 -999.0 -999.0 -999.0 -999 -999 "" "" "" "" 0 0 0.0 0.0 -999 ""
FIBERMAP 267 R-9C2 APOGEE 0 0 0 1 0 0 -164.05270997078264 -182.2047971828532 143.1 226.00864464444956 -95.01100633942585 246.40645 157.18109 -999.0 -999.0 -999.0 -999.0 -999.0 44.807403553654865 -53.307659582838795 44.6712713616148 -53.18979968705333 65.63679090904816 174.0002112695313 -999.0 16600.0 -999.0 2 -999 {-999.0 -999.0 -999.0 -999.0 -999.0} "" -999.0 -999.0 -999.0 -999.0 -999 -999 "" "" "" "" 0 0 0.0 0.0 -999 ""
FIBERMAP 267 R-9C2 BOSS 1 1 0 1 0 0 -164.54276919733292 -182.72603991798346 143.1 226.6620206895093 -95.30239991631747 246.40645 157.18109 44.810776943568314 -53.308602716939994 0.050206184 0.03146649 -0.10120235 44.81077719297295 -53.30860262354212 44.67460551169709 -53.19065251982896 65.63564319641696 173.99574098340324 5400.0 5400.0 2016.0 1 457 {-999.0 19.174778 19.129917 19.022406 18.913803} sdss_psfmag_from_lsdr10 19.193289 19.001524 18.637342 -999.0 63050395801545674 1131240499 dark_flexible_3x1 bhm_spiders_agn_lsdr10_d3 bhm_spiders science 0 0 0.0 0.0 -999 ""
FIBERMAP 267 R-9C2 METROLOGY 0 0 0 1 0 0 -164.7749363121092 -182.01015050630784 143.1 226.06231103304162 -95.75704434462304 246.40645 157.18109 -999.0 -999.0 -999.0 -999.0 -999.0 44.80785361985618 -53.31000403079913 44.671690645648084 -53.19207552642041 65.63450338447198 174.0004510476481 -999.0 6231.0 -999.0 -1 -999 {-999.0 -999.0 -999.0 -999.0 -999.0} "" -999.0 -999.0 -999.0 -999.0 -999 -999 "" "" "" "" 0 0 0.0 0.0 -999 ""
FIBERMAP 274 R+2C17 APOGEE 0 0 0 1 0 0 74.09903894900346 48.11140950240909 143.1 -69.79912403331984 54.155551867260826 184.33557 75.81529 -999.0 -999.0 -999.0 -999.0 -999.0 43.30944151200205 -52.86324131518374 43.179949074921524 -52.742872456567305 66.19348824441181 176.04554662618912 -999.0 16600.0 -999.0 2 61 {-999.0 -999.0 -999.0 -999.0 -999.0} "" -999.0 -999.0 -999.0 -999.0 -999 -999 "" ops_sky_apogee_best_unassigned ops_sky sky_apogee 0 0 0.0 0.0 -999 ""
FIBERMAP 274 R+2C17 BOSS 1 1 0 1 0 0 74.30481990250583 48.83796530595945 143.1 -70.55291171845435 54.11097653136016 184.33557 75.81529 43.3056007581326 -52.8634354735519 -999.0 -999.0 -999.0 43.3056007581326 -52.8634354735519 43.17610338071855 -52.742965796153584 66.19362712536339 176.05130881513108 5400.0 5400.0 2016.0 1 207 {-999.0 20.201332 19.356005 18.998266 18.665363} sdss_fiber2mag_from_lsdr10 18.987476 20.734823 17.549221 15.627 63050395801551762 1128180007 dark_flexible_3x1 bhm_spiders_clusters_lsdr10_d3 bhm_spiders science 0 0 0.0 0.0 -999 ""
FIBERMAP 274 R+2C17 METROLOGY 0 0 0 1 0 0 74.82274083926525 48.28744526073361 143.1 -70.20332968149368 54.78109624199007 184.33557 75.81529 -999.0 -999.0 -999.0 -999.0 -999.0 43.30735152144296 -52.861371552524155 43.177863061709104 -52.74093213931396 66.195544677443 176.04818117008307 -999.0 6231.0 -999.0 -1 -999 {-999.0 -999.0 -999.0 -999.0 -999.0} "" -999.0 -999.0 -999.0 -999.0 -999 -999 "" "" "" "" 0 0 0.0 0.0 -999 ""
FIBERMAP 280 R-3C15 APOGEE 0 0 0 1 0 0 48.97999760978804 -64.57857940478355 143.1 44.879295515111366 67.48887679258314 189.92807 145.61089 -999.0 -999.0 -999.0 -999.0 -999.0 43.88571201826803 -52.82204749554954 43.75469851332838 -52.70269175586455 66.19496382917168 175.17739221689152 -999.0 16600.0 -999.0 2 -999 {-999.0 -999.0 -999.0 -999.0 -999.0} "" -999.0 -999.0 -999.0 -999.0 -999 -999 "" "" "" "" 0 0 0.0 0.0 -999 ""
FIBERMAP 280 R-3C15 BOSS 1 1 0 1 0 0 48.28615678695321 -64.24032150199449 143.1 44.788008927511704 66.72242270103034 189.92807 145.61089 43.885344921055434 -52.824429123787915 -0.76789796 0.13578935 0.49324232 43.885341149081164 -52.82442872074209 43.754298607754976 -52.70497783619513 66.19272403227791 175.1786752261679 5400.0 5400.0 2016.0 1 328 {-999.0 20.772118 20.50095 20.419855 20.372175} sdss_psfmag_from_lsdr10 20.587873 20.515738 20.056898 -999.0 63050395801551499 1131244713 dark_flexible_3x1 bhm_spiders_agn_lsdr10_d3 bhm_spiders science 0 0 0.0 0.0 -999 ""
FIBERMAP 280 R-3C15 METROLOGY 0 0 0 1 0 0 48.90976613778785 -63.833887685253394 143.1 44.19913903229126 67.17768562088813 189.92807 145.61089 -999.0 -999.0 -999.0 -999.0 -999.0 43.88236899275733 -52.82302467987872 43.75134716429642 -52.70359554095708 66.19431296668796 175.18265777540856 -999.0 6231.0 -999.0 -1 -999 {-999.0 -999.0 -999.0 -999.0 -999.0} "" -999.0 -999.0 -999.0 -999.0 -999 -999 "" "" "" "" 0 0 0.0 0.0 -999 ""
FIBERMAP 284 R-1C5 APOGEE 0 0 0 1 0 0 -195.77441264384996 -35.031308967054926 143.1 97.455982911724 -173.36070161101625 275.29416 91.382065 -999.0 -999.0 -999.0 -999.0 -999.0 44.160838300484784 -53.55099504623839 44.02543531384805 -53.43192430477425 65.45114773472584 175.0050662572658 -999.0 16600.0 -999.0 2 281 {-999.0 -999.0 -999.0 -999.0 -999.0} "" -999.0 -999.0 -999.0 -999.0 -999 -999 "" ops_sky_apogee_best_unassigned ops_sky sky_apogee 0 0 0.0 0.0 -999 ""
FIBERMAP 284 R-1C5 BOSS 1 1 0 1 0 0 -196.51931201575786 -34.964925996548125 143.1 97.63823047205172 -174.08597548138425 275.29416 91.382065 44.16180961908677 -53.55331175638573 10.951644 -4.187928 0.4625926 44.16186433669923 -53.55332418685282 44.02642581397667 -53.43415752180962 65.44885741378329 175.00434465118127 5400.0 5400.0 2016.0 1 462 {-999.0 16.620092 16.197958 16.062704 -999.0} sdss_psfmag_gaia 16.551512 16.224876 15.739085 14.96 63050395801544911 944796679 bright_1x1 openfibertargets_nov2020_6c open_fiber science 0 0 0.0 0.0 -999 ""
FIBERMAP 284 R-1C5 METROLOGY 0 0 0 1 0 0 -196.1094443592414 -34.3685704660336 143.1 96.94029006889825 -173.89500927947466 275.29416 91.382065 -999.0 -999.0 -999.0 -999.0 -999.0 44.1583177450181 -53.55276899491816 44.02289851195712 -53.43362372667089 65.4496553075071 175.00919654238143 -999.0 6231.0 -999.0 -1 -999 {-999.0 -999.0 -999.0 -999.0 -999.0} "" -999.0 -999.0 -999.0 -999.0 -999 -999 "" "" "" "" 0 0 0.0 0.0 -999 ""
FIBERMAP 286 R-5C13 APOGEE 0 0 1 1 0 0 34.42536502465769 -89.33687374305521 143.1 73.04562398173422 61.88517839879816 10.00439 170.00078 -999.0 -999.0 -999.0 -999.0 -999.0 44.02738784377339 -52.83849047906761 43.895875287794695 -52.719378482705594 66.1678063901545 174.97235519539225 -999.0 16600.0 -999.0 2 162 {-999.0 -999.0 -999.0 -999.0 -999.0} "" -999.0 -999.0 -999.0 -999.0 -999 -999 "" ops_sky_apogee_best_unassigned ops_sky sky_apogee 0 0 0.0 0.0 -999 ""
FIBERMAP 286 R-5C13 BOSS 1 0 1 1 0 0 35.16453733285554 -89.31869052757189 143.1 72.78539947917118 62.577237028644504 10.00439 170.00078 44.14024970086073 -52.81937984726946 -999.0 -999.0 -999.0 44.02613942648017 -52.83645470051234 43.89462058971861 -52.71724712105469 66.17001677320525 174.97355379112267 5400.0 5400.0 2016.0 1 392 {-999.0 20.478275 19.453388 19.030008 18.682365} sdss_fiber2mag_from_lsdr10 19.186224 20.916466 17.635237 15.48 63050395801550927 1128180014 dark_flexible_3x1 bhm_spiders_clusters_lsdr10_d3 bhm_spiders science 0 0 0.0 0.0 -999 ""
FIBERMAP 286 R-5C13 METROLOGY 0 0 1 1 0 0 34.80877943150127 -89.97445293027172 143.1 73.52164851778163 62.456903441119515 10.00439 170.00078 -999.0 -999.0 -999.0 -999.0 -999.0 44.02984807378199 -52.83677068551798 43.8983223163122 -52.71759614873108 66.1693867794179 174.96815787134943 -999.0 6231.0 -999.0 -1 -999 {-999.0 -999.0 -999.0 -999.0 -999.0} "" -999.0 -999.0 -999.0 -999.0 -999 -999 "" "" "" "" 0 0 0.0 0.0 -999 ""
FIBERMAP 290 R+8C13 APOGEE 0 0 0 1 0 0 61.62002800715153 148.9390650243835 143.1 -160.91242812836958 9.217043610251446 175.33717 158.33035 -999.0 -999.0 -999.0 -999.0 -999.0 42.85026065636154 -52.998262593326054 42.721511146769444 -52.877067580504466 66.08500352532369 176.75787396264312 -999.0 16600.0 -999.0 2 -999 {-999.0 -999.0 -999.0 -999.0 -999.0} "" -999.0 -999.0 -999.0 -999.0 -999 -999 "" "" "" "" 0 0 0.0 0.0 -999 ""
FIBERMAP 290 R+8C13 BOSS 1 1 0 1 0 0 60.9407195647181 149.27619136135695 143.1 -161.00742463003948 8.464685255879118 175.33717 158.33035 42.84965446835245 -53.000632498256635 -999.0 -999.0 -999.0 42.84965446835245 -53.00063249825664 42.72088271747354 -52.879341034414495 66.08276878960085 176.7592658546517 5400.0 5400.0 2015.5 1 157 {-999.0 -999.0 -999.0 -999.0 -999.0} "" -999.0 -999.0 -999.0 -999.0 27021603157685732 813519306 "" ops_sky_boss_good ops_sky sky_boss 0 0 0.0 0.0 -999 ""
FIBERMAP 290 R+8C13 METROLOGY 0 0 0 1 0 0 61.572211783680224 149.6855312497206 143.1 -161.6016309040161 8.92643679597444 175.33717 158.33035 -999.0 -999.0 -999.0 -999.0 -999.0 42.84665481408295 -52.99918915658413 42.7179026018062 -52.877919811242585 66.08433247184283 176.76340029707654 -999.0 6231.0 -999.0 -1 -999 {-999.0 -999.0 -999.0 -999.0 -999.0} "" -999.0 -999.0 -999.0 -999.0 -999 -999 "" "" "" "" 0 0 0.0 0.0 -999 ""
FIBERMAP 294 R+11C8 APOGEE 0 0 0 1 0 0 -14.134824965991283 226.6005617795538 143.1 -209.3425256878015 -87.85857518472672 105.896355 114.50388 -999.0 -999.0 -999.0 -999.0 -999.0 42.60203360850091 -53.29076072482608 42.472653263402606 -53.16906303950384 65.80537746687165 177.17908431321095 -999.0 16600.0 -999.0 2 129 {-999.0 -999.0 -999.0 -999.0 -999.0} "" -999.0 -999.0 -999.0 -999.0 -999 -999 "" ops_sky_apogee_best_unassigned ops_sky sky_apogee 0 0 0.0 0.0 -999 ""
FIBERMAP 294 R+11C8 BOSS 1 1 0 1 0 0 -13.590915402880931 227.08539283921203 143.1 -209.9792233170504 -87.50435521062013 105.896355 114.50388 42.59875014518913 -53.28967666903261 8.813928 -32.377846 0.73884207 42.598793910023744 -53.28977277194977 42.4694169947994 -53.167973834037575 65.80660303554392 177.18361526057524 5400.0 5400.0 2016.0 1 116 {-999.0 17.917435 17.129917 16.838076 -999.0} sdss_psfmag_gaia 17.57549 17.172045 16.375431 14.91 63050395801431518 1136503850 dark_flexible_3x1 mwm_halo_local_high_boss_triple mwm_halo science 0 0 0.0 0.0 -999 ""
FIBERMAP 294 R+11C8 METROLOGY 0 0 0 1 0 0 -13.426255569607777 226.36405378719778 143.1 -209.35216968016374 -87.11166936460404 105.896355 114.50388 -999.0 -999.0 -999.0 -999.0 -999.0 42.60191458812181 -53.28859749202679 42.47253663816673 -53.166831337638875 65.80760842909095 177.1788635054386 -999.0 6231.0 -999.0 -1 -999 {-999.0 -999.0 -999.0 -999.0 -999.0} "" -999.0 -999.0 -999.0 -999.0 -999 -999 "" "" "" "" 0 0 0.0 0.0 -999 ""
FIBERMAP 300 R-4C2 APOGEE 0 0 0 1 0 0 -230.05453224339095 -90.83826532912258 143.1 161.42922065548836 -187.3828101157044 255.46658 106.611626 -999.0 -999.0 -999.0 -999.0 -999.0 44.487053155150434 -53.590410107859576 44.350464734978345 -53.47190426754013 65.3856699971834 174.55678736858016 -999.0 16600.0 -999.0 2 -999 {-999.0 -999.0 -999.0 -999.0 -999.0} "" -999.0 -999.0 -999.0 -999.0 -999 -999 "" "" "" "" 0 0 0.0 0.0 -999 ""
FIBERMAP 300 R-4C2 BOSS 1 1 0 1 0 0 -230.81656695369432 -90.87551275399638 143.1 161.71496601998209 -188.09019020642927 255.46658 106.611626 44.48800368738752 -53.59273927469215 27.053873 33.84935 2.3690474 44.48859014481857 -53.59263880401718 44.351963817515916 -53.474038036295305 65.38343269130422 174.55538022597662 5400.0 5400.0 2016.0 1 453 {-999.0 16.806671 15.700595 15.24339 -999.0} sdss_psfmag_gaia 16.414045 15.704762 14.868587 13.065 63050395801544843 1092494965 bright_flexible_2x1 mwm_cb_galex_vol_boss mwm_cb science 0 0 0.9639880061149597 0.0 -999 ""
FIBERMAP 300 R-4C2 METROLOGY 0 0 0 1 0 0 -230.4662019897404 -90.21374452343497 143.1 160.97481867098185 -187.9769242654599 255.46658 106.611626 -999.0 -999.0 -999.0 -999.0 -999.0 44.4848637818988 -53.592342239499246 44.34825578740225 -53.47376228437274 65.384013276698 174.5605346250282 -999.0 6231.0 -999.0 -1 -999 {-999.0 -999.0 -999.0 -999.0 -999.0} "" -999.0 -999.0 -999.0 -999.0 -999 -999 "" "" "" "" 0 0 0.0 0.0 -999 ""
FIBERMAP 303 R-1C21 APOGEE 0 0 0 1 0 0 153.37341569569165 -16.82794374170686 143.1 -34.54046950056281 150.37156394748374 183.85008 102.08542 -999.0 -999.0 -999.0 -999.0 -999.0 43.48667375572692 -52.57164917981189 43.3580303796997 -52.451665789545125 66.47192613970543 175.70239732707608 -999.0 16600.0 -999.0 2 -999 {-999.0 -999.0 -999.0 -999.0 -999.0} "" -999.0 -999.0 -999.0 -999.0 -999 -999 "" "" "" "" 0 0 0.0 0.0 -999 ""
FIBERMAP 303 R-1C21 BOSS 1 1 0 1 0 0 153.15395327835355 -16.106446369175348 143.1 -35.149652570106696 149.92707320554553 183.85008 102.08542 43.48360275879085 -52.5730520220191 4.5089016 9.616191 2.365425 43.48362477966654 -52.5730234795352 43.35496844021786 -52.452941851134064 66.47085800646781 175.70738811364183 5400.0 5400.0 2016.0 1 324 {-999.0 21.58826 19.751928 18.541334 -999.0} sdss_psfmag_gaia 20.654856 19.237982 18.08723 16.095 63050395801551986 1095354579 bright_1x1 mwm_bin_vis_boss mwm_filler science 0 0 0.0 0.0 -999 ""
FIBERMAP 303 R-1C21 METROLOGY 0 0 0 1 0 0 153.88517230285265 -16.28241336507953 143.1 -35.22391607722023 150.6754612382225 183.85008 102.08542 -999.0 -999.0 -999.0 -999.0 -999.0 43.483244608326416 -52.5707168729773 43.35460396101922 -52.450661274918815 66.47314924590714 175.70732768751054 -999.0 6231.0 -999.0 -1 -999 {-999.0 -999.0 -999.0 -999.0 -999.0} "" -999.0 -999.0 -999.0 -999.0 -999 -999 "" "" "" "" 0 0 0.0 0.0 -999 ""
FIBERMAP 306 R+4C10 APOGEE 0 0 0 1 0 0 -46.28675971303295 92.5854575054393 143.1 -72.21318470985335 -74.15468304849658 109.581345 102.51248 -999.0 -999.0 -999.0 -999.0 -999.0 43.29595216208198 -53.25272784591203 43.16463702374273 -53.132230416805754 65.80693649387607 176.16249667985116 -999.0 16600.0 -999.0 2 -999 {-999.0 -999.0 -999.0 -999.0 -999.0} "" -999.0 -999.0 -999.0 -999.0 -999 -999 "" "" "" "" 0 0 0.0 0.0 -999 ""
FIBERMAP 306 R+4C10 BOSS 1 1 0 1 0 0 -45.66205744286423 92.97489930273493 143.1 -72.78636755780826 -73.69280074767765 109.581345 102.51248 43.29300056388798 -53.2514622645746 -0.47891095 1.2608044 -0.009243351 43.2929981880251 -53.25145852229372 43.161682524475296 -53.130860468338135 65.80847274450917 176.16647579776495 5400.0 5400.0 2016.0 1 76 {-999.0 20.568619 20.51399 20.344357 20.173634} sdss_psfmag_from_lsdr10 20.429916 20.684444 20.045156 -999.0 63050395801414100 1131240463 dark_flexible_3x1 bhm_spiders_agn_lsdr10_d3 bhm_spiders science 0 0 0.0 0.0 -999 ""
FIBERMAP 306 R+4C10 METROLOGY 0 0 0 1 0 0 -45.62205444895243 92.24243399502092 143.1 -72.10781742236699 -73.41417611322122 109.581345 102.51248 -999.0 -999.0 -999.0 -999.0 -999.0 43.296425405048694 -53.250598715251485 43.165107881072856 -53.13003398474622 65.80909488570349 176.16128766597544 -999.0 6231.0 -999.0 -1 -999 {-999.0 -999.0 -999.0 -999.0 -999.0} "" -999.0 -999.0 -999.0 -999.0 -999 -999 "" "" "" "" 0 0 0.0 0.0 -999 ""
FIBERMAP 313 R-10C2 APOGEE 0 0 0 1 0 0 -144.03990672047252 -185.79392481401274 143.1 222.81746802910826 -74.9317395207381 49.62233 100.382866 -999.0 -999.0 -999.0 -999.0 -999.0 44.78966828156231 -53.24714245311763 44.65389097438015 -53.12926740044782 65.69820430007903 174.00281637009465 -999.0 16600.0 -999.0 2 -999 {-999.0 -999.0 -999.0 -999.0 -999.0} "" -999.0 -999.0 -999.0 -999.0 -999 -999 "" "" "" "" 0 0 0.0 0.0 -999 ""
FIBERMAP 313 R-10C2 BOSS 1 1 0 1 0 0 -143.37253346704753 -186.24910736277292 143.1 223.0278754563046 -74.15183315559656 49.62233 100.382866 44.79073811923332 -53.24487566735236 -999.0 -999.0 -999.0 44.790738119233325 -53.24487566735237 44.65494437440919 -53.126907455825574 65.70044045305022 174.00042502370331 5400.0 5400.0 2016.0 1 515 {-999.0 22.330626 22.07427 21.606073 21.239267} sdss_fiber2mag_from_lsdr10 1e+20 1e+20 1e+20 -999.0 63050396674267686 1131240498 dark_flexible_3x1 bhm_spiders_agn_lsdr10_d3 bhm_spiders science 0 0 0.0 0.0 -999 ""
FIBERMAP 313 R-10C2 METROLOGY 0 0 0 1 0 0 -144.04931124126168 -186.5418618245857 143.1 223.5268749532774 -74.69468551338117 49.62233 100.382866 -999.0 -999.0 -999.0 -999.0 -999.0 44.793345431388516 -53.246470857714655 44.65754290634857 -53.128533967820424 65.6985953569858 173.9972825755228 -999.0 6231.0 -999.0 -1 -999 {-999.0 -999.0 -999.0 -999.0 -999.0} "" -999.0 -999.0 -999.0 -999.0 -999 -999 "" "" "" "" 0 0 0.0 0.0 -999 ""
FIBERMAP 316 R-2C11 APOGEE 0 0 0 1 0 0 -57.136221835577345 -44.68840293013398 143.1 60.988926718203444 -39.26225651318741 207.3976 113.72094 -999.0 -999.0 -999.0 -999.0 -999.0 43.97054064632638 -53.145839465604396 43.83770908070579 -53.02654466237207 65.86741525419855 175.15229316586635 -999.0 16600.0 -999.0 2 299 {-999.0 -999.0 -999.0 -999.0 -999.0} "" -999.0 -999.0 -999.0 -999.0 -999 -999 "" ops_sky_apogee_best_unassigned ops_sky sky_apogee 0 0 0.0 0.0 -999 ""
FIBERMAP 316 R-2C11 BOSS 1 1 0 1 0 0 -57.73416684169266 -44.22998314008275 143.1 60.752632942136145 -39.97766275470156 207.3976 113.72094 43.96945210878991 -53.148136011758425 -999.0 -999.0 -999.0 43.96945210878991 -53.148136011758425 43.83659301875079 -53.028743337845874 65.86531569203643 175.15458306392318 5400.0 5400.0 2015.5 1 495 {-999.0 -999.0 -999.0 -999.0 -999.0} "" -999.0 -999.0 -999.0 -999.0 27021603157761038 813531281 "" ops_sky_boss_good ops_sky sky_boss 0 0 0.0 0.0 -999 ""
FIBERMAP 316 R-2C11 METROLOGY 0 0 0 1 0 0 -57.031724448393135 -43.94538718832667 143.1 60.252898947348946 -39.4078913407615 207.3976 113.72094 -999.0 -999.0 -999.0 -999.0 -999.0 43.96690583151992 -53.14639359022402 43.834068413357045 -53.02702395135836 65.86720848906877 175.1577522029155 -999.0 6231.0 -999.0 -1 -999 {-999.0 -999.0 -999.0 -999.0 -999.0} "" -999.0 -999.0 -999.0 -999.0 -999 -999 "" "" "" "" 0 0 0.0 0.0 -999 ""
FIBERMAP 318 R-5C18 APOGEE 0 0 0 1 0 0 166.2937414653154 -90.56638171699345 143.1 30.84601132140987 186.81940502853232 86.093094 28.583204 -999.0 -999.0 -999.0 -999.0 -999.0 43.81195100637848 -52.46096193651954 43.68287039645497 -52.341574593251686 66.55871588325168 175.17676053095218 -999.0 16600.0 -999.0 2 216 {-999.0 -999.0 -999.0 -999.0 -999.0} "" -999.0 -999.0 -999.0 -999.0 -999 -999 "" ops_sky_apogee_best_unassigned ops_sky sky_apogee 0 0 0.0 0.0 -999 ""
FIBERMAP 318 R-5C18 BOSS 1 1 0 1 0 0 166.62730070098195 -91.23121808011074 143.1 31.36416945883022 187.3530119751731 86.093094 28.583204 43.813780977228085 -52.45940888518005 42.759155 10.625448 1.2846332 43.814547060761534 -52.45937734686877 43.68544848880407 -52.33990280747163 66.5601858587074 175.17232375727198 5400.0 5400.0 2016.0 1 308 {-999.0 14.926136 14.477139 14.321043 -999.0} sdss_psfmag_from_g3xp 14.838134 14.498838 13.986003 13.039 63050395801552591 1135999858 dark_flexible_3x1 mwm_halo_local_high_boss_triple mwm_halo science 0 0 1.2235544919967651 0.0 -999 ""
FIBERMAP 318 R-5C18 METROLOGY 0 0 0 1 0 0 165.88808284506408 -91.21260543306357 143.1 31.589660754095682 186.6488111895346 86.093094 28.583204 -999.0 -999.0 -999.0 -999.0 -999.0 43.81569049337845 -52.46144932534896 43.686583482448896 -52.34200224243307 66.55801817249736 175.17122905079424 -999.0 6231.0 -999.0 -1 -999 {-999.0 -999.0 -999.0 -999.0 -999.0} "" -999.0 -999.0 -999.0 -999.0 -999 -999 "" "" "" "" 0 0 0.0 0.0 -999 ""
FIBERMAP 342 R+6C13 APOGEE 0 0 0 1 0 0 56.29521620895265 109.2616803035743 143.1 -121.69218345336752 17.235195154564252 331.41547 114.02442 -999.0 -999.0 -999.0 -999.0 -999.0 43.047716293737224 -52.97474801562996 42.91848161629298 -52.85389799233881 66.097900436535 176.4606540196018 -999.0 16600.0 -999.0 2 -999 {-999.0 -999.0 -999.0 -999.0 -999.0} "" -999.0 -999.0 -999.0 -999.0 -999 -999 "" "" "" "" 0 0 0.0 0.0 -999 ""
FIBERMAP 342 R+6C13 BOSS 1 1 0 1 0 0 56.25133862902842 108.50803690048774 143.1 -120.96605233248862 17.441570882527625 331.41547 114.02442 43.051286255498404 -52.97421891077216 -999.0 -999.0 -999.0 43.051286255498404 -52.974218910772166 42.92202925681758 -52.853280523626395 66.0983237635531 176.45525163293297 5400.0 5400.0 2016.0 1 155 {-999.0 18.735968 17.999676 17.590319 17.313625} sdss_fiber2mag_from_lsdr10 1e+20 1e+20 1e+20 -999.0 63050398820356742 1059166689 dark_flexible_2x1 bhm_spiders_agn_hard bhm_spiders science 0 0 0.0 0.0 -999 ""
FIBERMAP 342 R+6C13 METROLOGY 0 0 0 1 0 0 55.625895870453036 108.9277514170328 143.1 -121.15675301488577 16.712924121469015 331.41547 114.02442 -999.0 -999.0 -999.0 -999.0 -999.0 43.050281323324214 -52.97639872214751 42.92102099489733 -52.855484833076645 66.09618280100509 176.45723514328208 -999.0 6231.0 -999.0 -1 -999 {-999.0 -999.0 -999.0 -999.0 -999.0} "" -999.0 -999.0 -999.0 -999.0 -999 -999 "" "" "" "" 0 0 0.0 0.0 -999 ""
FIBERMAP 351 R0C11 APOGEE 0 0 0 1 0 0 -86.29243478248682 -1.8469810714981285 143.1 30.118704992770127 -80.88296692258943 229.78743 64.853775 -999.0 -999.0 -999.0 -999.0 -999.0 43.81531332044101 -53.272756840381575 43.68232917865697 -53.153156110294596 65.75288559186419 175.41537717719353 -999.0 16600.0 -999.0 2 251 {-999.0 -999.0 -999.0 -999.0 -999.0} "" -999.0 -999.0 -999.0 -999.0 -999 -999 "" ops_sky_apogee_best_unassigned ops_sky sky_apogee 0 0 0.0 0.0 -999 ""
FIBERMAP 351 R0C11 BOSS 1 1 0 1 0 0 -86.61166887886189 -1.1613193716251877 143.1 29.576170078129017 -81.40989366556089 229.78743 64.853775 43.812620195603884 -53.274507423767496 0.1114263 -0.08693078 -0.22871429 43.812620748684445 -53.27450768179276 43.679617445349336 -53.15480585131039 65.75143654363376 175.41977783804407 5400.0 5400.0 2016.0 1 519 {-999.0 18.880318 18.837711 18.789677 18.747965} sdss_psfmag_from_lsdr10 18.88446 18.697289 18.363665 -999.0 63050395801549937 1131240476 dark_flexible_3x1 bhm_spiders_agn_lsdr10_d3 bhm_spiders science 0 0 0.0 0.0 -999 ""
FIBERMAP 351 R0C11 METROLOGY 0 0 0 1 0 0 -85.8709671687123 -1.2364187156114246 143.1 29.403534094646265 -80.68571775767883 229.78743 64.853775 -999.0 -999.0 -999.0 -999.0 -999.0 43.811725820792276 -53.27229310402394 43.67874133293424 -53.15261750192192 65.75367118114004 175.420427917357 -999.0 6231.0 -999.0 -1 -999 {-999.0 -999.0 -999.0 -999.0 -999.0} "" -999.0 -999.0 -999.0 -999.0 -999 -999 "" "" "" "" 0 0 0.0 0.0 -999 ""
FIBERMAP 357 R-9C9 APOGEE 0 0 0 1 0 0 -2.4984145418214645 -170.3609707976613 143.1 161.70195941554823 53.65837914294982 355.6672 144.6303 -999.0 -999.0 -999.0 -999.0 -999.0 44.472505133935115 -52.86067393071238 44.339569670799506 -52.742340381451115 66.10885514735978 174.3218686060277 -999.0 16600.0 -999.0 2 166 {-999.0 -999.0 -999.0 -999.0 -999.0} "" -999.0 -999.0 -999.0 -999.0 -999 -999 "" ops_sky_apogee_best_unassigned ops_sky sky_apogee 0 0 0.0 0.0 -999 ""
FIBERMAP 357 R-9C9 BOSS 1 1 0 1 0 0 -1.9253162230240002 -170.8184209753715 143.1 161.9455075765134 54.35000258156489 355.6672 144.6303 44.47379646042644 -52.85864055812351 -0.088058874 0.00946208 -0.062044337 44.47379602753352 -52.85864053003845 44.34084424496079 -52.74021582364934 66.11084758578642 174.31923294118138 5400.0 5400.0 2016.0 1 399 {-999.0 19.171854 18.96521 18.882507 18.82416} sdss_psfmag_from_lsdr10 18.888878 18.777493 18.478254 -999.0 63050395801550845 1131244719 dark_flexible_3x1 bhm_spiders_agn_lsdr10_d3 bhm_spiders science 0 0 0.0 0.0 -999 ""
FIBERMAP 357 R-9C9 METROLOGY 0 0 0 1 0 0 -2.61186137350178 -171.09643945649285 143.1 162.4338028349008 53.793080942927524 355.6672 144.6303 -999.0 -999.0 -999.0 -999.0 -999.0 44.47630877994471 -52.86027578206776 44.34334795702421 -52.74188171344287 66.10898203446442 174.31611682347133 -999.0 6231.0 -999.0 -1 -999 {-999.0 -999.0 -999.0 -999.0 -999.0} "" -999.0 -999.0 -999.0 -999.0 -999 -999 "" "" "" "" 0 0 0.0 0.0 -999 ""
FIBERMAP 374 R+10C5 APOGEE 0 0 0 1 0 0 -101.29091900189472 188.9314003856497 143.1 -145.1111468531302 -157.77816046207258 200.90605 120.18917 -999.0 -999.0 -999.0 -999.0 -999.0 42.924530056227226 -53.504504510086015 42.793132748960716 -53.38329975473836 65.57695191321703 176.75523664170223 -999.0 16600.0 -999.0 2 -999 {-999.0 -999.0 -999.0 -999.0 -999.0} "" -999.0 -999.0 -999.0 -999.0 -999 -999 "" "" "" "" 0 0 0.0 0.0 -999 ""
FIBERMAP 374 R+10C5 BOSS 1 1 0 1 0 0 -101.88830423752358 189.41119919768556 143.1 -145.3678139778736 -158.50006789190635 200.90605 120.18917 42.923168213386376 -53.50680895694144 -999.0 -999.0 -999.0 42.92316821338637 -53.50680895694144 42.791750422093415 -53.385504201793886 65.57482346140317 176.75766603865668 5400.0 5400.0 2016.0 1 152 {-999.0 21.697475 21.24599 21.189075 21.195284} sdss_psfmag_from_lsdr10 1e+20 1e+20 1e+20 -999.0 63050398820301278 1131238348 dark_flexible_3x1 bhm_spiders_agn_lsdr10_d3 bhm_spiders science 0 0 0.0 0.0 -999 ""
FIBERMAP 374 R+10C5 METROLOGY 0 0 0 1 0 0 -101.18335744025674 189.67162246533533 143.1 -145.84554398407982 -157.91998302909252 200.90605 120.18917 -999.0 -999.0 -999.0 -999.0 -999.0 42.92071494110962 -53.50503774476948 42.789317099914285 -53.38375677170833 65.57668517159641 176.76081360308942 -999.0 6231.0 -999.0 -1 -999 {-999.0 -999.0 -999.0 -999.0 -999.0} "" -999.0 -999.0 -999.0 -999.0 -999 -999 "" "" "" "" 0 0 0.0 0.0 -999 ""
FIBERMAP 391 R+1C10 APOGEE 0 0 0 1 0 0 -94.64368540152198 28.170493109067735 143.1 4.517735649335041 -98.63975956759059 189.3306 72.299126 -999.0 -999.0 -999.0 -999.0 -999.0 43.68563585014669 -53.32694727061755 43.55277890930262 -53.20710568350688 65.70814366408693 175.6180064152048 -999.0 16600.0 -999.0 2 -999 {-999.0 -999.0 -999.0 -999.0 -999.0} "" -999.0 -999.0 -999.0 -999.0 -999 -999 "" "" "" "" 0 0 0.0 0.0 -999 ""
FIBERMAP 391 R+1C10 BOSS 1 1 0 1 0 0 -94.54358294499546 28.916680055497228 143.1 3.7801582828227436 -98.79058749853209 189.3306 72.299126 43.681640790672255 -53.32772642665032 53.826782 55.095367 9.483893 43.68190829982414 -53.327562893977465 43.549045371955465 -53.20761945633188 65.70788239711037 175.62354730070456 5400.0 5400.0 2016.0 1 30 {-999.0 18.992271 18.788319 18.741146 -999.0} sdss_psfmag_gaia 18.99376 18.782764 18.419285 -999.0 63050395801412794 1143594989 dark_1x3 mwm_wd_pwd_boss_1x3 mwm_wd science 0 0 0.0 0.0 -999 ""
FIBERMAP 391 R+1C10 METROLOGY 0 0 0 1 0 0 -93.95452450956023 28.46127736205714 143.1 4.016524927374565 -98.08456536854395 189.3306 72.299126 -999.0 -999.0 -999.0 -999.0 -999.0 43.68309764546117 -53.32540218358452 43.55024303137361 -53.20548768254218 65.70992094680015 175.62123688556593 -999.0 6231.0 -999.0 -1 -999 {-999.0 -999.0 -999.0 -999.0 -999.0} "" -999.0 -999.0 -999.0 -999.0 -999 -999 "" "" "" "" 0 0 0.0 0.0 -999 ""
FIBERMAP 398 R-5C4 APOGEE 0 0 0 1 0 0 -171.85309680945315 -118.05048619289039 143.1 167.98940891825828 -123.47239780900685 324.14453 36.722275 -999.0 -999.0 -999.0 -999.0 -999.0 44.51655255485735 -53.397106780013694 44.38084379669141 -53.278705782088345 65.57440901363327 174.44817659512552 -999.0 16600.0 -999.0 2 -999 {-999.0 -999.0 -999.0 -999.0 -999.0} "" -999.0 -999.0 -999.0 -999.0 -999 -999 "" "" "" "" 0 0 0.0 0.0 -999 ""
FIBERMAP 398 R-5C4 BOSS 1 1 0 1 0 0 -172.59726385974307 -118.04735762939855 143.1 168.23114999694943 -124.176180922138 324.14453 36.722275 44.51791453398405 -53.39934853653875 -999.0 -999.0 -999.0 44.51791453398405 -53.39934853653875 44.38216747292295 -53.280852934079164 65.57217147334349 174.4470168042292 5400.0 5400.0 2015.5 1 492 {-999.0 -999.0 -999.0 -999.0 -999.0} "" -999.0 -999.0 -999.0 -999.0 27021603157758120 821479823 "" ops_sky_boss_good ops_sky sky_boss 0 0 0.0 0.0 -999 ""
FIBERMAP 398 R-5C4 METROLOGY 0 0 0 1 0 0 -172.23552013585797 -117.40764047561635 143.1 167.5080850478044 -124.044918654212 324.14453 36.722275 -999.0 -999.0 -999.0 -999.0 -999.0 44.51427926400741 -53.39897960265921 44.37855148231694 -53.28050498224077 65.57282177186593 174.4520731351806 -999.0 6231.0 -999.0 -1 -999 {-999.0 -999.0 -999.0 -999.0 -999.0} "" -999.0 -999.0 -999.0 -999.0 -999 -999 "" "" "" "" 0 0 0.0 0.0 -999 ""
FIBERMAP 400 R-2C24 APOGEE 0 0 0 1 0 0 260.655646883109 -38.71750963654369 143.1 -49.1453823600693 258.88125608126734 9.641896 108.97065 -999.0 -999.0 -999.0 -999.0 -999.0 43.41472682016925 -52.24464108953779 43.287818875301866 -52.12462084472337 66.80168804514497 175.72192406030652 -999.0 16600.0 -999.0 2 -999 {-999.0 -999.0 -999.0 -999.0 -999.0} "" -999.0 -999.0 -999.0 -999.0 -999 -999 "" "" "" "" 0 0 0.0 0.0 -999 ""
FIBERMAP 400 R-2C24 BOSS 1 1 0 1 0 0 260.9939903919779 -39.46739795760779 143.1 -48.54847853500419 259.4473476744957 9.641896 108.97065 43.417694212461186 -52.24302932950962 0.31363454 0.023048718 -0.45587388 43.41769573279422 -52.243029261097114 43.290770657962646 -52.12292322726293 66.80318337338934 175.71689118459625 5400.0 5400.0 2016.0 1 335 {-999.0 19.78507 19.170473 18.761997 18.481953} sdss_fiber2mag_from_lsdr10 18.920692 19.465218 17.654171 15.374 63050395801570389 1058446904 dark_flexible_2x1 bhm_spiders_agn_lsdr10 bhm_spiders science 0 0 0.0 0.0 -999 ""
FIBERMAP 400 R-2C24 METROLOGY 0 0 0 1 0 0 260.26656968059984 -39.35635010746252 143.1 -48.41415756624331 258.72389316518706 9.641896 108.97065 -999.0 -999.0 -999.0 -999.0 -999.0 43.418332926429805 -52.24512619834065 43.29140077714533 -52.12504659121541 66.80103090170886 175.716488051569 -999.0 6231.0 -999.0 -1 -999 {-999.0 -999.0 -999.0 -999.0 -999.0} "" -999.0 -999.0 -999.0 -999.0 -999 -999 "" "" "" "" 0 0 0.0 0.0 -999 ""
FIBERMAP 401 R+11C3 APOGEE 0 0 0 1 0 0 -136.17140484288575 195.52005555236556 143.1 -139.8638129947789 -192.8840266684709 310.00818 17.465265 -999.0 -999.0 -999.0 -999.0 -999.0 42.95045038348093 -53.61058467184834 42.81845798552814 -53.48939556705202 65.4699682419419 176.74027593308188 -999.0 16600.0 -999.0 2 5 {-999.0 -999.0 -999.0 -999.0 -999.0} "" -999.0 -999.0 -999.0 -999.0 -999 -999 "" ops_sky_apogee_best_unassigned ops_sky sky_apogee 0 0 0.0 0.0 -999 ""
FIBERMAP 401 R+11C3 BOSS 1 1 0 1 0 0 -136.76727937236956 195.93931579791092 143.1 -140.06380725286334 -193.58460129071122 310.00818 17.465265 42.949403455568415 -53.61281115830798 -999.0 -999.0 -999.0 42.94940345556841 -53.612811158307984 42.81738973284158 -53.491522136728925 65.46790221251052 176.74222936244308 5400.0 5400.0 2015.5 1 5 {-999.0 -999.0 -999.0 -999.0 -999.0} "" -999.0 -999.0 -999.0 -999.0 27021603157674100 821472488 "" ops_sky_boss_good ops_sky sky_boss 0 0 0.0 0.0 -999 ""
FIBERMAP 401 R+11C3 METROLOGY 0 0 0 1 0 0 -136.11694553394108 196.2558423555232 143.1 -140.5765606931902 -193.0745379654531 310.00818 17.465265 -999.0 -999.0 -999.0 -999.0 -999.0 42.94676027906633 -53.611261670397006 42.81476614425736 -53.48999617768149 65.46955315477737 176.74566887975735 -999.0 6231.0 -999.0 -1 -999 {-999.0 -999.0 -999.0 -999.0 -999.0} "" -999.0 -999.0 -999.0 -999.0 -999 -999 "" "" "" "" 0 0 0.0 0.0 -999 ""
FIBERMAP 403 R-11C5 APOGEE 0 0 0 1 0 0 -93.0193427336669 -217.28136149665352 143.1 235.77615763417108 -16.396817379999046 209.27837 101.66522 -999.0 -999.0 -999.0 -999.0 -999.0 44.8494041862785 -53.069218577361426 44.714333326784015 -52.951498296763944 65.86826258134293 173.8485773305514 -999.0 16600.0 -999.0 2 188 {-999.0 -999.0 -999.0 -999.0 -999.0} "" -999.0 -999.0 -999.0 -999.0 -999 -999 "" ops_sky_apogee_best_unassigned ops_sky sky_apogee 0 0 0.0 0.0 -999 ""
FIBERMAP 403 R-11C5 BOSS 1 1 0 1 0 0 -93.54036128262771 -216.72247740731515 143.1 235.4196955602765 -17.072612570126562 209.27837 101.66522 44.84776365996616 -53.07138189029402 -999.0 -999.0 -999.0 44.84776365996616 -53.07138189029402 44.71266217949574 -52.95356320087809 65.86637935261402 173.85179532061585 5400.0 5400.0 2015.5 1 385 {-999.0 -999.0 -999.0 -999.0 -999.0} "" -999.0 -999.0 -999.0 -999.0 27021603157758523 821479863 "" ops_sky_boss_good ops_sky sky_boss 0 0 0.0 0.0 -999 ""
FIBERMAP 403 R-11C5 METROLOGY 0 0 0 1 0 0 -92.79025321755765 -216.57545970614808 143.1 235.03421029718436 -16.412589855816798 209.27837 101.66522 -999.0 -999.0 -999.0 -999.0 -999.0 44.84582760714751 -53.06938222218175 44.710748751489234 -52.95158752073787 65.86851019792495 173.8538295445269 -999.0 6231.0 -999.0 -1 -999 {-999.0 -999.0 -999.0 -999.0 -999.0} "" -999.0 -999.0 -999.0 -999.0 -999 -999 "" "" "" "" 0 0 0.0 0.0 -999 ""
FIBERMAP 405 R+10C6 APOGEE 0 0 0 1 0 0 -64.9848888832192 176.96883661399542 143.1 -145.75237310309387 -119.55904306859057 307.66345 84.11111 -999.0 -999.0 -999.0 -999.0 -999.0 42.92225328883081 -53.38894480854941 42.79142112860052 -53.26776747169077 65.69216922206132 176.73442399096197 -999.0 16600.0 -999.0 2 -999 {-999.0 -999.0 -999.0 -999.0 -999.0} "" -999.0 -999.0 -999.0 -999.0 -999 -999 "" "" "" "" 0 0 0.0 0.0 -999 ""
FIBERMAP 405 R+10C6 BOSS 1 1 0 1 0 0 -65.61688264222423 176.58997957474116 143.1 -145.18678840173558 -120.03129154837458 307.66345 84.11111 42.9250426709022 -53.390524746238874 -999.0 -999.0 -999.0 42.9250426709022 -53.390524746238874 42.79418087236015 -53.26925524462879 65.69054907361809 176.73072970155442 5400.0 5400.0 2016.0 1 124 {-999.0 21.140884 21.174133 20.995491 20.804743} sdss_psfmag_from_lsdr10 1e+20 1e+20 1e+20 -999.0 63050396674762571 1131238349 dark_flexible_3x1 bhm_spiders_agn_lsdr10_d3 bhm_spiders science 0 0 0.0 0.0 -999 ""
FIBERMAP 405 R+10C6 METROLOGY 0 0 0 1 0 0 -65.6405470496632 177.32885131587773 143.1 -145.87676087627923 -120.29659338439632 307.66345 84.11111 -999.0 -999.0 -999.0 -999.0 -999.0 42.9215019750361 -53.39129567060386 42.79065113043765 -53.27004724131564 65.68993571829333 176.7359999381685 -999.0 6231.0 -999.0 -1 -999 {-999.0 -999.0 -999.0 -999.0 -999.0} "" -999.0 -999.0 -999.0 -999.0 -999 -999 "" "" "" "" 0 0 0.0 0.0 -999 ""
FIBERMAP 406 R-1C24 APOGEE 0 0 0 1 0 0 241.8283632876814 -33.43933021640104 143.1 -47.939082555931414 239.3661444461054 311.69827 99.48584 -999.0 -999.0 -999.0 -999.0 -999.0 43.420507382917485 -52.30325403325831 43.29331121932978 -52.18322807206013 66.7430544788045 175.7292146960493 -999.0 16600.0 -999.0 2 204 {-999.0 -999.0 -999.0 -999.0 -999.0} "" -999.0 -999.0 -999.0 -999.0 -999 -999 "" ops_sky_apogee_best_unassigned ops_sky sky_apogee 0 0 0.0 0.0 -999 ""
FIBERMAP 406 R-1C24 BOSS 1 1 0 1 0 0 241.38580629158923 -34.03489256639491 143.1 -47.231142349021646 239.14404724416366 311.69827 99.48584 43.42399896544263 -52.304002983265455 3.6947422 5.427763 0.34845418 43.42401690023016 -52.30398687274508 43.296791226284 -52.18387519719316 66.74218425386871 175.72401583194906 5400.0 5400.0 2016.0 1 287 {-999.0 17.06441 16.655811 16.526041 -999.0} sdss_psfmag_gaia 16.999876 16.681189 16.201967 15.333 63050395801570095 979971221 "" ops_std_boss ops_std standard_boss 0 0 0.0 0.0 -999 ""
FIBERMAP 406 R-1C24 METROLOGY 0 0 0 1 0 0 241.08938399623815 -33.344902664851666 143.1 -47.78526553357852 238.63723964185584 311.69827 99.48584 -999.0 -999.0 -999.0 -999.0 -999.0 43.421252842835024 -52.30544614383528 43.2940328898253 -52.185355214861524 66.74089237005023 175.72867269689985 -999.0 6231.0 -999.0 -1 -999 {-999.0 -999.0 -999.0 -999.0 -999.0} "" -999.0 -999.0 -999.0 -999.0 -999 -999 "" "" "" "" 0 0 0.0 0.0 -999 ""
FIBERMAP 407 R-6C15 APOGEE 0 0 0 1 0 0 79.9473993314153 -120.72150455903221 143.1 87.71524449598289 115.19375790655353 182.99243 136.71744 -999.0 -999.0 -999.0 -999.0 -999.0 44.09839263478619 -52.676535320636084 43.96744737101653 -52.55759170590759 66.32268569693045 174.81390712533124 -999.0 16600.0 -999.0 2 200 {-999.0 -999.0 -999.0 -999.0 -999.0} "" -999.0 -999.0 -999.0 -999.0 -999 -999 "" ops_sky_apogee_best_unassigned ops_sky sky_apogee 0 0 0.0 0.0 -999 ""
FIBERMAP 407 R-6C15 BOSS 1 1 0 1 0 0 79.38693533270711 -120.24118167300253 143.1 87.44594209365287 114.5065447332981 182.99243 136.71744 44.097167620565294 -52.67866318901027 -999.0 -999.0 -999.0 44.09716762056529 -52.67866318901027 43.96619570851599 -52.55962361501269 66.3207699434696 174.81644355300315 5400.0 5400.0 2016.0 1 282 {-999.0 20.457067 19.49701 19.09092 18.744263} sdss_fiber2mag_from_lsdr10 19.275414 20.963314 17.757597 15.695 63050395801552115 1128180013 dark_flexible_3x1 bhm_spiders_clusters_lsdr10_d3 bhm_spiders science 0 0 0.0 0.0 -999 ""
FIBERMAP 407 R-6C15 METROLOGY 0 0 0 1 0 0 80.08274444754439 -119.98549660133149 143.1 86.97569123896622 115.07955842710804 182.99243 136.71744 -999.0 -999.0 -999.0 -999.0 -999.0 44.09479697554306 -52.676899656829335 43.96384615989882 -52.55788282029043 66.32268155962717 174.81940698814512 -999.0 6231.0 -999.0 -1 -999 {-999.0 -999.0 -999.0 -999.0 -999.0} "" -999.0 -999.0 -999.0 -999.0 -999 -999 "" "" "" "" 0 0 0.0 0.0 -999 ""
FIBERMAP 408 R+13C11 APOGEE 0 0 0 1 0 0 60.64703423495692 259.5981714932152 143.1 -265.09345180213467 -28.08851202704504 202.41768 63.70435 -999.0 -999.0 -999.0 -999.0 -999.0 42.32596968110749 -53.10737594025614 42.19830116915608 -52.98525928356403 65.9997995224337 177.55172197313 -999.0 16600.0 -999.0 2 96 {-999.0 -999.0 -999.0 -999.0 -999.0} "" -999.0 -999.0 -999.0 -999.0 -999 -999 "" ops_sky_apogee_best_unassigned ops_sky sky_apogee 0 0 0.0 0.0 -999 ""
FIBERMAP 408 R+13C11 BOSS 1 1 0 1 0 0 60.733341351355314 260.3270666154598 143.1 -265.8101634726335 -28.24668172827074 202.41768 63.70435 42.322390340209154 -53.10791360768943 -999.0 -999.0 -999.0 42.322390340209154 -53.10791360768943 42.19472045695141 -52.98569546627687 65.99949779352254 177.55707808666824 5400.0 5400.0 2016.0 1 170 {-999.0 20.162964 19.225863 18.84239 18.50728} sdss_fiber2mag_from_lsdr10 19.079998 20.523191 17.661028 15.316 63050395801431959 1128178958 dark_flexible_3x1 bhm_spiders_clusters_lsdr10_d3 bhm_spiders science 0 0 0.0 0.0 -999 ""
FIBERMAP 408 R+13C11 METROLOGY 0 0 0 1 0 0 61.33152985931024 259.8927564658805 143.1 -265.5967177108276 -27.538973220044927 202.41768 63.70435 -999.0 -999.0 -999.0 -999.0 -999.0 42.32342442476901 -53.10576158428091 42.19576422593701 -52.98357278226108 66.00157748063471 177.5552128044923 -999.0 6231.0 -999.0 -1 -999 {-999.0 -999.0 -999.0 -999.0 -999.0} "" -999.0 -999.0 -999.0 -999.0 -999 -999 "" "" "" "" 0 0 0.0 0.0 -999 ""
FIBERMAP 418 R-5C2 APOGEE 0 0 0 1 0 0 -201.37549253633503 -90.71641881595565 143.1 151.88396971188678 -160.33981539072414 29.917377 116.34325 -999.0 -999.0 -999.0 -999.0 -999.0 44.43706692025903 -53.50933309927801 44.30103646277655 -53.39076087772882 65.47011333339564 174.59985890105023 -999.0 16600.0 -999.0 2 -999 {-999.0 -999.0 -999.0 -999.0 -999.0} "" -999.0 -999.0 -999.0 -999.0 -999 -999 "" "" "" "" 0 0 0.0 0.0 -999 ""
FIBERMAP 418 R-5C2 BOSS 1 1 0 1 0 0 -200.77276388139902 -91.12219269051371 143.1 152.068974351357 -159.63720263483586 29.917377 116.34325 44.438041519995934 -53.50733073395644 0.23930754 -0.07013457 0.10110636 44.43804271434849 -53.507330942127716 44.30199675545679 -53.38866409810013 65.47211100058249 174.59779555743754 5400.0 5400.0 2016.0 1 454 {-999.0 18.899841 18.804594 18.551308 18.308714} sdss_psfmag_from_lsdr10 18.829699 18.632532 18.164276 -999.0 63050395801544876 1131238376 dark_flexible_3x1 bhm_spiders_agn_lsdr10_d3 bhm_spiders science 0 0 0.0 0.0 -999 ""
FIBERMAP 418 R-5C2 METROLOGY 0 0 0 1 0 0 -201.41629752690508 -91.46330111561248 143.1 152.60270565988364 -160.132761234716 29.917377 116.34325 -999.0 -999.0 -999.0 -999.0 -999.0 44.44081231898933 -53.50879627808054 44.304757005994986 -53.39016138076521 65.4704007384902 174.5943663928218 -999.0 6231.0 -999.0 -1 -999 {-999.0 -999.0 -999.0 -999.0 -999.0} "" -999.0 -999.0 -999.0 -999.0 -999 -999 "" "" "" "" 0 0 0.0 0.0 -999 ""
FIBERMAP 420 R+1C6 APOGEE 0 0 0 1 0 0 -168.37270465025725 5.375301001175128 143.1 50.287812776853734 -160.77031178099173 275.43668 109.49675 -999.0 -999.0 -999.0 -999.0 -999.0 43.92002718132955 -53.51433572419383 43.78553748810674 -53.394852476004175 65.5055983293388 175.3359135954957 -999.0 16600.0 -999.0 2 -999 {-999.0 -999.0 -999.0 -999.0 -999.0} "" -999.0 -999.0 -999.0 -999.0 -999 -999 "" "" "" "" 0 0 0.0 0.0 -999 ""
FIBERMAP 420 R+1C6 BOSS 1 1 0 1 0 0 -169.05252832005462 5.042913518023189 143.1 50.825241275202835 -161.30300847947606 275.43668 109.49675 43.92254777265401 -53.5163393880051 56.117035 83.68775 19.709646 43.92282790331993 -53.51609098826893 43.78830924342071 -53.39651719910718 65.50374832981916 175.33243487090203 5400.0 5400.0 2016.0 1 20 {-999.0 nan nan nan nan} undefined 18.409216 16.182398 14.814058 12.062 63050395801412221 1059480636 bright_flexible_2x1 bhm_spiders_agn_gaiadr3 bhm_spiders science 0 0 0.0 0.0 -999 ""
FIBERMAP 420 R+1C6 METROLOGY 0 0 0 1 0 0 -168.99808748709572 5.78566001982095 143.1 50.10592725845629 -161.4958256986118 275.43668 109.49675 -999.0 -999.0 -999.0 -999.0 -999.0 43.91917842587386 -53.51668403007427 43.7846656831108 -53.397129145531956 65.50339987884118 175.337813097126 -999.0 6231.0 -999.0 -1 -999 {-999.0 -999.0 -999.0 -999.0 -999.0} "" -999.0 -999.0 -999.0 -999.0 -999 -999 "" "" "" "" 0 0 0.0 0.0 -999 ""
FIBERMAP 426 R+3C15 APOGEE 0 0 0 1 0 0 71.35546772864254 53.73013295849494 143.1 -74.20303160827336 49.71712199203621 3.42192 95.30864 -999.0 -999.0 -999.0 -999.0 -999.0 43.28724886518727 -52.87668873383039 43.157759115303406 -52.756277901232515 66.18148095832395 176.08194295752074 -999.0 16600.0 -999.0 2 -999 {-999.0 -999.0 -999.0 -999.0 -999.0} "" -999.0 -999.0 -999.0 -999.0 -999 -999 "" "" "" "" 0 0 0.0 0.0 -999 ""
FIBERMAP 426 R+3C15 BOSS 1 1 0 1 0 0 71.48265258796768 52.99357475575084 143.1 -73.54928331480552 50.07942266582701 3.42192 95.30864 43.29048465864662 -52.875657803034294 0.08141031 0.0259438 -0.18927106 43.29048505901256 -52.875657726028706 43.160975070078536 -52.755158577728324 66.18240251949709 176.07687307685316 5400.0 5400.0 2016.0 1 205 {-999.0 19.418556 19.089739 18.953203 18.850182} sdss_psfmag_from_lsdr10 19.342789 19.008081 18.525816 -999.0 63050395801551761 1131242604 dark_flexible_3x1 bhm_spiders_agn_lsdr10_d3 bhm_spiders science 0 0 0.0 0.0 -999 ""
FIBERMAP 426 R+3C15 METROLOGY 0 0 0 1 0 0 70.78011174871172 53.25215417951627 143.1 -73.56246478378876 49.33095243104926 3.42192 95.30864 -999.0 -999.0 -999.0 -999.0 -999.0 43.29039332827777 -52.877898633094574 43.16087734025672 -52.757425405456544 66.18015263925341 176.0775736422765 -999.0 6231.0 -999.0 -1 -999 {-999.0 -999.0 -999.0 -999.0 -999.0} "" -999.0 -999.0 -999.0 -999.0 -999 -999 "" "" "" "" 0 0 0.0 0.0 -999 ""
FIBERMAP 427 R+3C22 APOGEE 1 1 0 1 0 0 199.21892987694721 41.86894386228682 143.1 -105.04572489703736 174.36519493854902 293.23026 37.76809 43.13591913627401 -52.49899419684712 -3.3926554 -3.2215197 1.732513 43.1359025949056 -52.499003758861605 43.00863740043135 -52.37843375985689 66.56631589515612 176.2159422405253 16000.0 16600.0 2016.0 2 115 {-999.0 12.100627 11.77026 11.63965 -999.0} sdss_psfmag_from_g3xp 12.046834 11.8178835 11.30858 10.587 63050395801569907 975120118 "" ops_std_apogee ops_std standard_apogee 0 0 0.0 0.0 -999 ""
FIBERMAP 427 R+3C22 BOSS 0 0 0 1 0 0 198.5922277465322 42.26611737105691 143.1 -105.21472486758223 173.64277077892572 293.23026 37.76809 -999.0 -999.0 -999.0 -999.0 -999.0 43.13500910979614 -52.501230158942555 43.007721140986064 -52.38056531246502 66.56424675078743 176.21784885319497 -999.0 5400.0 -999.0 1 200 {-999.0 -999.0 -999.0 -999.0 -999.0} "" -999.0 -999.0 -999.0 -999.0 -999 -999 "" "" "" "" 0 0 0.0 0.0 -999 ""
FIBERMAP 427 R+3C22 METROLOGY 0 0 0 1 0 0 199.24073599576928 42.616125193576714 143.1 -105.7584960641937 174.14010086511436 293.23026 37.76809 -999.0 -999.0 -999.0 -999.0 -999.0 43.13229390592308 -52.49967408290669 43.00502530104893 -52.37903120586298 66.5659294280933 176.22160375900788 -999.0 6231.0 -999.0 -1 -999 {-999.0 -999.0 -999.0 -999.0 -999.0} "" -999.0 -999.0 -999.0 -999.0 -999 -999 "" "" "" "" 0 0 0.0 0.0 -999 ""
FIBERMAP 429 R-3C5 APOGEE 1 1 0 1 0 0 -162.52132887726967 -39.65466373637757 143.1 90.88783614617746 -140.43789925119776 119.42153 62.784214 44.12604003296153 -53.4517121307361 8.064225 -1.1561698 1.9395534 44.126080227730384 -53.45171556243688 43.99127711417105 -53.332610906722955 65.55224770781555 175.0232836552234 16000.0 16600.0 2016.0 2 289 {-999.0 12.017945 11.5906925 11.466578 -999.0} sdss_psfmag_from_g3xp 11.941418 11.621326 11.1363735 10.302 63050395801549516 975120145 "" ops_std_apogee ops_std standard_apogee 0 0 0.0 0.0 -999 ""
FIBERMAP 429 R-3C5 BOSS 0 0 0 1 0 0 -161.78953365055384 -39.62256607127712 143.1 90.61689724614865 -139.7573824923607 119.42153 62.784214 -999.0 -999.0 -999.0 -999.0 -999.0 44.124757184561005 -53.449816944014145 43.98994597138426 -53.33061360066566 65.55432980527831 175.02457589536033 -999.0 5400.0 -999.0 1 474 {-999.0 -999.0 -999.0 -999.0 -999.0} "" -999.0 -999.0 -999.0 -999.0 -999 -999 "" "" "" "" 0 0 0.0 0.0 -999 ""
FIBERMAP 429 R-3C5 METROLOGY 0 0 0 1 0 0 -162.10696591413355 -40.28488298567156 143.1 91.34673387945297 -139.83936801036987 119.42153 62.784214 -999.0 -999.0 -999.0 -999.0 -999.0 44.12848597213925 -53.450030313353196 43.99366828393829 -53.33086086320648 65.5538020881713 175.01932377162947 -999.0 6231.0 -999.0 -1 -999 {-999.0 -999.0 -999.0 -999.0 -999.0} "" -999.0 -999.0 -999.0 -999.0 -999 -999 "" "" "" "" 0 0 0.0 0.0 -999 ""
FIBERMAP 434 R+1C15 APOGEE 0 0 0 1 0 0 48.192407579534176 8.302653259941163 143.1 -23.687145390514118 42.78045303115386 359.0588 73.52146 -999.0 -999.0 -999.0 -999.0 -999.0 43.541349176004964 -52.89778842158555 43.41099873522313 -52.7778120182776 66.14421367643652 175.71034905861865 -999.0 16600.0 -999.0 2 -999 {-999.0 -999.0 -999.0 -999.0 -999.0} "" -999.0 -999.0 -999.0 -999.0 -999 -999 "" "" "" "" 0 0 0.0 0.0 -999 ""
FIBERMAP 434 R+1C15 BOSS 1 1 0 1 0 0 47.940476337663185 7.536050372710841 143.1 -22.880364182865222 42.79461453080084 359.0588 73.52146 43.54528103507736 -52.89773248761715 24.785917 -25.761023 1.4612564 43.54540299148139 -52.897808950628935 43.41502395648109 -52.77774547098145 66.14401636014557 175.70434621058757 5400.0 5400.0 2016.0 1 197 {-999.0 20.352877 20.383509 20.43555 -999.0} sdss_psfmag_gaia 20.432167 20.325514 20.129324 -999.0 63050395801551431 1092494230 dark_flexible_2x1 mwm_cb_galex_vol_boss mwm_cb science 0 0 0.0 0.0 -999 ""
FIBERMAP 434 R+1C15 METROLOGY 0 0 0 1 0 0 47.466757417449905 8.121186846896862 143.1 -23.27717067497917 42.15485450247498 359.0588 73.52146 -999.0 -999.0 -999.0 -999.0 -999.0 43.54340132039129 -52.89972357704456 43.41302335237759 -52.77968265976348 66.14222154105391 175.70783910938846 -999.0 6231.0 -999.0 -1 -999 {-999.0 -999.0 -999.0 -999.0 -999.0} "" -999.0 -999.0 -999.0 -999.0 -999 -999 "" "" "" "" 0 0 0.0 0.0 -999 ""
FIBERMAP 435 R-5C3 APOGEE 0 0 0 1 0 0 -173.00579360810713 -95.93048431952512 143.1 147.47940576200642 -131.83440268363574 34.39284 82.14276 -999.0 -999.0 -999.0 -999.0 -999.0 44.413121969063 -53.42341480252577 44.27759290858694 -53.30482360868344 65.55715924923058 174.6047300192288 -999.0 16600.0 -999.0 2 243 {-999.0 -999.0 -999.0 -999.0 -999.0} "" -999.0 -999.0 -999.0 -999.0 -999 -999 "" ops_sky_apogee_best_unassigned ops_sky sky_apogee 0 0 0.0 0.0 -999 ""
FIBERMAP 435 R-5C3 BOSS 1 1 0 1 0 0 -172.66866191618405 -96.59206340138586 143.1 147.99331319685533 -131.29849313960418 34.39284 82.14276 44.415793234873746 -53.42190360394221 -999.0 -999.0 -999.0 44.415793234873746 -53.42190360394221 44.28024123826819 -53.303221022012416 65.55852873793157 174.60040862997212 5400.0 5400.0 2015.5 1 500 {-999.0 -999.0 -999.0 -999.0 -999.0} "" -999.0 -999.0 -999.0 -999.0 27021603157758112 813530771 "" ops_sky_boss_good ops_sky sky_boss 0 0 0.0 0.0 -999 ""
FIBERMAP 435 R-5C3 METROLOGY 0 0 0 1 0 0 -173.41535651559164 -96.55526609756858 143.1 148.20409029386823 -132.01573403317568 34.39284 82.14276 -999.0 -999.0 -999.0 -999.0 -999.0 44.41692993461134 -53.42405264943903 44.28137013697278 -53.30539883924662 65.55627876589645 174.59951867307197 -999.0 6231.0 -999.0 -1 -999 {-999.0 -999.0 -999.0 -999.0 -999.0} "" -999.0 -999.0 -999.0 -999.0 -999 -999 "" "" "" "" 0 0 0.0 0.0 -999 ""
FIBERMAP 438 R+12C2 APOGEE 0 0 0 1 0 0 -150.22812621395258 227.5717206470905 143.1 -165.50970954422613 -216.69766102590322 223.78584 88.755775 -999.0 -999.0 -999.0 -999.0 -999.0 42.81940858244011 -53.68137643604865 42.68747680797571 -53.55994372902858 65.4059651116152 176.94074004980453 -999.0 16600.0 -999.0 2 6 {-999.0 -999.0 -999.0 -999.0 -999.0} "" -999.0 -999.0 -999.0 -999.0 -999 -999 "" ops_sky_apogee_best_unassigned ops_sky sky_apogee 0 0 0.0 0.0 -999 ""
FIBERMAP 438 R+12C2 BOSS 1 1 0 1 0 0 -150.74729192570322 228.08429579645946 143.1 -165.823049002547 -217.35647927452683 223.78584 88.755775 42.81782201966899 -53.68343546247144 -999.0 -999.0 -999.0 42.81782201966899 -53.68343546247143 42.68587218560699 -53.561901638717295 65.40408810669594 176.9433924659452 5400.0 5400.0 2015.5 1 6 {-999.0 -999.0 -999.0 -999.0 -999.0} "" -999.0 -999.0 -999.0 -999.0 27021603157673995 813517427 "" ops_sky_boss_good ops_sky sky_boss 0 0 0.0 0.0 -999 ""
FIBERMAP 438 R+12C2 METROLOGY 0 0 0 1 0 0 -150.01711098602414 228.28919880068077 143.1 -166.25664587157243 -216.73430847820646 223.78584 88.755775 -999.0 -999.0 -999.0 -999.0 -999.0 42.81557244465613 -53.68156060848832 42.68364238113816 -53.56005118187642 65.40603678376736 176.9462159296691 -999.0 6231.0 -999.0 -1 -999 {-999.0 -999.0 -999.0 -999.0 -999.0} "" -999.0 -999.0 -999.0 -999.0 -999 -999 "" "" "" "" 0 0 0.0 0.0 -999 ""
FIBERMAP 439 R-6C3 APOGEE 0 0 0 1 0 0 -183.69276026373868 -124.51801290264976 143.1 177.99011451073414 -132.52654831992695 202.03441 150.13023 -999.0 -999.0 -999.0 -999.0 -999.0 44.56776187360781 -53.42393896286523 44.431765310946844 -53.305621437403964 65.54343474508988 174.3846218280098 -999.0 16600.0 -999.0 2 244 {-999.0 -999.0 -999.0 -999.0 -999.0} "" -999.0 -999.0 -999.0 -999.0 -999 -999 "" ops_sky_apogee_best_unassigned ops_sky sky_apogee 0 0 0.0 0.0 -999 ""
FIBERMAP 439 R-6C3 BOSS 1 1 0 1 0 0 -184.43091658244836 -124.37377583854645 143.1 178.09662329616907 -133.27105421508716 202.03441 150.13023 44.56833886218838 -53.42629148197105 18.467178 -4.345243 1.9123932 44.56843085369005 -53.42630437935215 44.43239785910092 -53.30789106677949 65.5411343841325 174.38450339374904 5400.0 5400.0 2016.0 1 501 {-999.0 20.88773 18.924215 17.268383 -999.0} sdss_psfmag_gaia 19.738731 17.999165 16.776443 14.656 63050395801545040 1075862248 dark_flexible_2x1 mwm_erosita_stars_boss mwm_erosita science 0 0 0.0 0.0 -999 ""
FIBERMAP 439 R-6C3 METROLOGY 0 0 0 1 0 0 -183.92689755680107 -123.80450968767803 143.1 177.3933060899948 -132.98226866222515 202.03441 150.13023 -999.0 -999.0 -999.0 -999.0 -999.0 44.56489155804923 -53.42546340214975 44.428879256477046 -53.30707120494542 65.54224676075364 174.3892455686365 -999.0 6231.0 -999.0 -1 -999 {-999.0 -999.0 -999.0 -999.0 -999.0} "" -999.0 -999.0 -999.0 -999.0 -999 -999 "" "" "" "" 0 0 0.0 0.0 -999 ""
FIBERMAP 441 R-2C4 APOGEE 0 0 0 1 0 0 -204.4465434631598 -59.304067136337835 143.1 123.22952254275762 -173.56891067864123 318.86337 46.94553 -999.0 -999.0 -999.0 -999.0 -999.0 44.29207618794046 -53.550605777340074 44.15627744023783 -53.43176626239212 65.44115712967228 174.81902226495737 -999.0 16600.0 -999.0 2 -999 {-999.0 -999.0 -999.0 -999.0 -999.0} "" -999.0 -999.0 -999.0 -999.0 -999 -999 "" "" "" "" 0 0 0.0 0.0 -999 ""
FIBERMAP 441 R-2C4 BOSS 1 1 0 1 0 0 -205.1583517601141 -59.39839921152275 143.1 123.55266046453957 -174.2100889784355 318.86337 46.94553 44.293221438483634 -53.55264008090475 35.780567 -7.9174085 0.67278975 44.293820975104886 -53.55266358097958 44.15798513429511 -53.43372952730781 65.43907631958459 174.81722236270008 5400.0 5400.0 2016.0 1 472 {-999.0 16.075195 15.6251545 15.478559 -999.0} sdss_psfmag_gaia 15.992778 15.655046 15.150496 14.231 63050395801544932 1136504346 dark_flexible_3x1 mwm_halo_local_high_boss_triple mwm_halo science 0 0 0.8999001383781433 0.0 -999 ""
FIBERMAP 441 R-2C4 METROLOGY 0 0 0 1 0 0 -204.89126801327117 -58.702636931472526 143.1 122.80779518954789 -174.18664753687284 318.86337 46.94553 -999.0 -999.0 -999.0 -999.0 -999.0 44.29005370348215 -53.552622791754814 44.154235378649446 -53.43370956101873 65.43939216808724 174.8225429836537 -999.0 6231.0 -999.0 -1 -999 {-999.0 -999.0 -999.0 -999.0 -999.0} "" -999.0 -999.0 -999.0 -999.0 -999 -999 "" "" "" "" 0 0 0.0 0.0 -999 ""
FIBERMAP 442 R+13C12 APOGEE 0 0 0 1 0 0 89.89403087627133 268.10027257302016 143.1 -282.73935322504275 -3.2647457374474924 171.44318 62.398926 -999.0 -999.0 -999.0 -999.0 -999.0 42.239942052639385 -53.031436896189945 42.1128915645574 -52.90919528748648 66.07883964474983 177.66687375914566 -999.0 16600.0 -999.0 2 59 {-999.0 -999.0 -999.0 -999.0 -999.0} "" -999.0 -999.0 -999.0 -999.0 -999 -999 "" ops_sky_apogee_best_unassigned ops_sky sky_apogee 0 0 0.0 0.0 -999 ""
FIBERMAP 442 R+13C12 BOSS 1 1 0 1 0 0 90.32551269028484 268.7129651166552 143.1 -283.4598286161573 -3.0587401035559623 171.44318 62.398926 42.236422511230415 -53.03087257070432 -999.0 -999.0 -999.0 42.236422511230415 -53.03087257070432 42.10937613593186 -52.90853022746634 66.07962855979957 177.67199669648656 5400.0 5400.0 2016.0 1 97 {-999.0 -999.0 -999.0 -999.0 -999.0} "" -999.0 -999.0 -999.0 -999.0 63050396674746904 1167078817 dark_1x1 openfibertargets_bhm_iragn2_boss open_fiber science 0 0 0.0 0.0 -999 ""
FIBERMAP 442 R+13C12 METROLOGY 0 0 0 1 0 0 90.63888883794806 268.0248303776649 143.1 -282.9130320871408 -2.5365321364354423 171.44318 62.398926 -999.0 -999.0 -999.0 -999.0 -999.0 42.23909159017078 -53.029294801950655 42.112047022893705 -52.906984302425506 66.08107683557486 177.6678059473952 -999.0 6231.0 -999.0 -1 -999 {-999.0 -999.0 -999.0 -999.0 -999.0} "" -999.0 -999.0 -999.0 -999.0 -999 -999 "" "" "" "" 0 0 0.0 0.0 -999 ""
FIBERMAP 445 R-4C10 APOGEE 0 0 0 1 0 0 -56.613668511205645 -77.92411082049807 143.1 92.20325283567314 -27.840283342397903 170.29198 127.91212 -999.0 -999.0 -999.0 -999.0 -999.0 44.127894782241825 -53.11035227815465 43.99476544287404 -52.991343235441725 65.89044345059204 174.91205244006025 -999.0 16600.0 -999.0 2 -999 {-999.0 -999.0 -999.0 -999.0 -999.0} "" -999.0 -999.0 -999.0 -999.0 -999 -999 "" "" "" "" 0 0 0.0 0.0 -999 ""
FIBERMAP 445 R-4C10 BOSS 1 1 0 1 0 0 -56.97294459372965 -77.25100932481683 143.1 91.68574568050214 -28.400893725909 170.29198 127.91212 44.125389656888466 -53.11219394171449 5.0216017 4.7292457 0.45742244 44.12541448813908 -53.112179904510505 43.992263315005836 -52.99307088931683 65.88892415549367 174.91625339013729 5400.0 5400.0 2016.0 1 360 {-999.0 16.735235 16.379536 16.27112 -999.0} sdss_psfmag_gaia 16.687029 16.398275 15.946102 15.038 63050395801550120 977122823 "" ops_std_boss ops_std standard_boss 0 0 0.0 0.0 -999 ""
FIBERMAP 445 R-4C10 METROLOGY 0 0 0 1 0 0 -56.2282865852231 -77.28303439141798 143.1 91.47113158758668 -27.687145285196312 170.29198 127.91212 -999.0 -999.0 -999.0 -999.0 -999.0 44.12430543826534 -53.10999487334724 43.991173865007 -52.99091142965986 65.89115006082498 174.91716485306105 -999.0 6231.0 -999.0 -1 -999 {-999.0 -999.0 -999.0 -999.0 -999.0} "" -999.0 -999.0 -999.0 -999.0 -999 -999 "" "" "" "" 0 0 0.0 0.0 -999 ""
FIBERMAP 449 R-10C16 APOGEE 0 0 0 1 0 0 169.15644986265266 -185.7494076317148 143.1 119.79082128934773 220.82069904037112 46.898365 103.443535 -999.0 -999.0 -999.0 -999.0 -999.0 44.25153682006203 -52.356820418110956 44.12166456763845 -52.23823245542133 66.62658726077817 174.47324733967287 -999.0 16600.0 -999.0 2 -999 {-999.0 -999.0 -999.0 -999.0 -999.0} "" -999.0 -999.0 -999.0 -999.0 -999 -999 "" "" "" "" 0 0 0.0 0.0 -999 ""
FIBERMAP 449 R-10C16 BOSS 1 1 0 1 0 0 169.89826716893296 -186.23617918141832 143.1 120.00658125307815 221.6812937028008 46.898365 103.443535 44.252577361015874 -52.35430361277117 -999.0 -999.0 -999.0 44.252577361015874 -52.354303612771176 44.12269319994357 -52.23562638417841 66.62908190684432 174.47077087904913 5400.0 5400.0 2016.0 1 333 {-999.0 23.498425 22.38935 21.53393 20.999243} sdss_fiber2mag_from_lsdr10 1e+20 1e+20 1e+20 -999.0 63050398104816424 1131248933 dark_flexible_3x1 bhm_spiders_agn_lsdr10_d3 bhm_spiders science 0 0 0.0 0.0 -999 ""
FIBERMAP 449 R-10C16 METROLOGY 0 0 0 1 0 0 169.17861638269144 -186.49707524649122 143.1 120.4895926822693 221.08747858774603 46.898365 103.443535 -999.0 -999.0 -999.0 -999.0 -999.0 44.255035451976084 -52.356013661309824 44.12514192370139 -52.237366309068975 66.6271521497087 174.46763022058508 -999.0 6231.0 -999.0 -1 -999 {-999.0 -999.0 -999.0 -999.0 -999.0} "" -999.0 -999.0 -999.0 -999.0 -999 -999 "" "" "" "" 0 0 0.0 0.0 -999 ""
FIBERMAP 453 R+7C19 APOGEE 0 0 0 1 0 0 193.0207656880981 121.39098423356806 143.1 -178.1043203222935 142.36367652580168 291.97473 106.43297 -999.0 -999.0 -999.0 -999.0 -999.0 42.77136157465261 -52.59469548498865 42.6447361256333 -52.47347422260004 66.49104329677039 176.79181242370265 -999.0 16600.0 -999.0 2 -999 {-999.0 -999.0 -999.0 -999.0 -999.0} "" -999.0 -999.0 -999.0 -999.0 -999 -999 "" "" "" "" 0 0 0.0 0.0 -999 ""
FIBERMAP 453 R+7C19 BOSS 1 1 0 1 0 0 192.43401324169778 120.93492422332297 143.1 -177.48070513029117 141.95953742195317 291.97473 106.43297 42.77439614358458 -52.59599653077922 -999.0 -999.0 -999.0 42.77439614358458 -52.59599653077922 42.647743315740854 -52.47468712870688 66.48968704781907 176.78747984885484 5400.0 5400.0 2016.0 1 249 {-999.0 20.912668 20.76023 20.627563 20.549042} sdss_psfmag_from_gaiadr2 20.492037 20.751595 19.9713 -999.0 63050395801432977 1130302478 dark_flexible_3x1 bhm_gua_dark_d3 bhm_filler science 0 0 0.0 0.0 -999 ""
FIBERMAP 453 R+7C19 METROLOGY 0 0 0 1 0 0 192.33090226871013 121.68009784339378 143.1 -178.15050532350966 141.61713802570551 291.97473 106.43297 -999.0 -999.0 -999.0 -999.0 -999.0 42.771000175111 -52.5969694297734 42.644356464264206 -52.47568030814531 66.48886291874648 176.79283453757876 -999.0 6231.0 -999.0 -1 -999 {-999.0 -999.0 -999.0 -999.0 -999.0} "" -999.0 -999.0 -999.0 -999.0 -999 -999 "" "" "" "" 0 0 0.0 0.0 -999 ""
FIBERMAP 454 R+10C8 APOGEE 0 0 0 1 0 0 -20.38226012657044 206.73103804352027 143.1 -188.52446549536307 -87.22488499710616 78.59218 119.477394 -999.0 -999.0 -999.0 -999.0 -999.0 42.70704207676377 -53.289672769667895 42.57734513341285 -53.168154316719644 65.80165608439832 177.02621769192334 -999.0 16600.0 -999.0 2 -999 {-999.0 -999.0 -999.0 -999.0 -999.0} "" -999.0 -999.0 -999.0 -999.0 -999 -999 "" "" "" "" 0 0 0.0 0.0 -999 ""
FIBERMAP 454 R+10C8 BOSS 1 1 0 1 0 0 -19.70556831346169 206.97516665559388 143.1 -188.97751689047146 -86.66612476091811 78.59218 119.477394 42.70471929573677 -53.28808941809758 -1.4462374 2.624115 2.522031 42.704712114847645 -53.28808162928002 42.57501874889785 -53.16646382999096 65.80344721688164 177.02929851646647 5400.0 5400.0 2016.0 1 125 {-999.0 21.280947 20.377655 19.833385 19.411058} sdss_fiber2mag_from_lsdr10 20.095724 20.777529 18.662504 16.017 63050395801413762 1131240455 dark_flexible_3x1 bhm_spiders_agn_lsdr10_d3 bhm_spiders science 0 0 0.0 0.0 -999 ""
FIBERMAP 454 R+10C8 METROLOGY 0 0 0 1 0 0 -19.816372466458947 206.2418863564848 143.1 -188.24860900968372 -86.52964691862385 78.59218 119.477394 -999.0 -999.0 -999.0 -999.0 -999.0 42.708348353448635 -53.287680900058476 42.5786481919738 -53.16609637030682 65.80364898580751 177.02393722535072 -999.0 6231.0 -999.0 -1 -999 {-999.0 -999.0 -999.0 -999.0 -999.0} "" -999.0 -999.0 -999.0 -999.0 -999 -999 "" "" "" "" 0 0 0.0 0.0 -999 ""
FIBERMAP 458 R-13C8 APOGEE 0 0 0 1 0 0 28.082210852016164 -259.7126188571255 143.1 236.0257552136756 111.91763453878855 14.52853 73.18135 -999.0 -999.0 -999.0 -999.0 -999.0 44.837337379363056 -52.68109187626421 44.70420539693424 -52.56345514152321 66.25248239854866 173.7138118499824 -999.0 16600.0 -999.0 2 265 {-999.0 -999.0 -999.0 -999.0 -999.0} "" -999.0 -999.0 -999.0 -999.0 -999 -999 "" ops_sky_apogee_best_unassigned ops_sky sky_apogee 0 0 0.0 0.0 -999 ""
FIBERMAP 458 R-13C8 BOSS 1 1 0 1 0 0 27.974662314807233 -260.4525072786933 143.1 236.75983297181102 112.05935969262929 14.52853 73.18135 44.840550940721826 -52.680743775766366 17.130262 8.478651 5.312618 44.84099018038576 -52.680718609665725 44.70782699805555 -52.56299585922616 66.2525890180469 173.7082336570479 5400.0 5400.0 2016.0 1 359 {-999.0 19.39201 17.449795 15.916735 -999.0} sdss_psfmag_gaia 18.272436 16.641861 15.410068 13.087 63050395801550751 1075862850 bright_1x1 mwm_erosita_stars_boss mwm_erosita science 0 0 0.7756057977676392 0.0 -999 ""
FIBERMAP 458 R-13C8 METROLOGY 0 0 0 1 0 0 27.389995498800573 -260.009590524511 143.1 236.53381338425496 111.36159039168021 14.52853 73.18135 -999.0 -999.0 -999.0 -999.0 -999.0 44.840013409780546 -52.6827897423185 44.70684784425697 -52.565090559020916 66.25061432427258 173.71051298128302 -999.0 6231.0 -999.0 -1 -999 {-999.0 -999.0 -999.0 -999.0 -999.0} "" -999.0 -999.0 -999.0 -999.0 -999 -999 "" "" "" "" 0 0 0.0 0.0 -999 ""
FIBERMAP 461 R+11C5 APOGEE 0 0 0 1 0 0 -73.67858297516362 197.21599113784217 143.1 -162.0141364582959 -134.4265651155494 314.32962 86.572426 -999.0 -999.0 -999.0 -999.0 -999.0 42.83939338560585 -53.43340262456835 42.70860132372178 -53.31207136500145 65.65205785594135 176.86298275516793 -999.0 16600.0 -999.0 2 147 {-999.0 -999.0 -999.0 -999.0 -999.0} "" -999.0 -999.0 -999.0 -999.0 -999 -999 "" ops_sky_apogee_best_unassigned ops_sky sky_apogee 0 0 0.0 0.0 -999 ""
FIBERMAP 461 R+11C5 BOSS 1 1 0 1 0 0 -74.2124230022973 196.7359762958873 143.1 -161.38529807064793 -134.77285957941476 314.32962 86.572426 42.84251801870536 -53.43459948019197 -999.0 -999.0 -999.0 42.84251801870536 -53.43459948019197 42.71169758766211 -53.31317652084775 65.65080798426416 176.85872526031545 5400.0 5400.0 2016.0 1 150 {-999.0 20.836657 19.848248 19.450787 19.11466} sdss_fiber2mag_from_lsdr10 19.573841 21.080475 18.131172 16.273 63050395801413593 1128176583 dark_flexible_3x1 bhm_spiders_clusters_lsdr10_d3 bhm_spiders science 0 0 0.0 0.0 -999 ""
FIBERMAP 461 R+11C5 METROLOGY 0 0 0 1 0 0 -74.40042534716605 197.4641435882333 143.1 -162.01112451988732 -135.18983418199554 314.32962 86.572426 -999.0 -999.0 -999.0 -999.0 -999.0 42.839290439281854 -53.435830365144355 42.70847767457417 -53.31442895618896 65.64971375530699 176.86361933922848 -999.0 6231.0 -999.0 -1 -999 {-999.0 -999.0 -999.0 -999.0 -999.0} "" -999.0 -999.0 -999.0 -999.0 -999 -999 "" "" "" "" 0 0 0.0 0.0 -999 ""
FIBERMAP 462 R+11C9 APOGEE 0 0 0 1 0 0 8.957624910284094 230.0911729361471 143.1 -220.23209914269808 -67.19898883308367 123.99372 88.00472 -999.0 -999.0 -999.0 -999.0 -999.0 42.54829654664513 -53.22778592492904 42.4193800212654 -53.1060138487106 65.8705335986538 177.24604531180097 -999.0 16600.0 -999.0 2 128 {-999.0 -999.0 -999.0 -999.0 -999.0} "" -999.0 -999.0 -999.0 -999.0 -999 -999 "" ops_sky_apogee_best_unassigned ops_sky sky_apogee 0 0 0.0 0.0 -999 ""
FIBERMAP 462 R+11C9 BOSS 1 1 0 1 0 0 9.609274049019039 230.46541091642055 143.1 -220.79978487738623 -66.70665995950277 123.99372 88.00472 42.54542222924402 -53.22637748538148 -999.0 -999.0 -999.0 42.545422229244025 -53.22637748538148 42.4165100270564 -53.104505099914036 65.87215915479052 177.24999179636984 5400.0 5400.0 2015.5 1 115 {-999.0 -999.0 -999.0 -999.0 -999.0} "" -999.0 -999.0 -999.0 -999.0 27021603157685346 813519243 "" ops_sky_boss_good ops_sky sky_boss 0 0 0.0 0.0 -999 ""
FIBERMAP 462 R+11C9 METROLOGY 0 0 0 1 0 0 9.606180632156027 229.72735973672863 143.1 -220.1017888453988 -66.46689669856353 123.99372 88.00472 -999.0 -999.0 -999.0 -999.0 -999.0 42.54888305716446 -53.22566515301128 42.41996676377363 -53.1038259958811 65.87269142600915 177.2448110574612 -999.0 6231.0 -999.0 -1 -999 {-999.0 -999.0 -999.0 -999.0 -999.0} "" -999.0 -999.0 -999.0 -999.0 -999 -999 "" "" "" "" 0 0 0.0 0.0 -999 ""
FIBERMAP 465 R+5C7 APOGEE 1 1 0 1 0 0 -89.99294718081518 112.69327618722042 143.1 -76.83062735126657 -122.0404479530582 98.12793 66.95803 43.27218494787746 -53.39783602853469 -8.450418 3.1263912 2.5935295 43.27214288154965 -53.397826748869264 43.140198738344814 -53.27724915918829 65.66401647414082 176.23211731393386 16000.0 16600.0 2016.0 2 33 {-999.0 11.256317 10.934762 10.83514 -999.0} sdss_psfmag_from_g3xp 11.210163 10.941834 10.506797 9.767 63050395801413854 975119365 "" ops_std_apogee ops_std standard_apogee 0 0 0.0 0.0 -999 ""
FIBERMAP 465 R+5C7 BOSS 0 0 0 1 0 0 -89.27771191203408 112.4963462124808 143.1 -76.87983871584353 -121.30026117979143 98.12793 66.95803 -999.0 -999.0 -999.0 -999.0 -999.0 43.27185591729264 -53.39573693935675 43.139906177727255 -53.275062632601276 65.66620969078345 176.23202989479702 -999.0 5400.0 -999.0 1 55 {-999.0 -999.0 -999.0 -999.0 -999.0} "" -999.0 -999.0 -999.0 -999.0 -999 -999 "" "" "" "" 0 0 0.0 0.0 -999 ""
FIBERMAP 465 R+5C7 METROLOGY 0 0 0 1 0 0 -89.81906183663233 111.97106196109566 143.1 -76.2057807576995 -121.63876221992805 98.12793 66.95803 -999.0 -999.0 -999.0 -999.0 -999.0 43.27526193419869 -53.39675578563212 43.1433012539008 -53.276114432119634 65.66496753820007 176.2273713981204 -999.0 6231.0 -999.0 -1 -999 {-999.0 -999.0 -999.0 -999.0 -999.0} "" -999.0 -999.0 -999.0 -999.0 -999 -999 "" "" "" "" 0 0 0.0 0.0 -999 ""
FIBERMAP 468 R-2C9 APOGEE 0 0 0 1 0 0 -80.59659792505546 -53.15060314097562 143.1 76.69440261077709 -58.634546012294166 330.82742 87.41323 -999.0 -999.0 -999.0 -999.0 -999.0 44.05076838771125 -53.20424678221648 43.91741089374608 -53.08507683268764 65.80338661871087 175.05393681221452 -999.0 16600.0 -999.0 2 300 {-999.0 -999.0 -999.0 -999.0 -999.0} "" -999.0 -999.0 -999.0 -999.0 -999 -999 "" ops_sky_apogee_best_unassigned ops_sky sky_apogee 0 0 0.0 0.0 -999 ""
FIBERMAP 468 R-2C9 BOSS 1 1 0 1 0 0 -81.00617354346147 -53.76498642304875 143.1 77.4092714993198 -58.819308578288634 330.82742 87.41323 44.05449056763407 -53.20491675579186 -999.0 -999.0 -999.0 44.05449056763407 -53.20491675579186 43.92109849213609 -53.085657570080855 65.8025323054537 175.04875385275903 5400.0 5400.0 2016.0 1 496 {-999.0 21.939983 21.903316 21.722576 21.538889} sdss_psfmag_from_lsdr10 1e+20 1e+20 1e+20 -999.0 63050398820425883 1131240483 dark_flexible_3x1 bhm_spiders_agn_lsdr10_d3 bhm_spiders science 0 0 0.0 0.0 -999 ""
FIBERMAP 468 R-2C9 METROLOGY 0 0 0 1 0 0 -81.33553666107434 -53.10858972159892 143.1 76.89770359977175 -59.34617780667404 330.82742 87.41323 -999.0 -999.0 -999.0 -999.0 -999.0 44.05192609381198 -53.20650779145627 43.91853962009765 -53.087270756728905 65.80112494295378 175.0529679372403 -999.0 6231.0 -999.0 -1 -999 {-999.0 -999.0 -999.0 -999.0 -999.0} "" -999.0 -999.0 -999.0 -999.0 -999 -999 "" "" "" "" 0 0 0.0 0.0 -999 ""
FIBERMAP 470 R+2C23 APOGEE 1 1 0 1 0 0 208.32012577626102 40.56480776109981 143.1 -106.80680081152286 183.38873556785845 194.62465 94.55834 43.12736033900978 -52.47175268370142 18.961733 -1.850489 0.7223515 43.12745273235993 -52.471758176229976 43.00033867986697 -52.35118084304305 66.59392556680557 176.22215954428026 16000.0 16600.0 2016.0 2 74 {-999.0 12.2156105 11.417008 11.140713 -999.0} sdss_psfmag_from_g3xp 11.985381 11.46576 10.7911825 9.45 63050395801570166 1105064983 bright_1x1 mwm_tess_rgb_apogee mwm_tessrgb science 0 0 0.0 0.0 -999 ""
FIBERMAP 470 R+2C23 BOSS 0 0 0 1 0 0 208.0433944003575 41.266387041338135 143.1 -107.37834315866267 182.89671229485103 194.62465 94.55834 -999.0 -999.0 -999.0 -999.0 -999.0 43.124572504997744 -52.473289064625014 42.99744525645281 -52.35261387840438 66.59266552016882 176.22692861817544 -999.0 5400.0 -999.0 1 233 {-999.0 -999.0 -999.0 -999.0 -999.0} "" -999.0 -999.0 -999.0 -999.0 -999 -999 "" "" "" "" 0 0 0.0 0.0 -999 ""
FIBERMAP 470 R+2C23 METROLOGY 0 0 0 1 0 0 208.78024560083148 41.15393872450736 143.1 -107.51444251105886 183.62953298815378 194.62465 94.55834 -999.0 -999.0 -999.0 -999.0 -999.0 43.12389179280601 -52.471023837552934 42.996781129895 -52.35037428246808 66.59493337125721 176.22741414572351 -999.0 6231.0 -999.0 -1 -999 {-999.0 -999.0 -999.0 -999.0 -999.0} "" -999.0 -999.0 -999.0 -999.0 -999 -999 "" "" "" "" 0 0 0.0 0.0 -999 ""
FIBERMAP 472 R-1C15 APOGEE 0 0 0 1 0 0 26.043800674204093 -33.6133248820183 143.1 23.179082731153397 35.64713830490938 264.57336 94.060005 -999.0 -999.0 -999.0 -999.0 -999.0 43.777444872286246 -52.91903937089065 43.64628796692136 -52.799468264939605 66.10668953439124 175.36702844852792 -999.0 16600.0 -999.0 2 -999 {-999.0 -999.0 -999.0 -999.0 -999.0} "" -999.0 -999.0 -999.0 -999.0 -999 -999 "" "" "" "" 0 0 0.0 0.0 -999 ""
FIBERMAP 472 R-1C15 BOSS 1 1 0 1 0 0 25.296690717952693 -33.579147793260105 143.1 23.39247080588755 34.930366742910195 264.57336 94.060005 43.77857890043808 -52.92128010068652 0.1654509 -1.57978 0.57159406 43.77857971496251 -52.92128478974083 43.64739052535265 -52.80162077049516 66.104473887376 175.3660149701633 5400.0 5400.0 2016.0 1 326 {-999.0 18.985167 18.083103 17.710787 17.377508} sdss_fiber2mag_from_lsdr10 17.721987 19.368515 16.318338 14.284 63050395801551343 1057823323 dark_flexible_2x1 bhm_spiders_clusters_lsdr10 bhm_spiders science 0 0 0.0 0.0 -999 ""
FIBERMAP 472 R-1C15 METROLOGY 0 0 0 1 0 0 25.696088016247074 -32.951060490485304 143.1 22.668007336240148 35.101011280145535 264.57336 94.060005 -999.0 -999.0 -999.0 -999.0 -999.0 43.774923922000845 -52.92074674687126 43.64375318882128 -52.80110317235097 66.10524477333257 175.37125746389466 -999.0 6231.0 -999.0 -1 -999 {-999.0 -999.0 -999.0 -999.0 -999.0} "" -999.0 -999.0 -999.0 -999.0 -999 -999 "" "" "" "" 0 0 0.0 0.0 -999 ""
FIBERMAP 474 R-3C8 APOGEE 0 0 0 1 0 0 -113.42964934048476 -59.40271807461131 143.1 93.39468836056506 -87.5846402389813 182.75352 119.01068 -999.0 -999.0 -999.0 -999.0 -999.0 44.136602411846766 -53.291563235966976 44.00255836546603 -53.17252036953473 65.71016750071009 174.95753817010808 -999.0 16600.0 -999.0 2 -999 {-999.0 -999.0 -999.0 -999.0 -999.0} "" -999.0 -999.0 -999.0 -999.0 -999 -999 "" "" "" "" 0 0 0.0 0.0 -999 ""
FIBERMAP 474 R-3C8 BOSS 1 1 0 1 0 0 -113.83960965763184 -58.69619855674619 143.1 92.8622887756147 -88.20410274320267 182.75352 119.01068 44.134033140702385 -53.293593875270616 -0.76084775 -1.3233606 0.26151136 44.13402936243703 -53.29359780322864 43.99996247355217 -53.17445391155006 65.70844934936184 174.96189190387156 5400.0 5400.0 2016.0 1 477 {-999.0 20.469051 20.383537 20.133152 19.89199} sdss_psfmag_from_lsdr10 20.067245 20.170195 19.706837 -999.0 63050395801549674 1131240484 dark_flexible_3x1 bhm_spiders_agn_lsdr10_d3 bhm_spiders science 0 0 0.0 0.0 -999 ""
FIBERMAP 474 R-3C8 METROLOGY 0 0 0 1 0 0 -113.09705356720389 -58.73273429242564 143.1 92.65262548299233 -87.49085606018953 182.75352 119.01068 -999.0 -999.0 -999.0 -999.0 -999.0 44.13294517855777 -53.29142354043793 43.99889799667886 -53.17230551189007 65.71066178416687 174.9627610557851 -999.0 6231.0 -999.0 -1 -999 {-999.0 -999.0 -999.0 -999.0 -999.0} "" -999.0 -999.0 -999.0 -999.0 -999 -999 "" "" "" "" 0 0 0.0 0.0 -999 ""
FIBERMAP 477 R-7C14 APOGEE 1 1 0 1 0 0 88.66542485806725 -151.62879299897548 143.1 114.03590801144766 133.58950151548711 342.86328 69.76538 44.228773995409405 -52.620174800439045 -5.433519 -2.5159514 0.8610309 44.22874743024631 -52.620182268205554 44.097689110866156 -52.50148328038534 66.3677916612065 174.59962915879083 16000.0 16600.0 2016.0 2 197 {-999.0 12.88245 12.221997 11.978205 -999.0} sdss_psfmag_from_g3xp 12.71315 12.256829 11.633251 10.419 63050395801552141 1107639210 bright_1x1 mwm_tess_rgb_apogee mwm_tessrgb science 0 0 0.0 0.0 -999 ""
FIBERMAP 477 R-7C14 BOSS 0 0 0 1 0 0 88.22139631182867 -152.23164733251892 143.1 114.75121827749778 133.36841239032537 342.86328 69.76538 -999.0 -999.0 -999.0 -999.0 -999.0 44.23241679220284 -52.62087605094536 44.10132317325673 -52.50209029241465 66.36689099044227 174.59436621725956 -999.0 5400.0 -999.0 1 272 {-999.0 -999.0 -999.0 -999.0 -999.0} "" -999.0 -999.0 -999.0 -999.0 -999 -999 "" "" "" "" 0 0 0.0 0.0 -999 ""
FIBERMAP 477 R-7C14 METROLOGY 0 0 0 1 0 0 87.9133000055713 -151.550312286378 143.1 114.20910693352015 132.85342630463913 342.86328 69.76538 -999.0 -999.0 -999.0 -999.0 -999.0 44.22976382215332 -52.622405359461446 44.09867658767382 -52.50364085379608 66.36557262274081 174.59887116475255 -999.0 6231.0 -999.0 -1 -999 {-999.0 -999.0 -999.0 -999.0 -999.0} "" -999.0 -999.0 -999.0 -999.0 -999 -999 "" "" "" "" 0 0 0.0 0.0 -999 ""
FIBERMAP 479 R-1C14 APOGEE 0 0 0 1 0 0 18.81225113807094 -34.07622072993332 143.1 25.99408239388492 28.970230752236336 323.16455 89.44573 -999.0 -999.0 -999.0 -999.0 -999.0 43.79178438889458 -52.9392760515745 43.66048745651949 -52.819724506830205 66.08556791025508 175.35184295856735 -999.0 16600.0 -999.0 2 230 {-999.0 -999.0 -999.0 -999.0 -999.0} "" -999.0 -999.0 -999.0 -999.0 -999 -999 "" ops_sky_apogee_best_unassigned ops_sky sky_apogee 0 0 0.0 0.0 -999 ""
FIBERMAP 479 R-1C14 BOSS 1 1 0 1 0 0 18.26907632344907 -34.56875251416245 143.1 26.63781060622837 28.61923677512562 323.16455 89.44573 43.79508389524855 -52.94040873654589 -999.0 -999.0 -999.0 43.79508389524855 -52.94040873654589 43.663753229202904 -52.82076821647697 66.08429986771394 175.34731027364205 5400.0 5400.0 2015.5 1 339 {-999.0 -999.0 -999.0 -999.0 -999.0} "" -999.0 -999.0 -999.0 -999.0 27021603157761816 821480112 "" ops_sky_boss_good ops_sky sky_boss 0 0 0.0 0.0 -999 ""
FIBERMAP 479 R-1C14 METROLOGY 0 0 0 1 0 0 18.105594074155594 -33.846100982709025 143.1 26.009130318139025 28.22723141401146 323.16455 89.44573 -999.0 -999.0 -999.0 -999.0 -999.0 43.79192288965673 -52.94157929272239 43.66060124383665 -52.82195969413062 66.08334007995842 175.3523210446004 -999.0 6231.0 -999.0 -1 -999 {-999.0 -999.0 -999.0 -999.0 -999.0} "" -999.0 -999.0 -999.0 -999.0 -999 -999 "" "" "" "" 0 0 0.0 0.0 -999 ""
FIBERMAP 480 R+9C15 APOGEE 0 0 0 1 0 0 133.1405415310803 185.2291012613316 143.1 -218.70016901322342 64.82464478316204 58.6139 105.74158 -999.0 -999.0 -999.0 -999.0 -999.0 42.56425353611096 -52.82812453305573 42.43716619706646 -52.706487384470755 66.26829509296448 177.1498555310591 -999.0 16600.0 -999.0 2 -999 {-999.0 -999.0 -999.0 -999.0 -999.0} "" -999.0 -999.0 -999.0 -999.0 -999 -999 "" "" "" "" 0 0 0.0 0.0 -999 ""
FIBERMAP 480 R+9C15 BOSS 1 1 0 1 0 0 133.86596431183943 185.0508222410124 143.1 -218.7703432499525 65.56831936656133 58.6139 105.74158 42.563907129455906 -52.825954339390506 -999.0 -999.0 -999.0 42.56390712945591 -52.8259543393905 42.43681980360768 -52.704223174458235 66.27056852823281 177.14997200590284 5400.0 5400.0 2015.5 1 237 {-999.0 -999.0 -999.0 -999.0 -999.0} "" -999.0 -999.0 -999.0 -999.0 27021603157686008 821473415 "" ops_sky_boss_good ops_sky sky_boss 0 0 0.0 0.0 -999 ""
FIBERMAP 480 R+9C15 METROLOGY 0 0 0 1 0 0 133.33042104592667 184.50560697203986 143.1 -218.0793727631914 65.24185552416631 58.6139 105.74158 -999.0 -999.0 -999.0 -999.0 -999.0 42.56726723681474 -52.826927159336634 42.44016836327154 -52.7052280871092 66.26942048712111 177.14512250688495 -999.0 6231.0 -999.0 -1 -999 {-999.0 -999.0 -999.0 -999.0 -999.0} "" -999.0 -999.0 -999.0 -999.0 -999 -999 "" "" "" "" 0 0 0.0 0.0 -999 ""
FIBERMAP 482 R+7C10 APOGEE 0 0 0 1 0 0 -0.5852825613784152 143.2487175147284 143.1 -135.08451942077605 -47.65547192420987 33.418854 118.45897 -999.0 -999.0 -999.0 -999.0 -999.0 42.97828239838104 -53.171366991354326 42.84832267131577 -53.050344617699864 65.90592102760493 176.60657244201983 -999.0 16600.0 -999.0 2 137 {-999.0 -999.0 -999.0 -999.0 -999.0} "" -999.0 -999.0 -999.0 -999.0 -999 -999 "" ops_sky_apogee_best_unassigned ops_sky sky_apogee 0 0 0.0 0.0 -999 ""
FIBERMAP 482 R+7C10 BOSS 1 1 0 1 0 0 0.10143014034871158 142.93189518740698 143.1 -135.0111316708332 -46.90279767959588 33.418854 118.45897 42.97858495030763 -53.16920277310555 -999.0 -999.0 -999.0 42.97858495030763 -53.16920277310555 42.84862092538104 -53.0480859836223 65.90815583121216 176.6056584171528 5400.0 5400.0 2015.5 1 132 {-999.0 -999.0 -999.0 -999.0 -999.0} "" -999.0 -999.0 -999.0 -999.0 27021603157674770 813517560 "" ops_sky_boss_good ops_sky sky_boss 0 0 0.0 0.0 -999 ""
FIBERMAP 482 R+7C10 METROLOGY 0 0 0 1 0 0 -0.5348910129590561 142.50160510941126 143.1 -134.39555323812382 -47.36222062539448 33.418854 118.45897 -999.0 -999.0 -999.0 -999.0 -999.0 42.98165197775213 -53.17058799597755 42.851675872700184 -53.04950316030271 65.90658565497424 176.6014756029405 -999.0 6231.0 -999.0 -1 -999 {-999.0 -999.0 -999.0 -999.0 -999.0} "" -999.0 -999.0 -999.0 -999.0 -999 -999 "" "" "" "" 0 0 0.0 0.0 -999 ""
FIBERMAP 486 R-1C9 APOGEE 0 0 0 1 0 0 -113.0930666141271 -17.68567885094945 143.1 53.888514946251775 -100.9841026187089 165.88072 123.35542 -999.0 -999.0 -999.0 -999.0 -999.0 43.93657845787232 -53.333255665047226 43.80293191358095 -53.21385056736458 65.68404562421325 175.25837955835368 -999.0 16600.0 -999.0 2 279 {-999.0 -999.0 -999.0 -999.0 -999.0} "" -999.0 -999.0 -999.0 -999.0 -999 -999 "" ops_sky_apogee_best_unassigned ops_sky sky_apogee 0 0 0.0 0.0 -999 ""
FIBERMAP 486 R-1C9 BOSS 1 1 0 1 0 0 -113.25824926661159 -16.955882224726835 143.1 53.253646308914334 -101.38006319204402 165.88072 123.35542 43.93343240037648 -53.334619685253585 0.22696908 -0.14681646 -0.40130037 43.93343352855745 -53.334620121029694 43.799770288534496 -53.21511296574287 65.68302087569428 175.26331365677368 5400.0 5400.0 2016.0 1 458 {-999.0 20.456688 20.510904 20.410622 20.295206} sdss_psfmag_from_lsdr10 20.72128 20.284115 19.826328 -999.0 63050395801549655 1131240478 dark_flexible_3x1 bhm_spiders_agn_lsdr10_d3 bhm_spiders science 0 0 0.0 0.0 -999 ""
FIBERMAP 486 R-1C9 METROLOGY 0 0 0 1 0 0 -112.53182784599935 -17.189399055228783 143.1 53.23530754460464 -100.61728235522507 165.88072 123.35542 -999.0 -999.0 -999.0 -999.0 -999.0 43.93331992360834 -53.33229040329701 43.79967397722555 -53.212810945617626 65.68531304840981 175.26277846076675 -999.0 6231.0 -999.0 -1 -999 {-999.0 -999.0 -999.0 -999.0 -999.0} "" -999.0 -999.0 -999.0 -999.0 -999 -999 "" "" "" "" 0 0 0.0 0.0 -999 ""
FIBERMAP 491 R+1C18 APOGEE 0 0 0 1 0 0 84.76484440647296 14.31107671982887 143.1 -41.3868783413289 75.34196718132323 223.86958 87.83954 -999.0 -999.0 -999.0 -999.0 -999.0 43.45230834275134 -52.7990021640864 43.32269375914524 -52.67889792195633 66.24826845640311 175.81594530873693 -999.0 16600.0 -999.0 2 79 {-999.0 -999.0 -999.0 -999.0 -999.0} "" -999.0 -999.0 -999.0 -999.0 -999 -999 "" ops_sky_apogee_best_unassigned ops_sky sky_apogee 0 0 0.0 0.0 -999 ""
FIBERMAP 491 R+1C18 BOSS 1 1 0 1 0 0 84.26138629946634 14.864645954953653 143.1 -41.74409552081056 74.68450281986658 223.86958 87.83954 43.45048996337989 -52.80104715504252 -999.0 -999.0 -999.0 43.45048996337989 -52.80104715504252 43.32085475915257 -52.68084537044985 66.24644910333174 175.8192066280039 5400.0 5400.0 2016.0 1 240 {-999.0 21.042316 20.957563 20.964676 20.974163} sdss_psfmag_from_gdr3 20.700474 20.981634 20.452871 -999.0 63050395801551740 1128714850 dark_flexible_3x1 bhm_spiders_agn_gaiadr3_d3 bhm_spiders science 0 0 0.0 0.0 -999 ""
FIBERMAP 491 R+1C18 METROLOGY 0 0 0 1 0 0 85.0002929859867 15.01792390490711 143.1 -42.131809436633745 75.33188902623169 223.86958 87.83954 -999.0 -999.0 -999.0 -999.0 -999.0 43.44853370023416 -52.79904988730835 43.31891842378985 -52.67887184951623 66.2485350996248 175.82158989220076 -999.0 6231.0 -999.0 -1 -999 {-999.0 -999.0 -999.0 -999.0 -999.0} "" -999.0 -999.0 -999.0 -999.0 -999 -999 "" "" "" "" 0 0 0.0 0.0 -999 ""
FIBERMAP 492 R-4C12 APOGEE 0 0 0 1 0 0 -8.646957954755813 -65.6637624348711 143.1 64.85287007305163 13.425671146244675 137.9917 104.17731 -999.0 -999.0 -999.0 -999.0 -999.0 43.988126594321685 -52.985774305411944 43.85601992842612 -52.86655364846711 66.02481595763231 175.0769175860353 -999.0 16600.0 -999.0 2 -999 {-999.0 -999.0 -999.0 -999.0 -999.0} "" -999.0 -999.0 -999.0 -999.0 -999 -999 "" "" "" "" 0 0 0.0 0.0 -999 ""
FIBERMAP 492 R-4C12 BOSS 1 1 0 1 0 0 -8.306552704815184 -64.98602710805898 143.1 64.10091912522392 13.52428135916279 137.9917 104.17731 43.98441792919381 -52.98557755133271 -999.0 -999.0 -999.0 43.98441792919381 -52.98557755133272 43.85230367939614 -52.86625583459532 66.02539020602146 175.08230484007785 5400.0 5400.0 2015.5 1 408 {-999.0 -999.0 -999.0 -999.0 -999.0} "" -999.0 -999.0 -999.0 -999.0 27021603157761204 813531343 "" ops_sky_boss_good ops_sky sky_boss 0 0 0.0 0.0 -999 ""
FIBERMAP 492 R-4C12 METROLOGY 0 0 0 1 0 0 -7.900325989209604 -65.61860797971215 143.1 64.56472240213914 14.115905676104532 137.9917 104.17731 -999.0 -999.0 -999.0 -999.0 -999.0 43.98673709724797 -52.98374246659783 43.854630341033214 -52.864452129361 66.02700544902194 175.07832326734538 -999.0 6231.0 -999.0 -1 -999 {-999.0 -999.0 -999.0 -999.0 -999.0} "" -999.0 -999.0 -999.0 -999.0 -999 -999 "" "" "" "" 0 0 0.0 0.0 -999 ""
FIBERMAP 494 R+10C13 APOGEE 0 0 0 1 0 0 102.4115196825464 188.95195977527197 143.1 -212.11159538019598 34.58154047840653 342.7089 112.09826 -999.0 -999.0 -999.0 -999.0 -999.0 42.595093472318155 -52.919896691529374 42.46748456081394 -52.798287301647555 66.17540977419712 177.12090172073385 -999.0 16600.0 -999.0 2 -999 {-999.0 -999.0 -999.0 -999.0 -999.0} "" -999.0 -999.0 -999.0 -999.0 -999 -999 "" "" "" "" 0 0 0.0 0.0 -999 ""
FIBERMAP 494 R+10C13 BOSS 1 1 0 1 0 0 102.50034057595667 188.20332510505472 143.1 -211.43382790747506 34.91158308923525 342.7089 112.09826 42.59814588009235 -52.919332231066264 58.007267 110.246445 7.471773 42.59843143821519 -52.91900500062033 42.47080808635342 -52.79730790200276 66.17624046941086 177.1157637652643 5400.0 5400.0 2016.0 1 103 {-999.0 19.127806 19.090052 19.112106 -999.0} sdss_psfmag_gaia 19.188246 19.049206 18.803793 -999.0 63050395801432603 1143594682 dark_1x3 mwm_wd_pwd_boss_1x3 mwm_wd science 0 0 0.0 0.0 -999 ""
FIBERMAP 494 R+10C13 METROLOGY 0 0 0 1 0 0 101.80840913391374 188.50951669088244 143.1 -211.49546049751103 34.15747610498901 342.7089 112.09826 -999.0 -999.0 -999.0 -999.0 -999.0 42.598023517695026 -52.921255528912326 42.470391213768494 -52.79958308735523 66.17398965415136 177.11679588626188 -999.0 6231.0 -999.0 -1 -999 {-999.0 -999.0 -999.0 -999.0 -999.0} "" -999.0 -999.0 -999.0 -999.0 -999 -999 "" "" "" "" 0 0 0.0 0.0 -999 ""
FIBERMAP 496 R-9C5 APOGEE 0 0 1 1 0 0 -99.41147875205691 -167.1585754383318 143.1 190.54453858388715 -38.91450845599266 10.023541 169.97496 -999.0 -999.0 -999.0 -999.0 -999.0 44.624425703909964 -53.139939899224814 44.48967169524548 -53.02180005847899 65.81921972513348 174.20124723989392 -999.0 16600.0 -999.0 2 268 {-999.0 -999.0 -999.0 -999.0 -999.0} "" -999.0 -999.0 -999.0 -999.0 -999 -999 "" ops_sky_apogee_best_unassigned ops_sky sky_apogee 0 0 0.0 0.0 -999 ""
FIBERMAP 496 R-9C5 BOSS 1 0 1 1 0 0 -98.65900842236357 -167.20436993819837 143.1 190.3403588275412 -38.18885480951043 10.023541 169.97496 44.62135170640353 -53.15149381255167 0.0040317765 0.015819578 -0.076259844 44.623460831910265 -53.13785766744125 44.48869647579164 -53.01962145625955 65.82146086004268 174.20188268787257 5400.0 5400.0 2016.0 1 364 {-999.0 19.452778 19.324707 19.21696 19.119661} sdss_psfmag_from_lsdr10 19.376345 19.205544 18.850853 -999.0 63050395801545802 1131240496 dark_flexible_3x1 bhm_spiders_agn_lsdr10_d3 bhm_spiders science 0 0 0.0 0.0 -999 ""
FIBERMAP 496 R-9C5 METROLOGY 0 0 1 1 0 0 -99.07648459450657 -167.83729011749733 143.1 191.0753308852004 -38.37498299997343 10.023541 169.97496 -999.0 -999.0 -999.0 -999.0 -999.0 44.627208437059174 -53.13836123559527 44.49243710360781 -53.02015852587202 65.82059900991356 174.1966413332593 -999.0 6231.0 -999.0 -1 -999 {-999.0 -999.0 -999.0 -999.0 -999.0} "" -999.0 -999.0 -999.0 -999.0 -999 -999 "" "" "" "" 0 0 0.0 0.0 -999 ""
FIBERMAP 499 R+7C3 APOGEE 0 0 0 1 0 0 -157.17337067591743 141.5797012508533 143.1 -82.01939776326572 -194.98067893990395 21.472393 123.993576 -999.0 -999.0 -999.0 -999.0 -999.0 43.24525569847309 -53.61822103942675 43.11231731647774 -53.49753695255991 65.44631198786979 176.32279346591002 -999.0 16600.0 -999.0 2 17 {-999.0 -999.0 -999.0 -999.0 -999.0} "" -999.0 -999.0 -999.0 -999.0 -999 -999 "" ops_sky_apogee_best_unassigned ops_sky sky_apogee 0 0 0.0 0.0 -999 ""
FIBERMAP 499 R+7C3 BOSS 1 1 0 1 0 0 -156.58145591888135 141.15900527792496 143.1 -81.81674563103167 -194.28337163696423 21.472393 123.993576 43.24627624686227 -53.61626494434042 -999.0 -999.0 -999.0 43.24627624686227 -53.61626494434043 43.11332881216951 -53.49548563883711 65.44829741612033 176.3208863490867 5400.0 5400.0 2016.0 1 27 {-999.0 22.013205 20.709084 20.214878 19.863436} sdss_fiber2mag_from_lsdr10 20.892443 21.37786 19.073399 -999.0 63050395801412450 1128176623 dark_flexible_3x1 bhm_spiders_clusters_lsdr10_d3 bhm_spiders science 0 0 0.0 0.0 -999 ""
FIBERMAP 499 R+7C3 METROLOGY 0 0 0 1 0 0 -157.27755617558287 140.83793667217222 143.1 -81.28465408293555 -194.83516098624088 21.472393 123.993576 -999.0 -999.0 -999.0 -999.0 -999.0 43.24896450351568 -53.61793694496976 43.116004961778 -53.4971894522887 65.44645096528085 176.31745918160513 -999.0 6231.0 -999.0 -1 -999 {-999.0 -999.0 -999.0 -999.0 -999.0} "" -999.0 -999.0 -999.0 -999.0 -999 -999 "" "" "" "" 0 0 0.0 0.0 -999 ""
FIBERMAP 500 R-7C10 APOGEE 0 0 0 1 0 0 -17.654839263969357 -156.11988230857128 143.1 153.23708869759852 34.662678180424834 314.39224 38.408527 -999.0 -999.0 -999.0 -999.0 -999.0 44.43149619852495 -52.91859378121836 44.29839989060969 -52.8001719957124 66.0551462015613 174.40293578040362 -999.0 16600.0 -999.0 2 190 {-999.0 -999.0 -999.0 -999.0 -999.0} "" -999.0 -999.0 -999.0 -999.0 -999 -999 "" ops_sky_apogee_best_unassigned ops_sky sky_apogee 0 0 0.0 0.0 -999 ""
FIBERMAP 500 R-7C10 BOSS 1 1 0 1 0 0 -18.36242952362512 -156.04104688917724 143.1 153.39530887540445 33.968542592169456 314.39224 38.408527 44.43247579683915 -52.92077066029821 -1.2442724 -0.20806296 -1.1397897 44.432469671286455 -52.92077127786413 44.29933768048081 -52.80225635084832 66.0530027073275 174.40227739481062 5400.0 5400.0 2016.0 1 388 {-999.0 20.49753 19.513742 19.110466 18.769537} sdss_fiber2mag_from_lsdr10 19.51747 20.313326 17.981813 15.643 63050395801550492 1128178995 dark_flexible_3x1 bhm_spiders_clusters_lsdr10_d3 bhm_spiders science 0 0 0.0 0.0 -999 ""
FIBERMAP 500 R-7C10 METROLOGY 0 0 0 1 0 0 -17.95153283334912 -155.43438103788722 143.1 152.68729355277753 34.1570903431309 314.39224 38.408527 -999.0 -999.0 -999.0 -999.0 -999.0 44.42892695614287 -52.92019644710195 44.29581452446348 -52.80170212708619 66.05385178154984 174.40728013382264 -999.0 6231.0 -999.0 -1 -999 {-999.0 -999.0 -999.0 -999.0 -999.0} "" -999.0 -999.0 -999.0 -999.0 -999 -999 "" "" "" "" 0 0 0.0 0.0 -999 ""
FIBERMAP 502 R+1C22 APOGEE 0 0 0 1 0 0 194.14199691389533 29.74881475086581 143.1 -91.93069014422865 173.55610861650908 53.46505 134.04921 -999.0 -999.0 -999.0 -999.0 -999.0 43.20108294943079 -52.50152348895991 43.07361233753198 -52.38106496301639 66.55989810565086 176.11731463667527 -999.0 16600.0 -999.0 2 81 {-999.0 -999.0 -999.0 -999.0 -999.0} "" -999.0 -999.0 -999.0 -999.0 -999 -999 "" ops_sky_apogee_best_unassigned ops_sky sky_apogee 0 0 0.0 0.0 -999 ""
FIBERMAP 502 R+1C22 BOSS 1 1 0 1 0 0 194.90124305227386 29.848508635922457 143.1 -92.27448991008234 174.2403217968616 53.46505 134.04921 43.19936307744808 -52.49949757624101 -999.0 -999.0 -999.0 43.19936307744809 -52.49949757624102 43.07189224615874 -52.37894411083787 66.56211078937527 176.11942480646988 5400.0 5400.0 2016.0 1 245 {-999.0 22.774376 22.299292 21.948751 21.851492} sdss_fiber2mag_from_lsdr10 1e+20 1e+20 1e+20 -999.0 63050396674878003 1131246789 dark_flexible_3x1 bhm_spiders_agn_lsdr10_d3 bhm_spiders science 0 0 0.0 0.0 -999 ""
FIBERMAP 502 R+1C22 METROLOGY 0 0 0 1 0 0 194.59941255688693 29.152346798286978 143.1 -91.51782195558322 174.18419863425507 53.46505 134.04921 -999.0 -999.0 -999.0 -999.0 -999.0 43.203099970866546 -52.499620765559435 43.07562164786714 -52.37909993001842 66.5617348276943 176.1137662977063 -999.0 6231.0 -999.0 -1 -999 {-999.0 -999.0 -999.0 -999.0 -999.0} "" -999.0 -999.0 -999.0 -999.0 -999 -999 "" "" "" "" 0 0 0.0 0.0 -999 ""
FIBERMAP 504 R+7C15 APOGEE 0 0 0 1 0 0 108.86156762370413 154.24129830262007 143.1 -181.45346345312512 52.086136353157094 118.49151 54.06655 -999.0 -999.0 -999.0 -999.0 -999.0 42.749399088310376 -52.86778688208208 42.621567936276506 -52.746454614918676 66.22004437976028 176.88087384263096 -999.0 16600.0 -999.0 2 -999 {-999.0 -999.0 -999.0 -999.0 -999.0} "" -999.0 -999.0 -999.0 -999.0 -999 -999 "" "" "" "" 0 0 0.0 0.0 -999 ""
FIBERMAP 504 R+7C15 BOSS 1 1 0 1 0 0 109.59243850686454 154.1389936137144 143.1 -181.59717550758415 52.80997412426239 118.49151 54.06655 42.74782912007496 -52.86574930131206 70.89141 27.93923 4.258075 42.74863534425313 -52.865666372439435 42.62080582144577 -52.744239644495394 66.22228875922771 176.88158280602744 5400.0 5400.0 2016.0 1 195 {-999.0 17.479712 15.928717 15.130764 -999.0} sdss_psfmag_gaia 16.803745 15.743839 14.713794 12.816 63050395801432370 1077985020 bright_flexible_2x1 mwm_snc_ext_main_boss mwm_snc science 0 0 0.9946362972259521 0.0 -999 ""
FIBERMAP 504 R+7C15 METROLOGY 0 0 0 1 0 0 109.14716714951456 153.54997267192715 143.1 -180.89452015064225 52.58316268150667 118.49151 54.06655 -999.0 -999.0 -999.0 -999.0 -999.0 42.75209571744528 -52.86633856592909 42.624254415520625 -52.744943803633035 66.22142259219686 176.87655834986978 -999.0 6231.0 -999.0 -1 -999 {-999.0 -999.0 -999.0 -999.0 -999.0} "" -999.0 -999.0 -999.0 -999.0 -999 -999 "" "" "" "" 0 0 0.0 0.0 -999 ""
FIBERMAP 508 R-3C10 APOGEE 0 0 0 1 0 0 -51.111826390041 -45.658759345454015 143.1 59.924353297478056 -33.2540461245833 71.59309 114.386024 -999.0 -999.0 -999.0 -999.0 -999.0 43.96494446576195 -53.127623144163884 43.83221841728317 -53.00832347054606 65.88590416399686 175.1548383325078 -999.0 16600.0 -999.0 2 -999 {-999.0 -999.0 -999.0 -999.0 -999.0} "" -999.0 -999.0 -999.0 -999.0 -999 -999 "" "" "" "" 0 0 0.0 0.0 -999 ""
FIBERMAP 508 R-3C10 BOSS 1 1 0 1 0 0 -50.345367130793626 -45.56089059109207 143.1 59.579905290215734 -32.56242109543043 71.59309 114.386024 43.96325613998023 -53.1256480401425 0.6762591 0.6824383 -0.014844016 43.96325948505242 -53.12564601455005 43.8305285683345 -53.006248683358976 65.8880880597018 175.15668515487374 5400.0 5400.0 2016.0 1 494 {-999.0 20.56517 20.362526 20.187899 20.055225} sdss_psfmag_from_gaiadr2 20.528666 20.370789 19.844873 -999.0 63050395801550006 1130304771 dark_flexible_3x1 bhm_gua_dark_d3 bhm_filler science 0 0 0.0 0.0 -999 ""
FIBERMAP 508 R-3C10 METROLOGY 0 0 0 1 0 0 -50.66669383718622 -46.259887640566696 143.1 60.34566138346346 -32.63602324220234 71.59309 114.386024 -999.0 -999.0 -999.0 -999.0 -999.0 43.96713855533633 -53.125828065372666 43.834400634770134 -53.00646447062998 65.88758784915032 175.15108984334782 -999.0 6231.0 -999.0 -1 -999 {-999.0 -999.0 -999.0 -999.0 -999.0} "" -999.0 -999.0 -999.0 -999.0 -999 -999 "" "" "" "" 0 0 0.0 0.0 -999 ""
FIBERMAP 510 R-3C24 APOGEE 0 0 0 1 0 0 275.55331654446326 -58.797800070646296 143.1 -35.08117614413615 279.5526364638778 32.082 76.680595 -999.0 -999.0 -999.0 -999.0 -999.0 43.48425929428305 -52.182609842864466 43.35743476637555 -52.062726794077015 66.85861440780253 175.59690728087133 -999.0 16600.0 -999.0 2 238 {-999.0 -999.0 -999.0 -999.0 -999.0} "" -999.0 -999.0 -999.0 -999.0 -999 -999 "" ops_sky_apogee_best_unassigned ops_sky sky_apogee 0 0 0.0 0.0 -999 ""
FIBERMAP 510 R-3C24 BOSS 1 1 0 1 0 0 275.8509152624318 -59.47309125914984 143.1 -34.541320522763314 280.0557218194807 32.082 76.680595 43.48694704942127 -52.18121049340621 -0.8019593 -0.97476166 0.37178156 43.486943167355996 -52.18121338666371 43.36010113286286 -52.061244320606924 66.85990890498492 175.59234879333235 5400.0 5400.0 2016.0 1 348 {-999.0 20.53279 20.38949 20.26163 20.193167} sdss_psfmag_from_gaiadr2 20.33069 20.379967 19.845324 -999.0 63050395801570979 1130305208 dark_flexible_3x1 bhm_gua_dark_d3 bhm_filler science 0 0 0.0 0.0 -999 ""
FIBERMAP 510 R-3C24 METROLOGY 0 0 0 1 0 0 275.10325815533525 -59.37844728687597 143.1 -34.384854455197804 279.3185509542889 32.082 76.680595 -999.0 -999.0 -999.0 -999.0 -999.0 43.48769621629181 -52.18333886258268 43.360846619086544 -52.063396301513315 66.85771971564046 175.59178812331706 -999.0 6231.0 -999.0 -1 -999 {-999.0 -999.0 -999.0 -999.0 -999.0} "" -999.0 -999.0 -999.0 -999.0 -999 -999 "" "" "" "" 0 0 0.0 0.0 -999 ""
FIBERMAP 511 R-1C13 APOGEE 0 0 0 1 0 0 3.5696259364111604 -11.645705195842229 143.1 9.823867973778649 7.2002951259492995 53.09687 88.94615 -999.0 -999.0 -999.0 -999.0 -999.0 43.71069776880913 -53.005594347574444 43.57932396596419 -52.8858834393566 66.02551844602101 175.49064118468928 -999.0 16600.0 -999.0 2 180 {-999.0 -999.0 -999.0 -999.0 -999.0} "" -999.0 -999.0 -999.0 -999.0 -999 -999 "" ops_sky_apogee_best_unassigned ops_sky sky_apogee 0 0 0.0 0.0 -999 ""
FIBERMAP 511 R-1C13 BOSS 1 1 0 1 0 0 4.1520893499812646 -12.106823785603867 143.1 10.067800988851317 7.9019687347215255 53.09687 88.94615 43.71194925233486 -53.0035481355506 -0.76687205 -0.61565226 0.4394644 43.71194546978857 -53.00354996291064 43.580559962004784 -52.88374710765196 66.0275558573585 175.48821835591065 5400.0 5400.0 2016.0 1 431 {-999.0 20.549276 20.369696 20.216625 20.108541} sdss_psfmag_from_gaiadr2 20.473766 20.368355 19.859768 -999.0 63050395801551315 1130304795 dark_flexible_3x1 bhm_gua_dark_d3 bhm_filler science 0 0 0.0 0.0 -999 ""
FIBERMAP 511 R-1C13 METROLOGY 0 0 0 1 0 0 3.46032141389723 -12.3837728577534 143.1 10.556803696584025 7.339763315930406 53.09687 88.94615 -999.0 -999.0 -999.0 -999.0 -999.0 43.714420663023134 -53.005225184806754 43.583024577311335 -52.88545298267941 66.02569150811524 175.4850607384714 -999.0 6231.0 -999.0 -1 -999 {-999.0 -999.0 -999.0 -999.0 -999.0} "" -999.0 -999.0 -999.0 -999.0 -999 -999 "" "" "" "" 0 0 0.0 0.0 -999 ""
FIBERMAP 512 R+9C8 APOGEE 0 0 0 1 0 0 -31.786497349363867 186.81006329553557 143.1 -165.96216806236504 -91.44410441850253 75.220566 123.03955 -999.0 -999.0 -999.0 -999.0 -999.0 42.820832455634026 -53.303229047261134 42.690722435731686 -53.18190128690457 65.7826665626311 176.86360119977758 -999.0 16600.0 -999.0 2 134 {-999.0 -999.0 -999.0 -999.0 -999.0} "" -999.0 -999.0 -999.0 -999.0 -999 -999 "" ops_sky_apogee_best_unassigned ops_sky sky_apogee 0 0 0.0 0.0 -999 ""
FIBERMAP 512 R+9C8 BOSS 1 1 0 1 0 0 -31.086542679679653 187.0671548009337 143.1 -166.43511021632958 -90.8676383294436 75.220566 123.03955 42.818386892512265 -53.301592928576156 -999.0 -999.0 -999.0 42.818386892512265 -53.30159292857615 42.68827937825212 -53.18016530412381 65.7845138409651 176.86682150224797 5400.0 5400.0 2015.5 1 129 {-999.0 -999.0 -999.0 -999.0 -999.0} "" -999.0 -999.0 -999.0 -999.0 27021603157674378 813517494 "" ops_sky_boss_good ops_sky sky_boss 0 0 0.0 0.0 -999 ""
FIBERMAP 512 R+9C8 METROLOGY 0 0 0 1 0 0 -31.219749018572134 186.32408239660685 143.1 -165.689588915451 -90.74909617767408 75.220566 123.03955 -999.0 -999.0 -999.0 -999.0 -999.0 42.82211926428422 -53.30124249559556 42.69200560451327 -53.17984859076661 65.78465128519734 176.86133275974618 -999.0 6231.0 -999.0 -1 -999 {-999.0 -999.0 -999.0 -999.0 -999.0} "" -999.0 -999.0 -999.0 -999.0 -999 -999 "" "" "" "" 0 0 0.0 0.0 -999 ""
FIBERMAP 513 R+2C25 APOGEE 0 0 0 1 0 0 261.32535641582086 45.16461979929929 143.1 -128.5797099100767 231.93174048223176 112.269554 142.25426 -999.0 -999.0 -999.0 -999.0 -999.0 43.02156776664915 -52.32541408770732 42.895442227432795 -52.20469384751566 66.7457258681032 176.34926997870497 -999.0 16600.0 -999.0 2 108 {-999.0 -999.0 -999.0 -999.0 -999.0} "" -999.0 -999.0 -999.0 -999.0 -999 -999 "" "" "" "" 0 0 0.0 0.0 -999 ""
FIBERMAP 513 R+2C25 BOSS 1 1 0 1 0 0 261.4984328860232 45.86787579668516 143.1 -129.3007405924664 231.86394205357905 112.269554 142.25426 43.01801688219363 -52.3257035451556 -999.0 -999.0 -999.0 43.01801688219363 -52.325703545155605 42.891886868634536 -52.20488536551362 66.74573296219326 176.3548100147329 5400.0 5400.0 2016.0 1 184 {-999.0 20.142342 19.375427 19.046804 18.721468} sdss_fiber2mag_from_lsdr10 18.791029 21.024046 17.419836 15.492 63050395801570305 1128182130 dark_flexible_3x1 bhm_spiders_clusters_lsdr10_d3 bhm_spiders science 0 0 0.0 0.0 -999 ""
FIBERMAP 513 R+2C25 METROLOGY 0 0 0 1 0 0 262.04807599861704 45.34955818893573 143.1 -128.9919997604957 232.55342986896923 112.269554 142.25426 -999.0 -999.0 -999.0 -999.0 -999.0 43.01953225177507 -52.32356538079579 42.893411435362566 -52.20277638918949 66.74774843859348 176.35196830425676 -999.0 6231.0 -999.0 -1 -999 {-999.0 -999.0 -999.0 -999.0 -999.0} "" -999.0 -999.0 -999.0 -999.0 -999 -999 "" "" "" "" 0 0 0.0 0.0 -999 ""
FIBERMAP 516 R+10C9 APOGEE 0 0 0 1 0 0 6.529956885160372 203.51895537448624 143.1 -194.3403562338172 -60.754133829174 42.32132 130.44737 -999.0 -999.0 -999.0 -999.0 -999.0 42.678921846190306 -53.20931318699237 42.54969350891679 -53.0877685021454 65.88306286413888 177.05185739164133 -999.0 16600.0 -999.0 2 -999 {-999.0 -999.0 -999.0 -999.0 -999.0} "" -999.0 -999.0 -999.0 -999.0 -999 -999 "" "" "" "" 0 0 0.0 0.0 -999 ""
FIBERMAP 516 R+10C9 BOSS 1 1 0 1 0 0 7.255814958030852 203.4299080950458 143.1 -194.49493962465075 -60.03938918219936 42.32132 130.44737 42.67810296581295 -53.20725411920455 -999.0 -999.0 -999.0 42.67810296581295 -53.207254119204556 42.548874974092946 -53.085612884788034 65.88524924152382 177.05266224707066 5400.0 5400.0 2016.0 1 126 {-999.0 22.330172 21.146198 20.572306 20.138319} sdss_fiber2mag_from_lsdr10 1e+20 1e+20 1e+20 -999.0 63050397390327140 1131240453 dark_flexible_3x1 bhm_spiders_agn_lsdr10_d3 bhm_spiders science 0 0 0.0 0.0 -999 ""
FIBERMAP 516 R+10C9 METROLOGY 0 0 0 1 0 0 6.820215922138725 202.82957310879578 143.1 -193.78478027993046 -60.253346303444765 42.32132 130.44737 -999.0 -999.0 -999.0 -999.0 -999.0 42.68162019707015 -53.20790929552611 42.552381698951876 -53.086301002200756 65.88440524580474 177.04764787757372 -999.0 6231.0 -999.0 -1 -999 {-999.0 -999.0 -999.0 -999.0 -999.0} "" -999.0 -999.0 -999.0 -999.0 -999 -999 "" "" "" "" 0 0 0.0 0.0 -999 ""
FIBERMAP 517 R+13C10 APOGEE 0 0 0 1 0 0 48.455048419370655 238.54212664984624 143.1 -241.20022463676483 -32.67841057146069 258.903 97.015366 -999.0 -999.0 -999.0 -999.0 -999.0 42.44516217193299 -53.12239443887405 42.3170588663113 -53.00047567017298 65.98002168505816 177.37881210151573 -999.0 16600.0 -999.0 2 97 {-999.0 -999.0 -999.0 -999.0 -999.0} "" -999.0 -999.0 -999.0 -999.0 -999 -999 "" "" "" "" 0 0 0.0 0.0 -999 ""
FIBERMAP 517 R+13C10 BOSS 1 1 0 1 0 0 47.70844151013398 238.6359954318174 143.1 -241.0433718419807 -33.41433478543424 258.903 97.015366 42.4458681999585 -53.124726913992724 -999.0 -999.0 -999.0 42.4458681999585 -53.124726913992724 42.31774122864618 -53.00271336078257 65.97776165074394 177.37817095643004 5400.0 5400.0 2016.0 1 171 {-999.0 19.979734 18.94709 18.516684 18.165712} sdss_fiber2mag_from_lsdr10 18.824417 20.379402 17.209442 14.846 63050395801431681 1128178981 dark_flexible_3x1 bhm_spiders_clusters_lsdr10_d3 bhm_spiders science 0 0 0.0 0.0 -999 ""
FIBERMAP 517 R+13C10 METROLOGY 0 0 0 1 0 0 48.16515820832979 239.2282831670507 143.1 -241.7528756306827 -33.177789112059976 258.903 97.015366 -999.0 -999.0 -999.0 -999.0 -999.0 42.44226111165576 -53.123956886713984 42.314151764164365 -53.00196444659015 65.97865235519305 177.3833432536682 -999.0 6231.0 -999.0 -1 -999 {-999.0 -999.0 -999.0 -999.0 -999.0} "" -999.0 -999.0 -999.0 -999.0 -999 -999 "" "" "" "" 0 0 0.0 0.0 -999 ""
FIBERMAP 519 R-5C15 APOGEE 0 0 0 1 0 0 63.62299826394518 -95.9689914643478 143.1 69.70795836037196 91.63873225706578 189.99414 103.125496 -999.0 -999.0 -999.0 -999.0 -999.0 44.0093732478868 -52.74831812126204 43.87834690059708 -52.629198875519215 66.25860609391479 174.97022958429721 -999.0 16600.0 -999.0 2 -999 {-999.0 -999.0 -999.0 -999.0 -999.0} "" -999.0 -999.0 -999.0 -999.0 -999 -999 "" "" "" "" 0 0 0.0 0.0 -999 ""
FIBERMAP 519 R-5C15 BOSS 1 1 0 1 0 0 63.328731966592294 -95.31537696049074 143.1 69.18747736291732 91.14592155850673 189.99414 103.125496 44.006866627854805 -52.74986793009849 -999.0 -999.0 -999.0 44.006866627854805 -52.74986793009848 43.87582067686731 -52.63065031114905 66.25735987812186 174.97446268068114 5400.0 5400.0 2016.0 1 281 {-999.0 22.056873 21.215422 20.706589 20.310335} sdss_fiber2mag_from_lsdr10 1e+20 1e+20 1e+20 -999.0 63050398104780595 1131244716 dark_flexible_3x1 bhm_spiders_agn_lsdr10_d3 bhm_spiders science 0 0 0.0 0.0 -999 ""
FIBERMAP 519 R-5C15 METROLOGY 0 0 0 1 0 0 64.07162645167675 -95.37046747487972 143.1 68.99522501107 91.86558895027974 189.99414 103.125496 -999.0 -999.0 -999.0 -999.0 -999.0 44.00587767929767 -52.74765436066993 43.87485079016619 -52.62846212557526 66.25960485909813 174.97522723518787 -999.0 6231.0 -999.0 -1 -999 {-999.0 -999.0 -999.0 -999.0 -999.0} "" -999.0 -999.0 -999.0 -999.0 -999 -999 "" "" "" "" 0 0 0.0 0.0 -999 ""
FIBERMAP 520 R+1C14 APOGEE 0 0 0 1 0 0 -7.051694999987294 6.722243239878118 143.1 -4.029428079498849 -8.869665098697997 292.60504 16.975277 -999.0 -999.0 -999.0 -999.0 -999.0 43.64098783874912 -53.05453416639033 43.50958719571349 -52.93468862426543 65.98175624019702 175.60690286693122 -999.0 16600.0 -999.0 2 121 {-999.0 -999.0 -999.0 -999.0 -999.0} "" -999.0 -999.0 -999.0 -999.0 -999 -999 "" ops_sky_apogee_best_unassigned ops_sky sky_apogee 0 0 0.0 0.0 -999 ""
FIBERMAP 520 R+1C14 BOSS 1 1 0 1 0 0 -7.491320009027501 7.328494583097661 143.1 -4.457385097226304 -9.48417148091966 292.60504 16.975277 43.63875385963861 -53.056512616933745 18.765606 2.518027 0.32252678 43.63884653348383 -53.05650514296731 43.50742536323119 -52.93656041182767 65.98004078913209 175.6105950069678 5400.0 5400.0 2016.0 1 101 {-999.0 16.752996 16.45862 16.374891 -999.0} sdss_psfmag_gaia 16.726204 16.468468 16.051935 15.4 63050395801551280 975992603 "" ops_std_boss ops_std standard_boss 0 0 0.0 0.0 -999 ""
FIBERMAP 520 R+1C14 METROLOGY 0 0 0 1 0 0 -6.745826308512463 7.409351670146275 143.1 -4.778874277594745 -8.806751540845603 292.60504 16.975277 -999.0 -999.0 -999.0 -999.0 -999.0 43.63720715790643 -53.05442347938492 43.5058057849771 -52.93450334336287 65.98219351223331 175.61241722457734 -999.0 6231.0 -999.0 -1 -999 {-999.0 -999.0 -999.0 -999.0 -999.0} "" -999.0 -999.0 -999.0 -999.0 -999 -999 "" "" "" "" 0 0 0.0 0.0 -999 ""
FIBERMAP 521 R+12C7 APOGEE 0 0 0 1 0 0 -30.989469898729308 229.1158843165545 143.1 -206.1757602740254 -104.60234774670553 167.90128 147.69337 -999.0 -999.0 -999.0 -999.0 -999.0 42.617200707867134 -53.34153646214758 42.487531777136326 -53.219850862630345 65.75407967459658 177.1663262528879 -999.0 16600.0 -999.0 2 -999 {-999.0 -999.0 -999.0 -999.0 -999.0} "" -999.0 -999.0 -999.0 -999.0 -999 -999 "" "" "" "" 0 0 0.0 0.0 -999 ""
FIBERMAP 521 R+12C7 BOSS 1 1 0 1 0 0 -31.505271807986805 229.63239807704747 143.1 -206.49392523987163 -105.25928447372496 167.90128 147.69337 42.614789846544085 -53.343667167399964 33.613903 15.479389 0.90548027 42.61552324708402 -53.343621221836706 42.48583825714117 -53.22183597340003 65.75217291881063 177.16913776451182 5400.0 5400.0 2016.0 1 162 {-999.0 14.831882 14.464281 14.342818 -999.0} sdss_psfmag_from_g3xp 14.770563 14.473247 14.008559 13.191 63050395801413701 1135999759 dark_flexible_3x1 mwm_halo_local_high_boss_triple mwm_halo science 0 0 1.217083215713501 0.0 -999 ""
FIBERMAP 521 R+12C7 METROLOGY 0 0 0 1 0 0 -30.806143993812725 229.8410669345085 143.1 -206.92086756622297 -104.66767698653872 167.90128 147.69337 -999.0 -999.0 -999.0 -999.0 -999.0 42.61333877722017 -53.341802824027226 42.48367210815417 -53.2200415550239 65.75405617287515 177.17197259090423 -999.0 6231.0 -999.0 -1 -999 {-999.0 -999.0 -999.0 -999.0 -999.0} "" -999.0 -999.0 -999.0 -999.0 -999 -999 "" "" "" "" 0 0 0.0 0.0 -999 ""
FIBERMAP 522 R-4C13 APOGEE 0 0 0 1 0 0 22.52328893751389 -87.78586085915698 143.1 75.49454161708574 50.13544815847543 243.22572 141.29247 -999.0 -999.0 -999.0 -999.0 -999.0 44.040198155904335 -52.87408905865212 43.90847616726046 -52.75498992020137 66.13151538461268 174.9647944475374 -999.0 16600.0 -999.0 2 -999 {-999.0 -999.0 -999.0 -999.0 -999.0} "" -999.0 -999.0 -999.0 -999.0 -999 -999 "" "" "" "" 0 0 0.0 0.0 -999 ""
FIBERMAP 522 R-4C13 BOSS 1 1 0 1 0 0 21.844020401753983 -88.08079543045675 143.1 75.99641890841802 49.59096050854393 243.22572 141.29247 44.04283738029219 -52.87579469590826 -999.0 -999.0 -999.0 44.04283738029219 -52.87579469590826 43.91107946907577 -52.7566056113382 66.1297128750792 174.96143887505056 5400.0 5400.0 2016.0 1 406 {-999.0 23.632978 22.480537 21.577839 21.036764} sdss_fiber2mag_from_lsdr10 1e+20 1e+20 1e+20 -999.0 63050398819849841 1131242612 dark_flexible_3x1 bhm_spiders_agn_lsdr10_d3 bhm_spiders science 0 0 0.0 0.0 -999 ""
FIBERMAP 522 R-4C13 METROLOGY 0 0 0 1 0 0 21.91338227075329 -87.3528342148993 143.1 75.2861610757459 49.41709564302492 243.22572 141.29247 -999.0 -999.0 -999.0 -999.0 -999.0 44.03927958477011 -52.876307989881475 43.90753538054105 -52.75713919310876 66.12945564995445 174.9668635903157 -999.0 6231.0 -999.0 -1 -999 {-999.0 -999.0 -999.0 -999.0 -999.0} "" -999.0 -999.0 -999.0 -999.0 -999 -999 "" "" "" "" 0 0 0.0 0.0 -999 ""
FIBERMAP 525 R+2C1 APOGEE 0 0 0 1 0 0 -258.6938194188106 19.402176141657016 143.1 66.74073931582659 -250.67737392389108 11.390241 22.6851 -999.0 -999.0 -999.0 -999.0 -999.0 44.00667046669413 -53.784855587625245 43.870566635596845 -53.66545045947568 65.23088769032495 175.29355119713733 -999.0 16600.0 -999.0 2 4 {-999.0 -999.0 -999.0 -999.0 -999.0} "" -999.0 -999.0 -999.0 -999.0 -999 -999 "" ops_sky_apogee_best_unassigned ops_sky sky_apogee 0 0 0.0 0.0 -999 ""
FIBERMAP 525 R+2C1 BOSS 1 1 0 1 0 0 -259.3023947407776 18.947892291498405 143.1 67.36985294530949 -251.10270550050777 11.390241 22.6851 44.009926449055705 -53.78621963149497 -999.0 -999.0 -999.0 44.0099264490557 -53.78621963149498 43.873785568254746 -53.66672162988425 65.2293948191772 175.2894003195805 5400.0 5400.0 2016.0 1 4 {-999.0 22.035873 21.837759 21.870687 21.961468} sdss_psfmag_from_lsdr10 1e+20 1e+20 1e+20 -999.0 63050398820343231 1131236262 dark_flexible_3x1 bhm_spiders_agn_lsdr10_d3 bhm_spiders science 0 0 0.0 0.0 -999 ""
FIBERMAP 525 R+2C1 METROLOGY 0 0 0 1 0 0 -259.3657908374561 19.714968635237273 143.1 66.66630994106274 -251.41480215128288 11.390241 22.6851 -999.0 -999.0 -999.0 -999.0 -999.0 44.00635010847996 -53.78719439051442 43.870221013764194 -53.66771768171672 65.22866194725698 175.2946915961383 -999.0 6231.0 -999.0 -1 -999 {-999.0 -999.0 -999.0 -999.0 -999.0} "" -999.0 -999.0 -999.0 -999.0 -999 -999 "" "" "" "" 0 0 0.0 0.0 -999 ""
FIBERMAP 526 R+6C6 APOGEE 0 0 0 1 0 0 -110.60759886991328 125.32055544803146 143.1 -81.97673342042906 -145.6599776863843 36.747673 152.6653 -999.0 -999.0 -999.0 -999.0 -999.0 43.24579013121273 -53.46925073390352 43.11357813218416 -53.348608013669335 65.5945023313813 176.28699692563032 -999.0 16600.0 -999.0 2 -999 {-999.0 -999.0 -999.0 -999.0 -999.0} "" -999.0 -999.0 -999.0 -999.0 -999 -999 "" "" "" "" 0 0 0.0 0.0 -999 ""
FIBERMAP 526 R+6C6 BOSS 1 1 0 1 0 0 -109.85481588309747 125.43234288443419 143.1 -82.32982853453034 -144.98584456286758 36.747673 152.6653 43.24395935018755 -53.46736086111448 -999.0 -999.0 -999.0 43.24395935018756 -53.46736086111448 43.11174673423581 -53.3466186544705 65.59658640826292 176.28917443007535 5400.0 5400.0 2016.0 1 56 {-999.0 22.163797 20.836945 20.327728 19.969902} sdss_fiber2mag_from_lsdr10 1e+20 1e+20 1e+20 -999.0 63050398105342637 1128176622 dark_flexible_3x1 bhm_spiders_clusters_lsdr10_d3 bhm_spiders science 0 0 0.0 0.0 -999 ""
FIBERMAP 526 R+6C6 METROLOGY 0 0 0 1 0 0 -110.12893858641475 124.74576631295912 143.1 -81.59132325052946 -145.0189536717007 36.747673 152.6653 -999.0 -999.0 -999.0 -999.0 -999.0 43.247697428307895 -53.46746046009773 43.1154772233574 -53.346752120139655 65.59624225568317 176.28383921954463 -999.0 6231.0 -999.0 -1 -999 {-999.0 -999.0 -999.0 -999.0 -999.0} "" -999.0 -999.0 -999.0 -999.0 -999 -999 "" "" "" "" 0 0 0.0 0.0 -999 ""
FIBERMAP 527 R0C23 APOGEE 0 0 0 1 0 0 191.25880528900638 11.194939950606441 143.1 -73.46128734273327 176.93421414931703 151.05467 95.55015 -999.0 -999.0 -999.0 -999.0 -999.0 43.29301914135614 -52.49138754032219 43.165323803347064 -52.37109044317995 66.56429365879521 175.9747668384616 -999.0 16600.0 -999.0 2 84 {-999.0 -999.0 -999.0 -999.0 -999.0} "" -999.0 -999.0 -999.0 -999.0 -999 -999 "" ops_sky_apogee_best_unassigned ops_sky sky_apogee 0 0 0.0 0.0 -999 ""
FIBERMAP 527 R0C23 BOSS 1 1 0 1 0 0 191.5052843442624 11.885339521964399 143.1 -74.19431314814435 176.93996089925267 151.05467 95.55015 43.28935131364799 -52.49140622842114 -999.0 -999.0 -999.0 43.28935131364799 -52.49140622842114 43.161651470663294 -52.371010313531684 66.56459865496387 175.98035559509188 5400.0 5400.0 2015.5 1 257 {-999.0 -999.0 -999.0 -999.0 -999.0} "" -999.0 -999.0 -999.0 -999.0 27021603157773081 813533239 "" ops_sky_boss_good ops_sky sky_boss 0 0 0.0 0.0 -999 ""
FIBERMAP 527 R0C23 METROLOGY 0 0 0 1 0 0 191.98899326277925 11.318397750060173 143.1 -73.81797372027768 177.5831722395376 151.05467 95.55015 -999.0 -999.0 -999.0 -999.0 -999.0 43.29121531404607 -52.489415284590265 43.16352353938436 -52.369049338540144 66.56643490593004 175.97700078590682 -999.0 6231.0 -999.0 -1 -999 {-999.0 -999.0 -999.0 -999.0 -999.0} "" -999.0 -999.0 -999.0 -999.0 -999 -999 "" "" "" "" 0 0 0.0 0.0 -999 ""
FIBERMAP 529 R-10C15 APOGEE 1 1 0 1 0 0 124.50080709199061 -207.1705762673097 143.1 154.70348873538242 185.69379525141827 257.4606 90.22883 44.42701425604737 -52.461648061075024 8.350903 -0.004397512 0.705777 44.427054937491064 -52.46164807412061 44.29617474730879 -52.343341883664124 66.50751987626343 174.24464724145207 16000.0 16600.0 2016.0 2 228 {-999.0 12.984329 12.1287985 11.814043 -999.0} sdss_psfmag_from_g3xp 12.725704 12.167942 11.459344 9.939 63050395801552317 1105609260 bright_1x1 mwm_tess_rgb_apogee mwm_tessrgb science 0 0 0.0 0.0 -999 ""
FIBERMAP 529 R-10C15 BOSS 0 0 0 1 0 0 123.77670465724624 -207.0199095022733 143.1 154.79930446039688 184.96044694439334 257.4606 90.22883 -999.0 -999.0 -999.0 -999.0 -999.0 44.42764113476009 -52.46392733740709 44.29672616392287 -52.34552925626538 66.50530679859813 174.24459856587765 -999.0 5400.0 -999.0 1 330 {-999.0 -999.0 -999.0 -999.0 -999.0} "" -999.0 -999.0 -999.0 -999.0 -999 -999 "" "" "" "" 0 0 0.0 0.0 -999 ""
FIBERMAP 529 R-10C15 METROLOGY 0 0 0 1 0 0 124.27846183867473 -206.46295153784843 143.1 154.10835422905868 185.25114367750356 257.4606 90.22883 -999.0 -999.0 -999.0 -999.0 -999.0 44.42422971501309 -52.463014381789115 44.293335246056586 -52.344636655711 66.50648740457953 174.24941980862832 -999.0 6231.0 -999.0 -1 -999 {-999.0 -999.0 -999.0 -999.0 -999.0} "" -999.0 -999.0 -999.0 -999.0 -999 -999 "" "" "" "" 0 0 0.0 0.0 -999 ""
FIBERMAP 530 R+6C5 APOGEE 0 0 0 1 0 0 -134.7719869465696 129.08338102653923 143.1 -77.58447259881075 -169.7169099409724 86.56765 120.892784 -999.0 -999.0 -999.0 -999.0 -999.0 43.26800660168103 -53.5420268388615 43.13537141385774 -53.421402712299425 65.52080121606998 176.27246241320333 -999.0 16600.0 -999.0 2 30 {-999.0 -999.0 -999.0 -999.0 -999.0} "" -999.0 -999.0 -999.0 -999.0 -999 -999 "" ops_sky_apogee_best_unassigned ops_sky sky_apogee 0 0 0.0 0.0 -999 ""
FIBERMAP 530 R+6C5 BOSS 1 1 0 1 0 0 -134.12021786908 129.44191833364826 143.1 -78.13737083594397 -169.21930513887446 86.56765 120.892784 43.265163885459394 -53.540669440867106 -999.0 -999.0 -999.0 43.265163885459394 -53.540669440867106 43.132528469746816 -53.41994360684899 65.52241522074534 176.2761968833024 5400.0 5400.0 2015.5 1 50 {-999.0 -999.0 -999.0 -999.0 -999.0} "" -999.0 -999.0 -999.0 -999.0 27021603157673787 813517431 "" ops_sky_boss_good ops_sky sky_boss 0 0 0.0 0.0 -999 ""
FIBERMAP 530 R+6C5 METROLOGY 0 0 0 1 0 0 -134.131789953842 128.69005540646384 143.1 -77.42354373710222 -168.983007159088 86.56765 120.892784 -999.0 -999.0 -999.0 -999.0 -999.0 43.268782138623834 -53.539958968479716 43.13614347962931 -53.41926711265169 65.52288316855575 176.2708652407089 -999.0 6231.0 -999.0 -1 -999 {-999.0 -999.0 -999.0 -999.0 -999.0} "" -999.0 -999.0 -999.0 -999.0 -999 -999 "" "" "" "" 0 0 0.0 0.0 -999 ""
FIBERMAP 531 R-4C14 APOGEE 0 0 0 1 0 0 51.02844655585796 -87.18770319942743 143.1 65.55666165901759 76.85761758921356 286.73022 131.37521 -999.0 -999.0 -999.0 -999.0 -999.0 43.989172947675094 -52.79323029962246 43.857991032151745 -52.67406351127101 66.21565179150508 175.01464156401536 -999.0 16600.0 -999.0 2 -999 {-999.0 -999.0 -999.0 -999.0 -999.0} "" -999.0 -999.0 -999.0 -999.0 -999 -999 "" "" "" "" 0 0 0.0 0.0 -999 ""
FIBERMAP 531 R-4C14 BOSS 1 1 0 1 0 0 50.68295256864867 -87.81555243732487 143.1 66.26317593181544 76.7377983805205 286.73022 131.37521 43.9928040944583 -52.793628062681535 -0.15795717 -0.47021136 -0.280527 43.99280331910993 -52.79362945834841 43.86158921443958 -52.674375171038214 66.21506901025873 175.00937147532338 5400.0 5400.0 2016.0 1 270 {-999.0 19.245047 19.085772 19.023232 18.981901} sdss_psfmag_from_lsdr10 19.296347 19.158579 18.858027 -999.0 63050395801551546 1131244715 dark_flexible_3x1 bhm_spiders_agn_lsdr10_d3 bhm_spiders science 0 0 0.0 0.0 -999 ""
FIBERMAP 531 R-4C14 METROLOGY 0 0 0 1 0 0 50.28049667709637 -87.17938480675694 143.1 65.79474558309312 76.14855565146769 286.73022 131.37521 -999.0 -999.0 -999.0 -999.0 -999.0 43.99048098394509 -52.79539326471 43.85927081473085 -52.67616099340713 66.21347358511377 175.01338462845007 -999.0 6231.0 -999.0 -1 -999 {-999.0 -999.0 -999.0 -999.0 -999.0} "" -999.0 -999.0 -999.0 -999.0 -999 -999 "" "" "" "" 0 0 0.0 0.0 -999 ""
FIBERMAP 534 R-5C9 APOGEE 0 0 0 1 0 0 -42.472812368106396 -108.23275032734432 143.1 116.17545760040802 -4.520334515502877 351.5587 81.06982 -999.0 -999.0 -999.0 -999.0 -999.0 44.24765879663394 -53.03881695263968 44.114521540917565 -52.920038064591814 65.95166418297345 174.71381804716887 -999.0 16600.0 -999.0 2 266 {-999.0 -999.0 -999.0 -999.0 -999.0} "" -999.0 -999.0 -999.0 -999.0 -999 -999 "" ops_sky_apogee_best_unassigned ops_sky sky_apogee 0 0 0.0 0.0 -999 ""
FIBERMAP 534 R-5C9 BOSS 1 1 0 1 0 0 -42.69906967497258 -108.93913510343836 143.1 116.91692976354001 -4.501728627640188 351.5587 81.06982 44.251519616744204 -53.03883034406897 -0.2689363 -0.5299432 -0.4427703 44.251518289148166 -53.03883191703014 44.118348274827646 -52.91996500391317 65.95142811881108 174.70818310553452 5400.0 5400.0 2016.0 1 361 {-999.0 20.89806 20.723238 20.57423 20.471285} sdss_psfmag_from_gaiadr2 20.681114 20.720238 20.08245 -999.0 63050395801550170 1130304773 dark_flexible_3x1 bhm_gua_dark_d3 bhm_filler science 0 0 0.0 0.0 -999 ""
FIBERMAP 534 R-5C9 METROLOGY 0 0 0 1 0 0 -43.21315004572279 -108.38912310130807 143.1 116.5665646499103 -5.168054444839969 351.5587 81.06982 -999.0 -999.0 -999.0 -999.0 -999.0 44.24980245381358 -53.04083974061196 44.11663374345636 -52.92199612510601 65.94955347900907 174.7113633703998 -999.0 6231.0 -999.0 -1 -999 {-999.0 -999.0 -999.0 -999.0 -999.0} "" -999.0 -999.0 -999.0 -999.0 -999 -999 "" "" "" "" 0 0 0.0 0.0 -999 ""
FIBERMAP 536 R+4C9 APOGEE 0 0 0 1 0 0 -67.11504474611822 69.63417090609991 143.1 -43.69041456494124 -86.27708379308567 207.48582 164.53273 -999.0 -999.0 -999.0 -999.0 -999.0 43.440628132141285 -53.289648690723254 43.30869532965261 -53.16939157664711 65.76131081669827 175.96200252137695 -999.0 16600.0 -999.0 2 40 {-999.0 -999.0 -999.0 -999.0 -999.0} "" -999.0 -999.0 -999.0 -999.0 -999 -999 "" ops_sky_apogee_best_unassigned ops_sky sky_apogee 0 0 0.0 0.0 -999 ""
FIBERMAP 536 R+4C9 BOSS 1 1 0 1 0 0 -67.84895069180656 69.47537836307356 143.1 -43.299137275153115 -86.91793425069854 207.48582 164.53273 43.44250205875221 -53.291764231714396 17.989487 8.668791 0.22649218 43.44259138818265 -53.29173850124296 43.310626050876586 -53.17138821221754 65.75920582547072 175.95969824354646 5400.0 5400.0 2016.0 1 66 {-999.0 18.27016 17.884117 17.763466 -999.0} sdss_psfmag_gaia 18.225916 17.906784 17.452251 -999.0 63050395801414019 977122202 "" ops_std_boss ops_std standard_boss 0 0 0.0 0.0 -999 ""
FIBERMAP 536 R+4C9 METROLOGY 0 0 0 1 0 0 -67.6130800518376 70.18849248563644 143.1 -44.05012533590266 -86.9296745148649 207.48582 164.53273 -999.0 -999.0 -999.0 -999.0 -999.0 43.43876641577154 -53.29175330163529 43.30681720537444 -53.171423571949816 65.75940517089045 175.9652384582334 -999.0 6231.0 -999.0 -1 -999 {-999.0 -999.0 -999.0 -999.0 -999.0} "" -999.0 -999.0 -999.0 -999.0 -999 -999 "" "" "" "" 0 0 0.0 0.0 -999 ""
FIBERMAP 537 R-10C13 APOGEE 0 0 0 1 0 0 87.65373696662954 -205.49839049688669 143.1 165.24034035244216 150.3474083145496 247.09912 129.26802 -999.0 -999.0 -999.0 -999.0 -999.0 44.48231051502077 -52.56794977814636 44.35076040044055 -52.449712654211105 66.39745669147675 174.200558665064 -999.0 16600.0 -999.0 2 -999 {-999.0 -999.0 -999.0 -999.0 -999.0} "" -999.0 -999.0 -999.0 -999.0 -999 -999 "" "" "" "" 0 0 0.0 0.0 -999 ""
FIBERMAP 537 R-10C13 BOSS 1 1 0 1 0 0 86.84664603877296 -205.69394147954577 143.1 165.69039502729714 149.64953243376138 247.09912 129.26802 44.484975102258744 -52.56963129965505 -61.477722 -159.46896 10.795857 44.48467487322526 -52.57010463014456 44.35308942803224 -52.45177947893036 66.3952058693261 174.19779985992537 5400.0 5400.0 2016.0 1 378 {-999.0 18.288883 18.127674 18.097965 -999.0} sdss_psfmag_gaia 18.307432 18.113903 17.780901 -999.0 63050395801551194 1143595072 dark_1x3 mwm_wd_pwd_boss_1x3 mwm_wd science 0 0 0.0 0.0 -999 ""
FIBERMAP 537 R-10C13 METROLOGY 0 0 0 1 0 0 87.10638363729961 -204.98858411239593 143.1 164.9388841747922 149.66288150030502 247.09912 129.26802 -999.0 -999.0 -999.0 -999.0 -999.0 44.48098027501206 -52.57004163326312 44.3494080348612 -52.45173515420894 66.39557502457859 174.20332751193692 -999.0 6231.0 -999.0 -1 -999 {-999.0 -999.0 -999.0 -999.0 -999.0} "" -999.0 -999.0 -999.0 -999.0 -999 -999 "" "" "" "" 0 0 0.0 0.0 -999 ""
FIBERMAP 538 R+13C9 APOGEE 0 0 0 1 0 0 31.998578876008896 268.6249552791567 143.1 -264.1977694078064 -58.110858945659885 120.190796 90.70099 -999.0 -999.0 -999.0 -999.0 -999.0 42.328273338369506 -53.19819047879644 42.20017089638367 -53.07605321137678 65.90911044417967 177.56277760035678 -999.0 16600.0 -999.0 2 98 {-999.0 -999.0 -999.0 -999.0 -999.0} "" -999.0 -999.0 -999.0 -999.0 -999 -999 "" ops_sky_apogee_best_unassigned ops_sky sky_apogee 0 0 0.0 0.0 -999 ""
FIBERMAP 538 R+13C9 BOSS 1 1 0 1 0 0 32.63679008961412 268.98891642643133 143.1 -264.75133158007986 -57.62784097293481 120.190796 90.70099 42.325557124277445 -53.196795493696335 -0.022308286 -0.10527881 -0.34709138 42.32555701374788 -53.19679580618167 42.19745963564764 -53.074558637572004 65.9107029039044 177.56653406054113 5400.0 5400.0 2016.0 1 172 {-999.0 19.72272 19.51457 19.490585 19.504545} sdss_psfmag_from_lsdr10 19.7728 19.529434 19.210108 -999.0 63050395801431632 1131240448 dark_flexible_3x1 bhm_spiders_agn_lsdr10_d3 bhm_spiders science 0 0 0.0 0.0 -999 ""
FIBERMAP 538 R+13C9 METROLOGY 0 0 0 1 0 0 32.648124460194154 268.2755738404729 143.1 -264.08141323280853 -57.38257745739645 120.190796 90.70099 -999.0 -999.0 -999.0 -999.0 -999.0 42.32884038298561 -53.19607268856484 42.200739096405584 -53.07386838834094 65.91126994076383 177.56161147845876 -999.0 6231.0 -999.0 -1 -999 {-999.0 -999.0 -999.0 -999.0 -999.0} "" -999.0 -999.0 -999.0 -999.0 -999 -999 "" "" "" "" 0 0 0.0 0.0 -999 ""
FIBERMAP 539 R-12C10 APOGEE 0 0 0 1 0 0 38.679038154935306 -243.09787817743043 143.1 216.85119188390044 116.46152550299627 229.28407 125.5438 -999.0 -999.0 -999.0 -999.0 -999.0 44.74175455119099 -52.66826321364763 44.608963604346 -52.5504596400149 66.27433978247745 173.85087651807947 -999.0 16600.0 -999.0 2 -999 {-999.0 -999.0 -999.0 -999.0 -999.0} "" -999.0 -999.0 -999.0 -999.0 -999 -999 "" "" "" "" 0 0 0.0 0.0 -999 ""
FIBERMAP 539 R-12C10 BOSS 1 1 0 1 0 0 37.99404492755279 -243.0439854316246 143.1 217.02553637176814 115.79693102981534 229.28407 125.5438 44.74274727046438 -52.670348105211225 -0.23765866 1.0016627 -0.054057293 44.742746107187514 -52.67034513210673 44.60991831869521 -52.552449639912716 66.27228410843526 173.85021299442005 5400.0 5400.0 2016.0 1 368 {-999.0 20.680706 20.569979 20.500412 20.43729} sdss_psfmag_from_gdr3 20.534727 20.524614 20.062572 -999.0 63050395801550773 1128714846 dark_flexible_3x1 bhm_spiders_agn_gaiadr3_d3 bhm_spiders science 0 0 0.0 0.0 -999 ""
FIBERMAP 539 R-12C10 METROLOGY 0 0 0 1 0 0 38.3435496580368 -242.42933821209934 143.1 216.3301706244442 115.9248788467523 229.28407 125.5438 -999.0 -999.0 -999.0 -999.0 -999.0 44.739335019455446 -52.669943119089034 44.60652588937364 -52.552068054127936 66.27297882154835 173.8551319898634 -999.0 6231.0 -999.0 -1 -999 {-999.0 -999.0 -999.0 -999.0 -999.0} "" -999.0 -999.0 -999.0 -999.0 -999 -999 "" "" "" "" 0 0 0.0 0.0 -999 ""
FIBERMAP 540 R-12C4 APOGEE 0 0 0 1 1 0 -82.09194186172756 -218.55193504028816 143.1 233.38289779851542 -5.659735491437376 84.143265 93.24567 -999.0 -999.0 -999.0 -999.0 -999.0 44.8363992153783 -53.03686125934227 44.701526748396816 -52.91912655884465 65.90144053072962 173.85492773658183 -999.0 16600.0 -999.0 2 -999 {-999.0 -999.0 -999.0 -999.0 -999.0} "" -999.0 -999.0 -999.0 -999.0 -999 -999 "" "" "" "" 0 0 0.0 0.0 -999 ""
FIBERMAP 540 R-12C4 BOSS 1 0 0 1 1 0 -81.35036602843618 -218.56189746916996 143.1 233.1484623215796 -4.956152296773465 84.143265 93.24567 44.886634598856375 -53.08206011284335 22.860691 7.790618 1.5558199 44.83523995378124 -53.03484001647513 44.70035620576931 -52.91700906237807 65.9036419228807 173.85583030075563 5400.0 5400.0 2016.0 1 426 {-999.0 19.70701 18.9904 18.730833 -999.0} sdss_psfmag_gaia 18.388817 19.033869 17.263931 -999.0 63050395801545963 1092494970 dark_flexible_2x1 mwm_cb_galex_vol_boss mwm_cb science 0 0 0.0 0.0 -999 ""
FIBERMAP 540 R-12C4 METROLOGY 0 0 0 1 1 0 -81.74412117126312 -219.21414269962239 143.1 233.89388409532356 -5.113525100711051 84.143265 93.24567 -999.0 -999.0 -999.0 -999.0 -999.0 44.83903853193951 -53.0352460897109 44.704148545872044 -52.917448645169664 65.90285256848239 173.85046471478034 -999.0 6231.0 -999.0 -1 -999 {-999.0 -999.0 -999.0 -999.0 -999.0} "" -999.0 -999.0 -999.0 -999.0 -999 -999 "" "" "" "" 0 0 0.0 0.0 -999 ""
FIBERMAP 541 R-13C2 APOGEE 0 0 0 1 0 0 -122.15214344440346 -240.6621845831735 143.1 267.43523512503197 -36.22035074531018 73.333885 129.10214 -999.0 -999.0 -999.0 -999.0 -999.0 45.00969002520901 -53.12715132953133 44.87385804861981 -53.00970168216372 65.79559092404239 173.63943787304777 -999.0 16600.0 -999.0 2 155 {-999.0 -999.0 -999.0 -999.0 -999.0} "" -999.0 -999.0 -999.0 -999.0 -999 -999 "" ops_sky_apogee_best_unassigned ops_sky sky_apogee 0 0 0.0 0.0 -999 ""
FIBERMAP 541 R-13C2 BOSS 1 1 0 1 0 0 -121.44696413391165 -240.36518317657192 143.1 266.92288608740694 -35.6520738599119 73.333885 129.10214 45.00709080165451 -53.125563049782556 -999.0 -999.0 -999.0 45.007090801654506 -53.12556304978256 44.87124866058364 -53.008014065493974 65.79750926963646 173.64255493374816 5400.0 5400.0 2015.5 1 436 {-999.0 -999.0 -999.0 -999.0 -999.0} "" -999.0 -999.0 -999.0 -999.0 27021603157758561 813530848 "" ops_sky_boss_good ops_sky sky_boss 0 0 0.0 0.0 -999 ""
FIBERMAP 541 R-13C2 METROLOGY 0 0 0 1 0 0 -121.55237917715026 -241.1015648227956 143.1 267.6529506898866 -35.509487031315 73.333885 129.10214 -999.0 -999.0 -999.0 -999.0 -999.0 45.01079802973078 -53.12506052765422 44.87495470206596 -53.007545270350995 65.79761292573872 173.63700234478713 -999.0 6231.0 -999.0 -1 -999 {-999.0 -999.0 -999.0 -999.0 -999.0} "" -999.0 -999.0 -999.0 -999.0 -999 -999 "" "" "" "" 0 0 0.0 0.0 -999 ""
FIBERMAP 542 R+1C25 APOGEE 0 0 0 1 0 0 265.0906741842381 23.03414010525177 143.1 -108.91888888392278 242.76442007738126 331.0491 160.30678 -999.0 -999.0 -999.0 -999.0 -999.0 43.119125353184685 -52.2929851410309 42.9928616628614 -52.17244139065226 66.77229727786568 176.19098410449166 -999.0 16600.0 -999.0 2 -999 {-999.0 -999.0 -999.0 -999.0 -999.0} "" -999.0 -999.0 -999.0 -999.0 -999 -999 "" "" "" "" 0 0 0.0 0.0 -999 ""
FIBERMAP 542 R+1C25 BOSS 1 1 0 1 0 0 265.60586111199024 22.467637958691775 143.1 -108.55331515316553 243.43721312872742 331.0491 160.30678 43.12097116616785 -52.291058225379594 -999.0 -999.0 -999.0 43.12097116616785 -52.29105822537959 42.99469671620029 -52.170426569281915 66.77419638392982 176.18765908900548 5400.0 5400.0 2016.0 1 192 {-999.0 19.706411 18.836565 18.469883 18.13491} sdss_fiber2mag_from_lsdr10 1e+20 1e+20 1e+20 -999.0 63050398820347837 1057826747 dark_flexible_2x1 bhm_spiders_clusters_lsdr10 bhm_spiders science 0 0 0.0 0.0 -999 ""
FIBERMAP 542 R+1C25 METROLOGY 0 0 0 1 0 0 264.85343406359596 22.32476337744502 143.1 -108.17097992314386 242.773638149292 331.0491 160.30678 -999.0 -999.0 -999.0 -999.0 -999.0 43.12279717205686 -52.2929815154082 42.99651249643864 -52.17237844004464 66.77214770030899 176.18531735401456 -999.0 6231.0 -999.0 -1 -999 {-999.0 -999.0 -999.0 -999.0 -999.0} "" -999.0 -999.0 -999.0 -999.0 -999 -999 "" "" "" "" 0 0 0.0 0.0 -999 ""
FIBERMAP 545 R-11C6 APOGEE 0 0 0 1 0 0 -53.08905439375798 -225.17412782409932 143.1 230.09989547896092 23.90664663887573 276.51135 124.93897 -999.0 -999.0 -999.0 -999.0 -999.0 44.817108933587654 -52.947550343182066 44.68273352549727 -52.82980545220278 65.99143981628676 173.84841341560772 -999.0 16600.0 -999.0 2 171 {-999.0 -999.0 -999.0 -999.0 -999.0} "" -999.0 -999.0 -999.0 -999.0 -999 -999 "" ops_sky_apogee_best_unassigned ops_sky sky_apogee 0 0 0.0 0.0 -999 ""
FIBERMAP 545 R-11C6 BOSS 1 1 0 1 0 0 -53.62020344732164 -225.6728501916516 143.1 230.7455154836066 23.569044768327704 276.51135 124.93897 44.81991600002049 -52.9486621007311 26.644478 11.997081 0.8019775 44.82044891361864 -52.948626491292856 44.68603418602561 -52.83079299116341 65.99015482526909 173.84394826444478 5400.0 5400.0 2016.0 1 413 {-999.0 16.348656 15.778685 15.582537 -999.0} sdss_psfmag_gaia 16.222565 15.818117 15.252797 14.152 63050395801550556 1136826601 dark_flexible_3x1 mwm_halo_local_high_boss_triple mwm_halo science 0 0 0.8712409138679504 0.0 -999 ""
FIBERMAP 545 R-11C6 METROLOGY 0 0 0 1 0 0 -53.80850958449944 -224.96165190189672 143.1 230.135813609621 23.157362993277527 276.51135 124.93897 -999.0 -999.0 -999.0 -999.0 -999.0 44.81749964001272 -52.949875349510094 44.683094075943416 -52.83206290797687 65.98917589253637 173.84874503770175 -999.0 6231.0 -999.0 -1 -999 {-999.0 -999.0 -999.0 -999.0 -999.0} "" -999.0 -999.0 -999.0 -999.0 -999 -999 "" "" "" "" 0 0 0.0 0.0 -999 ""
FIBERMAP 549 R+8C4 APOGEE 0 0 0 1 0 0 -140.32599028791708 145.1405876734373 143.1 -90.921844281956 -180.24173367319193 229.35191 128.14578 -999.0 -999.0 -999.0 -999.0 -999.0 43.199951013055944 -53.57361333693967 43.06737037878548 -53.45286323105796 65.49329219191108 176.37687918332063 -999.0 16600.0 -999.0 2 -999 {-999.0 -999.0 -999.0 -999.0 -999.0} "" -999.0 -999.0 -999.0 -999.0 -999 -999 "" "" "" "" 0 0 0.0 0.0 -999 ""
FIBERMAP 549 R+8C4 BOSS 1 1 0 1 0 0 -141.02379092845194 145.12326050941672 143.1 -90.67603194184565 -180.89500444098132 229.35191 128.14578 43.20117276615182 -53.57573556599735 -999.0 -999.0 -999.0 43.201172766151814 -53.57573556599734 43.06856278527211 -53.45488965829772 65.4912086086646 176.37562834041975 5400.0 5400.0 2016.0 1 58 {-999.0 21.305058 19.97303 19.461773 19.103363} sdss_fiber2mag_from_lsdr10 1e+20 1e+20 1e+20 15.602 63050398820403618 1128176605 dark_flexible_3x1 bhm_spiders_clusters_lsdr10_d3 bhm_spiders science 0 0 0.0 0.0 -999 ""
FIBERMAP 549 R+8C4 METROLOGY 0 0 0 1 0 0 -140.67667055890246 145.801285459371 143.1 -91.43046444773465 -180.79014803608413 229.35191 128.14578 -999.0 -999.0 -999.0 -999.0 -999.0 43.1973016365769 -53.5754036770056 43.064709488441395 -53.454578769911016 65.49173100790865 176.38106606765564 -999.0 6231.0 -999.0 -1 -999 {-999.0 -999.0 -999.0 -999.0 -999.0} "" -999.0 -999.0 -999.0 -999.0 -999 -999 "" "" "" "" 0 0 0.0 0.0 -999 ""
FIBERMAP 551 R-1C12 APOGEE 0 0 0 1 0 0 -20.99856609235782 -26.54468870358208 143.1 31.972192019448084 -11.101630338405148 341.25418 106.23171 -999.0 -999.0 -999.0 -999.0 -999.0 43.822954441244796 -53.06088678518515 43.69097764743776 -52.94135678648243 65.96261596549166 175.34206198316176 -999.0 16600.0 -999.0 2 -999 {-999.0 -999.0 -999.0 -999.0 -999.0} "" -999.0 -999.0 -999.0 -999.0 -999 -999 "" "" "" "" 0 0 0.0 0.0 -999 ""
FIBERMAP 551 R-1C12 BOSS 1 1 0 1 0 0 -21.031570787188873 -27.302290121802788 143.1 32.698485692562635 -10.883685331313876 341.25418 106.23171 43.826071590997614 -53.060252865591835 121.58664 -20.930124 2.6816304 43.826672099070215 -53.06031498823089 43.6946692895876 -52.94069695128978 65.96300888331326 175.33644739847682 5400.0 5400.0 2016.0 1 507 {-999.0 20.193275 18.419832 17.330309 -999.0} sdss_psfmag_gaia 19.326092 18.009415 16.884401 14.943 63050395801550096 1136826602 dark_flexible_3x1 mwm_halo_local_high_boss_triple mwm_halo science 0 0 0.0 0.0 -999 ""
FIBERMAP 551 R-1C12 METROLOGY 0 0 0 1 0 0 -21.65832829200717 -26.897126012489554 143.1 32.52195800401493 -11.60878923724889 341.25418 106.23171 -999.0 -999.0 -999.0 -999.0 -999.0 43.82579868567433 -53.062494703557164 43.69379217939053 -52.94290118016629 65.96088239066356 175.33837420435148 -999.0 6231.0 -999.0 -1 -999 {-999.0 -999.0 -999.0 -999.0 -999.0} "" -999.0 -999.0 -999.0 -999.0 -999 -999 "" "" "" "" 0 0 0.0 0.0 -999 ""
FIBERMAP 553 R+3C6 APOGEE 0 0 0 1 0 0 -147.67894291302952 44.17476401621899 143.1 6.84304599583604 -153.98611419699753 271.35797 107.72387 -999.0 -999.0 -999.0 -999.0 -999.0 43.69838629056464 -53.49454546536485 43.56466860075864 -53.37468059952762 65.54082028999264 175.64613311019005 -999.0 16600.0 -999.0 2 -999 {-999.0 -999.0 -999.0 -999.0 -999.0} "" -999.0 -999.0 -999.0 -999.0 -999 -999 "" "" "" "" 0 0 0.0 0.0 -999 ""
FIBERMAP 553 R+3C6 BOSS 1 1 0 1 0 0 -148.37832471655025 43.93638725757353 143.1 7.298126504172606 -154.56819304575367 271.35797 107.72387 43.700740603425494 -53.49646448656162 -999.0 -999.0 -999.0 43.700740603425494 -53.49646448656162 43.56698811068949 -53.37650626879798 65.53885193288615 175.64330285721456 5400.0 5400.0 2016.0 1 40 {-999.0 nan nan nan nan} undefined 20.685474 20.971294 21.226 -999.0 63050395801412597 1128713584 dark_flexible_3x1 bhm_spiders_agn_gaiadr3_d3 bhm_spiders science 0 0 0.0 0.0 -999 ""
FIBERMAP 553 R+3C6 METROLOGY 0 0 0 1 0 0 -148.2442517762534 44.66458449961736 143.1 6.566367613255074 -154.6810256007574 271.35797 107.72387 -999.0 -999.0 -999.0 -999.0 -999.0 43.69700722917096 -53.49680354184377 43.56326958713322 -53.376866196403746 65.53874110984101 175.64872347167616 -999.0 6231.0 -999.0 -1 -999 {-999.0 -999.0 -999.0 -999.0 -999.0} "" -999.0 -999.0 -999.0 -999.0 -999 -999 "" "" "" "" 0 0 0.0 0.0 -999 ""
FIBERMAP 555 R-12C1 APOGEE 0 0 0 1 0 0 -143.2116194604685 -244.7877961017116 143.1 278.2559929225028 -54.75129803674715 354.57483 75.932144 -999.0 -999.0 -999.0 -999.0 -999.0 45.06568425974349 -53.1823903956316 44.92941123672898 -53.065025997410906 65.73558946310902 173.58094716247044 -999.0 16600.0 -999.0 2 249 {-999.0 -999.0 -999.0 -999.0 -999.0} "" -999.0 -999.0 -999.0 -999.0 -999 -999 "" ops_sky_apogee_best_unassigned ops_sky sky_apogee 0 0 0.0 0.0 -999 ""
FIBERMAP 555 R-12C1 BOSS 1 1 0 1 0 0 -143.46716124071847 -245.48387989595227 143.1 278.9973666128782 -54.763734098912394 354.57483 75.932144 45.069374883019705 -53.182464966625304 -999.0 -999.0 -999.0 45.069374883019705 -53.18246496662531 44.93306440666901 -53.06501179587345 65.73524617273077 173.57567100137382 5400.0 5400.0 2016.0 1 517 {-999.0 22.193867 20.66242 20.007837 19.581982} sdss_fiber2mag_from_lsdr10 1e+20 1e+20 1e+20 16.308 63050398832591069 1128177734 dark_flexible_3x1 bhm_spiders_clusters_lsdr10_d3 bhm_spiders science 0 0 0.0 0.0 -999 ""
FIBERMAP 555 R-12C1 METROLOGY 0 0 0 1 0 0 -143.94729026342435 -244.9210912101214 143.1 278.62377201887006 -55.40219915392248 354.57483 75.932144 -999.0 -999.0 -999.0 -999.0 -999.0 45.067660847320305 -53.18440381522313 44.93135315340976 -53.066974065959364 65.73347747539789 173.5789169914956 -999.0 6231.0 -999.0 -1 -999 {-999.0 -999.0 -999.0 -999.0 -999.0} "" -999.0 -999.0 -999.0 -999.0 -999 -999 "" "" "" "" 0 0 0.0 0.0 -999 ""
FIBERMAP 557 R+4C13 APOGEE 0 0 0 1 0 0 37.69641540017595 83.34643153225508 143.1 -91.10348930674776 8.192812712627214 43.384518 91.03752 -999.0 -999.0 -999.0 -999.0 -999.0 43.20151909219169 -53.002602974499155 43.071688548374595 -52.88201019704248 66.06137937971585 176.23992675098938 -999.0 16600.0 -999.0 2 -999 {-999.0 -999.0 -999.0 -999.0 -999.0} "" -999.0 -999.0 -999.0 -999.0 -999 -999 "" "" "" "" 0 0 0.0 0.0 -999 ""
FIBERMAP 557 R+4C13 BOSS 1 1 0 1 0 0 38.235184774159286 82.82693134761259 143.1 -90.79005622668329 8.872420762179864 43.384518 91.03752 43.20303910790011 -53.000632498256635 -999.0 -999.0 -999.0 43.20303910790012 -53.000632498256635 43.07319839432448 -52.879948124544164 66.0633454979646 176.2372081849655 5400.0 5400.0 2015.5 1 112 {-999.0 -999.0 -999.0 -999.0 -999.0} "" -999.0 -999.0 -999.0 -999.0 27021603157674898 821472326 "" ops_sky_boss_good ops_sky sky_boss 0 0 0.0 0.0 -999 ""
FIBERMAP 557 R+4C13 METROLOGY 0 0 0 1 0 0 37.51102426542597 82.62177413461657 143.1 -90.35819892172645 8.256018950119799 43.384518 91.03752 -999.0 -999.0 -999.0 -999.0 -999.0 43.20518699896512 -53.00248094867795 43.07533522939525 -52.88182662467297 66.06135284115102 176.23448481519893 -999.0 6231.0 -999.0 -1 -999 {-999.0 -999.0 -999.0 -999.0 -999.0} "" -999.0 -999.0 -999.0 -999.0 -999 -999 "" "" "" "" 0 0 0.0 0.0 -999 ""
FIBERMAP 558 R+4C15 APOGEE 1 1 0 1 0 0 78.6331073411242 86.93830364155656 143.1 -107.95619697953464 45.670318173854724 52.358955 104.21014 43.11809681485762 -52.88826061629391 -109.89342 -135.37204 11.982172 43.117556210370964 -52.88866242218835 42.9885234405757 -52.76795700005473 66.17963883423091 176.33712383900058 16000.0 16600.0 2016.0 2 67 {-999.0 8.385894 8.132138 8.048502 -999.0} sdss_psfmag_from_g3xp 8.367158 8.128029 7.723182 7.058 63050395801414613 984780211 bright_1x1 mwm_snc_100pc_apogee mwm_snc science 0 0 0.0 0.0 -999 ""
FIBERMAP 558 R+4C15 BOSS 0 0 0 1 0 0 79.31132669113548 86.67279199674039 143.1 -107.92847172142822 46.398099841934474 52.358955 104.21014 -999.0 -999.0 -999.0 -999.0 -999.0 43.11764093824731 -52.88652561160993 42.98859893307008 -52.76572541222512 66.18185666815191 176.33650092705398 -999.0 5400.0 -999.0 1 220 {-999.0 -999.0 -999.0 -999.0 -999.0} "" -999.0 -999.0 -999.0 -999.0 -999 -999 "" "" "" "" 0 0 0.0 0.0 -999 ""
FIBERMAP 558 R+4C15 METROLOGY 0 0 0 1 0 0 78.73880026378446 86.20327857903017 143.1 -107.29682957137324 46.011818806444936 52.358955 104.21014 -999.0 -999.0 -999.0 -999.0 -999.0 43.12078138655566 -52.88767412470362 42.9917285998817 -52.766905726231855 66.180506424047 176.33210198861033 -999.0 6231.0 -999.0 -1 -999 {-999.0 -999.0 -999.0 -999.0 -999.0} "" -999.0 -999.0 -999.0 -999.0 -999 -999 "" "" "" "" 0 0 0.0 0.0 -999 ""
FIBERMAP 560 R+6C18 APOGEE 0 0 0 1 0 0 148.5502392255906 123.18522468296204 143.1 -165.1760012345556 99.77794245093378 120.97021 135.79895 -999.0 -999.0 -999.0 -999.0 -999.0 42.83326274853741 -52.723727159092995 42.70585269868769 -52.60257703801949 66.35934579165509 176.7254166117132 -999.0 16600.0 -999.0 2 -999 {-999.0 -999.0 -999.0 -999.0 -999.0} "" -999.0 -999.0 -999.0 -999.0 -999 -999 "" "" "" "" 0 0 0.0 0.0 -999 ""
FIBERMAP 560 R+6C18 BOSS 1 1 0 1 0 0 148.71608193081107 123.9060145676517 143.1 -165.9112114565629 99.69754735590713 120.97021 135.79895 42.82952142232282 -52.724018676803254 0.13814947 0.078089505 0.06702454 42.82952209936021 -52.724018445020384 42.70210926605992 -52.602768311207974 66.3593419946956 176.73110633900546 5400.0 5400.0 2016.0 1 211 {-999.0 18.90871 18.92886 18.885868 18.840038} sdss_psfmag_from_lsdr10 18.877937 18.816936 18.445097 -999.0 63050395801432833 1131244694 dark_flexible_3x1 bhm_spiders_agn_lsdr10_d3 bhm_spiders science 0 0 0.0 0.0 -999 ""
FIBERMAP 560 R+6C18 METROLOGY 0 0 0 1 0 0 149.2657090278751 123.40340162678308 143.1 -165.61729606544384 100.38185606950393 120.97021 135.79895 -999.0 -999.0 -999.0 -999.0 -999.0 42.830984610116204 -52.72191290224985 42.703580748044885 -52.60069234566586 66.36133753973974 176.7284598114802 -999.0 6231.0 -999.0 -1 -999 {-999.0 -999.0 -999.0 -999.0 -999.0} "" -999.0 -999.0 -999.0 -999.0 -999 -999 "" "" "" "" 0 0 0.0 0.0 -999 ""
FIBERMAP 562 R+5C17 APOGEE 0 0 0 1 0 0 140.22336198059176 87.58537960815329 143.1 -128.81924916417407 103.62032403121258 15.625978 62.92491 -999.0 -999.0 -999.0 -999.0 -999.0 43.01491964248107 -52.7127089666201 42.8870173244494 -52.59187322528009 66.36058026563515 176.44971219995696 -999.0 16600.0 -999.0 2 -999 {-999.0 -999.0 -999.0 -999.0 -999.0} "" -999.0 -999.0 -999.0 -999.0 -999 -999 "" "" "" "" 0 0 0.0 0.0 -999 ""
FIBERMAP 562 R+5C17 BOSS 1 1 0 1 0 0 140.0470678639501 86.80296194337882 143.1 -128.0224041164572 103.71111365745502 15.625978 62.92491 43.0187345312904 -52.712537418761485 20.07513 13.870589 2.7531176 43.01883288870127 -52.712496248464724 42.890907154469325 -52.5915740962574 66.36066738498899 176.44377601542993 5400.0 5400.0 2016.0 1 214 {-999.0 21.100082 19.145676 17.548891 -999.0} sdss_psfmag_gaia 19.961731 18.277246 17.046774 14.656 63050395801432566 1095560916 bright_1x1 mwm_bin_vis_boss mwm_filler science 0 0 0.0 0.0 -999 ""
FIBERMAP 562 R+5C17 METROLOGY 0 0 0 1 0 0 139.51858511189187 87.33480470489741 143.1 -128.35087533951747 103.03716132077946 15.625978 62.92491 -999.0 -999.0 -999.0 -999.0 -999.0 43.01713830059988 -52.71449474107562 42.88921111564787 -52.59359533641285 66.35874616884986 176.44678499936256 -999.0 6231.0 -999.0 -1 -999 {-999.0 -999.0 -999.0 -999.0 -999.0} "" -999.0 -999.0 -999.0 -999.0 -999 -999 "" "" "" "" 0 0 0.0 0.0 -999 ""
FIBERMAP 563 R-1C20 APOGEE 0 0 0 1 0 0 131.9848697872017 -29.196715453407528 143.1 -15.827076702880957 134.24035904266646 237.90154 90.6294 -999.0 -999.0 -999.0 -999.0 -999.0 43.58017525896931 -52.62037975446276 43.45102595403216 -52.500545618243734 66.41715408772494 175.574862880337 -999.0 16600.0 -999.0 2 226 {-999.0 -999.0 -999.0 -999.0 -999.0} "" -999.0 -999.0 -999.0 -999.0 -999 -999 "" ops_sky_apogee_best_unassigned ops_sky sky_apogee 0 0 0.0 0.0 -999 ""
FIBERMAP 563 R-1C20 BOSS 1 1 0 1 0 0 131.3771814910502 -28.789185807372082 143.1 -16.012108586269655 133.5324853187491 237.90154 90.6294 43.579260468914036 -52.62255226332948 -999.0 -999.0 -999.0 43.579260468914036 -52.62255226332948 43.450086607678124 -52.502622918415845 66.41515294849427 175.57685869094317 5400.0 5400.0 2015.5 1 325 {-999.0 -999.0 -999.0 -999.0 -999.0} "" -999.0 -999.0 -999.0 -999.0 27021603157762218 813531506 "" ops_sky_boss_good ops_sky sky_boss 0 0 0.0 0.0 -999 ""
FIBERMAP 563 R-1C20 METROLOGY 0 0 0 1 0 0 132.04424363773757 -28.446281995936406 143.1 -16.555271963694416 134.04967271064078 237.90154 90.6294 -999.0 -999.0 -999.0 -999.0 -999.0 43.57653394665287 -52.62094935905161 43.447380528091514 -52.50104207624063 66.4169064926226 175.58051302246884 -999.0 6231.0 -999.0 -1 -999 {-999.0 -999.0 -999.0 -999.0 -999.0} "" -999.0 -999.0 -999.0 -999.0 -999 -999 "" "" "" "" 0 0 0.0 0.0 -999 ""
FIBERMAP 564 R+1C4 APOGEE 0 0 0 1 0 0 -217.4243402452537 12.297256857393375 143.1 59.88012347774619 -209.36830293285345 161.32187 168.55968 -999.0 -999.0 -999.0 -999.0 -999.0 43.97038082251404 -53.66078276497434 43.835009507954055 -53.54134784328553 65.35662983352998 175.307810734834 -999.0 16600.0 -999.0 2 -999 {-999.0 -999.0 -999.0 -999.0 -999.0} "" -999.0 -999.0 -999.0 -999.0 -999 -999 "" "" "" "" 0 0 0.0 0.0 -999 ""
FIBERMAP 564 R+1C4 BOSS 1 1 0 1 0 0 -218.08668133805992 12.64065828849563 143.1 59.77362191861911 -210.10670152938394 161.32187 168.55968 43.96986256964463 -53.66314542829629 7.3109403 -2.0695622 3.028102 43.969899192360245 -53.66315157110151 43.83449881984912 -53.543617816142024 65.3544128929448 175.30918847907017 5400.0 5400.0 2016.0 1 63 {-999.0 -999.0 -999.0 -999.0 -999.0} "" -999.0 18.785753 -999.0 12.891 63050395801412182 1095153877 bright_1x1 mwm_bin_vis_boss mwm_filler science 0 0 0.0 0.0 -999 ""
FIBERMAP 564 R+1C4 METROLOGY 0 0 0 1 0 0 -217.45709309029215 13.044535565733163 143.1 59.18520032320089 -209.644951800084 161.32187 168.55968 -999.0 -999.0 -999.0 -999.0 -999.0 43.966890115592044 -53.661779745829286 43.83151021498321 -53.542268459799516 65.3559660881876 175.31302704027613 -999.0 6231.0 -999.0 -1 -999 {-999.0 -999.0 -999.0 -999.0 -999.0} "" -999.0 -999.0 -999.0 -999.0 -999 -999 "" "" "" "" 0 0 0.0 0.0 -999 ""
FIBERMAP 568 R-13C13 APOGEE 0 0 0 1 0 0 145.0369937343765 -253.60057093472093 143.1 191.7970003189152 220.35416856090683 68.89364 25.887293 -999.0 -999.0 -999.0 -999.0 -999.0 44.607055004653006 -52.3561589954987 44.47615549913945 -52.238200141977096 66.59530584381682 173.93210667219503 -999.0 16600.0 -999.0 2 179 {-999.0 -999.0 -999.0 -999.0 -999.0} "" -999.0 -999.0 -999.0 -999.0 -999 -999 "" ops_sky_apogee_best_unassigned ops_sky sky_apogee 0 0 0.0 0.0 -999 ""
FIBERMAP 568 R-13C13 BOSS 1 1 0 1 0 0 145.08554023795722 -254.34168667260985 143.1 192.48091023081614 220.64370567872473 68.89364 25.887293 44.60986056913496 -52.355343350805384 18.495365 -14.861246 3.2741246 44.610375149940715 -52.355387461464545 44.47944811800558 -52.23734329276605 66.59584836861254 173.92676298965716 5400.0 5400.0 2016.0 1 430 {-999.0 17.532097 16.068533 15.354403 -999.0} sdss_psfmag_gaia 16.929113 15.939799 14.956782 13.101 63050395801554590 1077985167 bright_flexible_2x1 mwm_snc_ext_main_boss mwm_snc science 0 0 0.9338011741638184 0.0 -999 ""
FIBERMAP 568 R-13C13 METROLOGY 0 0 0 1 0 0 144.41213414328394 -254.01285972517726 143.1 192.39181046191257 219.8996501971576 68.89364 25.887293 -999.0 -999.0 -999.0 -999.0 -999.0 44.61007273348551 -52.357553236654155 44.47914144982059 -52.23953361620895 66.59371155011705 173.9280632704017 -999.0 6231.0 -999.0 -1 -999 {-999.0 -999.0 -999.0 -999.0 -999.0} "" -999.0 -999.0 -999.0 -999.0 -999 -999 "" "" "" "" 0 0 0.0 0.0 -999 ""
FIBERMAP 569 R+13C1 APOGEE 1 1 0 1 0 0 -136.5170447491942 261.56268199844334 143.1 -202.11753516008577 -214.92643771309028 45.7053 117.39479 42.63334915094298 -53.67455479699008 11.018694 48.21831 4.7741323 42.63340436167255 -53.67441167686998 42.50208565524935 -53.55266397213464 65.42150553178828 177.20336682123144 16000.0 16600.0 2016.0 2 7 {-999.0 10.415054 10.1164665 10.034612 -999.0} sdss_psfmag_from_g3xp 10.38025 10.122312 9.707554 9.032 63050395801413059 975119362 "" ops_std_apogee ops_std standard_apogee 0 0 0.0 0.0 -999 ""
FIBERMAP 569 R+13C1 BOSS 0 0 0 1 0 0 -135.80080715729156 261.3654575763262 143.1 -202.16679804509803 -214.18520757606765 45.7053 117.39479 -999.0 -999.0 -999.0 -999.0 -999.0 42.63324245305075 -53.67224926253076 42.501920996307604 -53.55040354935164 65.42376714188968 177.20321105252478 -999.0 5400.0 -999.0 1 7 {-999.0 -999.0 -999.0 -999.0 -999.0} "" -999.0 -999.0 -999.0 -999.0 -999 -999 "" "" "" "" 0 0 0.0 0.0 -999 ""
FIBERMAP 569 R+13C1 METROLOGY 0 0 0 1 0 0 -136.33432604136578 260.8344323953656 143.1 -201.48989362559308 -214.51442564953746 45.7053 117.39479 -999.0 -999.0 -999.0 -999.0 -999.0 42.63659055208972 -53.67328986977707 42.505256991142176 -53.551477290058294 65.42255371751256 177.19864367174748 -999.0 6231.0 -999.0 -1 -999 {-999.0 -999.0 -999.0 -999.0 -999.0} "" -999.0 -999.0 -999.0 -999.0 -999 -999 "" "" "" "" 0 0 0.0 0.0 -999 ""
FIBERMAP 570 R+1C20 APOGEE 0 0 0 1 0 0 154.7439305985628 19.267665521848723 143.1 -69.07801932079165 139.7969232282396 316.99863 151.05696 -999.0 -999.0 -999.0 -999.0 -999.0 43.31423206993155 -52.60365883005354 43.18594916064478 -52.48336819531544 66.45132015193332 175.9717425955355 -999.0 16600.0 -999.0 2 80 {-999.0 -999.0 -999.0 -999.0 -999.0} "" -999.0 -999.0 -999.0 -999.0 -999 -999 "" ops_sky_apogee_best_unassigned ops_sky sky_apogee 0 0 0.0 0.0 -999 ""
FIBERMAP 570 R+1C20 BOSS 1 1 0 1 0 0 155.00262473547292 18.563047323299834 143.1 -68.49767620092705 140.27291228011384 316.99863 151.05696 43.31656621271789 -52.602240762625726 22.881083 -4.1007056 0.59422576 43.31710355032775 -52.602252934161285 43.18880347143709 -52.4818747378683 66.4526305386123 175.96703660838153 5400.0 5400.0 2016.0 1 242 {-999.0 15.955916 15.511359 15.366996 -999.0} sdss_psfmag_gaia 15.872796 15.5406885 15.036373 14.024 63050395801569786 1074783960 dark_flexible_2x1 mwm_halo_local_high_boss mwm_halo science 0 0 0.9303632378578186 0.0 -999 ""
FIBERMAP 570 R+1C20 METROLOGY 0 0 0 1 0 0 154.2752078950593 18.680591424598965 143.1 -68.36949124180383 139.54732534188742 316.99863 151.05696 -999.0 -999.0 -999.0 -999.0 -999.0 43.317715387407375 -52.60440683800547 43.189407532187545 -52.484055396886 66.45042387472537 175.9666717486098 -999.0 6231.0 -999.0 -1 -999 {-999.0 -999.0 -999.0 -999.0 -999.0} "" -999.0 -999.0 -999.0 -999.0 -999 -999 "" "" "" "" 0 0 0.0 0.0 -999 ""
FIBERMAP 571 R+11C2 APOGEE 0 0 0 1 0 0 -153.19374584814864 206.77377633166142 143.1 -144.89401518401084 -212.65950590681254 193.6245 141.59445 -999.0 -999.0 -999.0 -999.0 -999.0 42.924453196552996 -53.66997967289548 42.79225158366961 -53.548729874316614 65.41213196289536 176.78948403491577 -999.0 16600.0 -999.0 2 -999 {-999.0 -999.0 -999.0 -999.0 -999.0} "" -999.0 -999.0 -999.0 -999.0 -999 -999 "" "" "" "" 0 0 0.0 0.0 -999 ""
FIBERMAP 571 R+11C2 BOSS 1 1 0 1 0 0 -153.907327131936 207.16595753564098 143.1 -145.02973323848494 -213.4623328621125 193.6245 141.59445 42.923751348390745 -53.67249680890093 -999.0 -999.0 -999.0 42.92375134839074 -53.67249680890094 42.79152603852973 -53.551147335423884 65.4097582521775 176.79099528751647 5400.0 5400.0 2016.0 1 17 {-999.0 21.49655 21.340677 20.999174 20.690596} sdss_psfmag_from_lsdr10 1e+20 21.08691 1e+20 -999.0 63050395801413087 1131236243 dark_flexible_3x1 bhm_spiders_agn_lsdr10_d3 bhm_spiders science 0 0 0.0 0.0 -999 ""
FIBERMAP 571 R+11C2 METROLOGY 0 0 0 1 0 0 -153.26625261842727 207.5182499611876 143.1 -145.57321755438528 -212.9727740452194 193.6245 141.59445 -999.0 -999.0 -999.0 -999.0 -999.0 42.92094424767229 -53.67101534464834 42.7887387015615 -53.549689180113354 65.41134782215381 176.79467285163656 -999.0 6231.0 -999.0 -1 -999 {-999.0 -999.0 -999.0 -999.0 -999.0} "" -999.0 -999.0 -999.0 -999.0 -999 -999 "" "" "" "" 0 0 0.0 0.0 -999 ""
FIBERMAP 573 R-6C13 APOGEE 0 0 0 1 0 0 55.6693851496003 -123.53512440759202 143.1 98.35533591050125 93.19197659095353 326.73795 118.0744 -999.0 -999.0 -999.0 -999.0 -999.0 44.15277056169886 -52.74293028247027 44.02134682376834 -52.62406434222513 66.25249989060728 174.75481356840004 -999.0 16600.0 -999.0 2 -999 {-999.0 -999.0 -999.0 -999.0 -999.0} "" -999.0 -999.0 -999.0 -999.0 -999 -999 "" "" "" "" 0 0 0.0 0.0 -999 ""
FIBERMAP 573 R-6C13 BOSS 1 1 0 1 0 0 55.6178692843989 -124.2615690423302 143.1 99.05829347191029 93.38219565659436 326.73795 118.0744 44.156377907339206 -52.742383372922426 -999.0 -999.0 -999.0 44.156377907339206 -52.742383372922426 44.024925700777025 -52.623430415403696 66.252842033123 174.7492583335447 5400.0 5400.0 2016.0 1 393 {-999.0 20.749413 19.867287 19.50506 19.17568} sdss_fiber2mag_from_lsdr10 19.657242 21.33766 18.15333 -999.0 63050395801552083 1128180015 dark_flexible_3x1 bhm_spiders_clusters_lsdr10_d3 bhm_spiders science 0 0 0.0 0.0 -999 ""
FIBERMAP 573 R-6C13 METROLOGY 0 0 0 1 0 0 54.99212791334408 -123.85264740319184 143.1 98.8778832358095 92.65681579336432 326.73795 118.0744 -999.0 -999.0 -999.0 -999.0 -999.0 44.15552533137349 -52.74455054685553 44.02407100950427 -52.62562199734489 66.25073795674197 174.75125267300194 -999.0 6231.0 -999.0 -1 -999 {-999.0 -999.0 -999.0 -999.0 -999.0} "" -999.0 -999.0 -999.0 -999.0 -999 -999 "" "" "" "" 0 0 0.0 0.0 -999 ""
FIBERMAP 574 R-2C2 APOGEE 0 0 1 1 0 0 -244.9670332326256 -31.029176486956192 143.1 109.85198813169612 -221.131741434169 10.000333 170.083 -999.0 -999.0 -999.0 -999.0 -999.0 44.22597108602568 -53.69451591296092 44.08965139833941 -53.575520718508315 65.30383172112467 174.9584826755539 -999.0 16600.0 -999.0 2 -999 {-999.0 -999.0 -999.0 -999.0 -999.0} "" -999.0 -999.0 -999.0 -999.0 -999 -999 "" "" "" "" 0 0 0.0 0.0 -999 ""
FIBERMAP 574 R-2C2 BOSS 1 0 1 1 0 0 -244.14963254348982 -31.10991208566282 143.1 109.65945474043787 -220.33328151952304 10.000333 170.083 44.189549298120774 -53.67539819319691 21.63749 9.770229 0.2837533 44.224994945418615 -53.6922382848754 44.088668197672064 -53.57314423029332 65.30626377673535 174.9591321620423 5400.0 5400.0 2016.0 1 513 {-999.0 16.985558 16.824366 16.794662 -999.0} sdss_psfmag_gaia 17.009201 16.81059 16.482689 16.03 63050395801407416 980595140 "" ops_std_boss_tic ops_std standard_boss 0 0 0.0 0.0 -999 ""
FIBERMAP 574 R-2C2 METROLOGY 0 0 1 1 0 0 -244.62510579668105 -31.694446240773757 143.1 110.3678039266836 -220.59008946832324 10.000333 170.083 -999.0 -999.0 -999.0 -999.0 -999.0 44.228646456024954 -53.69299142790903 44.092310872742644 -53.57393130104675 65.30520329972815 174.95424225959556 -999.0 6231.0 -999.0 -1 -999 {-999.0 -999.0 -999.0 -999.0 -999.0} "" -999.0 -999.0 -999.0 -999.0 -999 -999 "" "" "" "" 0 0 0.0 0.0 -999 ""
FIBERMAP 576 R+4C19 APOGEE 0 0 0 1 0 0 170.49701858718467 69.00609093639338 143.1 -121.22841606469251 138.3184660283969 349.36746 94.344055 -999.0 -999.0 -999.0 -999.0 -999.0 43.0541059482072 -52.6077872172236 42.92657671974871 -52.48704704622577 66.46281295835621 176.36623246804763 -999.0 16600.0 -999.0 2 65 {-999.0 -999.0 -999.0 -999.0 -999.0} "" -999.0 -999.0 -999.0 -999.0 -999 -999 "" "" "" "" 0 0 0.0 0.0 -999 ""
FIBERMAP 576 R+4C19 BOSS 1 1 0 1 0 0 170.37850361815003 68.27416913305339 143.1 -120.49825562451757 138.44721546127772 349.36746 94.344055 43.05733815083964 -52.60745650113707 -2.3179069 1.7294096 1.7502531 43.05769596263399 -52.60745136795626 42.93014432726998 -52.48662463379401 66.46303573648679 176.3607186501216 5400.0 5400.0 2016.0 1 217 {-999.0 16.906162 16.107101 15.809886 -999.0} sdss_psfmag_gaia 16.25937 16.148794 15.047045 -999.0 63050395801569844 1092494271 dark_flexible_2x1 mwm_cb_galex_vol_boss mwm_cb science 0 0 0.8070090413093567 0.0 -999 ""
FIBERMAP 576 R+4C19 METROLOGY 0 0 0 1 0 0 169.79431419279646 68.73244921769171 143.1 -120.73894055261235 137.74484524438594 349.36746 94.344055 -999.0 -999.0 -999.0 -999.0 -999.0 43.05644166825942 -52.60952936560505 42.92888735244077 -52.48872608450775 66.46101277658761 176.36310676211684 -999.0 6231.0 -999.0 -1 -999 {-999.0 -999.0 -999.0 -999.0 -999.0} "" -999.0 -999.0 -999.0 -999.0 -999 -999 "" "" "" "" 0 0 0.0 0.0 -999 ""
FIBERMAP 578 R+9C13 APOGEE 1 1 0 1 0 0 64.89779988384025 165.03132591969805 143.1 -177.1869501726838 7.02098307951306 240.21802 89.32814 42.76836409168511 -53.004493812043386 15.777479 2.1772285 1.2228026 42.76844191476042 -53.00448734963551 42.63991122512147 -52.883150884225934 66.08289957447816 176.88015891323266 16000.0 16600.0 2016.0 2 92 {-999.0 10.547649 9.743308 9.437262 -999.0} sdss_psfmag_from_g3xp 10.311765 9.775116 9.08614 7.661 63050395801432246 1108393689 bright_1x1 mwm_tess_rgb_apogee mwm_tessrgb science 0 0 0.0 0.0 -999 ""
FIBERMAP 578 R+9C13 BOSS 0 0 0 1 0 0 64.25730117017739 165.3900681290339 143.1 -177.3151209684378 6.298167016133458 240.21802 89.32814 -999.0 -999.0 -999.0 -999.0 -999.0 42.76767188791805 -53.00676701559693 42.63911985999988 -52.88533368327184 66.08076122484442 176.88175757183203 -999.0 5400.0 -999.0 1 159 {-999.0 -999.0 -999.0 -999.0 -999.0} "" -999.0 -999.0 -999.0 -999.0 -999 -999 "" "" "" "" 0 0 0.0 0.0 -999 ""
FIBERMAP 578 R+9C13 METROLOGY 0 0 0 1 0 0 64.88671194009284 165.78228129603457 143.1 -177.8924691998146 6.763584513841914 240.21802 89.32814 -999.0 -999.0 -999.0 -999.0 -999.0 42.7647556213759 -53.005311538433205 42.6362228260017 -52.88390048870152 66.08232768549104 176.8857774211013 -999.0 6231.0 -999.0 -1 -999 {-999.0 -999.0 -999.0 -999.0 -999.0} "" -999.0 -999.0 -999.0 -999.0 -999 -999 "" "" "" "" 0 0 0.0 0.0 -999 ""
FIBERMAP 579 R+10C17 APOGEE 0 0 0 1 0 0 193.07105182413335 180.10263479828038 143.1 -233.56522075582788 123.10571536154146 1.5212374 60.60084 -999.0 -999.0 -999.0 -999.0 -999.0 42.494866265403545 -52.651485710841165 42.368806328277 -52.529778127427676 66.44749695192357 177.2219274959067 -999.0 16600.0 -999.0 2 103 {-999.0 -999.0 -999.0 -999.0 -999.0} "" -999.0 -999.0 -999.0 -999.0 -999 -999 "" ops_sky_apogee_best_unassigned ops_sky sky_apogee 0 0 0.0 0.0 -999 ""
FIBERMAP 579 R+10C17 BOSS 1 1 0 1 0 0 192.75183255766774 179.4341743322508 143.1 -232.828994858872 123.02406239730765 1.5212374 60.60084 42.49851279604324 -52.65184574745507 -999.0 -999.0 -999.0 42.49851279604324 -52.65184574745507 42.37242955054472 -52.53005102185378 66.44707100536688 177.21647253263492 5400.0 5400.0 2016.0 1 177 {-999.0 22.740839 22.064957 21.631084 21.312313} sdss_fiber2mag_from_lsdr10 1e+20 1e+20 1e+20 -999.0 63050398105244539 1131244690 dark_flexible_3x1 bhm_spiders_agn_lsdr10_d3 bhm_spiders science 0 0 0.0 0.0 -999 ""
FIBERMAP 579 R+10C17 METROLOGY 0 0 0 1 0 0 192.32316277192604 180.04829498081307 143.1 -233.26798553241545 122.41731401418167 1.5212374 60.60084 -999.0 -999.0 -999.0 -999.0 -999.0 42.4962154666669 -52.65361535881904 42.37013398001716 -52.53184267266875 66.44538113858633 177.2202713445497 -999.0 6231.0 -999.0 -1 -999 {-999.0 -999.0 -999.0 -999.0 -999.0} "" -999.0 -999.0 -999.0 -999.0 -999 -999 "" "" "" "" 0 0 0.0 0.0 -999 ""
FIBERMAP 583 R+3C18 APOGEE 0 0 0 1 0 0 126.55823642767994 65.636168090521 143.1 -103.59816487586075 97.93295481876692 5.609994 163.0795 -999.0 -999.0 -999.0 -999.0 -999.0 43.14082205203809 -52.730231330651115 43.01246144544683 -52.60960741354882 66.3359504865096 176.2646348308297 -999.0 16600.0 -999.0 2 70 {-999.0 -999.0 -999.0 -999.0 -999.0} "" -999.0 -999.0 -999.0 -999.0 -999 -999 "" ops_sky_apogee_best_unassigned ops_sky sky_apogee 0 0 0.0 0.0 -999 ""
FIBERMAP 583 R+3C18 BOSS 1 1 0 1 0 0 127.29015213823622 65.48720460139486 143.1 -103.6981582359193 98.67312152741327 5.609994 163.0795 43.140278373425865 -52.728035206168215 -999.0 -999.0 -999.0 43.140278373425865 -52.728035206168215 43.011915215231774 -52.60731740616888 66.33826151412609 176.26492241264214 5400.0 5400.0 2015.5 1 226 {-999.0 -999.0 -999.0 -999.0 -999.0} "" -999.0 -999.0 -999.0 -999.0 27021603157772994 813533275 "" ops_sky_boss_good ops_sky sky_boss 0 0 0.0 0.0 -999 ""
FIBERMAP 583 R+3C18 METROLOGY 0 0 0 1 0 0 126.80662253195143 64.93052431278004 143.1 -103.01346378304964 98.39954670574019 5.609994 163.0795 -999.0 -999.0 -999.0 -999.0 -999.0 43.14367413363295 -52.728833551799084 43.01530115971684 -52.608147890492 66.33724168257088 176.26001601034807 -999.0 6231.0 -999.0 -1 -999 {-999.0 -999.0 -999.0 -999.0 -999.0} "" -999.0 -999.0 -999.0 -999.0 -999 -999 "" "" "" "" 0 0 0.0 0.0 -999 ""
FIBERMAP 584 R+9C4 APOGEE 0 0 0 1 0 0 -133.47471311514275 159.2574438037561 143.1 -106.50592517118099 -178.41360467735026 275.02585 71.95578 -999.0 -999.0 -999.0 -999.0 -999.0 43.12055428407586 -53.56780323840218 42.988246173176776 -53.446917957017384 65.50351773858864 176.48871460456482 -999.0 16600.0 -999.0 2 -999 {-999.0 -999.0 -999.0 -999.0 -999.0} "" -999.0 -999.0 -999.0 -999.0 -999 -999 "" "" "" "" 0 0 0.0 0.0 -999 ""
FIBERMAP 584 R+9C4 BOSS 1 1 0 1 0 0 -134.217445629974 159.42594321599228 143.1 -106.42082380597715 -179.17041000209662 275.02585 71.95578 43.120948418777694 -53.570230278815266 0.07859154 -0.19143683 0.31637892 43.12094881160096 -53.570230847032164 42.988613036133 -53.44924830613281 65.50117718480212 176.4886952726138 5400.0 5400.0 2016.0 1 15 {-999.0 18.805061 18.709057 18.665125 18.636703} sdss_psfmag_from_lsdr10 18.799034 18.653736 18.306536 -999.0 63050395801413148 1058434885 dark_flexible_2x1 bhm_spiders_agn_lsdr10 bhm_spiders science 0 0 0.0 0.0 -999 ""
FIBERMAP 584 R+9C4 METROLOGY 0 0 0 1 0 0 -133.70021476116293 159.97063888537005 143.1 -107.10528216247987 -178.86106862388039 275.02585 71.95578 -999.0 -999.0 -999.0 -999.0 -999.0 43.1174355106084 -53.56928049411061 42.98511922860115 -53.44831971203739 65.50228901439898 176.49349146783902 -999.0 6231.0 -999.0 -1 -999 {-999.0 -999.0 -999.0 -999.0 -999.0} "" -999.0 -999.0 -999.0 -999.0 -999 -999 "" "" "" "" 0 0 0.0 0.0 -999 ""
FIBERMAP 585 R+12C4 APOGEE 0 0 0 1 0 0 -77.58379495078196 216.65682135039947 143.1 -179.08898642453826 -144.50694862242904 359.81332 52.77299 -999.0 -999.0 -999.0 -999.0 -999.0 42.7525411076457 -53.46324284814298 42.62187247737171 -53.341755061141 65.62652958363122 176.99382040181322 -999.0 16600.0 -999.0 2 -999 {-999.0 -999.0 -999.0 -999.0 -999.0} "" -999.0 -999.0 -999.0 -999.0 -999 -999 "" "" "" "" 0 0 0.0 0.0 -999 ""
FIBERMAP 585 R+12C4 BOSS 1 1 0 1 0 0 -77.9929584332153 216.07915828034263 143.1 -178.40892979735375 -144.70339625522575 359.81332 52.77299 42.75594356169811 -53.46398263779892 -999.0 -999.0 -999.0 42.75594356169811 -53.46398263779892 42.6252483987985 -53.34240360150401 65.62572801777623 176.98907176513842 5400.0 5400.0 2016.0 1 98 {-999.0 20.17917 19.146534 18.727905 18.384626} sdss_fiber2mag_from_lsdr10 18.777445 20.491516 17.287561 15.298 63050395801413542 1128176582 dark_flexible_3x1 bhm_spiders_clusters_lsdr10_d3 bhm_spiders science 0 0 0.0 0.0 -999 ""
FIBERMAP 585 R+12C4 METROLOGY 0 0 0 1 0 0 -78.32524577130704 216.75555785600298 143.1 -178.93842588097706 -145.2396042776899 359.81332 52.77299 -999.0 -999.0 -999.0 -999.0 -999.0 42.753192312288974 -53.46557629845707 42.6225014803108 -53.3440195757833 65.62424291195654 176.99333468641146 -999.0 6231.0 -999.0 -1 -999 {-999.0 -999.0 -999.0 -999.0 -999.0} "" -999.0 -999.0 -999.0 -999.0 -999 -999 "" "" "" "" 0 0 0.0 0.0 -999 ""
FIBERMAP 586 R-5C20 APOGEE 0 0 0 1 0 0 179.63945613840596 -87.65304544710179 143.1 23.706489789708417 198.4644773511045 149.41302 107.35986 -999.0 -999.0 -999.0 -999.0 -999.0 43.77615037571026 -52.42591519978055 43.64733952041968 -52.30647477253004 66.59616382600072 175.22042357840945 -999.0 16600.0 -999.0 2 224 {-999.0 -999.0 -999.0 -999.0 -999.0} "" -999.0 -999.0 -999.0 -999.0 -999 -999 "" ops_sky_apogee_best_unassigned ops_sky sky_apogee 0 0 0.0 0.0 -999 ""
FIBERMAP 586 R-5C20 BOSS 1 1 0 1 0 0 179.8319593138661 -86.96011434412033 143.1 22.988821573731144 198.4184195489661 149.41302 107.35986 43.77216120557087 -52.42608736098917 4.3900146 -3.9085062 0.10232634 43.77261439924723 -52.42609896209491 43.643795041002804 -52.30656017983949 66.59633714795491 175.2258665398681 5400.0 5400.0 2016.0 1 322 {-999.0 16.096205 15.506732 15.302362 -999.0} sdss_psfmag_gaia 15.953668 15.547202 14.963255 13.764 63050395801552598 1133113706 dark_flexible_3x1 mwm_halo_mp_xp_boss_triple mwm_halo science 0 0 0.947952389717102 0.0 -999 ""
FIBERMAP 586 R-5C20 METROLOGY 0 0 0 1 0 0 180.36719061979122 -87.45352588186078 143.1 23.2787812125367 199.0861080055402 149.41302 107.35986 -999.0 -999.0 -999.0 -999.0 -999.0 43.774038385364975 -52.42402871469729 43.64522962680434 -52.30451908370132 66.59825928060084 175.2230618985239 -999.0 6231.0 -999.0 -1 -999 {-999.0 -999.0 -999.0 -999.0 -999.0} "" -999.0 -999.0 -999.0 -999.0 -999 -999 "" "" "" "" 0 0 0.0 0.0 -999 ""
FIBERMAP 590 R+11C14 APOGEE 0 0 0 1 0 0 129.23984646523698 219.00255337313013 143.1 -249.31152016283934 50.03570241760141 344.453 161.21227 -999.0 -999.0 -999.0 -999.0 -999.0 42.410717657530334 -52.87177391179735 42.283891469003265 -52.7498642823964 66.23140838148333 177.3871934891468 -999.0 16600.0 -999.0 2 55 {-999.0 -999.0 -999.0 -999.0 -999.0} "" -999.0 -999.0 -999.0 -999.0 -999 -999 "" ops_sky_apogee_best_unassigned ops_sky sky_apogee 0 0 0.0 0.0 -999 ""
FIBERMAP 590 R+11C14 BOSS 1 1 0 1 0 0 129.89253714990346 218.62622049887256 143.1 -249.17074655701055 50.77581610025572 344.453 161.21227 42.41146546664058 -52.86963225684269 -999.0 -999.0 -999.0 42.411465466640585 -52.86963225684269 42.28463671734816 -52.74763025766676 66.23360783708634 177.3857114966864 5400.0 5400.0 2015.5 1 92 {-999.0 -999.0 -999.0 -999.0 -999.0} "" -999.0 -999.0 -999.0 -999.0 27021603157686027 813519371 "" ops_sky_boss_good ops_sky sky_boss 0 0 0.0 0.0 -999 ""
FIBERMAP 590 R+11C14 METROLOGY 0 0 0 1 0 0 129.23582213209443 218.25491279689254 143.1 -248.60416227919464 50.2777397338812 344.453 161.21227 -999.0 -999.0 -999.0 -999.0 -999.0 42.4141690874531 -52.87112458040869 42.28732808714864 -52.74915345781607 66.23198052270725 177.38192719182575 -999.0 6231.0 -999.0 -1 -999 {-999.0 -999.0 -999.0 -999.0 -999.0} "" -999.0 -999.0 -999.0 -999.0 -999 -999 "" "" "" "" 0 0 0.0 0.0 -999 ""
FIBERMAP 591 R+11C1 APOGEE 0 0 0 1 0 0 -162.1314287557516 232.56463996334594 143.1 -166.31075403687606 -229.58031033906374 123.95375 55.23504 -999.0 -999.0 -999.0 -999.0 -999.0 42.81503444448034 -53.72006583100319 42.68292758443562 -53.598615135374196 65.36762466757146 176.95448741355972 -999.0 16600.0 -999.0 2 9 {-999.0 -999.0 -999.0 -999.0 -999.0} "" -999.0 -999.0 -999.0 -999.0 -999 -999 "" ops_sky_apogee_best_unassigned ops_sky sky_apogee 0 0 0.0 0.0 -999 ""
FIBERMAP 591 R+11C1 BOSS 1 1 0 1 0 0 -161.38758312622682 232.52913520446117 143.1 -166.5218149564517 -228.86618488315585 123.95375 55.23504 42.81401304469609 -53.71799108867799 -999.0 -999.0 -999.0 42.81401304469609 -53.717991088678 42.68190654370899 -53.596441209330955 65.36983935485905 176.95552857413014 5400.0 5400.0 2015.5 1 9 {-999.0 -999.0 -999.0 -999.0 -999.0} "" -999.0 -999.0 -999.0 -999.0 27021603157673990 821472133 "" ops_sky_boss_good ops_sky sky_boss 0 0 0.0 0.0 -999 ""
FIBERMAP 591 R+11C1 METROLOGY 0 0 0 1 0 0 -161.77503407938147 231.90950608914432 143.1 -165.80926715235353 -229.0283290901301 123.95375 55.23504 -999.0 -999.0 -999.0 -999.0 -999.0 42.81757672824218 -53.7185245647217 42.68546019166439 -53.59700840414968 65.3691087191171 176.9505903570458 -999.0 6231.0 -999.0 -1 -999 {-999.0 -999.0 -999.0 -999.0 -999.0} "" -999.0 -999.0 -999.0 -999.0 -999 -999 "" "" "" "" 0 0 0.0 0.0 -999 ""
FIBERMAP 593 R-1C22 APOGEE 0 0 0 1 0 0 208.10860506981433 -16.441806787418397 143.1 -52.90303483668278 201.93378824271 46.42395 76.30013 -999.0 -999.0 -999.0 -999.0 -999.0 43.39554796405465 -52.415962325982235 43.267901556640936 -52.29586285720342 66.63268948490767 175.79833750186572 -999.0 16600.0 -999.0 2 205 {-999.0 -999.0 -999.0 -999.0 -999.0} "" -999.0 -999.0 -999.0 -999.0 -999 -999 "" ops_sky_apogee_best_unassigned ops_sky sky_apogee 0 0 0.0 0.0 -999 ""
FIBERMAP 593 R-1C22 BOSS 1 1 0 1 0 0 208.50071254411978 -17.079901704806147 143.1 -52.42938170794856 202.51389216736442 46.42395 76.30013 43.39790080018394 -52.41425510152934 -999.0 -999.0 -999.0 43.39790080018394 -52.41425510152934 43.270239558537355 -52.29406804146083 66.63432454648107 175.79427776039097 5400.0 5400.0 2016.0 1 289 {-999.0 21.615715 21.255472 21.18828 21.169355} sdss_psfmag_from_lsdr10 1e+20 1e+20 1e+20 -999.0 63050398820378773 1131246791 dark_flexible_3x1 bhm_spiders_agn_lsdr10_d3 bhm_spiders science 0 0 0.0 0.0 -999 ""
FIBERMAP 593 R-1C22 METROLOGY 0 0 0 1 0 0 207.75051234417995 -17.092363762976692 143.1 -52.17093381250527 201.80953812488704 46.42395 76.30013 -999.0 -999.0 -999.0 -999.0 -999.0 43.39916020840251 -52.41632313203058 43.271490099789105 -52.296163797917536 66.63216013274729 175.7929141677029 -999.0 6231.0 -999.0 -1 -999 {-999.0 -999.0 -999.0 -999.0 -999.0} "" -999.0 -999.0 -999.0 -999.0 -999 -999 "" "" "" "" 0 0 0.0 0.0 -999 ""
FIBERMAP 595 R-3C1 APOGEE 0 0 0 1 0 0 -263.0046036866921 -78.77079539020356 143.1 160.86787903538163 -222.46722193035822 319.9662 36.003796 -999.0 -999.0 -999.0 -999.0 -999.0 44.48607919840416 -53.69604414047602 44.34896089168399 -53.57750779099656 65.28121687263227 174.59409724335933 -999.0 16600.0 -999.0 2 271 {-999.0 -999.0 -999.0 -999.0 -999.0} "" -999.0 -999.0 -999.0 -999.0 -999 -999 "" ops_sky_apogee_best_unassigned ops_sky sky_apogee 0 0 0.0 0.0 -999 ""
FIBERMAP 595 R-3C1 BOSS 1 1 0 1 0 0 -263.7562043626097 -78.72658416628593 143.1 161.07326800102607 -223.19153370935916 319.9662 36.003796 44.48663330205571 -53.69824404212657 23.915699 -18.090708 0.69849336 44.487173446783835 -53.698297738348685 44.35001764996908 -53.57966502377726 65.27899344642276 174.59332732017745 5400.0 5400.0 2016.0 1 443 {-999.0 15.985911 15.610306 15.493867 -999.0} sdss_psfmag_gaia 15.930056 15.631658 15.167637 14.264 63050395801544557 1136504343 dark_flexible_3x1 mwm_halo_local_high_boss_triple mwm_halo science 0 0 0.8956807255744934 0.0 -999 ""
FIBERMAP 595 R-3C1 METROLOGY 0 0 0 1 0 0 -263.3244811950118 -78.10154482195202 143.1 160.34105354342813 -222.98936000373703 319.9662 36.003796 -999.0 -999.0 -999.0 -999.0 -999.0 44.483482587383634 -53.697746319318654 44.34634703556037 -53.57913485544803 65.27982079772417 174.59831219636416 -999.0 6231.0 -999.0 -1 -999 {-999.0 -999.0 -999.0 -999.0 -999.0} "" -999.0 -999.0 -999.0 -999.0 -999 -999 "" "" "" "" 0 0 0.0 0.0 -999 ""
FIBERMAP 596 R-5C10 APOGEE 0 0 0 1 0 0 -48.134558128585866 -82.59322628698109 143.1 93.82444915993217 -18.297743500126185 190.73622 46.98351 -999.0 -999.0 -999.0 -999.0 -999.0 44.135637017096364 -53.08133949981057 44.002626138633445 -52.962351925684295 65.91858145069583 174.8913910538955 -999.0 16600.0 -999.0 2 269 {-999.0 -999.0 -999.0 -999.0 -999.0} "" -999.0 -999.0 -999.0 -999.0 -999 -999 "" ops_sky_apogee_best_unassigned ops_sky sky_apogee 0 0 0.0 0.0 -999 ""
FIBERMAP 596 R-5C10 BOSS 1 1 0 1 0 0 -47.75602588512894 -81.94801248828873 143.1 93.09067308463672 -18.152434384443282 190.73622 46.98351 44.13209689405644 -53.08091095251199 -12.504769 -38.30708 2.1837995 44.13203510415106 -53.08102465438968 43.999016844402504 -52.96193603130884 65.91927476636101 174.89654285856523 5400.0 5400.0 2016.0 1 370 {-999.0 20.947573 19.134497 17.972036 -999.0} sdss_psfmag_gaia 20.04377 18.662254 17.525043 15.664 63050395801550129 1124850699 dark_1x1 openfibertargets_mwm_snc_further_ext_boss open_fiber science 0 0 0.0 0.0 -999 ""
FIBERMAP 596 R-5C10 METROLOGY 0 0 0 1 0 0 -47.38646502310173 -82.58798199069109 143.1 93.57351021079663 -17.593005962757104 190.73622 46.98351 -999.0 -999.0 -999.0 -999.0 -999.0 44.13445548270961 -53.07928682119675 44.00144340791138 -52.96022963630147 65.92077802284923 174.89245013332416 -999.0 6231.0 -999.0 -1 -999 {-999.0 -999.0 -999.0 -999.0 -999.0} "" -999.0 -999.0 -999.0 -999.0 -999 -999 "" "" "" "" 0 0 0.0 0.0 -999 ""
FIBERMAP 601 R+5C20 APOGEE 0 0 0 1 1 0 180.69073063667145 94.09262493245645 143.1 -148.27076848312393 139.69599664442106 171.68643 139.85002 -999.0 -999.0 -999.0 -999.0 -999.0 42.91951306078642 -52.60327266233912 42.792405796594096 -52.48230265433451 66.47476779174099 176.56902942081226 -999.0 16600.0 -999.0 2 117 {-999.0 -999.0 -999.0 -999.0 -999.0} "" -999.0 -999.0 -999.0 -999.0 -999 -999 "" ops_sky_apogee_best_unassigned ops_sky sky_apogee 0 0 0.0 0.0 -999 ""
FIBERMAP 601 R+5C20 BOSS 1 0 0 1 1 0 180.18992270364933 94.64518935912196 143.1 -148.6279081963964 139.04136537472132 171.68643 139.85002 42.85469500503546 -52.519038482053055 209.9424 58.72026 3.1603239 42.91765363684302 -52.60530225565843 42.79052932571693 -52.48423550670167 66.47294024000479 176.57229761442653 5400.0 5400.0 2016.0 1 202 {-999.0 19.197157 17.751328 17.052855 -999.0} sdss_psfmag_gaia 18.60894 17.632515 16.659592 14.94 63050395801432995 1136503431 dark_flexible_3x1 mwm_halo_local_high_boss_triple mwm_halo science 0 0 0.0 0.0 -999 ""
FIBERMAP 601 R+5C20 METROLOGY 0 0 0 1 1 0 180.9165665837859 94.81087846926228 143.1 -149.0233103634396 139.67309018290786 171.68643 139.85002 -999.0 -999.0 -999.0 -999.0 -999.0 42.91567904111582 -52.603340371857215 42.78857347054526 -52.48229712942083 66.47497368854962 176.57485382502665 -999.0 6231.0 -999.0 -1 -999 {-999.0 -999.0 -999.0 -999.0 -999.0} "" -999.0 -999.0 -999.0 -999.0 -999 -999 "" "" "" "" 0 0 0.0 0.0 -999 ""
FIBERMAP 602 R+3C5 APOGEE 1 1 0 1 0 0 -158.70914533953734 59.68025073716539 143.1 -4.172635844655415 -169.50097278055526 333.33728 147.1696 43.6420886931912 -53.54155375673111 69.89597 0.61411005 7.34256 43.64243781676968 -53.54155193344018 43.5086620282718 -53.42157765474273 65.49788731903922 175.73869641523268 16000.0 16600.0 2016.0 2 24 {-999.0 10.229402 9.87272 9.7717085 -999.0} sdss_psfmag_from_g3xp 10.173636 9.889177 9.444015 8.728 63050395801412579 1103630799 bright_1x1 mwm_tess_2min_apogee mwm_planet science 0 0 0.0 0.0 -999 ""
FIBERMAP 602 R+3C5 BOSS 0 0 0 1 0 0 -158.34937966608553 59.0317096056675 143.1 -3.678483263350219 -168.9479759421055 333.33728 147.1696 -999.0 -999.0 -999.0 -999.0 -999.0 43.64497066128771 -53.540039599985825 43.51117378859948 -53.419972240997446 65.4993198623807 175.7346863004641 -999.0 5400.0 -999.0 1 41 {-999.0 -999.0 -999.0 -999.0 -999.0} "" -999.0 -999.0 -999.0 -999.0 -999 -999 "" "" "" "" 0 0 0.0 0.0 -999 ""
FIBERMAP 602 R+3C5 METROLOGY 0 0 0 1 0 0 -159.08930999210253 59.02372514794929 143.1 -3.427640710929175 -169.64410394168482 333.33728 147.1696 -999.0 -999.0 -999.0 -999.0 -999.0 43.64625463083755 -53.542134634507654 43.51244857577319 -53.42209646048902 65.49712541175154 175.7334245545745 -999.0 6231.0 -999.0 -1 -999 {-999.0 -999.0 -999.0 -999.0 -999.0} "" -999.0 -999.0 -999.0 -999.0 -999 -999 "" "" "" "" 0 0 0.0 0.0 -999 ""
FIBERMAP 603 R-11C2 APOGEE 0 0 0 1 0 0 -158.08004571931448 -228.28871231484786 143.1 267.5640845583427 -74.21749711178893 275.6321 62.847275 -999.0 -999.0 -999.0 -999.0 -999.0 45.014171679423434 -53.24197528366858 44.87775322075669 -53.12450247173059 65.68190658726546 173.67872318373614 -999.0 16600.0 -999.0 2 -999 {-999.0 -999.0 -999.0 -999.0 -999.0} "" -999.0 -999.0 -999.0 -999.0 -999 -999 "" "" "" "" 0 0 0.0 0.0 -999 ""
FIBERMAP 603 R-11C2 BOSS 1 1 0 1 0 0 -158.77235874289656 -228.0132891481324 143.1 267.5316336053391 -74.96184723192287 275.6321 62.847275 45.01328987189406 -53.2446115548158 39.557068 99.206436 8.567773 45.01407971860748 -53.244317093164625 44.877627321399146 -53.126748680503965 65.67970160133522 173.6797794032927 5400.0 5400.0 2016.0 1 516 {-999.0 17.102907 15.293608 14.138554 -999.0} sdss_psfmag_gaia 16.188913 14.827721 13.677843 11.549 63050395801545416 1075862265 bright_1x1 mwm_erosita_stars_boss mwm_erosita science 0 0 1.2788386344909668 0.0 -999 ""
FIBERMAP 603 R-11C2 METROLOGY 0 0 0 1 0 0 -158.19539622846355 -227.5496639559192 143.1 266.9040933374748 -74.56944082155009 275.6321 62.847275 -999.0 -999.0 -999.0 -999.0 -999.0 45.010982286976976 -53.24316431375201 44.874548783896614 -53.125616932482686 65.6811149672543 173.68376616457857 -999.0 6231.0 -999.0 -1 -999 {-999.0 -999.0 -999.0 -999.0 -999.0} "" -999.0 -999.0 -999.0 -999.0 -999 -999 "" "" "" "" 0 0 0.0 0.0 -999 ""
FIBERMAP 606 R-1C4 APOGEE 0 0 0 1 0 0 -225.18250545147185 -13.376299589038913 143.1 86.6759790304689 -208.25280056914153 157.73161 113.05313 -999.0 -999.0 -999.0 -999.0 -999.0 44.10718724181685 -53.65661260254048 43.97141957538304 -53.53741880961922 65.3505696309874 175.1137346360909 -999.0 16600.0 -999.0 2 -999 {-999.0 -999.0 -999.0 -999.0 -999.0} "" -999.0 -999.0 -999.0 -999.0 -999 -999 "" "" "" "" 0 0 0.0 0.0 -999 ""
FIBERMAP 606 R-1C4 BOSS 1 1 0 1 0 0 -225.21358913242508 -12.606093152226057 143.1 85.95885521718374 -208.5354122111086 157.73161 113.05313 44.103584993826544 -53.65762211760743 -0.14620395 -0.4085672 0.5634393 44.1035842615427 -53.65762333030399 43.967802032100096 -53.53832537228776 65.34993952280685 175.11912106582423 5400.0 5400.0 2016.0 1 510 {-999.0 20.500252 20.311518 20.150215 20.032305} sdss_psfmag_from_gaiadr2 20.434345 20.31371 19.791807 -999.0 63050395801407483 1130301991 dark_flexible_3x1 bhm_gua_dark_d3 bhm_filler science 0 0 0.0 0.0 -999 ""
FIBERMAP 606 R-1C4 METROLOGY 0 0 0 1 0 0 -224.54693073378223 -12.981910193859694 143.1 86.09454886021203 -207.78227772848635 157.73161 113.05313 -999.0 -999.0 -999.0 -999.0 -999.0 44.10426751122883 -53.655354189029254 43.968500183371475 -53.536085662673194 65.35210964734088 175.11746154799093 -999.0 6231.0 -999.0 -1 -999 {-999.0 -999.0 -999.0 -999.0 -999.0} "" -999.0 -999.0 -999.0 -999.0 -999 -999 "" "" "" "" 0 0 0.0 0.0 -999 ""
FIBERMAP 609 R+3C17 APOGEE 0 0 0 1 0 0 108.2390534349034 44.109076398735645 143.1 -77.24537160776931 87.71172441071396 317.0627 95.177666 -999.0 -999.0 -999.0 -999.0 -999.0 43.27255459696796 -52.76140852478959 43.143654008505735 -52.64100339575137 66.2970362979965 176.074818662724 -999.0 16600.0 -999.0 2 -999 {-999.0 -999.0 -999.0 -999.0 -999.0} "" -999.0 -999.0 -999.0 -999.0 -999 -999 "" "" "" "" 0 0 0.0 0.0 -999 ""
FIBERMAP 609 R+3C17 BOSS 1 1 0 1 0 0 107.68817352104173 43.460968882830954 143.1 -76.45219182939618 87.40461022533012 317.0627 95.177666 43.27593596855278 -52.76231489641675 19.184204 -25.644588 0.8648972 43.27647342004841 -52.762391013857645 43.14754153318443 -52.641898797250114 66.29591239162798 176.06919926968698 5400.0 5400.0 2016.0 1 227 {-999.0 15.888932 15.399412 15.236669 -999.0} sdss_psfmag_gaia 15.792341 15.433032 14.907966 14.025 63050395801551807 1136504173 dark_flexible_3x1 mwm_halo_local_high_boss_triple mwm_halo science 0 0 0.9658156633377075 0.0 -999 ""
FIBERMAP 609 R+3C17 METROLOGY 0 0 0 1 0 0 107.49518035416932 44.18750507050359 143.1 -77.07483687220403 86.98345887505486 317.0627 95.177666 -999.0 -999.0 -999.0 -999.0 -999.0 43.27332905881555 -52.76363018573897 43.14440470931652 -52.643158658786284 66.2948466084341 176.07422002965205 -999.0 6231.0 -999.0 -1 -999 {-999.0 -999.0 -999.0 -999.0 -999.0} "" -999.0 -999.0 -999.0 -999.0 -999 -999 "" "" "" "" 0 0 0.0 0.0 -999 ""
FIBERMAP 616 R+10C3 APOGEE 0 0 0 1 0 0 -117.18672765633922 199.73183059604767 143.1 -150.08370809379238 -176.34074841612048 54.594685 75.34975 -999.0 -999.0 -999.0 -999.0 -999.0 42.89882084180167 -53.560376452424364 42.76723186105045 -53.43911249334896 65.5226015586755 176.80352421463746 -999.0 16600.0 -999.0 2 13 {-999.0 -999.0 -999.0 -999.0 -999.0} "" -999.0 -999.0 -999.0 -999.0 -999 -999 "" ops_sky_apogee_best_unassigned ops_sky sky_apogee 0 0 0.0 0.0 -999 ""
FIBERMAP 616 R+10C3 BOSS 1 1 0 1 0 0 -116.70569276016266 199.17763939318385 143.1 -149.71853040301855 -175.70425490657288 54.594685 75.34975 42.90028249927243 -53.55859363232433 1.782202 0.14277749 0.015004526 42.900665881747265 -53.55859320853626 42.76906647196836 -53.437235619284735 65.52438262943812 176.80052440832193 5400.0 5400.0 2016.0 1 16 {-999.0 16.995811 16.15066 15.831606 -999.0} sdss_psfmag_gaia 16.744804 16.189978 15.48338 14.013 63050395801413204 1150804071 dark_flexible_3x1 manual_mwm_halo_distant_kgiant_near_boss_triple mwm_halo science 0 0 0.8007820844650269 0.0 -999 ""
FIBERMAP 616 R+10C3 METROLOGY 0 0 0 1 0 0 -117.44178917448951 199.02254115707996 143.1 -149.3300215675519 -176.34838868862516 54.594685 75.34975 -999.0 -999.0 -999.0 -999.0 -999.0 42.90258227841132 -53.56054895286424 42.77097123091511 -53.43922167482152 65.52231025551518 176.79818792548366 -999.0 6231.0 -999.0 -1 -999 {-999.0 -999.0 -999.0 -999.0 -999.0} "" -999.0 -999.0 -999.0 -999.0 -999 -999 "" "" "" "" 0 0 0.0 0.0 -999 ""
FIBERMAP 617 R-4C3 APOGEE 0 0 0 1 0 0 -197.16447013671254 -63.83992854335011 143.1 125.1184877133814 -165.20060948859884 82.655396 106.6213 -999.0 -999.0 -999.0 -999.0 -999.0 44.30129033105339 -53.525260025686926 44.16559040208159 -53.40644365765862 65.46551859231823 174.79768733497778 -999.0 16600.0 -999.0 2 242 {-999.0 -999.0 -999.0 -999.0 -999.0} "" -999.0 -999.0 -999.0 -999.0 -999 -999 "" ops_sky_apogee_best_unassigned ops_sky sky_apogee 0 0 0.0 0.0 -999 ""
FIBERMAP 617 R-4C3 BOSS 1 1 0 1 0 0 -196.41343283586758 -63.73637182531332 143.1 124.77373929373583 -164.52541849562616 82.655396 106.6213 44.29958295896388 -53.52337392542091 -0.3032916 -0.23014927 0.07305593 44.29958144470207 -53.52337460854289 44.16387433365182 -53.40445875522897 65.46762191408092 174.79949358869666 5400.0 5400.0 2016.0 1 499 {-999.0 19.600744 19.446985 19.313519 19.233551} sdss_psfmag_from_gaiadr2 19.521297 19.43856 18.995657 -999.0 63050395801544942 1130304670 dark_flexible_3x1 bhm_gua_dark_d3 bhm_filler science 0 0 0.0 0.0 -999 ""
FIBERMAP 617 R-4C3 METROLOGY 0 0 0 1 0 0 -196.69080268236948 -64.42991994937196 143.1 125.51989588478808 -164.55930167299326 82.655396 106.6213 -999.0 -999.0 -999.0 -999.0 -999.0 44.30340191491699 -53.52343994810233 44.167689036547756 -53.404558294628224 65.46722073038671 174.79409694986458 -999.0 6231.0 -999.0 -1 -999 {-999.0 -999.0 -999.0 -999.0 -999.0} "" -999.0 -999.0 -999.0 -999.0 -999 -999 "" "" "" "" 0 0 0.0 0.0 -999 ""
FIBERMAP 618 R+8C5 APOGEE 0 0 0 1 0 0 -121.86509263398754 157.2654050434548 143.1 -108.44219520886635 -166.79503772240366 138.99304 142.86809 -999.0 -999.0 -999.0 -999.0 -999.0 43.11084376250473 -53.532683149243255 42.9787366964207 -53.41179069077498 65.53901191403205 176.49471927054432 -999.0 16600.0 -999.0 2 42 {-999.0 -999.0 -999.0 -999.0 -999.0} "" -999.0 -999.0 -999.0 -999.0 -999 -999 "" ops_sky_apogee_best_unassigned ops_sky sky_apogee 0 0 0.0 0.0 -999 ""
FIBERMAP 618 R+8C5 BOSS 1 1 0 1 0 0 -122.02049229245229 157.98912381981674 143.1 -109.07454105155722 -167.17976121571974 138.99304 142.86809 43.10758470639288 -53.53397726902045 -0.44585115 0.47327226 -0.1220742 43.107582479808286 -53.533975864268264 42.97546450711423 -53.412980293402335 65.53800193060982 176.4996680293506 5400.0 5400.0 2016.0 1 70 {-999.0 19.402218 19.162813 19.120203 19.115013} sdss_psfmag_from_lsdr10 19.31712 19.21232 18.90379 -999.0 63050395801413152 1131238353 dark_flexible_3x1 bhm_spiders_agn_lsdr10_d3 bhm_spiders science 0 0 0.0 0.0 -999 ""
FIBERMAP 618 R+8C5 METROLOGY 0 0 0 1 0 0 -121.31616511392482 157.763840074068 143.1 -109.09338974699862 -166.44055226993115 138.99304 142.86809 -999.0 -999.0 -999.0 -999.0 -999.0 43.10746677295402 -53.531738061488646 42.97536418232744 -53.41077043739797 65.54020825794802 176.49933376338456 -999.0 6231.0 -999.0 -1 -999 {-999.0 -999.0 -999.0 -999.0 -999.0} "" -999.0 -999.0 -999.0 -999.0 -999 -999 "" "" "" "" 0 0 0.0 0.0 -999 ""
FIBERMAP 621 R-1C10 APOGEE 0 0 0 1 0 0 -79.5448988578076 -29.631298697233376 143.1 54.13812254605171 -65.37494487171514 239.03264 139.60817 -999.0 -999.0 -999.0 -999.0 -999.0 43.936721268211556 -53.22524837461057 43.80360361883464 -53.10587281991728 65.79118158738893 175.2256170703283 -999.0 16600.0 -999.0 2 -999 {-999.0 -999.0 -999.0 -999.0 -999.0} "" -999.0 -999.0 -999.0 -999.0 -999 -999 "" "" "" "" 0 0 0.0 0.0 -999 ""
FIBERMAP 621 R-1C10 BOSS 1 1 0 1 0 0 -80.25855271317228 -29.863928175420565 143.1 54.592468516180475 -65.97239134646337 239.03264 139.60817 43.93911781287572 -53.22718567982078 -999.0 -999.0 -999.0 43.93911781287572 -53.22718567982078 43.8059640267568 -53.10771809726784 65.78917807814057 175.22273288973275 5400.0 5400.0 2016.0 1 509 {-999.0 22.5881 22.309181 21.847132 21.486988} sdss_fiber2mag_from_lsdr10 1e+20 1e+20 1e+20 -999.0 63050396674886439 1131240479 dark_flexible_3x1 bhm_spiders_agn_lsdr10_d3 bhm_spiders science 0 0 0.0 0.0 -999 ""
FIBERMAP 621 R-1C10 METROLOGY 0 0 0 1 0 0 -80.1070792387351 -29.137890715846474 143.1 53.85702760726595 -66.06808152624451 239.03264 139.60817 -999.0 -999.0 -999.0 -999.0 -999.0 43.93539419117675 -53.22747076313679 43.802255721560755 -53.1080237026473 65.7891446441519 175.2282114883286 -999.0 6231.0 -999.0 -1 -999 {-999.0 -999.0 -999.0 -999.0 -999.0} "" -999.0 -999.0 -999.0 -999.0 -999 -999 "" "" "" "" 0 0 0.0 0.0 -999 ""
FIBERMAP 622 R-9C14 APOGEE 0 0 0 1 0 0 86.8447147294968 -172.15219919460256 143.1 134.01587533228667 138.61857919988952 179.56328 108.550514 -999.0 -999.0 -999.0 -999.0 -999.0 44.32796281162551 -52.60439911919036 44.196688992162706 -52.485879267685895 66.3749844074655 174.4453249507592 -999.0 16600.0 -999.0 2 198 {-999.0 -999.0 -999.0 -999.0 -999.0} "" -999.0 -999.0 -999.0 -999.0 -999 -999 "" ops_sky_apogee_best_unassigned ops_sky sky_apogee 0 0 0.0 0.0 -999 ""
FIBERMAP 622 R-9C14 BOSS 1 1 0 1 0 0 86.6218715328696 -171.4463868362665 143.1 133.42261607193333 138.17605333334527 179.56328 108.550514 44.325129238675736 -52.60580466583554 -999.0 -999.0 -999.0 44.32512923867573 -52.60580466583554 44.19383561308163 -52.487186548980034 66.37393123372325 174.45007186249902 5400.0 5400.0 2016.0 1 274 {-999.0 22.5531 20.926468 20.304369 19.860811} sdss_fiber2mag_from_lsdr10 1e+20 1e+20 1e+20 -999.0 63050397389952439 1131246805 dark_flexible_3x1 bhm_spiders_agn_lsdr10_d3 bhm_spiders science 0 0 0.0 0.0 -999 ""
FIBERMAP 622 R-9C14 METROLOGY 0 0 0 1 0 0 87.34730136950493 -171.60094659416976 143.1 133.33004022227567 138.911935258978 179.56328 108.550514 -999.0 -999.0 -999.0 -999.0 -999.0 44.324637872984106 -52.60353759679059 44.19336258757346 -52.484945553718646 66.37619051420519 174.45000699195194 -999.0 6231.0 -999.0 -1 -999 {-999.0 -999.0 -999.0 -999.0 -999.0} "" -999.0 -999.0 -999.0 -999.0 -999 -999 "" "" "" "" 0 0 0.0 0.0 -999 ""
FIBERMAP 625 R+1C2 APOGEE 0 0 0 1 0 0 -238.4517810082686 8.972505842661983 143.1 69.93405464112402 -228.13233509104742 44.97915 21.432142 -999.0 -999.0 -999.0 -999.0 -999.0 44.022324543184716 -53.71699710142011 43.886513370819216 -53.59763791251702 65.29704816956205 175.25142292092409 -999.0 16600.0 -999.0 2 -999 {-999.0 -999.0 -999.0 -999.0 -999.0} "" -999.0 -999.0 -999.0 -999.0 -999 -999 "" "" "" "" 0 0 0.0 0.0 -999 ""
FIBERMAP 625 R+1C2 BOSS 1 1 0 1 0 0 -238.71366125232856 8.300268106343012 143.1 70.65499350043662 -228.15859789711325 44.97915 21.432142 44.0255289068789 -53.717220768712934 21.078667 13.530376 0.5843743 44.02604644730528 -53.71718060821955 43.89020293990623 -53.597730060895614 65.29668946837538 175.24624976601075 5400.0 5400.0 2016.0 1 11 {-999.0 16.099653 15.690479 15.560476 -999.0} sdss_psfmag_gaia 16.030006 15.715923 15.231479 14.353 63050395801407473 1136503597 dark_flexible_3x1 mwm_halo_local_high_boss_triple mwm_halo science 0 0 0.8773213624954224 0.0 -999 ""
FIBERMAP 625 R+1C2 METROLOGY 0 0 0 1 0 0 -239.19299026920385 8.871972025963666 143.1 70.2727167462942 -228.79923895592216 44.97915 21.432142 -999.0 -999.0 -999.0 -999.0 -999.0 44.02412599595522 -53.71912848163174 43.888284097457586 -53.59970171161059 65.29487157675482 175.24952989692756 -999.0 6231.0 -999.0 -1 -999 {-999.0 -999.0 -999.0 -999.0 -999.0} "" -999.0 -999.0 -999.0 -999.0 -999 -999 "" "" "" "" 0 0 0.0 0.0 -999 ""
FIBERMAP 628 R-7C16 APOGEE 0 0 0 1 0 0 114.871403285932 -155.45150039370264 143.1 109.02888489758624 159.59410047277396 309.24625 38.97486 -999.0 -999.0 -999.0 -999.0 -999.0 44.202186837654956 -52.54169422480935 44.07158073580331 -52.42296953242803 66.44773373880179 174.6125443387858 -999.0 16600.0 -999.0 2 207 {-999.0 -999.0 -999.0 -999.0 -999.0} "" -999.0 -999.0 -999.0 -999.0 -999 -999 "" ops_sky_apogee_best_unassigned ops_sky sky_apogee 0 0 0.0 0.0 -999 ""
FIBERMAP 628 R-7C16 BOSS 1 1 0 1 0 0 114.12575638296154 -155.30018772641674 143.1 109.13117487406925 158.84019425618735 309.24625 38.97486 44.20226522421668 -52.543982420910744 17.806656 -10.282086 0.59619683 44.20281765142054 -52.54401293985121 44.072178270468854 -52.42519616962404 66.44547831735477 174.61239106264304 5400.0 5400.0 2016.0 1 292 {-999.0 15.542003 15.159944 15.0409 -999.0} sdss_psfmag_gaia 15.483258 15.182113 14.713884 13.966 63050395801552181 1136504175 dark_flexible_3x1 mwm_halo_local_high_boss_triple mwm_halo science 0 0 1.019183874130249 0.0 -999 ""
FIBERMAP 628 R-7C16 METROLOGY 0 0 0 1 0 0 114.62496350871136 -154.74331557821543 143.1 108.44114418757638 159.12851106134642 309.24625 38.97486 -999.0 -999.0 -999.0 -999.0 -999.0 44.19938340575737 -52.543111730284345 44.06876397609943 -52.42431534737787 66.44663133828351 174.61725713276618 -999.0 6231.0 -999.0 -1 -999 {-999.0 -999.0 -999.0 -999.0 -999.0} "" -999.0 -999.0 -999.0 -999.0 -999 -999 "" "" "" "" 0 0 0.0 0.0 -999 ""
FIBERMAP 629 R0C19 APOGEE 0 0 0 1 0 0 121.01432804393319 -5.9561162643284975 143.1 -34.167031912995114 116.23839665088535 306.76282 135.8004 -999.0 -999.0 -999.0 -999.0 -999.0 43.48853136338524 -52.67498685398174 43.35939585279169 -52.554978859339506 66.36912069141337 175.72805256522742 -999.0 16600.0 -999.0 2 90 {-999.0 -999.0 -999.0 -999.0 -999.0} "" -999.0 -999.0 -999.0 -999.0 -999 -999 "" ops_sky_apogee_best_unassigned ops_sky sky_apogee 0 0 0.0 0.0 -999 ""
FIBERMAP 629 R0C19 BOSS 1 1 0 1 0 0 120.92178029045509 -6.693946069089228 143.1 -33.43983073833747 116.39361088919175 306.76282 135.8004 43.49216286781568 -52.67454768067588 -0.8876507 0.12069276 0.41255772 43.49215852258014 -52.67454732243926 43.36299795661834 -52.55445250957862 66.36940921263599 175.72247956832302 5400.0 5400.0 2016.0 1 253 {-999.0 20.558483 20.30522 20.0777 19.893194} sdss_psfmag_from_gaiadr2 20.536476 20.340021 19.718193 -999.0 63050395801551842 1130304807 dark_flexible_3x1 bhm_gua_dark_d3 bhm_filler science 0 0 0.0 0.0 -999 ""
FIBERMAP 629 R0C19 METROLOGY 0 0 0 1 0 0 120.32192847420885 -6.255144680598321 143.1 -33.656970877259766 115.68285483496264 306.76282 135.8004 -999.0 -999.0 -999.0 -999.0 -999.0 43.491061824054796 -52.676663964877505 43.361899030365976 -52.55659306206137 66.36735266503851 175.72470942557644 -999.0 6231.0 -999.0 -1 -999 {-999.0 -999.0 -999.0 -999.0 -999.0} "" -999.0 -999.0 -999.0 -999.0 -999 -999 "" "" "" "" 0 0 0.0 0.0 -999 ""
FIBERMAP 632 R-6C1 APOGEE 0 0 0 1 0 0 -212.30093216786673 -124.9617892477736 143.1 187.8160773802451 -159.3967626821667 334.43518 105.50298 -999.0 -999.0 -999.0 -999.0 -999.0 44.61926729112085 -53.504511638618304 44.48271194623493 -53.38626357738989 65.45925524873707 174.34002504176314 -999.0 16600.0 -999.0 2 274 {-999.0 -999.0 -999.0 -999.0 -999.0} "" -999.0 -999.0 -999.0 -999.0 -999 -999 "" ops_sky_apogee_best_unassigned ops_sky sky_apogee 0 0 0.0 0.0 -999 ""
FIBERMAP 632 R-6C1 BOSS 1 1 0 1 0 0 -212.42682054379583 -125.70811167044555 143.1 188.56226155883996 -159.27024114519145 334.43518 105.50298 44.623143896991294 -53.50424539568521 -10.616393 16.755215 2.9765978 44.623090915883814 -53.504195663360996 44.48650309998329 -53.385857909320116 65.45932952116227 174.3344970194822 5400.0 5400.0 2016.0 1 446 {-999.0 20.17751 19.988785 19.947815 -999.0} sdss_psfmag_gaia 20.23706 19.980371 19.679605 -999.0 63050395801544733 1143594968 dark_1x3 mwm_wd_pwd_boss_1x3 mwm_wd science 0 0 0.0 0.0 -999 ""
FIBERMAP 632 R-6C1 METROLOGY 0 0 0 1 0 0 -212.99659754893764 -125.24912752205606 143.1 188.3161726843959 -159.95923249743106 334.43518 105.50298 -999.0 -999.0 -999.0 -999.0 -999.0 44.62193705448818 -53.50628836009391 44.485347722949655 -53.38797513201021 65.45733430712687 174.33687621255154 -999.0 6231.0 -999.0 -1 -999 {-999.0 -999.0 -999.0 -999.0 -999.0} "" -999.0 -999.0 -999.0 -999.0 -999 -999 "" "" "" "" 0 0 0.0 0.0 -999 ""
FIBERMAP 633 R+7C5 APOGEE 0 0 0 1 0 0 -121.27148367493054 121.49978898756683 143.1 -74.86211390288813 -154.47408373842126 290.1001 106.313324 -999.0 -999.0 -999.0 -999.0 -999.0 43.28195798066045 -53.495992960943255 43.14950488840435 -53.375405418821934 65.56578035938108 176.241563561159 -999.0 16600.0 -999.0 2 34 {-999.0 -999.0 -999.0 -999.0 -999.0} "" -999.0 -999.0 -999.0 -999.0 -999 -999 "" ops_sky_apogee_best_unassigned ops_sky sky_apogee 0 0 0.0 0.0 -999 ""
FIBERMAP 633 R+7C5 BOSS 1 1 0 1 0 0 -121.88586490996434 121.07824838236724 143.1 -74.2620122780928 -154.91566469993475 290.1001 106.313324 43.284981058861554 -53.49749032904796 -999.0 -999.0 -999.0 43.284981058861554 -53.49749032904796 43.15249571824723 -53.37681062877854 65.56421012773754 176.23759694642783 5400.0 5400.0 2016.0 1 57 {-999.0 21.452871 20.11013 19.597183 19.239141} sdss_fiber2mag_from_lsdr10 20.211227 21.255323 18.423506 15.696 63050395801412503 1128176630 dark_flexible_3x1 bhm_spiders_clusters_lsdr10_d3 bhm_spiders science 0 0 0.0 0.0 -999 ""
FIBERMAP 633 R+7C5 METROLOGY 0 0 0 1 0 0 -121.95239174706386 121.80139472800182 143.1 -74.92304053110864 -155.21627289125178 290.1001 106.313324 -999.0 -999.0 -999.0 -999.0 -999.0 43.281592449355706 -53.498382804561714 43.149117570114356 -53.3777244880517 65.56349421689077 176.24265814591814 -999.0 6231.0 -999.0 -1 -999 {-999.0 -999.0 -999.0 -999.0 -999.0} "" -999.0 -999.0 -999.0 -999.0 -999 -999 "" "" "" "" 0 0 0.0 0.0 -999 ""
FIBERMAP 634 R+2C21 APOGEE 0 0 0 1 0 0 196.12440647733916 37.50013847910408 143.1 -99.90250710875537 172.87942275597592 22.829205 87.4064 -999.0 -999.0 -999.0 -999.0 -999.0 43.16142423561667 -52.50352289976898 43.034061751097965 -52.38299547121607 66.56030020383047 176.17818932107755 -999.0 16600.0 -999.0 2 73 {-999.0 -999.0 -999.0 -999.0 -999.0} "" -999.0 -999.0 -999.0 -999.0 -999 -999 "" ops_sky_apogee_best_unassigned ops_sky sky_apogee 0 0 0.0 0.0 -999 ""
FIBERMAP 634 R+2C21 BOSS 1 1 0 1 0 0 196.33944118759015 36.783844318440394 143.1 -99.29678178406208 173.31802128150923 22.829205 87.4064 43.16441545851946 -52.50224845538295 0.60615593 0.8517245 0.21017806 43.16441841413591 -52.50224592732045 43.03703854454664 -52.381631490330506 66.56148432426369 176.17331467786758 5400.0 5400.0 2016.0 1 231 {-999.0 20.545843 20.428474 20.30275 20.262743} sdss_psfmag_from_gaiadr2 20.344494 20.424685 19.978632 -999.0 63050395801569908 1130305181 dark_flexible_3x1 bhm_gua_dark_d3 bhm_filler science 0 0 0.0 0.0 -999 ""
FIBERMAP 634 R+2C21 METROLOGY 0 0 0 1 0 0 195.6198004023267 36.9546416056476 143.1 -99.22144339467548 172.582267056046 22.829205 87.4064 -999.0 -999.0 -999.0 -999.0 -999.0 43.164744446054556 -52.50441799842845 43.03735752856454 -52.383829733654146 66.55927753443073 176.17335580029368 -999.0 6231.0 -999.0 -1 -999 {-999.0 -999.0 -999.0 -999.0 -999.0} "" -999.0 -999.0 -999.0 -999.0 -999 -999 "" "" "" "" 0 0 0.0 0.0 -999 ""
FIBERMAP 636 R-3C16 APOGEE 0 0 0 1 0 0 60.26153467723121 -52.77979335407254 143.1 30.027535523564158 74.26294631772826 205.94705 67.073166 -999.0 -999.0 -999.0 -999.0 -999.0 43.81092752824852 -52.80172667924872 43.68023322031348 -52.68224571148907 66.22067734305881 175.282378677707 -999.0 16600.0 -999.0 2 220 {-999.0 -999.0 -999.0 -999.0 -999.0} "" -999.0 -999.0 -999.0 -999.0 -999 -999 "" ops_sky_apogee_best_unassigned ops_sky sky_apogee 0 0 0.0 0.0 -999 ""
FIBERMAP 636 R-3C16 BOSS 1 1 0 1 0 0 60.20995753737771 -52.027337273840295 143.1 29.33391288367821 73.96681830865026 205.94705 67.073166 43.80749948085076 -52.80268480112695 0.11353616 0.08337577 -0.17919573 43.80750003827024 -52.80268455365357 43.67679288000782 -52.6831035273096 66.2200728756148 175.28776692406188 5400.0 5400.0 2016.0 1 317 {-999.0 18.626001 18.481125 18.358307 18.242655} sdss_psfmag_from_gdr3 18.647646 18.455921 18.046516 -999.0 63050395801551574 1059482576 dark_flexible_2x1 bhm_spiders_agn_gaiadr3 bhm_spiders science 0 0 0.0 0.0 -999 ""
FIBERMAP 636 R-3C16 METROLOGY 0 0 0 1 0 0 60.88367482765688 -52.359263278066564 143.1 29.425836921103382 74.71218669361396 205.94705 67.073166 -999.0 -999.0 -999.0 -999.0 -999.0 43.807940942566375 -52.80038828320498 43.677248660865644 -52.680835239932506 66.22229242602253 175.28641969266388 -999.0 6231.0 -999.0 -1 -999 {-999.0 -999.0 -999.0 -999.0 -999.0} "" -999.0 -999.0 -999.0 -999.0 -999 -999 "" "" "" "" 0 0 0.0 0.0 -999 ""
FIBERMAP 642 R-2C18 APOGEE 0 0 0 1 0 0 127.5304728826874 -29.86918812871939 143.1 -13.727340937266577 130.25496907834793 65.119835 76.7683 -999.0 -999.0 -999.0 -999.0 -999.0 43.59070230537661 -52.63243387535044 43.46146496335871 -52.512614793264675 66.40445417514425 175.56243115428464 -999.0 16600.0 -999.0 2 -999 {-999.0 -999.0 -999.0 -999.0 -999.0} "" -999.0 -999.0 -999.0 -999.0 -999 -999 "" "" "" "" 0 0 0.0 0.0 -999 ""
FIBERMAP 642 R-2C18 BOSS 1 1 0 1 0 0 128.12150568526766 -30.342361867625787 143.1 -13.474841407911459 130.96869914260765 65.119835 76.7683 43.59196484434729 -52.630299500884526 -999.0 -999.0 -999.0 43.59196484434729 -52.630299500884526 43.46271675463751 -52.51039012215371 66.40658032738997 175.55992154206183 5400.0 5400.0 2016.0 1 299 {-999.0 21.72026 21.494835 21.135805 20.82015} sdss_psfmag_from_lsdr10 1e+20 1e+20 1e+20 -999.0 63050398105306391 1131244707 dark_flexible_3x1 bhm_spiders_agn_lsdr10_d3 bhm_spiders science 0 0 0.0 0.0 -999 ""
FIBERMAP 642 R-2C18 METROLOGY 0 0 0 1 0 0 127.42696264886995 -30.609987594358472 143.1 -12.993730701318793 130.40080737296142 65.119835 76.7683 -999.0 -999.0 -999.0 -999.0 -999.0 43.59436796979178 -52.631976401819884 43.465109666436774 -52.51209711874254 66.40472187425846 175.55678016715166 -999.0 6231.0 -999.0 -1 -999 {-999.0 -999.0 -999.0 -999.0 -999.0} "" -999.0 -999.0 -999.0 -999.0 -999 -999 "" "" "" "" 0 0 0.0 0.0 -999 ""
FIBERMAP 643 R+9C3 APOGEE 0 0 0 1 0 0 -147.19302783848863 187.22288581016332 143.1 -128.40426988308795 -200.56404081260862 93.40371 120.20606 -999.0 -999.0 -999.0 -999.0 -999.0 43.008671911147964 -53.634064749393566 42.87638524809137 -53.51296916284858 65.4435643367533 176.66242490174432 -999.0 16600.0 -999.0 2 35 {-999.0 -999.0 -999.0 -999.0 -999.0} "" -999.0 -999.0 -999.0 -999.0 -999 -999 "" ops_sky_apogee_best_unassigned ops_sky sky_apogee 0 0 0.0 0.0 -999 ""
FIBERMAP 643 R+9C3 BOSS 1 1 0 1 0 0 -146.55007718619942 187.65553021312078 143.1 -129.02425152205777 -200.09913144186837 93.40371 120.20606 43.005508281285906 -53.632772575087685 -0.16130553 1.0115521 -0.14611778 43.00550747383958 -53.63276957262989 42.87322284504545 -53.51157130200298 65.4451179734205 176.66664563777613 5400.0 5400.0 2016.0 1 59 {-999.0 20.839933 20.42036 20.027607 19.69665} sdss_psfmag_from_gaiadr2 20.499025 20.552124 19.327229 -999.0 63050395801413136 1130302073 dark_flexible_3x1 bhm_gua_dark_d3 bhm_filler science 0 0 0.0 0.0 -999 ""
FIBERMAP 643 R+9C3 METROLOGY 0 0 0 1 0 0 -146.52808850325408 186.8942953850532 143.1 -128.31260945100934 -199.82805869074966 93.40371 120.20606 -999.0 -999.0 -999.0 -999.0 -999.0 43.00909766636091 -53.631977825837765 42.87680976692309 -53.510813596142164 65.44569037015523 176.66137552283712 -999.0 6231.0 -999.0 -1 -999 {-999.0 -999.0 -999.0 -999.0 -999.0} "" -999.0 -999.0 -999.0 -999.0 -999 -999 "" "" "" "" 0 0 0.0 0.0 -999 ""
FIBERMAP 646 R-9C11 APOGEE 0 0 0 1 0 0 50.35480051571021 -187.1738803188592 143.1 160.20014603527346 109.09871687516504 20.387041 44.19392 -999.0 -999.0 -999.0 -999.0 -999.0 44.460657205128925 -52.692824214552616 44.328569544845436 -52.574515053248454 66.27590663558449 174.27869946472507 -999.0 16600.0 -999.0 2 164 {-999.0 -999.0 -999.0 -999.0 -999.0} "" -999.0 -999.0 -999.0 -999.0 -999 -999 "" "" "" "" 0 0 0.0 0.0 -999 ""
FIBERMAP 646 R-9C11 BOSS 1 1 0 1 0 0 50.06015118564317 -187.8578226598182 143.1 160.94291320770438 109.04535725751393 20.387041 44.19392 44.464466814448336 -52.693016991255554 -0.25370958 -0.5280974 0.19175078 44.4644655719616 -52.69301855873797 44.3323436468939 -52.57462284909573 66.2754707821402 174.27309619448533 5400.0 5400.0 2016.0 1 397 {-999.0 19.395681 18.521671 18.160387 17.830177} sdss_fiber2mag_from_lsdr10 18.352236 19.680424 16.930723 14.987 63050395801551063 1057824429 dark_flexible_2x1 bhm_spiders_clusters_lsdr10 bhm_spiders science 0 0 0.0 0.0 -999 ""
FIBERMAP 646 R-9C11 METROLOGY 0 0 0 1 0 0 49.60859070707632 -187.24787791646517 143.1 160.5153929239125 108.41836515440609 20.387041 44.19392 -999.0 -999.0 -999.0 -999.0 -999.0 44.462413967775646 -52.6948900989261 44.33029524357363 -52.57651665490674 66.27377527646051 174.2768336607182 -999.0 6231.0 -999.0 -1 -999 {-999.0 -999.0 -999.0 -999.0 -999.0} "" -999.0 -999.0 -999.0 -999.0 -999 -999 "" "" "" "" 0 0 0.0 0.0 -999 ""
FIBERMAP 651 R-2C19 APOGEE 0 0 0 1 1 0 125.92583798081631 -57.47561978993214 143.1 12.870434252910753 137.8171239038655 301.06348 46.088894 -999.0 -999.0 -999.0 -999.0 -999.0 43.72351812545731 -52.60930882607557 43.593997602408876 -52.48972721506797 66.41801743676982 175.35562316814878 -999.0 16600.0 -999.0 2 240 {-999.0 -999.0 -999.0 -999.0 -999.0} "" -999.0 -999.0 -999.0 -999.0 -999 -999 "" ops_sky_apogee_best_unassigned ops_sky sky_apogee 0 0 0.0 0.0 -999 ""
FIBERMAP 651 R-2C19 BOSS 0 0 0 1 1 0 125.20894495380286 -57.33346119376975 143.1 12.971914086643556 137.09338144254278 301.06348 46.088894 -999.0 -999.0 -999.0 -999.0 -999.0 43.72406756822351 -52.61152664635485 43.59451705232527 -52.49185242438073 66.41586986515355 175.35545571123524 -999.0 5400.0 -999.0 1 303 {-999.0 -999.0 -999.0 -999.0 -999.0} "" -999.0 -999.0 -999.0 -999.0 -999 -999 "" "" "" "" 0 0 0.0 0.0 -999 ""
FIBERMAP 651 R-2C19 METROLOGY 0 0 0 1 1 0 125.69633363267786 -56.76466842865011 143.1 12.274512280203174 137.36661778003153 301.06348 46.088894 -999.0 -999.0 -999.0 -999.0 -999.0 43.72057426000031 -52.61066563216132 43.59104320961194 -52.49101190147279 66.41695054272489 175.36046242752485 -999.0 6231.0 -999.0 -1 -999 {-999.0 -999.0 -999.0 -999.0 -999.0} "" -999.0 -999.0 -999.0 -999.0 -999 -999 "" "" "" "" 0 0 0.0 0.0 -999 ""
FIBERMAP 652 R-4C22 APOGEE 0 0 0 1 0 0 230.111610503156 -94.48354184343972 143.1 13.560717145321679 248.37386232554917 323.18585 77.41106 -999.0 -999.0 -999.0 -999.0 -999.0 43.72471696318052 -52.275781759896006 43.59675887636314 -52.15629195516052 66.74896031997892 175.25313902729442 -999.0 16600.0 -999.0 2 -999 {-999.0 -999.0 -999.0 -999.0 -999.0} "" -999.0 -999.0 -999.0 -999.0 -999 -999 "" "" "" "" 0 0 0.0 0.0 -999 ""
FIBERMAP 652 R-4C22 BOSS 1 1 0 1 0 0 229.55116398760703 -95.00951767727967 143.1 14.241707502862837 248.01755481859297 323.18585 77.41106 43.728112240640435 -52.276916456120176 -999.0 -999.0 -999.0 43.72811224064043 -52.276916456120176 43.6001212543205 -52.15734077925519 66.74767537834794 175.2482637527567 5400.0 5400.0 2016.0 1 278 {-999.0 22.526213 22.130077 21.563341 21.119339} sdss_fiber2mag_from_lsdr10 1e+20 1e+20 1e+20 -999.0 63050398820435299 1131248926 dark_flexible_3x1 bhm_spiders_agn_lsdr10_d3 bhm_spiders science 0 0 0.0 0.0 -999 ""
FIBERMAP 652 R-4C22 METROLOGY 0 0 0 1 0 0 229.40049854241548 -94.25155478326629 143.1 13.575466522381069 247.62604199797067 323.18585 77.41106 -999.0 -999.0 -999.0 -999.0 -999.0 43.72482353877518 -52.2780312051724 43.59684196369352 -52.15847541705867 66.74678608768613 175.2536631836299 -999.0 6231.0 -999.0 -1 -999 {-999.0 -999.0 -999.0 -999.0 -999.0} "" -999.0 -999.0 -999.0 -999.0 -999 -999 "" "" "" "" 0 0 0.0 0.0 -999 ""
FIBERMAP 653 R+5C11 APOGEE 0 0 0 1 0 0 -12.023011560310024 115.81834339182345 143.1 -105.4197056561422 -49.437093455012175 133.41315 68.99837 -999.0 -999.0 -999.0 -999.0 -999.0 43.128146456841804 -53.17733535969791 42.997703124807174 -53.05656894886723 65.89174131726236 176.38891657593243 -999.0 16600.0 -999.0 2 142 {-999.0 -999.0 -999.0 -999.0 -999.0} "" -999.0 -999.0 -999.0 -999.0 -999 -999 "" ops_sky_apogee_best_unassigned ops_sky sky_apogee 0 0 0.0 0.0 -999 ""
FIBERMAP 653 R+5C11 BOSS 1 1 0 1 0 0 -11.325353162878772 116.07524048832497 143.1 -105.89170916430132 -48.86273192621939 133.41315 68.99837 43.12569368266312 -53.17570672453647 -0.24115746 0.112329625 0.56563604 43.125692488401754 -53.175706391123136 42.995250036915245 -53.05484071715463 65.89359733672266 176.39212363561472 5400.0 5400.0 2016.0 1 143 {-999.0 20.581745 20.366581 20.179342 20.033564} sdss_psfmag_from_gaiadr2 20.681435 20.380875 19.96234 -999.0 63050395801414275 1130302095 dark_flexible_3x1 bhm_gua_dark_d3 bhm_filler science 0 0 0.0 0.0 -999 ""
FIBERMAP 653 R+5C11 METROLOGY 0 0 0 1 0 0 -11.449081348553374 115.34277325988967 143.1 -105.15931945217682 -48.73872625048985 133.41315 68.99837 -999.0 -999.0 -999.0 -999.0 -999.0 43.1293777139374 -53.17531925896573 42.99892981867481 -53.054487050344484 65.89374686525672 176.38665182265413 -999.0 6231.0 -999.0 -1 -999 {-999.0 -999.0 -999.0 -999.0 -999.0} "" -999.0 -999.0 -999.0 -999.0 -999 -999 "" "" "" "" 0 0 0.0 0.0 -999 ""
FIBERMAP 656 R+4C4 APOGEE 0 0 0 1 0 0 -171.44988354362474 85.30794430756124 143.1 -24.18477187378633 -189.9595404061692 27.223536 133.5352 -999.0 -999.0 -999.0 -999.0 -999.0 43.540515444075496 -53.60343431269809 43.40674328660583 -53.48326529827864 65.44305155829447 175.89995106118786 -999.0 16600.0 -999.0 2 -999 {-999.0 -999.0 -999.0 -999.0 -999.0} "" -999.0 -999.0 -999.0 -999.0 -999 -999 "" "" "" "" 0 0 0.0 0.0 -999 ""
FIBERMAP 656 R+4C4 BOSS 1 1 0 1 0 0 -170.76100385652106 85.05620720191914 143.1 -24.17355991699916 -189.22622096219052 27.223536 133.5352 43.540145926398665 -53.601395344600384 11.2885685 5.898213 1.1130372 43.5405708903134 -53.601377837693086 43.40679187138856 -53.48111217546969 65.4451897251142 175.89933750661856 5400.0 5400.0 2016.0 1 37 {-999.0 17.530771 16.368626 15.877541 -999.0} sdss_psfmag_gaia 17.108553 16.359589 15.499948 13.641 63050395801412399 1075861631 bright_1x1 mwm_erosita_stars_boss mwm_erosita science 0 0 0.7872008681297302 0.0 -999 ""
FIBERMAP 656 R+4C4 METROLOGY 0 0 0 1 0 0 -171.30472969039965 84.57416738254246 143.1 -23.539558609859874 -189.5811852416524 27.223536 133.5352 -999.0 -999.0 -999.0 -999.0 -999.0 43.54380252136504 -53.602445115420174 43.410012763149325 -53.48221226218708 65.44389421477214 175.89502920358362 -999.0 6231.0 -999.0 -1 -999 {-999.0 -999.0 -999.0 -999.0 -999.0} "" -999.0 -999.0 -999.0 -999.0 -999 -999 "" "" "" "" 0 0 0.0 0.0 -999 ""
FIBERMAP 657 R-1C7 APOGEE 0 0 0 1 0 0 -131.90666113984722 -16.94307772076992 143.1 59.37348830434955 -118.99490708811194 16.983973 110.307816 -999.0 -999.0 -999.0 -999.0 -999.0 43.96502509571017 -53.387704037539315 43.83102467714673 -53.268333978012606 65.62792723054565 175.23390125529883 -999.0 16600.0 -999.0 2 280 {-999.0 -999.0 -999.0 -999.0 -999.0} "" -999.0 -999.0 -999.0 -999.0 -999 -999 "" ops_sky_apogee_best_unassigned ops_sky sky_apogee 0 0 0.0 0.0 -999 ""
FIBERMAP 657 R-1C7 BOSS 1 1 0 1 0 0 -131.4490529814532 -17.54855015017075 143.1 59.79479657094438 -118.36367443411505 16.983973 110.307816 43.967212842264715 -53.38593265497645 0.86888653 -1.1293437 0.18717466 43.96721716638857 -53.385936007059726 43.833199189457986 -53.266473878086046 65.62961548440475 175.2302251237821 5400.0 5400.0 2016.0 1 460 {-999.0 20.738916 20.466335 20.217993 20.014547} sdss_psfmag_from_gaiadr2 20.70753 20.512291 19.84264 -999.0 63050395801549622 1130304761 dark_flexible_3x1 bhm_gua_dark_d3 bhm_filler science 0 0 0.0 0.0 -999 ""
FIBERMAP 657 R-1C7 METROLOGY 0 0 0 1 0 0 -132.194533481389 -17.638856900384603 143.1 60.12520520306944 -119.03797468865368 16.983973 110.307816 -999.0 -999.0 -999.0 -999.0 -999.0 43.968923951400875 -53.38795549556948 43.83489634873172 -53.26852310396533 65.62745803161792 175.22838743495876 -999.0 6231.0 -999.0 -1 -999 {-999.0 -999.0 -999.0 -999.0 -999.0} "" -999.0 -999.0 -999.0 -999.0 -999 -999 "" "" "" "" 0 0 0.0 0.0 -999 ""
FIBERMAP 658 R-3C12 APOGEE 1 1 0 1 0 0 -14.862484345387253 -67.67453374181113 143.1 68.79551968377058 8.217214715576958 221.94481 141.83311 44.0082076799365 -53.00146211246919 -0.39720073 -12.451119 2.7266536 44.0082057208629 -53.001499069498585 43.87596414260631 -52.88230963902667 66.00768237802883 175.0523658129565 16000.0 16600.0 2016.0 2 177 {-999.0 12.158285 11.735792 11.624065 -999.0} sdss_psfmag_from_g3xp 12.081235 11.767845 11.292866 10.511 63050395801550241 975120236 "" ops_std_apogee ops_std standard_apogee 0 0 0.0 0.0 -999 ""
FIBERMAP 658 R-3C12 BOSS 0 0 0 1 0 0 -15.592174135611632 -67.69135084735994 143.1 69.05133607717526 7.5336617029554915 221.94481 141.83311 -999.0 -999.0 -999.0 -999.0 -999.0 44.00961379178196 -53.0036586677571 43.87733668822284 -52.884376153296266 66.00552853831074 175.05098015691004 -999.0 5400.0 -999.0 1 421 {-999.0 -999.0 -999.0 -999.0 -999.0} "" -999.0 -999.0 -999.0 -999.0 -999 -999 "" "" "" "" 0 0 0.0 0.0 -999 ""
FIBERMAP 658 R-3C12 METROLOGY 0 0 0 1 0 0 -15.240996531873455 -67.02567889348367 143.1 68.30723503524257 7.646411445973004 221.94481 141.83311 -999.0 -999.0 -999.0 -999.0 -999.0 44.005860561560894 -53.003306001037956 43.87360197581933 -52.88404383595857 66.00613984907716 175.0563766331397 -999.0 6231.0 -999.0 -1 -999 {-999.0 -999.0 -999.0 -999.0 -999.0} "" -999.0 -999.0 -999.0 -999.0 -999 -999 "" "" "" "" 0 0 0.0 0.0 -999 ""
FIBERMAP 659 R+7C14 APOGEE 1 1 0 1 0 0 80.79702825173645 148.51018358580166 143.1 -166.8131571248531 27.467873694222458 77.09967 118.986374 42.821450356921986 -52.942763851893545 3.4294167 -4.022758 0.07407886 42.82146724852531 -52.94277579211884 42.69306648539131 -52.821546491432585 66.1417399580626 176.78898046364034 16000.0 16600.0 2016.0 2 94 {-999.0 13.920504 12.869295 12.419458 -999.0} sdss_psfmag_from_g3xp 13.560206 12.862433 12.056289 10.402 63050395801432255 1133679719 dark_flexible_3x1 mwm_halo_vmp_xp_apogee_triple mwm_halo science 0 0 0.0 0.0 -999 ""
FIBERMAP 659 R+7C14 BOSS 0 0 0 1 0 0 81.5180228046504 148.71804098858223 143.1 -167.2465233315367 28.080397863853314 77.09967 118.986374 -999.0 -999.0 -999.0 -999.0 -999.0 42.81923042012275 -52.940991183817275 42.69083205494229 -52.819664021035074 66.14372563757777 176.7919308825848 -999.0 5400.0 -999.0 1 167 {-999.0 -999.0 -999.0 -999.0 -999.0} "" -999.0 -999.0 -999.0 -999.0 -999 -999 "" "" "" "" 0 0 0.0 0.0 -999 ""
FIBERMAP 659 R+7C14 METROLOGY 0 0 0 1 0 0 81.34412271974459 147.98980162269882 143.1 -166.50162877798803 28.15563349355353 77.09967 118.986374 -999.0 -999.0 -999.0 -999.0 -999.0 42.822931439221605 -52.94075114475978 42.69452661002265 -52.8194571609015 66.14375085694327 176.78638711667386 -999.0 6231.0 -999.0 -1 -999 {-999.0 -999.0 -999.0 -999.0 -999.0} "" -999.0 -999.0 -999.0 -999.0 -999 -999 "" "" "" "" 0 0 0.0 0.0 -999 ""
FIBERMAP 662 R+12C15 APOGEE 0 0 0 1 0 0 168.784723249708 240.57561556606993 143.1 -282.6871163670103 80.28630742087176 41.333385 108.51741 -999.0 -999.0 -999.0 -999.0 -999.0 42.24778698999664 -52.77900351416777 42.12188358779639 -52.65684310873005 66.3304212295734 177.61620584134673 -999.0 16600.0 -999.0 2 109 {-999.0 -999.0 -999.0 -999.0 -999.0} "" -999.0 -999.0 -999.0 -999.0 -999 -999 "" ops_sky_apogee_best_unassigned ops_sky sky_apogee 0 0 0.0 0.0 -999 ""
FIBERMAP 662 R+12C15 BOSS 1 1 0 1 0 0 169.44730711112024 240.22316776004723 143.1 -282.5721516876106 81.02790988713154 41.333385 108.51741 42.24850175222887 -52.776875189611346 -999.0 -999.0 -999.0 42.24850175222887 -52.77687518961135 42.12259673524587 -52.65462275567495 66.33261163957431 177.6147984803409 5400.0 5400.0 2016.0 1 187 {-999.0 20.809332 19.818466 19.412893 19.071577} sdss_fiber2mag_from_lsdr10 1e+20 1e+20 1e+20 -999.0 63050396674672037 1128180000 dark_flexible_3x1 bhm_spiders_clusters_lsdr10_d3 bhm_spiders science 0 0 0.0 0.0 -999 ""
FIBERMAP 662 R+12C15 METROLOGY 0 0 0 1 0 0 168.7975186132089 239.82294469662966 143.1 -281.9805387438227 80.545882473969 41.333385 108.51741 -999.0 -999.0 -999.0 -999.0 -999.0 42.25128181490711 -52.77831066917777 42.12536436383891 -52.65608912581661 66.33104710597085 177.61084320235835 -999.0 6231.0 -999.0 -1 -999 {-999.0 -999.0 -999.0 -999.0 -999.0} "" -999.0 -999.0 -999.0 -999.0 -999 -999 "" "" "" "" 0 0 0.0 0.0 -999 ""
FIBERMAP 666 R-7C1 APOGEE 0 0 0 1 0 0 -227.94552805256984 -137.74909001964477 143.1 205.035993932244 -169.96604669971921 203.26805 100.534515 -999.0 -999.0 -999.0 -999.0 -999.0 44.70717891637254 -53.535309582906685 44.570203970397586 -53.41720933497324 65.42102044265837 174.2267505876838 -999.0 16600.0 -999.0 2 275 {-999.0 -999.0 -999.0 -999.0 -999.0} "" -999.0 -999.0 -999.0 -999.0 -999 -999 "" ops_sky_apogee_best_unassigned ops_sky sky_apogee 0 0 0.0 0.0 -999 ""
FIBERMAP 666 R-7C1 BOSS 1 1 0 1 0 0 -228.36965241962693 -137.13089246394915 143.1 204.5916586145953 -170.56984317584403 203.26805 100.534515 44.70499112857946 -53.53725556507996 0.6940458 0.17065595 0.49789 44.70499459491871 -53.53725505854417 44.56799236079782 -53.419053440906985 65.41939100700874 174.2305388011876 5400.0 5400.0 2016.0 1 447 {-999.0 20.913563 20.264624 20.035238 19.870266} sdss_psfmag_from_lsdr10 20.35227 20.160616 19.771187 -999.0 63050395801544706 1131238383 dark_flexible_3x1 bhm_spiders_agn_lsdr10_d3 bhm_spiders science 0 0 0.0 0.0 -999 ""
FIBERMAP 666 R-7C1 METROLOGY 0 0 0 1 0 0 -227.61787246246945 -137.08009480105093 143.1 204.29648902627517 -169.876602726922 203.26805 100.534515 -999.0 -999.0 -999.0 -999.0 -999.0 44.70351131703396 -53.53518836494223 44.56653063072571 -53.41701211935696 65.42153848582927 174.2318863952336 -999.0 6231.0 -999.0 -1 -999 {-999.0 -999.0 -999.0 -999.0 -999.0} "" -999.0 -999.0 -999.0 -999.0 -999 -999 "" "" "" "" 0 0 0.0 0.0 -999 ""
FIBERMAP 670 R+9C6 APOGEE 0 0 0 1 0 0 -67.27681814509722 170.8602703975995 143.1 -139.23011904963002 -119.7148205094647 330.46 128.01859 -999.0 -999.0 -999.0 -999.0 -999.0 42.955316870278544 -53.38959779024875 42.82438025572617 -53.26847696104178 65.689808451898 176.68685320064608 -999.0 16600.0 -999.0 2 149 {-999.0 -999.0 -999.0 -999.0 -999.0} "" -999.0 -999.0 -999.0 -999.0 -999 -999 "" ops_sky_apogee_best_unassigned ops_sky sky_apogee 0 0 0.0 0.0 -999 ""
FIBERMAP 670 R+9C6 BOSS 1 1 0 1 0 0 -67.19251495835647 170.13866771511323 143.1 -138.576393739541 -119.39793280110821 330.46 128.01859 42.95858615695929 -53.388780417900435 -2.5622556 -4.263988 2.463348 42.958573404713874 -53.388793074137745 42.827617971847566 -53.2675818020872 65.69053665398309 176.68198247051166 5400.0 5400.0 2016.0 1 153 {-999.0 22.008968 20.122026 18.786589 -999.0} sdss_psfmag_gaia 20.969877 19.496998 18.281857 16.266 63050395801413930 1124848154 dark_1x1 openfibertargets_mwm_snc_further_ext_boss open_fiber science 0 0 0.0 0.0 -999 ""
FIBERMAP 670 R+9C6 METROLOGY 0 0 0 1 0 0 -67.85695528457533 170.40052078318948 143.1 -138.60519481093536 -120.11149923781777 330.46 128.01859 -999.0 -999.0 -999.0 -999.0 -999.0 42.95837699509717 -53.3909397476503 42.82741471584717 -53.26975463813934 65.68838189616383 176.68272326730292 -999.0 6231.0 -999.0 -1 -999 {-999.0 -999.0 -999.0 -999.0 -999.0} "" -999.0 -999.0 -999.0 -999.0 -999 -999 "" "" "" "" 0 0 0.0 0.0 -999 ""
FIBERMAP 679 R+6C12 APOGEE 0 0 0 1 0 0 14.276938859096528 124.52977011521124 143.1 -122.2942419018639 -27.465201224759497 121.2046 129.98444 -999.0 -999.0 -999.0 -999.0 -999.0 43.04341803115415 -53.11038080970449 42.9135516290886 -52.98948677115746 65.9631153696594 176.49767042365556 -999.0 16600.0 -999.0 2 -999 {-999.0 -999.0 -999.0 -999.0 -999.0} "" -999.0 -999.0 -999.0 -999.0 -999 -999 "" "" "" "" 0 0 0.0 0.0 -999 ""
FIBERMAP 679 R+6C12 BOSS 1 1 0 1 0 0 14.531945988056222 125.25254510199025 143.1 -123.06064562522225 -27.462046605880385 121.2046 129.98444 43.03946500824359 -53.1104664242728 -0.7046966 0.21928915 -0.059137262 43.039461523737764 -53.110465773385435 42.909592656319056 -52.98946966058898 65.96334373280315 176.50349445375824 5400.0 5400.0 2016.0 1 122 {-999.0 21.798832 21.267403 20.824099 20.488953} sdss_fiber2mag_from_lsdr10 20.808607 20.453793 19.593267 -999.0 63050395801414389 1131242602 dark_flexible_3x1 bhm_spiders_agn_lsdr10_d3 bhm_spiders science 0 0 0.0 0.0 -999 ""
FIBERMAP 679 R+6C12 METROLOGY 0 0 0 1 0 0 15.00895926739201 124.68353727241659 143.1 -122.68015346831248 -26.824478937536437 121.2046 129.98444 -999.0 -999.0 -999.0 -999.0 -999.0 43.041374168683916 -53.10851370091522 42.91151276747246 -52.98754840202855 65.9651549755546 176.50024967349424 -999.0 6231.0 -999.0 -1 -999 {-999.0 -999.0 -999.0 -999.0 -999.0} "" -999.0 -999.0 -999.0 -999.0 -999 -999 "" "" "" "" 0 0 0.0 0.0 -999 ""
FIBERMAP 680 R-6C10 APOGEE 0 0 0 1 0 0 -10.617383576546176 -118.20515771063485 143.1 115.1182644785489 28.8414568424457 341.83118 127.080215 -999.0 -999.0 -999.0 -999.0 -999.0 44.240455150730845 -52.93761186612838 44.10783190338958 -52.818847675676864 66.05248534333691 174.69037619772703 -999.0 16600.0 -999.0 2 -999 {-999.0 -999.0 -999.0 -999.0 -999.0} "" -999.0 -999.0 -999.0 -999.0 -999 -999 "" "" "" "" 0 0 0.0 0.0 -999 ""
FIBERMAP 680 R-6C10 BOSS 1 1 0 1 0 0 -10.384514986750027 -118.90682231060346 143.1 115.7043102720335 29.292086334434618 341.83118 127.080215 44.24354905279589 -52.93629580744838 -10.765266 -2.7183216 2.3656297 44.243496036370004 -52.93630387587497 44.11084995555803 -52.81745127105605 66.05362482101822 174.685462160816 5400.0 5400.0 2016.0 1 411 {-999.0 20.729101 19.22786 18.479046 -999.0} sdss_psfmag_gaia 19.228048 19.07649 17.20597 15.212 63050395801550214 1092494229 dark_flexible_2x1 mwm_cb_galex_vol_boss mwm_cb science 0 0 0.0 0.0 -999 ""
FIBERMAP 680 R-6C10 METROLOGY 0 0 0 1 0 0 -11.110658847170319 -118.76745453988678 143.1 115.8114674633989 28.560525519417844 341.83118 127.080215 -999.0 -999.0 -999.0 -999.0 -999.0 44.24409040834923 -52.9384911511164 44.111436975974584 -52.81966549815659 66.05138302176199 174.68532713546364 -999.0 6231.0 -999.0 -1 -999 {-999.0 -999.0 -999.0 -999.0 -999.0} "" -999.0 -999.0 -999.0 -999.0 -999 -999 "" "" "" "" 0 0 0.0 0.0 -999 ""
FIBERMAP 682 R-8C1 APOGEE 0 0 0 1 0 0 -184.6596781763547 -157.07885960980565 143.1 209.0569002483789 -122.7330642947612 22.671946 85.38061 -999.0 -999.0 -999.0 -999.0 -999.0 44.72413486975258 -53.39251494349525 44.58782674751825 -53.27448371567446 65.5606071353175 174.15064188375754 -999.0 16600.0 -999.0 2 257 {-999.0 -999.0 -999.0 -999.0 -999.0} "" -999.0 -999.0 -999.0 -999.0 -999 -999 "" ops_sky_apogee_best_unassigned ops_sky sky_apogee 0 0 0.0 0.0 -999 ""
FIBERMAP 682 R-8C1 BOSS 1 1 0 1 0 0 -184.439679607732 -157.7821792993324 143.1 209.64874092112586 -122.29404438798751 22.671946 85.38061 44.72715173034955 -53.391265821773125 0.16480541 1.7683669 -0.4326618 44.727152550627146 -53.391260572960825 44.59081740432196 -53.273138709382366 65.56167047031396 174.14588284902007 5400.0 5400.0 2016.0 1 527 {-999.0 20.577272 20.465897 20.319214 20.178616} sdss_psfmag_from_lsdr10 20.636095 20.360023 19.91962 -999.0 63050395801545068 1131238384 dark_flexible_3x1 bhm_spiders_agn_lsdr10_d3 bhm_spiders science 0 0 0.0 0.0 -999 ""
FIBERMAP 682 R-8C1 METROLOGY 0 0 0 1 0 0 -185.16093896690603 -157.63785746372994 143.1 209.74961362773234 -123.02262150855911 22.671946 85.38061 -999.0 -999.0 -999.0 -999.0 -999.0 44.7277675239338 -53.39344763554255 44.59142643473774 -53.27535356743971 65.55942606470208 174.1458108984105 -999.0 6231.0 -999.0 -1 -999 {-999.0 -999.0 -999.0 -999.0 -999.0} "" -999.0 -999.0 -999.0 -999.0 -999 -999 "" "" "" "" 0 0 0.0 0.0 -999 ""
FIBERMAP 684 R-12C13 APOGEE 0 0 0 1 0 0 116.69071983658264 -241.77826775322322 143.1 189.9533703930255 189.69796963680994 270.00256 142.40501 -999.0 -999.0 -999.0 -999.0 -999.0 44.60107621208641 -52.44842396850017 44.469753384087085 -52.33042964343027 66.50471721699483 173.97672875806836 -999.0 16600.0 -999.0 2 -999 {-999.0 -999.0 -999.0 -999.0 -999.0} "" -999.0 -999.0 -999.0 -999.0 -999 -999 "" "" "" "" 0 0 0.0 0.0 -999 ""
FIBERMAP 684 R-12C13 BOSS 1 1 0 1 0 0 116.24203876069241 -242.3662279540614 143.1 190.65614521583367 189.46758943454947 270.00256 142.40501 44.604590849268405 -52.449187475944115 -999.0 -999.0 -999.0 44.604590849268405 -52.44918747594412 44.473231273621124 -52.331107027471475 66.50372825225287 173.97171358631624 5400.0 5400.0 2015.5 1 429 {-999.0 -999.0 -999.0 -999.0 -999.0} "" -999.0 -999.0 -999.0 -999.0 27021603157763094 813531635 "" ops_sky_boss_good ops_sky sky_boss 0 0 0.0 0.0 -999 ""
FIBERMAP 684 R-12C13 METROLOGY 0 0 0 1 0 0 115.95037456354484 -241.67155742810576 143.1 190.09603733371253 188.9637360700901 270.00256 142.40501 -999.0 -999.0 -999.0 -999.0 -999.0 44.60192521354226 -52.45066200093159 44.47057279487177 -52.3326025342826 66.50249377166284 173.97630546383715 -999.0 6231.0 -999.0 -1 -999 {-999.0 -999.0 -999.0 -999.0 -999.0} "" -999.0 -999.0 -999.0 -999.0 -999 -999 "" "" "" "" 0 0 0.0 0.0 -999 ""
FIBERMAP 686 R+8C2 APOGEE 0 0 0 1 0 0 -166.04460358628572 141.45420142150937 143.1 -78.98386068925427 -203.31696388824315 357.70108 64.86683 -999.0 -999.0 -999.0 -999.0 -999.0 43.26070991897237 -53.64339737012593 43.12760040868653 -53.52273311217153 65.42036960113519 176.30675888654855 -999.0 16600.0 -999.0 2 -999 {-999.0 -999.0 -999.0 -999.0 -999.0} "" -999.0 -999.0 -999.0 -999.0 -999 -999 "" "" "" "" 0 0 0.0 0.0 -999 ""
FIBERMAP 686 R+8C2 BOSS 1 1 0 1 0 0 -166.42054837229267 140.7678307863784 143.1 -78.21206894532983 -203.44629642807016 357.70108 64.86683 43.26463773858472 -53.64393834751723 -999.0 -999.0 -999.0 43.26463773858472 -53.64393834751723 43.13149784873361 -53.5231830878147 65.41970195172976 176.30131631183676 5400.0 5400.0 2016.0 1 71 {-999.0 21.598204 20.28029 19.781084 19.428364} sdss_fiber2mag_from_lsdr10 20.386713 21.410877 18.671509 16.072 63050395801412447 1128175562 dark_flexible_3x1 bhm_spiders_clusters_lsdr10_d3 bhm_spiders science 0 0 0.0 0.0 -999 ""
FIBERMAP 686 R+8C2 METROLOGY 0 0 0 1 0 0 -166.7912962597219 141.41006222993525 143.1 -78.69665182097505 -204.00758958458295 357.70108 64.86683 -999.0 -999.0 -999.0 -999.0 -999.0 43.26213730033935 -53.64562556269845 43.12900124227366 -53.52489319137316 65.4181403201257 176.30525803784073 -999.0 6231.0 -999.0 -1 -999 {-999.0 -999.0 -999.0 -999.0 -999.0} "" -999.0 -999.0 -999.0 -999.0 -999 -999 "" "" "" "" 0 0 0.0 0.0 -999 ""
FIBERMAP 696 R+9C5 APOGEE 0 0 0 1 0 0 -90.99382869037652 161.02404356825642 143.1 -122.1426946586172 -138.8776581197442 332.4823 86.81329 -999.0 -999.0 -999.0 -999.0 -999.0 43.04162177951333 -53.448001844255764 42.91013844970087 -53.3270133363153 65.62708169921432 176.57517552846542 -999.0 16600.0 -999.0 2 45 {-999.0 -999.0 -999.0 -999.0 -999.0} "" -999.0 -999.0 -999.0 -999.0 -999 -999 "" ops_sky_apogee_best_unassigned ops_sky sky_apogee 0 0 0.0 0.0 -999 ""
FIBERMAP 696 R+9C5 BOSS 1 1 0 1 0 0 -91.33813779551596 160.35440815714085 143.1 -121.39710921074288 -138.98261833780128 332.4823 86.81329 43.04535327115775 -53.44847979096331 0.041144546 -0.010801661 0.4980886 43.04535347622017 -53.44847982302447 42.91384235930339 -53.32740088022711 65.62650200104781 176.56991790636795 5400.0 5400.0 2016.0 1 80 {-999.0 20.360144 20.336271 20.18845 20.035208} sdss_psfmag_from_lsdr10 20.398905 20.236689 19.800638 -999.0 63050395801413898 1131238350 dark_flexible_3x1 bhm_spiders_agn_lsdr10_d3 bhm_spiders science 0 0 0.0 0.0 -999 ""
FIBERMAP 696 R+9C5 METROLOGY 0 0 0 1 0 0 -91.73944306597053 160.99770346717634 143.1 -121.87264893073927 -139.57311818693745 332.4823 86.81329 -999.0 -999.0 -999.0 -999.0 -999.0 43.04289615118896 -53.450244772412496 42.91138784903484 -53.32918849387009 65.62484959996323 176.57383550014154 -999.0 6231.0 -999.0 -1 -999 {-999.0 -999.0 -999.0 -999.0 -999.0} "" -999.0 -999.0 -999.0 -999.0 -999 -999 "" "" "" "" 0 0 0.0 0.0 -999 ""
FIBERMAP 697 R-7C20 APOGEE 0 0 0 1 0 0 217.18288505123604 -129.10686093722956 143.1 50.50845723387252 247.5493877794316 354.37186 164.75267 -999.0 -999.0 -999.0 -999.0 -999.0 43.90744272341001 -52.27779899240167 43.77894279855184 -52.15862787370981 66.73306931411585 174.97291282403864 -999.0 16600.0 -999.0 2 194 {-999.0 -999.0 -999.0 -999.0 -999.0} "" -999.0 -999.0 -999.0 -999.0 -999 -999 "" ops_sky_apogee_best_unassigned ops_sky sky_apogee 0 0 0.0 0.0 -999 ""
FIBERMAP 697 R-7C20 BOSS 1 1 0 1 0 0 217.85419032483898 -129.34766382260395 143.1 50.51512224026455 248.26251545186608 354.37186 164.75267 43.90747234960885 -52.27573347997949 -999.0 -999.0 -999.0 43.90747234960885 -52.27573347997949 43.77896325751735 -52.156471502476855 66.7352072299185 174.9721994083675 5400.0 5400.0 2015.5 1 267 {-999.0 -999.0 -999.0 -999.0 -999.0} "" -999.0 -999.0 -999.0 -999.0 27021603157762635 813531558 "" ops_sky_boss_good ops_sky sky_boss 0 0 0.0 0.0 -999 ""
FIBERMAP 697 R-7C20 METROLOGY 0 0 0 1 0 0 217.32119959489006 -129.83703285215714 143.1 51.15251499365464 247.92009884753807 354.37186 164.75267 -999.0 -999.0 -999.0 -999.0 -999.0 43.91064521767326 -52.27668349316746 43.782127727237594 -52.15745273177746 66.73399106015421 174.96763331217 -999.0 6231.0 -999.0 -1 -999 {-999.0 -999.0 -999.0 -999.0 -999.0} "" -999.0 -999.0 -999.0 -999.0 -999 -999 "" "" "" "" 0 0 0.0 0.0 -999 ""
FIBERMAP 700 R+2C2 APOGEE 0 0 0 1 0 0 -239.29194945519285 36.37226668797687 143.1 44.335344505014426 -237.935283629127 262.70462 172.01494 -999.0 -999.0 -999.0 -999.0 -999.0 43.8916732640488 -53.74714650640955 43.75611099953977 -53.62755029974381 65.27659980652047 175.44368861301115 -999.0 16600.0 -999.0 2 -999 {-999.0 -999.0 -999.0 -999.0 -999.0} "" -999.0 -999.0 -999.0 -999.0 -999 -999 "" "" "" "" 0 0 0.0 0.0 -999 ""
FIBERMAP 700 R+2C2 BOSS 1 1 0 1 0 0 -239.50195875946702 35.65017140190053 143.1 45.08631025703024 -237.89616803613038 262.70462 172.01494 43.89554356847688 -53.74713613926766 -999.0 -999.0 -999.0 43.895543568476874 -53.74713613926766 43.75994999486266 -53.62744865994422 65.27643390131072 175.4382542743555 5400.0 5400.0 2016.0 1 10 {-999.0 22.14249 21.754787 21.415052 21.128777} sdss_psfmag_from_lsdr10 1e+20 1e+20 1e+20 -999.0 63050396674804131 1131236261 dark_flexible_3x1 bhm_spiders_agn_lsdr10_d3 bhm_spiders science 0 0 0.0 0.0 -999 ""
FIBERMAP 700 R+2C2 METROLOGY 0 0 0 1 0 0 -240.01171364015755 36.16870408129726 143.1 44.76425035250904 -238.54805810676794 262.70462 172.01494 -999.0 -999.0 -999.0 -999.0 -999.0 43.89391887923731 -53.749114433727755 43.758325897181464 -53.62945135209816 65.27455794209263 175.44110246261002 -999.0 6231.0 -999.0 -1 -999 {-999.0 -999.0 -999.0 -999.0 -999.0} "" -999.0 -999.0 -999.0 -999.0 -999 -999 "" "" "" "" 0 0 0.0 0.0 -999 ""
FIBERMAP 701 R+2C8 APOGEE 0 0 0 1 0 0 -131.05101602679304 48.71841460094189 143.1 -2.915313897910624 -139.7775604821514 219.82948 31.96863 -999.0 -999.0 -999.0 -999.0 -999.0 43.6484356013448 -53.4516460930585 43.51508090799308 -53.33170590583875 65.58680150065867 175.70576772353613 -999.0 16600.0 -999.0 2 -999 {-999.0 -999.0 -999.0 -999.0 -999.0} "" -999.0 -999.0 -999.0 -999.0 -999 -999 "" "" "" "" 0 0 0.0 0.0 -999 ""
FIBERMAP 701 R+2C8 BOSS 1 1 0 1 0 0 -130.7939872514733 49.44924059596973 143.1 -3.689985347169492 -139.77514403752346 219.82948 31.96863 43.644500575691126 -53.45181163672405 0.8403579 1.3534837 0.33340347 43.644504764322264 -53.45180761935539 43.5111435499511 -53.33176384637258 65.58700155882755 175.71143781596732 5400.0 5400.0 2016.0 1 45 {-999.0 19.824837 18.789503 18.375967 18.036573} sdss_fiber2mag_from_lsdr10 18.677402 20.052752 17.12287 15.02 63050395801412645 1057820739 dark_flexible_2x1 bhm_spiders_clusters_lsdr10 bhm_spiders science 0 0 0.0 0.0 -999 ""
FIBERMAP 701 R+2C8 METROLOGY 0 0 0 1 0 0 -130.31931263868736 48.8736832991099 143.1 -3.3025392030814396 -139.1376313067745 219.82948 31.96863 -999.0 -999.0 -999.0 -999.0 -999.0 43.64646433138942 -53.44986209179782 43.51311159796563 -53.32984964272725 65.58877549322905 175.708103801106 -999.0 6231.0 -999.0 -1 -999 {-999.0 -999.0 -999.0 -999.0 -999.0} "" -999.0 -999.0 -999.0 -999.0 -999 -999 "" "" "" "" 0 0 0.0 0.0 -999 ""
FIBERMAP 702 R-4C16 APOGEE 0 0 0 1 0 0 83.32599799511527 -96.75021614015058 143.1 63.96700669787311 110.50214692640102 304.98074 52.91969 -999.0 -999.0 -999.0 -999.0 -999.0 43.979840347657955 -52.691262035025 43.84917404802144 -52.572106407088384 66.31747513950602 174.99606437952175 -999.0 16600.0 -999.0 2 -999 {-999.0 -999.0 -999.0 -999.0 -999.0} "" -999.0 -999.0 -999.0 -999.0 -999 -999 "" "" "" "" 0 0 0.0 0.0 -999 ""
FIBERMAP 702 R-4C16 BOSS 1 1 0 1 0 0 82.58923281605426 -96.72661092019557 143.1 64.18697677100617 109.79862067895857 304.98074 52.91969 43.98104323152762 -52.693427340878145 -0.16822283 0.081355475 -0.23532706 43.9810424076857 -52.693427099401326 43.850342821416376 -52.57417968377235 66.31532910274576 174.99495792048367 5400.0 5400.0 2016.0 1 318 {-999.0 19.723501 18.845825 18.482944 18.152206} sdss_fiber2mag_from_lsdr10 18.730314 19.844063 17.305717 15.252 63050395801552187 1128180011 dark_flexible_3x1 bhm_spiders_clusters_lsdr10_d3 bhm_spiders science 0 0 0.0 0.0 -999 ""
FIBERMAP 702 R-4C16 METROLOGY 0 0 0 1 0 0 82.97785009165962 -96.08818045069303 143.1 63.45629039440042 109.95568407877977 304.98074 52.91969 -999.0 -999.0 -999.0 -999.0 -999.0 43.97738389673422 -52.69292790650555 43.84670298244612 -52.573700657896005 66.31608188839034 175.00027154436327 -999.0 6231.0 -999.0 -1 -999 {-999.0 -999.0 -999.0 -999.0 -999.0} "" -999.0 -999.0 -999.0 -999.0 -999 -999 "" "" "" "" 0 0 0.0 0.0 -999 ""
FIBERMAP 703 R0C3 APOGEE 0 0 0 1 0 0 -234.47166316358792 -14.18445748426396 143.1 90.49360566828108 -216.75928265789355 348.46765 71.128746 -999.0 -999.0 -999.0 -999.0 -999.0 44.12698326014052 -53.68209847182811 43.99102756438151 -53.56293252076368 65.32379453708785 175.09371945045658 -999.0 16600.0 -999.0 2 252 {-999.0 -999.0 -999.0 -999.0 -999.0} "" -999.0 -999.0 -999.0 -999.0 -999 -999 "" ops_sky_apogee_best_unassigned ops_sky sky_apogee 0 0 0.0 0.0 -999 ""
FIBERMAP 703 R0C3 BOSS 1 1 0 1 0 0 -234.9261067253419 -14.781562342825836 143.1 91.2069110606627 -216.9920977371913 348.46765 71.128746 44.13067769227265 -53.6829008683761 -0.10587581 -0.2864015 0.036004506 44.130677161659925 -53.682901718464244 43.99468530802734 -53.563644314428345 65.32281471217983 175.08877221993626 5400.0 5400.0 2016.0 1 521 {-999.0 19.173357 19.004015 18.84404 18.697224} sdss_psfmag_from_lsdr10 19.000814 18.801823 18.343119 -999.0 63050395801407477 1131236263 dark_flexible_3x1 bhm_spiders_agn_lsdr10_d3 bhm_spiders science 0 0 0.0 0.0 -999 ""
FIBERMAP 703 R0C3 METROLOGY 0 0 0 1 0 0 -235.2096436662422 -14.084156425749201 143.1 90.64154762275156 -217.48917557059116 348.46765 71.128746 -999.0 -999.0 -999.0 -999.0 -999.0 44.1278270724146 -53.684425190340605 43.99184216402705 -53.56519004905412 65.32149405381634 175.09325081291925 -999.0 6231.0 -999.0 -1 -999 {-999.0 -999.0 -999.0 -999.0 -999.0} "" -999.0 -999.0 -999.0 -999.0 -999 -999 "" "" "" "" 0 0 0.0 0.0 -999 ""
FIBERMAP 708 R+12C13 APOGEE 0 0 0 1 0 0 114.36861514807188 215.26978851311472 143.1 -240.89655361990165 37.21945086776325 310.89038 78.641075 -999.0 -999.0 -999.0 -999.0 -999.0 42.451626754881765 -52.91087252077488 42.32449458191064 -52.789021747598106 66.19070234518747 177.3328895900865 -999.0 16600.0 -999.0 2 -999 {-999.0 -999.0 -999.0 -999.0 -999.0} "" -999.0 -999.0 -999.0 -999.0 -999 -999 "" "" "" "" 0 0 0.0 0.0 -999 ""
FIBERMAP 708 R+12C13 BOSS 1 1 0 1 0 0 113.72267363395737 214.88580993041973 143.1 -240.3215461141377 36.73571487690087 310.89038 78.641075 42.45442555542142 -52.91244868345544 -999.0 -999.0 -999.0 42.454425555421416 -52.91244868345544 42.32726703156838 -52.79050783187895 66.1891067349865 177.32899387876705 5400.0 5400.0 2016.0 1 105 {-999.0 21.30839 19.851612 19.285574 18.90859} sdss_fiber2mag_from_lsdr10 19.741823 21.194006 17.857521 15.793 63050395801432619 1128178983 dark_flexible_3x1 bhm_spiders_clusters_lsdr10_d3 bhm_spiders science 0 0 0.0 0.0 -999 ""
FIBERMAP 708 R+12C13 METROLOGY 0 0 0 1 0 0 113.71838274484995 215.63951278685983 143.1 -241.0318947190297 36.48383169091291 310.89038 78.641075 -999.0 -999.0 -999.0 -999.0 -999.0 42.45079761920468 -52.91315006174106 42.32364980125516 -52.79122961565456 66.1885338439039 177.33452004683988 -999.0 6231.0 -999.0 -1 -999 {-999.0 -999.0 -999.0 -999.0 -999.0} "" -999.0 -999.0 -999.0 -999.0 -999 -999 "" "" "" "" 0 0 0.0 0.0 -999 ""
FIBERMAP 711 R-8C15 APOGEE 0 0 0 1 0 0 115.13694501343765 -173.9053653089188 143.1 126.36848305575975 165.9128282721356 320.30252 68.026596 -999.0 -999.0 -999.0 -999.0 -999.0 44.28799192968765 -52.52215023986244 44.15722817473318 -52.403582033074315 66.4598195754351 174.47637862562553 -999.0 16600.0 -999.0 2 201 {-999.0 -999.0 -999.0 -999.0 -999.0} "" -999.0 -999.0 -999.0 -999.0 -999 -999 "" ops_sky_apogee_best_unassigned ops_sky sky_apogee 0 0 0.0 0.0 -999 ""
FIBERMAP 711 R-8C15 BOSS 1 1 0 1 0 0 114.51206861849504 -174.30396120234434 143.1 126.95036783260205 165.45379156832834 320.30252 68.026596 44.29042910147365 -52.5235434339768 34.288628 -9.352615 0.96536726 44.290987836318955 -52.523571194003914 44.160187810413134 -52.404915462308956 66.45824969416734 174.47236190983003 5400.0 5400.0 2016.0 1 284 {-999.0 16.412647 15.832465 15.632019 -999.0} sdss_psfmag_gaia 16.276512 15.872459 15.295933 14.194 63050395801552292 1136504177 dark_flexible_3x1 mwm_halo_local_high_boss_triple mwm_halo science 0 0 0.8574463129043579 0.0 -999 ""
FIBERMAP 711 R-8C15 METROLOGY 0 0 0 1 0 0 114.48208473333399 -173.5417618657777 143.1 126.24044389424267 165.17485139773578 320.30252 68.026596 -999.0 -999.0 -999.0 -999.0 -999.0 44.28750278483529 -52.524383057634736 44.15671467170171 -52.40574708037923 66.45771844675983 174.47790327687295 -999.0 6231.0 -999.0 -1 -999 {-999.0 -999.0 -999.0 -999.0 -999.0} "" -999.0 -999.0 -999.0 -999.0 -999 -999 "" "" "" "" 0 0 0.0 0.0 -999 ""
FIBERMAP 712 R-7C5 APOGEE 0 0 0 1 0 0 -137.4902863261664 -141.9439033485245 143.1 179.25405340663286 -83.16528085389052 219.97058 98.30991 -999.0 -999.0 -999.0 -999.0 -999.0 44.57081724701824 -53.27455410868582 44.43555605463882 -53.15628259907376 65.69089813064078 174.32720820131837 -999.0 16600.0 -999.0 2 298 {-999.0 -999.0 -999.0 -999.0 -999.0} "" -999.0 -999.0 -999.0 -999.0 -999 -999 "" ops_sky_apogee_best_unassigned ops_sky sky_apogee 0 0 0.0 0.0 -999 ""
FIBERMAP 712 R-7C5 BOSS 1 1 0 1 0 0 -138.02892112682247 -141.44649885849554 143.1 178.9614421525038 -83.83749635645006 219.97058 98.30991 44.56949592689073 -53.27672394040794 0.4742137 0.03593523 -0.67773366 44.56949828084099 -53.276723833746075 44.43420700028588 -53.1583535446617 65.68896539432113 174.32987769895158 5400.0 5400.0 2016.0 1 489 {-999.0 20.355223 20.20917 20.080011 20.008514} sdss_psfmag_from_gaiadr2 20.291145 20.199802 19.794851 -999.0 63050395801545199 1130304681 dark_flexible_3x1 bhm_gua_dark_d3 bhm_filler science 0 0 0.0 0.0 -999 ""
FIBERMAP 712 R-7C5 METROLOGY 0 0 0 1 0 0 -137.32971987976225 -141.22063497678243 143.1 178.51823755360306 -83.25147355678283 219.97058 98.30991 -999.0 -999.0 -999.0 -999.0 -999.0 44.567254374317386 -53.27495650899598 44.43198515654365 -53.156609888881235 65.69088278322613 174.3324699310269 -999.0 6231.0 -999.0 -1 -999 {-999.0 -999.0 -999.0 -999.0 -999.0} "" -999.0 -999.0 -999.0 -999.0 -999 -999 "" "" "" "" 0 0 0.0 0.0 -999 ""
FIBERMAP 713 R+3C9 APOGEE 0 0 0 1 0 0 -65.37668321632052 42.094038850684235 143.1 -18.25448690716692 -75.579769754375 7.094068 44.269203 -999.0 -999.0 -999.0 -999.0 -999.0 43.56968764241461 -53.25716472074372 43.437521528677905 -53.137140346148456 65.78525852337641 175.76651623656784 -999.0 16600.0 -999.0 2 22 {-999.0 -999.0 -999.0 -999.0 -999.0} "" -999.0 -999.0 -999.0 -999.0 -999 -999 "" ops_sky_apogee_best_unassigned ops_sky sky_apogee 0 0 0.0 0.0 -999 ""
FIBERMAP 713 R+3C9 BOSS 1 1 0 1 0 0 -65.82137878602119 41.485501723008106 143.1 -17.5335907633762 -75.79962017821592 7.094068 44.269203 43.57334861841325 -53.25796996827421 -999.0 -999.0 -999.0 43.57334861841325 -53.25796996827421 43.44115022505768 -53.13785586532337 65.78431277355271 175.76142773066684 5400.0 5400.0 2015.5 1 32 {-999.0 -999.0 -999.0 -999.0 -999.0} "" -999.0 -999.0 -999.0 -999.0 27021603157673941 813517457 "" ops_sky_boss_good ops_sky sky_boss 0 0 0.0 0.0 -999 ""
FIBERMAP 713 R+3C9 METROLOGY 0 0 0 1 0 0 -66.11050995375416 42.17999736692242 143.1 -18.094366401312744 -76.30102397119371 7.094068 44.269203 -999.0 -999.0 -999.0 -999.0 -999.0 43.57049902471368 -53.25947344581671 43.43830684302861 -53.13938114800844 65.7829800362456 175.76596230664506 -999.0 6231.0 -999.0 -1 -999 {-999.0 -999.0 -999.0 -999.0 -999.0} "" -999.0 -999.0 -999.0 -999.0 -999 -999 "" "" "" "" 0 0 0.0 0.0 -999 ""
FIBERMAP 718 R+2C7 APOGEE 0 0 0 1 0 0 -126.92575052519912 20.579453886577 143.1 22.301260743747033 -126.62926728031752 341.36032 57.652954 -999.0 -999.0 -999.0 -999.0 -999.0 43.77661421006885 -53.41154858637675 43.64306703753391 -53.29184264729478 65.6178434861651 175.51099899907786 -999.0 16600.0 -999.0 2 29 {-999.0 -999.0 -999.0 -999.0 -999.0} "" -999.0 -999.0 -999.0 -999.0 -999 -999 "" ops_sky_apogee_best_unassigned ops_sky sky_apogee 0 0 0.0 0.0 -999 ""
FIBERMAP 718 R+2C7 BOSS 1 1 0 1 0 0 -127.51469440117798 20.076111213131867 143.1 22.970247914970077 -127.01992846951204 341.36032 57.652954 43.780066682543456 -53.412881753108934 -999.0 -999.0 -999.0 43.780066682543456 -53.412881753108934 43.64648387338672 -53.29308492826777 65.61637540595258 175.5064291944224 5400.0 5400.0 2015.5 1 48 {-999.0 -999.0 -999.0 -999.0 -999.0} "" -999.0 -999.0 -999.0 -999.0 27021603157673852 813517436 "" ops_sky_boss_good ops_sky sky_boss 0 0 0.0 0.0 -999 ""
FIBERMAP 718 R+2C7 METROLOGY 0 0 0 1 0 0 -127.6300709945235 20.825719571085877 143.1 22.30029293269676 -127.37536912989945 341.36032 57.652954 -999.0 -999.0 -999.0 -999.0 -999.0 43.77666189928279 -53.413953774981586 43.64308942047268 -53.294178074912544 65.61552188618069 175.51161453030684 -999.0 6231.0 -999.0 -1 -999 {-999.0 -999.0 -999.0 -999.0 -999.0} "" -999.0 -999.0 -999.0 -999.0 -999 -999 "" "" "" "" 0 0 0.0 0.0 -999 ""
FIBERMAP 720 R-7C15 APOGEE 0 0 0 1 0 0 98.28062374547588 -127.01792909673475 143.1 87.6329803483498 134.57712194729302 69.92721 148.22244 -999.0 -999.0 -999.0 -999.0 -999.0 44.0969889005824 -52.61785612792602 43.96632808512379 -52.49892587328512 66.38094118607526 174.79655568140313 -999.0 16600.0 -999.0 2 -999 {-999.0 -999.0 -999.0 -999.0 -999.0} "" -999.0 -999.0 -999.0 -999.0 -999 -999 "" "" "" "" 0 0 0.0 0.0 -999 ""
FIBERMAP 720 R-7C15 BOSS 1 1 0 1 0 0 98.9259429632328 -126.55570934298439 143.1 86.98429039065759 135.03454316517764 69.92721 148.22244 44.09380709870544 -52.61652367538332 -999.0 -999.0 -999.0 44.09380709870544 -52.61652367538332 43.96314196734609 -52.49749523283681 66.38261223011006 174.8008909045966 5400.0 5400.0 2015.5 1 283 {-999.0 -999.0 -999.0 -999.0 -999.0} "" -999.0 -999.0 -999.0 -999.0 27021603157762340 813531521 "" ops_sky_boss_good ops_sky sky_boss 0 0 0.0 0.0 -999 ""
FIBERMAP 720 R-7C15 METROLOGY 0 0 0 1 0 0 98.97382469121148 -127.29894629483368 143.1 87.67042206182033 135.32414999533108 69.92721 148.22244 -999.0 -999.0 -999.0 -999.0 -999.0 44.097226848814735 -52.615589725309235 43.96656176760939 -52.4965938890661 66.38323475816279 174.7954452502187 -999.0 6231.0 -999.0 -1 -999 {-999.0 -999.0 -999.0 -999.0 -999.0} "" -999.0 -999.0 -999.0 -999.0 -999 -999 "" "" "" "" 0 0 0.0 0.0 -999 ""
FIBERMAP 722 R-4C20 APOGEE 0 0 0 1 0 0 164.69193015889033 -80.48476462354247 143.1 21.852137515747916 181.99171661791888 204.10114 103.07479 -999.0 -999.0 -999.0 -999.0 -999.0 43.76733373539461 -52.475648298104005 43.63831491226074 -52.356179102798635 66.54746756877364 175.24905692504572 -999.0 16600.0 -999.0 2 -999 {-999.0 -999.0 -999.0 -999.0 -999.0} "" -999.0 -999.0 -999.0 -999.0 -999 -999 "" "" "" "" 0 0 0.0 0.0 -999 ""
FIBERMAP 722 R-4C20 BOSS 1 1 0 1 0 0 164.24018181176788 -79.88803536791889 143.1 21.43715905646499 181.36889259163644 204.10114 103.07479 43.76531372381493 -52.47756412309329 -999.0 -999.0 -999.0 43.76531372381492 -52.47756412309329 43.636273789174844 -52.35799851419305 66.54580876835924 175.25270891928815 5400.0 5400.0 2016.0 1 312 {-999.0 22.64844 22.352377 21.695967 21.208197} sdss_fiber2mag_from_lsdr10 1e+20 1e+20 1e+20 -999.0 63050398820381172 1131246797 dark_flexible_3x1 bhm_spiders_agn_lsdr10_d3 bhm_spiders science 0 0 0.0 0.0 -999 ""
FIBERMAP 722 R-4C20 METROLOGY 0 0 0 1 0 0 164.97206117033554 -79.7912050852022 143.1 21.105062224816155 182.02820354903625 204.10114 103.07479 -999.0 -999.0 -999.0 -999.0 -999.0 43.76364415316433 -52.47552810133372 43.63462380020553 -52.3559863107003 66.54792618870043 175.25462400164895 -999.0 6231.0 -999.0 -1 -999 {-999.0 -999.0 -999.0 -999.0 -999.0} "" -999.0 -999.0 -999.0 -999.0 -999 -999 "" "" "" "" 0 0 0.0 0.0 -999 ""
FIBERMAP 725 R-11C8 APOGEE 0 0 0 1 0 0 -27.46982078369206 -210.34841715977166 143.1 207.67516525039454 43.225216978508165 194.29253 89.81838 -999.0 -999.0 -999.0 -999.0 -999.0 44.70327874360772 -52.89023398248449 44.5695194596326 -52.7723019284515 66.05874962391805 173.99319775138585 -999.0 16600.0 -999.0 2 173 {-999.0 -999.0 -999.0 -999.0 -999.0} "" -999.0 -999.0 -999.0 -999.0 -999 -999 "" ops_sky_apogee_best_unassigned ops_sky sky_apogee 0 0 0.0 0.0 -999 ""
FIBERMAP 725 R-11C8 BOSS 1 1 0 1 0 0 -27.625114870816656 -209.61260617196137 143.1 207.0313654103074 42.836617044452304 194.29253 89.81838 44.700204459822146 -52.891525485390055 -999.0 -999.0 -999.0 44.700204459822146 -52.89152548539006 44.566424141476475 -52.773493502633734 66.05785489228589 173.99820320496877 5400.0 5400.0 2016.0 1 415 {-999.0 21.417715 20.339378 19.889162 19.53259} sdss_fiber2mag_from_lsdr10 1e+20 1e+20 1e+20 16.053 63050398819814832 1128179008 dark_flexible_3x1 bhm_spiders_clusters_lsdr10_d3 bhm_spiders science 0 0 0.0 0.0 -999 ""
FIBERMAP 725 R-11C8 METROLOGY 0 0 0 1 0 0 -26.933264391449185 -209.82718796014683 143.1 207.00651288147424 43.560524618981034 194.29253 89.81838 -999.0 -999.0 -999.0 -999.0 -999.0 44.700055481152745 -52.889301041153125 44.5662932014107 -52.77129607283095 66.06003904780034 173.9975776675092 -999.0 6231.0 -999.0 -1 -999 {-999.0 -999.0 -999.0 -999.0 -999.0} "" -999.0 -999.0 -999.0 -999.0 -999 -999 "" "" "" "" 0 0 0.0 0.0 -999 ""
FIBERMAP 727 R+5C12 APOGEE 0 0 0 1 0 0 2.889182916347851 107.92677873261997 143.1 -102.8707024324155 -32.759869276290544 132.93336 112.608406 -999.0 -999.0 -999.0 -999.0 -999.0 43.14136218359508 -53.12676767052712 43.01112086094338 -53.0060376868077 65.94131617277974 176.3578364057017 -999.0 16600.0 -999.0 2 132 {-999.0 -999.0 -999.0 -999.0 -999.0} "" -999.0 -999.0 -999.0 -999.0 -999 -999 "" ops_sky_apogee_best_unassigned ops_sky sky_apogee 0 0 0.0 0.0 -999 ""
FIBERMAP 727 R+5C12 BOSS 1 1 0 1 0 0 3.1923260956951025 108.61007708629765 143.1 -103.61565438598915 -32.698276734808644 132.93336 112.608406 43.13752098652794 -53.126682860134075 -999.0 -999.0 -999.0 43.13752098652794 -53.126682860134075 43.007277062605624 -53.005850966871186 65.94171546289999 176.36344356713516 5400.0 5400.0 2016.0 1 121 {-999.0 21.276072 21.067875 21.0003 20.959978} sdss_psfmag_from_lsdr10 1e+20 1e+20 1e+20 -999.0 63050396674793320 1131240458 dark_flexible_3x1 bhm_spiders_agn_lsdr10_d3 bhm_spiders science 0 0 0.0 0.0 -999 ""
FIBERMAP 727 R+5C12 METROLOGY 0 0 0 1 0 0 3.626923243701344 107.99758709742123 143.1 -103.1801526499706 -32.08646703558205 132.93336 112.608406 -999.0 -999.0 -999.0 -999.0 -999.0 43.13971303554766 -53.124808108022926 43.00947555944424 -53.004007514333125 65.94342905487719 176.35979506129496 -999.0 6231.0 -999.0 -1 -999 {-999.0 -999.0 -999.0 -999.0 -999.0} "" -999.0 -999.0 -999.0 -999.0 -999 -999 "" "" "" "" 0 0 0.0 0.0 -999 ""
FIBERMAP 728 R+7C12 APOGEE 0 0 0 1 0 0 36.2605164444814 124.36884654647399 143.1 -129.37087020983273 -6.652088334457865 272.76205 127.60819 -999.0 -999.0 -999.0 -999.0 -999.0 43.008340244793274 -53.04709533273803 42.87888122411454 -52.92615813342409 66.02803943186431 176.53507890923606 -999.0 16600.0 -999.0 2 143 {-999.0 -999.0 -999.0 -999.0 -999.0} "" -999.0 -999.0 -999.0 -999.0 -999 -999 "" ops_sky_apogee_best_unassigned ops_sky sky_apogee 0 0 0.0 0.0 -999 ""
FIBERMAP 728 R+7C12 BOSS 1 1 0 1 0 0 35.68419049712127 123.8909219021306 143.1 -128.73003556463485 -7.039191684931714 272.76205 127.60819 43.0109049527777 -53.048367419546835 5.5881615 -4.3018203 0.15308532 43.0114637703712 -53.04838018807418 42.881975398926 -52.92735304486073 66.02668549482772 176.53076375985773 5400.0 5400.0 2016.0 1 144 {-999.0 14.982174 14.695189 14.573951 -999.0} sdss_psfmag_from_g3xp 14.869908 14.629155 14.221981 13.469 63050395801414422 1132964706 dark_flexible_3x1 mwm_halo_distant_rrl_boss_triple mwm_halo science 0 0 1.149628758430481 0.0 -999 ""
FIBERMAP 728 R+7C12 METROLOGY 0 0 0 1 0 0 35.525488257157335 124.61057359367544 143.1 -129.35745470619466 -7.425696641321504 272.76205 127.60819 -999.0 -999.0 -999.0 -999.0 -999.0 43.008265261858334 -53.04951493336542 42.87878503714728 -52.928508886697564 66.02570281204581 176.5357282657505 -999.0 6231.0 -999.0 -1 -999 {-999.0 -999.0 -999.0 -999.0 -999.0} "" -999.0 -999.0 -999.0 -999.0 -999 -999 "" "" "" "" 0 0 0.0 0.0 -999 ""
FIBERMAP 729 R-8C19 APOGEE 0 0 0 1 0 0 211.31832021273817 -155.05657300656483 143.1 76.94245050472651 250.54391718461073 327.19992 147.17953 -999.0 -999.0 -999.0 -999.0 -999.0 44.037936772054096 -52.268378001756716 43.909101581114726 -52.14943813057822 66.73200900627971 174.7694370674335 -999.0 16600.0 -999.0 2 193 {-999.0 -999.0 -999.0 -999.0 -999.0} "" -999.0 -999.0 -999.0 -999.0 -999 -999 "" ops_sky_apogee_best_unassigned ops_sky sky_apogee 0 0 0.0 0.0 -999 ""
FIBERMAP 729 R-8C19 BOSS 1 1 0 1 0 0 211.61350094923353 -155.73540972665728 143.1 77.48644942584527 251.04588495334764 327.19992 147.17953 44.040615906547295 -52.26694714296098 0.76910436 -0.48856443 0.7724888 44.04061963676619 -52.266948593102825 43.9117641426992 -52.147922478754005 66.73329944670415 174.76483754504955 5400.0 5400.0 2016.0 1 266 {-999.0 20.776283 20.789373 20.556978 20.32005} sdss_psfmag_from_lsdr10 20.933704 20.775524 19.95277 -999.0 63050395801552820 1131248931 dark_flexible_3x1 bhm_spiders_agn_lsdr10_d3 bhm_spiders science 0 0 0.0 0.0 -999 ""
FIBERMAP 729 R-8C19 METROLOGY 0 0 0 1 0 0 210.8784827143351 -155.66794883363025 143.1 77.66442995376528 250.3295878974309 327.19992 147.17953 -999.0 -999.0 -999.0 -999.0 -999.0 44.0415528330844 -52.26902421322267 43.91269010329688 -52.150025000576214 66.73114088847922 174.76410355348557 -999.0 6231.0 -999.0 -1 -999 {-999.0 -999.0 -999.0 -999.0 -999.0} "" -999.0 -999.0 -999.0 -999.0 -999 -999 "" "" "" "" 0 0 0.0 0.0 -999 ""
FIBERMAP 731 R0C27 APOGEE 0 0 0 1 0 0 293.1124814292826 -15.981216364875541 143.1 -81.28880015575876 282.0557748512417 297.28568 94.411026 -999.0 -999.0 -999.0 -999.0 -999.0 43.256640378485784 -52.17522432988175 43.13051466221384 -52.05494926852742 66.88097757589074 175.94805352618383 -999.0 16600.0 -999.0 2 -999 {-999.0 -999.0 -999.0 -999.0 -999.0} "" -999.0 -999.0 -999.0 -999.0 -999 -999 "" "" "" "" 0 0 0.0 0.0 -999 ""
FIBERMAP 731 R0C27 BOSS 1 1 0 1 0 0 292.4712564375002 -16.40136131300987 143.1 -80.68118980911034 281.5883850625079 297.28568 94.411026 43.259650958177886 -52.17675290217016 0.32142833 0.3030539 -0.007208744 43.259652513968355 -52.17675200265494 43.13349602081872 -52.05639064811971 66.87935918130485 175.94377752353958 5400.0 5400.0 2016.0 1 182 {-999.0 19.483624 19.273298 19.133894 19.013353} sdss_psfmag_from_lsdr10 19.415976 19.170486 18.731833 -999.0 63050395801570495 1131248918 dark_flexible_3x1 bhm_spiders_agn_lsdr10_d3 bhm_spiders science 0 0 0.0 0.0 -999 ""
FIBERMAP 731 R0C27 METROLOGY 0 0 0 1 0 0 292.45088869518696 -15.632227438134418 143.1 -81.40082434195985 281.31624569822003 297.28568 94.411026 -999.0 -999.0 -999.0 -999.0 -999.0 43.25607052136803 -52.17748262070227 43.129925382828276 -52.05714069484071 66.87883364494274 175.94953239033364 -999.0 6231.0 -999.0 -1 -999 {-999.0 -999.0 -999.0 -999.0 -999.0} "" -999.0 -999.0 -999.0 -999.0 -999 -999 "" "" "" "" 0 0 0.0 0.0 -999 ""
FIBERMAP 732 R-10C12 APOGEE 0 0 0 1 0 0 71.91639466067399 -172.98316216546434 143.1 139.70929617043095 124.79425110804438 145.88637 29.618784 -999.0 -999.0 -999.0 -999.0 -999.0 44.357323346933114 -52.64603196268098 44.22576379924777 -52.52755272325807 66.33125050980347 174.41612163855936 -999.0 16600.0 -999.0 2 -999 {-999.0 -999.0 -999.0 -999.0 -999.0} "" -999.0 -999.0 -999.0 -999.0 -999 -999 "" "" "" "" 0 0 0.0 0.0 -999 ""
FIBERMAP 732 R-10C12 BOSS 1 1 0 1 0 0 72.68128644897605 -173.02242459552565 143.1 139.49486345246754 125.52948710053924 145.88637 29.618784 44.35629694480511 -52.64386634226394 -999.0 -999.0 -999.0 44.3562969448051 -52.64386634226394 44.22472923388237 -52.52529282441857 66.33357622715548 174.41688692376212 5400.0 5400.0 2016.0 1 402 {-999.0 19.959023 19.166246 18.745565 18.451643} sdss_fiber2mag_from_lsdr10 18.772127 20.440784 17.39323 15.265 63050395801551010 1058442100 dark_flexible_2x1 bhm_spiders_agn_lsdr10 bhm_spiders science 0 0 0.0 0.0 -999 ""
FIBERMAP 732 R-10C12 METROLOGY 0 0 0 1 0 0 72.24864802034935 -173.6533158208155 143.1 140.2329050899861 125.32837327180974 145.88637 29.618784 -999.0 -999.0 -999.0 -999.0 -999.0 44.36001299984057 -52.644408650533535 44.22843787430912 -52.52586791809031 66.3326911116868 174.41152162328993 -999.0 6231.0 -999.0 -1 -999 {-999.0 -999.0 -999.0 -999.0 -999.0} "" -999.0 -999.0 -999.0 -999.0 -999 -999 "" "" "" "" 0 0 0.0 0.0 -999 ""
FIBERMAP 736 R+11C12 APOGEE 0 0 0 1 0 0 88.46458068241209 196.51234221428598 143.1 -214.66523996934606 18.92475429177869 349.08206 58.954002 -999.0 -999.0 -999.0 -999.0 -999.0 42.58132670958763 -52.96722543555741 42.453537851013834 -52.84557986150575 66.12885052798154 177.15015141496633 -999.0 16600.0 -999.0 2 145 {-999.0 -999.0 -999.0 -999.0 -999.0} "" -999.0 -999.0 -999.0 -999.0 -999 -999 "" ops_sky_apogee_best_unassigned ops_sky sky_apogee 0 0 0.0 0.0 -999 ""
FIBERMAP 736 R+11C12 BOSS 1 1 0 1 0 0 87.95728450510263 195.94748195860018 143.1 -213.96500588512376 18.631425221981146 349.08206 58.954002 42.58462541185277 -52.96817156133917 23.784239 -19.092043 0.7268961 42.58474263017113 -52.96822822969565 42.45692768563054 -52.84649363004685 66.12779162515233 177.1452682973977 5400.0 5400.0 2016.0 1 148 {-999.0 16.962616 16.456068 16.286318 -999.0} sdss_psfmag_gaia 16.85966 16.491121 15.957174 14.738 63050395801432298 1136826516 dark_flexible_3x1 mwm_halo_local_high_boss_triple mwm_halo science 0 0 0.0 0.0 -999 ""
FIBERMAP 736 R+11C12 METROLOGY 0 0 0 1 0 0 87.72464045425306 196.6611871120788 143.1 -214.56249601150776 18.177048622409707 349.08206 58.954002 -999.0 -999.0 -999.0 -999.0 -999.0 42.58167074140898 -52.96955374215305 42.453861817789516 -52.8478402977198 66.12658187123643 177.15007130349397 -999.0 6231.0 -999.0 -1 -999 {-999.0 -999.0 -999.0 -999.0 -999.0} "" -999.0 -999.0 -999.0 -999.0 -999 -999 "" "" "" "" 0 0 0.0 0.0 -999 ""
FIBERMAP 738 R-6C11 APOGEE 0 0 0 1 0 0 17.50504174246072 -114.52117201928483 143.1 102.39213113859189 54.1875170333562 37.81477 80.39916 -999.0 -999.0 -999.0 -999.0 -999.0 44.175114459027306 -52.86109527796466 44.0430554170012 -52.74223672650022 66.13362386915686 174.76107855330957 -999.0 16600.0 -999.0 2 -999 {-999.0 -999.0 -999.0 -999.0 -999.0} "" -999.0 -999.0 -999.0 -999.0 -999 -999 "" "" "" "" 0 0 0.0 0.0 -999 ""
FIBERMAP 738 R-6C11 BOSS 1 1 0 1 0 0 17.876201678870142 -115.17982821289307 143.1 102.89208924291813 54.75460006229908 37.81477 80.39916 44.17701346865709 -52.85934799158085 27.458021 -25.937433 2.2621715 44.17770355317429 -52.85942497819528 44.04562514363735 -52.74047763352923 66.13516231023937 174.75669331416083 5400.0 5400.0 2016.0 1 389 {-999.0 15.768752 14.829117 14.378238 -999.0} sdss_psfmag_from_g3xp 15.477945 14.810145 13.999825 12.38 63050395801550907 1075911788 bright_1x1 mwm_erosita_stars_boss mwm_erosita science 0 0 1.2065569162368774 0.0 -999 ""
FIBERMAP 738 R-6C11 METROLOGY 0 0 0 1 0 0 17.12117294215232 -115.16315563351957 143.1 103.12461154426748 54.0361061956844 37.81477 80.39916 -999.0 -999.0 -999.0 -999.0 -999.0 44.17892123820545 -52.86156662035214 44.04683382475025 -52.74264725116741 66.13291507787225 174.75560844015547 -999.0 6231.0 -999.0 -1 -999 {-999.0 -999.0 -999.0 -999.0 -999.0} "" -999.0 -999.0 -999.0 -999.0 -999 -999 "" "" "" "" 0 0 0.0 0.0 -999 ""
FIBERMAP 740 R-10C6 APOGEE 0 0 0 1 0 0 -85.72647052994448 -190.21634939645338 143.1 207.81927722805696 -18.409255032926914 210.00046 68.273026 -999.0 -999.0 -999.0 -999.0 -999.0 44.709512693557606 -53.07690639119274 44.57481761763182 -52.95893485557739 65.87376903818014 174.05454559810823 -999.0 16600.0 -999.0 2 -999 {-999.0 -999.0 -999.0 -999.0 -999.0} "" -999.0 -999.0 -999.0 -999.0 -999 -999 "" "" "" "" 0 0 0.0 0.0 -999 ""
FIBERMAP 740 R-10C6 BOSS 1 1 0 1 0 0 -85.78943648164281 -189.45109906856132 143.1 207.11731718302008 -18.720345049234865 210.00046 68.273026 44.70613187242345 -53.0779947833468 -0.5980678 3.183073 -1.6846323 44.70612891739532 -53.07798533544734 44.57141461154855 -52.95991254562725 65.87311056592952 174.05986318598602 5400.0 5400.0 2016.0 1 384 {-999.0 20.430466 19.440723 18.956192 18.587868} sdss_fiber2mag_from_lsdr10 19.251461 20.264002 17.754265 15.059 63050395801545845 1058439723 dark_flexible_2x1 bhm_spiders_agn_lsdr10 bhm_spiders science 0 0 0.0 0.0 -999 ""
FIBERMAP 740 R-10C6 METROLOGY 0 0 0 1 0 0 -85.13961301972118 -189.75256444683706 143.1 207.18833244028158 -18.007556811319898 210.00046 68.273026 -999.0 -999.0 -999.0 -999.0 -999.0 44.706465927524164 -53.0757974309773 44.57176818212986 -52.95775274639384 65.87521384283613 174.05855405435122 -999.0 6231.0 -999.0 -1 -999 {-999.0 -999.0 -999.0 -999.0 -999.0} "" -999.0 -999.0 -999.0 -999.0 -999 -999 "" "" "" "" 0 0 0.0 0.0 -999 ""
FIBERMAP 745 R+1C8 APOGEE 0 0 0 1 0 0 -127.23146621598576 36.21995896934165 143.1 7.6316697403335745 -132.06084995500782 132.85646 82.98578 -999.0 -999.0 -999.0 -999.0 -999.0 43.70203355446361 -53.428184496588656 43.56863108261422 -53.308344005114286 65.60647951453953 175.62256210936792 -999.0 16600.0 -999.0 2 -999 {-999.0 -999.0 -999.0 -999.0 -999.0} "" -999.0 -999.0 -999.0 -999.0 -999 -999 "" "" "" "" 0 0 0.0 0.0 -999 ""
FIBERMAP 745 R+1C8 BOSS 1 1 0 1 0 0 -126.65697381739876 36.659955219983004 143.1 7.027255689391635 -131.66300657743744 132.85646 82.98578 43.69897397827066 -53.42714779439487 -999.0 -999.0 -999.0 43.69897397827066 -53.42714779439487 43.56556775821261 -53.30720563391472 65.60781513932662 175.62665869617567 5400.0 5400.0 2016.0 1 47 {-999.0 21.066473 20.06581 19.656322 19.313976} sdss_fiber2mag_from_lsdr10 1e+20 1e+20 1e+20 -999.0 63050396674780669 1128176640 dark_flexible_3x1 bhm_spiders_clusters_lsdr10_d3 bhm_spiders science 0 0 0.0 0.0 -999 ""
FIBERMAP 745 R+1C8 METROLOGY 0 0 0 1 0 0 -126.54396807568877 35.925265019820635 143.1 7.683902283469783 -131.31471019068704 132.85646 82.98578 -999.0 -999.0 -999.0 -999.0 -999.0 43.70230833120855 -53.426072031273755 43.56890236877763 -53.30616335661729 65.60862840288704 175.6215821660494 -999.0 6231.0 -999.0 -1 -999 {-999.0 -999.0 -999.0 -999.0 -999.0} "" -999.0 -999.0 -999.0 -999.0 -999 -999 "" "" "" "" 0 0 0.0 0.0 -999 ""
FIBERMAP 746 R-9C7 APOGEE 0 0 0 1 0 0 -36.965648986815125 -179.58884623648197 143.1 181.74975435637512 24.143527352331773 32.990635 58.491722 -999.0 -999.0 -999.0 -999.0 -999.0 44.57524236091694 -52.94927134967473 44.441571595357686 -52.8310958898105 66.01211435044493 174.20305538013994 -999.0 16600.0 -999.0 2 187 {-999.0 -999.0 -999.0 -999.0 -999.0} "" -999.0 -999.0 -999.0 -999.0 -999 -999 "" ops_sky_apogee_best_unassigned ops_sky sky_apogee 0 0 0.0 0.0 -999 ""
FIBERMAP 746 R-9C7 BOSS 1 1 0 1 0 0 -36.92998129902645 -180.35988356592958 143.1 182.46615551931083 24.430741115051468 32.990635 58.491722 44.57893395233247 -52.94845334176284 -999.0 -999.0 -999.0 44.57893395233247 -52.94845334176285 44.4452332057081 -52.83019027174085 66.01268665803292 174.19734645761082 5400.0 5400.0 2016.0 1 383 {-999.0 20.937855 20.077774 19.718842 19.387787} sdss_fiber2mag_from_lsdr10 19.907217 21.212265 18.611162 -999.0 63050395801550499 1128179004 dark_flexible_3x1 bhm_spiders_clusters_lsdr10_d3 bhm_spiders science 0 0 0.0 0.0 -999 ""
FIBERMAP 746 R-9C7 METROLOGY 0 0 0 1 0 0 -37.59179612915101 -179.9929706385999 143.1 182.3372778267643 23.685108491129878 32.990635 58.491722 -999.0 -999.0 -999.0 -999.0 -999.0 44.57838088950323 -52.95068909379997 44.44467735943539 -52.832451176542655 66.01049922060915 174.19897725565227 -999.0 6231.0 -999.0 -1 -999 {-999.0 -999.0 -999.0 -999.0 -999.0} "" -999.0 -999.0 -999.0 -999.0 -999 -999 "" "" "" "" 0 0 0.0 0.0 -999 ""
FIBERMAP 749 R-2C15 APOGEE 0 0 0 1 0 0 44.64176046566937 -29.65405927404046 143.1 13.324804645658702 51.908249518658565 53.405895 149.32867 -999.0 -999.0 -999.0 -999.0 -999.0 43.7274936512303 -52.86978915966137 43.596721759998104 -52.75014422420111 66.15915919423341 175.42649299825672 -999.0 16600.0 -999.0 2 227 {-999.0 -999.0 -999.0 -999.0 -999.0} "" -999.0 -999.0 -999.0 -999.0 -999 -999 "" ops_sky_apogee_best_unassigned ops_sky sky_apogee 0 0 0.0 0.0 -999 ""
FIBERMAP 749 R-2C15 BOSS 1 1 0 1 0 0 45.33350366532716 -29.372268942479735 143.1 12.831238226880204 52.468839684247264 53.405895 149.32867 43.72450170954751 -52.86819052496604 18.690508 12.432898 2.2443469 43.72503064843109 -52.868153621986714 43.594256798782354 -52.748410950532474 66.16105275998035 175.4296661703946 5400.0 5400.0 2016.0 1 327 {-999.0 17.034143 15.819999 15.2957735 -999.0} sdss_psfmag_gaia 16.593376 15.796572 14.925245 13.233 63050395801551421 1124850746 bright_1x1 openfibertargets_mwm_snc_further_ext_boss open_fiber science 0 0 0.9497440457344055 0.0 -999 ""
FIBERMAP 749 R-2C15 METROLOGY 0 0 0 1 0 0 45.24734544673019 -30.092662035176623 143.1 13.539872042854386 52.624354376606775 53.405895 149.32867 -999.0 -999.0 -999.0 -999.0 -999.0 43.72859043889615 -52.86764271021532 43.59781263025843 -52.747932825627736 66.16127977878219 175.42423973975627 -999.0 6231.0 -999.0 -1 -999 {-999.0 -999.0 -999.0 -999.0 -999.0} "" -999.0 -999.0 -999.0 -999.0 -999 -999 "" "" "" "" 0 0 0.0 0.0 -999 ""
FIBERMAP 750 R+11C10 APOGEE 0 0 0 1 0 0 39.40195022422047 193.35868119636953 143.1 -195.5544020348567 -26.370575436917896 346.75238 41.56937 -999.0 -999.0 -999.0 -999.0 -999.0 42.67452355034431 -53.10511294900116 42.545802439007275 -52.983588911438815 65.98712470191364 177.0384262562317 -999.0 16600.0 -999.0 2 127 {-999.0 -999.0 -999.0 -999.0 -999.0} "" -999.0 -999.0 -999.0 -999.0 -999 -999 "" ops_sky_apogee_best_unassigned ops_sky sky_apogee 0 0 0.0 0.0 -999 ""
FIBERMAP 750 R+11C10 BOSS 1 1 0 1 0 0 38.73596373787867 193.0447283945606 143.1 -195.0389322488734 -26.89626664239058 346.75238 41.56937 42.67700308487185 -53.106826909094174 0.17219457 0.28408316 -0.065470435 42.67700393624846 -53.10682606588728 42.548255279495955 -52.98521053482835 65.98539677335593 177.03510712947758 5400.0 5400.0 2016.0 1 114 {-999.0 18.839382 18.623137 18.499924 18.39742} sdss_psfmag_from_lsdr10 18.79829 18.574255 18.15477 -999.0 63050395801432190 1058439691 dark_flexible_2x1 bhm_spiders_agn_lsdr10 bhm_spiders science 0 0 0.0 0.0 -999 ""
FIBERMAP 750 R+11C10 METROLOGY 0 0 0 1 0 0 38.749743530091166 193.75951764264488 143.1 -195.71847474134273 -27.118289279076578 346.75238 41.56937 -999.0 -999.0 -999.0 -999.0 -999.0 42.673530847602684 -53.10745162216009 42.54479317232148 -52.98585699436729 65.98490859642442 177.04033321657477 -999.0 6231.0 -999.0 -1 -999 {-999.0 -999.0 -999.0 -999.0 -999.0} "" -999.0 -999.0 -999.0 -999.0 -999 -999 "" "" "" "" 0 0 0.0 0.0 -999 ""
FIBERMAP 752 R-8C5 APOGEE 1 1 0 1 0 0 -123.62380433075042 -169.29007218795022 143.1 200.5188672414219 -61.07855108797967 266.32693 74.33474 44.676294200990526 -53.20650265256623 11.52237 -9.556001 2.5928502 44.67635130317681 -53.20653101637975 44.54111419912895 -53.08846561172878 65.74871985617062 174.15068851287964 16000.0 16600.0 2016.0 2 285 {-999.0 12.351432 11.922417 11.814743 -999.0} sdss_psfmag_from_g3xp 12.274617 11.958899 11.483696 10.727 63050395801545771 975119948 "" ops_std_apogee ops_std standard_apogee 0 0 0.0 0.0 -999 ""
FIBERMAP 752 R-8C5 BOSS 0 0 0 1 0 0 -124.34049951684011 -169.08623795023152 143.1 200.56203861023403 -61.82238678071644 266.32693 74.33474 -999.0 -999.0 -999.0 -999.0 -999.0 44.67673330375612 -53.208890450010884 44.54145843596484 -53.090729290571446 65.74645055888115 174.1510085227208 -999.0 5400.0 -999.0 1 468 {-999.0 -999.0 -999.0 -999.0 -999.0} "" -999.0 -999.0 -999.0 -999.0 -999 -999 "" "" "" "" 0 0 0.0 0.0 -999 ""
FIBERMAP 752 R-8C5 METROLOGY 0 0 0 1 0 0 -123.78541999735597 -168.5634859970286 143.1 199.88585749041167 -61.470087528102056 266.32693 74.33474 -999.0 -999.0 -999.0 -999.0 -999.0 44.67334492743572 -53.20784302773616 44.53809212119688 -53.08970320659875 65.74776516964724 174.15550524935256 -999.0 6231.0 -999.0 -1 -999 {-999.0 -999.0 -999.0 -999.0 -999.0} "" -999.0 -999.0 -999.0 -999.0 -999 -999 "" "" "" "" 0 0 0.0 0.0 -999 ""
FIBERMAP 754 R+8C15 APOGEE 1 1 0 1 0 0 92.59246812639763 153.49519061675653 143.1 -175.3993032881611 36.967740844506146 232.87779 60.405197 42.77843241769702 -52.91377703517119 -3.9323761 6.025131 0.8643784 42.77890013476712 -52.913759151560576 42.650764680975065 -52.79246498393282 66.17278114857646 176.846258635661 16000.0 16600.0 2016.0 2 78 {-999.0 10.391159 9.062368 8.391908 -999.0} sdss_psfmag_from_g3xp 9.868644 8.951408 8.005794 5.902 63050395801432336 1155963069 bright_1x1 mwm_galactic_core_dist_apogee_extra mwm_galactic science 0 0 1.0573664903640747 0.0 -999 ""
FIBERMAP 754 R+8C15 BOSS 0 0 0 1 0 0 92.31995704290944 154.17631700167954 143.1 -175.95291864546795 36.48642828656341 232.87779 60.405197 -999.0 -999.0 -999.0 -999.0 -999.0 42.77601445712636 -52.91528468853082 42.64786775179681 -52.79389068965003 66.1714992244718 176.85086157750922 -999.0 5400.0 -999.0 1 238 {-999.0 -999.0 -999.0 -999.0 -999.0} "" -999.0 -999.0 -999.0 -999.0 -999 -999 "" "" "" "" 0 0 0.0 0.0 -999 ""
FIBERMAP 754 R+8C15 METROLOGY 0 0 0 1 0 0 93.05873849457923 154.081910517557 143.1 -176.10669050956864 37.21513933341183 232.87779 60.405197 -999.0 -999.0 -999.0 -999.0 -999.0 42.77524052755168 -52.913040044350716 42.64711023170696 -52.791672086592186 66.17374720396721 176.8515556384348 -999.0 6231.0 -999.0 -1 -999 {-999.0 -999.0 -999.0 -999.0 -999.0} "" -999.0 -999.0 -999.0 -999.0 -999 -999 "" "" "" "" 0 0 0.0 0.0 -999 ""
FIBERMAP 755 R-9C15 APOGEE 0 0 0 1 0 0 118.74900343047909 -162.24511625366807 143.1 114.16941332965483 165.4897767127803 111.053276 116.19579 -999.0 -999.0 -999.0 -999.0 -999.0 44.227382443603666 -52.52375383265839 44.096788133509165 -52.40507835112642 66.46338261479048 174.5683537694746 -999.0 16600.0 -999.0 2 -999 {-999.0 -999.0 -999.0 -999.0 -999.0} "" -999.0 -999.0 -999.0 -999.0 -999 -999 "" "" "" "" 0 0 0.0 0.0 -999 ""
FIBERMAP 755 R-9C15 BOSS 1 1 0 1 0 0 119.28646409793727 -161.68721725795774 143.1 113.46583448542319 165.81388061596428 111.053276 116.19579 44.22393536760019 -52.522839452822424 -999.0 -999.0 -999.0 44.22393536760019 -52.52283945282243 44.09333476428656 -52.40406561793908 66.46467172504427 174.57323711319117 5400.0 5400.0 2016.0 1 329 {-999.0 20.07214 19.19792 18.827072 18.489918} sdss_fiber2mag_from_lsdr10 19.076609 20.888813 17.597 15.371 63050395801552184 1128181114 dark_flexible_3x1 bhm_spiders_clusters_lsdr10_d3 bhm_spiders science 0 0 0.0 0.0 -999 ""
FIBERMAP 755 R-9C15 METROLOGY 0 0 0 1 0 0 119.4801926143098 -162.40278868069666 143.1 114.07788315289122 166.2321209814352 111.053276 116.19579 -999.0 -999.0 -999.0 -999.0 -999.0 44.2269706952236 -52.52151166048678 44.09637338691488 -52.40276975628004 66.46570419280994 174.56819714837002 -999.0 6231.0 -999.0 -1 -999 {-999.0 -999.0 -999.0 -999.0 -999.0} "" -999.0 -999.0 -999.0 -999.0 -999 -999 "" "" "" "" 0 0 0.0 0.0 -999 ""
FIBERMAP 764 R-10C8 APOGEE 0 0 0 1 0 0 -39.70847314813721 -184.5794628444963 143.1 187.36453471956767 23.194345192577156 199.67267 57.92036 -999.0 -999.0 -999.0 -999.0 -999.0 44.60344991539708 -52.951888289791334 44.46968305133612 -52.83376217418564 66.00698533482796 174.16269827970865 -999.0 16600.0 -999.0 2 -999 {-999.0 -999.0 -999.0 -999.0 -999.0} "" -999.0 -999.0 -999.0 -999.0 -999 -999 "" "" "" "" 0 0 0.0 0.0 -999 ""
FIBERMAP 764 R-10C8 BOSS 1 1 0 1 0 0 -39.54263629317596 -183.81036009946118 143.1 186.58370215655856 23.09805843361013 199.67267 57.92036 44.599670218415575 -52.95230251524735 -999.0 -999.0 -999.0 44.599670218415575 -52.95230251524735 44.465889277583095 -52.83407518376527 66.00701298367092 174.16838668548314 5400.0 5400.0 2016.0 1 405 {-999.0 21.310852 20.368237 19.986946 19.654411} sdss_fiber2mag_from_lsdr10 20.52044 21.560787 18.801794 -999.0 63050395801550423 1128179006 dark_flexible_3x1 bhm_spiders_clusters_lsdr10_d3 bhm_spiders science 0 0 0.0 0.0 -999 ""
FIBERMAP 764 R-10C8 METROLOGY 0 0 0 1 0 0 -38.99858786000395 -184.34374883454345 143.1 186.9085150437363 23.787218570051447 199.67267 57.92036 -999.0 -999.0 -999.0 -999.0 -999.0 44.601273237929455 -52.95016854992169 44.46750456525564 -52.83197139890248 66.00895031658135 174.16525161571138 -999.0 6231.0 -999.0 -1 -999 {-999.0 -999.0 -999.0 -999.0 -999.0} "" -999.0 -999.0 -999.0 -999.0 -999 -999 "" "" "" "" 0 0 0.0 0.0 -999 ""
FIBERMAP 767 R+3C3 APOGEE 1 1 0 1 0 0 -211.60295606783467 46.426342239771714 143.1 25.736135057966184 -215.09313537462532 265.5198 127.64646 43.79595712432532 -53.678700516750645 10.901487 -20.350807 3.4285462 43.7960117534148 -53.6787609213777 43.661085240647935 -53.55901655578609 65.35119241396414 175.55885930693097 16000.0 16600.0 2016.0 2 36 {-999.0 11.758535 11.42341 11.334839 -999.0} sdss_psfmag_from_g3xp 11.709589 11.439673 11.008127 10.309 63050395801412154 975119310 "" ops_std_apogee ops_std standard_apogee 0 0 0.0 0.0 -999 ""
FIBERMAP 767 R+3C3 BOSS 0 0 0 1 0 0 -212.21121183819577 46.024826352804475 143.1 26.315312170693012 -215.53551623994207 265.5198 127.64646 -999.0 -999.0 -999.0 -999.0 -999.0 43.79901295850415 -53.68022740268971 43.66404967532111 -53.56038976849549 65.34962733515309 175.5550404101484 -999.0 5400.0 -999.0 1 60 {-999.0 -999.0 -999.0 -999.0 -999.0} "" -999.0 -999.0 -999.0 -999.0 -999 -999 "" "" "" "" 0 0 0.0 0.0 -999 ""
FIBERMAP 767 R+3C3 METROLOGY 0 0 0 1 0 0 -212.271342379337 46.759114068156244 143.1 25.641659344329984 -215.8337475703533 265.5198 127.64646 -999.0 -999.0 -999.0 -999.0 -999.0 43.79557583182617 -53.681141809569 43.66062389041514 -53.56132562559875 65.3489296285407 175.56014309881525 -999.0 6231.0 -999.0 -1 -999 {-999.0 -999.0 -999.0 -999.0 -999.0} "" -999.0 -999.0 -999.0 -999.0 -999 -999 "" "" "" "" 0 0 0.0 0.0 -999 ""
FIBERMAP 768 R+6C11 APOGEE 0 0 0 1 0 0 7.324237021087948 127.6213844289986 143.1 -122.92763516325162 -35.04756587282313 59.456215 115.30049 -999.0 -999.0 -999.0 -999.0 -999.0 43.04001847846604 -53.13337421774456 42.91005269428746 -53.01246812344449 65.94041112778429 176.50781620354647 -999.0 16600.0 -999.0 2 -999 {-999.0 -999.0 -999.0 -999.0 -999.0} "" -999.0 -999.0 -999.0 -999.0 -999 -999 "" "" "" "" 0 0 0.0 0.0 -999 ""
FIBERMAP 768 R+6C11 BOSS 1 1 0 1 0 0 8.097477428804922 127.53680969189817 143.1 -123.10202236652397 -34.28954635575207 59.456215 115.30049 43.039071096987406 -53.13118273067014 -0.29240242 -0.20770305 0.0090731885 43.03906965045127 -53.131183347167934 42.90910314747148 -53.01018087006716 65.94273997615306 176.508715467748 5400.0 5400.0 2016.0 1 142 {-999.0 19.379768 19.275553 19.099697 18.929142} sdss_psfmag_from_lsdr10 19.31431 19.063341 18.61374 -999.0 63050395801414313 1131240457 dark_flexible_3x1 bhm_spiders_agn_lsdr10_d3 bhm_spiders science 0 0 0.0 0.0 -999 ""
FIBERMAP 768 R+6C11 METROLOGY 0 0 0 1 0 0 7.643957396841597 126.94516175995825 143.1 -122.394173897733 -34.523283635231174 59.456215 115.30049 -999.0 -999.0 -999.0 -999.0 -999.0 43.04261243771431 -53.1318824625742 42.91263580123132 -53.010912901063044 65.94182256021057 176.50368106531755 -999.0 6231.0 -999.0 -1 -999 {-999.0 -999.0 -999.0 -999.0 -999.0} "" -999.0 -999.0 -999.0 -999.0 -999 -999 "" "" "" "" 0 0 0.0 0.0 -999 ""
FIBERMAP 769 R-5C12 APOGEE 0 0 0 1 0 0 22.213700920553165 -104.45531833768092 143.1 91.33814708401621 55.32430667865352 326.42172 117.16422 -999.0 -999.0 -999.0 -999.0 -999.0 44.11955418396524 -52.85794935410054 43.98767482937018 -52.73899394254629 66.1412266764907 174.84219701285087 -999.0 16600.0 -999.0 2 161 {-999.0 -999.0 -999.0 -999.0 -999.0} "" -999.0 -999.0 -999.0 -999.0 -999 -999 "" ops_sky_apogee_best_unassigned ops_sky sky_apogee 0 0 0.0 0.0 -999 ""
FIBERMAP 769 R-5C12 BOSS 1 1 0 1 0 0 22.099427715360108 -105.19384686037424 143.1 92.07315181326207 55.45923423093487 326.42172 117.16422 44.123342330712354 -52.857583734943546 -999.0 -999.0 -999.0 44.123342330712354 -52.85758373494355 43.991433187494074 -52.73854105375964 66.14138010068899 174.83647356094502 5400.0 5400.0 2015.5 1 390 {-999.0 -999.0 -999.0 -999.0 -999.0} "" -999.0 -999.0 -999.0 -999.0 27021603157761229 813531286 "" ops_sky_boss_good ops_sky sky_boss 0 0 0.0 0.0 -999 ""
FIBERMAP 769 R-5C12 METROLOGY 0 0 0 1 0 0 21.526258516148943 -104.73753860273823 143.1 91.83070533163118 54.76791934028085 326.42172 117.16422 -999.0 -999.0 -999.0 -999.0 -999.0 44.12216751780722 -52.85965609834247 43.99025760071015 -52.74063743158519 66.13939400015133 174.83889173279735 -999.0 6231.0 -999.0 -1 -999 {-999.0 -999.0 -999.0 -999.0 -999.0} "" -999.0 -999.0 -999.0 -999.0 -999 -999 "" "" "" "" 0 0 0.0 0.0 -999 ""
FIBERMAP 770 R-13C4 APOGEE 0 0 0 1 0 0 -79.78727254229592 -238.04808623868016 143.1 251.03627742757456 2.927365598187333 105.13207 107.54348 -999.0 -999.0 -999.0 -999.0 -999.0 44.92374112507857 -53.00981815234484 44.78874474526748 -52.892246669519075 65.91973179569479 173.71730990787634 -999.0 16600.0 -999.0 2 261 {-999.0 -999.0 -999.0 -999.0 -999.0} "" -999.0 -999.0 -999.0 -999.0 -999 -999 "" ops_sky_apogee_best_unassigned ops_sky sky_apogee 0 0 0.0 0.0 -999 ""
FIBERMAP 770 R-13C4 BOSS 1 1 0 1 0 0 -79.17999513373817 -237.69162737889792 143.1 250.49997163545828 3.383638109852947 105.13207 107.54348 44.92107269242205 -53.00856504821867 0.06640364 0.16379964 0.03620901 44.92107301999173 -53.00856456203361 44.7860655582522 -52.89089405095643 65.92132362678547 173.72069588833398 5400.0 5400.0 2016.0 1 355 {-999.0 19.505842 19.407557 19.254862 19.234488} sdss_psfmag_from_gaiadr2 19.388575 19.427757 19.1535 -999.0 63050395801545982 1130304701 dark_flexible_3x1 bhm_gua_dark_d3 bhm_filler science 0 0 0.0 0.0 -999 ""
FIBERMAP 770 R-13C4 METROLOGY 0 0 0 1 0 0 -79.10821696364187 -238.38489896812212 143.1 251.13106092004287 3.679382040762424 105.13207 107.54348 -999.0 -999.0 -999.0 -999.0 -999.0 44.924255263110766 -53.00760289868295 44.78925026319621 -52.88996514283073 65.92193604792587 173.7156847372408 -999.0 6231.0 -999.0 -1 -999 {-999.0 -999.0 -999.0 -999.0 -999.0} "" -999.0 -999.0 -999.0 -999.0 -999 -999 "" "" "" "" 0 0 0.0 0.0 -999 ""
FIBERMAP 771 R-13C5 APOGEE 0 0 0 1 0 0 -43.35234857461575 -258.12573952880416 143.1 258.01615586412834 43.93659163362921 343.22983 110.49048 -999.0 -999.0 -999.0 -999.0 -999.0 44.95410498083903 -52.88536276942982 44.819632978210734 -52.76787926409367 66.03952766099259 173.62329811495266 -999.0 16600.0 -999.0 2 262 {-999.0 -999.0 -999.0 -999.0 -999.0} "" -999.0 -999.0 -999.0 -999.0 -999 -999 "" ops_sky_apogee_best_unassigned ops_sky sky_apogee 0 0 0.0 0.0 -999 ""
FIBERMAP 771 R-13C5 BOSS 1 1 0 1 0 0 -43.301690653451686 -258.88444271374783 143.1 258.71598021496135 44.2339057388759 343.22983 110.49048 44.9575251886586 -52.88450765782617 12.109177 -2.7693317 0.20697527 44.95758475227296 -52.88451587765636 44.82308152045953 -52.766944795310884 66.04011492371752 173.61785731374843 5400.0 5400.0 2016.0 1 356 {-999.0 17.93481 17.629847 17.541857 -999.0} sdss_psfmag_gaia 17.909492 17.641321 17.223663 -999.0 63050395801546046 975992379 "" ops_std_boss ops_std standard_boss 0 0 0.0 0.0 -999 ""
FIBERMAP 771 R-13C5 METROLOGY 0 0 0 1 0 0 -43.983291075873794 -258.5459086275288 143.1 258.6204079491838 43.478920059164956 343.22983 110.49048 -999.0 -999.0 -999.0 -999.0 -999.0 44.957264187906006 -52.88676871460544 44.82275787901216 -52.76922307349556 66.03789768925998 173.61923438909622 -999.0 6231.0 -999.0 -1 -999 {-999.0 -999.0 -999.0 -999.0 -999.0} "" -999.0 -999.0 -999.0 -999.0 -999 -999 "" "" "" "" 0 0 0.0 0.0 -999 ""
FIBERMAP 773 R+3C12 APOGEE 1 1 0 1 0 0 -31.540877857828466 60.79016039406861 143.1 -47.03599773334761 -49.77453818739035 228.32521 48.58143 43.42361552739373 -53.178914183198785 6.6985464 12.33122 2.8349023 43.42364870242654 -53.17887758204751 43.292304241117655 -53.05862134182792 65.87250582865369 175.9581372521161 16000.0 16600.0 2016.0 2 131 {-999.0 12.140606 11.831217 11.753807 -999.0} sdss_psfmag_from_g3xp 12.100416 11.842502 11.425547 10.735 63050395801414076 975119364 "" ops_std_apogee ops_std standard_apogee 0 0 0.0 0.0 -999 ""
FIBERMAP 773 R+3C12 BOSS 0 0 0 1 0 0 -31.628893284239325 61.53973452620869 143.1 -47.71491723929379 -50.10412906722058 228.32521 48.58143 -999.0 -999.0 -999.0 -999.0 -999.0 43.42017915117125 -53.18000291650913 43.28882225272935 -53.05964453153064 65.87170250796177 175.96348610432034 -999.0 5400.0 -999.0 1 119 {-999.0 -999.0 -999.0 -999.0 -999.0} "" -999.0 -999.0 -999.0 -999.0 -999 -999 "" "" "" "" 0 0 0.0 0.0 -999 ""
FIBERMAP 773 R+3C12 METROLOGY 0 0 0 1 0 0 -30.946847040799806 61.24472128681717 143.1 -47.660590492720445 -49.36303281512628 228.32521 48.58143 -999.0 -999.0 -999.0 -999.0 -999.0 43.42044321602429 -53.177730203601406 43.28910111971561 -53.0573999720993 65.87391809173154 175.962515758398 -999.0 6231.0 -999.0 -1 -999 {-999.0 -999.0 -999.0 -999.0 -999.0} "" -999.0 -999.0 -999.0 -999.0 -999 -999 "" "" "" "" 0 0 0.0 0.0 -999 ""
FIBERMAP 774 R-6C6 APOGEE 0 0 0 1 0 0 -102.428008001484 -122.2886522049799 143.1 149.16350182808756 -56.51720825972277 313.52554 131.7058 -999.0 -999.0 -999.0 -999.0 -999.0 44.417141650920065 -53.19526636396332 44.28273179884104 -53.076744235273644 65.78262118514884 174.52076698997533 -999.0 16600.0 -999.0 2 -999 {-999.0 -999.0 -999.0 -999.0 -999.0} "" -999.0 -999.0 -999.0 -999.0 -999 -999 "" "" "" "" 0 0 0.0 0.0 -999 ""
FIBERMAP 774 R-6C6 BOSS 1 1 0 1 0 0 -102.49775461588479 -123.06016284533372 143.1 149.91501208481435 -56.32938689285901 313.52554 131.7058 44.42105055448123 -53.19478210704031 -999.0 -999.0 -999.0 44.42105055448123 -53.194782107040304 44.28660911263798 -53.07617152030056 65.78286440965016 174.51494958063063 5400.0 5400.0 2015.5 1 483 {-999.0 -999.0 -999.0 -999.0 -999.0} "" -999.0 -999.0 -999.0 -999.0 27021603157760911 821480048 "" ops_sky_boss_good ops_sky sky_boss 0 0 0.0 0.0 -999 ""
FIBERMAP 774 R-6C6 METROLOGY 0 0 0 1 0 0 -103.10107151456539 -122.61497064478164 143.1 149.69297616209437 -57.04551661295145 313.52554 131.7058 -999.0 -999.0 -999.0 -999.0 -999.0 44.41999718273108 -53.19694222347524 44.28555453712352 -53.078356245101276 65.78078905849868 174.51721980600047 -999.0 6231.0 -999.0 -1 -999 {-999.0 -999.0 -999.0 -999.0 -999.0} "" -999.0 -999.0 -999.0 -999.0 -999 -999 "" "" "" "" 0 0 0.0 0.0 -999 ""
FIBERMAP 775 R-7C2 APOGEE 0 0 0 1 1 0 -203.8815776996624 -150.7724104729439 143.1 209.42191005559837 -142.95894521980782 279.26834 54.362408 -999.0 -999.0 -999.0 -999.0 -999.0 44.72746629104555 -53.453567372960244 44.590841844709246 -53.335525463003286 65.49997773805784 174.16828673573113 -999.0 16600.0 -999.0 2 -999 {-999.0 -999.0 -999.0 -999.0 -999.0} "" -999.0 -999.0 -999.0 -999.0 -999 -999 "" "" "" "" 0 0 0.0 0.0 -999 ""
FIBERMAP 775 R-7C2 BOSS 1 0 0 1 1 0 -204.5395895376255 -150.4843598394513 143.1 209.3662555023645 -143.67505514331597 279.26834 54.362408 44.53145090477535 -53.461190152067566 0.37397015 -2.125075 0.42322648 44.72728045844446 -53.455836244747594 44.5906208175241 -53.33769675046345 65.49785025739561 174.1693804590767 5400.0 5400.0 2016.0 1 455 {-999.0 20.702856 20.116323 19.710135 19.43334} sdss_fiber2mag_from_lsdr10 19.551123 20.709566 18.268269 16.06 63050395801545037 1131238379 dark_flexible_3x1 bhm_spiders_agn_lsdr10_d3 bhm_spiders science 0 0 0.0 0.0 -999 ""
FIBERMAP 775 R-7C2 METROLOGY 0 0 0 1 1 0 -203.93874959949272 -150.02660246100928 143.1 208.73640517899133 -143.25817063753016 279.26834 54.362408 -999.0 -999.0 -999.0 -999.0 -999.0 44.724124141694624 -53.45461629100711 44.58748701544869 -53.33649890292132 65.49931308456777 174.17341273052386 -999.0 6231.0 -999.0 -1 -999 {-999.0 -999.0 -999.0 -999.0 -999.0} "" -999.0 -999.0 -999.0 -999.0 -999 -999 "" "" "" "" 0 0 0.0 0.0 -999 ""
FIBERMAP 777 R+4C22 APOGEE 0 0 0 1 0 0 233.64075528423666 68.85593926107963 143.1 -141.84941897773476 197.9976459667774 316.21478 118.71968 -999.0 -999.0 -999.0 -999.0 -999.0 42.95429149245215 -52.427403640752665 42.82789503837887 -52.30654052580251 66.64798248497956 176.47638421282372 -999.0 16600.0 -999.0 2 -999 {-999.0 -999.0 -999.0 -999.0 -999.0} "" -999.0 -999.0 -999.0 -999.0 -999 -999 "" "" "" "" 0 0 0.0 0.0 -999 ""
FIBERMAP 777 R+4C22 BOSS 1 1 0 1 0 0 233.37287161340058 68.06518484520406 143.1 -141.01458482034704 198.00468424308914 316.21478 118.71968 42.95841664683527 -52.42746611097634 -0.29297432 1.1479288 0.58977354 42.95841522071719 -52.42746270372929 42.83199319809064 -52.30651449334534 66.64778796238812 176.47008137324266 5400.0 5400.0 2016.0 1 246 {-999.0 20.369 20.315857 20.250555 20.190197} sdss_psfmag_from_lsdr10 20.15928 20.069317 19.664219 -999.0 63050395801570227 1131246785 dark_flexible_3x1 bhm_spiders_agn_lsdr10_d3 bhm_spiders science 0 0 0.0 0.0 -999 ""
FIBERMAP 777 R+4C22 METROLOGY 0 0 0 1 0 0 232.91953736712134 68.65758873088639 143.1 -141.42495714295643 197.3817848320402 316.21478 118.71968 -999.0 -999.0 -999.0 -999.0 -999.0 42.9563097073418 -52.4292757508982 42.82988909339991 -52.30834950709781 66.6460732989523 176.47372167224742 -999.0 6231.0 -999.0 -1 -999 {-999.0 -999.0 -999.0 -999.0 -999.0} "" -999.0 -999.0 -999.0 -999.0 -999 -999 "" "" "" "" 0 0 0.0 0.0 -999 ""
FIBERMAP 778 R-4C7 APOGEE 0 0 0 1 0 0 -110.0984175278537 -87.40105815877364 143.1 118.73956045457754 -75.23243159561369 250.59814 143.57127 -999.0 -999.0 -999.0 -999.0 -999.0 44.26441880484978 -53.25323781118165 44.13017991419122 -53.13443034068023 65.7379310410517 174.76088056686072 -999.0 16600.0 -999.0 2 297 {-999.0 -999.0 -999.0 -999.0 -999.0} "" -999.0 -999.0 -999.0 -999.0 -999 -999 "" ops_sky_apogee_best_unassigned ops_sky sky_apogee 0 0 0.0 0.0 -999 ""
FIBERMAP 778 R-4C7 BOSS 1 1 0 1 0 0 -110.76971760576149 -87.71169930172483 143.1 119.25365007916615 -75.76422962605199 250.59814 143.57127 44.2671647100676 -53.25496128503943 -999.0 -999.0 -999.0 44.2671647100676 -53.25496128503943 44.13288766071479 -53.13606239845974 65.73609722908272 174.75749144735462 5400.0 5400.0 2015.5 1 488 {-999.0 -999.0 -999.0 -999.0 -999.0} "" -999.0 -999.0 -999.0 -999.0 27021603157760893 821480041 "" ops_sky_boss_good ops_sky sky_boss 0 0 0.0 0.0 -999 ""
FIBERMAP 778 R-4C7 METROLOGY 0 0 0 1 0 0 -110.71810861756349 -86.97686031140204 143.1 118.54273468493395 -75.95712096637358 250.59814 143.57127 -999.0 -999.0 -999.0 -999.0 -999.0 44.26359074357445 -53.25555369355184 44.12932755635222 -53.13667548983255 65.73577391038266 174.76284096093457 -999.0 6231.0 -999.0 -1 -999 {-999.0 -999.0 -999.0 -999.0 -999.0} "" -999.0 -999.0 -999.0 -999.0 -999 -999 "" "" "" "" 0 0 0.0 0.0 -999 ""
FIBERMAP 782 R-9C4 APOGEE 0 0 0 1 0 0 -115.92281417844785 -180.22192122038547 143.1 208.3101379099347 -50.211529654300676 282.95947 150.07977 -999.0 -999.0 -999.0 -999.0 -999.0 44.71466256876028 -53.17319018121265 44.57947588344098 -53.055201687758995 65.77817301095365 174.08308186140377 -999.0 16600.0 -999.0 2 -999 {-999.0 -999.0 -999.0 -999.0 -999.0} "" -999.0 -999.0 -999.0 -999.0 -999 -999 "" "" "" "" 0 0 0.0 0.0 -999 ""
FIBERMAP 782 R-9C4 BOSS 1 1 0 1 0 0 -116.12045083316545 -180.92071598875324 143.1 209.03503146064355 -50.16839157603093 282.95947 150.07977 44.718389639666334 -53.173101299959264 3.148485 -7.6678486 0.26867047 44.718405230673326 -53.1731240594304 44.583183793372946 -53.05504690038644 65.77799163721332 174.07765471834477 5400.0 5400.0 2016.0 1 466 {-999.0 17.693674 17.688026 17.724012 -999.0} sdss_psfmag_gaia 17.780485 17.639322 17.43405 -999.0 63050395801545782 1092285862 dark_flexible_2x1 mwm_cb_galex_mag_boss mwm_cb science 0 0 0.0 0.0 -999 ""
FIBERMAP 782 R-9C4 METROLOGY 0 0 0 1 0 0 -116.6499226162596 -180.3974533725943 143.1 208.71498811174894 -50.840456598034315 282.95947 150.07977 -999.0 -999.0 -999.0 -999.0 -999.0 44.7168965117862 -53.17515715611197 44.58167617595171 -53.05710375425291 65.77609407783616 174.08059059533775 -999.0 6231.0 -999.0 -1 -999 {-999.0 -999.0 -999.0 -999.0 -999.0} "" -999.0 -999.0 -999.0 -999.0 -999 -999 "" "" "" "" 0 0 0.0 0.0 -999 ""
FIBERMAP 783 R+5C15 APOGEE 0 0 0 1 0 0 83.34120583890756 111.58617054687946 143.1 -132.78052538907602 42.011749574316546 88.25186 98.17573 -999.0 -999.0 -999.0 -999.0 -999.0 42.99280900321327 -52.899392057700034 42.864095999502126 -52.77846805019019 66.17594368725287 176.52508002982862 -999.0 16600.0 -999.0 2 -999 {-999.0 -999.0 -999.0 -999.0 -999.0} "" -999.0 -999.0 -999.0 -999.0 -999 -999 "" "" "" "" 0 0 0.0 0.0 -999 ""
FIBERMAP 783 R+5C15 BOSS 1 1 0 1 0 0 84.17678006044386 111.6392733499688 143.1 -133.10542490164147 42.78336319118847 88.25186 98.17573 42.99111625917981 -52.897119719138146 -999.0 -999.0 -999.0 42.99111625917981 -52.897119719138146 42.86240538898769 -52.776099116152636 66.17839309961637 176.52708851901832 5400.0 5400.0 2016.0 1 221 {-999.0 21.87654 21.537144 21.431946 21.36512} sdss_psfmag_from_lsdr10 1e+20 1e+20 1e+20 -999.0 63050396674663416 1131242600 dark_flexible_3x1 bhm_spiders_agn_lsdr10_d3 bhm_spiders science 0 0 0.0 0.0 -999 ""
FIBERMAP 783 R+5C15 METROLOGY 0 0 0 1 0 0 83.80039198444304 110.99570776181645 143.1 -132.37391035538627 42.63953695937667 88.25186 98.17573 -999.0 -999.0 -999.0 -999.0 -999.0 42.99475528419662 -52.89753735989805 42.86603533533429 -52.776549614554646 66.17775189576031 176.52177045020767 -999.0 6231.0 -999.0 -1 -999 {-999.0 -999.0 -999.0 -999.0 -999.0} "" -999.0 -999.0 -999.0 -999.0 -999 -999 "" "" "" "" 0 0 0.0 0.0 -999 ""
FIBERMAP 785 R+5C13 APOGEE 0 0 0 1 0 0 25.37316805241531 108.21570519098321 143.1 -110.53668977493001 -11.622115156845467 132.04369 110.99839 -999.0 -999.0 -999.0 -999.0 -999.0 43.10313191560451 -53.06250141779146 42.97331299107327 -52.94172299510949 66.00744814313298 176.39902935214627 -999.0 16600.0 -999.0 2 150 {-999.0 -999.0 -999.0 -999.0 -999.0} "" -999.0 -999.0 -999.0 -999.0 -999 -999 "" ops_sky_apogee_best_unassigned ops_sky sky_apogee 0 0 0.0 0.0 -999 ""
FIBERMAP 785 R+5C13 BOSS 1 1 0 1 0 0 25.69462004724427 108.89842113866973 143.1 -111.28711200174348 -11.543041174190122 132.04369 110.99839 43.099264561293104 -53.062350865722294 -999.0 -999.0 -999.0 43.09926456129311 -53.062350865722294 42.969443659622534 -52.94147079662958 66.00791164802845 176.4046836770183 5400.0 5400.0 2015.5 1 154 {-999.0 -999.0 -999.0 -999.0 -999.0} "" -999.0 -999.0 -999.0 -999.0 27021603157674909 813517599 "" ops_sky_boss_good ops_sky sky_boss 0 0 0.0 0.0 -999 ""
FIBERMAP 785 R+5C13 METROLOGY 0 0 0 1 0 0 26.1211660234162 108.27860151665095 143.1 -110.84204115398146 -10.93642448610331 132.04369 110.99839 -999.0 -999.0 -999.0 -999.0 -999.0 43.101502046763905 -53.060490355158635 42.97168729316314 -52.93964157576946 66.00961017074195 176.40096242902462 -999.0 6231.0 -999.0 -1 -999 {-999.0 -999.0 -999.0 -999.0 -999.0} "" -999.0 -999.0 -999.0 -999.0 -999 -999 "" "" "" "" 0 0 0.0 0.0 -999 ""
FIBERMAP 788 R+7C6 APOGEE 0 0 0 1 0 0 -115.77854651643511 140.34816257463916 143.1 -94.4677580932567 -155.48451177501275 180.9393 97.41269 -999.0 -999.0 -999.0 -999.0 -999.0 43.18211944423206 -53.498771460192344 43.04995873589894 -53.378010935772885 65.56878388087387 176.3850889066898 -999.0 16600.0 -999.0 2 -999 {-999.0 -999.0 -999.0 -999.0 -999.0} "" -999.0 -999.0 -999.0 -999.0 -999 -999 "" "" "" "" 0 0 0.0 0.0 -999 ""
FIBERMAP 788 R+7C6 BOSS 1 1 0 1 0 0 -115.92577673082292 141.09770294326634 143.1 -95.12717482507713 -155.87001105620857 180.9393 97.41269 43.17871917596452 -53.50007578326281 -999.0 -999.0 -999.0 43.17871917596452 -53.500075783262815 43.04654749649086 -53.37921205330615 65.56777584856103 176.39025597652275 5400.0 5400.0 2016.0 1 69 {-999.0 20.717785 19.406595 18.896984 18.520271} sdss_fiber2mag_from_lsdr10 19.147573 21.586927 17.426907 15.084 63050395801413795 1058434888 dark_flexible_2x1 bhm_spiders_agn_lsdr10 bhm_spiders science 0 0 0.0 0.0 -999 ""
FIBERMAP 788 R+7C6 METROLOGY 0 0 0 1 0 0 -115.20407258190298 140.8272011068464 143.1 -95.10903566360724 -155.09952363983393 180.9393 97.41269 -999.0 -999.0 -999.0 -999.0 -999.0 43.178794662428 -53.49773923355195 43.04663837524589 -53.37690376179336 65.57006928011567 176.38961027316125 -999.0 6231.0 -999.0 -1 -999 {-999.0 -999.0 -999.0 -999.0 -999.0} "" -999.0 -999.0 -999.0 -999.0 -999 -999 "" "" "" "" 0 0 0.0 0.0 -999 ""
FIBERMAP 794 R-11C15 APOGEE 0 0 0 1 0 0 143.6496033998134 -196.1703445294978 143.1 138.01894712381335 200.1598925344481 127.94877 81.43794 -999.0 -999.0 -999.0 -999.0 -999.0 44.34326314558471 -52.41854469812451 44.21283160994426 -52.300101952679285 66.55755946446324 174.35584139615852 -999.0 16600.0 -999.0 2 -999 {-999.0 -999.0 -999.0 -999.0 -999.0} "" -999.0 -999.0 -999.0 -999.0 -999 -999 "" "" "" "" 0 0 0.0 0.0 -999 ""
FIBERMAP 794 R-11C15 BOSS 1 1 0 1 0 0 144.24293714698086 -195.7991576364386 143.1 137.47331783607575 200.5981545023576 127.94877 81.43794 44.34057291818443 -52.41731044375665 -999.0 -999.0 -999.0 44.34057291818442 -52.41731044375664 44.210133730712606 -52.298771233549395 66.55910892617398 174.35947721709096 5400.0 5400.0 2016.0 1 332 {-999.0 19.70633 18.842323 18.483814 18.15383} sdss_fiber2mag_from_lsdr10 18.585047 20.548763 17.172518 15.187 63050395801552340 1128181115 dark_flexible_3x1 bhm_spiders_clusters_lsdr10_d3 bhm_spiders science 0 0 0.0 0.0 -999 ""
FIBERMAP 794 R-11C15 METROLOGY 0 0 0 1 0 0 144.2975277609997 -196.54409877894173 143.1 138.1588528575644 200.8946572397291 127.94877 81.43794 -999.0 -999.0 -999.0 -999.0 -999.0 44.3439744182715 -52.4163393069714 44.21353597086028 -52.29783245336624 66.55974581124183 174.35396690323552 -999.0 6231.0 -999.0 -1 -999 {-999.0 -999.0 -999.0 -999.0 -999.0} "" -999.0 -999.0 -999.0 -999.0 -999 -999 "" "" "" "" 0 0 0.0 0.0 -999 ""
FIBERMAP 797 R0C6 APOGEE 0 0 0 1 0 0 -192.3480940535601 11.538732073200226 143.1 52.35091488487204 -185.43812543317102 167.60762 81.60276 -999.0 -999.0 -999.0 -999.0 -999.0 43.931247184454236 -53.58880226955534 43.796353824807056 -53.4693184096007 65.43089537301975 175.3418961916669 -999.0 16600.0 -999.0 2 -999 {-999.0 -999.0 -999.0 -999.0 -999.0} "" -999.0 -999.0 -999.0 -999.0 -999 -999 "" "" "" "" 0 0 0.0 0.0 -999 ""
FIBERMAP 797 R0C6 BOSS 1 1 0 1 0 0 -191.99930241140765 12.327625243059362 143.1 51.49123439652806 -185.3681462304052 167.60762 81.60276 43.92690513219284 -53.58876557921948 -999.0 -999.0 -999.0 43.92690513219284 -53.58876557921948 43.79200558766199 -53.469176803052946 65.43134456545762 175.34803629884635 5400.0 5400.0 2015.5 1 451 {-999.0 -999.0 -999.0 -999.0 -999.0} "" -999.0 -999.0 -999.0 -999.0 27021603157673637 813517403 "" ops_sky_boss_good ops_sky sky_boss 0 0 0.0 0.0 -999 ""
FIBERMAP 797 R0C6 METROLOGY 0 0 0 1 0 0 -191.6157445594938 11.690924173313732 143.1 51.96638251474462 -184.79657446653832 167.60762 81.60276 -999.0 -999.0 -999.0 -999.0 -999.0 43.92932062455598 -53.58702600581972 43.79442789392857 -53.467469517687334 65.43286780717318 175.34410347407746 -999.0 6231.0 -999.0 -1 -999 {-999.0 -999.0 -999.0 -999.0 -999.0} "" -999.0 -999.0 -999.0 -999.0 -999 -999 "" "" "" "" 0 0 0.0 0.0 -999 ""
FIBERMAP 798 R+9C9 APOGEE 0 0 0 1 0 0 -4.851032554510204 182.38324699145326 143.1 -170.63856900538084 -64.55197288645758 21.76512 142.4458 -999.0 -999.0 -999.0 -999.0 -999.0 42.798230046632725 -53.22162792989078 42.668578855304474 -53.10028359607971 65.86508226911457 176.8800771387999 -999.0 16600.0 -999.0 2 135 {-999.0 -999.0 -999.0 -999.0 -999.0} "" -999.0 -999.0 -999.0 -999.0 -999 -999 "" ops_sky_apogee_best_unassigned ops_sky sky_apogee 0 0 0.0 0.0 -999 ""
FIBERMAP 798 R+9C9 BOSS 1 1 0 1 0 0 -4.145273481460571 182.1985474475075 143.1 -170.69621423712624 -63.824756547652576 21.76512 142.4458 42.797885786973374 -53.21954304094325 -0.53922045 1.0440837 -0.06367224 42.79788311391074 -53.21953994192609 42.668230278291404 -53.0980998220536 65.86727576323545 176.88016409435983 5400.0 5400.0 2016.0 1 130 {-999.0 20.454815 20.337725 20.211874 20.172167} sdss_psfmag_from_gaiadr2 20.362606 20.3341 19.998259 -999.0 63050395801414336 1130302097 dark_flexible_3x1 bhm_gua_dark_d3 bhm_filler science 0 0 0.0 0.0 -999 ""
FIBERMAP 798 R+9C9 METROLOGY 0 0 0 1 0 0 -4.626185494694738 181.64918382601263 143.1 -170.01928999289692 -64.09826529653598 21.76512 142.4458 -999.0 -999.0 -999.0 -999.0 -999.0 42.80124764632011 -53.220370883646495 42.671584137259 -53.09896342453741 65.86625513814897 176.87542174003602 -999.0 6231.0 -999.0 -1 -999 {-999.0 -999.0 -999.0 -999.0 -999.0} "" -999.0 -999.0 -999.0 -999.0 -999 -999 "" "" "" "" 0 0 0.0 0.0 -999 ""
FIBERMAP 801 R+7C20 APOGEE 1 1 0 1 0 0 202.71850796061665 150.12226501900957 143.1 -208.42550670151803 142.07437949362992 157.601 80.87071 42.62084501219453 -52.59492024221845 15.985652 5.4611588 1.0088401 42.62092312297566 -52.59490403254945 42.494746765799505 -52.47342617037605 66.49817067619931 177.02018859033043 16000.0 16600.0 2016.0 2 89 {-999.0 11.64852 10.74146 10.4303055 -999.0} sdss_psfmag_from_g3xp 11.363235 10.789983 10.077687 8.671 63050395801432958 1105649940 bright_1x1 mwm_tess_rgb_apogee mwm_tessrgb science 0 0 0.0 0.0 -999 ""
FIBERMAP 801 R+7C20 BOSS 0 0 0 1 0 0 203.09851466394244 150.74838089364997 143.1 -209.1417324752832 142.2273607575868 157.601 80.87071 -999.0 -999.0 -999.0 -999.0 -999.0 42.61737803317683 -52.59450962455375 42.49120228958708 -52.47293274553908 66.4988237122873 177.02549546626278 -999.0 5400.0 -999.0 1 263 {-999.0 -999.0 -999.0 -999.0 -999.0} "" -999.0 -999.0 -999.0 -999.0 -999 -999 "" "" "" "" 0 0 0.0 0.0 -999 ""
FIBERMAP 801 R+7C20 METROLOGY 0 0 0 1 0 0 203.45722694190198 150.10418361716376 143.1 -208.65133563938372 142.77793448385717 157.601 80.87071 -999.0 -999.0 -999.0 -999.0 -999.0 42.61978547351805 -52.59280758756003 42.49361360000495 -52.471261620743284 66.50038069284595 177.02150973753737 -999.0 6231.0 -999.0 -1 -999 {-999.0 -999.0 -999.0 -999.0 -999.0} "" -999.0 -999.0 -999.0 -999.0 -999 -999 "" "" "" "" 0 0 0.0 0.0 -999 ""
FIBERMAP 803 R-5C19 APOGEE 0 0 0 1 0 0 176.6946993204088 -77.0096463272984 143.1 14.623681641702442 192.1838538740233 139.22269 23.675646 -999.0 -999.0 -999.0 -999.0 -999.0 43.73115085687908 -52.44496526262389 43.602382482755274 -52.325441201330555 66.58058085923477 175.29475095420153 -999.0 16600.0 -999.0 2 -999 {-999.0 -999.0 -999.0 -999.0 -999.0} "" -999.0 -999.0 -999.0 -999.0 -999 -999 "" "" "" "" 0 0 0.0 0.0 -999 ""
FIBERMAP 803 R-5C19 BOSS 1 1 0 1 0 0 177.40335563505758 -77.21225131108659 143.1 14.581992752377264 192.91969385517035 139.22269 23.675646 43.73094956713564 -52.44278287207955 0.80586797 1.32041 -0.45535898 43.73095349124193 -52.44277895287913 43.60217815659234 -52.323162913810044 66.58285805885674 175.29439021700227 5400.0 5400.0 2016.0 1 313 {-999.0 20.671032 20.704285 20.631126 20.548494} sdss_psfmag_from_lsdr10 20.237923 20.401087 19.8408 -999.0 63050395801552623 1131246796 dark_flexible_3x1 bhm_spiders_agn_lsdr10_d3 bhm_spiders science 0 0 0.0 0.0 -999 ""
FIBERMAP 803 R-5C19 METROLOGY 0 0 0 1 0 0 176.87313068327893 -77.73604874024895 143.1 15.250988537919891 192.59120979262664 139.22269 23.675646 -999.0 -999.0 -999.0 -999.0 -999.0 43.73428463467923 -52.443711135968975 43.60550016220867 -52.324126787148586 66.58166241369891 175.2896015078462 -999.0 6231.0 -999.0 -1 -999 {-999.0 -999.0 -999.0 -999.0 -999.0} "" -999.0 -999.0 -999.0 -999.0 -999 -999 "" "" "" "" 0 0 0.0 0.0 -999 ""
FIBERMAP 810 R+10C16 APOGEE 0 0 0 1 0 0 176.23052894868238 200.12434936947133 143.1 -246.93526568370612 100.61886174224475 70.21646 51.31436 -999.0 -999.0 -999.0 -999.0 -999.0 42.4267141475819 -52.71896441781943 42.300547738671014 -52.59712302316574 66.38314243672255 177.33688456327388 -999.0 16600.0 -999.0 2 -999 {-999.0 -999.0 -999.0 -999.0 -999.0} "" -999.0 -999.0 -999.0 -999.0 -999 -999 "" "" "" "" 0 0 0.0 0.0 -999 ""
FIBERMAP 810 R+10C16 BOSS 1 1 0 1 0 0 176.63340097773664 199.49543245078092 143.1 -246.47381938050813 101.2061132861286 70.21646 51.31436 42.429063345659955 -52.717300042226334 -999.0 -999.0 -999.0 42.429063345659955 -52.717300042226334 42.30288723603401 -52.59536954503525 66.38479685725375 177.33305223985582 5400.0 5400.0 2016.0 1 185 {-999.0 22.037203 21.54886 21.080082 20.70555} sdss_psfmag_from_lsdr10 1e+20 1e+20 1e+20 -999.0 63050398105244140 1131244689 dark_flexible_3x1 bhm_spiders_agn_lsdr10_d3 bhm_spiders science 0 0 0.0 0.0 -999 ""
FIBERMAP 810 R+10C16 METROLOGY 0 0 0 1 0 0 175.89024054095717 199.45823975659673 143.1 -246.1943319022724 100.51653912503086 70.21646 51.31436 -999.0 -999.0 -999.0 -999.0 -999.0 42.43031158161454 -52.71934654045422 42.304125158260604 -52.597444110405725 66.3826765679778 177.33152640966435 -999.0 6231.0 -999.0 -1 -999 {-999.0 -999.0 -999.0 -999.0 -999.0} "" -999.0 -999.0 -999.0 -999.0 -999 -999 "" "" "" "" 0 0 0.0 0.0 -999 ""
FIBERMAP 811 R-13C1 APOGEE 0 0 0 1 0 0 -148.39057438893403 -273.57389629373756 143.1 307.14308930247836 -50.17665716383652 328.17258 33.599777 -999.0 -999.0 -999.0 -999.0 -999.0 45.209279563775354 -53.16638899324263 45.07266240950361 -53.04928653019732 65.73687573123364 173.36798563277435 -999.0 16600.0 -999.0 2 154 {-999.0 -999.0 -999.0 -999.0 -999.0} "" -999.0 -999.0 -999.0 -999.0 -999 -999 "" ops_sky_apogee_best_unassigned ops_sky sky_apogee 0 0 0.0 0.0 -999 ""
FIBERMAP 811 R-13C1 BOSS 1 1 0 1 0 0 -149.13295476481747 -273.5967658209405 143.1 307.4087941954448 -50.870204389641195 328.17258 33.599777 45.21059148989147 -53.16854649607294 -0.17837861 -0.031970564 0.12569395 45.210590606671275 -53.16854659096698 45.07393183161825 -53.051350627934255 65.73471276658756 173.36699918138885 5400.0 5400.0 2016.0 1 435 {-999.0 20.714119 20.551119 20.411404 20.321312} sdss_psfmag_from_gaiadr2 20.640152 20.544634 20.081326 -999.0 63050395801545601 1130304691 dark_flexible_3x1 bhm_gua_dark_d3 bhm_filler science 0 0 0.0 0.0 -999 ""
FIBERMAP 811 R-13C1 METROLOGY 0 0 0 1 0 0 -148.7894199046571 -272.94440657594606 143.1 306.6797780861164 -50.760294615273764 328.17258 33.599777 -999.0 -999.0 -999.0 -999.0 -999.0 45.207056622539326 -53.16825505504555 45.07041733221871 -53.051079812809114 65.73533460225897 173.37195600634766 -999.0 6231.0 -999.0 -1 -999 {-999.0 -999.0 -999.0 -999.0 -999.0} "" -999.0 -999.0 -999.0 -999.0 -999 -999 "" "" "" "" 0 0 0.0 0.0 -999 ""
FIBERMAP 812 R-8C7 APOGEE 0 0 0 1 0 0 -51.02326810159204 -144.5937676061524 143.1 153.3245395147153 -0.6388022106388569 78.77728 62.029125 -999.0 -999.0 -999.0 -999.0 -999.0 44.434418619827426 -53.025645165832834 44.30079087246122 -52.90719956926793 65.94898183086488 174.43647944938382 -999.0 16600.0 -999.0 2 -999 {-999.0 -999.0 -999.0 -999.0 -999.0} "" -999.0 -999.0 -999.0 -999.0 -999 -999 "" "" "" "" 0 0 0.0 0.0 -999 ""
FIBERMAP 812 R-8C7 BOSS 1 1 0 1 0 0 -50.395196519277334 -145.1648431539837 143.1 153.65731362939192 0.1420973160700307 78.77728 62.029125 44.43617147670368 -53.023356817612346 -999.0 -999.0 -999.0 44.43617147670368 -53.023356817612346 44.30252744495394 -52.90482020931225 65.95119028166576 174.43311403975915 5400.0 5400.0 2016.0 1 373 {-999.0 20.199139 19.151352 18.71278 18.35893} sdss_fiber2mag_from_lsdr10 19.059505 20.453777 17.467903 15.24 63050395801550447 1128178996 dark_flexible_3x1 bhm_spiders_clusters_lsdr10_d3 bhm_spiders science 0 0 0.0 0.0 -999 ""
FIBERMAP 812 R-8C7 METROLOGY 0 0 0 1 0 0 -51.128198386742255 -145.33436726322387 143.1 154.05842799985265 -0.4943706426007496 78.77728 62.029125 -999.0 -999.0 -999.0 -999.0 -999.0 44.438254523306156 -53.02524370295312 44.30460136257608 -52.90673710862192 65.9491164728733 174.4307369532811 -999.0 6231.0 -999.0 -1 -999 {-999.0 -999.0 -999.0 -999.0 -999.0} "" -999.0 -999.0 -999.0 -999.0 -999 -999 "" "" "" "" 0 0 0.0 0.0 -999 ""
FIBERMAP 813 R+1C24 APOGEE 0 0 0 1 0 0 231.45029395666214 7.483956562982511 143.1 -83.17250489145384 216.1092971780359 246.34341 122.145996 -999.0 -999.0 -999.0 -999.0 -999.0 43.24565066057235 -52.37323660218585 43.11864404266123 -52.252889440642456 66.68475411824687 176.01657769480312 -999.0 16600.0 -999.0 2 112 {-999.0 -999.0 -999.0 -999.0 -999.0} "" -999.0 -999.0 -999.0 -999.0 -999 -999 "" ops_sky_apogee_best_unassigned ops_sky sky_apogee 0 0 0.0 0.0 -999 ""
FIBERMAP 813 R+1C24 BOSS 1 1 0 1 0 0 230.69997213654477 7.345641034602185 143.1 -82.7951672414235 215.44621117282534 246.34341 122.145996 43.247498357995596 -52.37529192919652 -999.0 -999.0 -999.0 43.247498357995596 -52.37529192919653 43.12046181254708 -52.254855441492005 66.68268737007435 176.01427326653405 5400.0 5400.0 2015.5 1 191 {-999.0 -999.0 -999.0 -999.0 -999.0} "" -999.0 -999.0 -999.0 -999.0 27021603157773366 813533315 "" ops_sky_boss_good ops_sky sky_boss 0 0 0.0 0.0 -999 ""
FIBERMAP 813 R+1C24 METROLOGY 0 0 0 1 0 0 230.96917637223018 8.057349080882663 143.1 -83.55578816065716 215.4664118433507 246.34341 122.145996 -999.0 -999.0 -999.0 -999.0 -999.0 43.24370398997464 -52.37516964658434 43.116683425435326 -52.25475270341492 66.68301909721394 176.02006205406164 -999.0 6231.0 -999.0 -1 -999 {-999.0 -999.0 -999.0 -999.0 -999.0} "" -999.0 -999.0 -999.0 -999.0 -999 -999 "" "" "" "" 0 0 0.0 0.0 -999 ""
FIBERMAP 815 R-12C7 APOGEE 0 0 0 1 0 0 -27.46170851019 -242.4481511519563 143.1 237.98589155383416 53.787848891236514 221.97687 135.43442 -999.0 -999.0 -999.0 -999.0 -999.0 44.85337552706088 -52.856699174048735 44.71933958887462 -52.7390435550245 66.07763488082166 173.75970501213885 -999.0 16600.0 -999.0 2 -999 {-999.0 -999.0 -999.0 -999.0 -999.0} "" -999.0 -999.0 -999.0 -999.0 -999 -999 "" "" "" "" 0 0 0.0 0.0 -999 ""
FIBERMAP 815 R-12C7 BOSS 1 1 0 1 0 0 -28.157527456468785 -242.43597876058124 143.1 238.20319436285618 53.126749551535354 221.97687 135.43442 44.85459179316012 -52.858775281084405 -999.0 -999.0 -999.0 44.85459179316012 -52.858775281084405 44.720517464729774 -52.74102732407961 66.07556374888954 173.75873641618495 5400.0 5400.0 2016.0 1 366 {-999.0 19.15647 18.18234 17.779713 17.437632} sdss_fiber2mag_from_lsdr10 17.953604 20.040386 16.514484 14.284 63050395801550609 1057824443 dark_flexible_2x1 bhm_spiders_clusters_lsdr10 bhm_spiders science 0 0 0.0 0.0 -999 ""
FIBERMAP 815 R-12C7 METROLOGY 0 0 0 1 0 0 -27.81395701115693 -241.78828812801675 143.1 237.47857535808683 53.23822805466315 221.97687 135.43442 -999.0 -999.0 -999.0 -999.0 -999.0 44.85103148883863 -52.85844085075203 44.71697622287064 -52.74071325700607 66.07621044863612 173.76383608862352 -999.0 6231.0 -999.0 -1 -999 {-999.0 -999.0 -999.0 -999.0 -999.0} "" -999.0 -999.0 -999.0 -999.0 -999 -999 "" "" "" "" 0 0 0.0 0.0 -999 ""
FIBERMAP 817 R+10C12 APOGEE 0 0 0 1 0 0 71.0881912561731 204.96838837087515 143.1 -216.93703975771982 -0.265144843166031 57.292297 129.7175 -999.0 -999.0 -999.0 -999.0 -999.0 42.56875312490354 -53.02526250389622 42.4407300544467 -52.90357988949445 66.0715536347632 177.17944277078664 -999.0 16600.0 -999.0 2 -999 {-999.0 -999.0 -999.0 -999.0 -999.0} "" -999.0 -999.0 -999.0 -999.0 -999 -999 "" "" "" "" 0 0 0.0 0.0 -999 ""
FIBERMAP 817 R+10C12 BOSS 1 1 0 1 0 0 71.89327482093657 205.03079944876592 143.1 -217.2607036649911 0.47461418399059074 57.292297 129.7175 42.56711562594173 -53.02310751371936 -0.5355289 1.0973016 -1.1791717 42.567112983283245 -53.0231042567425 42.43909382076658 -52.901324543169515 66.07387362414937 177.18147343918994 5400.0 5400.0 2016.0 1 147 {-999.0 19.989796 19.855951 19.699263 19.551369} sdss_psfmag_from_lsdr10 19.875402 19.912857 19.21543 -999.0 63050395801432289 1131242597 dark_flexible_3x1 bhm_spiders_agn_lsdr10_d3 bhm_spiders science 0 0 0.0 0.0 -999 ""
FIBERMAP 817 R+10C12 METROLOGY 0 0 0 1 0 0 71.551015097017 204.38077258726938 143.1 -216.5343094305217 0.36514165519645386 57.292297 129.7175 -999.0 -999.0 -999.0 -999.0 -999.0 42.570686285757894 -53.02343544320366 42.44265785274382 -52.901688608868916 66.0733570872742 177.17625023679898 -999.0 6231.0 -999.0 -1 -999 {-999.0 -999.0 -999.0 -999.0 -999.0} "" -999.0 -999.0 -999.0 -999.0 -999 -999 "" "" "" "" 0 0 0.0 0.0 -999 ""
FIBERMAP 822 R+8C14 APOGEE 0 0 0 1 0 0 68.18002923277898 149.61007833105523 143.1 -163.70314638980116 15.19134153589161 272.117 16.848314 -999.0 -999.0 -999.0 -999.0 -999.0 42.836509007701764 -52.980076470071985 42.70788693839148 -52.85886283234901 66.10381947796765 176.7744302017773 -999.0 16600.0 -999.0 2 -999 {-999.0 -999.0 -999.0 -999.0 -999.0} "" -999.0 -999.0 -999.0 -999.0 -999 -999 "" "" "" "" 0 0 0.0 0.0 -999 ""
FIBERMAP 822 R+8C14 BOSS 1 1 0 1 0 0 67.9233300004735 150.27046986522546 143.1 -164.2423800060128 14.731778897165313 272.117 16.848314 42.83336012637671 -52.98162828476234 65.96991 28.208961 0.7986858 42.83368535289032 -52.98154455534744 42.70505242392583 -52.860231085111955 66.10259514588336 176.7789160087751 5400.0 5400.0 2016.0 1 168 {-999.0 16.958082 16.475533 16.315649 -999.0} sdss_psfmag_gaia 16.862 16.508535 15.985045 14.968 63050395801432244 1136503855 dark_flexible_3x1 mwm_halo_local_high_boss_triple mwm_halo science 0 0 0.0 0.0 -999 ""
FIBERMAP 822 R+8C14 METROLOGY 0 0 0 1 0 0 68.66983492430252 150.17540001058578 143.1 -164.39806503280917 15.468001735528354 272.117 16.848314 -999.0 -999.0 -999.0 -999.0 -999.0 42.83290151160265 -52.97927921418927 42.70428493970684 -52.857991771105 66.10486473978456 176.77960628315589 -999.0 6231.0 -999.0 -1 -999 {-999.0 -999.0 -999.0 -999.0 -999.0} "" -999.0 -999.0 -999.0 -999.0 -999 -999 "" "" "" "" 0 0 0.0 0.0 -999 ""
FIBERMAP 823 R-1C16 APOGEE 0 0 0 1 0 0 39.32730106323852 -12.918720510024691 143.1 -0.7317276774286241 41.38665711716172 192.96834 77.96088 -999.0 -999.0 -999.0 -999.0 -999.0 43.65692937081792 -52.90187465291552 43.526214244409005 -52.78209811669775 66.13226832528268 175.54029153109593 -999.0 16600.0 -999.0 2 219 {-999.0 -999.0 -999.0 -999.0 -999.0} "" -999.0 -999.0 -999.0 -999.0 -999 -999 "" ops_sky_apogee_best_unassigned ops_sky sky_apogee 0 0 0.0 0.0 -999 ""
FIBERMAP 823 R-1C16 BOSS 1 1 0 1 0 0 39.29859707043175 -12.184712535271817 143.1 -1.415449946177541 41.11819544118153 192.96834 77.96088 43.653507225942896 -52.90276349882217 -999.0 -999.0 -999.0 43.65350722594289 -52.902763498822175 43.52278046941468 -52.78288649051094 66.13171829670281 175.54561078741284 5400.0 5400.0 2015.5 1 316 {-999.0 -999.0 -999.0 -999.0 -999.0} "" -999.0 -999.0 -999.0 -999.0 27021603157761857 821480096 "" ops_sky_boss_good ops_sky sky_boss 0 0 0.0 0.0 -999 ""
FIBERMAP 823 R-1C16 METROLOGY 0 0 0 1 0 0 39.95796129145403 -12.529420715531284 143.1 -1.3067355089819233 41.85421251059333 192.96834 77.96088 -999.0 -999.0 -999.0 -999.0 -999.0 43.65403901952928 -52.9004972538825 43.52332648803025 -52.78064850708474 66.13390503031323 175.54417851230187 -999.0 6231.0 -999.0 -1 -999 {-999.0 -999.0 -999.0 -999.0 -999.0} "" -999.0 -999.0 -999.0 -999.0 -999 -999 "" "" "" "" 0 0 0.0 0.0 -999 ""
FIBERMAP 826 R+6C9 APOGEE 0 0 0 1 0 0 -33.70967298266609 105.55053322971168 143.1 -88.59233079630876 -66.5406578620286 334.378 97.19022 -999.0 -999.0 -999.0 -999.0 -999.0 43.21302751216665 -53.229459431457464 43.082076256850655 -53.108825169242174 65.83499328282743 176.27741649370424 -999.0 16600.0 -999.0 2 -999 {-999.0 -999.0 -999.0 -999.0 -999.0} "" -999.0 -999.0 -999.0 -999.0 -999 -999 "" "" "" "" 0 0 0.0 0.0 -999 ""
FIBERMAP 826 R+6C9 BOSS 1 1 0 1 0 0 -33.937535105069394 104.85459240903288 143.1 -87.86019369344395 -66.5270016429935 334.378 97.19022 43.21667214865099 -53.22955863900693 -999.0 -999.0 -999.0 43.21667214865099 -53.229558639006925 43.08569419690206 -53.108834862111685 65.83477807561998 176.27213723842436 5400.0 5400.0 2016.0 1 135 {-999.0 23.666855 23.026535 22.193977 21.660448} sdss_fiber2mag_from_lsdr10 1e+20 1e+20 1e+20 -999.0 63050398105270944 1131240461 dark_flexible_3x1 bhm_spiders_agn_lsdr10_d3 bhm_spiders science 0 0 0.0 0.0 -999 ""
FIBERMAP 826 R+6C9 METROLOGY 0 0 0 1 0 0 -34.440665049375326 105.39194944994762 143.1 -88.20220878809872 -67.17882524224581 334.378 97.19022 -999.0 -999.0 -999.0 -999.0 -999.0 43.21491244629195 -53.23151126127 43.08393472200214 -53.11081105583537 65.83291075537869 176.27516257796074 -999.0 6231.0 -999.0 -1 -999 {-999.0 -999.0 -999.0 -999.0 -999.0} "" -999.0 -999.0 -999.0 -999.0 -999 -999 "" "" "" "" 0 0 0.0 0.0 -999 ""
FIBERMAP 829 R-13C9 APOGEE 0 0 0 1 0 0 40.219981256252446 -260.0228561541614 143.1 232.32761022801998 123.48195340463768 284.25217 141.58868 -999.0 -999.0 -999.0 -999.0 -999.0 44.81772604320948 -52.64635210933068 44.68481988083448 -52.52868979107877 66.28866909269684 173.72915609924016 -999.0 16600.0 -999.0 2 157 {-999.0 -999.0 -999.0 -999.0 -999.0} "" -999.0 -999.0 -999.0 -999.0 -999 -999 "" ops_sky_apogee_best_unassigned ops_sky sky_apogee 0 0 0.0 0.0 -999 ""
FIBERMAP 829 R-13C9 BOSS 1 1 0 1 0 0 39.89692846579103 -260.6922283407465 143.1 233.06595764034878 123.39698004097882 284.25217 141.58868 44.821421623934945 -52.64666554252523 -999.0 -999.0 -999.0 44.821421623934945 -52.64666554252523 44.688478877386316 -52.52891672220029 66.28809532941344 173.72377802634296 5400.0 5400.0 2015.5 1 438 {-999.0 -999.0 -999.0 -999.0 -999.0} "" -999.0 -999.0 -999.0 -999.0 27021603157762843 813531582 "" ops_sky_boss_good ops_sky sky_boss 0 0 0.0 0.0 -999 ""
FIBERMAP 829 R-13C9 METROLOGY 0 0 0 1 0 0 39.46454377397559 -260.0901053453665 143.1 232.6395184823868 122.79066852975383 284.25217 141.58868 -999.0 -999.0 -999.0 -999.0 -999.0 44.81943995308504 -52.648466057807134 44.68650111916571 -52.53073956906091 66.2864841344894 173.727444764641 -999.0 6231.0 -999.0 -1 -999 {-999.0 -999.0 -999.0 -999.0 -999.0} "" -999.0 -999.0 -999.0 -999.0 -999 -999 "" "" "" "" 0 0 0.0 0.0 -999 ""
FIBERMAP 833 R0C10 APOGEE 0 0 0 1 0 0 -92.77679651481996 17.29081399868032 143.1 14.17809728254731 -93.29932788671061 132.22899 81.446175 -999.0 -999.0 -999.0 -999.0 -999.0 43.734630328986604 -53.31064519591003 43.60170476907922 -53.19089340588579 65.72095601833675 175.54276338205588 -999.0 16600.0 -999.0 2 -999 {-999.0 -999.0 -999.0 -999.0 -999.0} "" -999.0 -999.0 -999.0 -999.0 -999 -999 "" "" "" "" 0 0 0.0 0.0 -999 ""
FIBERMAP 833 R0C10 BOSS 1 1 0 1 0 0 -92.17200741583561 17.701502506227495 143.1 13.591397906757022 -92.86323689655417 132.22899 81.446175 43.73167351682486 -53.30947929524674 -999.0 -999.0 -999.0 43.73167351682486 -53.309479295246746 43.59874433021587 -53.18962657823815 65.7224157838061 175.54670026411995 5400.0 5400.0 2016.0 1 448 {-999.0 22.75265 22.339247 21.869572 21.50226} sdss_fiber2mag_from_lsdr10 1e+20 1e+20 1e+20 -999.0 63050398105362403 1131240473 dark_flexible_3x1 bhm_spiders_agn_lsdr10_d3 bhm_spiders science 0 0 0.0 0.0 -999 ""
FIBERMAP 833 R0C10 METROLOGY 0 0 0 1 0 0 -92.10795588212294 16.955925323372313 143.1 14.274422652235906 -92.55759059519998 132.22899 81.446175 -999.0 -999.0 -999.0 -999.0 -999.0 43.73513525355952 -53.308524868295144 43.60220540462166 -53.18870567903604 65.72309559400597 175.5414349390819 -999.0 6231.0 -999.0 -1 -999 {-999.0 -999.0 -999.0 -999.0 -999.0} "" -999.0 -999.0 -999.0 -999.0 -999 -999 "" "" "" "" 0 0 0.0 0.0 -999 ""
FIBERMAP 834 R+2C24 APOGEE 0 0 0 1 0 0 230.17746278522927 27.249771704095462 143.1 -101.41982872892477 208.4079423993036 264.66556 55.74216 -999.0 -999.0 -999.0 -999.0 -999.0 43.15500834693307 -52.39636377454425 43.028161892234664 -52.27585408032357 66.66729564478301 176.16142977787527 -999.0 16600.0 -999.0 2 -999 {-999.0 -999.0 -999.0 -999.0 -999.0} "" -999.0 -999.0 -999.0 -999.0 -999 -999 "" "" "" "" 0 0 0.0 0.0 -999 ""
FIBERMAP 834 R+2C24 BOSS 1 1 0 1 0 0 229.59498969839197 27.751192557943938 143.1 -101.70181801886048 207.69300754476072 264.66556 55.74216 43.153576587000366 -52.39857544658797 -999.0 -999.0 -999.0 43.15357658700037 -52.39857544658798 43.02670969410972 -52.277970617551915 66.66527379847435 176.16417389566257 5400.0 5400.0 2016.0 1 193 {-999.0 21.81763 21.714916 21.402489 21.111557} sdss_psfmag_from_lsdr10 1e+20 1e+20 1e+20 -999.0 63050397390479356 1131246788 dark_flexible_3x1 bhm_spiders_agn_lsdr10_d3 bhm_spiders science 0 0 0.0 0.0 -999 ""
FIBERMAP 834 R+2C24 METROLOGY 0 0 0 1 0 0 230.28484401912172 27.99001996475119 143.1 -102.15419128886879 208.26594093094636 264.66556 55.74216 -999.0 -999.0 -999.0 -999.0 -999.0 43.15132357201797 -52.39678887894077 43.02447567555339 -52.27620674641491 66.66716023450421 176.1671833630841 -999.0 6231.0 -999.0 -1 -999 {-999.0 -999.0 -999.0 -999.0 -999.0} "" -999.0 -999.0 -999.0 -999.0 -999 -999 "" "" "" "" 0 0 0.0 0.0 -999 ""
FIBERMAP 836 R+9C2 APOGEE 0 0 0 1 1 0 -160.7076547644997 166.73224424241133 143.1 -104.61007324098252 -206.588890687988 294.3515 135.26303 -999.0 -999.0 -999.0 -999.0 -999.0 43.12990409118179 -53.65280393056676 42.997151590942224 -53.531911655127544 65.41839197127224 176.49441570324078 -999.0 16600.0 -999.0 2 -999 {-999.0 -999.0 -999.0 -999.0 -999.0} "" -999.0 -999.0 -999.0 -999.0 -999 -999 "" "" "" "" 0 0 0.0 0.0 -999 ""
FIBERMAP 836 R+9C2 BOSS 1 0 0 1 1 0 -160.96809717557755 166.0505336375216 143.1 -103.88066146069224 -206.61068082611072 294.3515 135.26303 43.148770441375014 -53.637915209691776 -999.0 -999.0 -999.0 43.13361355585341 -53.65301418197546 43.00083371349939 -53.532030548904714 65.41807652701218 176.4892017321295 5400.0 5400.0 2016.0 1 19 {-999.0 21.148697 19.833559 19.335012 18.982328} sdss_fiber2mag_from_lsdr10 19.71517 21.157784 18.161861 15.694 63050395801411897 1128175558 dark_flexible_3x1 bhm_spiders_clusters_lsdr10_d3 bhm_spiders science 0 0 0.0 0.0 -999 ""
FIBERMAP 836 R+9C2 METROLOGY 0 0 0 1 1 0 -161.4463896074423 166.61490265294444 143.1 -104.25635234361165 -207.24793113684245 294.3515 135.26303 -999.0 -999.0 -999.0 -999.0 -999.0 43.13165790101187 -53.654931110090665 42.99887892044882 -53.53397126664271 65.41624832760695 176.49240335951075 -999.0 6231.0 -999.0 -1 -999 {-999.0 -999.0 -999.0 -999.0 -999.0} "" -999.0 -999.0 -999.0 -999.0 -999 -999 "" "" "" "" 0 0 0.0 0.0 -999 ""
FIBERMAP 843 R+7C18 APOGEE 0 0 0 1 0 0 163.19483505692216 125.08859379364011 143.1 -171.7888555009294 112.98170900374897 235.34378 127.331856 -999.0 -999.0 -999.0 -999.0 -999.0 42.80102746366011 -52.68363866583531 42.67390065038421 -52.5624441961022 66.4009307446524 176.76552635607425 -999.0 16600.0 -999.0 2 119 {-999.0 -999.0 -999.0 -999.0 -999.0} "" -999.0 -999.0 -999.0 -999.0 -999 -999 "" ops_sky_apogee_best_unassigned ops_sky sky_apogee 0 0 0.0 0.0 -999 ""
FIBERMAP 843 R+7C18 BOSS 1 1 0 1 0 0 162.43580465762133 125.05810534642598 143.1 -171.51048085069348 112.27494356137781 235.34378 127.331856 42.80231335436383 -52.68584596393896 -999.0 -999.0 -999.0 42.80231335436383 -52.68584596393896 42.675159935446906 -52.564559725779354 66.39876005194405 176.76404964845824 5400.0 5400.0 2015.5 1 204 {-999.0 -999.0 -999.0 -999.0 -999.0} "" -999.0 -999.0 -999.0 -999.0 27021603157686091 813519388 "" ops_sky_boss_good ops_sky sky_boss 0 0 0.0 0.0 -999 ""
FIBERMAP 843 R+7C18 METROLOGY 0 0 0 1 0 0 162.7879351537016 125.71623277072423 143.1 -172.24777054195246 112.39107394587828 235.34378 127.331856 -999.0 -999.0 -999.0 -999.0 -999.0 42.79860509347621 -52.68543735224893 42.67146821580002 -52.56417134581393 66.39932922910566 176.76955752794007 -999.0 6231.0 -999.0 -1 -999 {-999.0 -999.0 -999.0 -999.0 -999.0} "" -999.0 -999.0 -999.0 -999.0 -999 -999 "" "" "" "" 0 0 0.0 0.0 -999 ""
FIBERMAP 844 R-3C20 APOGEE 0 0 0 1 0 0 162.77091051933746 -51.4833748708572 143.1 -4.903668023668346 170.64142146875636 80.68623 155.0744 -999.0 -999.0 -999.0 -999.0 -999.0 43.634320896342466 -52.51019799874255 43.505530656041856 -52.390487700494624 66.52279355661487 175.46126635749644 -999.0 16600.0 -999.0 2 214 {-999.0 -999.0 -999.0 -999.0 -999.0} "" -999.0 -999.0 -999.0 -999.0 -999 -999 "" ops_sky_apogee_best_unassigned ops_sky sky_apogee 0 0 0.0 0.0 -999 ""
FIBERMAP 844 R-3C20 BOSS 1 1 0 1 0 0 163.17081921293652 -50.831194778092545 143.1 -5.651051683018779 170.80462679872252 80.68623 155.0744 43.63032921636483 -52.50969023027165 57.262135 -16.060146 3.2845452 43.63060847413943 -52.50973789917499 43.50181533192383 -52.38992907175318 66.52360553589708 175.46676238300788 5400.0 5400.0 2016.0 1 306 {-999.0 18.993284 17.39254 16.541004 -999.0} sdss_psfmag_gaia 17.683603 17.16939 15.522841 13.54 63050395801552041 1094807672 bright_1x1 mwm_bin_vis_boss mwm_filler science 0 0 0.0 0.0 -999 ""
FIBERMAP 844 R-3C20 METROLOGY 0 0 0 1 0 0 163.5150210072682 -51.48528579468132 143.1 -5.146540382034717 171.34475078533723 80.68623 155.0744 -999.0 -999.0 -999.0 -999.0 -999.0 43.633110737820495 -52.50805542277879 43.50432173619237 -52.388277294063876 66.525073357976 175.4624773893742 -999.0 6231.0 -999.0 -1 -999 {-999.0 -999.0 -999.0 -999.0 -999.0} "" -999.0 -999.0 -999.0 -999.0 -999 -999 "" "" "" "" 0 0 0.0 0.0 -999 ""
FIBERMAP 845 R+9C16 APOGEE 1 1 0 1 0 0 134.0633323471499 166.6627226824656 143.1 -201.4704338880561 71.80104248393297 220.92583 110.67558 42.65073926390086 -52.80765550948201 -26.645683 41.36713 3.846024 42.65060842911005 -52.80753272476732 42.52335809357226 -52.686048555444806 66.28484340292664 177.01664027861872 16000.0 16600.0 2016.0 2 76 {-999.0 12.331662 11.886057 11.744386 -999.0} sdss_psfmag_from_g3xp 12.245659 11.912106 11.410826 10.569 63050395801432687 1103630760 bright_flexible_2x1 mwm_tess_2min_apogee mwm_planet science 0 0 0.0 0.0 -999 ""
FIBERMAP 845 R+9C16 BOSS 0 0 0 1 0 0 133.43806955619573 167.07363657588732 143.1 -201.65288287587092 71.07545947885396 220.92583 110.67558 -999.0 -999.0 -999.0 -999.0 -999.0 42.64959111986714 -52.80980180282835 42.52232011698811 -52.688220947138944 66.28272436445513 177.01860557219194 -999.0 5400.0 -999.0 1 235 {-999.0 -999.0 -999.0 -999.0 -999.0} "" -999.0 -999.0 -999.0 -999.0 -999 -999 "" "" "" "" 0 0 0.0 0.0 -999 ""
FIBERMAP 845 R+9C16 METROLOGY 0 0 0 1 0 0 134.11736740902757 167.400539175651 143.1 -202.18495882479348 71.60946315043819 220.92583 110.67558 -999.0 -999.0 -999.0 -999.0 -999.0 42.64691963763274 -52.80813250357065 42.519667781331975 -52.686574170119755 66.28448706767372 177.02228457864786 -999.0 6231.0 -999.0 -1 -999 {-999.0 -999.0 -999.0 -999.0 -999.0} "" -999.0 -999.0 -999.0 -999.0 -999 -999 "" "" "" "" 0 0 0.0 0.0 -999 ""
FIBERMAP 850 R+3C23 APOGEE 0 0 0 1 0 0 215.9252371296942 57.294898009546046 143.1 -125.10656441712648 185.06946962878737 228.0909 61.92374 -999.0 -999.0 -999.0 -999.0 -999.0 43.03668092647642 -52.46654224639999 42.90985954838425 -52.34581009057956 66.60439187213792 176.3594712050449 -999.0 16600.0 -999.0 2 -999 {-999.0 -999.0 -999.0 -999.0 -999.0} "" -999.0 -999.0 -999.0 -999.0 -999 -999 "" "" "" "" 0 0 0.0 0.0 -999 ""
FIBERMAP 850 R+3C23 BOSS 1 1 0 1 0 0 215.68036321143205 58.11940141170193 143.1 -125.80466550323128 184.56711128899414 228.0909 61.92374 43.03314336550368 -52.46810064011578 5.781577 -2.5624185 0.24076352 43.03317153460536 -52.46810824580404 42.906339639095165 -52.347277272448146 66.6031260509516 176.36519951333588 5400.0 5400.0 2016.0 1 194 {-999.0 17.825102 17.534388 17.452135 -999.0} sdss_psfmag_gaia 17.803501 17.543665 17.133238 15.683 63050395801570154 975992596 "" ops_std_boss ops_std standard_boss 0 0 0.0 0.0 -999 ""
FIBERMAP 850 R+3C23 METROLOGY 0 0 0 1 0 0 216.39544880867695 57.87661889944457 143.1 -125.81052679506361 185.32223386065618 228.0909 61.92374 -999.0 -999.0 -999.0 -999.0 -999.0 43.03313989362012 -52.465776566328934 42.90632267501928 -52.34497232995912 66.60542241997942 176.36469863747297 -999.0 6231.0 -999.0 -1 -999 {-999.0 -999.0 -999.0 -999.0 -999.0} "" -999.0 -999.0 -999.0 -999.0 -999 -999 "" "" "" "" 0 0 0.0 0.0 -999 ""
FIBERMAP 853 R+1C21 APOGEE 0 0 0 1 0 0 170.87275403670625 11.48798858881983 143.1 -67.0347268364217 157.58628064363592 237.09332 158.14027 -999.0 -999.0 -999.0 -999.0 -999.0 43.32469149366232 -52.549857293849755 43.19662947982306 -52.42959921782176 66.50415463885187 175.94188732229614 -999.0 16600.0 -999.0 2 -999 {-999.0 -999.0 -999.0 -999.0 -999.0} "" -999.0 -999.0 -999.0 -999.0 -999 -999 "" "" "" "" 0 0 0.0 0.0 -999 ""
FIBERMAP 853 R+1C21 BOSS 1 1 0 1 0 0 170.24577147480886 11.058570791246241 143.1 -66.42304283916926 157.13538977801176 237.09332 158.14027 43.32770875146169 -52.55125147013376 -0.21727131 -0.8916496 -2.751078 43.32770769086397 -52.55125411670066 43.19961470664295 -52.430908142494694 66.50266764379535 175.93767902151805 5400.0 5400.0 2016.0 1 243 {-999.0 20.271255 19.434092 19.077784 18.74444} sdss_fiber2mag_from_lsdr10 19.045626 20.744839 17.62018 15.404 63050395801569804 1128181110 dark_flexible_3x1 bhm_spiders_clusters_lsdr10_d3 bhm_spiders science 0 0 0.0 0.0 -999 ""
FIBERMAP 853 R+1C21 METROLOGY 0 0 0 1 0 0 170.19234965820053 11.798710487800744 143.1 -67.10442793533943 156.84156959680445 237.09332 158.14027 -999.0 -999.0 -999.0 -999.0 -999.0 43.32428926005883 -52.55209630328214 43.1962068473311 -52.43177046970587 66.502020747734 175.94308296852714 -999.0 6231.0 -999.0 -1 -999 {-999.0 -999.0 -999.0 -999.0 -999.0} "" -999.0 -999.0 -999.0 -999.0 -999 -999 "" "" "" "" 0 0 0.0 0.0 -999 ""
FIBERMAP 855 R+8C7 APOGEE 0 0 1 1 0 0 -66.78514735330812 162.86717222179243 143.1 -131.8435045227259 -116.62223630108657 10.002518 170.2713 -999.0 -999.0 -999.0 -999.0 -999.0 42.99285241708556 -53.380430100468935 42.861845064563 -53.25937615476798 65.69696670007296 176.63072661262638 -999.0 16600.0 -999.0 2 -999 {-999.0 -999.0 -999.0 -999.0 -999.0} "" -999.0 -999.0 -999.0 -999.0 -999 -999 "" "" "" "" 0 0 0.0 0.0 -999 ""
FIBERMAP 855 R+8C7 BOSS 1 0 1 1 0 0 -66.03328866132038 162.88436519492214 143.1 -132.10696540125736 -115.91787167123461 10.002518 170.2713 43.10168126446291 -53.40856950593658 -999.0 -999.0 -999.0 42.99146683211213 -53.378429459685265 42.860459470926344 -53.257277219225614 65.69912907370136 176.63229515024213 5400.0 5400.0 2016.0 1 108 {-999.0 21.379993 21.035704 20.988762 20.993107} sdss_psfmag_from_lsdr10 20.950472 20.906847 20.350952 -999.0 63050395801413916 1131238352 dark_flexible_3x1 bhm_spiders_agn_lsdr10_d3 bhm_spiders science 0 0 0.0 0.0 -999 ""
FIBERMAP 855 R+8C7 METROLOGY 0 0 1 1 0 0 -66.39482999964945 162.22908870043415 143.1 -131.36927353190282 -116.04382662464077 10.002518 170.2713 -999.0 -999.0 -999.0 -999.0 -999.0 42.995173182687786 -53.378816581890106 42.86415653288441 -53.25769793253333 65.69851984878129 176.6270287011561 -999.0 6231.0 -999.0 -1 -999 {-999.0 -999.0 -999.0 -999.0 -999.0} "" -999.0 -999.0 -999.0 -999.0 -999 -999 "" "" "" "" 0 0 0.0 0.0 -999 ""
FIBERMAP 861 R+12C6 APOGEE 0 0 0 1 0 0 -36.331356838421414 217.99023877043624 143.1 -193.91274474207563 -105.98864755917697 328.64984 84.25803 -999.0 -999.0 -999.0 -999.0 -999.0 42.67903804883721 -53.346236658370586 42.54915679842401 -53.22465514333029 65.74658249424691 177.07759291067123 -999.0 16600.0 -999.0 2 -999 {-999.0 -999.0 -999.0 -999.0 -999.0} "" -999.0 -999.0 -999.0 -999.0 -999 -999 "" "" "" "" 0 0 0.0 0.0 -999 ""
FIBERMAP 861 R+12C6 BOSS 1 1 0 1 0 0 -36.77236266291422 217.40422147329645 143.1 -193.21432846197249 -106.21241849715034 328.64984 84.25803 42.682501747418925 -53.34705957113055 0.22541021 0.34738052 -0.0015520599 42.68250286817818 -53.34705854004639 42.55259504133945 -53.22538637273073 65.74569988080707 177.07272864508494 5400.0 5400.0 2016.0 1 163 {-999.0 19.481127 18.931515 18.779573 18.684917} sdss_psfmag_from_lsdr10 19.282 18.916061 18.452261 -999.0 63050395801413725 1131240454 dark_flexible_3x1 bhm_spiders_agn_lsdr10_d3 bhm_spiders science 0 0 0.0 0.0 -999 ""
FIBERMAP 861 R+12C6 METROLOGY 0 0 0 1 0 0 -37.074648289583216 218.07400054827002 143.1 -193.74743757716632 -106.71811745416427 328.64984 84.25803 -999.0 -999.0 -999.0 -999.0 -999.0 42.679737177764515 -53.348554944470166 42.54983408211115 -53.22690495277244 65.7443087345128 177.07701653061642 -999.0 6231.0 -999.0 -1 -999 {-999.0 -999.0 -999.0 -999.0 -999.0} "" -999.0 -999.0 -999.0 -999.0 -999 -999 "" "" "" "" 0 0 0.0 0.0 -999 ""
FIBERMAP 862 R+6C19 APOGEE 0 0 0 1 0 0 187.97792692252858 116.51148067470264 143.1 -171.8381833454894 139.2059388869775 313.6014 154.5801 -999.0 -999.0 -999.0 -999.0 -999.0 42.80229779972405 -52.60435508750988 42.67553523915336 -52.48318410938316 66.47984740879613 176.7469197383052 -999.0 16600.0 -999.0 2 118 {-999.0 -999.0 -999.0 -999.0 -999.0} "" -999.0 -999.0 -999.0 -999.0 -999 -999 "" ops_sky_apogee_best_unassigned ops_sky sky_apogee 0 0 0.0 0.0 -999 ""
FIBERMAP 862 R+6C19 BOSS 1 1 0 1 0 0 188.24105142509407 115.7852279979458 143.1 -171.23886648348775 139.69322556239717 313.6014 154.5801 42.805261930669985 -52.60295896014105 -999.0 -999.0 -999.0 42.805261930669985 -52.60295896014105 42.6784845118262 -52.48170042124968 66.48117969515977 176.74213072397725 5400.0 5400.0 2015.5 1 203 {-999.0 -999.0 -999.0 -999.0 -999.0} "" -999.0 -999.0 -999.0 -999.0 27021603157686134 813519376 "" ops_sky_boss_good ops_sky sky_boss 0 0 0.0 0.0 -999 ""
FIBERMAP 862 R+6C19 METROLOGY 0 0 0 1 0 0 187.49449938873852 115.93134962116449 143.1 -171.13137671875697 138.9401714916671 313.6014 154.5801 -999.0 -999.0 -999.0 -999.0 -999.0 42.80570570057581 -52.60518872179528 42.67892013867845 -52.48395669182312 66.47890929889175 176.74192950469387 -999.0 6231.0 -999.0 -1 -999 {-999.0 -999.0 -999.0 -999.0 -999.0} "" -999.0 -999.0 -999.0 -999.0 -999 -999 "" "" "" "" 0 0 0.0 0.0 -999 ""
FIBERMAP 863 R+9C12 APOGEE 1 1 0 1 0 0 54.57678167397751 165.38893164519115 143.1 -174.13091844281425 -2.843260880344985 223.89413 148.73946 42.78327205215369 -53.03451057864049 8.41037 10.892896 6.640485 42.78331356550126 -53.034478246675555 42.65459834193814 -52.91315967359405 66.05228401492265 176.86423824671712 16000.0 16600.0 2016.0 2 144 {-999.0 8.090484 8.085783 8.139016 -999.0} sdss_psfmag_from_g3xp 8.161705 8.046735 7.819779 7.515 63050395801432238 975119562 "" ops_std_apogee ops_std standard_apogee 0 0 0.0 0.0 -999 ""
FIBERMAP 863 R+9C12 BOSS 0 0 0 1 0 0 53.80157347656673 165.2290822891977 143.1 -173.7250622265968 -3.5227676330487343 223.89413 148.73946 -999.0 -999.0 -999.0 -999.0 -999.0 42.78523001324498 -53.036646196449 42.65648361794109 -52.9152346706341 66.05012534245867 176.86185205961246 -999.0 5400.0 -999.0 1 146 {-999.0 -999.0 -999.0 -999.0 -999.0} "" -999.0 -999.0 -999.0 -999.0 -999 -999 "" "" "" "" 0 0 0.0 0.0 -999 ""
FIBERMAP 863 R+9C12 METROLOGY 0 0 0 1 0 0 54.057383488163204 165.93091101612137 143.1 -174.47194934523688 -3.511967303937821 223.89413 148.73946 -999.0 -999.0 -999.0 -999.0 -999.0 42.78143826693438 -53.03656552748266 42.652707319648925 -52.9151744485656 66.0503659949072 176.8674321165295 -999.0 6231.0 -999.0 -1 -999 {-999.0 -999.0 -999.0 -999.0 -999.0} "" -999.0 -999.0 -999.0 -999.0 -999 -999 "" "" "" "" 0 0 0.0 0.0 -999 ""
FIBERMAP 864 R-6C5 APOGEE 0 0 0 1 0 0 -142.13987672008304 -121.17815668690022 143.1 161.17278322042355 -94.38427475930665 165.53123 154.15144 -999.0 -999.0 -999.0 -999.0 -999.0 44.48021952299655 -53.30943531390355 44.345056079868925 -53.190993794771025 65.66426567804338 174.46957144684845 -999.0 16600.0 -999.0 2 294 {-999.0 -999.0 -999.0 -999.0 -999.0} "" -999.0 -999.0 -999.0 -999.0 -999 -999 "" ops_sky_apogee_best_unassigned ops_sky sky_apogee 0 0 0.0 0.0 -999 ""
FIBERMAP 864 R-6C5 BOSS 1 1 0 1 0 0 -142.66488197431943 -120.63160956148711 143.1 160.82928246279224 -95.05977817970604 165.53123 154.15144 44.47863765635262 -53.311623590538474 -999.0 -999.0 -999.0 44.478637656352625 -53.311623590538474 44.343445352199225 -53.19308265812821 65.66233328643372 174.47260281263792 5400.0 5400.0 2016.0 1 485 {-999.0 21.618166 21.401333 21.400797 21.447372} sdss_psfmag_from_lsdr10 1e+20 1e+20 1e+20 -999.0 63050398104734959 1131240490 dark_flexible_3x1 bhm_spiders_agn_lsdr10_d3 bhm_spiders science 0 0 0.0 0.0 -999 ""
FIBERMAP 864 R-6C5 METROLOGY 0 0 0 1 0 0 -141.93136303670113 -120.46624931284843 143.1 160.43193021339795 -94.42145277326239 165.53123 154.15144 -999.0 -999.0 -999.0 -999.0 -999.0 44.47661639475352 -53.30969492932878 44.34144615348072 -53.191178159306055 65.66438723759322 174.4748308837379 -999.0 6231.0 -999.0 -1 -999 {-999.0 -999.0 -999.0 -999.0 -999.0} "" -999.0 -999.0 -999.0 -999.0 -999 -999 "" "" "" "" 0 0 0.0 0.0 -999 ""
FIBERMAP 867 R-6C9 APOGEE 0 0 0 1 0 0 -25.905511637894108 -113.4796061903119 143.1 115.68270048410449 12.850261848820958 51.302563 66.09343 -999.0 -999.0 -999.0 -999.0 -999.0 44.24420356074053 -52.98611876863028 44.11133337908666 -52.86734805795723 66.0041382740161 174.70119504511732 -999.0 16600.0 -999.0 2 -999 {-999.0 -999.0 -999.0 -999.0 -999.0} "" -999.0 -999.0 -999.0 -999.0 -999 -999 "" "" "" "" 0 0 0.0 0.0 -999 ""
FIBERMAP 867 R-6C9 BOSS 1 1 0 1 0 0 -25.551321603957998 -114.13897721889647 143.1 116.18891365285215 13.401554395716605 51.302563 66.09343 44.24684336155195 -52.98451596395912 -999.0 -999.0 -999.0 44.246843361551946 -52.98451596395911 44.11395199973498 -52.86565575859241 66.00560378759681 174.696785837008 5400.0 5400.0 2016.0 1 371 {-999.0 21.678873 20.505676 19.961266 19.547546} sdss_fiber2mag_from_lsdr10 1e+20 1e+20 1e+20 15.83 63050396674310255 1131242615 dark_flexible_3x1 bhm_spiders_agn_lsdr10_d3 bhm_spiders science 0 0 0.0 0.0 -999 ""
FIBERMAP 867 R-6C9 METROLOGY 0 0 0 1 0 0 -26.299493386263407 -114.11543368165523 143.1 116.41269267280828 12.687276601345632 51.302563 66.09343 -999.0 -999.0 -999.0 -999.0 -999.0 44.248022797919354 -52.986648372618106 44.115123521150224 -52.867816464745566 66.003367839848 174.6957738607166 -999.0 6231.0 -999.0 -1 -999 {-999.0 -999.0 -999.0 -999.0 -999.0} "" -999.0 -999.0 -999.0 -999.0 -999 -999 "" "" "" "" 0 0 0.0 0.0 -999 ""
FIBERMAP 873 R+3C16 APOGEE 0 0 0 1 0 0 66.1481648395464 68.30620042344317 143.1 -86.25569040236648 40.006730197849606 160.79099 95.832375 -999.0 -999.0 -999.0 -999.0 -999.0 43.226497340857605 -52.90607589503496 43.097050383597264 -52.78555225510669 66.15592863245816 176.17947963294432 -999.0 16600.0 -999.0 2 71 {-999.0 -999.0 -999.0 -999.0 -999.0} "" -999.0 -999.0 -999.0 -999.0 -999 -999 "" ops_sky_apogee_best_unassigned ops_sky sky_apogee 0 0 0.0 0.0 -999 ""
FIBERMAP 873 R+3C16 BOSS 1 1 0 1 0 0 66.40340223069815 69.01483362123926 143.1 -87.00881503726546 40.01475234000279 160.79099 95.832375 43.2228995565191 -52.90568202339687 -52.591316 -146.12427 7.5316644 43.22264073706648 -52.90611574466877 43.093193021527654 -52.78549190057353 66.15621330064158 176.18520955772408 5400.0 5400.0 2016.0 1 228 {-999.0 22.982424 21.035202 18.692804 -999.0} sdss_psfmag_gaia 21.41181 19.422838 17.97573 14.785 63050395801414600 1077985006 bright_flexible_2x1 mwm_snc_ext_main_boss mwm_snc science 0 0 0.0 0.0 -999 ""
FIBERMAP 873 R+3C16 METROLOGY 0 0 0 1 0 0 66.8815908892497 68.45140192260905 143.1 -86.63397518721453 40.65159644571883 160.79099 95.832375 -999.0 -999.0 -999.0 -999.0 -999.0 43.2245230896566 -52.90415602917572 43.09508035358846 -52.78356191289532 66.15802447526873 176.18193929283623 -999.0 6231.0 -999.0 -1 -999 {-999.0 -999.0 -999.0 -999.0 -999.0} "" -999.0 -999.0 -999.0 -999.0 -999 -999 "" "" "" "" 0 0 0.0 0.0 -999 ""
FIBERMAP 874 R+8C3 APOGEE 0 0 1 1 0 0 -153.96264793598937 162.8757320251852 143.1 -103.18605454441285 -198.9511506698975 10.0228405 169.733 -999.0 -999.0 -999.0 -999.0 -999.0 43.13724518108419 -53.62981871210517 43.0045826064993 -53.50894531825858 65.44086659647752 176.47885540773888 -999.0 16600.0 -999.0 2 16 {-999.0 -999.0 -999.0 -999.0 -999.0} "" -999.0 -999.0 -999.0 -999.0 -999 -999 "" ops_sky_apogee_best_unassigned ops_sky sky_apogee 0 0 0.0 0.0 -999 ""
FIBERMAP 874 R+8C3 BOSS 1 0 1 1 0 0 -153.22091644493324 162.79437251304543 143.1 -103.3531173466778 -198.2239438319778 10.0228405 169.733 43.193710575789986 -53.594887800537656 -999.0 -999.0 -999.0 43.1363836480499 -53.627757248456994 43.003718945789046 -53.506785360082205 65.44306411103614 176.4796169013177 5400.0 5400.0 2016.0 1 25 {-999.0 21.747107 20.386707 19.835546 19.456459} sdss_fiber2mag_from_lsdr10 1e+20 1e+20 1e+20 -999.0 63050397390466679 1128176602 dark_flexible_3x1 bhm_spiders_clusters_lsdr10_d3 bhm_spiders science 0 0 0.0 0.0 -999 ""
FIBERMAP 874 R+8C3 METROLOGY 0 0 1 1 0 0 -153.6614111905718 162.18945299717532 143.1 -102.63701880238465 -198.44101674227466 10.0228405 169.733 -999.0 -999.0 -999.0 -999.0 -999.0 43.1400020330822 -53.62842973342747 43.00732708590414 -53.507491540422826 65.44216693739291 176.47462835736604 -999.0 6231.0 -999.0 -1 -999 {-999.0 -999.0 -999.0 -999.0 -999.0} "" -999.0 -999.0 -999.0 -999.0 -999 -999 "" "" "" "" 0 0 0.0 0.0 -999 ""
FIBERMAP 876 R+5C22 APOGEE 1 1 0 1 0 0 220.34935406310035 104.53793492577228 143.1 -171.1752703874631 173.7130238081246 179.80911 87.69045 42.80733045120657 -52.50025499727554 69.10189 18.052917 6.8071566 42.80766737637036 -52.500201412683126 42.68137296326827 -52.379068313895544 66.58332353876968 176.7166351645751 16000.0 16600.0 2016.0 2 87 {-999.0 10.009719 9.652349 9.540079 -999.0} sdss_psfmag_from_g3xp 9.955172 9.666575 9.213303 8.507 63050395801433005 975119571 "" ops_std_apogee ops_std standard_apogee 0 0 0.0 0.0 -999 ""
FIBERMAP 876 R+5C22 BOSS 0 0 0 1 0 0 220.35408275346347 105.27533527226794 143.1 -171.87318951231964 173.47501882390824 179.80911 87.69045 -999.0 -999.0 -999.0 -999.0 -999.0 42.80418338679829 -52.50098397643177 42.67788065386344 -52.37975144432706 66.58281747417001 176.72212212370326 -999.0 5400.0 -999.0 1 260 {-999.0 -999.0 -999.0 -999.0 -999.0} "" -999.0 -999.0 -999.0 -999.0 -999 -999 "" "" "" "" 0 0 0.0 0.0 -999 ""
FIBERMAP 876 R+5C22 METROLOGY 0 0 0 1 0 0 221.0133792981288 104.88569019512357 143.1 -171.72201664938817 174.22574804474525 179.80911 87.69045 -999.0 -999.0 -999.0 -999.0 -999.0 42.80492796360403 -52.498666534198776 42.67863723338655 -52.37746213344061 66.58506124864783 176.72049189696313 -999.0 6231.0 -999.0 -1 -999 {-999.0 -999.0 -999.0 -999.0 -999.0} "" -999.0 -999.0 -999.0 -999.0 -999 -999 "" "" "" "" 0 0 0.0 0.0 -999 ""
FIBERMAP 878 R-3C23 APOGEE 0 0 0 1 0 0 241.9705719473091 -52.12416825266906 143.1 -30.34081072354982 245.6443507496467 2.2995677 151.39279 -999.0 -999.0 -999.0 -999.0 -999.0 43.5075992225541 -52.284316743085874 43.380235798615786 -52.164446906421 66.75597297582551 175.58982688262537 -999.0 16600.0 -999.0 2 -999 {-999.0 -999.0 -999.0 -999.0 -999.0} "" -999.0 -999.0 -999.0 -999.0 -999 -999 "" "" "" "" 0 0 0.0 0.0 -999 ""
FIBERMAP 878 R-3C23 BOSS 1 1 0 1 0 0 242.64789507969095 -52.457442554981796 143.1 -30.248799086281007 246.39356765743176 2.2995677 151.39279 43.50806558037939 -52.282137806480904 0.4044444 0.5025375 -0.20313352 43.508067542639964 -52.28213631486458 43.38069642971194 -52.16217634596186 66.7581988700322 175.58848440460193 5400.0 5400.0 2016.0 1 279 {-999.0 20.375202 20.219223 19.803217 19.503506} sdss_fiber2mag_from_lsdr10 19.607248 19.665205 18.71456 -999.0 63050395801570088 1131248922 dark_flexible_3x1 bhm_spiders_agn_lsdr10_d3 bhm_spiders science 0 0 0.0 0.0 -999 ""
FIBERMAP 878 R-3C23 METROLOGY 0 0 0 1 0 0 242.016405862263 -52.87075881585352 143.1 -29.650838710649936 245.9331264547848 2.2995677 151.39279 -999.0 -999.0 -999.0 -999.0 -999.0 43.51101182929254 -52.28344869746098 43.38363063852307 -52.16351942205003 66.75666643711911 175.5843242325431 -999.0 6231.0 -999.0 -1 -999 {-999.0 -999.0 -999.0 -999.0 -999.0} "" -999.0 -999.0 -999.0 -999.0 -999 -999 "" "" "" "" 0 0 0.0 0.0 -999 ""
FIBERMAP 879 R0C22 APOGEE 0 0 0 1 0 0 194.20006347476337 4.072595043466569 143.1 -67.70243742070063 182.05374760527127 33.931282 99.01388 -999.0 -999.0 -999.0 -999.0 -999.0 43.321749093537505 -52.47594024584593 43.19404087957713 -52.35569695964803 66.57783499228556 175.92697439234897 -999.0 16600.0 -999.0 2 -999 {-999.0 -999.0 -999.0 -999.0 -999.0} "" -999.0 -999.0 -999.0 -999.0 -999 -999 "" "" "" "" 0 0 0.0 0.0 -999 ""
FIBERMAP 879 R0C22 BOSS 1 1 0 1 0 0 194.70873371281584 3.4882540767776904 143.1 -67.31787478958769 182.726252344251 33.931282 99.01388 43.32365297863699 -52.47395119345063 0.44995517 0.9935162 -0.047386516 43.323655171207385 -52.47394824452639 43.19593516275229 -52.3536163944449 66.5797870548765 175.92354628448012 5400.0 5400.0 2016.0 1 255 {-999.0 20.598701 20.387648 20.026087 19.857336} sdss_fiber2mag_from_lsdr10 20.268238 20.108181 19.266058 -999.0 63050395801570014 1131246790 dark_flexible_3x1 bhm_spiders_agn_lsdr10_d3 bhm_spiders science 0 0 0.0 0.0 -999 ""
FIBERMAP 879 R0C22 METROLOGY 0 0 0 1 0 0 193.97126488035317 3.3604508024647743 143.1 -66.95469068394695 182.0718474433196 33.931282 99.01388 -999.0 -999.0 -999.0 -999.0 -999.0 43.3254314884095 -52.4758733328108 43.19770161407513 -52.355570214273456 66.57773354448463 175.92134648199695 -999.0 6231.0 -999.0 -1 -999 {-999.0 -999.0 -999.0 -999.0 -999.0} "" -999.0 -999.0 -999.0 -999.0 -999 -999 "" "" "" "" 0 0 0.0 0.0 -999 ""
FIBERMAP 881 R+5C5 APOGEE 0 0 1 1 0 0 -144.37851166984086 104.71484435562654 143.1 -51.41323895338722 -170.77602048441562 9.981125 170.04675 -999.0 -999.0 -999.0 -999.0 -999.0 43.40144453618308 -53.54546138430811 43.26838351509275 -53.42506701068589 65.50940057057316 176.08300037740568 -999.0 16600.0 -999.0 2 27 {-999.0 -999.0 -999.0 -999.0 -999.0} "" -999.0 -999.0 -999.0 -999.0 -999 -999 "" ops_sky_apogee_best_unassigned ops_sky sky_apogee 0 0 0.0 0.0 -999 ""
FIBERMAP 881 R+5C5 BOSS 1 0 1 1 0 0 -143.63578765250216 104.68893262725088 143.1 -51.63299024800144 -170.06610858465496 9.981125 170.04675 43.41633118261139 -53.50409689003516 4.3008547 -1.0676187 0.06330042 43.40030876669999 -53.54347278975129 43.26724455157773 -53.42297981955827 65.51154527896814 176.08412471489837 5400.0 5400.0 2016.0 1 43 {-999.0 16.511518 16.238785 16.163778 -999.0} sdss_psfmag_gaia 16.465681 16.245193 15.81512 15.176 63050395801412523 1133029303 dark_flexible_3x1 mwm_halo_distant_rrl_boss_triple mwm_halo science 0 0 0.0 0.0 -999 ""
FIBERMAP 881 R+5C5 METROLOGY 0 0 1 1 0 0 -144.0388356658217 104.04883921886683 143.1 -50.89598838789429 -170.23625285184232 9.981125 170.04675 -999.0 -999.0 -999.0 -999.0 -999.0 43.40405252417644 -53.54398509328444 43.270978969558826 -53.42352600101699 65.51077868318177 176.0789154010978 -999.0 6231.0 -999.0 -1 -999 {-999.0 -999.0 -999.0 -999.0 -999.0} "" -999.0 -999.0 -999.0 -999.0 -999 -999 "" "" "" "" 0 0 0.0 0.0 -999 ""
FIBERMAP 882 R-1C8 APOGEE 0 0 0 1 0 0 -137.84513854750548 -12.772284668212672 143.1 57.38747699330189 -125.97434200020902 177.1077 93.94042 -999.0 -999.0 -999.0 -999.0 -999.0 43.955145241262834 -53.408889627978134 43.821070250054845 -53.2894965105201 65.60764258626317 175.25442871324896 -999.0 16600.0 -999.0 2 -999 {-999.0 -999.0 -999.0 -999.0 -999.0} "" -999.0 -999.0 -999.0 -999.0 -999 -999 "" "" "" "" 0 0 0.0 0.0 -999 ""
FIBERMAP 882 R-1C8 BOSS 1 1 0 1 0 0 -137.86553942853214 -12.015745850007265 143.1 56.6797475027368 -126.24237117741168 177.1077 93.94042 43.95161930465153 -53.40987441731818 -999.0 -999.0 -999.0 43.95161930465154 -53.409874417318186 43.817530487442085 -53.29037833943486 65.6070231820771 175.25977292564824 5400.0 5400.0 2015.5 1 459 {-999.0 -999.0 -999.0 -999.0 -999.0} "" -999.0 -999.0 -999.0 -999.0 27021603157760801 813531268 "" ops_sky_boss_good ops_sky sky_boss 0 0 0.0 0.0 -999 ""
FIBERMAP 882 R-1C8 METROLOGY 0 0 0 1 0 0 -137.20680188334168 -12.382381449477155 143.1 56.809375167382456 -125.49973577887205 177.1077 93.94042 -999.0 -999.0 -999.0 -999.0 -999.0 43.95226031944466 -53.407608118908875 43.81818628514446 -53.28814113856546 65.60919656762823 175.25817558549932 -999.0 6231.0 -999.0 -1 -999 {-999.0 -999.0 -999.0 -999.0 -999.0} "" -999.0 -999.0 -999.0 -999.0 -999 -999 "" "" "" "" 0 0 0.0 0.0 -999 ""
FIBERMAP 883 R+4C1 APOGEE 0 0 0 1 0 0 -255.90891695366605 76.14476032440542 143.1 12.240136195415745 -266.70543479266115 154.56403 146.66003 -999.0 -999.0 -999.0 -999.0 -999.0 43.72791892240155 -53.834107512965204 43.59242457201515 -53.71420171066523 65.20156809305414 175.69729290220593 -999.0 16600.0 -999.0 2 2 {-999.0 -999.0 -999.0 -999.0 -999.0} "" -999.0 -999.0 -999.0 -999.0 -999 -999 "" ops_sky_apogee_best_unassigned ops_sky sky_apogee 0 0 0.0 0.0 -999 ""
FIBERMAP 883 R+4C1 BOSS 1 1 0 1 0 0 -256.31882629151175 76.76565275536866 143.1 11.78858181366243 -267.29669342509413 154.56403 146.66003 43.725632754901206 -53.83598222546183 0.25659424 -0.28176233 -0.28455162 43.72563404555826 -53.8359830617801 43.59011882541362 -53.7159743030338 65.19995763242304 175.70099446782373 5400.0 5400.0 2016.0 1 2 {-999.0 20.88465 20.551273 20.238863 19.97904} sdss_psfmag_from_gaiadr2 20.679533 20.633425 19.679375 -999.0 63050395801411979 1130302057 dark_flexible_3x1 bhm_gua_dark_d3 bhm_filler science 0 0 0.0 0.0 -999 ""
FIBERMAP 883 R+4C1 METROLOGY 0 0 0 1 0 0 -255.5584567213435 76.79593885149536 143.1 11.509957910221104 -266.5885967996138 154.56403 146.66003 -999.0 -999.0 -999.0 -999.0 -999.0 43.72419235940193 -53.833885024060635 43.588697323413044 -53.713902234687446 65.20211012008417 175.70244064804075 -999.0 6231.0 -999.0 -1 -999 {-999.0 -999.0 -999.0 -999.0 -999.0} "" -999.0 -999.0 -999.0 -999.0 -999 -999 "" "" "" "" 0 0 0.0 0.0 -999 ""
FIBERMAP 884 R+2C18 APOGEE 0 0 0 1 0 0 108.97774744776042 53.64424384605019 143.1 -86.49280585335511 85.27397541784774 116.87349 100.846 -999.0 -999.0 -999.0 -999.0 -999.0 43.22616831107695 -52.76874383545185 43.09737163186588 -52.648256659649995 66.29256320536146 176.14609859678106 -999.0 16600.0 -999.0 2 -999 {-999.0 -999.0 -999.0 -999.0 -999.0} "" -999.0 -999.0 -999.0 -999.0 -999 -999 "" "" "" "" 0 0 0.0 0.0 -999 ""
FIBERMAP 884 R+2C18 BOSS 1 1 0 1 0 0 109.69564429168544 54.119078885600615 143.1 -87.17727389169433 85.79578720620354 116.87349 100.846 43.222690551457674 -52.76720624115151 -999.0 -999.0 -999.0 43.222690551457674 -52.76720624115151 43.09389651858733 -52.64661977342266 66.29439653037102 176.15092396442338 5400.0 5400.0 2015.5 1 208 {-999.0 -999.0 -999.0 -999.0 -999.0} "" -999.0 -999.0 -999.0 -999.0 27021603157772979 813533253 "" ops_sky_boss_good ops_sky sky_boss 0 0 0.0 0.0 -999 ""
FIBERMAP 884 R+2C18 METROLOGY 0 0 0 1 0 0 109.67391038542992 53.37064673164385 143.1 -86.46334525455744 86.02136076663486 116.87349 100.846 -999.0 -999.0 -999.0 -999.0 -999.0 43.226254530895524 -52.766492037557654 43.0974574329432 -52.64593846887769 66.29486544715 176.14541109806942 -999.0 6231.0 -999.0 -1 -999 {-999.0 -999.0 -999.0 -999.0 -999.0} "" -999.0 -999.0 -999.0 -999.0 -999 -999 "" "" "" "" 0 0 0.0 0.0 -999 ""
FIBERMAP 888 R-5C14 APOGEE 0 0 0 1 0 0 52.06363478566379 -114.95306050101443 143.1 91.43649690261446 86.96494782396076 296.109 72.59919 -999.0 -999.0 -999.0 -999.0 -999.0 44.11845280196457 -52.76198356966498 43.98703877161262 -52.64305214504035 66.23640346018392 174.8122314054828 -999.0 16600.0 -999.0 2 196 {-999.0 -999.0 -999.0 -999.0 -999.0} "" -999.0 -999.0 -999.0 -999.0 -999 -999 "" "" "" "" 0 0 0.0 0.0 -999 ""
FIBERMAP 888 R-5C14 BOSS 1 1 0 1 0 0 51.32446097932514 -115.07242491456454 143.1 91.79227239361282 86.30615798090378 296.109 72.59919 44.12036573124428 -52.764021218951974 -999.0 -999.0 -999.0 44.12036573124428 -52.764021218951974 43.98891600268266 -52.64499899618631 66.2343247543338 174.8100587238518 5400.0 5400.0 2016.0 1 271 {-999.0 19.521585 18.716305 18.37398 18.04522} sdss_fiber2mag_from_lsdr10 18.363653 20.752481 17.04381 14.577 63050395801552070 1057824415 dark_flexible_2x1 bhm_spiders_clusters_lsdr10 bhm_spiders science 0 0 0.0 0.0 -999 ""
FIBERMAP 888 R-5C14 METROLOGY 0 0 0 1 0 0 51.58214424138878 -114.37588678338741 143.1 91.04976549219313 86.32046695791145 296.109 72.59919 -999.0 -999.0 -999.0 -999.0 -999.0 44.1166539468653 -52.76396123709646 43.98522120247685 -52.64495903456434 66.23465649181006 174.81556125969212 -999.0 6231.0 -999.0 -1 -999 {-999.0 -999.0 -999.0 -999.0 -999.0} "" -999.0 -999.0 -999.0 -999.0 -999 -999 "" "" "" "" 0 0 0.0 0.0 -999 ""
FIBERMAP 889 R-7C3 APOGEE 0 0 0 1 0 0 -157.8987891401168 -145.71404041465328 143.1 189.52506707292514 -101.19836780655857 323.80518 109.161415 -999.0 -999.0 -999.0 -999.0 -999.0 44.62394651681873 -53.328571318820195 44.48825773977052 -53.21037941501645 65.63279445972933 174.27041421255996 -999.0 16600.0 -999.0 2 245 {-999.0 -999.0 -999.0 -999.0 -999.0} "" -999.0 -999.0 -999.0 -999.0 -999 -999 "" ops_sky_apogee_best_unassigned ops_sky sky_apogee 0 0 0.0 0.0 -999 ""
FIBERMAP 889 R-7C3 BOSS 1 1 0 1 0 0 -158.2161412225619 -146.37748083034649 143.1 190.25593832002767 -101.27990817801194 323.80518 109.161415 44.627442608690664 -53.328434736456174 58.551815 -154.58403 10.492516 44.6277336094579 -53.32889356766219 44.49201241184966 -53.21061327725442 65.63223515519476 174.2651052293136 5400.0 5400.0 2016.0 1 502 {-999.0 19.746733 17.795242 16.214968 -999.0} sdss_psfmag_gaia 18.600761 16.942549 15.699274 13.539 63050395801545102 1151174059 dark_1x1 mwm_snc_100pc_boss_single mwm_snc science 0 0 0.0 0.0 -999 ""
FIBERMAP 889 R-7C3 METROLOGY 0 0 0 1 0 0 -158.64139775902564 -145.7962657200302 143.1 189.8468996638656 -101.8726133240754 323.80518 109.161415 -999.0 -999.0 -999.0 -999.0 -999.0 44.62575487566648 -53.33069797617459 44.490033139182344 -53.2124398486918 65.63060102278939 174.2685929798063 -999.0 6231.0 -999.0 -1 -999 {-999.0 -999.0 -999.0 -999.0 -999.0} "" -999.0 -999.0 -999.0 -999.0 -999 -999 "" "" "" "" 0 0 0.0 0.0 -999 ""
FIBERMAP 890 R+11C6 APOGEE 1 1 0 1 0 0 -45.1814820438557 216.0342991667812 143.1 -189.15557189250453 -113.70311785116441 357.11826 132.33783 42.702750207519706 -53.36975721041307 0.2644759 0.7951816 0.67084986 42.70275152321757 -53.369754850179596 42.57268521845897 -53.24820748098529 65.72204190814972 177.04771436640553 16000.0 16600.0 2016.0 2 146 {-999.0 11.692506 10.744867 10.36848 -999.0} sdss_psfmag_from_g3xp 11.386421 10.763951 10.009446 8.353 63050395801413671 1152456340 bright_1x1 mwm_galactic_core_dist_apogee_sparse mwm_galactic science 0 0 0.0 0.0 -999 ""
FIBERMAP 890 R+11C6 BOSS 0 0 0 1 0 0 -44.70980503961346 215.43589889304056 143.1 -188.745568308388 -113.06092473046691 357.11826 132.33783 -999.0 -999.0 -999.0 -999.0 -999.0 42.70479915165483 -53.367947607280215 42.57472274951459 -53.24630771842709 65.7238444528782 177.0444094511074 -999.0 5400.0 -999.0 1 149 {-999.0 -999.0 -999.0 -999.0 -999.0} "" -999.0 -999.0 -999.0 -999.0 -999 -999 "" "" "" "" 0 0 0.0 0.0 -999 ""
FIBERMAP 890 R+11C6 METROLOGY 0 0 0 1 0 0 -45.46623034931764 215.34428976434327 143.1 -188.41033092402245 -113.7451324739909 357.11826 132.33783 -999.0 -999.0 -999.0 -999.0 -999.0 42.70641376058101 -53.3700196904898 42.576325920728436 -53.24840931574142 65.72167652410442 177.04246825573279 -999.0 6231.0 -999.0 -1 -999 {-999.0 -999.0 -999.0 -999.0 -999.0} "" -999.0 -999.0 -999.0 -999.0 -999 -999 "" "" "" "" 0 0 0.0 0.0 -999 ""
FIBERMAP 892 R-3C17 APOGEE 0 0 0 1 0 0 101.22064341584714 -69.5091095261769 143.1 32.357777268654345 118.44359405373528 257.3317 130.83078 -999.0 -999.0 -999.0 -999.0 -999.0 43.821409042305845 -52.66773614315516 43.69132245425163 -52.54830962914141 66.35285684613389 175.22607047605297 -999.0 16600.0 -999.0 2 -999 {-999.0 -999.0 -999.0 -999.0 -999.0} "" -999.0 -999.0 -999.0 -999.0 -999 -999 "" "" "" "" 0 0 0.0 0.0 -999 ""
FIBERMAP 892 R-3C17 BOSS 1 1 0 1 0 0 100.55126735636773 -69.87645189328784 143.1 32.92478005995198 117.93225735515304 257.3317 130.83078 43.824193188215375 -52.66933396230486 23.075577 8.2594795 1.360401 43.82430613443766 -52.6693094467183 43.694185565452244 -52.54979448962506 66.3511742125092 175.22220456893353 5400.0 5400.0 2016.0 1 298 {-999.0 19.975475 20.36353 20.609184 -999.0} sdss_psfmag_gaia 20.106781 20.188068 20.293444 -999.0 63050395801551649 1092285903 dark_flexible_2x1 mwm_cb_galex_mag_boss mwm_cb science 0 0 0.0 0.0 -999 ""
FIBERMAP 892 R-3C17 METROLOGY 0 0 0 1 0 0 100.5773820690057 -69.12738573014651 143.1 32.208812207948924 117.7106123369427 257.3317 130.83078 -999.0 -999.0 -999.0 -999.0 -999.0 43.820729786753155 -52.66995323073431 43.69062142641553 -52.550458128525406 66.35077479584407 175.22776651964975 -999.0 6231.0 -999.0 -1 -999 {-999.0 -999.0 -999.0 -999.0 -999.0} "" -999.0 -999.0 -999.0 -999.0 -999 -999 "" "" "" "" 0 0 0.0 0.0 -999 ""
FIBERMAP 893 R+11C7 APOGEE 0 0 0 1 0 0 -43.006281763736446 230.8139110342127 143.1 -203.82794800654872 -116.50876955272602 167.19812 58.02405 -999.0 -999.0 -999.0 -999.0 -999.0 42.628511658882886 -53.37763173126225 42.49863550906116 -53.25595562460058 65.71758869431712 177.1565546083818 -999.0 16600.0 -999.0 2 130 {-999.0 -999.0 -999.0 -999.0 -999.0} "" -999.0 -999.0 -999.0 -999.0 -999 -999 "" ops_sky_apogee_best_unassigned ops_sky sky_apogee 0 0 0.0 0.0 -999 ""
FIBERMAP 893 R+11C7 BOSS 1 1 0 1 0 0 -42.48531256925984 231.3829934101631 143.1 -204.53666518583373 -116.20391667416024 167.19812 58.02405 42.624910778015696 -53.37679200078213 -999.0 -999.0 -999.0 42.624910778015696 -53.37679200078213 42.49503803873554 -53.255013514967864 65.71868425139238 177.16160848426614 5400.0 5400.0 2015.5 1 117 {-999.0 -999.0 -999.0 -999.0 -999.0} "" -999.0 -999.0 -999.0 -999.0 27021603157674396 813517521 "" ops_sky_boss_good ops_sky sky_boss 0 0 0.0 0.0 -999 ""
FIBERMAP 893 R+11C7 METROLOGY 0 0 0 1 0 0 -42.27826548457224 230.6425155661485 143.1 -203.90547551700712 -115.76490923434928 167.19812 58.02405 -999.0 -999.0 -999.0 -999.0 -999.0 42.62805796916199 -53.3754834574725 42.49818508807522 -53.25373802945757 65.71981999096373 177.15681715558065 -999.0 6231.0 -999.0 -1 -999 {-999.0 -999.0 -999.0 -999.0 -999.0} "" -999.0 -999.0 -999.0 -999.0 -999 -999 "" "" "" "" 0 0 0.0 0.0 -999 ""
FIBERMAP 900 R-5C6 APOGEE 0 0 0 1 0 0 -137.1581542772442 -99.89264807177548 143.1 139.43372642174197 -96.67884249421951 200.92865 108.431274 -999.0 -999.0 -999.0 -999.0 -999.0 44.37035673572149 -53.317386484970434 44.23548313068983 -53.19874852920698 65.6656869258973 174.6299461296073 -999.0 16600.0 -999.0 2 -999 {-999.0 -999.0 -999.0 -999.0 -999.0} "" -999.0 -999.0 -999.0 -999.0 -999 -999 "" "" "" "" 0 0 0.0 0.0 -999 ""
FIBERMAP 900 R-5C6 BOSS 1 1 0 1 0 0 -137.6316752800717 -99.19738903131254 143.1 138.93286057115853 -97.35462590378155 200.92865 108.431274 44.367972725054045 -53.319588061421875 -0.16878133 0.098098025 0.00046039396 44.367971886398834 -53.319587770250344 44.23307245109494 -53.200848937010534 65.6638034170083 174.63411381685393 5400.0 5400.0 2016.0 1 484 {-999.0 19.71565 19.499989 19.11453 18.873764} sdss_fiber2mag_from_lsdr10 19.094217 19.227497 18.255817 15.849 63050395801549726 1131240487 dark_flexible_3x1 bhm_spiders_agn_lsdr10_d3 bhm_spiders science 0 0 0.0 0.0 -999 ""
FIBERMAP 900 R-5C6 METROLOGY 0 0 0 1 0 0 -136.8951661305997 -99.19240850454109 143.1 138.68597972636945 -96.66074094669861 200.92865 108.431274 -999.0 -999.0 -999.0 -999.0 -999.0 44.366704222233395 -53.317480976229916 44.2318252741278 -53.19876770717757 65.66596714445659 174.6352203863206 -999.0 6231.0 -999.0 -1 -999 {-999.0 -999.0 -999.0 -999.0 -999.0} "" -999.0 -999.0 -999.0 -999.0 -999 -999 "" "" "" "" 0 0 0.0 0.0 -999 ""
FIBERMAP 909 R+1C23 APOGEE 0 0 0 1 0 0 225.47918893895593 5.828825152894892 143.1 -79.6460740805188 211.01471933885887 350.84888 72.76946 -999.0 -999.0 -999.0 -999.0 -999.0 43.263008546914165 -52.388587294002114 43.13587966264379 -52.268265979753274 66.66840392295677 175.9939302990167 -999.0 16600.0 -999.0 2 -999 {-999.0 -999.0 -999.0 -999.0 -999.0} "" -999.0 -999.0 -999.0 -999.0 -999 -999 "" "" "" "" 0 0 0.0 0.0 -999 ""
FIBERMAP 909 R+1C23 BOSS 1 1 0 1 0 0 225.15281943194006 5.170705082467738 143.1 -78.91726201139664 210.92291393429696 350.84888 72.76946 43.26660940563902 -52.38892010825726 0.56198055 0.39071673 -0.36568013 43.26661213881578 -52.38891894854385 43.13945601808906 -52.26851174573128 66.6679407483561 175.98849398422854 5400.0 5400.0 2016.0 1 190 {-999.0 19.66324 18.83403 18.487043 18.15934} sdss_fiber2mag_from_lsdr10 18.648647 19.894552 17.26868 15.255 63050395801570042 1128181108 dark_flexible_3x1 bhm_spiders_clusters_lsdr10_d3 bhm_spiders science 0 0 0.0 0.0 -999 ""
FIBERMAP 909 R+1C23 METROLOGY 0 0 0 1 0 0 224.73306040035837 5.776000720230092 143.1 -79.3508487998207 210.32748224723773 350.84888 72.76946 -999.0 -999.0 -999.0 -999.0 -999.0 43.264424488413 -52.390653316787116 43.137271034654134 -52.27026794272528 66.66632694468476 175.9922960051437 -999.0 6231.0 -999.0 -1 -999 {-999.0 -999.0 -999.0 -999.0 -999.0} "" -999.0 -999.0 -999.0 -999.0 -999 -999 "" "" "" "" 0 0 0.0 0.0 -999 ""
FIBERMAP 911 R+5C9 APOGEE 0 0 0 1 0 0 -60.197282314473384 81.31121362507886 143.1 -56.992318452811446 -83.58391479886569 277.89783 92.74815 -999.0 -999.0 -999.0 -999.0 -999.0 43.37311035591439 -53.28143349021529 43.241422249490995 -53.16106168976306 65.77369132541966 176.05769745759707 -999.0 16600.0 -999.0 2 43 {-999.0 -999.0 -999.0 -999.0 -999.0} "" -999.0 -999.0 -999.0 -999.0 -999 -999 "" ops_sky_apogee_best_unassigned ops_sky sky_apogee 0 0 0.0 0.0 -999 ""
FIBERMAP 911 R+5C9 BOSS 1 1 0 1 0 0 -60.92106530138946 81.20222936111236 143.1 -56.65140623811815 -84.23158349709007 277.89783 92.74815 43.374802215189874 -53.28354271686791 -999.0 -999.0 -999.0 43.37480221518988 -53.283542716867906 43.24308263973219 -53.16307726950438 65.77158606090748 176.05577648302747 5400.0 5400.0 2015.5 1 77 {-999.0 -999.0 -999.0 -999.0 -999.0} "" -999.0 -999.0 -999.0 -999.0 27021603157674609 821472492 "" ops_sky_boss_good ops_sky sky_boss 0 0 0.0 0.0 -999 ""
FIBERMAP 911 R+5C9 METROLOGY 0 0 0 1 0 0 -60.678739317680204 81.88616270339803 143.1 -57.37696005331922 -84.22763248889675 277.89783 92.74815 -999.0 -999.0 -999.0 -999.0 -999.0 43.371105793134284 -53.283507461485506 43.23940217547482 -53.16306283376636 65.7718216587675 176.06112283915957 -999.0 6231.0 -999.0 -1 -999 {-999.0 -999.0 -999.0 -999.0 -999.0} "" -999.0 -999.0 -999.0 -999.0 -999 -999 "" "" "" "" 0 0 0.0 0.0 -999 ""
FIBERMAP 913 R-2C5 APOGEE 1 1 0 1 0 0 -175.7695348422554 -45.68445854851757 143.1 100.93832364950417 -150.96614145694636 220.70969 170.90588 44.17759942997177 -53.48317323246829 8.65639 -11.704517 1.0327755 44.177642608310165 -53.483207973448664 44.042526763829706 -53.36418533364792 65.51701989378745 174.95976942829134 16000.0 16600.0 2016.0 2 287 {-999.0 11.254017 10.519616 10.243877 -999.0} sdss_psfmag_from_g3xp 11.049635 10.552089 9.89627 8.539 63050395801549505 1105257813 bright_1x1 mwm_tess_rgb_apogee mwm_tessrgb science 0 0 0.0 0.0 -999 ""
FIBERMAP 913 R-2C5 BOSS 0 0 0 1 0 0 -176.38771496456334 -46.064314566427015 143.1 101.50030956395028 -151.4250165424383 220.70969 170.90588 -999.0 -999.0 -999.0 -999.0 -999.0 44.18060205851085 -53.484722884023455 44.045448208183245 -53.36560810269874 65.51538444176512 174.9560402183951 -999.0 5400.0 -999.0 1 471 {-999.0 -999.0 -999.0 -999.0 -999.0} "" -999.0 -999.0 -999.0 -999.0 -999 -999 "" "" "" "" 0 0 0.0 0.0 -999 ""
FIBERMAP 913 R-2C5 METROLOGY 0 0 0 1 0 0 -176.4306358834961 -45.33109240169769 143.1 100.82200415668952 -151.70664558852238 220.70969 170.90588 -999.0 -999.0 -999.0 -999.0 -999.0 44.177178926476174 -53.48559115907639 44.04203710286322 -53.366497556816086 65.51476452286224 174.96118676547943 -999.0 6231.0 -999.0 -1 -999 {-999.0 -999.0 -999.0 -999.0 -999.0} "" -999.0 -999.0 -999.0 -999.0 -999 -999 "" "" "" "" 0 0 0.0 0.0 -999 ""
FIBERMAP 915 R+5C16 APOGEE 0 0 0 1 0 0 92.7596858379439 100.52732186910926 143.1 -125.4340641827534 54.54244285054165 111.6543 153.87163 -999.0 -999.0 -999.0 -999.0 -999.0 43.03010095955737 -52.86150709688304 42.90145443506515 -52.74065734903961 66.2116080212571 176.46100990329813 -999.0 16600.0 -999.0 2 68 {-999.0 -999.0 -999.0 -999.0 -999.0} "" -999.0 -999.0 -999.0 -999.0 -999 -999 "" ops_sky_apogee_best_unassigned ops_sky sky_apogee 0 0 0.0 0.0 -999 ""
FIBERMAP 915 R+5C16 BOSS 1 1 0 1 0 0 92.8281964804149 101.2637796049643 143.1 -126.1520658083829 54.36498031997577 111.6543 153.87163 43.026408450704224 -52.862101980525665 -999.0 -999.0 -999.0 43.026408450704224 -52.862101980525665 42.89775634403309 -52.74115158485792 66.21131521617245 176.46664762390154 5400.0 5400.0 2015.5 1 222 {-999.0 -999.0 -999.0 -999.0 -999.0} "" -999.0 -999.0 -999.0 -999.0 27021603157685843 813519325 "" ops_sky_boss_good ops_sky sky_boss 0 0 0.0 0.0 -999 ""
FIBERMAP 915 R+5C16 METROLOGY 0 0 0 1 0 0 93.43092984119082 100.84208035799966 143.1 -125.95202358589934 55.072834069302935 111.6543 153.87163 -999.0 -999.0 -999.0 -999.0 -999.0 43.02741008508283 -52.85992545887075 42.89876913422046 -52.739004057056675 66.21339961347635 176.4646593239733 -999.0 6231.0 -999.0 -1 -999 {-999.0 -999.0 -999.0 -999.0 -999.0} "" -999.0 -999.0 -999.0 -999.0 -999 -999 "" "" "" "" 0 0 0.0 0.0 -999 ""
FIBERMAP 922 R-1C18 APOGEE 1 1 0 1 0 0 113.2336004735961 -35.99190929749539 143.1 -3.2442779727753344 118.76697425132527 3.6849658 47.934753 43.643188192189456 -52.66715159044169 13.84174 -0.7053935 5.1749735 43.64325593892853 -52.66715368414963 43.51370091913349 -52.54741719979389 66.36630925170834 175.4933408522414 16000.0 16600.0 2016.0 2 212 {-999.0 12.922111 12.159123 11.936157 -999.0} sdss_psfmag_from_g3xp 12.706175 12.227261 11.594333 10.413 63050395801551894 975120281 "" ops_std_apogee ops_std standard_apogee 0 0 0.0 0.0 -999 ""
FIBERMAP 922 R-1C18 BOSS 0 0 0 1 0 0 112.67558103623176 -36.50396769996715 143.1 -2.5772286129206994 118.4083824541325 3.6849658 47.934753 -999.0 -999.0 -999.0 -999.0 -999.0 43.64661610110838 -52.66826675600871 43.51702639009045 -52.548442059600056 66.36506233959766 175.48861796325025 -999.0 5400.0 -999.0 1 301 {-999.0 -999.0 -999.0 -999.0 -999.0} "" -999.0 -999.0 -999.0 -999.0 -999 -999 "" "" "" "" 0 0 0.0 0.0 -999 ""
FIBERMAP 922 R-1C18 METROLOGY 0 0 0 1 0 0 112.52578708010563 -35.77104311753062 143.1 -3.220111217400346 118.02592567260317 3.6849658 47.934753 -999.0 -999.0 -999.0 -999.0 -999.0 43.64339776167509 -52.6693925359323 43.513817207151476 -52.54958835116126 66.3641440127955 175.49377748077939 -999.0 6231.0 -999.0 -1 -999 {-999.0 -999.0 -999.0 -999.0 -999.0} "" -999.0 -999.0 -999.0 -999.0 -999 -999 "" "" "" "" 0 0 0.0 0.0 -999 ""
FIBERMAP 923 R+4C16 APOGEE 0 0 0 1 0 0 87.34867552281514 62.41725871436593 143.1 -87.66557648948884 61.96382921914839 277.40887 99.98319 -999.0 -999.0 -999.0 -999.0 -999.0 43.219824085592215 -52.83943492141782 43.09071269293332 -52.71891774482906 66.22262272239273 176.17303423786024 -999.0 16600.0 -999.0 2 -999 {-999.0 -999.0 -999.0 -999.0 -999.0} "" -999.0 -999.0 -999.0 -999.0 -999 -999 "" "" "" "" 0 0 0.0 0.0 -999 ""
FIBERMAP 923 R+4C16 BOSS 1 1 0 1 0 0 86.6166841209266 62.18577218288497 143.1 -87.20628014563411 61.348689855168175 277.40887 99.98319 43.222056130018416 -52.84136208589025 -0.44597796 -0.938192 0.86517686 43.22205393848586 -52.84136487060288 43.092912060433044 -52.72075707346476 66.22066354441431 176.17018536733875 5400.0 5400.0 2016.0 1 219 {-999.0 21.284193 20.711634 20.258661 19.912361} sdss_fiber2mag_from_lsdr10 20.444855 20.501953 19.338356 -999.0 63050395801414620 1131244701 dark_flexible_3x1 bhm_spiders_agn_lsdr10_d3 bhm_spiders science 0 0 0.0 0.0 -999 ""
FIBERMAP 923 R+4C16 METROLOGY 0 0 0 1 0 0 86.78954069819191 62.914115297989056 143.1 -87.95092955067176 61.272434674089865 277.40887 99.98319 -999.0 -999.0 -999.0 -999.0 -999.0 43.218295879245645 -52.84155811539499 43.08916826186919 -52.72097034150314 66.22066977990502 176.1758339552278 -999.0 6231.0 -999.0 -1 -999 {-999.0 -999.0 -999.0 -999.0 -999.0} "" -999.0 -999.0 -999.0 -999.0 -999 -999 "" "" "" "" 0 0 0.0 0.0 -999 ""
FIBERMAP 924 R-11C4 APOGEE 1 0 1 1 0 0 -100.57528565260498 -205.81111960998487 143.1 227.4287613619644 -27.30389668797202 9.993477 171.84921 44.748692334919575 -53.062350865722294 -999.0 -999.0 -999.0 44.80862425290432 -53.10272969558164 44.67350809457855 -52.984927618126406 65.8390388926995 173.9206003987783 16000.0 16600.0 2015.5 2 178 {-999.0 -999.0 -999.0 -999.0 -999.0} "" -999.0 -999.0 -999.0 -999.0 27021603157758547 843591351 "" ops_sky_apogee_best ops_sky sky_apogee 0 0 0.0 0.0 -999 ""
FIBERMAP 924 R-11C4 BOSS 0 0 1 1 0 0 -99.83321342044384 -205.76599063192685 143.1 227.14213707287925 -26.617959766420576 9.993477 171.84921 -999.0 -999.0 -999.0 -999.0 -999.0 44.80721186361526 -53.10076884020714 44.672085026516356 -52.98286974467476 65.84120405770497 173.92189537092045 -999.0 5400.0 -999.0 1 424 {-999.0 -999.0 -999.0 -999.0 -999.0} "" -999.0 -999.0 -999.0 -999.0 -999 -999 "" "" "" "" 0 0 0.0 0.0 -999 ""
FIBERMAP 924 R-11C4 METROLOGY 0 0 1 1 0 0 -100.16643547547632 -206.4386853114481 143.1 227.88696591992047 -26.711443982675313 9.993477 171.84921 -999.0 -999.0 -999.0 -999.0 -999.0 44.81100570527745 -53.10098444977663 44.6758735187027 -52.983118988219665 65.8406068349725 173.9164824430755 -999.0 6231.0 -999.0 -1 -999 {-999.0 -999.0 -999.0 -999.0 -999.0} "" -999.0 -999.0 -999.0 -999.0 -999 -999 "" "" "" "" 0 0 0.0 0.0 -999 ""
FIBERMAP 926 R+12C11 APOGEE 0 0 0 1 0 0 79.85982614278652 233.64464651814734 143.1 -246.90174469136 -1.4109192377231994 0.6176672 121.096146 -999.0 -999.0 -999.0 -999.0 -999.0 42.418810736837564 -53.02752298544355 42.2912332134199 -52.905585116363426 66.07573310776276 177.40158774789526 -999.0 16600.0 -999.0 2 -999 {-999.0 -999.0 -999.0 -999.0 -999.0} "" -999.0 -999.0 -999.0 -999.0 -999 -999 "" "" "" "" 0 0 0.0 0.0 -999 ""
FIBERMAP 926 R+12C11 BOSS 1 1 0 1 0 0 80.26578307143274 232.99598427297022 143.1 -246.4226662535481 -0.8142618487237483 0.6176672 121.096146 42.42122072431989 -53.02583292496712 -999.0 -999.0 -999.0 42.42122072431989 -53.025832924967126 42.29363342229622 -52.903804686455906 66.07741445580803 177.39773676383334 5400.0 5400.0 2016.0 1 107 {-999.0 21.360588 20.842346 20.782967 20.794792} sdss_psfmag_from_lsdr10 1e+20 1e+20 1e+20 -999.0 63050398105225501 1131242593 dark_flexible_3x1 bhm_spiders_agn_lsdr10_d3 bhm_spiders science 0 0 0.0 0.0 -999 ""
FIBERMAP 926 R+12C11 METROLOGY 0 0 0 1 0 0 79.50405740811392 232.9866747678225 143.1 -246.1634056924434 -1.530536582376544 0.6176672 121.096146 -999.0 -999.0 -999.0 -999.0 -999.0 42.422391818881 -53.02798449913974 42.29479378464242 -52.90598455630245 66.075193232835 177.39636858782012 -999.0 6231.0 -999.0 -1 -999 {-999.0 -999.0 -999.0 -999.0 -999.0} "" -999.0 -999.0 -999.0 -999.0 -999 -999 "" "" "" "" 0 0 0.0 0.0 -999 ""
FIBERMAP 928 R-10C10 APOGEE 0 0 0 1 0 0 28.882256947418618 -179.7112626090222 143.1 160.21338001788786 86.36727048227823 84.96246 95.95171 -999.0 -999.0 -999.0 -999.0 -999.0 44.46252825166937 -52.76163588568194 44.330102601686406 -52.64331144873999 66.20768670211967 174.3008798137769 -999.0 16600.0 -999.0 2 -999 {-999.0 -999.0 -999.0 -999.0 -999.0} "" -999.0 -999.0 -999.0 -999.0 -999 -999 "" "" "" "" 0 0 0.0 0.0 -999 ""
FIBERMAP 928 R-10C10 BOSS 1 1 0 1 0 0 29.6269993213059 -179.71920534926673 143.1 159.97599603174018 87.07317989051164 84.96246 95.95171 44.46140134972483 -52.7595674539624 -0.32577926 -0.77603716 1.6297592 44.46139975185596 -52.759569757371985 44.32896578731687 -52.6411504916417 66.20992413381458 174.30180564621168 5400.0 5400.0 2016.0 1 403 {-999.0 19.66093 18.726955 18.343067 18.007118} sdss_fiber2mag_from_lsdr10 18.442595 19.964586 17.001465 15.064 63050395801550885 1057824428 dark_flexible_2x1 bhm_spiders_clusters_lsdr10 bhm_spiders science 0 0 0.0 0.0 -999 ""
FIBERMAP 928 R-10C10 METROLOGY 0 0 0 1 0 0 29.280184960500403 -180.34462783793907 143.1 160.68065276578974 86.9513158277193 84.96246 95.95171 -999.0 -999.0 -999.0 -999.0 -999.0 44.46495542873208 -52.759874935427135 44.332515181786164 -52.64148822918793 66.20928155302968 174.29664127132455 -999.0 6231.0 -999.0 -1 -999 {-999.0 -999.0 -999.0 -999.0 -999.0} "" -999.0 -999.0 -999.0 -999.0 -999 -999 "" "" "" "" 0 0 0.0 0.0 -999 ""
FIBERMAP 929 R-3C18 APOGEE 1 1 0 1 0 0 131.83278548747677 -65.45653888084713 143.1 18.46490687137094 146.01962165720815 303.92337 132.5398 43.751131299481955 -52.58444776978284 31.089842 8.788327 1.9561479 43.75128317761724 -52.58442168444337 43.621799239462625 -52.46489539876232 66.4407000898001 175.30630994858194 16000.0 16600.0 2016.0 2 217 {-999.0 11.825702 11.551361 11.471464 -999.0} sdss_psfmag_from_g3xp 11.795621 11.549887 11.143765 10.44 63050395801551947 975120279 "" ops_std_apogee ops_std standard_apogee 0 0 0.0 0.0 -999 ""
FIBERMAP 929 R-3C18 BOSS 0 0 0 1 0 0 131.66840477797234 -66.18549282631523 143.1 19.207346096168358 146.10408187867188 303.92337 132.5398 -999.0 -999.0 -999.0 -999.0 -999.0 43.75502058904843 -52.584185046430505 43.62550792864971 -52.46457229820324 66.44075540213134 175.30060101514357 -999.0 5400.0 -999.0 1 309 {-999.0 -999.0 -999.0 -999.0 -999.0} "" -999.0 -999.0 -999.0 -999.0 -999 -999 "" "" "" "" 0 0 0.0 0.0 -999 ""
FIBERMAP 929 R-3C18 METROLOGY 0 0 0 1 0 0 131.11541264746367 -65.66662002361761 143.1 18.89918218312715 145.41124885906822 303.92337 132.5398 -999.0 -999.0 -999.0 -999.0 -999.0 43.75349576018872 -52.58624236254207 43.62398298606769 -52.466652705239845 66.43879864171831 175.3035210736982 -999.0 6231.0 -999.0 -1 -999 {-999.0 -999.0 -999.0 -999.0 -999.0} "" -999.0 -999.0 -999.0 -999.0 -999 -999 "" "" "" "" 0 0 0.0 0.0 -999 ""
FIBERMAP 931 R+4C2 APOGEE 0 0 0 1 0 0 -226.53484931490152 59.2616268960207 143.1 18.525005630340356 -233.41454633124204 300.36273 71.32182 -999.0 -999.0 -999.0 -999.0 -999.0 43.75949458209227 -53.73402506228239 43.62440326512461 -53.614201579589555 65.298827507596 175.62564872794763 -999.0 16600.0 -999.0 2 -999 {-999.0 -999.0 -999.0 -999.0 -999.0} "" -999.0 -999.0 -999.0 -999.0 -999 -999 "" "" "" "" 0 0 0.0 0.0 -999 ""
FIBERMAP 931 R+4C2 BOSS 1 1 0 1 0 0 -227.27062976660142 59.10493335312802 143.1 18.914917100062002 -234.0578571682643 300.36273 71.32182 43.76134484583866 -53.73611487312413 36.13085 9.915831 0.48136863 43.76152615013024 -53.73608544112412 43.62639983211271 -53.616166983155665 65.29674137122169 175.6233615901456 5400.0 5400.0 2016.0 1 74 {-999.0 16.412395 16.097511 16.00553 -999.0} sdss_psfmag_gaia 16.375608 16.110476 15.678969 14.823 63050395801412018 975992574 "" ops_std_boss ops_std standard_boss 0 0 0.0 0.0 -999 ""
FIBERMAP 931 R+4C2 METROLOGY 0 0 0 1 0 0 -227.0486216827853 59.80525928173294 143.1 18.180563832562683 -234.07848355297827 300.36273 71.32182 -999.0 -999.0 -999.0 -999.0 -999.0 43.75776811924978 -53.73616781564822 43.62265802580748 -53.61627050453864 65.29688805950848 175.62866683795608 -999.0 6231.0 -999.0 -1 -999 {-999.0 -999.0 -999.0 -999.0 -999.0} "" -999.0 -999.0 -999.0 -999.0 -999 -999 "" "" "" "" 0 0 0.0 0.0 -999 ""
FIBERMAP 933 R+1C7 APOGEE 0 0 0 1 0 0 -142.16384418402038 35.295610791742696 143.1 13.414613237862227 -145.85830338613474 100.017296 92.5389 -999.0 -999.0 -999.0 -999.0 -999.0 43.731737728949206 -53.469880750780995 43.59803997407266 -53.350080704133454 65.56303629746844 175.59166401422306 -999.0 16600.0 -999.0 2 14 {-999.0 -999.0 -999.0 -999.0 -999.0} "" -999.0 -999.0 -999.0 -999.0 -999 -999 "" "" "" "" 0 0 0.0 0.0 -999 ""
FIBERMAP 933 R+1C7 BOSS 1 1 0 1 0 0 -141.42780289793083 35.49740515575953 143.1 12.982025026655952 -145.22957619293382 100.017296 92.5389 43.72955098379654 -53.46814659186546 -999.0 -999.0 -999.0 43.729550983796535 -53.46814659186546 43.59585007651459 -53.348246402378464 65.56500609519222 175.59430485336532 5400.0 5400.0 2016.0 1 21 {-999.0 19.974562 18.88634 18.44598 18.097198} sdss_fiber2mag_from_lsdr10 18.620304 20.666529 17.076397 14.991 63050395801412608 1057820747 dark_flexible_2x1 bhm_spiders_clusters_lsdr10 bhm_spiders science 0 0 0.0 0.0 -999 ""
FIBERMAP 933 R+1C7 METROLOGY 0 0 0 1 0 0 -141.64169762021464 34.76714601571655 143.1 13.741977912170961 -145.19144537331624 100.017296 92.5389 -999.0 -999.0 -999.0 -999.0 -999.0 43.73342055721708 -53.46800999794512 43.59971371572493 -53.34814402451518 65.5648481116541 175.58873683643094 -999.0 6231.0 -999.0 -1 -999 {-999.0 -999.0 -999.0 -999.0 -999.0} "" -999.0 -999.0 -999.0 -999.0 -999 -999 "" "" "" "" 0 0 0.0 0.0 -999 ""
FIBERMAP 937 R+8C19 APOGEE 0 0 0 1 0 0 195.40462049855742 142.35950848163532 143.1 -198.6898071354185 137.72004185843736 252.30695 108.3543 -999.0 -999.0 -999.0 -999.0 -999.0 42.66887973328527 -52.60828090284361 42.542497742335456 -52.48688106402277 66.48255794533844 176.9500389116316 -999.0 16600.0 -999.0 2 101 {-999.0 -999.0 -999.0 -999.0 -999.0} "" -999.0 -999.0 -999.0 -999.0 -999 -999 "" ops_sky_apogee_best_unassigned ops_sky sky_apogee 0 0 0.0 0.0 -999 ""
FIBERMAP 937 R+8C19 BOSS 1 1 0 1 0 0 194.64904295129352 142.33520175863876 143.1 -198.4184055583495 137.0145044556209 252.30695 108.3543 42.670151980409685 -52.61049498013344 -999.0 -999.0 -999.0 42.670151980409685 -52.61049498013343 42.543744261508664 -52.48900366928891 66.48038353706416 176.9485489153898 5400.0 5400.0 2015.5 1 175 {-999.0 -999.0 -999.0 -999.0 -999.0} "" -999.0 -999.0 -999.0 -999.0 27021603157686159 813519397 "" ops_sky_boss_good ops_sky sky_boss 0 0 0.0 0.0 -999 ""
FIBERMAP 937 R+8C19 METROLOGY 0 0 0 1 0 0 195.0086366922362 142.99784316262912 143.1 -199.1624120771569 137.13619847984486 252.30695 108.3543 -999.0 -999.0 -999.0 -999.0 -999.0 42.666413096641705 -52.61006130285905 42.54002187725587 -52.488590103373916 66.48096901663251 176.95413305324593 -999.0 6231.0 -999.0 -1 -999 {-999.0 -999.0 -999.0 -999.0 -999.0} "" -999.0 -999.0 -999.0 -999.0 -999 -999 "" "" "" "" 0 0 0.0 0.0 -999 ""
FIBERMAP 939 R+2C6 APOGEE 0 0 0 1 0 0 -147.22802301603846 36.67233238551333 143.1 13.779699047162035 -151.093353112314 316.04065 143.7023 -999.0 -999.0 -999.0 -999.0 -999.0 43.73369596433211 -53.48571451206835 43.59991427843511 -53.3659135785269 65.5471781617396 175.59328638156018 -999.0 16600.0 -999.0 2 -999 {-999.0 -999.0 -999.0 -999.0 -999.0} "" -999.0 -999.0 -999.0 -999.0 -999 -999 "" "" "" "" 0 0 0.0 0.0 -999 ""
FIBERMAP 939 R+2C6 BOSS 1 1 0 1 0 0 -147.08259138002825 35.95388210451952 143.1 14.410347250056942 -150.71977530033226 316.04065 143.7023 43.73693351888761 -53.484739567653016 -999.0 -999.0 -999.0 43.73693351888761 -53.48473956765302 43.60312839145249 -53.364847667385185 65.54802120621753 175.58839250214135 5400.0 5400.0 2016.0 1 49 {-999.0 20.046097 18.955944 18.514309 18.164999} sdss_fiber2mag_from_lsdr10 18.792366 20.519575 17.23635 14.997 63050395801412278 1128176646 dark_flexible_3x1 bhm_spiders_clusters_lsdr10_d3 bhm_spiders science 0 0 0.0 0.0 -999 ""
FIBERMAP 939 R+2C6 METROLOGY 0 0 0 1 0 0 -147.79447218270892 36.18383104633969 143.1 14.427274133903339 -151.46765151398722 316.04065 143.7023 -999.0 -999.0 -999.0 -999.0 -999.0 43.73703129029938 -53.486991075111774 43.60321996506451 -53.3671261800342 65.54575105482488 175.5888817753264 -999.0 6231.0 -999.0 -1 -999 {-999.0 -999.0 -999.0 -999.0 -999.0} "" -999.0 -999.0 -999.0 -999.0 -999 -999 "" "" "" "" 0 0 0.0 0.0 -999 ""
FIBERMAP 947 R+11C15 APOGEE 0 0 0 1 0 0 126.78793539888224 224.25068843819517 143.1 -253.46136559099438 45.99455804164811 220.6874 26.757624 -999.0 -999.0 -999.0 -999.0 -999.0 42.389745256827744 -52.88383065853931 42.262926556776335 -52.761882236363675 66.22024661773808 177.4205511705646 -999.0 16600.0 -999.0 2 -999 {-999.0 -999.0 -999.0 -999.0 -999.0} "" -999.0 -999.0 -999.0 -999.0 -999 -999 "" "" "" "" 0 0 0.0 0.0 -999 ""
FIBERMAP 947 R+11C15 BOSS 1 1 0 1 0 0 127.04331096870486 224.92525954513874 143.1 -254.18236911545503 46.0139109022609 220.6874 26.757624 42.38615516615778 -52.88383547594409 -999.0 -999.0 -999.0 42.38615516615778 -52.88383547594409 42.259337218012114 -52.7617866903939 66.22048307779369 177.42591110703788 5400.0 5400.0 2016.0 1 186 {-999.0 21.569565 21.091337 20.68668 20.357435} sdss_psfmag_from_lsdr10 1e+20 1e+20 1e+20 -999.0 63050397390349790 1131242591 dark_flexible_3x1 bhm_spiders_agn_lsdr10_d3 bhm_spiders science 0 0 0.0 0.0 -999 ""
FIBERMAP 947 R+11C15 METROLOGY 0 0 0 1 0 0 127.52915322826465 224.35115906177106 143.1 -253.7999708371796 46.661490777176205 220.6874 26.757624 -999.0 -999.0 -999.0 -999.0 -999.0 42.38803234222551 -52.88185678929324 42.261220741694615 -52.75983844122006 66.22235319470684 177.42277638146527 -999.0 6231.0 -999.0 -1 -999 {-999.0 -999.0 -999.0 -999.0 -999.0} "" -999.0 -999.0 -999.0 -999.0 -999 -999 "" "" "" "" 0 0 0.0 0.0 -999 ""
FIBERMAP 949 R+1C19 APOGEE 0 0 0 1 0 0 132.22878710327404 17.75389946549498 143.1 -60.2451088934062 119.03249403824672 310.8882 150.02115 -999.0 -999.0 -999.0 -999.0 -999.0 43.35809041400592 -52.66654126762686 43.22938200400313 -52.54630955241448 66.3860196991092 175.9219944694356 -999.0 16600.0 -999.0 2 -999 {-999.0 -999.0 -999.0 -999.0 -999.0} "" -999.0 -999.0 -999.0 -999.0 -999 -999 "" "" "" "" 0 0 0.0 0.0 -999 ""
FIBERMAP 949 R+1C19 BOSS 1 1 0 1 0 0 132.3945124670469 17.02700151418977 143.1 -59.61315607388043 119.42801398459856 310.8882 150.02115 43.36122321784008 -52.66537898633749 -999.0 -999.0 -999.0 43.36122321784008 -52.66537898633749 43.23249521297629 -52.54505976243076 66.38706920556278 175.91697364316158 5400.0 5400.0 2016.0 1 241 {-999.0 21.508839 20.469824 19.930683 19.516016} sdss_fiber2mag_from_lsdr10 20.289806 21.308237 18.856003 -999.0 63050395801569756 1131244703 dark_flexible_3x1 bhm_spiders_agn_lsdr10_d3 bhm_spiders science 0 0 0.0 0.0 -999 ""
FIBERMAP 949 R+1C19 METROLOGY 0 0 0 1 0 0 131.6631552533464 17.264451994213818 143.1 -59.59690907499119 118.65927857518291 310.8882 150.02115 -999.0 -999.0 -999.0 -999.0 -999.0 43.36128154194944 -52.667669106990076 43.2325470336304 -52.54737578380096 66.38476212668516 175.91748729919345 -999.0 6231.0 -999.0 -1 -999 {-999.0 -999.0 -999.0 -999.0 -999.0} "" -999.0 -999.0 -999.0 -999.0 -999 -999 "" "" "" "" 0 0 0.0 0.0 -999 ""
FIBERMAP 952 R+4C8 APOGEE 0 0 0 1 0 0 -103.9476286095494 65.11283062100796 143.1 -27.30946803776185 -119.57324762821295 263.63492 67.293434 -999.0 -999.0 -999.0 -999.0 -999.0 43.52402524495345 -53.390582831255195 43.39134796306672 -53.27044298843909 65.65565886174578 175.8679157738107 -999.0 16600.0 -999.0 2 -999 {-999.0 -999.0 -999.0 -999.0 -999.0} "" -999.0 -999.0 -999.0 -999.0 -999 -999 "" "" "" "" 0 0 0.0 0.0 -999 ""
FIBERMAP 952 R+4C8 BOSS 1 1 0 1 0 0 -104.59618599248377 65.46906896128296 143.1 -27.432624468289088 -120.30285058114642 263.63492 67.293434 43.52331528758013 -53.3929730317195 16.254456 7.378558 4.1285906 43.523396193268944 -53.39295113088295 43.39069381318992 -53.27271350195738 65.65344219578968 175.86943972163135 5400.0 5400.0 2016.0 1 33 {-999.0 19.992058 19.995049 20.034824 -999.0} sdss_psfmag_gaia 20.059212 19.944172 19.723091 -999.0 63050395801412742 1143594977 dark_1x3 mwm_wd_pwd_boss_1x3 mwm_wd science 0 0 0.0 0.0 -999 ""
FIBERMAP 952 R+4C8 METROLOGY 0 0 0 1 0 0 -103.9567129632181 65.86077158880857 143.1 -28.01279922378504 -119.82776291111432 263.63492 67.293434 -999.0 -999.0 -999.0 -999.0 -999.0 43.520432409883384 -53.3914976615527 43.38774935574992 -53.271282198845476 65.65505092338734 175.8733217792492 -999.0 6231.0 -999.0 -1 -999 {-999.0 -999.0 -999.0 -999.0 -999.0} "" -999.0 -999.0 -999.0 -999.0 -999 -999 "" "" "" "" 0 0 0.0 0.0 -999 ""
FIBERMAP 953 R+4C11 APOGEE 0 0 0 1 0 0 -5.268081096277822 84.99168823607354 143.1 -78.5296871693048 -32.92171295530226 62.523006 69.97133 -999.0 -999.0 -999.0 -999.0 -999.0 43.26437663017989 -53.12754307398951 43.13375939873737 -53.00702498632575 65.93335245516366 176.17789076178676 -999.0 16600.0 -999.0 2 -999 {-999.0 -999.0 -999.0 -999.0 -999.0} "" -999.0 -999.0 -999.0 -999.0 -999 -999 "" "" "" "" 0 0 0.0 0.0 -999 ""
FIBERMAP 953 R+4C11 BOSS 1 1 0 1 0 0 -4.743940959150403 84.3954635850526 143.1 -78.13898895883885 -32.230691642732936 62.523006 69.97133 43.26629899546976 -53.125563049782556 -999.0 -999.0 -999.0 43.26629899546976 -53.12556304978256 43.135670044573274 -53.00495351309798 65.93530275485612 176.17459237662186 5400.0 5400.0 2015.5 1 118 {-999.0 -999.0 -999.0 -999.0 -999.0} "" -999.0 -999.0 -999.0 -999.0 27021603157674671 813517506 "" ops_sky_boss_good ops_sky sky_boss 0 0 0.0 0.0 -999 ""
FIBERMAP 953 R+4C11 METROLOGY 0 0 0 1 0 0 -5.4746604853010545 84.27278408889751 143.1 -77.78286278825404 -32.88040762475887 62.523006 69.97133 -999.0 -999.0 -999.0 -999.0 -999.0 43.268076491114584 -53.12751473453749 43.13743714584666 -53.006934740902715 65.9332277396866 176.1724682734103 -999.0 6231.0 -999.0 -1 -999 {-999.0 -999.0 -999.0 -999.0 -999.0} "" -999.0 -999.0 -999.0 -999.0 -999 -999 "" "" "" "" 0 0 0.0 0.0 -999 ""
FIBERMAP 955 R-1C19 APOGEE 0 0 0 1 0 0 135.60393475890157 -9.54817448203709 143.1 -35.57219626246196 131.19722976674248 58.00193 96.540596 -999.0 -999.0 -999.0 -999.0 -999.0 43.48150834987002 -52.62968244409212 43.35260727554078 -52.509674468782485 66.4146067754192 175.72618826746316 -999.0 16600.0 -999.0 2 -999 {-999.0 -999.0 -999.0 -999.0 -999.0} "" -999.0 -999.0 -999.0 -999.0 -999 -999 "" "" "" "" 0 0 0.0 0.0 -999 ""
FIBERMAP 955 R-1C19 BOSS 1 1 0 1 0 0 136.25718788677923 -9.860604042422686 143.1 -35.491954712400485 131.91686203145838 58.00193 96.540596 43.48190353534941 -52.627531829765545 -0.987147 -0.40093952 -0.51370746 43.481898708252004 -52.627533019821804 43.352990156448556 -52.507433236658166 66.41681016574319 175.72500932959358 5400.0 5400.0 2016.0 1 302 {-999.0 20.65098 20.47182 20.319117 20.211489} sdss_psfmag_from_gaiadr2 20.522163 20.470327 19.90951 -999.0 63050395801551974 1130304812 dark_flexible_3x1 bhm_gua_dark_d3 bhm_filler science 0 0 0.0 0.0 -999 ""
FIBERMAP 955 R-1C19 METROLOGY 0 0 0 1 0 0 135.67069466273097 -10.293185443054972 143.1 -34.890596789659554 131.5052475343122 58.00193 96.540596 -999.0 -999.0 -999.0 -999.0 -999.0 43.4848933678017 -52.628737484483885 43.355974900104286 -52.50866894154664 66.41538691195743 175.72082576188694 -999.0 6231.0 -999.0 -1 -999 {-999.0 -999.0 -999.0 -999.0 -999.0} "" -999.0 -999.0 -999.0 -999.0 -999 -999 "" "" "" "" 0 0 0.0 0.0 -999 ""
FIBERMAP 960 R+13C6 APOGEE 0 0 0 1 0 0 -48.2592430968409 264.61658879329104 143.1 -234.02224888406525 -132.5843349073395 183.44069 65.354195 -999.0 -999.0 -999.0 -999.0 -999.0 42.47539352728319 -53.42474555692219 42.34576385851415 -53.302796368517555 65.67722573107073 177.38603422291047 -999.0 16600.0 -999.0 2 51 {-999.0 -999.0 -999.0 -999.0 -999.0} "" -999.0 -999.0 -999.0 -999.0 -999 -999 "" ops_sky_apogee_best_unassigned ops_sky sky_apogee 0 0 0.0 0.0 -999 ""
FIBERMAP 960 R+13C6 BOSS 1 1 0 1 0 0 -48.000621061108646 265.33209062591897 143.1 -234.782972848542 -132.57537500595473 183.44069 65.354195 42.47157801339457 -53.42477639068583 -0.25392163 1.0418997 -0.10445884 42.47157674856731 -53.42477329815126 42.341947951431806 -53.30272092570292 65.6774530333544 177.39154620634463 5400.0 5400.0 2016.0 1 88 {-999.0 20.60282 20.360334 20.144384 19.970654} sdss_psfmag_from_gaiadr2 20.631905 20.389088 19.840605 -999.0 63050395801413510 1130302082 dark_flexible_3x1 bhm_gua_dark_d3 bhm_filler science 0 0 0.0 0.0 -999 ""
FIBERMAP 960 R+13C6 METROLOGY 0 0 0 1 0 0 -47.52160834694942 264.7544431544189 143.1 -234.3949792933024 -131.9330783007327 183.44069 65.354195 -999.0 -999.0 -999.0 -999.0 -999.0 42.47348732458565 -53.42285211944723 42.343864833567636 -53.30083091921241 65.67926250468427 177.38846519568196 -999.0 6231.0 -999.0 -1 -999 {-999.0 -999.0 -999.0 -999.0 -999.0} "" -999.0 -999.0 -999.0 -999.0 -999 -999 "" "" "" "" 0 0 0.0 0.0 -999 ""
FIBERMAP 961 R-2C8 APOGEE 0 0 0 1 0 0 -125.63771814357648 -21.868400934510756 143.1 61.963377365788496 -111.45529377853417 198.15855 27.932102 -999.0 -999.0 -999.0 -999.0 -999.0 43.97794570938381 -53.36479971004733 43.84401908826442 -53.245458505560286 65.64968575970144 175.20844214538133 -999.0 16600.0 -999.0 2 -999 {-999.0 -999.0 -999.0 -999.0 -999.0} "" -999.0 -999.0 -999.0 -999.0 -999 -999 "" "" "" "" 0 0 0.0 0.0 -999 ""
FIBERMAP 961 R-2C8 BOSS 1 1 0 1 0 0 -125.02392342468893 -21.289340359303786 143.1 61.214714565473486 -111.066062098918 198.15855 27.932102 43.974200952590444 -53.36379096748286 -0.074263476 0.025868163 -0.015174159 43.97420058320096 -53.363790890701786 43.84027049495081 -53.24434708951594 65.65106255197279 175.2135131671995 5400.0 5400.0 2016.0 1 497 {-999.0 17.901249 17.53677 17.39567 17.291937} sdss_psfmag_from_lsdr10 17.786758 17.523844 17.0587 15.822 63050395801549646 1058437290 dark_flexible_2x1 bhm_spiders_agn_lsdr10 bhm_spiders science 0 0 0.0 0.0 -999 ""
FIBERMAP 961 R-2C8 METROLOGY 0 0 0 1 0 0 -124.90815321282187 -22.033425867806105 143.1 61.87932461428754 -110.71206573719807 198.15855 27.932102 -999.0 -999.0 -999.0 -999.0 -999.0 43.9775720700149 -53.36268556994423 43.84364280501052 -53.243275272786164 65.65188015153554 175.20833779586096 -999.0 6231.0 -999.0 -1 -999 {-999.0 -999.0 -999.0 -999.0 -999.0} "" -999.0 -999.0 -999.0 -999.0 -999 -999 "" "" "" "" 0 0 0.0 0.0 -999 ""
FIBERMAP 966 R-8C2 APOGEE 0 0 0 1 0 0 -179.4062213359173 -145.70000896326238 143.1 196.5838478116522 -121.51353187463629 56.55508 145.60844 -999.0 -999.0 -999.0 -999.0 -999.0 44.66105060027886 -53.38959013507498 44.524946036842664 -53.27144754577301 65.56917154848563 174.2394588654283 -999.0 16600.0 -999.0 2 -999 {-999.0 -999.0 -999.0 -999.0 -999.0} "" -999.0 -999.0 -999.0 -999.0 -999 -999 "" "" "" "" 0 0 0.0 0.0 -999 ""
FIBERMAP 966 R-8C2 BOSS 1 1 0 1 0 0 -178.74836485815504 -145.39568281918778 143.1 196.080142256242 -120.99235282672203 56.55508 145.60844 44.658629843970076 -53.38814312509678 -17.214174 -5.533792 4.446195 44.65854417097696 -53.38815955029725 44.522432170544604 -53.26991700318508 65.57090611886733 174.24251158974877 5400.0 5400.0 2016.0 1 456 {-999.0 20.410706 18.473127 16.961306 -999.0} sdss_psfmag_gaia 19.30506 17.685205 16.460585 14.15 63050395801545061 1077985158 bright_flexible_2x1 mwm_snc_ext_main_boss mwm_snc science 0 0 0.0 0.0 -999 ""
FIBERMAP 966 R-8C2 METROLOGY 0 0 0 1 0 0 -178.80393582546262 -146.14357449471453 143.1 196.8046867279403 -120.7989110244536 56.55508 145.60844 -999.0 -999.0 -999.0 -999.0 -999.0 44.66223783675453 -53.38752328785473 44.52612292228059 -53.26931433379331 65.57117832947009 174.23701833164998 -999.0 6231.0 -999.0 -1 -999 {-999.0 -999.0 -999.0 -999.0 -999.0} "" -999.0 -999.0 -999.0 -999.0 -999 -999 "" "" "" "" 0 0 0.0 0.0 -999 ""
FIBERMAP 968 R0C21 APOGEE 1 1 0 1 0 0 161.40148153433836 10.224500533704454 143.1 -62.72722639532641 149.057539159342 50.16647 133.04247 43.34602428709335 -52.57570552389928 4.6486764 17.55771 3.5741346 43.34604699197238 -52.575653409640815 43.217802392793416 -52.45542569477924 66.47714802772727 175.91629519077722 16000.0 16600.0 2016.0 2 83 {-999.0 10.58446 10.359879 10.318436 -999.0} sdss_psfmag_from_g3xp 10.575694 10.357325 9.995573 9.477 63050395801569793 975120117 "" ops_std_apogee ops_std standard_apogee 0 0 0.0 0.0 -999 ""
FIBERMAP 968 R0C21 BOSS 0 0 0 1 0 0 162.16075552604852 10.233174388852873 143.1 -62.985080526344376 149.77170766932613 50.16647 133.04247 -999.0 -999.0 -999.0 -999.0 -999.0 43.344745977132725 -52.573525734209 43.216498159263324 -52.453203137135404 66.47944015953638 175.91770719974724 -999.0 5400.0 -999.0 1 254 {-999.0 -999.0 -999.0 -999.0 -999.0} "" -999.0 -999.0 -999.0 -999.0 -999 -999 "" "" "" "" 0 0 0.0 0.0 -999 ""
FIBERMAP 968 R0C21 METROLOGY 0 0 0 1 0 0 161.80804251276095 9.59405758863496 143.1 -62.265551981683316 149.64877614868527 50.16647 133.04247 -999.0 -999.0 -999.0 -999.0 -999.0 43.34831655719726 -52.573853980871824 43.220061043844396 -52.45356377973013 66.47885945857983 175.91238748429137 -999.0 6231.0 -999.0 -1 -999 {-999.0 -999.0 -999.0 -999.0 -999.0} "" -999.0 -999.0 -999.0 -999.0 -999 -999 "" "" "" "" 0 0 0.0 0.0 -999 ""
FIBERMAP 970 R-3C14 APOGEE 0 0 0 1 0 0 26.583795295851665 -76.70362242504868 143.1 63.693858634898085 50.32594886174378 297.3165 57.68311 -999.0 -999.0 -999.0 -999.0 -999.0 43.98086986385111 -52.873774003679664 43.849325451585685 -52.754570906458 66.1364315767758 175.05244399844548 -999.0 16600.0 -999.0 2 231 {-999.0 -999.0 -999.0 -999.0 -999.0} "" -999.0 -999.0 -999.0 -999.0 -999 -999 "" ops_sky_apogee_best_unassigned ops_sky sky_apogee 0 0 0.0 0.0 -999 ""
FIBERMAP 970 R-3C14 BOSS 1 1 0 1 0 0 25.857419460075917 -76.6913494022842 143.1 63.921114068643575 49.63596002454113 297.3165 57.68311 43.98212416042779 -52.87592752258147 -0.41832274 -0.050696127 -0.27454096 43.98212210315495 -52.87592767305614 43.85054409130307 -52.75663206530386 66.13429457064366 175.05127019707913 5400.0 5400.0 2016.0 1 340 {-999.0 20.0708 19.90837 19.769068 19.6796} sdss_psfmag_from_gaiadr2 20.05415 19.901743 19.497314 -999.0 63050395801551505 1130304798 dark_flexible_3x1 bhm_gua_dark_d3 bhm_filler science 0 0 0.0 0.0 -999 ""
FIBERMAP 970 R-3C14 METROLOGY 0 0 0 1 0 0 26.229406002237376 -76.0512947928863 143.1 63.19436241992281 49.776784139599116 297.3165 57.68311 -999.0 -999.0 -999.0 -999.0 -999.0 43.978465278973616 -52.875484496066385 43.8469057844099 -52.7562092737849 66.13498838286127 175.05653994257108 -999.0 6231.0 -999.0 -1 -999 {-999.0 -999.0 -999.0 -999.0 -999.0} "" -999.0 -999.0 -999.0 -999.0 -999 -999 "" "" "" "" 0 0 0.0 0.0 -999 ""
FIBERMAP 974 R+9C1 APOGEE 0 0 0 1 0 0 -203.05387168947033 192.26050563145995 143.1 -114.79349546234944 -254.972706245313 194.0031 29.075754 -999.0 -999.0 -999.0 -999.0 -999.0 43.07743771464712 -53.79802901659986 42.9441340056664 -53.67700700040879 65.27666122518164 176.6004106513593 -999.0 16600.0 -999.0 2 47 {-999.0 -999.0 -999.0 -999.0 -999.0} "" -999.0 -999.0 -999.0 -999.0 -999 -999 "" ops_sky_apogee_best_unassigned ops_sky sky_apogee 0 0 0.0 0.0 -999 ""
FIBERMAP 974 R+9C1 BOSS 1 1 0 1 0 0 -202.53107649418277 192.82532449595737 143.1 -115.49878681524719 -254.66472706290534 194.0031 29.075754 43.073864471908855 -53.7971679970765 -999.0 -999.0 -999.0 43.073864471908855 -53.79716799707649 42.94056155058462 -53.676041730519444 65.27780791809872 176.60524910843833 5400.0 5400.0 2016.0 1 83 {-999.0 22.47719 20.947308 20.267572 19.824436} sdss_fiber2mag_from_lsdr10 1e+20 1e+20 1e+20 -999.0 63050397390408643 1128175535 dark_flexible_3x1 bhm_spiders_clusters_lsdr10_d3 bhm_spiders science 0 0 0.0 0.0 -999 ""
FIBERMAP 974 R+9C1 METROLOGY 0 0 0 1 0 0 -202.3292209274377 192.09775122027364 143.1 -114.87807651486315 -254.23486548932786 194.0031 29.075754 -999.0 -999.0 -999.0 -999.0 -999.0 43.076997181476436 -53.79591698300484 42.943694792176416 -53.674824315630545 65.27885830589452 176.60057347482083 -999.0 6231.0 -999.0 -1 -999 {-999.0 -999.0 -999.0 -999.0 -999.0} "" -999.0 -999.0 -999.0 -999.0 -999 -999 "" "" "" "" 0 0 0.0 0.0 -999 ""
FIBERMAP 976 R-8C8 APOGEE 0 0 0 1 0 0 -28.267415364281565 -144.55808402129955 143.1 145.80830719117142 20.838960983599385 81.08341 58.19013 -999.0 -999.0 -999.0 -999.0 -999.0 44.39517528437053 -52.96080495339006 44.26198068823993 -52.842307523893574 66.01651463787802 174.4711381319126 -999.0 16600.0 -999.0 2 -999 {-999.0 -999.0 -999.0 -999.0 -999.0} "" -999.0 -999.0 -999.0 -999.0 -999 -999 "" "" "" "" 0 0 0.0 0.0 -999 ""
FIBERMAP 976 R-8C8 BOSS 1 1 0 1 0 0 -27.689032987321216 -144.9792643254793 143.1 146.01586639224232 21.52364823605649 81.08341 58.19013 44.39632411425089 -52.95880627891727 -4.331076 0.7120354 -0.29310605 44.396302773613854 -52.95880416547375 44.263092589655784 -52.84021482264942 66.01849317175949 174.46878364072222 5400.0 5400.0 2016.0 1 382 {-999.0 21.842064 20.676859 20.151247 19.752203} sdss_fiber2mag_from_lsdr10 20.604408 20.911469 19.172413 -999.0 63050395801550488 1131242621 dark_flexible_3x1 bhm_spiders_agn_lsdr10_d3 bhm_spiders science 0 0 0.0 0.0 -999 ""
FIBERMAP 976 R-8C8 METROLOGY 0 0 0 1 0 0 -28.391321528014764 -145.29574619288286 143.1 146.54566127186467 20.964506776631904 81.08341 58.19013 -999.0 -999.0 -999.0 -999.0 -999.0 44.3990219692669 -52.960450533687506 44.265801907607056 -52.84189231160606 66.0166036658389 174.46537285181225 -999.0 6231.0 -999.0 -1 -999 {-999.0 -999.0 -999.0 -999.0 -999.0} "" -999.0 -999.0 -999.0 -999.0 -999 -999 "" "" "" "" 0 0 0.0 0.0 -999 ""
FIBERMAP 977 R+4C7 APOGEE 1 1 0 1 0 0 -118.30363512070925 87.62681084304299 143.1 -43.8500385672188 -140.5333493124749 111.55141 127.67964 43.43980457557877 -53.45395663419687 24.476208 -28.683884 1.7305851 43.43992657978586 -53.45404177275531 43.30719620318772 -53.333739048027894 65.59791867325953 176.005022800444 16000.0 16600.0 2016.0 2 31 {-999.0 10.922913 10.221088 9.93319 -999.0} sdss_psfmag_from_g3xp 10.732947 10.242407 9.586268 8.249 63050395801412547 1106053899 bright_1x1 mwm_tess_rgb_apogee mwm_tessrgb science 0 0 0.0 0.0 -999 ""
FIBERMAP 977 R+4C7 BOSS 0 0 0 1 0 0 -117.94985535631513 88.2853039871284 143.1 -44.5882159352195 -140.4157816961876 111.55141 127.67964 -999.0 -999.0 -999.0 -999.0 -999.0 43.436151140110915 -53.453843644199345 43.30341595296767 -53.33343748699652 65.5984488167721 176.01038395299335 -999.0 5400.0 -999.0 1 52 {-999.0 -999.0 -999.0 -999.0 -999.0} "" -999.0 -999.0 -999.0 -999.0 -999 -999 "" "" "" "" 0 0 0.0 0.0 -999 ""
FIBERMAP 977 R+4C7 METROLOGY 0 0 0 1 0 0 -117.54711446540026 87.66274904913138 143.1 -44.132734449881454 -139.83074592656325 111.55141 127.67964 -999.0 -999.0 -999.0 -999.0 -999.0 43.43845625544865 -53.452062746336935 43.30572743180352 -53.33168849396362 65.60004799665447 176.00662850971145 -999.0 6231.0 -999.0 -1 -999 {-999.0 -999.0 -999.0 -999.0 -999.0} "" -999.0 -999.0 -999.0 -999.0 -999 -999 "" "" "" "" 0 0 0.0 0.0 -999 ""
FIBERMAP 978 R-1C23 APOGEE 0 0 0 1 0 0 233.3961175518854 -11.884910869813964 143.1 -65.52133078420776 224.3156690003318 92.27996 25.591352 -999.0 -999.0 -999.0 -999.0 -999.0 43.33326875618273 -52.34855102560257 43.20611871805909 -52.228361885576064 66.70374856009877 175.87562193250108 -999.0 16600.0 -999.0 2 -999 {-999.0 -999.0 -999.0 -999.0 -999.0} "" -999.0 -999.0 -999.0 -999.0 -999 -999 "" "" "" "" 0 0 0.0 0.0 -999 ""
FIBERMAP 978 R-1C23 BOSS 1 1 0 1 0 0 233.72160502828726 -12.546219179313331 143.1 -65.00385022539002 224.8404932909867 92.27996 25.591352 43.335841393528 -52.34703075743096 -999.0 -999.0 -999.0 43.335841393528 -52.34703075743096 43.2086753745701 -52.226754643165336 66.70518641541821 175.87126554224093 5400.0 5400.0 2016.0 1 288 {-999.0 21.753386 21.26893 21.210228 21.218502} sdss_psfmag_from_lsdr10 23.222464 21.292347 21.036037 -999.0 63050395801570052 1131248919 dark_flexible_3x1 bhm_spiders_agn_lsdr10_d3 bhm_spiders science 0 0 0.0 0.0 -999 ""
FIBERMAP 978 R-1C23 METROLOGY 0 0 0 1 0 0 232.99568809068737 -12.516697592846956 143.1 -64.7930343721247 224.14526617579503 92.27996 25.591352 -999.0 -999.0 -999.0 -999.0 -999.0 43.336852728747296 -52.3490608163033 43.20967868636768 -52.22881192391369 66.70307685573766 175.87025456668522 -999.0 6231.0 -999.0 -1 -999 {-999.0 -999.0 -999.0 -999.0 -999.0} "" -999.0 -999.0 -999.0 -999.0 -999 -999 "" "" "" "" 0 0 0.0 0.0 -999 ""
FIBERMAP 980 R+4C20 APOGEE 0 0 0 1 0 0 198.9617807628943 78.8437959598469 143.1 -139.8783826957439 161.96435830858258 51.85973 58.65749 -999.0 -999.0 -999.0 -999.0 -999.0 42.96230980308503 -52.536110359893534 42.83538683872888 -52.41523180257295 66.53930952407632 176.48894888158023 -999.0 16600.0 -999.0 2 -999 {-999.0 -999.0 -999.0 -999.0 -999.0} "" -999.0 -999.0 -999.0 -999.0 -999 -999 "" "" "" "" 0 0 0.0 0.0 -999 ""
FIBERMAP 980 R+4C20 BOSS 1 1 0 1 0 0 199.2430124986562 78.13670934348623 143.1 -139.30311929345993 162.46244240919827 51.85973 58.65749 42.965153445777695 -52.53466745191997 0.030349946 -0.5859446 -0.09228154 42.96515359387329 -52.53466919110268 42.83821547156375 -52.413703209795564 66.54068062100107 176.48429456291572 5400.0 5400.0 2016.0 1 213 {-999.0 19.653606 19.615692 19.502295 19.386433} sdss_psfmag_from_lsdr10 19.624794 19.63414 19.027237 -999.0 63050395801570126 1131246786 dark_flexible_3x1 bhm_spiders_agn_lsdr10_d3 bhm_spiders science 0 0 0.0 0.0 -999 ""
FIBERMAP 980 R+4C20 METROLOGY 0 0 0 1 0 0 198.49128537054628 78.26230451315543 143.1 -139.1745437025026 161.71125070684727 51.85973 58.65749 -999.0 -999.0 -999.0 -999.0 -999.0 42.96571985135201 -52.53688900089561 42.83877352545721 -52.41594965522702 66.53841294683355 176.48393898355943 -999.0 6231.0 -999.0 -1 -999 {-999.0 -999.0 -999.0 -999.0 -999.0} "" -999.0 -999.0 -999.0 -999.0 -999 -999 "" "" "" "" 0 0 0.0 0.0 -999 ""
FIBERMAP 981 R-9C12 APOGEE 0 0 0 1 0 0 66.8983321590065 -186.45865973473016 143.1 154.08491587860868 124.4864287018582 334.55197 94.16876 -999.0 -999.0 -999.0 -999.0 -999.0 44.42896382087195 -52.64648865840009 44.29719223442879 -52.52813592694664 66.32453729422747 174.30917914785417 -999.0 16600.0 -999.0 2 168 {-999.0 -999.0 -999.0 -999.0 -999.0} "" -999.0 -999.0 -999.0 -999.0 -999 -999 "" "" "" "" 0 0 0.0 0.0 -999 ""
FIBERMAP 981 R-9C12 BOSS 1 1 0 1 0 0 66.66901983360522 -187.15666211328093 143.1 154.81947666717355 124.49939329862643 334.55197 94.16876 44.4327153076453 -52.64648124330781 -999.0 -999.0 -999.0 44.4327153076453 -52.646481243307804 44.300910751371035 -52.52804209726599 66.32430756062355 174.30356976967278 5400.0 5400.0 2016.0 1 401 {-999.0 20.696772 19.983206 19.557766 19.184044} sdss_psfmag_from_gdr3 17.989172 20.560144 16.597567 14.272 63050395801551159 1059482572 dark_flexible_2x1 bhm_spiders_agn_gaiadr3 bhm_spiders science 0 0 0.0 0.0 -999 ""
FIBERMAP 981 R-9C12 METROLOGY 0 0 0 1 0 0 66.16803438946505 -186.58380743056165 143.1 154.44323421314988 123.83792259435624 334.55197 94.16876 -999.0 -999.0 -999.0 -999.0 -999.0 44.43092219164602 -52.64845113025268 44.299119636156604 -52.530034644283916 66.32249080611736 174.3069631502612 -999.0 6231.0 -999.0 -1 -999 {-999.0 -999.0 -999.0 -999.0 -999.0} "" -999.0 -999.0 -999.0 -999.0 -999 -999 "" "" "" "" 0 0 0.0 0.0 -999 ""
FIBERMAP 982 R+12C10 APOGEE 0 0 0 1 0 0 63.859831768856495 227.8082155063362 143.1 -236.12902272733533 -14.601395184751143 32.73115 57.957092 -999.0 -999.0 -999.0 -999.0 -999.0 42.47175406037303 -53.06790636950477 42.343825837208726 -52.94604742723435 66.03324716854166 177.330290017981 -999.0 16600.0 -999.0 2 -999 {-999.0 -999.0 -999.0 -999.0 -999.0} "" -999.0 -999.0 -999.0 -999.0 -999 -999 "" "" "" "" 0 0 0.0 0.0 -999 ""
FIBERMAP 982 R+12C10 BOSS 1 1 0 1 0 0 63.87497161162092 227.01805403338057 143.1 -235.38781174811146 -14.32727853578715 32.73115 57.957092 42.47543853595244 -53.0672034573109 0.15972848 -0.39081833 -0.56437796 42.47543932496665 -53.06720461732583 42.34749247974036 -52.9452570264716 66.03388625342146 177.32473163699373 5400.0 5400.0 2016.0 1 160 {-999.0 20.301702 20.167467 20.042746 19.984274} sdss_psfmag_from_gaiadr2 20.233023 20.158247 19.785559 -999.0 63050395801431697 1130302448 dark_flexible_3x1 bhm_gua_dark_d3 bhm_filler science 0 0 0.0 0.0 -999 ""
FIBERMAP 982 R+12C10 METROLOGY 0 0 0 1 0 0 63.23000903957813 227.40470398669837 143.1 -235.54086943347312 -15.063486614429477 32.73115 57.957092 -999.0 -999.0 -999.0 -999.0 -999.0 42.47455833438193 -53.06940166892617 42.346606865588626 -52.947478931309846 66.03170558443107 177.32641267141273 -999.0 6231.0 -999.0 -1 -999 {-999.0 -999.0 -999.0 -999.0 -999.0} "" -999.0 -999.0 -999.0 -999.0 -999 -999 "" "" "" "" 0 0 0.0 0.0 -999 ""
FIBERMAP 987 R-13C12 APOGEE 0 0 0 1 0 0 89.48772798278509 -265.4859117110371 143.1 221.28652534121426 171.80431645783915 259.5787 82.207535 -999.0 -999.0 -999.0 -999.0 -999.0 44.75772849551096 -52.501118297928045 44.62569841221273 -52.383388282440706 66.4378164505086 173.76124507797147 -999.0 16600.0 -999.0 2 160 {-999.0 -999.0 -999.0 -999.0 -999.0} "" -999.0 -999.0 -999.0 -999.0 -999 -999 "" ops_sky_apogee_best_unassigned ops_sky sky_apogee 0 0 0.0 0.0 -999 ""
FIBERMAP 987 R-13C12 BOSS 1 1 0 1 0 0 88.76256060356624 -265.27770376548995 143.1 221.3283522074792 171.0510418929262 259.5787 82.207535 44.758019959437945 -52.503489419889405 -999.0 -999.0 -999.0 44.758019959437945 -52.503489419889405 44.62595378917141 -52.38566690527159 66.43554134844983 173.76174739566918 5400.0 5400.0 2016.0 1 350 {-999.0 23.175615 21.493805 20.60315 20.04289} sdss_psfmag_from_lsdr10 1e+20 1e+20 1e+20 -999.0 63050398104812479 1131246808 dark_flexible_3x1 bhm_spiders_agn_lsdr10_d3 bhm_spiders science 0 0 0.0 0.0 -999 ""
FIBERMAP 987 R-13C12 METROLOGY 0 0 0 1 0 0 89.30318360426314 -264.76028367369406 143.1 220.66195979656624 171.39144233966312 259.5787 82.207535 -999.0 -999.0 -999.0 -999.0 -999.0 44.75475494398344 -52.50243082807182 44.622710087136284 -52.38462896726938 66.43687475649223 173.76623527708094 -999.0 6231.0 -999.0 -1 -999 {-999.0 -999.0 -999.0 -999.0 -999.0} "" -999.0 -999.0 -999.0 -999.0 -999 -999 "" "" "" "" 0 0 0.0 0.0 -999 ""
FIBERMAP 992 R-2C20 APOGEE 0 0 0 1 0 0 142.87863809371538 -23.468585794743507 143.1 -24.818505087624555 142.64438025389776 192.58447 42.99379 -999.0 -999.0 -999.0 -999.0 -999.0 43.53521242298724 -52.594989950621226 43.406315757909226 -52.47508452991735 66.44545659864957 175.63553120524267 -999.0 16600.0 -999.0 2 -999 {-999.0 -999.0 -999.0 -999.0 -999.0} "" -999.0 -999.0 -999.0 -999.0 -999 -999 "" "" "" "" 0 0 0.0 0.0 -999 ""
FIBERMAP 992 R-2C20 BOSS 1 1 0 1 0 0 143.31057226016793 -22.85936133243287 143.1 -25.535854136698298 142.85195343460185 192.58447 42.99379 43.53162695389352 -52.59439260004829 0.13565134 -0.031657364 0.0060219094 43.53162761671967 -52.5943926940127 43.402727646388016 -52.47438829686087 66.44638731214766 175.6407774740192 5400.0 5400.0 2016.0 1 304 {-999.0 19.184973 19.107792 18.97335 18.84084} sdss_psfmag_from_lsdr10 19.17924 19.008635 18.573496 -999.0 63050395801551987 1131246794 dark_flexible_3x1 bhm_spiders_agn_lsdr10_d3 bhm_spiders science 0 0 0.0 0.0 -999 ""
FIBERMAP 992 R-2C20 METROLOGY 0 0 0 1 0 0 143.62404404512475 -23.530780524420422 143.1 -25.004874386951172 143.3687553437039 192.58447 42.99379 -999.0 -999.0 -999.0 -999.0 -999.0 43.53426818958248 -52.59278435669915 43.405372689441094 -52.47281131326652 66.4477789644595 175.63633868408314 -999.0 6231.0 -999.0 -1 -999 {-999.0 -999.0 -999.0 -999.0 -999.0} "" -999.0 -999.0 -999.0 -999.0 -999 -999 "" "" "" "" 0 0 0.0 0.0 -999 ""
FIBERMAP 998 R+3C8 APOGEE 0 0 0 1 0 0 -95.01571974739561 73.76094679222143 143.1 -38.41329184774207 -113.98205318615521 95.00614 89.246544 -999.0 -999.0 -999.0 -999.0 -999.0 43.467512397332015 -53.37364703469877 43.33508959302151 -53.253413749597684 65.67610712545087 175.94482349468876 -999.0 16600.0 -999.0 2 -999 {-999.0 -999.0 -999.0 -999.0 -999.0} "" -999.0 -999.0 -999.0 -999.0 -999 -999 "" "" "" "" 0 0 0.0 0.0 -999 ""
FIBERMAP 998 R+3C8 BOSS 1 1 0 1 0 0 -94.25823741664247 73.82442159620483 143.1 -38.72230814139803 -113.28759617143172 95.00614 89.246544 43.46592183249387 -53.37169788714068 -999.0 -999.0 -999.0 43.46592183249387 -53.37169788714068 43.33349665340432 -53.251365981504236 65.67824241889019 175.94661125506198 5400.0 5400.0 2016.0 1 53 {-999.0 21.733171 20.780777 20.322084 19.981356} sdss_fiber2mag_from_lsdr10 1e+20 1e+20 1e+20 -999.0 63050398820387852 1131240465 dark_flexible_3x1 bhm_spiders_agn_lsdr10_d3 bhm_spiders science 0 0 0.0 0.0 -999 ""
FIBERMAP 998 R+3C8 METROLOGY 0 0 0 1 0 0 -94.5866026020896 73.14828318762221 143.1 -37.97582423400537 -113.37536144120178 95.00614 89.246544 -999.0 -999.0 -999.0 -999.0 -999.0 43.46970791771138 -53.371948411187454 43.33727470329143 -53.25165031745538 65.67772591439464 175.94122373678957 -999.0 6231.0 -999.0 -1 -999 {-999.0 -999.0 -999.0 -999.0 -999.0} "" -999.0 -999.0 -999.0 -999.0 -999 -999 "" "" "" "" 0 0 0.0 0.0 -999 ""
FIBERMAP 1001 R+8C12 APOGEE 0 0 0 1 0 0 31.65746518921896 153.86885259643424 143.1 -155.71564386972253 -20.69911489824362 184.6801 117.16756 -999.0 -999.0 -999.0 -999.0 -999.0 42.875170591985146 -53.08911904000464 42.745915475705374 -52.96794214295994 65.99322665974567 176.74017359091948 -999.0 16600.0 -999.0 2 -999 {-999.0 -999.0 -999.0 -999.0 -999.0} "" -999.0 -999.0 -999.0 -999.0 -999 -999 "" "" "" "" 0 0 0.0 0.0 -999 ""
FIBERMAP 1001 R+8C12 BOSS 1 1 0 1 0 0 31.25631195978438 154.45817809280928 143.1 -156.1402671732542 -21.271724919941306 184.6801 117.16756 42.87291404282116 -53.090948295042324 -999.0 -999.0 -999.0 42.872914042821165 -53.090948295042324 42.74364403983609 -52.969671863597675 65.9916157269023 176.74387528085202 5400.0 5400.0 2015.5 1 145 {-999.0 -999.0 -999.0 -999.0 -999.0} "" -999.0 -999.0 -999.0 -999.0 27021603157674842 813517577 "" ops_sky_boss_good ops_sky sky_boss 0 0 0.0 0.0 -999 ""
FIBERMAP 1001 R+8C12 METROLOGY 0 0 0 1 0 0 31.9857491615366 154.5409596193967 143.1 -156.458294032512 -20.6101007298662 184.6801 117.16756 -999.0 -999.0 -999.0 -999.0 -999.0 42.87130495913317 -53.08890860986645 42.74205320576016 -52.96765695279097 65.99370276981323 176.74581375698912 -999.0 6231.0 -999.0 -1 -999 {-999.0 -999.0 -999.0 -999.0 -999.0} "" -999.0 -999.0 -999.0 -999.0 -999 -999 "" "" "" "" 0 0 0.0 0.0 -999 ""
FIBERMAP 1002 R+12C5 APOGEE 0 0 0 1 0 0 -64.89476912691512 218.1468867973235 143.1 -184.6685105830989 -133.01402351972948 292.85498 103.290215 -999.0 -999.0 -999.0 -999.0 -999.0 42.72469840277107 -53.42830450277242 42.59428351488975 -53.3067786527282 65.66266213035942 177.02718565752355 -999.0 16600.0 -999.0 2 -999 {-999.0 -999.0 -999.0 -999.0 -999.0} "" -999.0 -999.0 -999.0 -999.0 -999 -999 "" "" "" "" 0 0 0.0 0.0 -999 ""
FIBERMAP 1002 R+12C5 BOSS 1 1 0 1 0 0 -65.48046974098823 217.715058474444 143.1 -184.06812445401312 -133.4251371409376 292.85498 103.290215 42.727681793661226 -53.42969188037844 -0.16013089 0.69092417 -0.5167797 42.72768099592949 -53.429689829598594 42.5972379647975 -53.308071988237536 65.66123844905479 177.02315284779993 5400.0 5400.0 2016.0 1 164 {-999.0 19.925247 19.668888 19.589191 19.541159} sdss_psfmag_from_lsdr10 19.99366 19.684195 19.249077 -999.0 63050395801413572 1131238345 dark_flexible_3x1 bhm_spiders_agn_lsdr10_d3 bhm_spiders science 0 0 0.0 0.0 -999 ""
FIBERMAP 1002 R+12C5 METROLOGY 0 0 0 1 0 0 -65.57957584196713 218.44778209442163 143.1 -184.72748435987492 -133.7596607506373 292.85498 103.290215 -999.0 -999.0 -999.0 -999.0 -999.0 42.724280158592464 -53.43066729458254 42.59384637894482 -53.30907078682614 65.66039642785434 177.02823967652253 -999.0 6231.0 -999.0 -1 -999 {-999.0 -999.0 -999.0 -999.0 -999.0} "" -999.0 -999.0 -999.0 -999.0 -999 -999 "" "" "" "" 0 0 0.0 0.0 -999 ""
FIBERMAP 1003 R-2C13 APOGEE 0 0 0 1 0 0 11.743238666299975 -38.98267033639373 143.1 32.95190831235311 23.90793569077406 348.94598 126.35664 -999.0 -999.0 -999.0 -999.0 -999.0 43.826977632539204 -52.95454620541322 43.69550222542455 -52.8350519944226 66.06785334136647 175.30449001232273 -999.0 16600.0 -999.0 2 -999 {-999.0 -999.0 -999.0 -999.0 -999.0} "" -999.0 -999.0 -999.0 -999.0 -999 -999 "" "" "" "" 0 0 0.0 0.0 -999 ""
FIBERMAP 1003 R-2C13 BOSS 1 1 0 1 0 0 12.073912835520707 -39.66554027754163 143.1 33.48804512663386 24.44474788950449 348.94598 126.35664 43.82971948712038 -52.95299175835954 0.14350455 1.8310108 -0.42997518 43.82972019411936 -52.95298632360959 43.69822546461226 -52.833402843585205 66.06929582572411 175.2999809621028 5400.0 5400.0 2016.0 1 420 {-999.0 20.700844 20.43243 20.38749 20.383581} sdss_psfmag_from_lsdr10 20.381002 20.337109 19.926308 -999.0 63050395801551456 1131242610 dark_flexible_3x1 bhm_spiders_agn_lsdr10_d3 bhm_spiders science 0 0 0.0 0.0 -999 ""
FIBERMAP 1003 R-2C13 METROLOGY 0 0 0 1 0 0 11.337801407642218 -39.6112551326529 143.1 33.678827637955415 23.73175089991787 348.94598 126.35664 -999.0 -999.0 -999.0 -999.0 -999.0 43.83070019277451 -52.95512035398775 43.69919752346459 -52.8355647775942 66.06707949550507 175.29917568105682 -999.0 6231.0 -999.0 -1 -999 {-999.0 -999.0 -999.0 -999.0 -999.0} "" -999.0 -999.0 -999.0 -999.0 -999 -999 "" "" "" "" 0 0 0.0 0.0 -999 ""
FIBERMAP 1005 R+8C16 APOGEE 0 0 0 1 0 0 151.80046846097147 164.88345498868514 143.1 -205.62247192751397 89.13616776815371 78.62226 56.959206 -999.0 -999.0 -999.0 -999.0 -999.0 42.63106941548503 -52.75495770753148 42.50412110868723 -52.6334539891239 66.33816337421355 177.03580966110232 -999.0 16600.0 -999.0 2 -999 {-999.0 -999.0 -999.0 -999.0 -999.0} "" -999.0 -999.0 -999.0 -999.0 -999 -999 "" "" "" "" 0 0 0.0 0.0 -999 ""
FIBERMAP 1005 R+8C16 BOSS 1 1 0 1 0 0 152.35394444506227 164.38154477146753 143.1 -205.3304857371176 89.8238801112077 78.62226 56.959206 42.63251892236033 -52.75296196251624 -999.0 -999.0 -999.0 42.63251892236033 -52.75296196251624 42.505564014248016 -52.63136756816871 66.34017871377239 177.0332461093992 5400.0 5400.0 2016.0 1 210 {-999.0 22.570631 22.032797 21.845263 21.711512} sdss_psfmag_from_lsdr10 1e+20 1e+20 1e+20 -999.0 63050397390369657 1131244691 dark_flexible_3x1 bhm_spiders_agn_lsdr10_d3 bhm_spiders science 0 0 0.0 0.0 -999 ""
FIBERMAP 1005 R+8C16 METROLOGY 0 0 0 1 0 0 151.62379231286405 164.15662367711002 143.1 -204.87799425087368 89.20831882807275 78.62226 56.959206 -999.0 -999.0 -999.0 -999.0 -999.0 42.63467456549641 -52.75479616703103 42.507707884082265 -52.633231494327084 66.33822290221246 177.03035939967563 -999.0 6231.0 -999.0 -1 -999 {-999.0 -999.0 -999.0 -999.0 -999.0} "" -999.0 -999.0 -999.0 -999.0 -999 -999 "" "" "" "" 0 0 0.0 0.0 -999 ""
FIBERMAP 1007 R+12C9 APOGEE 0 0 0 1 0 0 39.55255562972059 229.50518750577143 143.1 -229.73888826641934 -38.113973934903385 20.79326 80.81594 -999.0 -999.0 -999.0 -999.0 -999.0 42.5022547480267 -53.139349889833674 42.37389718726814 -53.0175234580052 65.96070458355504 177.2978452431662 -999.0 16600.0 -999.0 2 -999 {-999.0 -999.0 -999.0 -999.0 -999.0} "" -999.0 -999.0 -999.0 -999.0 -999 -999 "" "" "" "" 0 0 0.0 0.0 -999 ""
FIBERMAP 1007 R+12C9 BOSS 1 1 0 1 0 0 39.70862940157272 228.74592728092833 143.1 -229.0732005064483 -37.71692717356026 20.79326 80.81594 42.50500812344488 -53.13816663743516 12.175306 -37.271538 1.1772417 42.5055703097809 -53.13827726565114 42.377197246184124 -53.01636147084644 65.96172765700584 177.2927875883874 5400.0 5400.0 2016.0 1 161 {-999.0 15.751797 15.056295 14.80611 -999.0} sdss_psfmag_gaia 15.5687 15.099733 14.46615 13.243 63050395801431662 1136503853 dark_flexible_3x1 mwm_halo_local_high_boss_triple mwm_halo science 0 0 1.083996057510376 0.0 -999 ""
FIBERMAP 1007 R+12C9 METROLOGY 0 0 0 1 0 0 38.99849948459109 229.0026738195495 143.1 -229.08215566423868 -38.471961470574946 20.79326 80.81594 -999.0 -999.0 -999.0 -999.0 -999.0 42.50541591085964 -53.140541059580826 42.377035256063834 -53.01865129634027 65.95944992295514 177.29341210069643 -999.0 6231.0 -999.0 -1 -999 {-999.0 -999.0 -999.0 -999.0 -999.0} "" -999.0 -999.0 -999.0 -999.0 -999 -999 "" "" "" "" 0 0 0.0 0.0 -999 ""
FIBERMAP 1008 R0C26 APOGEE 0 0 0 1 0 0 273.12918144381064 9.19308055580141 143.1 -98.4912860682076 254.90677674815618 38.509567 141.26274 -999.0 -999.0 -999.0 -999.0 -999.0 43.171032974467174 -52.25657058116743 43.04478426895099 -52.136126017539 66.80539403844676 176.10170004652403 -999.0 16600.0 -999.0 2 106 {-999.0 -999.0 -999.0 -999.0 -999.0} "" -999.0 -999.0 -999.0 -999.0 -999 -999 "" ops_sky_apogee_best_unassigned ops_sky sky_apogee 0 0 0.0 0.0 -999 ""
FIBERMAP 1008 R0C26 BOSS 1 1 0 1 0 0 273.8690652404505 9.230379043101728 143.1 -98.76979603387113 255.59322182643703 38.509567 141.26274 43.169703038940035 -52.25461122434376 -999.0 -999.0 -999.0 43.169703038940035 -52.25461122434377 43.04345278552765 -52.1340734580351 66.8075160964741 176.10326076647414 5400.0 5400.0 2015.5 1 180 {-999.0 -999.0 -999.0 -999.0 -999.0} "" -999.0 -999.0 -999.0 -999.0 27021603157773409 813533307 "" ops_sky_boss_good ops_sky sky_boss 0 0 0.0 0.0 -999 ""
FIBERMAP 1008 R0C26 METROLOGY 0 0 0 1 0 0 273.50405243087727 8.560785978838497 143.1 -98.0174428250899 255.46869613425935 38.509567 141.26274 -999.0 -999.0 -999.0 -999.0 -999.0 43.17337619168238 -52.25491201497244 43.04711783611452 -52.134406410393176 66.80696674360759 176.0976571965582 -999.0 6231.0 -999.0 -1 -999 {-999.0 -999.0 -999.0 -999.0 -999.0} "" -999.0 -999.0 -999.0 -999.0 -999 -999 "" "" "" "" 0 0 0.0 0.0 -999 ""
FIBERMAP 1015 R+8C1 APOGEE 0 0 0 1 0 0 -206.5658215711858 161.14117146076632 143.1 -84.25115015451537 -248.05661925363663 45.106724 175.33122 -999.0 -999.0 -999.0 -999.0 -999.0 43.23363155696905 -53.77792761909076 43.09994297716861 -53.657180052831826 65.2880613258972 176.3762607501784 -999.0 16600.0 -999.0 2 48 {-999.0 -999.0 -999.0 -999.0 -999.0} "" -999.0 -999.0 -999.0 -999.0 -999 -999 "" ops_sky_apogee_best_unassigned ops_sky sky_apogee 0 0 0.0 0.0 -999 ""
FIBERMAP 1015 R+8C1 BOSS 1 1 0 1 0 0 -206.00233273860678 161.65909685104148 143.1 -84.92553844184833 -247.69479160270728 45.106724 175.33122 43.23018749765287 -53.776935458557865 1.8359427 0.9000547 -0.51778924 43.23019671936124 -53.776932787042874 43.096508202754855 -53.6560813287457 65.28934499131485 176.38086376599492 5400.0 5400.0 2016.0 1 84 {-999.0 21.516775 21.533445 21.111883 20.804539} sdss_fiber2mag_from_lsdr10 20.656965 20.7338 19.899685 -999.0 63050395801411787 1131236248 dark_flexible_3x1 bhm_spiders_agn_lsdr10_d3 bhm_spiders science 0 0 0.0 0.0 -999 ""
FIBERMAP 1015 R+8C1 METROLOGY 0 0 0 1 0 0 -205.85317090143184 160.92757726289972 143.1 -84.2837747920632 -247.31339375035282 45.106724 175.33122 -999.0 -999.0 -999.0 -999.0 -999.0 43.23344940661665 -53.77581542173318 43.099760697113766 -53.654997721219075 65.2902442201935 176.37603114262967 -999.0 6231.0 -999.0 -1 -999 {-999.0 -999.0 -999.0 -999.0 -999.0} "" -999.0 -999.0 -999.0 -999.0 -999 -999 "" "" "" "" 0 0 0.0 0.0 -999 ""
FIBERMAP 1020 R-3C9 APOGEE 1 1 0 1 0 0 -74.62494857156989 -78.71764746700475 143.1 98.87506292359677 -44.58831210977237 340.26517 43.310913 44.1616363899148 -53.160954004220805 152.40405 -7.090434 14.473829 44.162390867101266 -53.160975047445326 44.02891653705653 -53.04201441772796 65.83754059827291 174.8782593217059 16000.0 16600.0 2016.0 2 291 {-999.0 10.627452 9.684701 9.33014 -999.0} sdss_psfmag_from_g3xp 10.31546 9.71538 8.972889 7.504 63050395801549847 984803808 bright_1x1 mwm_snc_100pc_apogee mwm_snc science 0 0 0.0 0.0 -999 ""
FIBERMAP 1020 R-3C9 BOSS 0 0 0 1 0 0 -75.35914402308661 -78.93012888703157 143.1 99.31713651578946 -45.2117820918874 340.26517 43.310913 -999.0 -999.0 -999.0 -999.0 -999.0 44.164772662553304 -53.16297365202356 44.03125492985089 -53.04391981062226 65.83546874211451 174.8754584722455 -999.0 5400.0 -999.0 1 478 {-999.0 -999.0 -999.0 -999.0 -999.0} "" -999.0 -999.0 -999.0 -999.0 -999 -999 "" "" "" "" 0 0 0.0 0.0 -999 ""
FIBERMAP 1020 R-3C9 METROLOGY 0 0 0 1 0 0 -75.15312001549563 -78.194079450977 143.1 98.55430359528602 -45.25924957705942 340.26517 43.310913 -999.0 -999.0 -999.0 -999.0 -999.0 44.160927547614904 -53.163119196483464 44.027426513700334 -53.04408558311926 65.83560324607664 174.88108604658623 -999.0 6231.0 -999.0 -1 -999 {-999.0 -999.0 -999.0 -999.0 -999.0} "" -999.0 -999.0 -999.0 -999.0 -999 -999 "" "" "" "" 0 0 0.0 0.0 -999 ""
FIBERMAP 1021 R+4C5 APOGEE 0 0 0 1 0 0 -146.6954493683191 74.42323220312028 143.1 -22.045494734601686 -163.00359328433788 320.15817 136.46167 -999.0 -999.0 -999.0 -999.0 -999.0 43.551190711500865 -53.52200899502415 43.41778683326203 -53.40188064332945 65.5232890262087 175.86350867798205 -999.0 16600.0 -999.0 2 25 {-999.0 -999.0 -999.0 -999.0 -999.0} "" -999.0 -999.0 -999.0 -999.0 -999 -999 "" ops_sky_apogee_best_unassigned ops_sky sky_apogee 0 0 0.0 0.0 -999 ""
FIBERMAP 1021 R+4C5 BOSS 1 1 0 1 0 0 -146.58058370760833 73.7057198827036 143.1 -21.405681651486177 -162.65918887896655 320.15817 136.46167 43.5544542631956 -53.521128485877455 -999.0 -999.0 -999.0 43.5544542631956 -53.521128485877455 43.42102743034182 -53.400908984874256 65.52405069238034 175.85862340751586 5400.0 5400.0 2015.5 1 42 {-999.0 -999.0 -999.0 -999.0 -999.0} "" -999.0 -999.0 -999.0 -999.0 27021603157673768 813517413 "" ops_sky_boss_good ops_sky sky_boss 0 0 0.0 0.0 -999 ""
FIBERMAP 1021 R+4C5 METROLOGY 0 0 0 1 0 0 -147.2803442757961 73.95419690319645 143.1 -21.410237116038605 -163.40171171162135 320.15817 136.46167 -999.0 -999.0 -999.0 -999.0 -999.0 43.554428749892274 -53.52336471087296 43.420995890419135 -53.403172055674176 65.52180234199132 175.85924703099516 -999.0 6231.0 -999.0 -1 -999 {-999.0 -999.0 -999.0 -999.0 -999.0} "" -999.0 -999.0 -999.0 -999.0 -999 -999 "" "" "" "" 0 0 0.0 0.0 -999 ""
FIBERMAP 1022 R-11C3 APOGEE 0 0 0 1 0 0 -142.4570506260259 -213.13401725952804 143.1 248.11562120903267 -64.4470537173388 223.13982 64.46704 -999.0 -999.0 -999.0 -999.0 -999.0 44.91577237718138 -53.21380133807182 44.779786616637125 -53.09616027230282 65.71922527101145 173.80888370773275 -999.0 16600.0 -999.0 2 152 {-999.0 -999.0 -999.0 -999.0 -999.0} "" -999.0 -999.0 -999.0 -999.0 -999 -999 "" ops_sky_apogee_best_unassigned ops_sky sky_apogee 0 0 0.0 0.0 -999 ""
FIBERMAP 1022 R-11C3 BOSS 1 1 0 1 0 0 -142.69317418671045 -212.4313026685049 143.1 247.52965414926348 -64.9011022980803 223.13982 64.46704 44.91286945262728 -53.21532169847747 10.590861 3.3662813 0.32020327 44.91292194922904 -53.215311706773484 44.776911980524176 -53.097569640066936 65.71810438583321 173.813567352123 5400.0 5400.0 2016.0 1 433 {-999.0 16.782711 16.424019 16.314398 -999.0} sdss_psfmag_gaia 16.73623 16.443161 15.992069 15.061 63050395801545715 977122793 "" ops_std_boss ops_std standard_boss 0 0 0.0 0.0 -999 ""
FIBERMAP 1022 R-11C3 METROLOGY 0 0 0 1 0 0 -141.96279205946934 -212.5724537190557 143.1 247.42278738024442 -64.16495269992465 223.13982 64.46704 -999.0 -999.0 -999.0 -999.0 -999.0 44.91238344955677 -53.213076424702 44.776393245873464 -53.09536105152989 65.72033448773142 173.81347248527496 -999.0 6231.0 -999.0 -1 -999 {-999.0 -999.0 -999.0 -999.0 -999.0} "" -999.0 -999.0 -999.0 -999.0 -999 -999 "" "" "" "" 0 0 0.0 0.0 -999 ""
FIBERMAP 1024 R+6C15 APOGEE 0 0 0 1 0 0 90.56765497690857 136.5797903742548 143.1 -158.75944475782478 40.61769639159402 139.5117 54.70346 -999.0 -999.0 -999.0 -999.0 -999.0 42.862451498013485 -52.903099705960834 42.734113704952335 -52.78195122546374 66.17916998065733 176.71976486622367 -999.0 16600.0 -999.0 2 113 {-999.0 -999.0 -999.0 -999.0 -999.0} "" -999.0 -999.0 -999.0 -999.0 -999 -999 "" ops_sky_apogee_best_unassigned ops_sky sky_apogee 0 0 0.0 0.0 -999 ""
FIBERMAP 1024 R+6C15 BOSS 1 1 0 1 0 0 91.30932391028016 136.72837228936174 143.1 -159.14363224823208 41.26923526752729 139.5117 54.70346 42.86042523938059 -52.901159449487785 7.4266567 -11.166583 3.5415297 42.860461784288866 -52.901192593790306 42.73212741018526 -52.779947265302944 66.18126642955156 176.72231926982883 5400.0 5400.0 2016.0 1 196 {-999.0 20.167545 18.362408 17.215391 -999.0} sdss_psfmag_gaia 19.258638 17.903399 16.755919 14.536 63050395801432261 1124848588 dark_1x1 openfibertargets_mwm_snc_further_ext_boss open_fiber science 0 0 0.0 0.0 -999 ""
FIBERMAP 1024 R+6C15 METROLOGY 0 0 0 1 0 0 91.09938378233707 136.01147312364358 143.1 -158.39759620051478 41.3067076091879 139.5117 54.70346 -999.0 -999.0 -999.0 -999.0 -999.0 42.86416965139064 -52.90106437523176 42.7358269668984 -52.77985178806527 66.1811764487621 176.7167774783722 -999.0 6231.0 -999.0 -1 -999 {-999.0 -999.0 -999.0 -999.0 -999.0} "" -999.0 -999.0 -999.0 -999.0 -999 -999 "" "" "" "" 0 0 0.0 0.0 -999 ""
FIBERMAP 1027 R+8C18 APOGEE 0 0 0 1 0 0 171.42824185382358 174.75692873618834 143.1 -221.40045557936156 104.42508554547845 174.1136 39.826035 -999.0 -999.0 -999.0 -999.0 -999.0 42.553716625269175 -52.70827455766974 42.42721748101525 -52.58665173315114 66.38825498643608 177.14343614881557 -999.0 16600.0 -999.0 2 -999 {-999.0 -999.0 -999.0 -999.0 -999.0} "" -999.0 -999.0 -999.0 -999.0 -999 -999 "" "" "" "" 0 0 0.0 0.0 -999 ""
FIBERMAP 1027 R+8C18 BOSS 1 1 0 1 0 0 172.03103150297125 175.1577125290619 143.1 -221.97714397963028 104.86254520326246 174.1136 39.826035 42.55054384758276 -52.707012073212596 64.8359 -2.092419 4.4599366 42.550861468961116 -52.70701828344164 42.42436739886277 -52.58529793162822 66.3897294267942 177.14750617721515 5400.0 5400.0 2016.0 1 250 {-999.0 19.581327 17.710505 16.41855 -999.0} sdss_psfmag_gaia 18.599354 17.124609 15.952272 13.74 63050395801432780 1094207326 bright_1x1 mwm_bin_vis_boss mwm_filler science 0 0 0.0 0.0 -999 ""
FIBERMAP 1027 R+8C18 METROLOGY 0 0 0 1 0 0 172.09835971324944 174.42460318605018 143.1 -221.30697067289165 105.16718618469494 174.1136 39.826035 -999.0 -999.0 -999.0 -999.0 -999.0 42.55414968022968 -52.70607297175981 42.42765149519221 -52.58438448852809 66.39049747075619 177.1423733428252 -999.0 6231.0 -999.0 -1 -999 {-999.0 -999.0 -999.0 -999.0 -999.0} "" -999.0 -999.0 -999.0 -999.0 -999 -999 "" "" "" "" 0 0 0.0 0.0 -999 ""
FIBERMAP 1029 R+7C2 APOGEE 0 0 0 1 0 0 -191.81460735210015 151.67905060460424 143.1 -80.16605848829131 -231.01498964674295 114.62967 95.89879 -999.0 -999.0 -999.0 -999.0 -999.0 43.25457151462492 -53.72677605513436 43.121070633826946 -53.606078533807 65.33776343838795 176.33492768331269 -999.0 16600.0 -999.0 2 -999 {-999.0 -999.0 -999.0 -999.0 -999.0} "" -999.0 -999.0 -999.0 -999.0 -999 -999 "" "" "" "" 0 0 0.0 0.0 -999 ""
FIBERMAP 1029 R+7C2 BOSS 1 1 0 1 0 0 -191.16684290055227 152.0716692745322 143.1 -80.74982467780092 -230.5323731807556 114.62967 95.89879 43.251591575254146 -53.72543673462944 -999.0 -999.0 -999.0 43.25159157525415 -53.72543673462944 43.11809091242089 -53.60463643137057 65.33936561435996 176.33882066015101 5400.0 5400.0 2016.0 1 72 {-999.0 22.73463 22.03338 21.390623 20.910666} sdss_fiber2mag_from_lsdr10 1e+20 1e+20 1e+20 -999.0 63050396674808681 1131236250 dark_flexible_3x1 bhm_spiders_agn_lsdr10_d3 bhm_spiders science 0 0 0.0 0.0 -999 ""
FIBERMAP 1029 R+7C2 METROLOGY 0 0 0 1 0 0 -191.16127894407606 151.31482511391914 143.1 -80.03692818883349 -230.27825485577333 114.62967 95.89879 -999.0 -999.0 -999.0 -999.0 -999.0 43.25520877881183 -53.72469412930026 43.121704989677255 -53.60392804608406 65.33986888997467 176.33354396344075 -999.0 6231.0 -999.0 -1 -999 {-999.0 -999.0 -999.0 -999.0 -999.0} "" -999.0 -999.0 -999.0 -999.0 -999 -999 "" "" "" "" 0 0 0.0 0.0 -999 ""
FIBERMAP 1030 R-7C6 APOGEE 0 0 0 1 0 0 -85.22333861522155 -127.29463834226159 143.1 148.23370100982802 -38.62391491421162 62.892838 77.47458 -999.0 -999.0 -999.0 -999.0 -999.0 44.411311692632786 -53.14105610144248 44.27718626180706 -53.02253836710359 65.83676404643313 174.51043072317762 -999.0 16600.0 -999.0 2 -999 {-999.0 -999.0 -999.0 -999.0 -999.0} "" -999.0 -999.0 -999.0 -999.0 -999 -999 "" "" "" "" 0 0 0.0 0.0 -999 ""
FIBERMAP 1030 R-7C6 BOSS 1 1 0 1 0 0 -84.62589125984128 -127.84210962103737 143.1 148.55425422346138 -37.87969689481559 62.892838 77.47458 44.41212227130114 -53.13904008736229 95.507805 48.77468 12.805538 44.41300592890101 -53.13889531491986 44.278868883194484 -53.02028720127246 65.8388525193482 174.50721700091114 5400.0 5400.0 2016.0 1 504 {-999.0 19.370893 17.390291 15.522579 -999.0} sdss_psfmag_gaia 17.831415 16.2582 14.709159 12.254 63050395801549810 1151184843 dark_1x1 mwm_snc_100pc_boss_single mwm_snc science 0 0 0.8877668380737305 0.0 -999 ""
FIBERMAP 1030 R-7C6 METROLOGY 0 0 0 1 0 0 -85.3399713095672 -128.03348543835506 143.1 148.96978242652278 -38.49111079356858 62.892838 77.47458 -999.0 -999.0 -999.0 -999.0 -999.0 44.415166965027616 -53.14071021845341 44.28101579324789 -53.02213113007429 65.83684678759664 174.50471969672842 -999.0 6231.0 -999.0 -1 -999 {-999.0 -999.0 -999.0 -999.0 -999.0} "" -999.0 -999.0 -999.0 -999.0 -999 -999 "" "" "" "" 0 0 0.0 0.0 -999 ""
FIBERMAP 1031 R+1C16 APOGEE 0 0 0 1 0 0 74.25062279433749 23.32876411095465 143.1 -46.445468661220985 62.447680592274686 52.39221 69.000046 -999.0 -999.0 -999.0 -999.0 -999.0 43.4268666538809 -52.83813149370581 43.29714227297512 -52.71797260521296 66.21102928624997 175.8642979379611 -999.0 16600.0 -999.0 2 114 {-999.0 -999.0 -999.0 -999.0 -999.0} "" -999.0 -999.0 -999.0 -999.0 -999 -999 "" ops_sky_apogee_best_unassigned ops_sky sky_apogee 0 0 0.0 0.0 -999 ""
FIBERMAP 1031 R+1C16 BOSS 1 1 0 1 0 0 74.67112407296113 22.70177449890739 143.1 -45.99163922564845 63.050946590303745 52.39221 69.000046 43.42912017094072 -52.836356821939624 -999.0 -999.0 -999.0 43.42912017094073 -52.836356821939624 43.29938125530556 -52.716108318734584 66.21274216246793 175.86047237576912 5400.0 5400.0 2016.0 1 198 {-999.0 19.893305 19.041294 18.68729 18.358501} sdss_fiber2mag_from_lsdr10 18.533972 20.878233 17.17571 15.352 63050395801551708 1128180008 dark_flexible_3x1 bhm_spiders_clusters_lsdr10_d3 bhm_spiders science 0 0 0.0 0.0 -999 ""
FIBERMAP 1031 R+1C16 METROLOGY 0 0 0 1 0 0 73.92300351950244 22.657412122669065 143.1 -45.70375008017554 62.359045862161324 52.39221 69.000046 -999.0 -999.0 -999.0 -999.0 -999.0 43.430553483328424 -52.83842501661374 43.30080504016229 -52.71820507043609 66.21056693584552 175.85888760514138 -999.0 6231.0 -999.0 -1 -999 {-999.0 -999.0 -999.0 -999.0 -999.0} "" -999.0 -999.0 -999.0 -999.0 -999 -999 "" "" "" "" 0 0 0.0 0.0 -999 ""
FIBERMAP 1033 R-9C16 APOGEE 0 0 0 1 0 0 154.08218974909207 -194.89842239662943 143.1 133.38738463971183 209.59367777186426 4.752149 24.260275 -999.0 -999.0 -999.0 -999.0 -999.0 44.31961725732567 -52.39026279648944 44.18938876058422 -52.27178591896551 66.5876071549768 174.38156309571463 -999.0 16600.0 -999.0 2 208 {-999.0 -999.0 -999.0 -999.0 -999.0} "" -999.0 -999.0 -999.0 -999.0 -999 -999 "" ops_sky_apogee_best_unassigned ops_sky sky_apogee 0 0 0.0 0.0 -999 ""
FIBERMAP 1033 R-9C16 BOSS 1 1 0 1 0 0 153.4462029233702 -195.28440696464742 143.1 133.9610132173772 209.12000209820624 4.752149 24.260275 44.32251827571915 -52.39172979947008 2.4442618 -6.130273 1.901025 44.32253016408037 -52.391747995156706 44.192265668588746 -52.273184113629604 66.5859763343688 174.37766898729805 5400.0 5400.0 2016.0 1 294 {-999.0 20.426874 18.646143 17.543938 -999.0} sdss_psfmag_gaia 19.55504 18.225101 17.099688 14.514 63050395801552407 1095247466 bright_1x1 mwm_bin_vis_boss mwm_filler science 0 0 0.0 0.0 -999 ""
FIBERMAP 1033 R-9C16 METROLOGY 0 0 0 1 0 0 153.43408210813766 -194.5290417459728 143.1 133.251669381025 208.86017810438594 4.752149 24.260275 -999.0 -999.0 -999.0 -999.0 -999.0 44.31907116485859 -52.39248690408909 44.18881849145532 -52.27394257942794 66.58552051899849 174.38319189491116 -999.0 6231.0 -999.0 -1 -999 {-999.0 -999.0 -999.0 -999.0 -999.0} "" -999.0 -999.0 -999.0 -999.0 -999 -999 "" "" "" "" 0 0 0.0 0.0 -999 ""
FIBERMAP 1038 R+9C11 APOGEE 0 0 0 1 0 0 31.295536278502272 183.85584605801074 143.1 -183.91486170958504 -30.901166496868445 68.46547 146.91777 -999.0 -999.0 -999.0 -999.0 -999.0 42.73281291457333 -53.11923173602292 42.60384759840804 -52.99780332531633 65.97029226928515 176.9555012435206 -999.0 16600.0 -999.0 2 140 {-999.0 -999.0 -999.0 -999.0 -999.0} "" -999.0 -999.0 -999.0 -999.0 -999 -999 "" ops_sky_apogee_best_unassigned ops_sky sky_apogee 0 0 0.0 0.0 -999 ""
FIBERMAP 1038 R+9C11 BOSS 1 1 0 1 0 0 31.898199505456727 184.30435508582454 143.1 -184.53657788039655 -30.4795191433438 68.46547 146.91777 42.7296179598267 -53.118038399741465 -999.0 -999.0 -999.0 42.7296179598267 -53.11803839974147 42.60065580527024 -52.99650955066241 65.97173032771533 176.95995981036097 5400.0 5400.0 2015.5 1 139 {-999.0 -999.0 -999.0 -999.0 -999.0} "" -999.0 -999.0 -999.0 -999.0 27021603157685693 813519337 "" ops_sky_boss_good ops_sky sky_boss 0 0 0.0 0.0 -999 ""
FIBERMAP 1038 R+9C11 METROLOGY 0 0 0 1 0 0 31.973785346666663 183.54359063476863 143.1 -183.84300372166857 -30.157986567610763 68.46547 146.91777 -999.0 -999.0 -999.0 -999.0 -999.0 42.733078206513625 -53.117063040035916 42.60411357058996 -52.995567373150706 65.97250919727497 176.95468548502123 -999.0 6231.0 -999.0 -1 -999 {-999.0 -999.0 -999.0 -999.0 -999.0} "" -999.0 -999.0 -999.0 -999.0 -999 -999 "" "" "" "" 0 0 0.0 0.0 -999 ""
FIBERMAP 1045 R+11C11 APOGEE 1 1 0 1 0 0 38.490437793798 222.0192578491215 143.1 -222.32030478266924 -36.65547664971404 200.84541 59.70398 42.539712986926446 -53.13673320472705 -114.4478 503.21848 75.72081 42.53952797635495 -53.13523956579563 42.41110514989605 -53.01348567363746 65.96318297627668 177.2423390242209 16000.0 16600.0 2016.0 2 126 {-999.0 11.531559 10.120725 9.139124 -999.0} sdss_psfmag_from_g3xp 10.956002 9.801348 8.730087 6.753 63050395801431659 984847529 bright_1x1 mwm_snc_100pc_apogee mwm_snc science 0 0 0.8233178853988647 0.0 -999 ""
FIBERMAP 1045 R+11C11 BOSS 0 0 0 1 0 0 38.59367884484257 222.74866749527382 143.1 -223.04307052689992 -36.7978239692316 200.84541 59.70398 -999.0 -999.0 -999.0 -999.0 -999.0 42.53586891966226 -53.135749978915655 42.407414620653014 -53.013886236809995 65.96293850720694 177.24784532227224 -999.0 5400.0 -999.0 1 113 {-999.0 -999.0 -999.0 -999.0 -999.0} "" -999.0 -999.0 -999.0 -999.0 -999 -999 "" "" "" "" 0 0 0.0 0.0 -999 ""
FIBERMAP 1045 R+11C11 METROLOGY 0 0 0 1 0 0 39.17500825120789 222.30164085190532 143.1 -222.81207236377267 -36.10185494647503 200.84541 59.70398 -999.0 -999.0 -999.0 -999.0 -999.0 42.537007143335266 -53.13363065087157 42.408562511189814 -53.01179645721062 65.96497497062974 177.24579571076714 -999.0 6231.0 -999.0 -1 -999 {-999.0 -999.0 -999.0 -999.0 -999.0} "" -999.0 -999.0 -999.0 -999.0 -999 -999 "" "" "" "" 0 0 0.0 0.0 -999 ""
FIBERMAP 1047 R+10C15 APOGEE 0 0 0 1 0 0 142.29680979087306 205.05960704081926 143.1 -240.437859336522 66.95074184357105 58.490765 114.4547 -999.0 -999.0 -999.0 -999.0 -999.0 42.45620248916581 -52.82095117173512 42.32947482704293 -52.6991323725157 66.28018318508208 177.31036798155083 -999.0 16600.0 -999.0 2 77 {-999.0 -999.0 -999.0 -999.0 -999.0} "" -999.0 -999.0 -999.0 -999.0 -999 -999 "" ops_sky_apogee_best_unassigned ops_sky sky_apogee 0 0 0.0 0.0 -999 ""
FIBERMAP 1047 R+10C15 BOSS 1 1 0 1 0 0 143.02920951163372 204.9963279007041 143.1 -240.61892788945997 67.6631910691215 58.490765 114.4547 42.45533971159047 -52.81887882361046 -999.0 -999.0 -999.0 42.455339711590476 -52.81887882361046 42.32861378243469 -52.696965132390524 66.28238078120344 177.31129750323774 5400.0 5400.0 2016.0 1 236 {-999.0 21.154455 20.782787 20.432735 20.140003} sdss_psfmag_from_gaiadr2 20.700762 20.887516 19.622032 -999.0 63050395801432725 1130302473 dark_flexible_3x1 bhm_gua_dark_d3 bhm_filler science 0 0 0.0 0.0 -999 ""
FIBERMAP 1047 R+10C15 METROLOGY 0 0 0 1 0 0 142.58671647588994 204.37292038233699 143.1 -239.88471312046397 67.45031026138186 58.490765 114.4547 -999.0 -999.0 -999.0 -999.0 -999.0 42.45890231280444 -52.81951004321081 42.33216562921996 -52.697628860728976 66.28157273302602 177.3060701984942 -999.0 6231.0 -999.0 -1 -999 {-999.0 -999.0 -999.0 -999.0 -999.0} "" -999.0 -999.0 -999.0 -999.0 -999 -999 "" "" "" "" 0 0 0.0 0.0 -999 ""
FIBERMAP 1048 R-5C8 APOGEE 0 0 0 1 0 0 -86.35313919774121 -87.58534437237196 143.1 111.10571571073957 -52.74797400116685 123.68138 123.79762 -999.0 -999.0 -999.0 -999.0 -999.0 44.22463904092656 -53.18532732707316 44.09085336993127 -53.06646818752198 65.80842332029843 174.79596148317592 -999.0 16600.0 -999.0 2 -999 {-999.0 -999.0 -999.0 -999.0 -999.0} "" -999.0 -999.0 -999.0 -999.0 -999 -999 "" "" "" "" 0 0 0.0 0.0 -999 ""
FIBERMAP 1048 R-5C8 BOSS 1 1 0 1 0 0 -86.05119642840052 -86.88487179951889 143.1 110.34493999439931 -52.693162260051096 123.68138 123.79762 44.22098060219434 -53.185373896493275 -15.43455 21.936636 6.138795 44.22090415001139 -53.18530878482115 44.08711103992523 -53.06634821457145 65.8088389277256 174.8013624893962 5400.0 5400.0 2016.0 1 481 {-999.0 19.458582 19.306116 19.279999 -999.0} sdss_psfmag_gaia 19.517786 19.29059 19.001131 -999.0 63050395801549835 1143595053 dark_1x3 mwm_wd_pwd_boss_1x3 mwm_wd science 0 0 0.0 0.0 -999 ""
FIBERMAP 1048 R-5C8 METROLOGY 0 0 0 1 0 0 -85.61210845911337 -87.48350301925468 143.1 110.76587753449832 -52.08166866542943 123.68138 123.79762 -999.0 -999.0 -999.0 -999.0 -999.0 44.22301637319704 -53.18341752652754 44.08922977710142 -53.06448763023291 65.81051531245095 174.79768365588404 -999.0 6231.0 -999.0 -1 -999 {-999.0 -999.0 -999.0 -999.0 -999.0} "" -999.0 -999.0 -999.0 -999.0 -999 -999 "" "" "" "" 0 0 0.0 0.0 -999 ""
FIBERMAP 1050 R+12C14 APOGEE 0 0 0 1 0 0 116.46339668345584 220.2222960808826 143.1 -246.2622576037261 37.569184711731246 289.53665 20.0848 -999.0 -999.0 -999.0 -999.0 -999.0 42.42491753677771 -52.90960375243493 42.29787225639444 -52.787708013696445 66.19308844116557 177.37246712566224 -999.0 16600.0 -999.0 2 56 {-999.0 -999.0 -999.0 -999.0 -999.0} "" -999.0 -999.0 -999.0 -999.0 -999 -999 "" ops_sky_apogee_best_unassigned ops_sky sky_apogee 0 0 0.0 0.0 -999 ""
FIBERMAP 1050 R+12C14 BOSS 1 1 0 1 0 0 115.98793788603882 220.7962606515121 143.1 -246.6479418022635 36.93145515307331 289.53665 20.0848 42.42292626467512 -52.911608991990505 -999.0 -999.0 -999.0 42.42292626467512 -52.911608991990505 42.29586734873654 -52.78961493553244 66.19126603366323 177.37577716079747 5400.0 5400.0 2016.0 1 93 {-999.0 22.158873 20.723177 20.173222 19.803741} sdss_fiber2mag_from_lsdr10 20.816307 21.564735 18.925234 -999.0 63050395801432625 1128178967 dark_flexible_3x1 bhm_spiders_clusters_lsdr10_d3 bhm_spiders science 0 0 0.0 0.0 -999 ""
FIBERMAP 1050 R+12C14 METROLOGY 0 0 0 1 0 0 116.74003499389292 220.91918484146973 143.1 -247.01132838367872 37.60127860128793 289.53665 20.0848 -999.0 -999.0 -999.0 -999.0 -999.0 42.42109587929286 -52.909534352410965 42.294055096711816 -52.7875645096605 66.19338449106964 177.3781500684307 -999.0 6231.0 -999.0 -1 -999 {-999.0 -999.0 -999.0 -999.0 -999.0} "" -999.0 -999.0 -999.0 -999.0 -999 -999 "" "" "" "" 0 0 0.0 0.0 -999 ""
FIBERMAP 1052 R-8C18 APOGEE 0 0 0 1 0 0 193.36920100075272 -150.6130335638805 143.1 78.64818655397123 232.13254502538004 30.977774 103.69345 -999.0 -999.0 -999.0 -999.0 -999.0 44.04731171600452 -52.32367092068185 43.918189587930044 -52.204732639808526 66.67645915923356 174.77363428225254 -999.0 16600.0 -999.0 2 -999 {-999.0 -999.0 -999.0 -999.0 -999.0} "" -999.0 -999.0 -999.0 -999.0 -999 -999 "" "" "" "" 0 0 0.0 0.0 -999 ""
FIBERMAP 1052 R-8C18 BOSS 1 1 0 1 0 0 193.91179261589602 -151.13894667427567 143.1 78.9664188606786 232.81787129512978 30.977774 103.69345 44.048666976518874 -52.321702550121756 44.268913 9.662036 2.3749335 44.04888194980529 -52.32167387136899 43.91974596647859 -52.202647467659524 66.67840262072687 174.77056076081146 5400.0 5400.0 2016.0 1 275 {-999.0 20.993387 19.150549 17.925621 -999.0} sdss_psfmag_gaia 20.045353 18.624054 17.463446 15.287 63050395801552731 1094561378 bright_1x1 mwm_bin_vis_boss mwm_filler science 0 0 0.0 0.0 -999 ""
FIBERMAP 1052 R-8C18 METROLOGY 0 0 0 1 0 0 193.18519359758244 -151.3380435585527 143.1 79.39335491822777 232.19717393047935 30.977774 103.69345 -999.0 -999.0 -999.0 -999.0 -999.0 44.05104303870795 -52.32346730125416 43.921896945123535 -52.204469938977645 66.6764241473198 174.76785816337463 -999.0 6231.0 -999.0 -1 -999 {-999.0 -999.0 -999.0 -999.0 -999.0} "" -999.0 -999.0 -999.0 -999.0 -999 -999 "" "" "" "" 0 0 0.0 0.0 -999 ""
FIBERMAP 1055 R+1C11 APOGEE 0 0 0 1 0 0 -35.181528810448754 21.52252730374778 143.1 -8.756484578282217 -40.30068254672672 67.773506 41.103653 -999.0 -999.0 -999.0 -999.0 -999.0 43.61747005787147 -53.15002367701276 43.48567905582672 -53.030111382781016 65.88850808219271 175.66784174682806 -999.0 16600.0 -999.0 2 21 {-999.0 -999.0 -999.0 -999.0 -999.0} "" -999.0 -999.0 -999.0 -999.0 -999 -999 "" ops_sky_apogee_best_unassigned ops_sky sky_apogee 0 0 0.0 0.0 -999 ""
FIBERMAP 1055 R+1C11 BOSS 1 1 0 1 0 0 -34.9215617792609 20.80400310903348 143.1 -8.163427877200302 -39.818918894572676 67.773506 41.103653 43.620476798302604 -53.14867774029433 -999.0 -999.0 -999.0 43.62047679830261 -53.14867774029433 43.48866573368127 -53.028675663019634 65.88973770769664 175.66308514040435 5400.0 5400.0 2016.0 1 31 {-999.0 22.072184 21.833725 21.474712 21.316944} sdss_fiber2mag_from_lsdr10 1e+20 1e+20 1e+20 -999.0 63050397390452199 1131240470 dark_flexible_3x1 bhm_spiders_agn_lsdr10_d3 bhm_spiders science 0 0 0.0 0.0 -999 ""
FIBERMAP 1055 R+1C11 METROLOGY 0 0 0 1 0 0 -35.65987191683299 20.956188101596485 143.1 -8.06437414206046 -40.5661834707501 67.773506 41.103653 -999.0 -999.0 -999.0 -999.0 -999.0 43.6209813337259 -53.15092272565541 43.489162831171086 -53.03094794000187 65.88744633503863 175.66296936697435 -999.0 6231.0 -999.0 -1 -999 {-999.0 -999.0 -999.0 -999.0 -999.0} "" -999.0 -999.0 -999.0 -999.0 -999 -999 "" "" "" "" 0 0 0.0 0.0 -999 ""
FIBERMAP 1059 R+3C13 APOGEE 1 1 0 1 0 0 30.67211221121544 59.332425071681165 143.1 -66.11613735660285 9.455647954088107 50.601627 61.510017 43.32750715709359 -52.99897900995012 -1.0188223 5.763595 3.9295855 43.327502132353096 -52.99896190262443 43.19731130446173 -52.878588035206036 66.0574024812796 176.0531697517088 16000.0 16600.0 2016.0 2 125 {-999.0 11.785101 11.325848 11.207857 -999.0} sdss_psfmag_from_g3xp 11.701192 11.368627 10.878115 10.065 63050395801414505 975119366 "" ops_std_apogee ops_std standard_apogee 0 0 0.0 0.0 -999 ""
FIBERMAP 1059 R+3C13 BOSS 0 0 0 1 0 0 30.955828833095424 58.644049884298475 143.1 -65.55936117342758 9.949926002588601 50.601627 61.510017 -999.0 -999.0 -999.0 -999.0 -999.0 43.330265313999746 -52.997552798202896 43.20005560851473 -52.877088953855775 66.05872880235754 176.0487401614579 -999.0 5400.0 -999.0 1 111 {-999.0 -999.0 -999.0 -999.0 -999.0} "" -999.0 -999.0 -999.0 -999.0 -999 -999 "" "" "" "" 0 0 0.0 0.0 -999 ""
FIBERMAP 1059 R+3C13 METROLOGY 0 0 0 1 0 0 30.214342699632507 58.747140844848786 143.1 -65.41290114921742 9.215805176275097 50.601627 61.510017 -999.0 -999.0 -999.0 -999.0 -999.0 43.33098331873943 -52.99975548953598 43.20076539816563 -52.87931912892673 66.05646699953087 176.0482386198886 -999.0 6231.0 -999.0 -1 -999 {-999.0 -999.0 -999.0 -999.0 -999.0} "" -999.0 -999.0 -999.0 -999.0 -999 -999 "" "" "" "" 0 0 0.0 0.0 -999 ""
FIBERMAP 1061 R+9C10 APOGEE 0 0 0 1 0 0 2.8355449570234903 174.78776397053372 143.1 -165.99325748001388 -54.795619311992546 125.44509 158.80374 -999.0 -999.0 -999.0 -999.0 -999.0 42.82204745348736 -53.19220676755291 42.692463806065746 -53.07091111034766 65.89321697329225 176.83935204133726 -999.0 16600.0 -999.0 2 136 {-999.0 -999.0 -999.0 -999.0 -999.0} "" -999.0 -999.0 -999.0 -999.0 -999 -999 "" ops_sky_apogee_best_unassigned ops_sky sky_apogee 0 0 0.0 0.0 -999 ""
FIBERMAP 1061 R+9C10 BOSS 1 1 0 1 0 0 2.6434065030100706 175.50610499297147 143.1 -166.60844446097977 -55.21326879587952 125.44509 158.80374 42.81879803724181 -53.19355027294389 8.379237 -6.424215 0.29588825 42.81883955023606 -53.19356934109342 42.689246533791554 -53.07217222092814 65.89211492508946 176.84431696099597 5400.0 5400.0 2016.0 1 131 {-999.0 18.071424 17.747734 17.652206 -999.0} sdss_psfmag_gaia 18.037384 17.761992 17.331161 -999.0 63050395801414340 975992568 "" ops_std_boss ops_std standard_boss 0 0 0.0 0.0 -999 ""
FIBERMAP 1061 R+9C10 METROLOGY 0 0 0 1 0 0 3.3558136133386336 175.32773977888237 143.1 -166.6742575135706 -54.481857222828786 125.44509 158.80374 -999.0 -999.0 -999.0 -999.0 -999.0 42.81849837427019 -53.19132991317786 42.68892055017079 -53.06995989400852 65.8943358308899 176.8443609265353 -999.0 6231.0 -999.0 -1 -999 {-999.0 -999.0 -999.0 -999.0 -999.0} "" -999.0 -999.0 -999.0 -999.0 -999 -999 "" "" "" "" 0 0 0.0 0.0 -999 ""
FIBERMAP 1062 R-12C6 APOGEE 0 0 0 1 0 0 -48.445730063451165 -214.1423662235865 143.1 218.1552392566798 24.66412936764 144.56087 66.16011 -999.0 -999.0 -999.0 -999.0 -999.0 44.75737373678176 -52.9459022252739 44.6231823167343 -52.8280513614011 65.99871428938438 173.93513892186087 -999.0 16600.0 -999.0 2 -999 {-999.0 -999.0 -999.0 -999.0 -999.0} "" -999.0 -999.0 -999.0 -999.0 -999 -999 "" "" "" "" 0 0 0.0 0.0 -999 ""
FIBERMAP 1062 R-12C6 BOSS 1 1 0 1 0 0 -47.83346560728133 -213.82065594408246 143.1 217.65010846600288 25.136537358751905 144.56087 66.16011 44.754902935016425 -52.94458795314342 0.20309179 0.39682323 -0.21566653 44.75490393538757 -52.94458677530493 44.6207021299169 -52.82663752902922 66.00034059884158 173.9382485865401 5400.0 5400.0 2016.0 1 365 {-999.0 19.122557 19.061785 18.829235 18.600895} sdss_psfmag_from_lsdr10 18.98934 18.78022 18.35579 -999.0 63050395801550560 1131242626 dark_flexible_3x1 bhm_spiders_agn_lsdr10_d3 bhm_spiders science 0 0 0.0 0.0 -999 ""
FIBERMAP 1062 R-12C6 METROLOGY 0 0 0 1 0 0 -47.79430108750725 -214.50997811960832 143.1 218.28819207657142 25.40018394044423 144.56087 66.16011 -999.0 -999.0 -999.0 -999.0 -999.0 44.75811375023362 -52.94372374798814 44.62391353232391 -52.825807188664776 66.00086449214274 173.93322164003413 -999.0 6231.0 -999.0 -1 -999 {-999.0 -999.0 -999.0 -999.0 -999.0} "" -999.0 -999.0 -999.0 -999.0 -999 -999 "" "" "" "" 0 0 0.0 0.0 -999 ""
FIBERMAP 1065 R-10C5 APOGEE 0 0 0 1 1 0 -74.2663881338088 -202.83431054195657 143.1 215.9667711126241 -3.43790961892904 3.4749146 79.46347 -999.0 -999.0 -999.0 -999.0 -999.0 44.74902680990672 -53.031119336276454 44.614440713000306 -52.91323052403573 65.91533616536417 173.9798223063596 -999.0 16600.0 -999.0 2 -999 {-999.0 -999.0 -999.0 -999.0 -999.0} "" -999.0 -999.0 -999.0 -999.0 -999 -999 "" "" "" "" 0 0 0.0 0.0 -999 ""
FIBERMAP 1065 R-10C5 BOSS 1 0 0 1 1 0 -74.35376790867741 -203.5469289181603 143.1 216.66846454238203 -3.2861049705242498 3.4749146 79.46347 44.79164179259989 -53.1019184610673 -999.0 -999.0 -999.0 44.752628088437824 -53.030715778936646 44.61800914629515 -52.91273876041785 65.91549477869273 173.97442727052754 5400.0 5400.0 2016.0 1 423 {-999.0 23.141655 21.729042 21.078997 20.610634} sdss_fiber2mag_from_lsdr10 1e+20 1e+20 1e+20 -999.0 63050398819815346 1131242627 dark_flexible_3x1 bhm_spiders_agn_lsdr10_d3 bhm_spiders science 0 0 0.0 0.0 -999 ""
FIBERMAP 1065 R-10C5 METROLOGY 0 0 0 1 1 0 -74.95449053386454 -203.12759078989976 143.1 216.469990876978 -3.9912835026882205 3.4749146 79.46347 -999.0 -999.0 -999.0 -999.0 -999.0 44.75174581328308 -53.03283553480289 44.61712588643178 -52.9148832087889 65.91345638107947 173.97651696936006 -999.0 6231.0 -999.0 -1 -999 {-999.0 -999.0 -999.0 -999.0 -999.0} "" -999.0 -999.0 -999.0 -999.0 -999 -999 "" "" "" "" 0 0 0.0 0.0 -999 ""
FIBERMAP 1066 R-11C10 APOGEE 0 0 0 1 0 0 31.615752569371075 -232.75284295510687 143.1 209.40439026403865 106.38967553215411 309.85034 61.80972 -999.0 -999.0 -999.0 -999.0 -999.0 44.70580399583365 -52.69903237691827 44.57296881782315 -52.5811565201627 66.2473595130903 173.91627150110443 -999.0 16600.0 -999.0 2 175 {-999.0 -999.0 -999.0 -999.0 -999.0} "" -999.0 -999.0 -999.0 -999.0 -999 -999 "" ops_sky_apogee_best_unassigned ops_sky sky_apogee 0 0 0.0 0.0 -999 ""
FIBERMAP 1066 R-11C10 BOSS 1 1 0 1 0 0 30.8939850933238 -232.90889729098507 143.1 209.78909037946084 105.75938767025454 309.85034 61.80972 44.70785125382526 -52.700998294543645 -999.0 -999.0 -999.0 44.70785125382526 -52.700998294543645 44.574976883791365 -52.583032286259574 66.24531956448836 173.91398828183065 5400.0 5400.0 2016.0 1 417 {-999.0 21.032246 20.871563 20.728752 20.593334} sdss_psfmag_from_gdr3 20.72294 20.862328 20.075733 -999.0 63050395801550759 1128714845 dark_flexible_3x1 bhm_spiders_agn_gaiadr3_d3 bhm_spiders science 0 0 0.0 0.0 -999 ""
FIBERMAP 1066 R-11C10 METROLOGY 0 0 0 1 0 0 31.09762046615055 -232.21656079681458 143.1 209.0683232153641 105.72403808025074 309.85034 61.80972 -999.0 -999.0 -999.0 -999.0 -999.0 44.70432136693093 -52.701093156948914 44.57146355747045 -52.58314727305317 66.24553151438934 173.9192692530874 -999.0 6231.0 -999.0 -1 -999 {-999.0 -999.0 -999.0 -999.0 -999.0} "" -999.0 -999.0 -999.0 -999.0 -999 -999 "" "" "" "" 0 0 0.0 0.0 -999 ""
FIBERMAP 1067 R+3C14 APOGEE 0 0 1 1 0 0 34.40171855107534 66.00527168276852 143.1 -73.64400391119786 10.783550626017098 10.005702 170.04305 -999.0 -999.0 -999.0 -999.0 -999.0 43.28956222533515 -52.99488602412985 43.15950341175477 -52.87444728192182 66.0637827706074 176.10811731050538 -999.0 16600.0 -999.0 2 122 {-999.0 -999.0 -999.0 -999.0 -999.0} "" -999.0 -999.0 -999.0 -999.0 -999 -999 "" ops_sky_apogee_best_unassigned ops_sky sky_apogee 0 0 0.0 0.0 -999 ""
FIBERMAP 1067 R+3C14 BOSS 1 0 1 1 0 0 35.13067294467236 65.91014942327979 143.1 -73.79386851879731 11.50321684736352 10.005702 170.04305 43.34879147579823 -53.05061416080055 24.12544 2.5592382 0.5533226 43.28875771215109 -52.99278760608944 43.15869582304617 -52.87225333312932 66.0660140174299 176.10878122513427 5400.0 5400.0 2016.0 1 102 {-999.0 16.380795 16.002296 15.884689 -999.0} sdss_psfmag_gaia 16.320591 16.024015 15.555054 14.657 63050395801414484 1136826501 dark_flexible_3x1 mwm_halo_local_high_boss_triple mwm_halo science 0 0 0.7850859761238098 0.0 -999 ""
FIBERMAP 1067 R+3C14 METROLOGY 0 0 1 1 0 0 34.690282956407216 65.30874488304961 143.1 -73.08112378895389 11.285087077382396 10.005702 170.04305 -999.0 -999.0 -999.0 -999.0 -999.0 43.29233339306873 -52.99342687475412 43.162262077633955 -52.8729254435769 66.06513339079427 176.10366406313003 -999.0 6231.0 -999.0 -1 -999 {-999.0 -999.0 -999.0 -999.0 -999.0} "" -999.0 -999.0 -999.0 -999.0 -999 -999 "" "" "" "" 0 0 0.0 0.0 -999 ""
FIBERMAP 1072 R-5C17 APOGEE 0 0 0 1 0 0 122.63381812563652 -74.92549144195762 143.1 30.43170142910257 140.44613623733298 171.1426 13.703954 -999.0 -999.0 -999.0 -999.0 -999.0 43.8111732175515 -52.60113734598766 43.68143287031364 -52.481710900917925 66.41969722293189 175.22109316918156 -999.0 16600.0 -999.0 2 -999 {-999.0 -999.0 -999.0 -999.0 -999.0} "" -999.0 -999.0 -999.0 -999.0 -999 -999 "" "" "" "" 0 0 0.0 0.0 -999 ""
FIBERMAP 1072 R-5C17 BOSS 1 1 0 1 0 0 123.36576429101572 -74.85471983870173 143.1 30.12419115221222 141.11407884724017 171.1426 13.703954 43.809668803847714 -52.59915397113913 -1.7071426 2.0277786 -0.65657026 43.809660461419185 -52.59914795234874 43.67991565077391 -52.479626493107304 66.42187718690013 175.2227633821674 5400.0 5400.0 2016.0 1 296 {-999.0 nan nan nan nan} undefined 20.464073 20.97538 20.544355 -999.0 63050395801551923 1130304810 dark_flexible_3x1 bhm_gua_dark_d3 bhm_filler science 0 0 0.0 0.0 -999 ""
FIBERMAP 1072 R-5C17 METROLOGY 0 0 0 1 0 0 123.06658088360119 -75.53558537908117 143.1 30.865543633411832 141.0554257647526 171.1426 13.703954 -999.0 -999.0 -999.0 -999.0 -999.0 43.81336470135062 -52.59927392723798 43.68361354214767 -52.479785232864636 66.42145011688675 175.21722087641598 -999.0 6231.0 -999.0 -1 -999 {-999.0 -999.0 -999.0 -999.0 -999.0} "" -999.0 -999.0 -999.0 -999.0 -999 -999 "" "" "" "" 0 0 0.0 0.0 -999 ""
FIBERMAP 1073 R+13C13 APOGEE 0 0 0 1 0 0 120.88092536640417 238.12417851413522 143.1 -264.62046888968456 35.854417697668595 268.7998 107.6904 -999.0 -999.0 -999.0 -999.0 -999.0 42.33339933477158 -52.914026488460664 42.20661116453948 -52.79197451465122 66.1923940102314 177.50958603127145 -999.0 16600.0 -999.0 2 58 {-999.0 -999.0 -999.0 -999.0 -999.0} "" -999.0 -999.0 -999.0 -999.0 -999 -999 "" ops_sky_apogee_best_unassigned ops_sky sky_apogee 0 0 0.0 0.0 -999 ""
FIBERMAP 1073 R+13C13 BOSS 1 1 0 1 0 0 120.15663298724147 237.88153387905098 143.1 -264.15316696466175 35.25021789376304 268.7998 107.6904 42.335684259958896 -52.915968168767876 -999.0 -999.0 -999.0 42.335684259958896 -52.915968168767876 42.20887030395275 -52.79382511469551 66.19046117633704 177.50649692532755 5400.0 5400.0 2016.0 1 96 {-999.0 21.917397 20.507627 19.969261 19.603905} sdss_fiber2mag_from_lsdr10 20.335932 21.389822 18.877495 -999.0 63050395801432127 1128178959 dark_flexible_3x1 bhm_spiders_clusters_lsdr10_d3 bhm_spiders science 0 0 0.0 0.0 -999 ""
FIBERMAP 1073 R+13C13 METROLOGY 0 0 0 1 0 0 120.32569397142282 238.62753720664114 143.1 -264.9132457374299 35.164571347013585 268.7998 107.6904 -999.0 -999.0 -999.0 -999.0 -999.0 42.331814199321194 -52.91616021302173 42.205013881973 -52.79403731552506 66.19039594268979 177.51229488486493 -999.0 6231.0 -999.0 -1 -999 {-999.0 -999.0 -999.0 -999.0 -999.0} "" -999.0 -999.0 -999.0 -999.0 -999 -999 "" "" "" "" 0 0 0.0 0.0 -999 ""
FIBERMAP 1075 R-7C7 APOGEE 0 0 0 1 0 0 -72.165911877819 -120.86331138306376 143.1 137.86675814724796 -28.407866138233167 89.49159 92.04471 -999.0 -999.0 -999.0 -999.0 -999.0 44.35839544393125 -53.11049811602335 44.22457779073494 -52.99189516123956 65.871487829524 174.57672108727928 -999.0 16600.0 -999.0 2 267 {-999.0 -999.0 -999.0 -999.0 -999.0} "" -999.0 -999.0 -999.0 -999.0 -999 -999 "" ops_sky_apogee_best_unassigned ops_sky sky_apogee 0 0 0.0 0.0 -999 ""
FIBERMAP 1075 R-7C7 BOSS 1 1 0 1 0 0 -71.42935769960985 -120.84288777234252 143.1 137.6052788150742 -27.719016622588697 89.49159 92.04471 44.35646974248743 -53.10849851224866 3.4349732 -9.361162 0.25001702 44.357165145253944 -53.1085262977609 44.223339055453096 -52.9898266076048 65.87363916849549 174.57783322825395 5400.0 5400.0 2016.0 1 362 {-999.0 14.4339485 13.821934 13.563462 -999.0} sdss_psfmag_from_g3xp 14.276209 13.8337145 13.219628 11.946 63050395801549874 1133514342 dark_flexible_3x1 mwm_halo_nmp_xp_boss_triple mwm_halo science 0 0 1.4661208391189575 0.0 -999 ""
FIBERMAP 1075 R-7C7 METROLOGY 0 0 0 1 0 0 -71.76203498421941 -121.4935793986665 143.1 138.3291499416611 -27.819221385187646 89.49159 92.04471 -999.0 -999.0 -999.0 -999.0 -999.0 44.36083933585846 -53.10877742159911 44.227007137762655 -52.99011108328196 65.87305413505112 174.57257814594024 -999.0 6231.0 -999.0 -1 -999 {-999.0 -999.0 -999.0 -999.0 -999.0} "" -999.0 -999.0 -999.0 -999.0 -999 -999 "" "" "" "" 0 0 0.0 0.0 -999 ""
FIBERMAP 1076 R-13C6 APOGEE 1 1 0 1 0 0 -43.84735291410869 -253.93491756366336 143.1 254.22131818825952 42.091116336661194 165.32382 139.46283 44.93537826340013 -52.891012141356576 9.757816 -50.856174 18.23441 44.93542626831004 -52.89116309107853 44.80098769856639 -52.77364643208199 66.03564166010796 173.65298899311256 16000.0 16600.0 2016.0 2 263 {-999.0 12.613154 11.361378 10.829148 -999.0} sdss_psfmag_from_g3xp 12.131051 11.336704 10.461102 8.75 63050395801546043 984821770 bright_1x1 mwm_snc_100pc_apogee mwm_snc science 0 0 0.0 0.0 -999 ""
FIBERMAP 1076 R-13C6 BOSS 0 0 0 1 0 0 -44.284950310187796 -253.30916010627422 143.1 253.7742738498715 41.47211076946255 165.32382 139.46283 -999.0 -999.0 -999.0 -999.0 -999.0 44.933318813596095 -52.89315507072333 44.798844280074604 -52.77553821897837 66.03398131747831 173.65688434680177 -999.0 5400.0 -999.0 1 357 {-999.0 -999.0 -999.0 -999.0 -999.0} "" -999.0 -999.0 -999.0 -999.0 -999 -999 "" "" "" "" 0 0 0.0 0.0 -999 ""
FIBERMAP 1076 R-13C6 METROLOGY 0 0 0 1 0 0 -43.52842570106894 -253.24778261815857 143.1 253.46755307324145 42.16635299472148 165.32382 139.46283 -999.0 -999.0 -999.0 -999.0 -999.0 44.93178521854001 -52.89103815265118 44.79733273092296 -52.77344580451626 66.03619290309176 173.65828409926263 -999.0 6231.0 -999.0 -1 -999 {-999.0 -999.0 -999.0 -999.0 -999.0} "" -999.0 -999.0 -999.0 -999.0 -999 -999 "" "" "" "" 0 0 0.0 0.0 -999 ""
FIBERMAP 1077 R-13C11 APOGEE 0 0 0 1 0 0 61.337729111554 -263.46942303892797 143.1 228.63848062650536 144.55779846137582 268.2219 49.47554 -999.0 -999.0 -999.0 -999.0 -999.0 44.79711186859279 -52.58292656376521 44.664572827047266 -52.46524462981812 66.3532623123552 173.73469388491156 -999.0 16600.0 -999.0 2 159 {-999.0 -999.0 -999.0 -999.0 -999.0} "" -999.0 -999.0 -999.0 -999.0 -999 -999 "" ops_sky_apogee_best_unassigned ops_sky sky_apogee 0 0 0.0 0.0 -999 ""
FIBERMAP 1077 R-13C11 BOSS 1 1 0 1 0 0 60.79717152044931 -262.9799870633625 143.1 228.3540266896396 143.88638736223467 268.2219 49.47554 44.79579603982686 -52.58506057038982 0.40848115 0.31627414 -1.3183424 44.79579803534227 -52.58505963163466 44.663228393395144 -52.467282044876825 66.35137831827524 173.73750622457004 5400.0 5400.0 2016.0 1 351 {-999.0 20.59332 20.419744 20.384964 -999.0} sdss_psfmag_gaia 20.552938 20.408411 20.012478 -999.0 63050395801553330 1128094044 dark_flexible_3x1 bhm_csc_boss_d3 bhm_csc science 0 0 0.0 0.0 -999 ""
FIBERMAP 1077 R-13C11 METROLOGY 0 0 0 1 0 0 61.49686671906275 -262.7388462318148 143.1 227.8962328782444 144.46785328875563 268.2219 49.47554 -999.0 -999.0 -999.0 -999.0 -999.0 44.79353099543482 -52.583272098084656 44.660983409378446 -52.465517239814986 66.35333546997742 173.7401851686942 -999.0 6231.0 -999.0 -1 -999 {-999.0 -999.0 -999.0 -999.0 -999.0} "" -999.0 -999.0 -999.0 -999.0 -999 -999 "" "" "" "" 0 0 0.0 0.0 -999 ""
FIBERMAP 1079 R+9C17 APOGEE 0 0 0 1 0 0 154.18079884866373 179.746820495752 143.1 -220.4413912936835 86.49669104114672 172.82567 103.25275 -999.0 -999.0 -999.0 -999.0 -999.0 42.55714346511917 -52.76250646285177 42.430382611122354 -52.64087487988826 66.33403362841318 177.14835332332387 -999.0 16600.0 -999.0 2 -999 {-999.0 -999.0 -999.0 -999.0 -999.0} "" -999.0 -999.0 -999.0 -999.0 -999 -999 "" "" "" "" 0 0 0.0 0.0 -999 ""
FIBERMAP 1079 R+9C17 BOSS 1 1 0 1 0 0 154.07073529581294 180.4508272960075 143.1 -221.07002945425515 86.16126236626953 172.82567 103.25275 42.55341049577025 -52.76358286421673 16.11995 -0.1685333 2.466879 42.55395528411609 -52.763583364425784 42.42718891586113 -52.64185259729259 66.33319724628875 177.1533432673607 5400.0 5400.0 2016.0 1 251 {-999.0 16.906174 15.626604 15.058 -999.0} sdss_psfmag_gaia 16.426226 15.581826 14.681638 12.94 63050395801432765 1120938626 bright_1x1 openfibertargets_mwm_snc_further_ext_boss open_fiber science 0 0 1.0145071744918823 0.0 -999 ""
FIBERMAP 1079 R+9C17 METROLOGY 0 0 0 1 0 0 154.77911883044862 180.1957207254167 143.1 -221.0620487587924 86.91410821552718 172.82567 103.25275 -999.0 -999.0 -999.0 -999.0 -999.0 42.55398980414286 -52.761266053680814 42.42723626232254 -52.639562277563144 66.33547963412731 177.15286343391475 -999.0 6231.0 -999.0 -1 -999 {-999.0 -999.0 -999.0 -999.0 -999.0} "" -999.0 -999.0 -999.0 -999.0 -999 -999 "" "" "" "" 0 0 0.0 0.0 -999 ""
FIBERMAP 1082 R-2C22 APOGEE 0 0 0 1 0 0 191.70255265885052 -43.68752084637699 143.1 -21.778930576561706 195.39960939743628 187.6318 133.1113 -999.0 -999.0 -999.0 -999.0 -999.0 43.55014703314997 -52.4355599101969 43.4219543570386 -52.315723326121656 66.60280367579853 175.5677555024499 -999.0 16600.0 -999.0 2 -999 {-999.0 -999.0 -999.0 -999.0 -999.0} "" -999.0 -999.0 -999.0 -999.0 -999 -999 "" "" "" "" 0 0 0.0 0.0 -999 ""
FIBERMAP 1082 R-2C22 BOSS 1 1 0 1 0 0 191.12178917383693 -43.24408034168637 143.1 -22.006728253655016 194.7053539897159 187.6318 133.1113 43.54893130453629 -52.437682439633654 19.051064 -2.6715925 0.37848002 43.549024061374205 -52.437690369335925 43.42080812370988 -52.31775908451068 66.60085783374895 175.57007574102826 5400.0 5400.0 2016.0 1 311 {-999.0 17.70451 17.368881 17.268549 -999.0} sdss_psfmag_gaia 17.662714 17.384851 16.943527 15.758 63050395801569984 975992593 "" ops_std_boss ops_std standard_boss 0 0 0.0 0.0 -999 ""
FIBERMAP 1082 R-2C22 METROLOGY 0 0 0 1 0 0 191.80827632496025 -42.94703403135568 143.1 -22.512973377232903 195.2559641634536 187.6318 133.1113 -999.0 -999.0 -999.0 -999.0 -999.0 43.54649569250801 -52.435979965717976 43.41829978003216 -52.316070848002575 66.60270510047958 175.5734436586081 -999.0 6231.0 -999.0 -1 -999 {-999.0 -999.0 -999.0 -999.0 -999.0} "" -999.0 -999.0 -999.0 -999.0 -999 -999 "" "" "" "" 0 0 0.0 0.0 -999 ""
FIBERMAP 1084 R-6C17 APOGEE 0 0 0 1 0 0 125.63752641266753 -97.26905208199722 143.1 50.54417643709728 150.62965453768877 179.08752 33.217094 -999.0 -999.0 -999.0 -999.0 -999.0 43.91123248001505 -52.57002244052903 43.78134507714606 -52.45077932985405 66.4429983825749 175.06058533473558 -999.0 16600.0 -999.0 2 209 {-999.0 -999.0 -999.0 -999.0 -999.0} "" -999.0 -999.0 -999.0 -999.0 -999 -999 "" "" "" "" 0 0 0.0 0.0 -999 ""
FIBERMAP 1084 R-6C17 BOSS 1 1 0 1 0 0 126.23227523590195 -96.84095965685056 143.1 49.94434308994358 151.050541268537 179.08752 33.217094 43.908278384311174 -52.56878893984581 -999.0 -999.0 -999.0 43.908278384311174 -52.56878893984581 43.77838660682014 -52.44944822719746 66.4445419648093 175.06465109028778 5400.0 5400.0 2016.0 1 295 {-999.0 19.424726 18.584541 18.23204 17.902126} sdss_fiber2mag_from_lsdr10 18.364082 20.00929 16.96593 14.892 63050395801552473 1057825613 dark_flexible_2x1 bhm_spiders_clusters_lsdr10 bhm_spiders science 0 0 0.0 0.0 -999 ""
FIBERMAP 1084 R-6C17 METROLOGY 0 0 0 1 0 0 126.31603870758624 -97.58885653762383 143.1 50.62307680238959 151.37556530312133 179.08752 33.217094 -999.0 -999.0 -999.0 -999.0 -999.0 43.91165626309209 -52.56775108859665 43.781764801438726 -52.4484428595352 66.44528534089363 175.05922776918567 -999.0 6231.0 -999.0 -1 -999 {-999.0 -999.0 -999.0 -999.0 -999.0} "" -999.0 -999.0 -999.0 -999.0 -999 -999 "" "" "" "" 0 0 0.0 0.0 -999 ""
FIBERMAP 1088 R+6C21 APOGEE 0 0 0 1 0 0 233.40565666709196 112.956465358343 143.1 -183.41845983198985 183.2745826900508 309.36963 143.51865 -999.0 -999.0 -999.0 -999.0 -999.0 42.747681300863576 -52.471171790044366 42.62169643041068 -52.34994325155821 66.61530306323964 176.8021505321859 -999.0 16600.0 -999.0 2 88 {-999.0 -999.0 -999.0 -999.0 -999.0} "" -999.0 -999.0 -999.0 -999.0 -999 -999 "" ops_sky_apogee_best_unassigned ops_sky sky_apogee 0 0 0.0 0.0 -999 ""
FIBERMAP 1088 R+6C21 BOSS 1 1 0 1 0 0 233.4407667565981 112.22335235578807 143.1 -182.73768917056879 183.5487996824495 309.36963 143.51865 42.75106873945681 -52.47045007311755 0.24058376 2.1387503 0.2372252 42.75106991169545 -52.470443724944694 42.62506628705065 -52.349128774942216 66.61595040914573 176.7968167880222 5400.0 5400.0 2016.0 1 262 {-999.0 21.43653 21.020771 20.622864 20.357534} sdss_fiber2mag_from_lsdr10 20.897015 20.71617 19.72069 -999.0 63050395801433024 1131246781 dark_flexible_3x1 bhm_spiders_agn_lsdr10_d3 bhm_spiders science 0 0 0.0 0.0 -999 ""
FIBERMAP 1088 R+6C21 METROLOGY 0 0 0 1 0 0 232.7814262595822 112.54920624104201 143.1 -182.828606349301 182.81900464882784 309.36963 143.51865 -999.0 -999.0 -999.0 -999.0 -999.0 42.750513838493596 -52.47258174300803 42.624505357779015 -52.35129142834876 66.61382208585079 176.79811302179272 -999.0 6231.0 -999.0 -1 -999 {-999.0 -999.0 -999.0 -999.0 -999.0} "" -999.0 -999.0 -999.0 -999.0 -999 -999 "" "" "" "" 0 0 0.0 0.0 -999 ""
FIBERMAP 1089 R+7C13 APOGEE 0 0 0 1 0 0 49.37741914291565 122.41133608738781 143.1 -131.83536861896843 6.378527522754903 256.78967 102.72496 -999.0 -999.0 -999.0 -999.0 -999.0 42.996345334489725 -53.00751102163777 42.86711041765767 -52.88656391482548 66.0681030338816 176.5439631724569 -999.0 16600.0 -999.0 2 91 {-999.0 -999.0 -999.0 -999.0 -999.0} "" -999.0 -999.0 -999.0 -999.0 -999 -999 "" ops_sky_apogee_best_unassigned ops_sky sky_apogee 0 0 0.0 0.0 -999 ""
FIBERMAP 1089 R+7C13 BOSS 1 1 0 1 0 0 48.64721118285485 122.37636644521012 143.1 -131.56223948837896 5.700454057502473 256.78967 102.72496 42.99760427303433 -53.00966514874531 -999.0 -999.0 -999.0 42.99760427303433 -53.00966514874531 42.86834158001101 -52.88862481714104 66.06598510156216 176.5425829547809 5400.0 5400.0 2015.5 1 156 {-999.0 -999.0 -999.0 -999.0 -999.0} "" -999.0 -999.0 -999.0 -999.0 27021603157674927 813517603 "" ops_sky_boss_good ops_sky sky_boss 0 0 0.0 0.0 -999 ""
FIBERMAP 1089 R+7C13 METROLOGY 0 0 0 1 0 0 48.99007097421295 123.04237814368798 143.1 -132.30392632160542 5.805237157667103 256.78967 102.72496 -999.0 -999.0 -999.0 -999.0 -999.0 42.9938485504016 -53.009305503594454 42.86460280611226 -52.888285689078735 66.06651994950707 176.5480493466184 -999.0 6231.0 -999.0 -1 -999 {-999.0 -999.0 -999.0 -999.0 -999.0} "" -999.0 -999.0 -999.0 -999.0 -999 -999 "" "" "" "" 0 0 0.0 0.0 -999 ""
FIBERMAP 1090 R+2C22 APOGEE 0 0 0 1 0 0 220.5877338944344 30.62202484269258 143.1 -101.45114132839008 198.2430213312447 31.794807 48.41532 -999.0 -999.0 -999.0 -999.0 -999.0 43.15452357402638 -52.42699311745264 43.02753673078911 -52.30647436208772 66.6368521952088 176.16977723207344 -999.0 16600.0 -999.0 2 -999 {-999.0 -999.0 -999.0 -999.0 -999.0} "" -999.0 -999.0 -999.0 -999.0 -999 -999 "" "" "" "" 0 0 0.0 0.0 -999 ""
FIBERMAP 1090 R+2C22 BOSS 1 1 0 1 0 0 220.49787579046028 29.876848216229924 143.1 -100.71788658561012 198.40319130828624 31.794807 48.41532 43.15814925142172 -52.42656811220513 -999.0 -999.0 -999.0 43.15814925142172 -52.42656811220513 43.03113919906947 -52.30596352015949 66.63715010253031 176.16412497379605 5400.0 5400.0 2015.5 1 232 {-999.0 -999.0 -999.0 -999.0 -999.0} "" -999.0 -999.0 -999.0 -999.0 27021603157773291 821481065 "" ops_sky_boss_good ops_sky sky_boss 0 0 0.0 0.0 -999 ""
FIBERMAP 1090 R+2C22 METROLOGY 0 0 0 1 0 0 219.88946165019908 30.353856817516792 143.1 -100.96829227134404 197.67178620052104 31.794807 48.41532 -999.0 -999.0 -999.0 -999.0 -999.0 43.15685436158551 -52.42871526227406 43.02984227135437 -52.308133983368194 66.6350654369714 176.16663886299722 -999.0 6231.0 -999.0 -1 -999 {-999.0 -999.0 -999.0 -999.0 -999.0} "" -999.0 -999.0 -999.0 -999.0 -999 -999 "" "" "" "" 0 0 0.0 0.0 -999 ""
FIBERMAP 1097 R-1C6 APOGEE 0 0 0 1 0 0 -155.02091354397615 -17.594074748151442 143.1 67.58864033850182 -140.60879896904606 7.9721155 116.40716 -999.0 -999.0 -999.0 -999.0 -999.0 44.00753137726158 -53.45293010441803 43.87308021719281 -53.33361682093007 65.56006401681044 175.19282338886026 -999.0 16600.0 -999.0 2 -999 {-999.0 -999.0 -999.0 -999.0 -999.0} "" -999.0 -999.0 -999.0 -999.0 -999 -999 "" "" "" "" 0 0 0.0 0.0 -999 ""
FIBERMAP 1097 R-1C6 BOSS 1 1 0 1 0 0 -154.58764909260944 -18.355373207668208 143.1 68.16510761466193 -139.94931689511563 7.9721155 116.40716 44.01051361956659 -53.45107537749939 -999.0 -999.0 -999.0 44.010513619566595 -53.45107537749939 43.8760425886228 -53.33167112943463 65.56177778531006 175.1880024923963 5400.0 5400.0 2016.0 1 461 {-999.0 21.266647 20.704758 20.223581 19.799538} sdss_psfmag_from_gaiadr2 21.526926 20.902725 20.101711 -999.0 63050395801549538 1130304758 dark_flexible_3x1 bhm_gua_dark_d3 bhm_filler science 0 0 0.0 0.0 -999 ""
FIBERMAP 1097 R-1C6 METROLOGY 0 0 0 1 0 0 -155.32998449207744 -18.275230652358296 143.1 68.33351822645747 -140.67669387679226 7.9721155 116.40716 -999.0 -999.0 -999.0 -999.0 -999.0 44.011402689942486 -53.45326023494498 43.87692380408271 -53.333884348106054 65.5595166816387 175.18739734677303 -999.0 6231.0 -999.0 -1 -999 {-999.0 -999.0 -999.0 -999.0 -999.0} "" -999.0 -999.0 -999.0 -999.0 -999 -999 "" "" "" "" 0 0 0.0 0.0 -999 ""
FIBERMAP 1102 R+4C17 APOGEE 0 0 0 1 0 0 128.4146658394066 73.96445164582705 143.1 -112.0734094877912 96.94758477288316 12.4901 89.02242 -999.0 -999.0 -999.0 -999.0 -999.0 43.098396002426696 -52.73312972538152 42.97014852276652 -52.61243199368937 66.33552801876976 176.32902504739647 -999.0 16600.0 -999.0 2 66 {-999.0 -999.0 -999.0 -999.0 -999.0} "" -999.0 -999.0 -999.0 -999.0 -999 -999 "" ops_sky_apogee_best_unassigned ops_sky sky_apogee 0 0 0.0 0.0 -999 ""
FIBERMAP 1102 R+4C17 BOSS 1 1 0 1 0 0 128.5792480878852 73.23588280480789 143.1 -111.43950288613348 97.342574636605 12.4901 89.02242 43.101517616134 -52.73199385325655 -1.3310577 1.5021274 0.51786685 43.101511091747255 -52.731989394688036 42.97324559179878 -52.611203825781374 66.33657742575262 176.3240773531274 5400.0 5400.0 2016.0 1 218 {-999.0 21.08295 21.145372 20.788033 20.642704} sdss_fiber2mag_from_lsdr10 20.825575 20.713533 20.038774 -999.0 63050395801432492 1131244698 dark_flexible_3x1 bhm_spiders_agn_lsdr10_d3 bhm_spiders science 0 0 0.0 0.0 -999 ""
FIBERMAP 1102 R+4C17 METROLOGY 0 0 0 1 0 0 127.86629911650581 73.46170421297622 143.1 -111.41832693148079 96.59504690496482 12.4901 89.02242 -999.0 -999.0 -999.0 -999.0 -999.0 43.10156978477162 -52.734217783439725 42.97329747669312 -52.613458167815345 66.33432980272326 176.32451771960683 -999.0 6231.0 -999.0 -1 -999 {-999.0 -999.0 -999.0 -999.0 -999.0} "" -999.0 -999.0 -999.0 -999.0 -999 -999 "" "" "" "" 0 0 0.0 0.0 -999 ""
FIBERMAP 1110 R-12C9 APOGEE 0 0 0 1 0 0 32.949867731112214 -248.23960908030023 143.1 223.59064155375987 112.74187542648801 343.6676 70.6469 -999.0 -999.0 -999.0 -999.0 -999.0 44.77558540640679 -52.67919210738418 44.642642742988016 -52.561445822197 66.2603192080312 173.80483284078423 -999.0 16600.0 -999.0 2 -999 {-999.0 -999.0 -999.0 -999.0 -999.0} "" -999.0 -999.0 -999.0 -999.0 -999 -999 "" "" "" "" 0 0 0.0 0.0 -999 ""
FIBERMAP 1110 R-12C9 BOSS 1 1 0 1 0 0 32.53432199155778 -248.85441582034096 143.1 224.3078734184016 112.55161421534471 343.6676 70.6469 44.77921420505432 -52.67981850132918 -999.0 -999.0 -999.0 44.77921420505432 -52.67981850132918 44.64623383791432 -52.561985352143836 66.25944719318348 173.79968426945265 5400.0 5400.0 2015.5 1 367 {-999.0 -999.0 -999.0 -999.0 -999.0} "" -999.0 -999.0 -999.0 -999.0 27021603157761494 813531382 "" ops_sky_boss_good ops_sky sky_boss 0 0 0.0 0.0 -999 ""
FIBERMAP 1110 R-12C9 METROLOGY 0 0 0 1 0 0 32.20464758153606 -248.1752262762157 143.1 223.77488344934852 112.01695632039889 343.6676 70.6469 -999.0 -999.0 -999.0 -999.0 -999.0 44.77668374074048 -52.68141179541842 44.643709836766504 -52.56360010305135 66.25809033936162 173.80407188033558 -999.0 6231.0 -999.0 -1 -999 {-999.0 -999.0 -999.0 -999.0 -999.0} "" -999.0 -999.0 -999.0 -999.0 -999 -999 "" "" "" "" 0 0 0.0 0.0 -999 ""
FIBERMAP 1117 R-12C14 APOGEE 0 0 0 1 0 0 147.40280346944334 -218.75758652711676 143.1 158.115096290972 211.1313204548332 91.18144 64.87094 -999.0 -999.0 -999.0 -999.0 -999.0 44.44175889317871 -52.38494347231848 44.31120104890215 -52.26668388752658 66.58205492299217 174.19406232974492 -999.0 16600.0 -999.0 2 233 {-999.0 -999.0 -999.0 -999.0 -999.0} "" -999.0 -999.0 -999.0 -999.0 -999 -999 "" ops_sky_apogee_best_unassigned ops_sky sky_apogee 0 0 0.0 0.0 -999 ""
FIBERMAP 1117 R-12C14 BOSS 1 1 0 1 0 0 148.0878596276296 -219.0141750066897 143.1 158.13214688945874 211.86262436727813 91.18144 64.87094 44.441803848829124 -52.38283303430734 -999.0 -999.0 -999.0 44.44180384882913 -52.38283303430734 44.311234002294306 -52.2644822150797 66.58423055725177 174.1932113215048 5400.0 5400.0 2015.5 1 342 {-999.0 -999.0 -999.0 -999.0 -999.0} "" -999.0 -999.0 -999.0 -999.0 27021603157762430 821480149 "" ops_sky_boss_good ops_sky sky_boss 0 0 0.0 0.0 -999 ""
FIBERMAP 1117 R-12C14 METROLOGY 0 0 0 1 0 0 147.50521340650343 -219.49309182986033 143.1 158.77599671896775 211.46987871059125 91.18144 64.87094 -999.0 -999.0 -999.0 -999.0 -999.0 44.44505926581721 -52.38393060628928 44.31448093350298 -52.265611287381894 66.5828259676539 174.18867449059414 -999.0 6231.0 -999.0 -1 -999 {-999.0 -999.0 -999.0 -999.0 -999.0} "" -999.0 -999.0 -999.0 -999.0 -999 -999 "" "" "" "" 0 0 0.0 0.0 -999 ""
FIBERMAP 1119 R-13C14 APOGEE 0 0 0 1 0 0 137.4418176944312 -237.17391952984838 143.1 178.7819177361155 207.78028266171833 148.20262 83.80405 -999.0 -999.0 -999.0 -999.0 -999.0 44.54413155375113 -52.39438358093124 44.4132319607877 -52.27630278823614 66.56339622416887 174.0422632392123 -999.0 16600.0 -999.0 2 -999 {-999.0 -999.0 -999.0 -999.0 -999.0} "" -999.0 -999.0 -999.0 -999.0 -999 -999 "" "" "" "" 0 0 0.0 0.0 -999 ""
FIBERMAP 1119 R-13C14 BOSS 1 1 0 1 0 0 137.90689732981872 -236.5803367927082 143.1 178.0684411274829 208.02430005745958 148.20262 83.80405 44.54060378656273 -52.3937677082134 -1.0863355 -1.6039501 -1.0047944 44.54059850261901 -52.39377246900874 44.409689572612194 -52.2755936576808 66.5644189117276 174.04738823880194 5400.0 5400.0 2016.0 1 343 {-999.0 20.747705 20.45841 20.297369 20.16379} sdss_psfmag_from_lsdr10 20.630276 20.659101 19.887636 -999.0 63050395801554579 1131246806 dark_flexible_3x1 bhm_spiders_agn_lsdr10_d3 bhm_spiders science 0 0 0.0 0.0 -999 ""
FIBERMAP 1119 R-13C14 METROLOGY 0 0 0 1 0 0 138.1830804825009 -237.27405791319467 143.1 178.63274288469643 208.51322171114006 148.20262 83.80405 -999.0 -999.0 -999.0 -999.0 -999.0 44.54338415501138 -52.392218071223525 44.41248090681103 -52.27407067155512 66.56567181484843 174.04257338803257 -999.0 6231.0 -999.0 -1 -999 {-999.0 -999.0 -999.0 -999.0 -999.0} "" -999.0 -999.0 -999.0 -999.0 -999 -999 "" "" "" "" 0 0 0.0 0.0 -999 ""
FIBERMAP 1120 R-8C16 APOGEE 0 0 0 1 0 0 146.33539111569294 -151.14114296095394 143.1 94.61247122906244 187.8898039405959 14.8198185 121.06669 -999.0 -999.0 -999.0 -999.0 -999.0 44.128842281961646 -52.45661023769559 43.99885489499212 -52.337779416239606 66.53808747695624 174.69433605570222 -999.0 16600.0 -999.0 2 -999 {-999.0 -999.0 -999.0 -999.0 -999.0} "" -999.0 -999.0 -999.0 -999.0 -999 -999 "" "" "" "" 0 0 0.0 0.0 -999 ""
FIBERMAP 1120 R-8C16 BOSS 1 1 0 1 0 0 146.90510059720395 -151.66053488998557 143.1 94.91562841290443 188.59859469390577 14.8198185 121.06669 44.130364259345605 -52.45451260708338 -999.0 -999.0 -999.0 44.130364259345605 -52.45451260708338 44.00036223025656 -52.33559279216089 66.54013293745217 174.69131600297675 5400.0 5400.0 2016.0 1 293 {-999.0 nan nan nan nan} undefined 1e+20 1e+20 1e+20 -999.0 63050396674847410 1131246800 dark_flexible_3x1 bhm_spiders_agn_lsdr10_d3 bhm_spiders science 0 0 0.0 0.0 -999 ""
FIBERMAP 1120 R-8C16 METROLOGY 0 0 0 1 0 0 146.1759125745181 -151.87194034169696 143.1 95.35503938123352 187.97949968098763 14.8198185 121.06669 -999.0 -999.0 -999.0 -999.0 -999.0 44.13259812962964 -52.45631704017304 44.00258670494935 -52.337426799858264 66.53813505968543 174.68854215489156 -999.0 6231.0 -999.0 -1 -999 {-999.0 -999.0 -999.0 -999.0 -999.0} "" -999.0 -999.0 -999.0 -999.0 -999 -999 "" "" "" "" 0 0 0.0 0.0 -999 ""
FIBERMAP 1122 R-6C16 APOGEE 0 0 0 1 0 0 116.95768222790996 -126.16339446303647 143.1 80.68464684747309 151.9338215367461 278.08603 135.05367 -999.0 -999.0 -999.0 -999.0 -999.0 44.061460757413705 -52.565507822484605 43.93115359166586 -52.44652927952263 66.4356748835261 174.83265279236252 -999.0 16600.0 -999.0 2 -999 {-999.0 -999.0 -999.0 -999.0 -999.0} "" -999.0 -999.0 -999.0 -999.0 -999 -999 "" "" "" "" 0 0 0.0 0.0 -999 ""
FIBERMAP 1122 R-6C16 BOSS 1 1 0 1 0 0 116.49658831205575 -126.75979079243763 143.1 81.39946989641224 151.6944932163301 278.08603 135.05367 44.06510460344155 -52.56624813077401 0.09466923 -1.1384164 0.34197897 44.065105065722086 -52.56625150978655 43.934763980748265 -52.447186462691725 66.43473871816396 174.82740730519308 5400.0 5400.0 2016.0 1 291 {-999.0 20.211536 20.108168 19.967945 19.942663} sdss_psfmag_from_gaiadr2 19.991247 20.118368 19.71374 -999.0 63050395801552231 1130304815 dark_flexible_3x1 bhm_gua_dark_d3 bhm_filler science 0 0 0.0 0.0 -999 ""
FIBERMAP 1122 R-6C16 METROLOGY 0 0 0 1 0 0 116.21493221234172 -126.07496013050942 143.1 80.84536345012488 151.20332652643103 278.08603 135.05367 -999.0 -999.0 -999.0 -999.0 -999.0 44.0623777705967 -52.56770376584392 43.93204325756386 -52.448659780146095 66.43349217363853 174.83199655026482 -999.0 6231.0 -999.0 -1 -999 {-999.0 -999.0 -999.0 -999.0 -999.0} "" -999.0 -999.0 -999.0 -999.0 -999 -999 "" "" "" "" 0 0 0.0 0.0 -999 ""
FIBERMAP 1123 R-1C3 APOGEE 0 0 0 1 1 0 -218.5171352877024 -20.58325627330493 143.1 91.29017697077617 -199.58857893278662 22.934921 86.709946 -999.0 -999.0 -999.0 -999.0 -999.0 44.130419120818225 -53.63034295712717 43.994712191252404 -53.511197138965855 65.37484069110452 175.07286795269079 -999.0 16600.0 -999.0 2 248 {-999.0 -999.0 -999.0 -999.0 -999.0} "" -999.0 -999.0 -999.0 -999.0 -999 -999 "" ops_sky_apogee_best_unassigned ops_sky sky_apogee 0 0 0.0 0.0 -999 ""
FIBERMAP 1123 R-1C3 BOSS 1 0 0 1 1 0 -218.23121409200496 -21.30900235549727 143.1 91.88151946646653 -199.07993077055087 22.934921 86.709946 44.24473221328815 -53.6968194413093 -0.23433377 0.034254637 0.48684984 44.133470352095436 -53.62892629535085 43.99774033438757 -53.50968873989259 65.37610945105094 175.06812334723145 5400.0 5400.0 2016.0 1 511 {-999.0 20.131596 20.009777 19.885483 19.84064} sdss_psfmag_from_gaiadr2 20.070412 20.003735 19.681192 -999.0 63050395801544817 1130304668 dark_flexible_3x1 bhm_gua_dark_d3 bhm_filler science 0 0 0.0 0.0 -999 ""
FIBERMAP 1123 R-1C3 METROLOGY 0 0 0 1 1 0 -218.98009753833853 -21.176339160177687 143.1 92.00248531138466 -199.83076113535722 22.934921 86.709946 -999.0 -999.0 -999.0 -999.0 -999.0 44.134133376540646 -53.6311878367599 43.99839594323117 -53.51197845026424 65.37378882326404 175.0678899238238 -999.0 6231.0 -999.0 -1 -999 {-999.0 -999.0 -999.0 -999.0 -999.0} "" -999.0 -999.0 -999.0 -999.0 -999 -999 "" "" "" "" 0 0 0.0 0.0 -999 ""
FIBERMAP 1124 R-4C19 APOGEE 0 0 0 1 0 0 150.81589383602562 -65.16658951413324 143.1 11.949104930667596 163.8509853443422 122.356224 110.81365 -999.0 -999.0 -999.0 -999.0 -999.0 43.7184079441534 -52.53056541136654 43.589274294439974 -52.410996096516925 66.49654856996993 175.33984153027524 -999.0 16600.0 -999.0 2 215 {-999.0 -999.0 -999.0 -999.0 -999.0} "" -999.0 -999.0 -999.0 -999.0 -999 -999 "" ops_sky_apogee_best_unassigned ops_sky sky_apogee 0 0 0.0 0.0 -999 ""
FIBERMAP 1124 R-4C19 BOSS 1 1 0 1 0 0 151.24780031903802 -64.5685338806239 143.1 11.242312271355303 164.06220489439175 122.356224 110.81365 43.7147989513348 -52.529968348305815 21.948454 2.4550285 0.27045017 43.714906039526745 -52.52996106131737 43.58576789120198 -52.41029322183697 66.49749565390864 175.34496331816138 5400.0 5400.0 2016.0 1 307 {-999.0 18.38166 17.991358 17.868986 -999.0} sdss_psfmag_gaia 18.344248 18.01455 17.566 16.132 63050395801552022 977122835 "" ops_std_boss ops_std standard_boss 0 0 0.0 0.0 -999 ""
FIBERMAP 1124 R-4C19 METROLOGY 0 0 0 1 0 0 151.55695624991918 -65.24007972469738 143.1 11.77483075564577 164.5749727708456 122.356224 110.81365 -999.0 -999.0 -999.0 -999.0 -999.0 43.71754777392479 -52.5283600698261 43.58841429475018 -52.40872348903169 66.4988668095935 175.34048439293497 -999.0 6231.0 -999.0 -1 -999 {-999.0 -999.0 -999.0 -999.0 -999.0} "" -999.0 -999.0 -999.0 -999.0 -999 -999 "" "" "" "" 0 0 0.0 0.0 -999 ""
FIBERMAP 1128 R+2C19 APOGEE 0 0 0 1 0 0 150.4358662622326 23.424643029676893 143.1 -71.58709312141208 134.3617122065419 32.4501 17.026552 -999.0 -999.0 -999.0 -999.0 -999.0 43.30162174092078 -52.62010087807606 43.173299170330324 -52.49978402252409 66.43576246348411 175.99504952881864 -999.0 16600.0 -999.0 2 72 {-999.0 -999.0 -999.0 -999.0 -999.0} "" -999.0 -999.0 -999.0 -999.0 -999 -999 "" "" "" "" 0 0 0.0 0.0 -999 ""
FIBERMAP 1128 R+2C19 BOSS 1 1 0 1 0 0 149.96514976949572 22.852071927501733 143.1 -70.89160535649242 134.1054626385333 32.4501 17.026552 43.305055101345786 -52.62091258598094 -999.0 -999.0 -999.0 43.305055101345786 -52.62091258598094 43.176703125302076 -52.50050839652227 66.43483372056707 175.99007438608297 5400.0 5400.0 2016.0 1 229 {-999.0 20.243546 19.35972 18.986748 18.64977} sdss_fiber2mag_from_lsdr10 1e+20 1e+20 1e+20 -999.0 63050398820417397 1128181109 dark_flexible_3x1 bhm_spiders_clusters_lsdr10_d3 bhm_spiders science 0 0 0.0 0.0 -999 ""
FIBERMAP 1128 R+2C19 METROLOGY 0 0 0 1 0 0 149.70584128906322 23.54497038657541 143.1 -71.46067892952091 133.63274709273256 32.4501 17.026552 -999.0 -999.0 -999.0 -999.0 -999.0 43.30218810100387 -52.62230070160716 43.17384248542902 -52.50191754821548 66.43360651916396 175.99476186112153 -999.0 6231.0 -999.0 -1 -999 {-999.0 -999.0 -999.0 -999.0 -999.0} "" -999.0 -999.0 -999.0 -999.0 -999 -999 "" "" "" "" 0 0 0.0 0.0 -999 ""
FIBERMAP 1133 R0C15 APOGEE 1 1 0 1 0 0 12.843811575285585 -13.037933102173696 143.1 8.089099438600956 16.41616484279076 256.43387 92.85468 43.70174029603184 -52.97763218245372 8.015843 3.3980718 0.2810065 43.70177980992778 -52.97762209639516 43.57056742278405 -52.85790323833028 66.05391845125312 175.49572799875153 16000.0 16600.0 2016.0 2 110 {-999.0 13.989181 13.25067 12.985322 -999.0} sdss_psfmag_from_g3xp 13.785761 13.289045 12.636544 11.324 63050395801551319 1104909033 bright_flexible_3x1 mwm_tess_rgb_apogee mwm_tessrgb science 0 0 0.0 0.0 -999 ""
FIBERMAP 1133 R0C15 BOSS 0 0 0 1 0 0 12.111035396538126 -12.88707003861269 143.1 8.187581872401811 15.674560936429728 256.43387 92.85468 -999.0 -999.0 -999.0 -999.0 -999.0 43.70231698616518 -52.97995784516409 43.5710736838368 -52.86014464783114 66.05165681839168 175.495607893166 -999.0 5400.0 -999.0 1 188 {-999.0 -999.0 -999.0 -999.0 -999.0} "" -999.0 -999.0 -999.0 -999.0 -999 -999 "" "" "" "" 0 0 0.0 0.0 -999 ""
FIBERMAP 1133 R0C15 METROLOGY 0 0 0 1 0 0 12.632348650047945 -12.322132379025188 143.1 7.482665624490082 15.981101584692594 256.43387 92.85468 -999.0 -999.0 -999.0 -999.0 -999.0 43.69875087890896 -52.979005853018485 43.56752791948662 -52.85921351509974 66.05282529634363 175.50058712198268 -999.0 6231.0 -999.0 -1 -999 {-999.0 -999.0 -999.0 -999.0 -999.0} "" -999.0 -999.0 -999.0 -999.0 -999 -999 "" "" "" "" 0 0 0.0 0.0 -999 ""
FIBERMAP 1134 R-4C17 APOGEE 0 0 0 1 0 0 101.84157307826699 -83.32221805708943 143.1 45.19801773564872 123.5719682181901 196.24805 128.74522 -999.0 -999.0 -999.0 -999.0 -999.0 43.88547421765399 -52.652006216937544 43.755273335256106 -52.532695939388745 66.36365260784075 175.12508309968754 -999.0 16600.0 -999.0 2 210 {-999.0 -999.0 -999.0 -999.0 -999.0} "" -999.0 -999.0 -999.0 -999.0 -999 -999 "" ops_sky_apogee_best_unassigned ops_sky sky_apogee 0 0 0.0 0.0 -999 ""
FIBERMAP 1134 R-4C17 BOSS 1 1 0 1 0 0 101.23479790492404 -82.89707723312524 143.1 44.99605447967619 122.85916592936336 196.24805 128.74522 43.88454354424469 -52.65420059048378 -999.0 -999.0 -999.0 43.88454354424469 -52.65420059048378 43.75431615385179 -52.53479494760145 66.36164043483667 175.1271638808821 5400.0 5400.0 2015.5 1 297 {-999.0 -999.0 -999.0 -999.0 -999.0} "" -999.0 -999.0 -999.0 -999.0 27021603157761991 813531502 "" ops_sky_boss_good ops_sky sky_boss 0 0 0.0 0.0 -999 ""
FIBERMAP 1134 R-4C17 METROLOGY 0 0 0 1 0 0 101.90849381472263 -82.58082635837096 143.1 44.475879510410174 123.39138188346826 196.24805 128.74522 -999.0 -999.0 -999.0 -999.0 -999.0 43.88192625354901 -52.65255786128015 43.751719722021846 -52.533174484576996 66.3634415789493 175.13058013565774 -999.0 6231.0 -999.0 -1 -999 {-999.0 -999.0 -999.0 -999.0 -999.0} "" -999.0 -999.0 -999.0 -999.0 -999 -999 "" "" "" "" 0 0 0.0 0.0 -999 ""
FIBERMAP 1138 R+7C7 APOGEE 0 0 0 1 0 0 -98.44393233075411 132.29864858117463 143.1 -92.56613062736241 -136.46773820381298 244.7679 50.622025 -999.0 -999.0 -999.0 -999.0 -999.0 43.19199955377617 -53.44128976330969 43.060088165336026 -53.320561859183634 65.6254248828456 176.3576242752781 -999.0 16600.0 -999.0 2 44 {-999.0 -999.0 -999.0 -999.0 -999.0} "" -999.0 -999.0 -999.0 -999.0 -999 -999 "" ops_sky_apogee_best_unassigned ops_sky sky_apogee 0 0 0.0 0.0 -999 ""
FIBERMAP 1138 R+7C7 BOSS 1 1 0 1 0 0 -98.74135695532118 132.97356856062842 143.1 -93.10569294240199 -136.97053709403218 244.7679 50.622025 43.189203146103125 -53.44295367642829 -999.0 -999.0 -999.0 43.189203146103125 -53.44295367642829 43.05727714739535 -53.32212376686723 65.62402580969642 176.3620269165241 5400.0 5400.0 2015.5 1 78 {-999.0 -999.0 -999.0 -999.0 -999.0} "" -999.0 -999.0 -999.0 -999.0 27021603157674507 821472138 "" ops_sky_boss_good ops_sky sky_boss 0 0 0.0 0.0 -999 ""
FIBERMAP 1138 R+7C7 METROLOGY 0 0 0 1 0 0 -98.01508395140817 132.90646485979943 143.1 -93.28113519531787 -136.26261605094518 244.7679 50.622025 -999.0 -999.0 -999.0 -999.0 -999.0 43.18829558352574 -53.44079737212287 43.05638709716982 -53.31999390350513 65.62619584581344 176.36283018511335 -999.0 6231.0 -999.0 -1 -999 {-999.0 -999.0 -999.0 -999.0 -999.0} "" -999.0 -999.0 -999.0 -999.0 -999 -999 "" "" "" "" 0 0 0.0 0.0 -999 ""
FIBERMAP 1139 R-5C16 APOGEE 0 0 0 1 0 0 114.99884458124275 -107.8511799035291 143.1 64.03560246396981 144.06260640019968 355.99652 79.92835 -999.0 -999.0 -999.0 -999.0 -999.0 43.97879508087027 -52.589648459113455 43.84861590027754 -52.470518396592475 66.41829950658132 174.9650379894872 -999.0 16600.0 -999.0 2 206 {-999.0 -999.0 -999.0 -999.0 -999.0} "" -999.0 -999.0 -999.0 -999.0 -999 -999 "" ops_sky_apogee_best_unassigned ops_sky sky_apogee 0 0 0.0 0.0 -999 ""
FIBERMAP 1139 R-5C16 BOSS 1 1 0 1 0 0 114.8400092720085 -108.58151117469924 143.1 64.77751893916563 144.15275631164585 355.99652 79.92835 43.98255701021716 -52.58939370141837 -999.0 -999.0 -999.0 43.98255701021716 -52.58939370141837 43.852348629589315 -52.470177453441586 66.41835108966241 174.95929204752866 5400.0 5400.0 2015.5 1 290 {-999.0 -999.0 -999.0 -999.0 -999.0} "" -999.0 -999.0 -999.0 -999.0 27021603157762355 813531523 "" ops_sky_boss_good ops_sky sky_boss 0 0 0.0 0.0 -999 ""
FIBERMAP 1139 R-5C16 METROLOGY 0 0 0 1 0 0 114.28209552720982 -108.02400295433634 143.1 64.43448797293571 143.44257154238682 355.99652 79.92835 -999.0 -999.0 -999.0 -999.0 -999.0 43.980881563720615 -52.59150610502756 43.85067353982441 -52.47231265627333 66.41636159242202 174.96249515490788 -999.0 6231.0 -999.0 -1 -999 {-999.0 -999.0 -999.0 -999.0 -999.0} "" -999.0 -999.0 -999.0 -999.0 -999 -999 "" "" "" "" 0 0 0.0 0.0 -999 ""
FIBERMAP 1141 R+13C2 APOGEE 1 1 0 1 0 0 -116.85173224305171 247.30274436312598 143.1 -195.1174678141535 -191.666569232356 257.2725 165.12581 42.669596063121986 -53.60477890340411 18.200426 -1.152559 2.0721488 42.669687108524435 -53.60478232435983 42.538592063822456 -53.483115038870885 65.48929553162245 177.1390998725688 16000.0 16600.0 2016.0 2 60 {-999.0 12.584371 12.133437 12.007304 -999.0} sdss_psfmag_from_g3xp 12.441394 12.194309 11.613928 10.801 63050395801413076 1093974788 bright_1x1 mwm_bin_vis_apogee mwm_filler science 0 0 0.0 0.0 -999 ""
FIBERMAP 1141 R+13C2 BOSS 0 0 0 1 0 0 -117.32827313687667 246.73465239950977 143.1 -194.4242947570696 -191.92979189682882 257.2725 165.12581 -999.0 -999.0 -999.0 -999.0 -999.0 42.673220680127265 -53.605697416150214 42.542097356504655 -53.483938179769005 65.48832148602364 177.13423137823474 -999.0 5400.0 -999.0 1 100 {-999.0 -999.0 -999.0 -999.0 -999.0} "" -999.0 -999.0 -999.0 -999.0 -999 -999 "" "" "" "" 0 0 0.0 0.0 -999 ""
FIBERMAP 1141 R+13C2 METROLOGY 0 0 0 1 0 0 -117.59505236173655 247.4373736242708 143.1 -195.00018794650936 -192.41279234484804 257.2725 165.12581 -999.0 -999.0 -999.0 -999.0 -999.0 42.67021634241383 -53.6071335658485 42.53909881122189 -53.48539644559836 65.48699815095324 177.13877836387564 -999.0 6231.0 -999.0 -1 -999 {-999.0 -999.0 -999.0 -999.0 -999.0} "" -999.0 -999.0 -999.0 -999.0 -999 -999 "" "" "" "" 0 0 0.0 0.0 -999 ""
FIBERMAP 1146 R-1C11 APOGEE 0 0 0 1 0 0 -64.05409530158724 -24.963059417878952 143.1 44.6360139256345 -52.281200935055395 183.33069 144.61044 -999.0 -999.0 -999.0 -999.0 -999.0 43.888166077196786 -53.18570373631141 43.755387429971904 -53.06625392885866 65.8340000451428 175.2841363408494 -999.0 16600.0 -999.0 2 247 {-999.0 -999.0 -999.0 -999.0 -999.0} "" -999.0 -999.0 -999.0 -999.0 -999 -999 "" ops_sky_apogee_best_unassigned ops_sky sky_apogee 0 0 0.0 0.0 -999 ""
FIBERMAP 1146 R-1C11 BOSS 1 1 0 1 0 0 -64.68647270657159 -24.592062174759093 143.1 44.49359965225279 -53.00037731404834 183.33069 144.61044 43.8875306373143 -53.188019204387025 0.044468094 0.6620601 0.94237715 43.88753085759267 -53.188017239280654 43.75472408128746 -53.06847026236969 65.83184731355792 175.28575061925318 5400.0 5400.0 2016.0 1 508 {-999.0 20.855034 20.551113 20.269272 20.036142} sdss_psfmag_from_gaiadr2 20.762278 20.615652 19.825775 -999.0 63050395801549994 1130304770 dark_flexible_3x1 bhm_gua_dark_d3 bhm_filler science 0 0 0.0 0.0 -999 ""
FIBERMAP 1146 R-1C11 METROLOGY 0 0 0 1 0 0 -64.05592295833983 -24.218876291991165 143.1 43.93384532605206 -52.52762770782 183.33069 144.61044 -999.0 -999.0 -999.0 -999.0 -999.0 43.88468171928744 -53.186570097998555 43.751895606575715 -53.06704550943844 65.83346504892693 175.28945598841727 -999.0 6231.0 -999.0 -1 -999 {-999.0 -999.0 -999.0 -999.0 -999.0} "" -999.0 -999.0 -999.0 -999.0 -999 -999 "" "" "" "" 0 0 0.0 0.0 -999 ""
FIBERMAP 1147 R+8C8 APOGEE 0 0 0 1 0 0 -45.490428501249404 174.6903153725291 143.1 -150.0107807921557 -100.4002245011948 137.37135 61.936073 -999.0 -999.0 -999.0 -999.0 -999.0 42.90123089063379 -53.33083192030371 42.77074257812552 -53.20963429956928 65.75112901169013 176.7526837709461 -999.0 16600.0 -999.0 2 -999 {-999.0 -999.0 -999.0 -999.0 -999.0} "" -999.0 -999.0 -999.0 -999.0 -999 -999 "" "" "" "" 0 0 0.0 0.0 -999 ""
FIBERMAP 1147 R+8C8 BOSS 1 1 0 1 0 0 -44.784257680825306 174.95423953568428 143.1 -150.49221935099501 -99.82013488927264 137.37135 61.936073 42.89873676314876 -53.32919232655715 -999.0 -999.0 -999.0 42.89873676314876 -53.32919232655715 42.76825065504724 -53.20789463374689 65.75298610183481 176.7559551356384 5400.0 5400.0 2016.0 1 137 {-999.0 20.284462 19.217426 18.77957 18.42913} sdss_fiber2mag_from_lsdr10 19.186903 20.475803 17.587057 15.328 63050395801414208 1128177727 dark_flexible_3x1 bhm_spiders_clusters_lsdr10_d3 bhm_spiders science 0 0 0.0 0.0 -999 ""
FIBERMAP 1147 R+8C8 METROLOGY 0 0 0 1 0 0 -44.91764594956086 174.20925574495965 143.1 -149.74483320996663 -99.70113604470954 137.37135 61.936073 -999.0 -999.0 -999.0 -999.0 -999.0 42.90248813611946 -53.32883870205693 42.77199598431082 -53.20757480694034 65.75311933253275 176.75044727086933 -999.0 6231.0 -999.0 -1 -999 {-999.0 -999.0 -999.0 -999.0 -999.0} "" -999.0 -999.0 -999.0 -999.0 -999 -999 "" "" "" "" 0 0 0.0 0.0 -999 ""
FIBERMAP 1154 R+2C15 APOGEE 0 0 0 1 0 0 38.74181259807117 50.94810667797603 143.1 -60.85186660854993 19.83318702296566 119.904305 113.85117 -999.0 -999.0 -999.0 -999.0 -999.0 43.354128912591825 -52.96747437723465 43.22400677244417 -52.847154652297846 66.08706091497974 176.00585997171714 -999.0 16600.0 -999.0 2 120 {-999.0 -999.0 -999.0 -999.0 -999.0} "" -999.0 -999.0 -999.0 -999.0 -999 -999 "" ops_sky_apogee_best_unassigned ops_sky sky_apogee 0 0 0.0 0.0 -999 ""
FIBERMAP 1154 R+2C15 BOSS 1 1 0 1 0 0 39.15106573614461 51.57582577469547 143.1 -61.579223140450225 20.01325999834476 119.904305 113.85117 43.35037846937404 -52.96701737539345 7.9878826 3.523551 0.30303293 43.35041783576789 -52.96700691689137 43.22029335696089 -52.84658634277506 66.08785237112826 176.01122340553195 5400.0 5400.0 2016.0 1 206 {-999.0 17.71315 17.309637 17.181927 -999.0} sdss_psfmag_gaia 17.664114 17.33442 16.871666 15.953 63050395801414511 977122205 "" ops_std_boss ops_std standard_boss 0 0 0.0 0.0 -999 ""
FIBERMAP 1154 R+2C15 METROLOGY 0 0 0 1 0 0 39.48199396938664 50.90790781323652 143.1 -61.0572897736619 20.545395642104566 119.904305 113.85117 -999.0 -999.0 -999.0 -999.0 -999.0 43.35303981871108 -52.965364314725775 43.222919640041084 -52.84497549866968 66.08929517083087 176.00692944204206 -999.0 6231.0 -999.0 -1 -999 {-999.0 -999.0 -999.0 -999.0 -999.0} "" -999.0 -999.0 -999.0 -999.0 -999 -999 "" "" "" "" 0 0 0.0 0.0 -999 ""
FIBERMAP 1157 R+10C1 APOGEE 0 0 0 1 0 0 -192.9586272517195 195.8350941684635 143.1 -121.48865757979002 -246.61464816250398 176.82426 111.872185 -999.0 -999.0 -999.0 -999.0 -999.0 43.04331914467773 -53.7727631131235 42.91024566106017 -53.65168933343638 65.30362929146955 176.64299519808793 -999.0 16600.0 -999.0 2 46 {-999.0 -999.0 -999.0 -999.0 -999.0} "" -999.0 -999.0 -999.0 -999.0 -999 -999 "" ops_sky_apogee_best_unassigned ops_sky sky_apogee 0 0 0.0 0.0 -999 ""
FIBERMAP 1157 R+10C1 BOSS 1 1 0 1 0 0 -193.19043542202118 196.5326005696746 143.1 -122.0711252620287 -247.0629089563174 176.82426 111.872185 43.040363762444414 -53.774179817561546 0.01721086 0.14571151 -0.26648334 43.04036384888672 -53.77417938506513 42.9072782371756 -53.6530019031256 65.30247347800405 176.64746010014704 5400.0 5400.0 2016.0 1 81 {-999.0 19.300034 19.308638 19.279373 19.251945} sdss_psfmag_from_lsdr10 19.463398 19.25582 18.891123 -999.0 63050395801411819 1131236247 dark_flexible_3x1 bhm_spiders_agn_lsdr10_d3 bhm_spiders science 0 0 0.0 0.0 -999 ""
FIBERMAP 1157 R+10C1 METROLOGY 0 0 0 1 0 0 -192.47752024571517 196.40863147638976 143.1 -122.18847436944607 -246.3489040159295 176.82426 111.872185 -999.0 -999.0 -999.0 -999.0 -999.0 43.03972787489136 -53.772052398782975 42.906658741287 -53.650902249866725 65.30459697911256 176.64790199864504 -999.0 6231.0 -999.0 -1 -999 {-999.0 -999.0 -999.0 -999.0 -999.0} "" -999.0 -999.0 -999.0 -999.0 -999 -999 "" "" "" "" 0 0 0.0 0.0 -999 ""
FIBERMAP 1160 R-9C13 APOGEE 0 0 0 1 0 0 70.96150439709719 -154.0284337834245 143.1 122.1233776649046 117.65984386936185 184.14615 19.90745 -999.0 -999.0 -999.0 -999.0 -999.0 44.27011046430287 -52.66815845704086 44.13870050037178 -52.54951933874107 66.31681140800214 174.55428544453673 -999.0 16600.0 -999.0 2 185 {-999.0 -999.0 -999.0 -999.0 -999.0} "" -999.0 -999.0 -999.0 -999.0 -999 -999 "" ops_sky_apogee_best_unassigned ops_sky sky_apogee 0 0 0.0 0.0 -999 ""
FIBERMAP 1160 R-9C13 BOSS 1 1 0 1 0 0 71.70054134550948 -153.8223311632266 143.1 121.68573592287173 118.28998338492566 184.14615 19.90745 44.26798317523473 -52.66631098700933 -999.0 -999.0 -999.0 44.26798317523474 -52.66631098700933 44.13656725411517 -52.54757545702184 66.31891411040245 174.5568245205669 5400.0 5400.0 2016.0 1 379 {-999.0 -999.0 -999.0 -999.0 -999.0} "" -999.0 -999.0 -999.0 -999.0 63050396674304609 1128030926 dark_flexible_3x1 bhm_csc_boss_d3 bhm_csc science 0 0 0.0 0.0 -999 ""
FIBERMAP 1160 R-9C13 METROLOGY 0 0 0 1 0 0 71.48329083046033 -154.55526052372846 143.1 122.44931387705061 118.32582317721653 184.14615 19.90745 -999.0 -999.0 -999.0 -999.0 -999.0 44.27180946642117 -52.66613962324411 44.14038907015481 -52.54743728713863 66.318733789031 174.55104535282902 -999.0 6231.0 -999.0 -1 -999 {-999.0 -999.0 -999.0 -999.0 -999.0} "" -999.0 -999.0 -999.0 -999.0 -999 -999 "" "" "" "" 0 0 0.0 0.0 -999 ""
FIBERMAP 1161 R-13C7 APOGEE 0 0 0 1 0 0 -4.4833785761008995 -243.24703808301865 143.1 231.18463164409044 75.75013032282716 38.313297 132.25444 -999.0 -999.0 -999.0 -999.0 -999.0 44.81722331726631 -52.79063142797775 44.683616487807 -52.67292921470789 66.14632242394329 173.78693893585134 -999.0 16600.0 -999.0 2 264 {-999.0 -999.0 -999.0 -999.0 -999.0} "" -999.0 -999.0 -999.0 -999.0 -999 -999 "" ops_sky_apogee_best_unassigned ops_sky sky_apogee 0 0 0.0 0.0 -999 ""
FIBERMAP 1161 R-13C7 BOSS 1 1 0 1 0 0 -3.735130367379539 -243.40258488903 143.1 231.08548482161243 76.5078853444343 38.313297 132.25444 44.81671482764932 -52.788430286331526 -999.0 -999.0 -999.0 44.81671482764932 -52.788430286331526 44.683095859208265 -52.670634124672205 66.14863866308423 173.78682427067625 5400.0 5400.0 2016.0 1 358 {-999.0 20.26426 19.45061 19.110332 18.785034} sdss_fiber2mag_from_lsdr10 19.220469 21.544699 17.8703 15.93 63050395801550653 1128180031 dark_flexible_3x1 bhm_spiders_clusters_lsdr10_d3 bhm_spiders science 0 0 0.0 0.0 -999 ""
FIBERMAP 1161 R-13C7 METROLOGY 0 0 0 1 0 0 -4.224433894120674 -243.95496953216752 143.1 231.76802124945345 76.22744543352967 38.313297 132.25444 -999.0 -999.0 -999.0 -999.0 -999.0 44.82019372386769 -52.78920386573801 44.686567669644944 -52.67144023040344 66.14751372937911 173.78199309313933 -999.0 6231.0 -999.0 -1 -999 {-999.0 -999.0 -999.0 -999.0 -999.0} "" -999.0 -999.0 -999.0 -999.0 -999 -999 "" "" "" "" 0 0 0.0 0.0 -999 ""
FIBERMAP 1164 R+8C9 APOGEE 0 0 0 1 0 0 -22.51671929750414 167.41908249092992 143.1 -150.6983594138853 -76.31408265516987 83.1869 124.017006 -999.0 -999.0 -999.0 -999.0 -999.0 42.89850545838657 -53.25785597979049 42.76837527138434 -53.136673438685165 65.82395689244194 176.7414040178802 -999.0 16600.0 -999.0 2 -999 {-999.0 -999.0 -999.0 -999.0 -999.0} "" -999.0 -999.0 -999.0 -999.0 -999 -999 "" "" "" "" 0 0 0.0 0.0 -999 ""
FIBERMAP 1164 R+8C9 BOSS 1 1 0 1 0 0 -21.87001068009058 167.77082379470193 143.1 -151.24317587267652 -75.81902205173176 83.1869 124.017006 42.89568345323742 -53.2564656299362 -999.0 -999.0 -999.0 42.89568345323742 -53.2564656299362 42.765555278389925 -53.13518271389962 65.82558259256781 176.7452194410802 5400.0 5400.0 2015.5 1 128 {-999.0 -999.0 -999.0 -999.0 -999.0} "" -999.0 -999.0 -999.0 -999.0 27021603157674741 813517527 "" ops_sky_boss_good ops_sky sky_boss 0 0 0.0 0.0 -999 ""
FIBERMAP 1164 R+8C9 METROLOGY 0 0 0 1 0 0 -21.88393035865872 167.02023869234333 143.1 -150.52978355695066 -75.58536119471883 83.1869 124.017006 -999.0 -999.0 -999.0 -999.0 -999.0 42.89926283700169 -53.25575903705367 42.769130842960806 -53.13450962788647 65.82607569252431 176.7398630725879 -999.0 6231.0 -999.0 -1 -999 {-999.0 -999.0 -999.0 -999.0 -999.0} "" -999.0 -999.0 -999.0 -999.0 -999 -999 "" "" "" "" 0 0 0.0 0.0 -999 ""
FIBERMAP 1165 R+13C8 APOGEE 0 0 0 1 0 0 3.5913961982546887 266.82337963220107 143.1 -253.15565722605191 -84.3448001868732 141.78911 90.15311 -999.0 -999.0 -999.0 -999.0 -999.0 42.381878306220415 -53.27805703169164 42.25323414355614 -53.155988945826685 65.82733265255779 177.497308189128 -999.0 16600.0 -999.0 2 99 {-999.0 -999.0 -999.0 -999.0 -999.0} "" -999.0 -999.0 -999.0 -999.0 -999 -999 "" ops_sky_apogee_best_unassigned ops_sky sky_apogee 0 0 0.0 0.0 -999 ""
FIBERMAP 1165 R+13C8 BOSS 1 1 0 1 0 0 4.006551611436015 267.42200907917294 143.1 -253.85748371261317 -84.14958819502984 141.78911 90.15311 42.37838158519221 -53.277525769980315 -999.0 -999.0 -999.0 42.37838158519221 -53.27752576998031 42.249740511101805 -53.155355863114394 65.8280977266915 177.50231556485335 5400.0 5400.0 2015.5 1 173 {-999.0 -999.0 -999.0 -999.0 -999.0} "" -999.0 -999.0 -999.0 -999.0 27021603157685365 821473303 "" ops_sky_boss_good ops_sky sky_boss 0 0 0.0 0.0 -999 ""
FIBERMAP 1165 R+13C8 METROLOGY 0 0 0 1 0 0 4.327569245762639 266.7535734455731 143.1 -253.33180269843123 -83.62664140850372 141.78911 90.15311 -999.0 -999.0 -999.0 -999.0 -999.0 42.38097011626783 -53.27596093482127 42.25233134696413 -53.1538230577985 65.82952861345377 177.49829085298646 -999.0 6231.0 -999.0 -1 -999 {-999.0 -999.0 -999.0 -999.0 -999.0} "" -999.0 -999.0 -999.0 -999.0 -999 -999 "" "" "" "" 0 0 0.0 0.0 -999 ""
FIBERMAP 1166 R0C7 APOGEE 0 0 0 1 0 0 -141.4498514182871 6.512905270609369 143.1 40.3607964461985 -135.71977175692632 48.846416 89.04445 -999.0 -999.0 -999.0 -999.0 -999.0 43.86876918703955 -53.438764655620886 43.73480854112648 -53.31921228289229 65.58429319208025 175.38688276257474 -999.0 16600.0 -999.0 2 277 {-999.0 -999.0 -999.0 -999.0 -999.0} "" -999.0 -999.0 -999.0 -999.0 -999 -999 "" ops_sky_apogee_best_unassigned ops_sky sky_apogee 0 0 0.0 0.0 -999 ""
FIBERMAP 1166 R0C7 BOSS 1 1 0 1 0 0 -140.9767941609242 5.958816219400151 143.1 40.72850086145213 -135.0908455223753 48.846416 89.04445 43.870677184862636 -53.43701340976232 -999.0 -999.0 -999.0 43.870677184862636 -53.437013409762315 43.736700217396915 -53.31736820023499 65.58599134911721 175.38364247783903 5400.0 5400.0 2016.0 1 450 {-999.0 21.10553 20.142263 19.759813 19.430237} sdss_fiber2mag_from_lsdr10 20.07641 21.432924 18.628368 -999.0 63050395801412321 1128176650 dark_flexible_3x1 bhm_spiders_clusters_lsdr10_d3 bhm_spiders science 0 0 0.0 0.0 -999 ""
FIBERMAP 1166 R0C7 METROLOGY 0 0 0 1 0 0 -141.7226033806641 5.824614843339973 143.1 41.1004694861244 -135.751022859452 48.846416 89.04445 -999.0 -999.0 -999.0 -999.0 -999.0 43.87259053034609 -53.43899163773204 43.738603412251905 -53.319376618933305 65.58386294263991 175.38148370761877 -999.0 6231.0 -999.0 -1 -999 {-999.0 -999.0 -999.0 -999.0 -999.0} "" -999.0 -999.0 -999.0 -999.0 -999 -999 "" "" "" "" 0 0 0.0 0.0 -999 ""
FIBERMAP 1171 R+5C19 APOGEE 0 0 0 1 0 0 179.03854632328043 102.08378529473366 143.1 -155.27395527285384 135.50811831949613 16.106712 126.50276 -999.0 -999.0 -999.0 -999.0 -999.0 42.88445709947664 -52.615822074283884 42.757396098051686 -52.49478862153549 66.46414458323947 176.62489811357392 -999.0 16600.0 -999.0 2 -999 {-999.0 -999.0 -999.0 -999.0 -999.0} "" -999.0 -999.0 -999.0 -999.0 -999 -999 "" "" "" "" 0 0 0.0 0.0 -999 ""
FIBERMAP 1171 R+5C19 BOSS 1 1 0 1 0 0 179.6603775144144 101.6280069627494 143.1 -155.04801016667818 136.24521292823067 16.106712 126.50276 42.88552203109618 -52.613665097002205 9.260971 3.308294 1.4005313 42.88556730240857 -52.613655277416996 42.75850063569835 -52.49253140863298 66.46633682495732 176.62274187414408 5400.0 5400.0 2016.0 1 212 {-999.0 18.310974 17.074146 16.534893 -999.0} sdss_psfmag_gaia 17.860304 17.043745 16.165876 14.431 63050395801432898 1094281640 bright_1x1 mwm_bin_vis_boss mwm_filler science 0 0 0.0 0.0 -999 ""
FIBERMAP 1171 R+5C19 METROLOGY 0 0 0 1 0 0 178.94302171444372 101.34191383288687 143.1 -154.5419585143766 135.66185033321455 16.106712 126.50276 -999.0 -999.0 -999.0 -999.0 -999.0 42.88801590692338 -52.61538134365932 42.76093702367547 -52.49428742172491 66.46446153901829 176.6194124713067 -999.0 6231.0 -999.0 -1 -999 {-999.0 -999.0 -999.0 -999.0 -999.0} "" -999.0 -999.0 -999.0 -999.0 -999 -999 "" "" "" "" 0 0 0.0 0.0 -999 ""
FIBERMAP 1173 R-8C17 APOGEE 0 0 0 1 0 0 166.4247507759184 -159.47945926800273 143.1 95.8810192874273 209.602985662183 311.34543 139.40775 -999.0 -999.0 -999.0 -999.0 -999.0 44.13388285126972 -52.39113253600149 44.00419064164339 -52.27232820342851 66.60252789791514 174.66437359380396 -999.0 16600.0 -999.0 2 221 {-999.0 -999.0 -999.0 -999.0 -999.0} "" -999.0 -999.0 -999.0 -999.0 -999 -999 "" ops_sky_apogee_best_unassigned ops_sky sky_apogee 0 0 0.0 0.0 -999 ""
FIBERMAP 1173 R-8C17 BOSS 1 1 0 1 0 0 166.39735700404998 -160.23514659608458 143.1 96.60366041632639 209.8255999587805 311.34543 139.40775 44.13749597247807 -52.39050528068712 -999.0 -999.0 -999.0 44.13749597247808 -52.39050528068712 44.00777605833189 -52.27161552058916 66.60294254017828 174.65865914445945 5400.0 5400.0 2016.0 1 319 {-999.0 20.96111 20.858305 20.71699 20.69227} sdss_psfmag_from_gaiadr2 20.503975 20.869415 20.230757 -999.0 63050395801552703 1130304820 dark_flexible_3x1 bhm_gua_dark_d3 bhm_filler science 0 0 0.0 0.0 -999 ""
FIBERMAP 1173 R-8C17 METROLOGY 0 0 0 1 0 0 165.76679596988896 -159.82430055145883 143.1 96.42301765940222 209.09503586599052 311.34543 139.40775 -999.0 -999.0 -999.0 -999.0 -999.0 44.13666247381667 -52.39265012679491 44.0069405431708 -52.27378437452151 66.60086095757003 174.66066151765693 -999.0 6231.0 -999.0 -1 -999 {-999.0 -999.0 -999.0 -999.0 -999.0} "" -999.0 -999.0 -999.0 -999.0 -999 -999 "" "" "" "" 0 0 0.0 0.0 -999 ""
FIBERMAP 1175 R-8C4 APOGEE 0 0 0 1 0 0 -140.51721339840682 -164.59594709247244 143.1 201.6408261286241 -78.57536012358433 219.34473 133.51205 -999.0 -999.0 -999.0 -999.0 -999.0 44.68337174766796 -53.25943170130946 44.547849841176856 -53.14136415235442 65.69580694256499 174.16005262262496 -999.0 16600.0 -999.0 2 -999 {-999.0 -999.0 -999.0 -999.0 -999.0} "" -999.0 -999.0 -999.0 -999.0 -999 -999 "" "" "" "" 0 0 0.0 0.0 -999 ""
FIBERMAP 1175 R-8C4 BOSS 1 1 0 1 0 0 -141.239980155909 -164.51180313357975 143.1 201.7990234915305 -79.28557318575992 219.34473 133.51205 44.684321488443295 -53.261684032010365 -999.0 -999.0 -999.0 44.6843214884433 -53.261684032010365 44.54876161732627 -53.143521790307794 65.69359204804618 174.15951626930428 5400.0 5400.0 2016.0 1 490 {-999.0 22.794281 22.026846 21.653461 21.468393} sdss_fiber2mag_from_lsdr10 1e+20 1e+20 1e+20 -999.0 63050397389869787 1131240497 dark_flexible_3x1 bhm_spiders_agn_lsdr10_d3 bhm_spiders science 0 0 0.0 0.0 -999 ""
FIBERMAP 1175 R-8C4 METROLOGY 0 0 0 1 0 0 -140.81115651606228 -163.90812759552642 143.1 201.08793736801303 -79.07911284551552 219.34473 133.51205 -999.0 -999.0 -999.0 -999.0 -999.0 44.68076626887796 -53.261084172792465 44.545226759543084 -53.14294291586147 65.69447894453674 174.1644018832582 -999.0 6231.0 -999.0 -1 -999 {-999.0 -999.0 -999.0 -999.0 -999.0} "" -999.0 -999.0 -999.0 -999.0 -999 -999 "" "" "" "" 0 0 0.0 0.0 -999 ""
FIBERMAP 1180 R+3C19 APOGEE 0 0 0 1 0 0 137.93074474414567 65.65256540913947 143.1 -107.35313539513159 108.66719484564057 115.82315 136.16469 -999.0 -999.0 -999.0 -999.0 -999.0 43.122353760729425 -52.69767525143082 42.99420101503091 -52.57702830079956 66.36942431960458 176.28457154766906 -999.0 16600.0 -999.0 2 -999 {-999.0 -999.0 -999.0 -999.0 -999.0} "" -999.0 -999.0 -999.0 -999.0 -999 -999 "" "" "" "" 0 0 0.0 0.0 -999 ""
FIBERMAP 1180 R+3C19 BOSS 1 1 0 1 0 0 138.20073599365725 66.37556787870695 143.1 -108.12468099083495 108.68442492297581 115.82315 136.16469 43.118435506317276 -52.69766064948766 0.066274926 -0.26338458 0.123777084 43.11843583091863 -52.697661431257664 42.99028053984417 -52.57691434803444 66.36975976569033 176.2904629618653 5400.0 5400.0 2016.0 1 225 {-999.0 19.79917 19.548866 19.324532 19.142971} sdss_psfmag_from_gaiadr2 19.756134 19.581993 18.945187 -999.0 63050395801569737 1130305178 dark_flexible_3x1 bhm_gua_dark_d3 bhm_filler science 0 0 0.0 0.0 -999 ""
FIBERMAP 1180 R+3C19 METROLOGY 0 0 0 1 0 0 138.6627057139838 65.80661525636343 143.1 -107.73929437555098 109.3077680485648 115.82315 136.16469 -999.0 -999.0 -999.0 -999.0 -999.0 43.12035708258269 -52.69573830518067 42.99220906476444 -52.575021510305326 66.37153521263875 176.2871118049157 -999.0 6231.0 -999.0 -1 -999 {-999.0 -999.0 -999.0 -999.0 -999.0} "" -999.0 -999.0 -999.0 -999.0 -999 -999 "" "" "" "" 0 0 0.0 0.0 -999 ""
FIBERMAP 1181 R-7C8 APOGEE 0 0 0 1 0 0 -52.136120544358704 -129.15659335896595 143.1 139.11236516047498 -6.765745884282948 331.36548 178.33476 -999.0 -999.0 -999.0 -999.0 -999.0 44.36331838245077 -53.04479889074512 44.22980799409294 -52.926222431371365 65.93610260033418 174.54694697256377 -999.0 16600.0 -999.0 2 270 {-999.0 -999.0 -999.0 -999.0 -999.0} "" -999.0 -999.0 -999.0 -999.0 -999 -999 "" ops_sky_apogee_best_unassigned ops_sky sky_apogee 0 0 0.0 0.0 -999 ""
FIBERMAP 1181 R-7C8 BOSS 1 1 0 1 0 0 -51.5846398124838 -129.67886727242532 143.1 139.4242378886318 -6.073221807930294 331.36548 178.33476 44.36497641509434 -53.04278283020324 -999.0 -999.0 -999.0 44.36497641509434 -53.04278283020324 44.231449085915315 -52.9241150183073 65.93805346808107 174.54383110352853 5400.0 5400.0 2015.5 1 372 {-999.0 -999.0 -999.0 -999.0 -999.0} "" -999.0 -999.0 -999.0 -999.0 27021603157760972 813531297 "" ops_sky_boss_good ops_sky sky_boss 0 0 0.0 0.0 -999 ""
FIBERMAP 1181 R-7C8 METROLOGY 0 0 0 1 0 0 -52.30270126805199 -129.88446504418195 143.1 139.85450575678436 -6.6837191135787215 331.36548 178.33476 -999.0 -999.0 -999.0 -999.0 -999.0 44.36719962205644 -53.04459203691023 44.23366300658745 -52.92595452944408 65.9360474132977 174.54121139609154 -999.0 6231.0 -999.0 -1 -999 {-999.0 -999.0 -999.0 -999.0 -999.0} "" -999.0 -999.0 -999.0 -999.0 -999 -999 "" "" "" "" 0 0 0.0 0.0 -999 ""
FIBERMAP 1188 R+1C9 APOGEE 0 0 0 1 0 0 -113.62967733487632 24.17215043430177 143.1 14.536508136920604 -115.25445981118553 164.02216 113.50798 -999.0 -999.0 -999.0 -999.0 -999.0 43.736872650432474 -53.37719577967279 43.60361459179404 -53.2574298464481 65.65471859103914 175.55831759588304 -999.0 16600.0 -999.0 2 28 {-999.0 -999.0 -999.0 -999.0 -999.0} "" -999.0 -999.0 -999.0 -999.0 -999 -999 "" ops_sky_apogee_best_unassigned ops_sky sky_apogee 0 0 0.0 0.0 -999 ""
FIBERMAP 1188 R+1C9 BOSS 1 1 0 1 0 0 -113.7398380874917 24.89501201267913 143.1 13.890096421808074 -115.5961800675653 164.02216 113.50798 43.733638543234555 -53.3783935394015 -3.2608361 -1.1017227 0.06185149 43.7336223181437 -53.378396809499854 43.60034993478143 -53.25852849226831 65.65384797300331 175.56332617107225 5400.0 5400.0 2016.0 1 46 {-999.0 20.485998 19.40458 18.967817 18.620316} sdss_fiber2mag_from_lsdr10 19.528913 20.223198 17.858566 15.683 63050395801412692 1128176645 dark_flexible_3x1 bhm_spiders_clusters_lsdr10_d3 bhm_spiders science 0 0 0.0 0.0 -999 ""
FIBERMAP 1188 R+1C9 METROLOGY 0 0 0 1 0 0 -113.05750258307808 24.64038578839113 143.1 13.906188563903081 -114.86809063025984 164.02216 113.50798 -999.0 -999.0 -999.0 -999.0 -999.0 43.73368744026926 -53.37617394448568 43.600430903268034 -53.25633366284879 65.65602324237872 175.5626072632828 -999.0 6231.0 -999.0 -1 -999 {-999.0 -999.0 -999.0 -999.0 -999.0} "" -999.0 -999.0 -999.0 -999.0 -999 -999 "" "" "" "" 0 0 0.0 0.0 -999 ""
FIBERMAP 1191 R0C18 APOGEE 0 0 0 1 0 0 87.99247167771459 -21.43154357075536 143.1 -8.69462578861302 90.1427957544057 331.78482 34.477325 -999.0 -999.0 -999.0 -999.0 -999.0 43.616295324095184 -52.7539678062369 43.486406508809125 -52.634160475871035 66.28197645718714 175.55862796486005 -999.0 16600.0 -999.0 2 -999 {-999.0 -999.0 -999.0 -999.0 -999.0} "" -999.0 -999.0 -999.0 -999.0 -999 -999 "" "" "" "" 0 0 0.0 0.0 -999 ""
FIBERMAP 1191 R0C18 BOSS 1 1 0 1 0 0 87.24434577266453 -21.498002617227094 143.1 -8.385867886042622 89.45815575591736 331.78482 34.477325 43.61785976988661 -52.75608460992106 0.27728286 0.30571142 -0.19695835 43.617861129783485 -52.75608370251783 43.48794030695883 -52.6361849013165 66.2798607931982 175.55689006545904 5400.0 5400.0 2016.0 1 252 {-999.0 20.045378 19.788517 19.557123 19.369053} sdss_psfmag_from_gaiadr2 20.197523 19.825369 19.370398 -999.0 63050395801551865 1130304808 dark_flexible_3x1 bhm_gua_dark_d3 bhm_filler science 0 0 0.0 0.0 -999 ""
FIBERMAP 1191 R0C18 METROLOGY 0 0 0 1 0 0 87.55951717094578 -20.82158569363213 143.1 -9.128276454155941 89.5333698879237 331.78482 34.477325 -999.0 -999.0 -999.0 -999.0 -999.0 43.61412927173813 -52.7558264212891 43.484225658124046 -52.63594773053259 66.28034797736947 175.56239335074244 -999.0 6231.0 -999.0 -1 -999 {-999.0 -999.0 -999.0 -999.0 -999.0} "" -999.0 -999.0 -999.0 -999.0 -999 -999 "" "" "" "" 0 0 0.0 0.0 -999 ""
FIBERMAP 1195 R-8C11 APOGEE 0 0 0 1 0 0 36.62379235764781 -165.6032988145979 143.1 144.34496365482264 89.03903908147296 355.86105 82.02336 -999.0 -999.0 -999.0 -999.0 -999.0 44.383057052424576 -52.75411583643576 44.25090135791453 -52.63565287908703 66.22207657036073 174.41615638765396 -999.0 16600.0 -999.0 2 -999 {-999.0 -999.0 -999.0 -999.0 -999.0} "" -999.0 -999.0 -999.0 -999.0 -999 -999 "" "" "" "" 0 0 0.0 0.0 -999 ""
FIBERMAP 1195 R-8C11 BOSS 1 1 0 1 0 0 36.46731835406634 -166.33222478709226 143.1 145.08477659592 89.13095680511279 355.86105 82.02336 44.386891337337346 -52.75383568884879 -6.2985435 -11.7156925 0.2970669 44.386860448539245 -52.75387046300269 44.254673048925184 -52.63532078746072 66.22208428550043 174.41041988819788 5400.0 5400.0 2016.0 1 396 {-999.0 18.130478 17.774668 17.666208 -999.0} sdss_psfmag_gaia 18.085506 17.793423 17.344461 -999.0 63050395801550894 1092285897 dark_flexible_2x1 mwm_cb_galex_mag_boss mwm_cb science 0 0 0.0 0.0 -999 ""
FIBERMAP 1195 R-8C11 METROLOGY 0 0 0 1 0 0 35.909993777330456 -165.8268828111921 143.1 144.79081510977258 88.43848161829214 355.86105 82.02336 -999.0 -999.0 -999.0 -999.0 -999.0 44.385464253985674 -52.75594098232949 44.253277013722595 -52.63741475055673 66.22012991648901 174.41322895250377 -999.0 6231.0 -999.0 -1 -999 {-999.0 -999.0 -999.0 -999.0 -999.0} "" -999.0 -999.0 -999.0 -999.0 -999 -999 "" "" "" "" 0 0 0.0 0.0 -999 ""
FIBERMAP 1196 R-12C2 APOGEE 1 1 0 1 0 0 -146.7861885051041 -231.0824444595606 143.1 266.48872257053563 -62.63351006197387 167.12427 122.351974 45.00762282021598 -53.20706095460766 3.7645962 2.9059708 0.5087038 45.00764147690585 -53.20705232919309 44.87141726218421 -53.08957737096306 65.71698950183458 173.67422974375037 16000.0 16600.0 2016.0 2 153 {-999.0 13.049438 12.22138 11.937888 -999.0} sdss_psfmag_from_g3xp 12.8046255 12.269712 11.58542 10.215 63050395801545419 1107460750 bright_1x1 mwm_tess_rgb_apogee mwm_tessrgb science 0 0 0.0 0.0 -999 ""
FIBERMAP 1196 R-12C2 BOSS 0 0 0 1 0 0 -147.07418273224997 -230.40669470124973 143.1 265.9452757689342 -63.12767619970312 167.12427 122.351974 -999.0 -999.0 -999.0 -999.0 -999.0 45.004979905715096 -53.208677481581 44.86872940167257 -53.091101779576086 65.71574371345329 173.67869847690366 -999.0 5400.0 -999.0 1 434 {-999.0 -999.0 -999.0 -999.0 -999.0} "" -999.0 -999.0 -999.0 -999.0 -999 -999 "" "" "" "" 0 0 0.0 0.0 -999 ""
FIBERMAP 1196 R-12C2 METROLOGY 0 0 0 1 0 0 -146.3158252188091 -230.5114372443458 143.1 265.79482780339686 -62.37707981035917 167.12427 122.351974 -999.0 -999.0 -999.0 -999.0 -999.0 45.00423176203607 -53.20640390857295 44.86800215853572 -53.088854553760605 65.71803189200563 173.67887069685872 -999.0 6231.0 -999.0 -1 -999 {-999.0 -999.0 -999.0 -999.0 -999.0} "" -999.0 -999.0 -999.0 -999.0 -999 -999 "" "" "" "" 0 0 0.0 0.0 -999 ""
FIBERMAP 1197 R-12C11 APOGEE 0 0 0 1 0 0 65.87390917337433 -250.24189088804246 143.1 214.65547876959715 144.49209053458438 297.0119 81.61406 -999.0 -999.0 -999.0 -999.0 -999.0 44.727921842690506 -52.58373104256811 44.59558013745237 -52.46592567510779 66.35911950449079 173.8384926207323 -999.0 16600.0 -999.0 2 -999 {-999.0 -999.0 -999.0 -999.0 -999.0} "" -999.0 -999.0 -999.0 -999.0 -999 -999 "" "" "" "" 0 0 0.0 0.0 -999 ""
FIBERMAP 1197 R-12C11 BOSS 1 1 0 1 0 0 65.15543897813369 -250.46816951444978 143.1 215.1054110102334 143.88800747324888 297.0119 81.61406 44.73025011242663 -52.585622301354285 -999.0 -999.0 -999.0 44.73025011242663 -52.585622301354285 44.59786877758402 -52.46772782041108 66.35712402889804 173.83574983640491 5400.0 5400.0 2016.0 1 369 {-999.0 22.04894 21.785894 21.43498 21.128946} sdss_psfmag_from_lsdr10 1e+20 1e+20 1e+20 -999.0 63050396674334542 1131246807 dark_flexible_3x1 bhm_spiders_agn_lsdr10_d3 bhm_spiders science 0 0 0.0 0.0 -999 ""
FIBERMAP 1197 R-12C11 METROLOGY 0 0 0 1 0 0 65.31369024176679 -249.74625698538384 143.1 214.37163682147863 143.80007425229655 297.0119 81.61406 -999.0 -999.0 -999.0 -999.0 -999.0 44.72668198616069 -52.58586581234471 44.59431657777918 -52.46799119802468 66.35719720337546 173.84118266005157 -999.0 6231.0 -999.0 -1 -999 {-999.0 -999.0 -999.0 -999.0 -999.0} "" -999.0 -999.0 -999.0 -999.0 -999 -999 "" "" "" "" 0 0 0.0 0.0 -999 ""
FIBERMAP 1199 R+1C1 APOGEE 0 0 0 1 0 0 -291.2741952049825 22.490242562361583 143.1 74.53753760174638 -282.46007381325325 151.96788 128.29054 -999.0 -999.0 -999.0 -999.0 -999.0 44.04752646780056 -53.87990843148742 43.91081822775658 -53.76054902841014 65.13359796548804 175.26476968853802 -999.0 16600.0 -999.0 2 10 {-999.0 -999.0 -999.0 -999.0 -999.0} "" -999.0 -999.0 -999.0 -999.0 -999 -999 "" ops_sky_apogee_best_unassigned ops_sky sky_apogee 0 0 0.0 0.0 -999 ""
FIBERMAP 1199 R+1C1 BOSS 1 1 0 1 0 0 -291.45360518367886 23.231783191490386 143.1 73.896256712901 -282.8733316063384 151.96788 128.29054 44.04425761803934 -53.881227947985664 0.038591243 -0.12433448 -0.06969239 44.044257812361494 -53.88122831703143 43.90753246600713 -53.76176418310545 65.13262897297898 175.26970699290666 5400.0 5400.0 2016.0 1 12 {-999.0 18.433735 18.426203 18.348055 18.266142} sdss_psfmag_from_lsdr10 18.53243 18.326817 17.94729 -999.0 63050395801407350 1058430122 dark_flexible_2x1 bhm_spiders_agn_lsdr10 bhm_spiders science 0 0 0.0 0.0 -999 ""
FIBERMAP 1199 R+1C1 METROLOGY 0 0 0 1 0 0 -290.7284244209372 22.99646655275857 143.1 73.88002554872095 -282.1111305757801 151.96788 128.29054 -999.0 -999.0 -999.0 -999.0 -999.0 44.044173300476054 -53.87897814813025 43.90746537108214 -53.75954243973469 65.13483895829454 175.26915600681605 -999.0 6231.0 -999.0 -1 -999 {-999.0 -999.0 -999.0 -999.0 -999.0} "" -999.0 -999.0 -999.0 -999.0 -999 -999 "" "" "" "" 0 0 0.0 0.0 -999 ""
FIBERMAP 1204 R+8C11 APOGEE 0 0 0 1 0 0 6.584968354030776 142.90893719387105 143.1 -137.1213555029222 -40.77251735176605 269.7345 54.50298 -999.0 -999.0 -999.0 -999.0 -999.0 42.96820828851142 -53.15044606391133 42.83837899547973 -53.029412060159146 65.92729004022529 176.61676004320145 -999.0 16600.0 -999.0 2 -999 {-999.0 -999.0 -999.0 -999.0 -999.0} "" -999.0 -999.0 -999.0 -999.0 -999 -999 "" "" "" "" 0 0 0.0 0.0 -999 ""
FIBERMAP 1204 R+8C11 BOSS 1 1 0 1 0 0 6.001148123016946 143.33279267361314 143.1 -137.32965294244454 -41.46321948932826 269.7345 54.50298 42.96704379705917 -53.15265042635863 -999.0 -999.0 -999.0 42.96704379705917 -53.15265042635865 42.837193892525896 -53.03151838227056 65.92525262417611 176.61894382170124 5400.0 5400.0 2015.5 1 140 {-999.0 -999.0 -999.0 -999.0 -999.0} "" -999.0 -999.0 -999.0 -999.0 27021603157674825 821472648 "" ops_sky_boss_good ops_sky sky_boss 0 0 0.0 0.0 -999 ""
FIBERMAP 1204 R+8C11 METROLOGY 0 0 0 1 0 0 6.661655336061171 143.65299184480952 143.1 -137.84921980548322 -40.94475655613166 269.7345 54.50298 -999.0 -999.0 -999.0 -999.0 -999.0 42.96440871048211 -53.151043158510014 42.83457833218603 -53.02993408184082 65.92696591742131 176.62245279883066 -999.0 6231.0 -999.0 -1 -999 {-999.0 -999.0 -999.0 -999.0 -999.0} "" -999.0 -999.0 -999.0 -999.0 -999 -999 "" "" "" "" 0 0 0.0 0.0 -999 ""
FIBERMAP 1205 R-2C3 APOGEE 0 0 1 1 0 0 -223.31468547251515 -30.990052045037864 143.1 102.69535875918896 -200.6972049236997 10.024755 170.08653 -999.0 -999.0 -999.0 -999.0 -999.0 44.18863922668563 -53.6332651978984 44.05274057286198 -53.51422097139712 65.36744723188451 174.99166539693496 -999.0 16600.0 -999.0 2 288 {-999.0 -999.0 -999.0 -999.0 -999.0} "" -999.0 -999.0 -999.0 -999.0 -999 -999 "" ops_sky_apogee_best_unassigned ops_sky sky_apogee 0 0 0.0 0.0 -999 ""
FIBERMAP 1205 R-2C3 BOSS 1 0 1 1 0 0 -222.5692948352594 -31.04101487402572 143.1 102.4983876465279 -199.97653754720346 10.024755 170.08653 44.24871190637856 -53.648876418274796 -999.0 -999.0 -999.0 44.18765932557982 -53.631233949646244 44.051752606720584 -53.51209106148824 65.36963493672408 174.99240725460422 5400.0 5400.0 2015.5 1 473 {-999.0 -999.0 -999.0 -999.0 -999.0} "" -999.0 -999.0 -999.0 -999.0 27021603157757955 813530759 "" ops_sky_boss_good ops_sky sky_boss 0 0 0.0 0.0 -999 ""
FIBERMAP 1205 R-2C3 METROLOGY 0 0 1 1 0 0 -223.00947727176623 -31.67382539884896 143.1 103.24072238091703 -200.18414446183866 10.024755 170.08653 -999.0 -999.0 -999.0 -999.0 -999.0 44.191475006758196 -53.631834388260536 44.05555967494632 -53.51272567728133 65.36871482592936 174.98721586356606 -999.0 6231.0 -999.0 -1 -999 {-999.0 -999.0 -999.0 -999.0 -999.0} "" -999.0 -999.0 -999.0 -999.0 -999 -999 "" "" "" "" 0 0 0.0 0.0 -999 ""
FIBERMAP 1206 R0C2 APOGEE 0 0 0 1 0 0 -263.4310779391206 9.044402476030243 143.1 78.07980207715995 -251.74518281474073 37.535877 136.826 -999.0 -999.0 -999.0 -999.0 -999.0 44.06472030121811 -53.78770935218464 43.92842427998545 -53.668405269444385 65.22376824384132 175.21321625624446 -999.0 16600.0 -999.0 2 253 {-999.0 -999.0 -999.0 -999.0 -999.0} "" -999.0 -999.0 -999.0 -999.0 -999 -999 "" ops_sky_apogee_best_unassigned ops_sky sky_apogee 0 0 0.0 0.0 -999 ""
FIBERMAP 1206 R0C2 BOSS 1 1 0 1 0 0 -262.6698552875835 8.974389082679986 143.1 77.89561551922804 -251.00330030172148 37.535877 136.826 44.06377775996152 -53.78559005272737 -999.0 -999.0 -999.0 44.06377775996152 -53.78559005272738 43.927474749235245 -53.66618669241669 65.22603921853151 175.21389650733897 5400.0 5400.0 2015.5 1 522 {-999.0 -999.0 -999.0 -999.0 -999.0} "" -999.0 -999.0 -999.0 -999.0 27021603157670796 813516940 "" ops_sky_boss_good ops_sky sky_boss 0 0 0.0 0.0 -999 ""
FIBERMAP 1206 R0C2 METROLOGY 0 0 0 1 0 0 -263.11444613524066 8.367342364403552 143.1 78.61506975994389 -251.22354190474096 37.535877 136.826 -999.0 -999.0 -999.0 -999.0 -999.0 44.06748385509845 -53.78624479766522 43.93117198658865 -53.66687559090763 65.22508566337723 175.20891139619994 -999.0 6231.0 -999.0 -1 -999 {-999.0 -999.0 -999.0 -999.0 -999.0} "" -999.0 -999.0 -999.0 -999.0 -999 -999 "" "" "" "" 0 0 0.0 0.0 -999 ""
FIBERMAP 1209 R-2C21 APOGEE 0 0 0 1 0 0 165.11481622553336 -39.73865832844591 143.1 -16.76551317968882 168.993015070872 192.62471 107.62043 -999.0 -999.0 -999.0 -999.0 -999.0 43.575241476335194 -52.51526291000405 43.44660148413362 -52.39544849563497 66.52190121658296 175.55235936889903 -999.0 16600.0 -999.0 2 218 {-999.0 -999.0 -999.0 -999.0 -999.0} "" -999.0 -999.0 -999.0 -999.0 -999 -999 "" ops_sky_apogee_best_unassigned ops_sky sky_apogee 0 0 0.0 0.0 -999 ""
FIBERMAP 1209 R-2C21 BOSS 1 1 0 1 0 0 164.70329715956754 -39.10628106630611 143.1 -17.227383957711954 168.39645987170158 192.62471 107.62043 43.572947886458024 -52.517099321685215 0.5631741 1.0830132 0.02490474 43.57295063342321 -52.5170961071188 43.44429187161301 -52.39718465450973 66.52033235991821 175.5563589370854 5400.0 5400.0 2016.0 1 310 {-999.0 20.918993 20.696613 20.50192 20.348673} sdss_psfmag_from_gaiadr2 20.744265 20.714575 20.00551 -999.0 63050395801552042 1130304814 dark_flexible_3x1 bhm_gua_dark_d3 bhm_filler science 0 0 0.0 0.0 -999 ""
FIBERMAP 1209 R-2C21 METROLOGY 0 0 0 1 0 0 165.45308840343816 -39.075784902276766 143.1 -17.50272789449776 169.0944977773448 192.62471 107.62043 -999.0 -999.0 -999.0 -999.0 -999.0 43.57156566439315 -52.514941948136915 43.44292587329966 -52.39505490440686 66.52254147926894 175.55784466867988 -999.0 6231.0 -999.0 -1 -999 {-999.0 -999.0 -999.0 -999.0 -999.0} "" -999.0 -999.0 -999.0 -999.0 -999 -999 "" "" "" "" 0 0 0.0 0.0 -999 ""
FIBERMAP 1210 R-3C6 APOGEE 0 0 0 1 1 0 -160.2153479826514 -63.87136077544473 143.1 112.998633436443 -130.29735902218076 219.59055 97.420074 -999.0 -999.0 -999.0 -999.0 -999.0 44.2380310878418 -53.42024560338993 44.10304528444857 -53.301346284645426 65.57462726458928 174.85347448277042 -999.0 16600.0 -999.0 2 -999 {-999.0 -999.0 -999.0 -999.0 -999.0} "" -999.0 -999.0 -999.0 -999.0 -999 -999 "" "" "" "" 0 0 0.0 0.0 -999 ""
FIBERMAP 1210 R-3C6 BOSS 1 0 0 1 1 0 -160.76694501288802 -63.36170199624277 143.1 112.69871205523766 -130.9858448414153 219.59055 97.420074 44.11005818426116 -53.4338874929021 -999.0 -999.0 -999.0 44.23663274852931 -53.422484924592425 44.10161866178936 -53.30348598946734 65.57261794507825 174.85619733215245 5400.0 5400.0 2016.0 1 475 {-999.0 20.975397 20.837923 20.940779 21.130474} sdss_psfmag_from_lsdr10 20.831787 20.821556 20.519209 -999.0 63050395801549545 1131238372 dark_flexible_3x1 bhm_spiders_agn_lsdr10_d3 bhm_spiders science 0 0 0.0 0.0 -999 ""
FIBERMAP 1210 R-3C6 METROLOGY 0 0 0 1 1 0 -160.05465002390616 -63.140830568778895 143.1 112.25591662371947 -130.3858153535592 219.59055 97.420074 -999.0 -999.0 -999.0 -999.0 -999.0 44.23437324002024 -53.420675199064796 44.09938102425457 -53.30170014110399 65.57456375642356 174.85883658478767 -999.0 6231.0 -999.0 -1 -999 {-999.0 -999.0 -999.0 -999.0 -999.0} "" -999.0 -999.0 -999.0 -999.0 -999 -999 "" "" "" "" 0 0 0.0 0.0 -999 ""
FIBERMAP 1211 R-11C11 APOGEE 0 0 0 1 0 0 47.067658402821564 -232.1235912716976 143.1 203.72929110661462 120.77477831029128 300.65695 46.53718 -999.0 -999.0 -999.0 -999.0 -999.0 44.676180253124 -52.65580575739782 44.543641006803966 -52.537888899425425 66.29283565562305 173.9437068853145 -999.0 16600.0 -999.0 2 182 {-999.0 -999.0 -999.0 -999.0 -999.0} "" -999.0 -999.0 -999.0 -999.0 -999 -999 "" "" "" "" 0 0 0.0 0.0 -999 ""
FIBERMAP 1211 R-11C11 BOSS 1 1 0 1 0 0 46.33571704295529 -232.02364808884818 143.1 203.8755852420859 120.05070613993011 300.65695 46.53718 44.67704696379604 -52.65806387610461 -999.0 -999.0 -999.0 44.67704696379604 -52.65806387610461 44.54447079932532 -52.54005487413146 66.29061818865257 173.94328342019236 5400.0 5400.0 2016.0 1 375 {-999.0 19.389185 18.408344 17.988993 17.637045} sdss_fiber2mag_from_lsdr10 18.056036 20.05457 16.52007 14.485 63050395801551092 1057824437 dark_flexible_2x1 bhm_spiders_clusters_lsdr10 bhm_spiders science 0 0 0.0 0.0 -999 ""
FIBERMAP 1211 R-11C11 METROLOGY 0 0 0 1 0 0 46.792627188769515 -231.42856858940138 143.1 203.16338144091824 120.28651651323226 300.65695 46.53718 -999.0 -999.0 -999.0 -999.0 -999.0 44.673533944518205 -52.65733509182473 44.54097820723837 -52.539346420093054 66.29164057515521 173.94823808790727 -999.0 6231.0 -999.0 -1 -999 {-999.0 -999.0 -999.0 -999.0 -999.0} "" -999.0 -999.0 -999.0 -999.0 -999 -999 "" "" "" "" 0 0 0.0 0.0 -999 ""
FIBERMAP 1214 R+5C1 APOGEE 0 0 0 1 0 0 -242.3520217319084 117.13152546405797 143.1 -30.923479685041006 -267.3801636804582 174.24464 35.666958 -999.0 -999.0 -999.0 -999.0 -999.0 43.50672028322469 -53.83639034641439 43.37189708804544 -53.716099281901215 65.21362988486166 176.00722304939768 -999.0 16600.0 -999.0 2 1 {-999.0 -999.0 -999.0 -999.0 -999.0} "" -999.0 -999.0 -999.0 -999.0 -999 -999 "" ops_sky_apogee_best_unassigned ops_sky sky_apogee 0 0 0.0 0.0 -999 ""
FIBERMAP 1214 R+5C1 BOSS 1 1 0 1 0 0 -241.69605233799746 117.55176214891553 143.1 -31.53602488845745 -266.8988801756829 174.24464 35.666958 43.50359570254488 -53.83504156079285 -999.0 -999.0 -999.0 43.503595702544885 -53.83504156079285 43.36877171524508 -53.71464696433615 65.21526471478049 176.0112553607536 5400.0 5400.0 2016.0 1 1 {-999.0 22.152365 21.040731 20.567396 20.217377} sdss_fiber2mag_from_lsdr10 1e+20 1e+20 1e+20 -999.0 63050397390437186 1131236252 dark_flexible_3x1 bhm_spiders_agn_lsdr10_d3 bhm_spiders science 0 0 0.0 0.0 -999 ""
FIBERMAP 1214 R+5C1 METROLOGY 0 0 0 1 0 0 -241.69181349880895 116.76984880823363 143.1 -30.799018589058537 -266.637770027383 174.24464 35.666958 -999.0 -999.0 -999.0 -999.0 -999.0 43.507355245922795 -53.83428109794892 43.37252826151291 -53.71392114138745 65.21575802151904 176.00580208174438 -999.0 6231.0 -999.0 -1 -999 {-999.0 -999.0 -999.0 -999.0 -999.0} "" -999.0 -999.0 -999.0 -999.0 -999 -999 "" "" "" "" 0 0 0.0 0.0 -999 ""
FIBERMAP 1216 R-2C17 APOGEE 0 0 0 1 0 0 97.33601516090191 -34.8168897945503 143.1 0.8735045748966553 103.36771703327042 338.2612 155.25746 -999.0 -999.0 -999.0 -999.0 -999.0 43.66409088502452 -52.71378928855746 43.53425103878419 -52.594075975119374 66.31853596773021 175.47558663733278 -999.0 16600.0 -999.0 2 211 {-999.0 -999.0 -999.0 -999.0 -999.0} "" -999.0 -999.0 -999.0 -999.0 -999 -999 "" ops_sky_apogee_best_unassigned ops_sky sky_apogee 0 0 0.0 0.0 -999 ""
FIBERMAP 1216 R-2C17 BOSS 1 1 0 1 0 0 97.84066548129039 -35.354239017179175 143.1 1.2150123592923676 104.02097382935519 338.2612 155.25746 43.66577727297989 -52.711826245864145 6.8018622 -5.1105356 1.3833936 43.66581059796968 -52.711841414793994 43.53595787020576 -52.59203833999214 66.3204426323118 175.47244550336436 5400.0 5400.0 2016.0 1 300 {-999.0 20.313274 18.776707 17.993425 -999.0} sdss_psfmag_gaia 19.120506 18.602001 17.050514 15.111 63050395801551877 1095083826 bright_1x1 mwm_bin_vis_boss mwm_filler science 0 0 0.0 0.0 -999 ""
FIBERMAP 1216 R-2C17 METROLOGY 0 0 0 1 0 0 97.11175224991689 -35.530976677603434 143.1 1.6215944318159938 103.39073892108964 338.2612 155.25746 -999.0 -999.0 -999.0 -999.0 -999.0 43.667853128660994 -52.71371269057685 43.53798987986636 -52.59393899555874 66.31841398374917 175.46992988898072 -999.0 6231.0 -999.0 -1 -999 {-999.0 -999.0 -999.0 -999.0 -999.0} "" -999.0 -999.0 -999.0 -999.0 -999 -999 "" "" "" "" 0 0 0.0 0.0 -999 ""
FIBERMAP 1217 R-3C13 APOGEE 0 0 0 1 0 0 14.607284998548547 -47.45545876609646 143.1 40.011438643401824 29.398604278762985 56.1558 130.8949 -999.0 -999.0 -999.0 -999.0 -999.0 43.86239634035783 -52.937758458229354 43.730896187626854 -52.818330685051784 66.08190632748857 175.24721693356366 -999.0 16600.0 -999.0 2 169 {-999.0 -999.0 -999.0 -999.0 -999.0} "" -999.0 -999.0 -999.0 -999.0 -999 -999 "" ops_sky_apogee_best_unassigned ops_sky sky_apogee 0 0 0.0 0.0 -999 ""
FIBERMAP 1217 R-3C13 BOSS 1 1 0 1 0 0 15.340431356306013 -47.301495125131 143.1 39.62497129497675 30.04032524930853 56.1558 130.8949 43.86049155266356 -52.93589152696447 -999.0 -999.0 -999.0 43.86049155266356 -52.93589152696447 43.72898723952856 -52.81636652524937 66.08399461231532 175.2494614484964 5400.0 5400.0 2015.5 1 407 {-999.0 -999.0 -999.0 -999.0 -999.0} "" -999.0 -999.0 -999.0 -999.0 27021603157761891 821480118 "" ops_sky_boss_good ops_sky sky_boss 0 0 0.0 0.0 -999 ""
FIBERMAP 1217 R-3C13 METROLOGY 0 0 0 1 0 0 15.091107613471278 -48.019387383250006 143.1 40.38489521221639 30.040932208694645 56.1558 130.8949 -999.0 -999.0 -999.0 -999.0 -999.0 43.864320288968926 -52.93584770012154 43.73281007907133 -52.81635615730855 66.08372787869823 175.24380034517137 -999.0 6231.0 -999.0 -1 -999 {-999.0 -999.0 -999.0 -999.0 -999.0} "" -999.0 -999.0 -999.0 -999.0 -999 -999 "" "" "" "" 0 0 0.0 0.0 -999 ""
FIBERMAP 1218 R0C17 APOGEE 0 0 0 1 0 0 53.595839550452425 -5.7785212635038965 143.1 -12.166329676461974 52.513329665827015 215.85307 103.20084 -999.0 -999.0 -999.0 -999.0 -999.0 43.59924831123369 -52.86817843016848 43.468866359369656 -52.74831063577079 66.16971183297042 175.61626806074534 -999.0 16600.0 -999.0 2 111 {-999.0 -999.0 -999.0 -999.0 -999.0} "" -999.0 -999.0 -999.0 -999.0 -999 -999 "" ops_sky_apogee_best_unassigned ops_sky sky_apogee 0 0 0.0 0.0 -999 ""
FIBERMAP 1218 R0C17 BOSS 1 1 0 1 0 0 53.043786326408096 -5.297639761226737 143.1 -12.438925222519464 51.833875527147306 215.85307 103.20084 43.59787958082819 -52.87030298753801 1.7709446 -0.43198234 0.09698161 43.59788828904204 -52.87030426973436 43.467483039627595 -52.75033941174776 66.16778789528392 175.618882109154 5400.0 5400.0 2016.0 1 189 {-999.0 18.023354 17.407278 17.191597 -999.0} sdss_psfmag_gaia 17.886005 17.448921 16.867447 15.772 63050395801551433 1111513375 bright_1x1 mwm_magcloud_rgb_boss mwm_magcloud science 0 0 0.0 0.0 -999 ""
FIBERMAP 1218 R0C17 METROLOGY 0 0 0 1 0 0 53.74529200237566 -5.049729836037472 143.1 -12.903706747182568 52.4148253785281 215.85307 103.20084 -999.0 -999.0 -999.0 -999.0 -999.0 43.59553731053587 -52.86851229529061 43.46515247010365 -52.74857050580803 66.16970163580102 175.62186919970495 -999.0 6231.0 -999.0 -1 -999 {-999.0 -999.0 -999.0 -999.0 -999.0} "" -999.0 -999.0 -999.0 -999.0 -999 -999 "" "" "" "" 0 0 0.0 0.0 -999 ""
FIBERMAP 1219 R+1C17 APOGEE 0 0 0 1 0 0 91.35675196544732 4.62783127128103 143.1 -34.41004050887025 84.75106276099744 359.99963 59.46549 -999.0 -999.0 -999.0 -999.0 -999.0 43.4873275450428 -52.77044602558572 43.35774404376724 -52.650410213507335 66.27434349332927 175.75594020070528 -999.0 16600.0 -999.0 2 -999 {-999.0 -999.0 -999.0 -999.0 -999.0} "" -999.0 -999.0 -999.0 -999.0 -999 -999 "" "" "" "" 0 0 0.0 0.0 -999 ""
FIBERMAP 1219 R+1C17 BOSS 1 1 0 1 0 0 90.94996062801822 3.9826318382256227 143.1 -33.66698590034399 84.57906243746473 359.99963 59.46549 43.49104064878778 -52.77101044633753 -0.054045886 -0.038997415 -0.13516167 43.49104038363606 -52.77101056208846 43.36142658650958 -52.650887337584756 66.27363062505347 175.7505460922037 5400.0 5400.0 2016.0 1 199 {-999.0 18.501654 18.349598 18.21744 18.09255} sdss_psfmag_from_gdr3 18.53982 18.331362 17.917057 -999.0 63050395801551742 1059482580 dark_flexible_2x1 bhm_spiders_agn_gaiadr3 bhm_spiders science 0 0 0.0 0.0 -999 ""
FIBERMAP 1219 R+1C17 METROLOGY 0 0 0 1 0 0 90.6088616401002 4.640412131676422 143.1 -34.176001429750634 84.04065548632468 359.99963 59.46549 -999.0 -999.0 -999.0 -999.0 -999.0 43.48847669649884 -52.77261128956878 43.358867628742075 -52.65250973443311 66.2721832318912 175.7548125274485 -999.0 6231.0 -999.0 -1 -999 {-999.0 -999.0 -999.0 -999.0 -999.0} "" -999.0 -999.0 -999.0 -999.0 -999 -999 "" "" "" "" 0 0 0.0 0.0 -999 ""
FIBERMAP 1220 R+1C3 APOGEE 0 0 0 1 0 0 -246.25425119285995 27.68070549116788 143.1 54.832553316753376 -241.65219346400235 147.06422 112.38061 -999.0 -999.0 -999.0 -999.0 -999.0 43.94548195253778 -53.75806891605823 43.809700078525736 -53.638563890956576 65.2619110561397 175.37137424864292 -999.0 16600.0 -999.0 2 38 {-999.0 -999.0 -999.0 -999.0 -999.0} "" -999.0 -999.0 -999.0 -999.0 -999 -999 "" ops_sky_apogee_best_unassigned ops_sky sky_apogee 0 0 0.0 0.0 -999 ""
FIBERMAP 1220 R+1C3 BOSS 1 1 0 1 0 0 -246.12940176086823 28.389945271026058 143.1 54.12172976690894 -241.76750268669306 147.06422 112.38061 43.9418763018747 -53.75855203328729 -999.0 -999.0 -999.0 43.9418763018747 -53.75855203328729 43.80608326844616 -53.63894247246197 65.26179025363015 175.37656967146256 5400.0 5400.0 2015.5 1 62 {-999.0 -999.0 -999.0 -999.0 -999.0} "" -999.0 -999.0 -999.0 -999.0 27021603157670845 813516941 "" ops_sky_boss_good ops_sky sky_boss 0 0 0.0 0.0 -999 ""
FIBERMAP 1220 R+1C3 METROLOGY 0 0 0 1 0 0 -245.5449935038691 27.92206705941097 143.1 54.37140673340608 -241.06176977892747 147.06422 112.38061 -999.0 -999.0 -999.0 -999.0 -999.0 43.943145360111295 -53.756438050121034 43.807364618576514 -53.636859092118634 65.26376850295402 175.37417497186004 -999.0 6231.0 -999.0 -1 -999 {-999.0 -999.0 -999.0 -999.0 -999.0} "" -999.0 -999.0 -999.0 -999.0 -999 -999 "" "" "" "" 0 0 0.0 0.0 -999 ""
FIBERMAP 1221 R-8C13 APOGEE 0 0 0 1 0 0 62.9697944666202 -134.2558234178124 143.1 106.07892518844707 103.61127945546232 168.1113 33.21204 -999.0 -999.0 -999.0 -999.0 -999.0 44.19082618992164 -52.711152977171295 44.059442938915595 -52.59236257771724 66.28085714073912 174.68740523122312 -999.0 16600.0 -999.0 2 -999 {-999.0 -999.0 -999.0 -999.0 -999.0} "" -999.0 -999.0 -999.0 -999.0 -999 -999 "" "" "" "" 0 0 0.0 0.0 -999 ""
FIBERMAP 1221 R-8C13 BOSS 1 1 0 1 0 0 63.66603201940794 -133.98284013647765 143.1 105.59219788597191 104.17900978167293 168.1113 33.21204 44.188458389062006 -52.70949247293691 -999.0 -999.0 -999.0 44.188458389062006 -52.709492472936915 44.05706944996723 -52.59060499346484 66.28279117814407 174.69037573269622 5400.0 5400.0 2016.0 1 418 {-999.0 19.249355 18.33957 17.88257 17.541994} sdss_fiber2mag_from_lsdr10 1e+20 1e+20 1e+20 -999.0 63050398104781619 1058442097 dark_flexible_2x1 bhm_spiders_agn_lsdr10 bhm_spiders science 0 0 0.0 0.0 -999 ""
FIBERMAP 1221 R-8C13 METROLOGY 0 0 0 1 0 0 63.55257848844386 -134.72471679663443 143.1 106.3300949062114 104.31581232150998 168.1113 33.21204 -999.0 -999.0 -999.0 -999.0 -999.0 44.192153027821874 -52.70902014933703 44.06076129307627 -52.59016576003294 66.28292757730884 174.68470379918884 -999.0 6231.0 -999.0 -1 -999 {-999.0 -999.0 -999.0 -999.0 -999.0} "" -999.0 -999.0 -999.0 -999.0 -999 -999 "" "" "" "" 0 0 0.0 0.0 -999 ""
FIBERMAP 1223 R+13C7 APOGEE 0 0 0 1 0 0 9.194393549178557 255.18461757246206 143.1 -244.00695517447784 -75.22657316238656 63.970013 47.02072 -999.0 -999.0 -999.0 -999.0 -999.0 42.428371238789516 -53.250963390135844 42.2997125301556 -53.128981424467966 65.85248341108621 177.42507313333704 -999.0 16600.0 -999.0 2 100 {-999.0 -999.0 -999.0 -999.0 -999.0} "" -999.0 -999.0 -999.0 -999.0 -999 -999 "" "" "" "" 0 0 0.0 0.0 -999 ""
FIBERMAP 1223 R+13C7 BOSS 1 1 0 1 0 0 9.420992925664178 254.47333189000503 143.1 -243.40976227842773 -74.7787004186072 63.970013 47.02072 42.43138621907639 -53.24973854759143 -999.0 -999.0 -999.0 42.431386219076394 -53.24973854759143 42.30271357388856 -53.1276661116326 65.85367789031243 177.4204700674341 5400.0 5400.0 2016.0 1 174 {-999.0 19.851154 18.884424 18.42004 18.073069} sdss_fiber2mag_from_lsdr10 18.45517 20.134092 16.971842 14.822 63050395801431537 1058437254 dark_flexible_2x1 bhm_spiders_agn_lsdr10 bhm_spiders science 0 0 0.0 0.0 -999 ""
FIBERMAP 1223 R+13C7 METROLOGY 0 0 0 1 0 0 8.680004120144975 254.6619609573623 143.1 -243.34424372233897 -75.54047806433292 63.970013 47.02072 -999.0 -999.0 -999.0 -999.0 -999.0 42.4315943596506 -53.252030359093744 42.30291317867881 -53.12998483050414 65.85135630802236 177.42054967434115 -999.0 6231.0 -999.0 -1 -999 {-999.0 -999.0 -999.0 -999.0 -999.0} "" -999.0 -999.0 -999.0 -999.0 -999 -999 "" "" "" "" 0 0 0.0 0.0 -999 ""
FIBERMAP 1224 R+5C18 APOGEE 0 0 0 1 0 0 167.47264613278895 93.99340868120865 143.1 -143.83072916502118 127.24611852948601 65.230576 24.362139 -999.0 -999.0 -999.0 -999.0 -999.0 42.94102692421693 -52.64098518046181 42.813680084371526 -52.5200419177755 66.43605194660344 176.5448808631819 -999.0 16600.0 -999.0 2 64 {-999.0 -999.0 -999.0 -999.0 -999.0} "" -999.0 -999.0 -999.0 -999.0 -999 -999 "" ops_sky_apogee_best_unassigned ops_sky sky_apogee 0 0 0.0 0.0 -999 ""
FIBERMAP 1224 R+5C18 BOSS 1 1 0 1 0 0 167.32898608108184 93.2689018711177 143.1 -143.09930291963997 127.34868401231137 65.230576 24.362139 42.944569905356644 -52.64074995629829 9.426668 3.7077842 1.7636186 42.94461601518972 -52.640738950958486 42.817246977749775 -52.51970893088166 66.43619554925402 176.53940001753705 5400.0 5400.0 2016.0 1 216 {-999.0 22.176064 20.23 18.6782 -999.0} sdss_psfmag_gaia 21.009993 19.404345 18.13199 15.741 63050395801432887 1094872793 bright_1x1 mwm_bin_vis_boss mwm_filler science 0 0 0.0 0.0 -999 ""
FIBERMAP 1224 R+5C18 METROLOGY 0 0 0 1 0 0 166.7711318781579 93.75721351639497 143.1 -143.377007657138 126.66130855248974 65.230576 24.362139 -999.0 -999.0 -999.0 -999.0 -999.0 42.94316636029258 -52.64277111692475 42.815795270792876 -52.52176427451376 66.43422454712949 176.5420469805339 -999.0 6231.0 -999.0 -1 -999 {-999.0 -999.0 -999.0 -999.0 -999.0} "" -999.0 -999.0 -999.0 -999.0 -999 -999 "" "" "" "" 0 0 0.0 0.0 -999 ""
FIBERMAP 1227 R-4C8 APOGEE 0 0 0 1 0 0 -91.43075837206446 -66.38303460117127 143.1 92.75292059396729 -64.5147268371029 84.09162 131.1654 -999.0 -999.0 -999.0 -999.0 -999.0 44.132335429326645 -53.22162314580451 43.99864806435835 -53.102591750928696 65.77981894674606 174.9413560437523 -999.0 16600.0 -999.0 2 -999 {-999.0 -999.0 -999.0 -999.0 -999.0} "" -999.0 -999.0 -999.0 -999.0 -999 -999 "" "" "" "" 0 0 0.0 0.0 -999 ""
FIBERMAP 1227 R-4C8 BOSS 1 1 0 1 0 0 -90.84620035974554 -65.93503369242981 143.1 92.1376375864502 -64.11001006993347 84.09162 131.1654 44.1293085700906 -53.22054684435237 -0.43715176 0.9417937 -0.51142675 44.12930640295947 -53.220544048949336 43.995612831254256 -53.10141197306819 65.78122291177422 174.9453923068353 5400.0 5400.0 2016.0 1 479 {-999.0 20.658077 20.326664 20.016254 19.758173} sdss_psfmag_from_gaiadr2 20.681978 20.407644 19.685968 -999.0 63050395801549702 1130304767 dark_flexible_3x1 bhm_gua_dark_d3 bhm_filler science 0 0 0.0 0.0 -999 ""
FIBERMAP 1227 R-4C8 METROLOGY 0 0 0 1 0 0 -90.74630364235914 -66.6847297118047 143.1 92.81276541402977 -63.7691590105607 84.09162 131.1654 -999.0 -999.0 -999.0 -999.0 -999.0 44.13271912907173 -53.219467963425465 43.99902640518684 -53.10036928794856 65.7819938240079 174.9401110377301 -999.0 6231.0 -999.0 -1 -999 {-999.0 -999.0 -999.0 -999.0 -999.0} "" -999.0 -999.0 -999.0 -999.0 -999 -999 "" "" "" "" 0 0 0.0 0.0 -999 ""
FIBERMAP 1228 R-4C5 APOGEE 0 0 0 1 0 0 -145.74622967257721 -67.6904119852878 143.1 111.84744874874521 -115.3776697818955 54.724285 103.13101 -999.0 -999.0 -999.0 -999.0 -999.0 44.23148205389929 -53.37513008494027 44.09673974638048 -53.256231488059456 65.61984660258777 174.8481876697094 -999.0 16600.0 -999.0 2 296 {-999.0 -999.0 -999.0 -999.0 -999.0} "" -999.0 -999.0 -999.0 -999.0 -999 -999 "" ops_sky_apogee_best_unassigned ops_sky sky_apogee 0 0 0.0 0.0 -999 ""
FIBERMAP 1228 R-4C5 BOSS 1 1 0 1 0 0 -145.0554683192818 -67.96374728584031 143.1 111.87843824184611 -114.63547151010364 54.724285 103.13101 44.23170445535503 -53.373024935442615 -999.0 -999.0 -999.0 44.23170445535503 -53.373024935442615 44.096950611894144 -53.25403097948782 65.62201151207442 174.84718493089852 5400.0 5400.0 2016.0 1 487 {-999.0 24.31898 22.870852 21.865614 21.316864} sdss_fiber2mag_from_lsdr10 1e+20 1e+20 1e+20 -999.0 63050398104733254 1131240485 dark_flexible_3x1 bhm_spiders_agn_lsdr10_d3 bhm_spiders science 0 0 0.0 0.0 -999 ""
FIBERMAP 1228 R-4C5 METROLOGY 0 0 0 1 0 0 -145.63842905822642 -68.43572396516899 143.1 112.51583756348985 -115.03079622617071 54.724285 103.13101 -999.0 -999.0 -999.0 -999.0 -999.0 44.234974032083066 -53.37418371388429 44.1002106043083 -53.25522249564076 65.62057416967968 174.8428799321424 -999.0 6231.0 -999.0 -1 -999 {-999.0 -999.0 -999.0 -999.0 -999.0} "" -999.0 -999.0 -999.0 -999.0 -999 -999 "" "" "" "" 0 0 0.0 0.0 -999 ""
FIBERMAP 1230 R+8C17 APOGEE 0 0 0 1 0 0 161.34262921698848 172.90284886367922 143.1 -216.33322346333793 95.51038899846024 112.94202 74.36541 -999.0 -999.0 -999.0 -999.0 -999.0 42.57823193569905 -52.73537259774439 42.4515335017864 -52.613784189560285 66.36012763151875 177.11156505774818 -999.0 16600.0 -999.0 2 75 {-999.0 -999.0 -999.0 -999.0 -999.0} "" -999.0 -999.0 -999.0 -999.0 -999 -999 "" ops_sky_apogee_best_unassigned ops_sky sky_apogee 0 0 0.0 0.0 -999 ""
FIBERMAP 1230 R+8C17 BOSS 1 1 0 1 0 0 162.0819158292872 172.9841026545836 143.1 -216.65304626863704 96.18181682947164 112.94202 74.36541 42.57665798591006 -52.73341426687029 -0.45448235 0.20575784 0.080116 42.57665575812119 -52.733413656146176 42.44995999827769 -52.61172950304216 66.36224621955986 177.1135698570519 5400.0 5400.0 2016.0 1 234 {-999.0 19.483963 19.270826 19.085663 18.941994} sdss_psfmag_from_gaiadr2 19.509756 19.284113 18.796274 -999.0 63050395801432778 1130302474 dark_flexible_3x1 bhm_gua_dark_d3 bhm_filler science 0 0 0.0 0.0 -999 ""
FIBERMAP 1230 R+8C17 METROLOGY 0 0 0 1 0 0 161.78721431079424 172.29807846195803 143.1 -215.90829593844316 96.12909247801443 112.94202 74.36541 -999.0 -999.0 -999.0 -999.0 -999.0 42.580293199272795 -52.733552159302555 42.453588960935974 -52.61190067443952 66.36191554323399 177.10811955851645 -999.0 6231.0 -999.0 -1 -999 {-999.0 -999.0 -999.0 -999.0 -999.0} "" -999.0 -999.0 -999.0 -999.0 -999 -999 "" "" "" "" 0 0 0.0 0.0 -999 ""
FIBERMAP 1233 R+11C16 APOGEE 0 0 0 1 1 0 171.3743636347108 205.6536549937952 143.1 -250.56007248724063 94.21480517328287 238.67294 159.00087 -999.0 -999.0 -999.0 -999.0 -999.0 42.40819325290884 -52.738183294646554 42.281993871432235 -52.616305327515526 66.36475206548613 177.3681207724811 -999.0 16600.0 -999.0 2 104 {-999.0 -999.0 -999.0 -999.0 -999.0} "" -999.0 -999.0 -999.0 -999.0 -999 -999 "" "" "" "" 0 0 0.0 0.0 -999 ""
FIBERMAP 1233 R+11C16 BOSS 1 0 0 1 1 0 170.80767232290245 205.19280257740667 143.1 -249.93852804763316 93.83118663763264 238.67294 159.00087 42.46617071783802 -52.75197232680991 4.9589 3.6462822 0.20768593 42.41125599702984 -52.73945850657416 42.28503124946866 -52.61749175505283 66.36344617148961 177.36372706226092 5400.0 5400.0 2016.0 1 178 {-999.0 17.204735 16.854092 16.747713 -999.0} sdss_psfmag_gaia 17.161558 16.872147 16.426102 15.954 63050395801432754 977122275 "" ops_std_boss ops_std standard_boss 0 0 0.0 0.0 -999 ""
FIBERMAP 1233 R+11C16 METROLOGY 0 0 0 1 1 0 170.6876990728381 205.93494883830692 143.1 -250.59992473265933 93.4738587950492 238.67294 159.00087 -999.0 -999.0 -999.0 -999.0 -999.0 42.40786599611728 -52.74046998483494 42.281649710872045 -52.61852374564824 66.36255232067126 177.36900669636697 -999.0 6231.0 -999.0 -1 -999 {-999.0 -999.0 -999.0 -999.0 -999.0} "" -999.0 -999.0 -999.0 -999.0 -999 -999 "" "" "" "" 0 0 0.0 0.0 -999 ""
FIBERMAP 1234 R+5C14 APOGEE 0 0 0 1 0 0 62.33764929913364 80.5579318930477 143.1 -96.57265063253597 32.379678538044935 322.5542 80.57856 -999.0 -999.0 -999.0 -999.0 -999.0 43.17446068131748 -52.929126694529835 43.04506069848878 -52.80850710897908 66.13607486152765 176.26226766042873 -999.0 16600.0 -999.0 2 93 {-999.0 -999.0 -999.0 -999.0 -999.0} "" -999.0 -999.0 -999.0 -999.0 -999 -999 "" ops_sky_apogee_best_unassigned ops_sky sky_apogee 0 0 0.0 0.0 -999 ""
FIBERMAP 1234 R+5C14 BOSS 1 1 0 1 0 0 61.777252504398156 80.07092244242763 143.1 -95.92847454019044 32.010605135842866 322.5542 80.57856 43.1776082436016 -52.930368311003654 2.083465 12.979461 1.8330473 43.177618502765 -52.93032978576744 43.04818923692733 -52.809621071891534 66.13478741701331 176.25787406229236 5400.0 5400.0 2016.0 1 166 {-999.0 21.111568 19.266176 18.035507 -999.0} sdss_psfmag_gaia 20.153381 18.73464 17.565788 15.47 63050395801414587 1092494849 dark_flexible_2x1 mwm_cb_galex_vol_boss mwm_cb science 0 0 0.0 0.0 -999 ""
FIBERMAP 1234 R+5C14 METROLOGY 0 0 0 1 0 0 61.627009784517526 80.78835605405247 143.1 -96.55658067996207 31.63281827452629 322.5542 80.57856 -999.0 -999.0 -999.0 -999.0 -999.0 43.1744322829856 -52.93144046528615 43.04501080686168 -52.81075252801581 66.13384229297368 176.26286524307906 -999.0 6231.0 -999.0 -1 -999 {-999.0 -999.0 -999.0 -999.0 -999.0} "" -999.0 -999.0 -999.0 -999.0 -999 -999 "" "" "" "" 0 0 0.0 0.0 -999 ""
FIBERMAP 1236 R+13C5 APOGEE 0 0 0 1 0 0 -58.476126807477385 264.4469003795909 143.1 -230.5025080702885 -142.17685560388205 96.435745 122.41561 -999.0 -999.0 -999.0 -999.0 -999.0 42.49267053603506 -53.453873180141336 42.36284828491364 -53.33194543645493 65.6474582282523 177.3660651593727 -999.0 16600.0 -999.0 2 52 {-999.0 -999.0 -999.0 -999.0 -999.0} "" -999.0 -999.0 -999.0 -999.0 -999 -999 "" ops_sky_apogee_best_unassigned ops_sky sky_apogee 0 0 0.0 0.0 -999 ""
FIBERMAP 1236 R+13C5 BOSS 1 1 0 1 0 0 -57.89147335426826 264.92148640934954 143.1 -231.14292812777995 -141.78079037402446 96.435745 122.41561 42.48932294318801 -53.45274675143748 31.21772 2.887575 2.0954802 42.48947854638904 -53.45273818052544 42.35966150401951 -53.33070872667388 65.64882009942846 177.3704684740571 5400.0 5400.0 2016.0 1 89 {-999.0 19.43866 19.369074 19.377537 -999.0} sdss_psfmag_gaia 19.43368 19.335684 19.01201 -999.0 63050395801413504 1144235390 dark_1x3 mwm_wd_gaia_boss_1x3 mwm_wd science 0 0 0.0 0.0 -999 ""
FIBERMAP 1236 R+13C5 METROLOGY 0 0 0 1 0 0 -57.78750149131219 264.16119389359085 143.1 -230.45913347686076 -141.43260663067088 96.435745 122.41561 -999.0 -999.0 -999.0 -999.0 -999.0 42.492868740306854 -53.45172255153507 42.36304832948292 -53.32972634540698 65.64966424791722 177.36541388625992 -999.0 6231.0 -999.0 -1 -999 {-999.0 -999.0 -999.0 -999.0 -999.0} "" -999.0 -999.0 -999.0 -999.0 -999 -999 "" "" "" "" 0 0 0.0 0.0 -999 ""
FIBERMAP 1237 R-2C7 APOGEE 0 0 0 1 0 0 -149.69277881469338 -36.83536080062163 143.1 84.00716806780225 -129.25029163411838 187.69308 100.787094 -999.0 -999.0 -999.0 -999.0 -999.0 44.09064763460559 -53.41808060854284 43.95611749021646 -53.2989226421777 65.58832202290776 175.06336097563948 -999.0 16600.0 -999.0 2 286 {-999.0 -999.0 -999.0 -999.0 -999.0} "" -999.0 -999.0 -999.0 -999.0 -999 -999 "" ops_sky_apogee_best_unassigned ops_sky sky_apogee 0 0 0.0 0.0 -999 ""
FIBERMAP 1237 R-2C7 BOSS 1 1 0 1 0 0 -149.66015419541137 -36.096903511175874 143.1 83.29907813433299 -129.46230063108788 187.69308 100.787094 44.08713775307661 -53.41889634641825 -999.0 -999.0 -999.0 44.08713775307661 -53.41889634641825 43.952593720814896 -53.299635449867004 65.58787991726336 175.06863303341615 5400.0 5400.0 2015.5 1 469 {-999.0 -999.0 -999.0 -999.0 -999.0} "" -999.0 -999.0 -999.0 -999.0 27021603157760758 813531267 "" ops_sky_boss_good ops_sky sky_boss 0 0 0.0 0.0 -999 ""
FIBERMAP 1237 R-2C7 METROLOGY 0 0 0 1 0 0 -149.04037368552707 -36.50134753787189 143.1 83.47721997432133 -128.74402222862864 187.69308 100.787094 -999.0 -999.0 -999.0 -999.0 -999.0 44.08802606341934 -53.41670343210905 43.95349597481339 -53.29747205813167 65.58995828020169 175.06668005653253 -999.0 6231.0 -999.0 -1 -999 {-999.0 -999.0 -999.0 -999.0 -999.0} "" -999.0 -999.0 -999.0 -999.0 -999 -999 "" "" "" "" 0 0 0.0 0.0 -999 ""
FIBERMAP 1238 R-9C3 APOGEE 1 1 0 1 0 0 -129.59802366490155 -166.45129843589785 143.1 199.80250136013353 -67.6537469458658 62.19115 76.108376 44.67319313707616 -53.226431692271184 13.703012 -15.450891 3.9736073 44.673261077645776 -53.226477553109575 44.53793469815786 -53.10840137947083 65.7292875345693 174.16247746294502 16000.0 16600.0 2016.0 2 283 {-999.0 19.315865 17.371002 15.825166 -999.0} sdss_psfmag_gaia 18.190073 16.550993 15.31703 12.928 63050395801545765 1034964925 bright_1x1 mwm_yso_pms_apogee_sagitta_edr3_single mwm_yso science 0 0 0.0 0.0 -999 ""
FIBERMAP 1238 R-9C3 BOSS 0 0 0 1 0 0 -129.02847208708374 -166.9322284030733 143.1 200.0693888999313 -66.95775229523335 62.19115 76.108376 -999.0 -999.0 -999.0 -999.0 -999.0 44.67465541461028 -53.22446646249166 44.53930940808033 -53.10629731123431 65.73124607047343 174.1597332214127 -999.0 5400.0 -999.0 1 464 {-999.0 -999.0 -999.0 -999.0 -999.0} "" -999.0 -999.0 -999.0 -999.0 -999 -999 "" "" "" "" 0 0 0.0 0.0 -999 ""
FIBERMAP 1238 R-9C3 METROLOGY 0 0 0 1 0 0 -129.74109428767585 -167.17707239846695 143.1 200.5349304264944 -67.5502081730714 62.19115 76.108376 -999.0 -999.0 -999.0 -999.0 -999.0 44.6770881732405 -53.22621622959539 44.54173298493316 -53.10807801497634 65.7292693360159 174.1568749862835 -999.0 6231.0 -999.0 -1 -999 {-999.0 -999.0 -999.0 -999.0 -999.0} "" -999.0 -999.0 -999.0 -999.0 -999 -999 "" "" "" "" 0 0 0.0 0.0 -999 ""
FIBERMAP 1239 R0C25 APOGEE 1 1 0 1 0 0 239.96292233854152 19.810075667335603 143.1 -97.61178493487584 220.09515031358973 168.1959 42.94758 43.17420301159587 -52.36117661716276 8.700686 -5.2153015 0.78030086 43.17424530058427 -52.36119209705263 43.04750508815537 -52.24072507797667 66.70112395265953 176.12312307635784 16000.0 16600.0 2016.0 2 105 {-999.0 13.398188 12.860331 12.660562 -999.0} sdss_psfmag_from_g3xp 13.273238 12.882556 12.32092 11.232 63050395801570339 1108918828 bright_flexible_3x1 mwm_tess_rgb_apogee mwm_tessrgb science 0 0 0.0 0.0 -999 ""
FIBERMAP 1239 R0C25 BOSS 0 0 0 1 0 0 240.6109037205315 20.15554053459949 143.1 -98.15109274683358 220.5934766580978 168.1959 42.94758 -999.0 -999.0 -999.0 -999.0 -999.0 43.17158911498481 -52.359758114077955 43.04484848965723 -52.239194920048966 66.70280396581761 176.12684355179962 -999.0 5400.0 -999.0 1 179 {-999.0 -999.0 -999.0 -999.0 -999.0} "" -999.0 -999.0 -999.0 -999.0 -999 -999 "" "" "" "" 0 0 0.0 0.0 -999 ""
FIBERMAP 1239 R0C25 METROLOGY 0 0 0 1 0 0 240.61282268096224 19.444794314072116 143.1 -97.4805303215082 220.8289949963882 168.1959 42.94758 -999.0 -999.0 -999.0 -999.0 -999.0 43.17488534591495 -52.358988611143545 43.048142672355596 -52.23845735163511 66.70334337238332 176.1215867680079 -999.0 6231.0 -999.0 -1 -999 {-999.0 -999.0 -999.0 -999.0 -999.0} "" -999.0 -999.0 -999.0 -999.0 -999 -999 "" "" "" "" 0 0 0.0 0.0 -999 ""
FIBERMAP 1244 R-7C12 APOGEE 0 0 0 1 0 0 43.50567294495701 -138.05744669695605 143.1 116.06914327986168 86.48037250380487 321.3467 141.3952 -999.0 -999.0 -999.0 -999.0 -999.0 44.241818849090976 -52.76277636065679 44.110037154447184 -52.64406183061401 66.22550583281924 174.62903134699744 -999.0 16600.0 -999.0 2 163 {-999.0 -999.0 -999.0 -999.0 -999.0} "" -999.0 -999.0 -999.0 -999.0 -999 -999 "" ops_sky_apogee_best_unassigned ops_sky sky_apogee 0 0 0.0 0.0 -999 ""
FIBERMAP 1244 R-7C12 BOSS 1 1 0 1 0 0 43.684563332862055 -138.77618676230676 143.1 116.68906330003873 86.88564238484967 321.3467 141.3952 44.24429992153762 -52.76139904697716 20.064384 -61.960358 0.89591026 44.24500506244984 -52.76158295576285 44.11319908273887 -52.64278086690613 66.22651613435697 174.62388687102165 5400.0 5400.0 2016.0 1 394 {-999.0 14.307879 14.078369 14.000965 -999.0} sdss_psfmag_from_g3xp 14.288395 14.059833 13.674871 12.989 63050395801550948 1135999855 dark_flexible_3x1 mwm_halo_local_high_boss_triple mwm_halo science 0 0 1.3217440843582153 0.0 -999 ""
FIBERMAP 1244 R-7C12 METROLOGY 0 0 0 1 0 0 42.97249378149892 -138.59331586950674 143.1 116.75051041806766 86.15306803734472 321.3467 141.3952 -999.0 -999.0 -999.0 -999.0 -999.0 44.24537258790261 -52.76376566951329 44.11356058988764 -52.64499006287374 66.22429755026866 174.62408767145666 -999.0 6231.0 -999.0 -1 -999 {-999.0 -999.0 -999.0 -999.0 -999.0} "" -999.0 -999.0 -999.0 -999.0 -999 -999 "" "" "" "" 0 0 0.0 0.0 -999 ""
FIBERMAP 1245 R-13C10 APOGEE 0 0 0 1 0 0 41.19058936045306 -246.50834184228864 143.1 219.24602100184094 119.95473158531642 179.51942 94.17674 -999.0 -999.0 -999.0 -999.0 -999.0 44.753269239389354 -52.65760375591607 44.62049637195315 -52.53982356080352 66.28376633136405 173.82957155173582 -999.0 16600.0 -999.0 2 158 {-999.0 -999.0 -999.0 -999.0 -999.0} "" -999.0 -999.0 -999.0 -999.0 -999 -999 "" "" "" "" 0 0 0.0 0.0 -999 ""
FIBERMAP 1245 R-13C10 BOSS 1 1 0 1 0 0 41.11660345557745 -245.76264922994048 143.1 218.56615385077455 119.63966580217134 179.51942 94.17674 44.749982578568975 -52.65866935553302 -999.0 -999.0 -999.0 44.749982578568975 -52.65866935553302 44.617190241420374 -52.54078995249408 66.28312216932008 173.83488209072888 5400.0 5400.0 2016.0 1 439 {-999.0 20.059229 19.180141 18.80514 18.465939} sdss_fiber2mag_from_lsdr10 1e+20 1e+20 1e+20 -999.0 63050397389865435 1128180028 dark_flexible_3x1 bhm_spiders_clusters_lsdr10_d3 bhm_spiders science 0 0 0.0 0.0 -999 ""
FIBERMAP 1245 R-13C10 METROLOGY 0 0 0 1 0 0 41.79793347926642 -246.0681765534183 143.1 218.63064508188307 120.38354291226946 179.51942 94.17674 -999.0 -999.0 -999.0 -999.0 -999.0 44.75027747794385 -52.656372266906324 44.61750216445762 -52.5385203913343 66.28533520548785 173.8335446028384 -999.0 6231.0 -999.0 -1 -999 {-999.0 -999.0 -999.0 -999.0 -999.0} "" -999.0 -999.0 -999.0 -999.0 -999 -999 "" "" "" "" 0 0 0.0 0.0 -999 ""
FIBERMAP 1248 R-10C3 APOGEE 0 0 0 1 0 0 -129.9288577258934 -203.92366213521456 143.1 235.29832385992077 -55.64458162833567 276.4821 133.74554 -999.0 -999.0 -999.0 -999.0 -999.0 44.85067109276643 -53.18801399226032 44.715006973604034 -53.07026373649989 65.75087313209 173.8925797173358 -999.0 16600.0 -999.0 2 284 {-999.0 -999.0 -999.0 -999.0 -999.0} "" -999.0 -999.0 -999.0 -999.0 -999 -999 "" ops_sky_apogee_best_unassigned ops_sky sky_apogee 0 0 0.0 0.0 -999 ""
FIBERMAP 1248 R-10C3 BOSS 1 1 0 1 0 0 -130.38414198612224 -204.53289770257845 143.1 236.02336132773803 -55.874201825807894 276.4821 133.74554 44.854397664049245 -53.188763611190325 -999.0 -999.0 -999.0 44.85439766404924 -53.188763611190325 44.71869386942413 -53.07092437840007 65.74987730110655 173.88750050184223 5400.0 5400.0 2015.5 1 465 {-999.0 -999.0 -999.0 -999.0 -999.0} "" -999.0 -999.0 -999.0 -999.0 27021603157758477 821479845 "" ops_sky_boss_good ops_sky sky_boss 0 0 0.0 0.0 -999 ""
FIBERMAP 1248 R-10C3 METROLOGY 0 0 0 1 0 0 -130.6658714774704 -203.83327785947057 143.1 235.4553128461024 -56.37030077244347 276.4821 133.74554 -999.0 -999.0 -999.0 -999.0 -999.0 44.85165125520288 -53.190282077055784 44.71595509791314 -53.07246456920923 65.74861063298466 173.89203930749142 -999.0 6231.0 -999.0 -1 -999 {-999.0 -999.0 -999.0 -999.0 -999.0} "" -999.0 -999.0 -999.0 -999.0 -999 -999 "" "" "" "" 0 0 0.0 0.0 -999 ""
FIBERMAP 1250 R-9C17 APOGEE 0 0 0 1 0 0 184.05897687686922 -169.324109599854 143.1 99.37936651423502 229.49297102124217 44.998005 86.97278 -999.0 -999.0 -999.0 -999.0 -999.0 44.15001515985899 -52.33119795696123 44.020558918325264 -52.21243812208299 66.6605463475966 174.61919374853935 -999.0 16600.0 -999.0 2 -999 {-999.0 -999.0 -999.0 -999.0 -999.0} "" -999.0 -999.0 -999.0 -999.0 -999 -999 "" "" "" "" 0 0 0.0 0.0 -999 ""
FIBERMAP 1250 R-9C17 BOSS 1 1 0 1 0 0 184.56836943337655 -169.90711641554608 143.1 99.7624317281131 230.16571918898535 44.998005 86.97278 44.151900561550924 -52.32924222693328 -999.0 -999.0 -999.0 44.15190056155093 -52.32924222693328 44.02242786912643 -52.21039455736055 66.66241820574406 174.6156385034641 5400.0 5400.0 2016.0 1 334 {-999.0 22.103796 20.59262 19.986736 19.59028} sdss_fiber2mag_from_lsdr10 20.540924 21.749338 18.740421 16.248 63050395801552718 1128182142 dark_flexible_3x1 bhm_spiders_clusters_lsdr10_d3 bhm_spiders science 0 0 0.0 0.0 -999 ""
FIBERMAP 1250 R-9C17 METROLOGY 0 0 0 1 0 0 183.8389631633787 -170.03901671457047 143.1 100.12683374445895 229.52027534698934 44.998005 86.97278 -999.0 -999.0 -999.0 -999.0 -999.0 44.15376420208884 -52.33110947309053 44.02428298476269 -52.21229055428622 66.66038703288784 174.6134360461515 -999.0 6231.0 -999.0 -1 -999 {-999.0 -999.0 -999.0 -999.0 -999.0} "" -999.0 -999.0 -999.0 -999.0 -999 -999 "" "" "" "" 0 0 0.0 0.0 -999 ""
FIBERMAP 1255 R-8C3 APOGEE 0 0 0 1 0 0 -144.96183207913973 -165.8861271619836 143.1 204.32067880758382 -82.34840269480405 340.04245 94.67042 -999.0 -999.0 -999.0 -999.0 -999.0 44.69716648074441 -53.27069424999899 44.56154739052681 -53.152648167358265 65.68342771302208 174.14439031846535 -999.0 16600.0 -999.0 2 282 {-999.0 -999.0 -999.0 -999.0 -999.0} "" -999.0 -999.0 -999.0 -999.0 -999 -999 "" ops_sky_apogee_best_unassigned ops_sky sky_apogee 0 0 0.0 0.0 -999 ""
FIBERMAP 1255 R-8C3 BOSS 1 1 0 1 0 0 -145.16569919248553 -166.59499302570265 143.1 205.05713168740695 -82.3078367944075 340.04245 94.67042 44.700940887545435 -53.27063851082331 5.2268844 -0.47908646 0.19804978 44.700966829594584 -53.270639932830186 44.565312723603185 -53.15250483504469 65.68323336461194 174.13891606625015 5400.0 5400.0 2016.0 1 463 {-999.0 17.514309 17.138533 17.022024 -999.0} sdss_psfmag_gaia 17.466469 17.159906 16.703865 15.6 63050395801545698 977122792 "" ops_std_boss ops_std standard_boss 0 0 0.0 0.0 -999 ""
FIBERMAP 1255 R-8C3 METROLOGY 0 0 0 1 0 0 -145.68109619348158 -166.04973582944535 143.1 204.71168970793522 -82.9738425059198 340.04245 94.67042 -999.0 -999.0 -999.0 -999.0 -999.0 44.69932323392332 -53.272660250127494 44.56367068828263 -53.154548805247735 65.68135876446144 174.14201952308665 -999.0 6231.0 -999.0 -1 -999 {-999.0 -999.0 -999.0 -999.0 -999.0} "" -999.0 -999.0 -999.0 -999.0 -999 -999 "" "" "" "" 0 0 0.0 0.0 -999 ""
FIBERMAP 1257 R0C5 APOGEE 0 0 0 1 0 0 -211.4490611366663 8.283182404813298 143.1 61.706036467671865 -202.405646223337 138.66937 120.31234 -999.0 -999.0 -999.0 -999.0 -999.0 43.97950124563406 -53.63974963397302 43.844207073657515 -53.52033641649587 65.37682863003194 175.28871105566463 -999.0 16600.0 -999.0 2 278 {-999.0 -999.0 -999.0 -999.0 -999.0} "" -999.0 -999.0 -999.0 -999.0 -999 -999 "" ops_sky_apogee_best_unassigned ops_sky sky_apogee 0 0 0.0 0.0 -999 ""
FIBERMAP 1257 R0C5 BOSS 1 1 0 1 0 0 -211.1883660730485 8.97712624085587 143.1 60.964989155034154 -202.38763999959787 138.66937 120.31234 43.97576168989338 -53.639860452798615 -999.0 -999.0 -999.0 43.97576168989338 -53.639860452798615 43.840458450567155 -53.52034310150465 65.37709109171587 175.29402302702897 5400.0 5400.0 2015.5 1 452 {-999.0 -999.0 -999.0 -999.0 -999.0} "" -999.0 -999.0 -999.0 -999.0 27021603157673616 813517375 "" ops_sky_boss_good ops_sky sky_boss 0 0 0.0 0.0 -999 ""
FIBERMAP 1257 R0C5 METROLOGY 0 0 0 1 0 0 -210.7121240767513 8.403237227012772 143.1 61.35034447158903 -201.74919567126733 138.66937 120.31234 -999.0 -999.0 -999.0 -999.0 -999.0 43.97772037831336 -53.63792696632535 43.84242642890331 -53.518441224503 65.37883781686432 175.29068408739167 -999.0 6231.0 -999.0 -1 -999 {-999.0 -999.0 -999.0 -999.0 -999.0} "" -999.0 -999.0 -999.0 -999.0 -999 -999 "" "" "" "" 0 0 0.0 0.0 -999 ""
FIBERMAP 1258 R-12C12 APOGEE 0 0 0 1 0 0 80.50917446706801 -233.9074177360049 143.1 194.41767496864165 152.94183868413643 146.75764 150.34102 -999.0 -999.0 -999.0 -999.0 -999.0 44.62681077521104 -52.55905378261054 44.494882282850824 -52.44107531858531 66.39302324440854 173.98040015187752 -999.0 16600.0 -999.0 2 -999 {-999.0 -999.0 -999.0 -999.0 -999.0} "" -999.0 -999.0 -999.0 -999.0 -999 -999 "" "" "" "" 0 0 0.0 0.0 -999 ""
FIBERMAP 1258 R-12C12 BOSS 1 1 0 1 0 0 80.17030473175777 -233.2101601813124 143.1 193.8706460568841 152.392556093376 146.75764 150.34102 44.6242058464347 -52.56081100238354 -999.0 -999.0 -999.0 44.6242058464347 -52.56081100238354 44.49225339479712 -52.44273478851862 66.39162364337245 173.98497933635312 5400.0 5400.0 2016.0 1 428 {-999.0 19.312113 18.414762 18.044258 17.711454} sdss_fiber2mag_from_lsdr10 18.197222 19.890488 16.80097 14.706 63050395801551144 1057825622 dark_flexible_2x1 bhm_spiders_clusters_lsdr10 bhm_spiders science 0 0 0.0 0.0 -999 ""
FIBERMAP 1258 R-12C12 METROLOGY 0 0 0 1 0 0 80.91350889025718 -233.27812297913786 143.1 193.69044782369778 153.11674856413154 146.75764 150.34102 -999.0 -999.0 -999.0 -999.0 -999.0 44.62328766557012 -52.558580231468795 44.49135515021038 -52.44052925177276 66.39388642441898 173.9855031307747 -999.0 6231.0 -999.0 -1 -999 {-999.0 -999.0 -999.0 -999.0 -999.0} "" -999.0 -999.0 -999.0 -999.0 -999 -999 "" "" "" "" 0 0 0.0 0.0 -999 ""
FIBERMAP 1259 R+6C4 APOGEE 0 0 0 1 0 0 -139.546251529224 121.06246094379031 143.1 -68.44004998398111 -171.5880650945151 49.48226 77.301094 -999.0 -999.0 -999.0 -999.0 -999.0 43.314615398629506 -53.54778285140215 43.18180909930447 -53.427237664756596 65.5123302511938 176.2073574066171 -999.0 16600.0 -999.0 2 -999 {-999.0 -999.0 -999.0 -999.0 -999.0} "" -999.0 -999.0 -999.0 -999.0 -999 -999 "" "" "" "" 0 0 0.0 0.0 -999 ""
FIBERMAP 1259 R+6C4 BOSS 1 1 0 1 0 0 -139.06985656351472 120.48655847595369 143.1 -68.05284356062184 -170.9488142495103 49.48226 77.301094 43.316572065354286 -53.546009854268824 -0.6073923 -0.22400987 -0.7429682 43.31656903116927 -53.54601051916799 43.18374952165796 -53.425372001299095 65.51407480883077 176.20414396133174 5400.0 5400.0 2016.0 1 39 {-999.0 20.90487 20.198412 19.758507 19.43233} sdss_fiber2mag_from_lsdr10 19.817366 20.556475 18.65863 16.115 63050395801412460 1131238357 dark_flexible_3x1 bhm_spiders_agn_lsdr10_d3 bhm_spiders science 0 0 0.0 0.0 -999 ""
FIBERMAP 1259 R+6C4 METROLOGY 0 0 0 1 0 0 -139.83631637402084 120.37299694718926 143.1 -67.69357589571482 -171.635279732183 49.48226 77.301094 -999.0 -999.0 -999.0 -999.0 -999.0 43.31838008918392 -53.54808202388193 43.185549362883876 -53.42747360886162 65.51187892248078 176.20206153954007 -999.0 6231.0 -999.0 -1 -999 {-999.0 -999.0 -999.0 -999.0 -999.0} "" -999.0 -999.0 -999.0 -999.0 -999 -999 "" "" "" "" 0 0 0.0 0.0 -999 ""
FIBERMAP 1262 R-5C7 APOGEE 0 0 0 1 0 0 -110.86476596060297 -106.7770380785152 143.1 137.2892622865859 -69.58496155639133 230.41187 110.21689 -999.0 -999.0 -999.0 -999.0 -999.0 44.35794601365193 -53.23538473315166 44.223515120321906 -53.1167471174653 65.74789988078422 174.61999537996726 -999.0 16600.0 -999.0 2 293 {-999.0 -999.0 -999.0 -999.0 -999.0} "" -999.0 -999.0 -999.0 -999.0 -999 -999 "" ops_sky_apogee_best_unassigned ops_sky sky_apogee 0 0 0.0 0.0 -999 ""
FIBERMAP 1262 R-5C7 BOSS 1 1 0 1 0 0 -111.57426979069218 -106.49652894728415 143.1 137.2576610484296 -70.34721817678886 230.41187 110.21689 44.357889649199706 -53.23782587332777 12.723955 1.3643106 0.16834566 44.357952752247826 -53.23782182380632 44.223487913720156 -53.11908787428942 65.74558329981117 174.62081323221457 5400.0 5400.0 2016.0 1 482 {-999.0 17.088087 16.759783 16.662397 -999.0} sdss_psfmag_gaia 17.05217 16.774708 16.340933 15.681 63050395801549745 980357214 "" ops_std_boss_tic ops_std standard_boss 0 0 0.0 0.0 -999 ""
FIBERMAP 1262 R-5C7 METROLOGY 0 0 0 1 0 0 -110.99345569340039 -106.03736334766387 143.1 136.63306572835276 -69.94970812852536 230.41187 110.21689 -999.0 -999.0 -999.0 -999.0 -999.0 44.35479113386461 -53.23662337803207 44.220347823099985 -53.11791127787829 65.74700619970072 174.6249669132453 -999.0 6231.0 -999.0 -1 -999 {-999.0 -999.0 -999.0 -999.0 -999.0} "" -999.0 -999.0 -999.0 -999.0 -999 -999 "" "" "" "" 0 0 0.0 0.0 -999 ""
FIBERMAP 1263 R-7C13 APOGEE 0 0 0 1 0 0 60.80722725741849 -143.29203642260768 143.1 115.32336682134459 104.54032813954538 256.32596 154.02788 -999.0 -999.0 -999.0 -999.0 -999.0 44.236981814416055 -52.708080448316785 44.10547750210594 -52.58937216381484 66.28006874635133 174.61751389615443 -999.0 16600.0 -999.0 2 176 {-999.0 -999.0 -999.0 -999.0 -999.0} "" -999.0 -999.0 -999.0 -999.0 -999 -999 "" ops_sky_apogee_best_unassigned ops_sky sky_apogee 0 0 0.0 0.0 -999 ""
FIBERMAP 1263 R-7C13 BOSS 1 1 0 1 0 0 60.32897908274585 -143.88595983626797 143.1 116.0414952010143 104.28398705022028 256.32596 154.02788 44.24070406722317 -52.70882562015557 -3.2591648 -19.765448 2.2066998 44.2406881003792 -52.70888428734771 44.10914894459688 -52.590089186383814 66.27905698318654 174.61226090531645 5400.0 5400.0 2016.0 1 419 {-999.0 19.018557 17.461699 16.657682 -999.0} sdss_psfmag_gaia 18.346075 17.272577 16.247946 14.324 63050395801550995 1124850712 dark_1x1 openfibertargets_mwm_snc_further_ext_boss open_fiber science 0 0 0.0 0.0 -999 ""
FIBERMAP 1263 R-7C13 METROLOGY 0 0 0 1 0 0 60.06717026420086 -143.18519712634685 143.1 115.46581717649165 103.8063244019268 256.32596 154.02788 -999.0 -999.0 -999.0 -999.0 -999.0 44.237856537800646 -52.71030958368015 44.1063239317196 -52.59153533692773 66.27785594959335 174.616973478463 -999.0 6231.0 -999.0 -1 -999 {-999.0 -999.0 -999.0 -999.0 -999.0} "" -999.0 -999.0 -999.0 -999.0 -999 -999 "" "" "" "" 0 0 0.0 0.0 -999 ""
FIBERMAP 1268 R0C1 APOGEE 0 0 0 1 0 0 -302.5148932291723 -4.047242015103959 143.1 103.2943635111535 -284.3492272573581 190.72423 126.05365 -999.0 -999.0 -999.0 -999.0 -999.0 44.1948365868338 -53.88449384174573 44.05765281968144 -53.765392025311165 65.11796575801688 175.0614642136082 -999.0 16600.0 -999.0 2 254 {-999.0 -999.0 -999.0 -999.0 -999.0} "" -999.0 -999.0 -999.0 -999.0 -999 -999 "" ops_sky_apogee_best_unassigned ops_sky sky_apogee 0 0 0.0 0.0 -999 ""
FIBERMAP 1268 R0C1 BOSS 1 1 0 1 0 0 -303.03420778735375 -3.537889305685052 143.1 102.98411610838943 -285.00712647281983 190.72423 126.05365 44.193198725667536 -53.88646594370373 11.675734 -18.370115 7.08156 44.19325752504123 -53.88652046930009 44.05604975679183 -53.76731740629563 65.11617669711134 175.06428049281843 5400.0 5400.0 2016.0 1 524 {-999.0 19.584301 19.39165 19.349077 -999.0} sdss_psfmag_gaia 19.655542 19.38398 19.09369 -999.0 63050395801407046 1143594890 dark_1x3 mwm_wd_pwd_boss_1x3 mwm_wd science 0 0 0.0 0.0 -999 ""
FIBERMAP 1268 R0C1 METROLOGY 0 0 0 1 0 0 -302.3598818032089 -3.3242050648949273 143.1 102.56059279196184 -284.4405897499579 190.72423 126.05365 -999.0 -999.0 -999.0 -999.0 -999.0 44.19110591022132 -53.88487782034414 44.053916302784216 -53.7656986499898 65.1179427687249 175.06676350527297 -999.0 6231.0 -999.0 -1 -999 {-999.0 -999.0 -999.0 -999.0 -999.0} "" -999.0 -999.0 -999.0 -999.0 -999 -999 "" "" "" "" 0 0 0.0 0.0 -999 ""
FIBERMAP 1269 R+7C9 APOGEE 1 1 0 1 0 0 -27.294948738463027 129.59677102145403 143.1 -113.40967987029845 -68.38974741190465 271.06738 153.01312 43.087265153661804 -53.23471186311773 13.871888 7.9375963 1.735605 43.08733394472083 -53.23468830296886 42.95674022304519 -53.11383633361212 65.83694386988806 176.4615520885265 16000.0 16600.0 2016.0 2 139 {-999.0 10.376191 9.431894 9.112617 -999.0} sdss_psfmag_from_g3xp 10.072165 9.482028 8.757027 7.3 63050395801414254 1105986234 bright_1x1 mwm_tess_rgb_apogee mwm_tessrgb science 0 0 0.0 0.0 -999 ""
FIBERMAP 1269 R+7C9 BOSS 0 0 0 1 0 0 -27.623540308185483 128.9171215475485 143.1 -112.65980584804764 -68.47657196617574 271.06738 153.01312 -999.0 -999.0 -999.0 -999.0 -999.0 43.091050879800065 -53.235094408718986 42.96042877145692 -53.11415273206846 65.83642952702053 176.45623492946714 -999.0 5400.0 -999.0 1 136 {-999.0 -999.0 -999.0 -999.0 -999.0} "" -999.0 -999.0 -999.0 -999.0 -999 -999 "" "" "" "" 0 0 0.0 0.0 -999 ""
FIBERMAP 1269 R+7C9 METROLOGY 0 0 0 1 0 0 -28.03539859632457 129.540730803099 143.1 -113.11328501396045 -69.0705644313145 271.06738 153.01312 -999.0 -999.0 -999.0 -999.0 -999.0 43.08871852009077 -53.236867775811874 42.95809909206173 -53.115948752706714 65.83476665449083 176.4600318130017 -999.0 6231.0 -999.0 -1 -999 {-999.0 -999.0 -999.0 -999.0 -999.0} "" -999.0 -999.0 -999.0 -999.0 -999 -999 "" "" "" "" 0 0 0.0 0.0 -999 ""
FIBERMAP 1273 R+2C9 APOGEE 0 0 0 1 0 0 -71.40180693436709 34.33703430421988 143.1 -8.947987982475796 -78.71895430592194 26.337011 68.26908 -999.0 -999.0 -999.0 -999.0 -999.0 43.61695717150645 -53.26663777603096 43.48460203821713 -53.14669300634855 65.77269929787411 175.70061158905474 -999.0 16600.0 -999.0 2 32 {-999.0 -999.0 -999.0 -999.0 -999.0} "" -999.0 -999.0 -999.0 -999.0 -999 -999 "" ops_sky_apogee_best_unassigned ops_sky sky_apogee 0 0 0.0 0.0 -999 ""
FIBERMAP 1273 R+2C9 BOSS 1 1 0 1 0 0 -71.30004961222627 33.600750604785134 143.1 -8.28613788377514 -78.38075639640415 26.337011 68.26908 43.62032274436402 -53.265750100407544 -999.0 -999.0 -999.0 43.62032274436402 -53.26575010040754 43.48794417280167 -53.14571552282439 65.77345168405711 175.69549549761481 5400.0 5400.0 2016.0 1 54 {-999.0 22.407259 21.914705 21.439518 21.067474} sdss_fiber2mag_from_lsdr10 1e+20 1e+20 1e+20 -999.0 63050396674850446 1131240469 dark_flexible_3x1 bhm_spiders_agn_lsdr10_d3 bhm_spiders science 0 0 0.0 0.0 -999 ""
FIBERMAP 1273 R+2C9 METROLOGY 0 0 0 1 0 0 -72.0003912429531 33.88731752927665 143.1 -8.326472497163232 -79.13635260259457 26.337011 68.26908 -999.0 -999.0 -999.0 -999.0 -999.0 43.620120901657906 -53.26802282883939 43.487736848046666 -53.14801445461719 65.77118016210916 175.69640967397717 -999.0 6231.0 -999.0 -1 -999 {-999.0 -999.0 -999.0 -999.0 -999.0} "" -999.0 -999.0 -999.0 -999.0 -999 -999 "" "" "" "" 0 0 0.0 0.0 -999 ""
FIBERMAP 1275 R-6C7 APOGEE 1 1 0 1 0 0 -80.92857195449191 -123.20275625345171 143.1 142.9573342038083 -35.91363526491802 304.99707 132.48404 44.38448055926614 -53.13308008853833 10.097201 7.634859 1.669684 44.38453051303847 -53.13305742697415 44.250524894217776 -53.01449469448619 65.84695318041373 174.54651706620325 16000.0 16600.0 2016.0 2 246 {-999.0 10.3671 9.495412 9.183507 -999.0} sdss_psfmag_from_g3xp 10.099784 9.538402 8.83217 7.397 63050395801549813 1105501360 bright_1x1 mwm_tess_rgb_apogee mwm_tessrgb science 0 0 0.0 0.0 -999 ""
FIBERMAP 1275 R-6C7 BOSS 0 0 0 1 0 0 -81.08259951623964 -123.9311281589752 143.1 143.6958194774214 -35.8195894303789 304.99707 132.48404 -999.0 -999.0 -999.0 -999.0 -999.0 44.388379238769076 -53.132852291426886 44.25434037781042 -53.0142010193534 65.84692677026662 174.54086172799683 -999.0 5400.0 -999.0 1 505 {-999.0 -999.0 -999.0 -999.0 -999.0} "" -999.0 -999.0 -999.0 -999.0 -999 -999 "" "" "" "" 0 0 0.0 0.0 -999 ""
FIBERMAP 1275 R-6C7 METROLOGY 0 0 0 1 0 0 -81.63592302801462 -123.4311839459151 143.1 143.40563974801626 -36.506511328552904 304.99707 132.48404 -999.0 -999.0 -999.0 -999.0 -999.0 44.38697959881281 -53.13492475253212 44.25294098990997 -53.01629742509444 65.84496688936011 174.54360769695526 -999.0 6231.0 -999.0 -1 -999 {-999.0 -999.0 -999.0 -999.0 -999.0} "" -999.0 -999.0 -999.0 -999.0 -999 -999 "" "" "" "" 0 0 0.0 0.0 -999 ""
FIBERMAP 1278 R+2C4 APOGEE 0 0 0 1 0 0 -193.13657254930538 38.37575526329809 143.1 27.266629640664718 -195.0072222662888 306.26953 157.05495 -999.0 -999.0 -999.0 -999.0 -999.0 43.80340550246082 -53.618184597385714 43.66875614655265 -53.49846926556909 65.41082205543401 175.53137696080694 -999.0 16600.0 -999.0 2 -999 {-999.0 -999.0 -999.0 -999.0 -999.0} "" -999.0 -999.0 -999.0 -999.0 -999 -999 "" "" "" "" 0 0 0.0 0.0 -999 ""
FIBERMAP 1278 R+2C4 BOSS 1 1 0 1 0 0 -192.93622750639702 37.71506795683044 143.1 27.824672842708207 -194.60078046856015 306.26953 157.05495 43.80627915302436 -53.6171047168231 0.27597868 0.44412768 0.63606805 43.80628053397684 -53.61710339857698 43.67160913094159 -53.497295980230255 65.41179313352742 175.52700215551036 5400.0 5400.0 2016.0 1 35 {-999.0 20.10607 19.979013 19.855213 19.804638} sdss_psfmag_from_gaiadr2 19.9163 19.971151 19.501432 -999.0 63050395801412177 1130302062 dark_flexible_3x1 bhm_gua_dark_d3 bhm_filler science 0 0 0.0 0.0 -999 ""
FIBERMAP 1278 R+2C4 METROLOGY 0 0 0 1 0 0 -193.67495375861728 37.85648280085093 143.1 27.93403419696535 -195.34489658377876 306.26953 157.05495 -999.0 -999.0 -999.0 -999.0 -999.0 43.80685666014847 -53.61934488621922 43.67217744712889 -53.499565411598184 65.40949990622872 175.5268203664564 -999.0 6231.0 -999.0 -1 -999 {-999.0 -999.0 -999.0 -999.0 -999.0} "" -999.0 -999.0 -999.0 -999.0 -999 -999 "" "" "" "" 0 0 0.0 0.0 -999 ""
FIBERMAP 1279 R-5C22 APOGEE 0 0 0 1 0 0 256.6032067459498 -93.76842423517809 143.1 4.174481295144252 273.15606590680716 76.63656 30.339289 -999.0 -999.0 -999.0 -999.0 -999.0 43.67789923036629 -52.20150456678946 43.550422969871136 -52.08195310603831 66.82612219713292 175.3027132770368 -999.0 16600.0 -999.0 2 236 {-999.0 -999.0 -999.0 -999.0 -999.0} "" -999.0 -999.0 -999.0 -999.0 -999 -999 "" ops_sky_apogee_best_unassigned ops_sky sky_apogee 0 0 0.0 0.0 -999 ""
FIBERMAP 1279 R-5C22 BOSS 1 1 0 1 0 0 256.84806599058356 -94.47263735480276 143.1 4.75899104053399 273.61885677661206 76.63656 30.339289 43.68072160854011 -52.20026067321746 14.714073 15.993207 0.6330655 43.680792865785975 -52.200213202651334 43.55329701916634 -52.0805760402291 66.82728394859105 175.29784757693358 5400.0 5400.0 2016.0 1 346 {-999.0 16.893784 16.332458 16.139938 -999.0} sdss_psfmag_gaia 16.770433 16.371384 15.809824 14.615 63050395801570692 1136826616 dark_flexible_3x1 mwm_halo_local_high_boss_triple mwm_halo science 0 0 0.0 0.0 -999 ""
FIBERMAP 1279 R-5C22 METROLOGY 0 0 0 1 0 0 256.10838568639815 -94.31952888954046 143.1 4.857623229421031 272.8699946287001 76.63656 30.339289 -999.0 -999.0 -999.0 -999.0 -999.0 43.6812881145117 -52.20237844621023 43.55378544600501 -52.08276732649291 66.82507260682392 175.2977395692667 -999.0 6231.0 -999.0 -1 -999 {-999.0 -999.0 -999.0 -999.0 -999.0} "" -999.0 -999.0 -999.0 -999.0 -999 -999 "" "" "" "" 0 0 0.0 0.0 -999 ""
FIBERMAP 1282 R+11C4 APOGEE 0 0 0 1 0 0 -116.07659441601874 215.4168095510659 143.1 -165.26085465931828 -180.44989752374977 191.09358 99.311325 -999.0 -999.0 -999.0 -999.0 -999.0 42.82159180301727 -53.57223618732204 42.690183655891474 -53.45083683955821 65.51460602280065 176.91617878262548 -999.0 16600.0 -999.0 2 148 {-999.0 -999.0 -999.0 -999.0 -999.0} "" -999.0 -999.0 -999.0 -999.0 -999 -999 "" ops_sky_apogee_best_unassigned ops_sky sky_apogee 0 0 0.0 0.0 -999 ""
FIBERMAP 1282 R+11C4 BOSS 1 1 0 1 0 0 -116.33740484026713 216.086129919065 143.1 -165.8071683885206 -180.91627852935557 191.09358 99.311325 42.81879060868179 -53.57373624961724 -999.0 -999.0 -999.0 42.81879060868179 -53.573736249617234 42.68737093067586 -53.45223435550277 65.51334510095013 176.92047364976494 5400.0 5400.0 2015.5 1 151 {-999.0 -999.0 -999.0 -999.0 -999.0} "" -999.0 -999.0 -999.0 -999.0 27021603157674156 821472783 "" ops_sky_boss_good ops_sky sky_boss 0 0 0.0 0.0 -999 ""
FIBERMAP 1282 R+11C4 METROLOGY 0 0 0 1 0 0 -115.60648275136677 215.9830795045716 143.1 -165.95019305415948 -180.19214719408004 191.09358 99.311325 -999.0 -999.0 -999.0 -999.0 -999.0 42.818032213377414 -53.57155027790641 42.68662911772708 -53.450075274928786 65.51553229874894 176.92112522378895 -999.0 6231.0 -999.0 -1 -999 {-999.0 -999.0 -999.0 -999.0 -999.0} "" -999.0 -999.0 -999.0 -999.0 -999 -999 "" "" "" "" 0 0 0.0 0.0 -999 ""
FIBERMAP 1283 R+3C24 APOGEE 0 0 0 1 0 0 236.41548737924188 57.47437409130935 143.1 -132.0136162978275 204.3604288454256 245.64415 35.42422 -999.0 -999.0 -999.0 -999.0 -999.0 43.003301467075616 -52.40833720948889 42.87684790898595 -52.287563338524606 66.66422393233317 176.39687341887492 -999.0 16600.0 -999.0 2 85 {-999.0 -999.0 -999.0 -999.0 -999.0} "" -999.0 -999.0 -999.0 -999.0 -999 -999 "" "" "" "" 0 0 0.0 0.0 -999 ""
FIBERMAP 1283 R+3C24 BOSS 1 1 0 1 0 0 236.26456972435724 58.1984107324563 143.1 -132.64773607978512 203.97983341391208 245.64415 35.42422 43.00013567240493 -52.40954833462611 -999.0 -999.0 -999.0 43.00013567240493 -52.40954833462611 42.8736723486079 -52.288676568126846 66.66328959474886 176.40200960586589 5400.0 5400.0 2016.0 1 258 {-999.0 19.51953 18.617384 18.239477 17.902218} sdss_fiber2mag_from_lsdr10 18.213102 20.23205 16.811998 14.76 63050395801570281 1057825608 dark_flexible_2x1 bhm_spiders_clusters_lsdr10 bhm_spiders science 0 0 0.0 0.0 -999 ""
FIBERMAP 1283 R+3C24 METROLOGY 0 0 0 1 0 0 236.9768540171122 57.992616782610206 143.1 -132.6876064126131 204.7201480668265 245.64415 35.42422 -999.0 -999.0 -999.0 -999.0 -999.0 42.999933683471404 -52.40725855547571 42.873485342059155 -52.286413173774626 66.66555412289136 176.40178453904795 -999.0 6231.0 -999.0 -1 -999 {-999.0 -999.0 -999.0 -999.0 -999.0} "" -999.0 -999.0 -999.0 -999.0 -999 -999 "" "" "" "" 0 0 0.0 0.0 -999 ""
FIBERMAP 1284 R+4C21 APOGEE 0 0 0 1 0 0 184.50051696521984 76.8484888130337 143.1 -133.23898959333445 148.96395230201367 211.93735 83.72563 -999.0 -999.0 -999.0 -999.0 -999.0 42.994732969791364 -52.57546517043776 42.867530884340454 -52.454631685528355 66.49833238450941 176.4486937745845 -999.0 16600.0 -999.0 2 116 {-999.0 -999.0 -999.0 -999.0 -999.0} "" -999.0 -999.0 -999.0 -999.0 -999 -999 "" ops_sky_apogee_best_unassigned ops_sky sky_apogee 0 0 0.0 0.0 -999 ""
FIBERMAP 1284 R+4C21 BOSS 1 1 0 1 0 0 184.1562943894387 77.50913019517073 143.1 -133.7496799007433 148.42165481217822 211.93735 83.72563 42.992094380156374 -52.577134177370866 5.4523063 -4.8993917 0.4363671 42.99212101100049 -52.57714871959137 42.86490547948913 -52.45621746531404 66.49689500067518 176.45304303319082 5400.0 5400.0 2016.0 1 201 {-999.0 16.38221 16.026915 15.918663 -999.0} sdss_psfmag_gaia 16.335604 16.0456 15.595115 14.791 63050395801570115 975992601 "" ops_std_boss ops_std standard_boss 0 0 0.0 0.0 -999 ""
FIBERMAP 1284 R+4C21 METROLOGY 0 0 0 1 0 0 184.90215608743273 77.47215116222115 143.1 -133.96001150879715 149.1381689108552 211.93735 83.72563 -999.0 -999.0 -999.0 -999.0 -999.0 42.991072364120626 -52.57493409113669 42.86387390899267 -52.45402791395485 66.49913170804555 176.4541257433643 -999.0 6231.0 -999.0 -1 -999 {-999.0 -999.0 -999.0 -999.0 -999.0} "" -999.0 -999.0 -999.0 -999.0 -999 -999 "" "" "" "" 0 0 0.0 0.0 -999 ""
FIBERMAP 1288 R-12C5 APOGEE 0 0 0 1 0 0 -45.68697092273609 -238.0623761547715 143.1 239.83697833652582 35.13469480558587 63.675068 17.065159 -999.0 -999.0 -999.0 -999.0 -999.0 44.864545198620824 -52.9130289574358 44.73020001374857 -52.7953780158121 66.02096744428805 173.7655099350847 -999.0 16600.0 -999.0 2 -999 {-999.0 -999.0 -999.0 -999.0 -999.0} "" -999.0 -999.0 -999.0 -999.0 -999 -999 "" "" "" "" 0 0 0.0 0.0 -999 ""
FIBERMAP 1288 R-12C5 BOSS 1 1 0 1 0 0 -45.79389534271684 -238.78307321688652 143.1 240.5527275074081 35.270698879842215 63.675068 17.065159 44.86750217595307 -52.912624182520354 35.10694 -14.471018 0.8890709 44.868165225049296 -52.91266713482471 44.73378676537079 -52.79492865414464 66.02107045526527 173.76006595864732 5400.0 5400.0 2016.0 1 427 {-999.0 15.459357 15.019387 14.87689 -999.0} sdss_psfmag_gaia 15.377347 15.048238 14.545829 13.644 63050395801550566 1136504363 dark_flexible_3x1 mwm_halo_local_high_boss_triple mwm_halo science 0 0 1.0642914772033691 0.0 -999 ""
FIBERMAP 1288 R-12C5 METROLOGY 0 0 0 1 0 0 -46.38506731952474 -238.33100161444872 143.1 240.32020155017554 34.56377614916169 63.675068 17.065159 -999.0 -999.0 -999.0 -999.0 -999.0 44.86713922836481 -52.91478600797466 44.73276002254113 -52.79707171874868 66.01905159562003 173.7624032482527 -999.0 6231.0 -999.0 -1 -999 {-999.0 -999.0 -999.0 -999.0 -999.0} "" -999.0 -999.0 -999.0 -999.0 -999 -999 "" "" "" "" 0 0 0.0 0.0 -999 ""
FIBERMAP 1292 R-8C6 APOGEE 0 0 0 1 0 0 -73.33289756592045 -140.18449575099476 143.1 156.49645053331255 -23.156755780574567 121.70693 14.086381 -999.0 -999.0 -999.0 -999.0 -999.0 44.45192347451488 -53.093799281325154 44.317909492098806 -52.97536618763132 65.88004181783731 174.43495438846622 -999.0 16600.0 -999.0 2 -999 {-999.0 -999.0 -999.0 -999.0 -999.0} "" -999.0 -999.0 -999.0 -999.0 -999 -999 "" "" "" "" 0 0 0.0 0.0 -999 ""
FIBERMAP 1292 R-8C6 BOSS 1 1 0 1 0 0 -72.76373154836746 -140.709172203368 143.1 156.804776859158 -22.446740601102103 121.70693 14.086381 44.4535601281847 -53.09173639915979 -999.0 -999.0 -999.0 44.4535601281847 -53.09173639915979 44.31952897908072 -52.973211724675075 65.88203742248707 174.43184898596024 5400.0 5400.0 2016.0 1 363 {-999.0 22.314777 21.943474 21.439249 21.039328} sdss_fiber2mag_from_lsdr10 1e+20 1e+20 1e+20 -999.0 63050397389888735 1131242623 dark_flexible_3x1 bhm_spiders_agn_lsdr10_d3 bhm_spiders science 0 0 0.0 0.0 -999 ""
FIBERMAP 1292 R-8C6 METROLOGY 0 0 0 1 0 0 -73.50666099155926 -140.91202890398944 143.1 157.24063323847037 -23.081623312179328 121.70693 14.086381 -999.0 -999.0 -999.0 -999.0 -999.0 44.45582144385649 -53.09361831390124 44.32178065545338 -52.975124057176274 65.8799530748321 174.42922350488462 -999.0 6231.0 -999.0 -1 -999 {-999.0 -999.0 -999.0 -999.0 -999.0} "" -999.0 -999.0 -999.0 -999.0 -999 -999 "" "" "" "" 0 0 0.0 0.0 -999 ""
FIBERMAP 1293 R+1C5 APOGEE 0 0 0 1 0 0 -203.86466234725995 23.325536457558748 143.1 45.00689772702586 -200.18951399869675 169.69356 110.42497 -999.0 -999.0 -999.0 -999.0 -999.0 43.89414819952899 -53.63347322183553 43.75914574189653 -53.51391229475282 65.38923968718734 175.40742096239057 -999.0 16600.0 -999.0 2 39 {-999.0 -999.0 -999.0 -999.0 -999.0} "" -999.0 -999.0 -999.0 -999.0 -999 -999 "" ops_sky_apogee_best_unassigned ops_sky sky_apogee 0 0 0.0 0.0 -999 ""
FIBERMAP 1293 R+1C5 BOSS 1 1 0 1 0 0 -204.01257663708955 24.04342468628011 143.1 44.3775966396908 -200.5652514926666 169.69356 110.42497 43.89098332428158 -53.63476949678603 -999.0 -999.0 -999.0 43.89098332428158 -53.63476949678603 43.75596467019776 -53.515105144313345 65.38827775055924 175.4122684631028 5400.0 5400.0 2016.0 1 65 {-999.0 21.665556 21.472605 21.262001 21.068693} sdss_psfmag_from_lsdr10 1e+20 1e+20 1e+20 -999.0 63050396674804099 1131236260 dark_flexible_3x1 bhm_spiders_agn_lsdr10_d3 bhm_spiders science 0 0 0.0 0.0 -999 ""
FIBERMAP 1293 R+1C5 METROLOGY 0 0 0 1 0 0 -203.30897140683606 23.840573897583262 143.1 44.33780076389462 -199.83410067955282 169.69356 110.42497 -999.0 -999.0 -999.0 -999.0 -999.0 43.890766437465125 -53.632566169940645 43.7557648957461 -53.51292968587815 65.39045207682857 175.41193719147424 -999.0 6231.0 -999.0 -1 -999 {-999.0 -999.0 -999.0 -999.0 -999.0} "" -999.0 -999.0 -999.0 -999.0 -999 -999 "" "" "" "" 0 0 0.0 0.0 -999 ""
FIBERMAP 1294 R+13C4 APOGEE 1 1 0 1 0 0 -89.93404244221576 247.94166854029712 143.1 -204.5718576155783 -166.45693029381178 194.09901 123.84072 42.62262786237415 -53.52849376913758 10.351889 36.16192 2.8405108 42.62267955297518 -53.52838643443264 42.49209903347007 -53.40665986841627 65.56755935257394 177.19237123133175 16000.0 16600.0 2016.0 2 53 {-999.0 12.073288 11.393487 11.190254 -999.0} sdss_psfmag_from_g3xp 11.896174 11.452594 10.849541 9.784 63050395801413399 996662715 bright_1x1 mwm_bin_gaia_sb_apogee mwm_bin science 0 0 0.0 0.0 -999 ""
FIBERMAP 1294 R+13C4 BOSS 0 0 0 1 0 0 -90.43527628059645 248.50172819846674 143.1 -204.9359354076914 -167.11442833457772 194.09901 123.84072 -999.0 -999.0 -999.0 -999.0 -999.0 42.620822844801815 -53.53044963726738 42.49022527014989 -53.40862187905229 65.56568262581922 177.19540528477313 -999.0 5400.0 -999.0 1 90 {-999.0 -999.0 -999.0 -999.0 -999.0} "" -999.0 -999.0 -999.0 -999.0 -999 -999 "" "" "" "" 0 0 0.0 0.0 -999 ""
FIBERMAP 1294 R+13C4 METROLOGY 0 0 0 1 0 0 -89.682398628074 248.65289479383995 143.1 -205.32624937058753 -166.45315439068946 194.09901 123.84072 -999.0 -999.0 -999.0 -999.0 -999.0 42.61880375008138 -53.52844069516271 42.48822542563255 -53.40663758618022 65.56774733662863 177.19793580034667 -999.0 6231.0 -999.0 -1 -999 {-999.0 -999.0 -999.0 -999.0 -999.0} "" -999.0 -999.0 -999.0 -999.0 -999 -999 "" "" "" "" 0 0 0.0 0.0 -999 ""
FIBERMAP 1295 R-12C3 APOGEE 0 0 0 1 0 0 -114.23055832938647 -212.4123587788402 143.1 238.15274339262342 -38.02865126554389 152.69627 47.973537 -999.0 -999.0 -999.0 -999.0 -999.0 44.86335669038828 -53.13453692728836 44.727920785586605 -53.01682381675026 65.80245985730573 173.85366621463325 -999.0 16600.0 -999.0 2 -999 {-999.0 -999.0 -999.0 -999.0 -999.0} "" -999.0 -999.0 -999.0 -999.0 -999 -999 "" "" "" "" 0 0 0.0 0.0 -999 ""
FIBERMAP 1295 R-12C3 BOSS 1 1 0 1 0 0 -113.51251421202971 -212.11068581225993 143.1 237.63175258551618 -37.44976158890574 152.69627 47.973537 44.86076342542834 -53.13291699591576 0.044991963 0.10291251 0.040738568 44.860763648015855 -53.132916690454024 44.725318595781246 -53.01510422771855 65.80440208524854 173.8567863491311 5400.0 5400.0 2016.0 1 425 {-999.0 19.636703 19.432623 19.35584 19.304049} sdss_psfmag_from_lsdr10 19.417784 19.23193 18.897175 -999.0 63050395801545754 1131240500 dark_flexible_3x1 bhm_spiders_agn_lsdr10_d3 bhm_spiders science 0 0 0.0 0.0 -999 ""
FIBERMAP 1295 R-12C3 METROLOGY 0 0 0 1 0 0 -113.65405167373486 -212.88894905652688 143.1 238.41324579035833 -37.327515553119056 152.69627 47.973537 -999.0 -999.0 -999.0 -999.0 -999.0 44.86472484224923 -53.13247641725929 44.729277248946346 -53.01469810905048 65.80443261723649 173.8508921444086 -999.0 6231.0 -999.0 -1 -999 {-999.0 -999.0 -999.0 -999.0 -999.0} "" -999.0 -999.0 -999.0 -999.0 -999 -999 "" "" "" "" 0 0 0.0 0.0 -999 ""
FIBERMAP 1297 R+11C13 APOGEE 0 0 0 1 0 0 92.87044733991742 194.59368260128718 143.1 -214.3020815338312 23.716325699813193 302.65018 48.77583 -999.0 -999.0 -999.0 -999.0 -999.0 42.58344793984281 -52.95272661069509 42.455720595397 -52.83108855426047 66.143209174145 177.1443200198951 -999.0 16600.0 -999.0 2 123 {-999.0 -999.0 -999.0 -999.0 -999.0} "" -999.0 -999.0 -999.0 -999.0 -999 -999 "" ops_sky_apogee_best_unassigned ops_sky sky_apogee 0 0 0.0 0.0 -999 ""
FIBERMAP 1297 R+11C13 BOSS 1 1 0 1 0 0 92.14339459290304 194.6938764376904 143.1 -214.15763156713666 22.9967876731109 302.65018 48.77583 42.58405365975677 -52.95499842908026 0.78807384 -0.42606118 -0.024915596 42.584057542514216 -52.954999693701886 42.456306404902875 -52.83326747587686 66.14101040327225 177.14383583259493 5400.0 5400.0 2016.0 1 104 {-999.0 20.760267 20.31895 19.897644 19.59179} sdss_fiber2mag_from_lsdr10 20.105175 20.15468 18.960781 -999.0 63050395801432294 1131242598 dark_flexible_3x1 bhm_spiders_agn_lsdr10_d3 bhm_spiders science 0 0 0.0 0.0 -999 ""
FIBERMAP 1297 R+11C13 METROLOGY 0 0 0 1 0 0 92.57569621437094 195.28613275144727 143.1 -214.8590775656855 23.210287293141977 302.65018 48.77583 -999.0 -999.0 -999.0 -999.0 -999.0 42.580509045830254 -52.9542981204484 42.45277514875511 -52.83258686033569 66.14184298275671 177.14897518982372 -999.0 6231.0 -999.0 -1 -999 {-999.0 -999.0 -999.0 -999.0 -999.0} "" -999.0 -999.0 -999.0 -999.0 -999 -999 "" "" "" "" 0 0 0.0 0.0 -999 ""
FIBERMAP 1298 R+9C18 APOGEE 0 0 0 1 0 0 203.29032618944402 165.5913034648663 143.1 -223.22172210207452 137.52787756911147 343.3588 97.583954 -999.0 -999.0 -999.0 -999.0 -999.0 42.5472745540684 -52.6082468971649 42.42125676121759 -52.4866400019806 66.48826905436113 177.1345288097645 -999.0 16600.0 -999.0 2 102 {-999.0 -999.0 -999.0 -999.0 -999.0} "" -999.0 -999.0 -999.0 -999.0 -999 -999 "" ops_sky_apogee_best_unassigned ops_sky sky_apogee 0 0 0.0 0.0 -999 ""
FIBERMAP 1298 R+9C18 BOSS 1 1 0 1 0 0 203.14203697801062 164.87249903237546 143.1 -222.49415874759958 137.62419645898007 343.3588 97.583954 42.550888067040965 -52.60806467174491 0.17520507 -0.40469113 0.04678093 42.55088892340374 -52.608065872936656 42.42485016153276 -52.48637213571097 66.48837898754091 177.12900970062987 5400.0 5400.0 2016.0 1 176 {-999.0 20.259727 20.032919 19.833597 19.675795} sdss_psfmag_from_gaiadr2 20.243975 20.053192 19.493376 -999.0 63050395801432960 1130302477 dark_flexible_3x1 bhm_gua_dark_d3 bhm_filler science 0 0 0.0 0.0 -999 ""
FIBERMAP 1298 R+9C18 METROLOGY 0 0 0 1 0 0 202.5849284827776 165.3632161025498 143.1 -222.77438025097527 136.93673426138773 343.3588 97.583954 -999.0 -999.0 -999.0 -999.0 -999.0 42.549377095872785 -52.61008147866013 42.42333665924343 -52.48841098465285 66.48641167517466 177.1316812352674 -999.0 6231.0 -999.0 -1 -999 {-999.0 -999.0 -999.0 -999.0 -999.0} "" -999.0 -999.0 -999.0 -999.0 -999 -999 "" "" "" "" 0 0 0.0 0.0 -999 ""
FIBERMAP 1299 R+7C16 APOGEE 0 0 0 1 0 0 130.82510540049148 151.63414362146102 143.1 -186.21340320006513 73.68468952328519 95.89726 81.6432 -999.0 -999.0 -999.0 -999.0 -999.0 42.72684238213453 -52.8022435250432 42.5993856641885 -52.680890397628964 66.28645939399598 176.9013953374787 -999.0 16600.0 -999.0 2 62 {-999.0 -999.0 -999.0 -999.0 -999.0} "" -999.0 -999.0 -999.0 -999.0 -999 -999 "" ops_sky_apogee_best_unassigned ops_sky sky_apogee 0 0 0.0 0.0 -999 ""
FIBERMAP 1299 R+7C16 BOSS 1 1 0 1 0 0 131.5633181729843 151.570802129157 143.1 -186.39632430687496 74.40264880856783 95.89726 81.6432 42.72584538108602 -52.80007269282598 10.862848 -21.85371 0.64175755 42.725898710429526 -52.80013755832388 42.59844282652376 -52.678689567951864 66.28869808797867 176.9023858262492 5400.0 5400.0 2016.0 1 209 {-999.0 18.366522 17.233665 16.760504 -999.0} sdss_psfmag_gaia 17.967703 17.231812 16.392206 14.658 63050395801432681 1136826515 dark_flexible_3x1 mwm_halo_local_high_boss_triple mwm_halo science 0 0 0.0 0.0 -999 ""
FIBERMAP 1299 R+7C16 METROLOGY 0 0 0 1 0 0 131.157323851093 150.9703532345801 143.1 -185.69579195633347 74.21668636329471 95.89726 81.6432 -999.0 -999.0 -999.0 -999.0 -999.0 42.72933857066557 -52.8006814560401 42.60187294182907 -52.67926572837781 66.2879614609449 176.8973418737242 -999.0 6231.0 -999.0 -1 -999 {-999.0 -999.0 -999.0 -999.0 -999.0} "" -999.0 -999.0 -999.0 -999.0 -999 -999 "" "" "" "" 0 0 0.0 0.0 -999 ""
FIBERMAP 1305 R+6C10 APOGEE 0 0 0 1 0 0 -32.69870651856323 119.7516204429752 143.1 -102.33555591128754 -70.25552479603425 142.30917 135.16896 -999.0 -999.0 -999.0 -999.0 -999.0 43.14336366909137 -53.24053484570037 43.012570786287824 -53.11977753674456 65.8279799099922 176.38136387090182 -999.0 16600.0 -999.0 2 -999 {-999.0 -999.0 -999.0 -999.0 -999.0} "" -999.0 -999.0 -999.0 -999.0 -999 -999 "" "" "" "" 0 0 0.0 0.0 -999 ""
FIBERMAP 1305 R+6C10 BOSS 1 1 0 1 0 0 -32.79303835882689 120.4861570334255 143.1 -102.99819775935015 -70.58613596851211 142.30917 135.16896 43.13991849478387 -53.24166343629188 2.2017794 1.6267258 -0.8465854 43.139929415243984 -53.24165860789395 43.00912687073924 -53.120799248208584 65.82715246658123 176.38661923022482 5400.0 5400.0 2016.0 1 133 {-999.0 20.84618 20.730072 20.603737 20.56509} sdss_psfmag_from_gaiadr2 20.779608 20.72706 20.420668 -999.0 63050395801413998 1130302088 dark_flexible_3x1 bhm_gua_dark_d3 bhm_filler science 0 0 0.0 0.0 -999 ""
FIBERMAP 1305 R+6C10 METROLOGY 0 0 0 1 0 0 -32.10905683712876 120.2118502442488 143.1 -102.96406150984009 -69.85002078982562 142.30917 135.16896 -999.0 -999.0 -999.0 -999.0 -999.0 43.14009377275964 -53.239406134503035 43.00930570281594 -53.118574832436785 65.829357622484 176.38585927033813 -999.0 6231.0 -999.0 -1 -999 {-999.0 -999.0 -999.0 -999.0 -999.0} "" -999.0 -999.0 -999.0 -999.0 -999 -999 "" "" "" "" 0 0 0.0 0.0 -999 ""
FIBERMAP 1307 R+1C13 APOGEE 0 0 0 1 0 0 -23.956193521083 28.71474476500393 143.1 -19.23954993406991 -32.06496440967199 163.0974 95.38824 -999.0 -999.0 -999.0 -999.0 -999.0 43.56431877259697 -53.12507422777445 43.43280840207717 -53.005076290089036 65.91685827745015 175.7385995287907 -999.0 16600.0 -999.0 2 11 {-999.0 -999.0 -999.0 -999.0 -999.0} "" -999.0 -999.0 -999.0 -999.0 -999 -999 "" ops_sky_apogee_best_unassigned ops_sky sky_apogee 0 0 0.0 0.0 -999 ""
FIBERMAP 1307 R+1C13 BOSS 1 1 0 1 0 0 -23.82752285351527 29.454335146411804 143.1 -19.980291575043456 -32.186644872171904 163.0974 95.38824 43.56056726413236 -53.125563049782556 -999.0 -999.0 -999.0 43.56056726413235 -53.12556304978256 43.429048681074946 -53.00546318324089 65.91671779238709 175.7442136999912 5400.0 5400.0 2015.5 1 13 {-999.0 -999.0 -999.0 -999.0 -999.0} "" -999.0 -999.0 -999.0 -999.0 27021603157674648 821472789 "" ops_sky_boss_good ops_sky sky_boss 0 0 0.0 0.0 -999 ""
FIBERMAP 1307 R+1C13 METROLOGY 0 0 0 1 0 0 -23.252754176886228 28.974731886826415 143.1 -19.716372388089724 -31.486159698024178 163.0974 95.38824 -999.0 -999.0 -999.0 -999.0 -999.0 43.56188995108512 -53.123409757992 43.43038261399926 -53.003339780030615 65.9187422119658 175.74169661469324 -999.0 6231.0 -999.0 -1 -999 {-999.0 -999.0 -999.0 -999.0 -999.0} "" -999.0 -999.0 -999.0 -999.0 -999 -999 "" "" "" "" 0 0 0.0 0.0 -999 ""
FIBERMAP 1310 R+2C13 APOGEE 0 0 0 1 0 0 -1.931490297185803 19.87502984097149 143.1 -18.133881781342282 -8.35927149044563 307.00653 65.22284 -999.0 -999.0 -999.0 -999.0 -999.0 43.56971380868271 -53.053074147078455 43.438534173687174 -52.933105059304296 65.98803336975911 175.7110690313648 -999.0 16600.0 -999.0 2 -999 {-999.0 -999.0 -999.0 -999.0 -999.0} "" -999.0 -999.0 -999.0 -999.0 -999 -999 "" "" "" "" 0 0 0.0 0.0 -999 ""
FIBERMAP 1310 R+2C13 BOSS 1 1 0 1 0 0 -2.6657173523942546 19.7029606406992 143.1 -17.729961089562728 -8.99605958373985 307.00653 65.22284 43.5715691234751 -53.05497521848931 -38.92552 -44.137245 8.679379 43.571755089533085 -53.05510622514696 43.44054573449994 -52.935046070007786 65.98597223504494 175.70862498596264 5400.0 5400.0 2016.0 1 110 {-999.0 18.995708 17.108007 15.770415 -999.0} sdss_psfmag_gaia 17.981827 16.481028 15.291802 13.142 63050395801551276 1077985164 bright_flexible_2x1 mwm_snc_ext_main_boss mwm_snc science 0 0 0.8183249831199646 0.0 -999 ""
FIBERMAP 1310 R+2C13 METROLOGY 0 0 0 1 0 0 -2.4472167494082875 20.41680880261 143.1 -18.47593075937037 -9.024444613093472 307.00653 65.22284 -999.0 -999.0 -999.0 -999.0 -999.0 43.56798120120276 -53.055170764128235 43.43678436779129 -52.935130047130706 65.98613472339512 175.71418515688663 -999.0 6231.0 -999.0 -1 -999 {-999.0 -999.0 -999.0 -999.0 -999.0} "" -999.0 -999.0 -999.0 -999.0 -999 -999 "" "" "" "" 0 0 0.0 0.0 -999 ""
FIBERMAP 1311 R-8C9 APOGEE 0 0 0 1 0 0 -33.34325217049499 -174.7460230385594 143.1 175.98532340400385 25.971931359000855 323.37958 9.106516 -999.0 -999.0 -999.0 -999.0 -999.0 44.54620828297188 -52.94398912676357 44.41264910329477 -52.825763607170984 66.01993543338753 174.24367690859393 -999.0 16600.0 -999.0 2 -999 {-999.0 -999.0 -999.0 -999.0 -999.0} "" -999.0 -999.0 -999.0 -999.0 -999 -999 "" "" "" "" 0 0 0.0 0.0 -999 ""
FIBERMAP 1311 R-8C9 BOSS 1 1 0 1 0 0 -33.99891610899741 -174.39861315333633 143.1 175.87284089130233 25.23852028324984 323.37958 9.106516 44.54583055132984 -52.9463014527085 -999.0 -999.0 -999.0 44.54583055132985 -52.9463014527085 44.41223829692553 -52.827980262536165 66.01777827974468 174.245072788403 5400.0 5400.0 2016.0 1 387 {-999.0 19.487364 18.53228 18.070126 17.72529} sdss_fiber2mag_from_lsdr10 1e+20 1e+20 1e+20 -999.0 63050398819827542 1058439720 dark_flexible_2x1 bhm_spiders_agn_lsdr10 bhm_spiders science 0 0 0.0 0.0 -999 ""
FIBERMAP 1311 R-8C9 METROLOGY 0 0 0 1 0 0 -33.37790957456781 -173.99883023804603 143.1 175.29110762987833 25.69351216889638 323.37958 9.106516 -999.0 -999.0 -999.0 -999.0 -999.0 44.54290811187878 -52.94491767482358 44.40933773570936 -52.82661842726741 66.01937996521991 174.24885303780107 -999.0 6231.0 -999.0 -1 -999 {-999.0 -999.0 -999.0 -999.0 -999.0} "" -999.0 -999.0 -999.0 -999.0 -999 -999 "" "" "" "" 0 0 0.0 0.0 -999 ""
FIBERMAP 1313 R+6C17 APOGEE 0 0 0 1 0 0 146.35761552305706 131.41013520078266 143.1 -172.22222384453713 95.00283875689242 94.755356 65.47052 -999.0 -999.0 -999.0 -999.0 -999.0 42.79786276962924 -52.73803353787882 42.670492174719186 -52.616819021587055 66.34690240493659 176.78166795916414 -999.0 16600.0 -999.0 2 63 {-999.0 -999.0 -999.0 -999.0 -999.0} "" -999.0 -999.0 -999.0 -999.0 -999 -999 "" ops_sky_apogee_best_unassigned ops_sky sky_apogee 0 0 0.0 0.0 -999 ""
FIBERMAP 1313 R+6C17 BOSS 1 1 0 1 0 0 147.0385591959533 131.074475070298 143.1 -172.12914964866897 95.75625922654051 94.755356 65.47052 42.79829911539747 -52.73582025510488 -999.0 -999.0 -999.0 42.79829911539747 -52.73582025510488 42.67092504491326 -52.61451348449303 66.34917913605953 176.78055025393374 5400.0 5400.0 2016.0 1 215 {-999.0 22.91806 22.613804 22.08688 21.668833} sdss_fiber2mag_from_lsdr10 1e+20 1e+20 1e+20 -999.0 63050396674764333 1131244692 dark_flexible_3x1 bhm_spiders_agn_lsdr10_d3 bhm_spiders science 0 0 0.0 0.0 -999 ""
FIBERMAP 1313 R+6C17 METROLOGY 0 0 0 1 0 0 146.4037588055291 130.66918404296655 143.1 -171.53767913146422 95.2900522752157 94.755356 65.47052 -999.0 -999.0 -999.0 -999.0 -999.0 42.801181190166815 -52.737204551848365 42.67379552781085 -52.61592885606611 66.34762734479419 176.77650563241363 -999.0 6231.0 -999.0 -1 -999 {-999.0 -999.0 -999.0 -999.0 -999.0} "" -999.0 -999.0 -999.0 -999.0 -999 -999 "" "" "" "" 0 0 0.0 0.0 -999 ""
FIBERMAP 1315 R+3C7 APOGEE 0 0 0 1 0 0 -128.70439417008222 67.26883915575837 143.1 -21.20502464843262 -143.66124133930128 98.13381 137.08003 -999.0 -999.0 -999.0 -999.0 -999.0 43.55529953820232 -53.46350348115764 43.422170305328564 -53.34339815246576 65.5811648191064 175.84224648781566 -999.0 16600.0 -999.0 2 26 {-999.0 -999.0 -999.0 -999.0 -999.0} "" -999.0 -999.0 -999.0 -999.0 -999 -999 "" ops_sky_apogee_best_unassigned ops_sky sky_apogee 0 0 0.0 0.0 -999 ""
FIBERMAP 1315 R+3C7 BOSS 1 1 0 1 0 0 -128.30073541250513 67.8898958026643 143.1 -21.924249960645014 -143.4842606853024 98.13381 137.08003 43.55163463892737 -53.46313258150573 -999.0 -999.0 -999.0 43.55163463892737 -53.46313258150574 43.41850112594754 -53.34292419286804 65.58186859513026 175.84739386720298 5400.0 5400.0 2016.0 1 44 {-999.0 20.303574 19.281883 18.872915 18.534395} sdss_fiber2mag_from_lsdr10 18.931915 20.653864 17.483942 15.591 63050395801412633 1128176636 dark_flexible_3x1 bhm_spiders_clusters_lsdr10_d3 bhm_spiders science 0 0 0.0 0.0 -999 ""
FIBERMAP 1315 R+3C7 METROLOGY 0 0 0 1 0 0 -127.95594070752104 67.23112237363779 143.1 -21.415511781729908 -142.94203712172612 98.13381 137.08003 -999.0 -999.0 -999.0 -999.0 -999.0 43.554213216666376 -53.46147807641577 43.421084819166936 -53.34130205163283 65.58331788400716 175.84326692655512 -999.0 6231.0 -999.0 -1 -999 {-999.0 -999.0 -999.0 -999.0 -999.0} "" -999.0 -999.0 -999.0 -999.0 -999 -999 "" "" "" "" 0 0 0.0 0.0 -999 ""
FIBERMAP 1319 R0C9 APOGEE 0 0 0 1 0 0 -131.47502841908263 6.830713789684426 143.1 36.78077228959634 -126.40454572868803 219.19872 45.90797 -999.0 -999.0 -999.0 -999.0 -999.0 43.85030499914105 -53.410628041144 43.716538926642045 -53.29105103502533 65.61354187950039 175.4051181422937 -999.0 16600.0 -999.0 2 276 {-999.0 -999.0 -999.0 -999.0 -999.0} "" -999.0 -999.0 -999.0 -999.0 -999 -999 "" "" "" "" 0 0 0.0 0.0 -999 ""
FIBERMAP 1319 R0C9 BOSS 1 1 0 1 0 0 -131.407219725946 7.559720891480887 143.1 36.070037486146795 -126.5802212425612 219.19872 45.90797 43.84674231536423 -53.41133195054196 -999.0 -999.0 -999.0 43.84674231536423 -53.41133195054195 43.712964564514834 -53.29165199247992 65.61319531758357 175.41042766728597 5400.0 5400.0 2016.0 1 449 {-999.0 20.375948 19.27208 18.810614 18.450815} sdss_fiber2mag_from_lsdr10 18.987932 20.522957 17.409817 15.312 63050395801412331 1128176648 dark_flexible_3x1 bhm_spiders_clusters_lsdr10_d3 bhm_spiders science 0 0 0.0 0.0 -999 ""
FIBERMAP 1319 R0C9 METROLOGY 0 0 0 1 0 0 -130.7902701559988 7.138857093731115 143.1 36.264616206104115 -125.85921712244733 219.19872 45.90797 -999.0 -999.0 -999.0 -999.0 -999.0 43.8477154140781 -53.40913013629779 43.71395091561078 -53.28947984064751 65.615283492576 175.40839343785595 -999.0 6231.0 -999.0 -1 -999 {-999.0 -999.0 -999.0 -999.0 -999.0} "" -999.0 -999.0 -999.0 -999.0 -999 -999 "" "" "" "" 0 0 0.0 0.0 -999 ""
FIBERMAP 1320 R+5C8 APOGEE 0 0 0 1 0 0 -87.09888875529312 82.27792423048585 143.1 -49.059498855649565 -109.30632706698059 268.6159 84.19167 -999.0 -999.0 -999.0 -999.0 -999.0 43.413371654097205 -53.35945355367865 43.281182631192394 -53.23913030492016 65.69361863220553 176.0191988884143 -999.0 16600.0 -999.0 2 -999 {-999.0 -999.0 -999.0 -999.0 -999.0} "" -999.0 -999.0 -999.0 -999.0 -999 -999 "" "" "" "" 0 0 0.0 0.0 -999 ""
FIBERMAP 1320 R+5C8 BOSS 1 1 0 1 0 0 -87.82683991568031 82.34065180918522 143.1 -48.8793722023465 -110.01439392982611 268.6159 84.19167 43.414261931187575 -53.36175349395265 -999.0 -999.0 -999.0 43.414261931187575 -53.36175349395265 43.282042619492614 -53.2413348122347 65.691373287018 176.01849838358552 5400.0 5400.0 2015.5 1 67 {-999.0 -999.0 -999.0 -999.0 -999.0} "" -999.0 -999.0 -999.0 -999.0 27021603157674590 813517510 "" ops_sky_boss_good ops_sky sky_boss 0 0 0.0 0.0 -999 ""
FIBERMAP 1320 R+5C8 METROLOGY 0 0 0 1 0 0 -87.39851349522262 82.96328780700438 143.1 -49.60820014723598 -109.81463767977019 268.6159 84.19167 -999.0 -999.0 -999.0 -999.0 -999.0 43.41054319111917 -53.36112878981779 43.27834287559165 -53.24073114431031 65.69219834161493 176.02370062500543 -999.0 6231.0 -999.0 -1 -999 {-999.0 -999.0 -999.0 -999.0 -999.0} "" -999.0 -999.0 -999.0 -999.0 -999 -999 "" "" "" "" 0 0 0.0 0.0 -999 ""
FIBERMAP 1321 R-6C21 APOGEE 0 0 0 1 0 0 234.05974116325393 -122.47326918722626 143.1 38.69460833558984 261.30580756285406 317.14032 128.59813 -999.0 -999.0 -999.0 -999.0 -999.0 43.84858149256713 -52.236662640489854 43.72044499764269 -52.11739960780778 66.77842815524784 175.05024482152626 -999.0 16600.0 -999.0 2 195 {-999.0 -999.0 -999.0 -999.0 -999.0} "" -999.0 -999.0 -999.0 -999.0 -999 -999 "" ops_sky_apogee_best_unassigned ops_sky sky_apogee 0 0 0.0 0.0 -999 ""
FIBERMAP 1321 R-6C21 BOSS 1 1 0 1 0 0 234.01104994374828 -123.22946818501852 143.1 39.42473564457559 261.5084778543835 317.14032 128.59813 43.85219955870599 -52.236134299281076 -999.0 -999.0 -999.0 43.852199558706 -52.23613429928107 43.7240366013527 -52.11678643789766 66.77876552324913 175.04450262457607 5400.0 5400.0 2016.0 1 268 {-999.0 20.561998 19.619398 19.217066 18.870068} sdss_fiber2mag_from_lsdr10 19.237116 21.386345 17.78094 15.389 63050395801570595 1128182131 dark_flexible_3x1 bhm_spiders_clusters_lsdr10_d3 bhm_spiders science 0 0 0.0 0.0 -999 ""
FIBERMAP 1321 R-6C21 METROLOGY 0 0 0 1 0 0 233.39240809574258 -122.8194631991566 143.1 39.24096789852347 260.78944620402154 317.14032 128.59813 -999.0 -999.0 -999.0 -999.0 -999.0 43.85132199477089 -52.238219912505556 43.72315706051802 -52.11889582235479 66.77673857978965 175.046519882103 -999.0 6231.0 -999.0 -1 -999 {-999.0 -999.0 -999.0 -999.0 -999.0} "" -999.0 -999.0 -999.0 -999.0 -999 -999 "" "" "" "" 0 0 0.0 0.0 -999 ""
FIBERMAP 1322 R+4C3 APOGEE 0 0 0 1 0 0 -190.71516882301614 82.29416117437142 143.1 -15.003931809068572 -207.16173233027268 14.055693 126.59548 -999.0 -999.0 -999.0 -999.0 -999.0 43.587598837662895 -53.655287843278614 43.453426123854 -53.53518651655797 65.38848414241589 175.84680129124834 -999.0 16600.0 -999.0 2 20 {-999.0 -999.0 -999.0 -999.0 -999.0} "" -999.0 -999.0 -999.0 -999.0 -999 -999 "" ops_sky_apogee_best_unassigned ops_sky sky_apogee 0 0 0.0 0.0 -999 ""
FIBERMAP 1322 R+4C3 BOSS 1 1 0 1 0 0 -190.15679236859117 81.827107309942 143.1 -14.746473589222838 -206.48085362356522 14.055693 126.59548 43.58891907006471 -53.65338431367556 -999.0 -999.0 -999.0 43.58891907006472 -53.65338431367555 43.45473413747423 -53.533188149310504 65.390388262279 175.84443371934944 5400.0 5400.0 2015.5 1 29 {-999.0 -999.0 -999.0 -999.0 -999.0} "" -999.0 -999.0 -999.0 -999.0 27021603157673557 813517383 "" ops_sky_boss_good ops_sky sky_boss 0 0 0.0 0.0 -999 ""
FIBERMAP 1322 R+4C3 METROLOGY 0 0 0 1 0 0 -190.82669797229266 81.55678400203172 143.1 -14.270916652929465 -207.02459201268184 14.055693 126.59548 -999.0 -999.0 -999.0 -999.0 -999.0 43.59134795433859 -53.65502244431529 43.45715241915241 -53.534857723604496 65.38857491004158 175.84142965429461 -999.0 6231.0 -999.0 -1 -999 {-999.0 -999.0 -999.0 -999.0 -999.0} "" -999.0 -999.0 -999.0 -999.0 -999 -999 "" "" "" "" 0 0 0.0 0.0 -999 ""
FIBERMAP 1327 R+4C12 APOGEE 0 0 0 1 0 0 18.7746222914 71.63195118434422 143.1 -73.81908954162608 -5.824056212651292 30.922522 57.51518 -999.0 -999.0 -999.0 -999.0 -999.0 43.28848573703506 -53.04531106961456 43.15818942205408 -52.92485684542582 66.01369479674847 176.12225102578583 -999.0 16600.0 -999.0 2 -999 {-999.0 -999.0 -999.0 -999.0 -999.0} "" -999.0 -999.0 -999.0 -999.0 -999 -999 "" "" "" "" 0 0 0.0 0.0 -999 ""
FIBERMAP 1327 R+4C12 BOSS 1 1 0 1 0 0 18.782045970804674 70.90470796161588 143.1 -73.13475821796119 -5.5779149796315615 30.922522 57.51518 43.29188458956043 -53.04466675694271 -999.0 -999.0 -999.0 43.29188458956043 -53.04466675694272 43.16156559382104 -52.92412363892861 66.01422466596439 176.11709127694863 5400.0 5400.0 2016.0 1 120 {-999.0 23.016216 21.9783 21.37676 20.922068} sdss_fiber2mag_from_lsdr10 1e+20 1e+20 1e+20 -999.0 63050398105296933 1131242605 dark_flexible_3x1 bhm_spiders_agn_lsdr10_d3 bhm_spiders science 0 0 0.0 0.0 -999 ""
FIBERMAP 1327 R+4C12 METROLOGY 0 0 0 1 0 0 18.125020225040245 71.26112053272918 143.1 -73.25529463310701 -6.31557232387361 30.922522 57.51518 -999.0 -999.0 -999.0 -999.0 -999.0 43.29125308069802 -53.04687976393744 43.160929790591695 -52.92636185465589 66.01203491287178 176.11857025744686 -999.0 6231.0 -999.0 -1 -999 {-999.0 -999.0 -999.0 -999.0 -999.0} "" -999.0 -999.0 -999.0 -999.0 -999 -999 "" "" "" "" 0 0 0.0 0.0 -999 ""
FIBERMAP 1337 R-5C21 APOGEE 0 0 0 1 0 0 220.46933538511652 -111.40915434887428 143.1 32.714978417569355 244.8336232728884 319.6772 93.14045 -999.0 -999.0 -999.0 -999.0 -999.0 43.819543606173866 -52.28620057054624 43.691260404555806 -52.16687348135052 66.73151369128679 175.11060521802995 -999.0 16600.0 -999.0 2 -999 {-999.0 -999.0 -999.0 -999.0 -999.0} "" -999.0 -999.0 -999.0 -999.0 -999 -999 "" "" "" "" 0 0 0.0 0.0 -999 ""
FIBERMAP 1337 R-5C21 BOSS 1 1 0 1 0 0 220.05524258068206 -111.97529313306916 143.1 33.38577293173823 244.6287312404301 319.6772 93.14045 43.82289119306414 -52.28687768977239 -999.0 -999.0 -999.0 43.82289119306414 -52.28687768977239 43.694576810126264 -52.16746474445507 66.73067950532048 175.10567628875464 5400.0 5400.0 2016.0 1 277 {-999.0 21.806713 21.219282 21.150642 21.159351} sdss_psfmag_from_lsdr10 1e+20 1e+20 1e+20 -999.0 63050396674897265 1131248928 dark_flexible_3x1 bhm_spiders_agn_lsdr10_d3 bhm_spiders science 0 0 0.0 0.0 -999 ""
FIBERMAP 1337 R-5C21 METROLOGY 0 0 0 1 0 0 219.72617258561237 -111.32425870570445 143.1 32.87917251341261 244.1039020347753 319.6772 93.14045 -999.0 -999.0 -999.0 -999.0 -999.0 43.82040436376266 -52.28839362389187 43.69209531228552 -52.16900185792957 66.72933885687317 175.1099733200153 -999.0 6231.0 -999.0 -1 -999 {-999.0 -999.0 -999.0 -999.0 -999.0} "" -999.0 -999.0 -999.0 -999.0 -999 -999 "" "" "" "" 0 0 0.0 0.0 -999 ""
FIBERMAP 1343 R+6C1 APOGEE 0 0 0 1 0 0 -216.43310447592026 122.412576317512 143.1 -44.43324884090556 -244.64013082316467 5.024346 144.37746 -999.0 -999.0 -999.0 -999.0 -999.0 43.43736909065869 -53.76808963080124 43.303099621603394 -53.647696937601566 65.28582420085455 176.08741366272218 -999.0 16600.0 -999.0 2 50 {-999.0 -999.0 -999.0 -999.0 -999.0} "" -999.0 -999.0 -999.0 -999.0 -999 -999 "" ops_sky_apogee_best_unassigned ops_sky sky_apogee 0 0 0.0 0.0 -999 ""
FIBERMAP 1343 R+6C1 BOSS 1 1 0 1 0 0 -215.78413021040288 122.02338450038756 143.1 -44.2791098627877 -243.89929848991088 5.024346 144.37746 43.438157430029385 -53.76598207332695 1.4262204 -0.19023003 1.2396274 43.43816459188584 -53.765982637961656 43.30388686971072 -53.64549385499115 65.28796910479086 176.0857726086953 5400.0 5400.0 2016.0 1 87 {-999.0 21.030245 20.894503 20.769394 20.70926} sdss_psfmag_from_gaiadr2 20.759155 20.885134 20.305157 -999.0 63050395801412053 1130302060 dark_flexible_3x1 bhm_gua_dark_d3 bhm_filler science 0 0 0.0 0.0 -999 ""
FIBERMAP 1343 R+6C1 METROLOGY 0 0 0 1 0 0 -216.40816148246503 121.65745141234336 143.1 -43.72834810798693 -244.3682772207695 5.024346 144.37746 -999.0 -999.0 -999.0 -999.0 -999.0 43.440969454639074 -53.76740782307913 43.30668023328633 -53.64695119746598 65.28635235019709 176.08218330900104 -999.0 6231.0 -999.0 -1 -999 {-999.0 -999.0 -999.0 -999.0 -999.0} "" -999.0 -999.0 -999.0 -999.0 -999 -999 "" "" "" "" 0 0 0.0 0.0 -999 ""
FIBERMAP 1344 R-6C18 APOGEE 0 0 0 1 0 0 157.799383347715 -135.02946327038939 143.1 75.62783424261856 193.41801789505237 311.92795 71.87526 -999.0 -999.0 -999.0 -999.0 -999.0 44.03427164385669 -52.44032740691238 43.90463756223426 -52.321334854797655 66.56191105394943 174.8323868125866 -999.0 16600.0 -999.0 2 -999 {-999.0 -999.0 -999.0 -999.0 -999.0} "" -999.0 -999.0 -999.0 -999.0 -999 -999 "" "" "" "" 0 0 0.0 0.0 -999 ""
FIBERMAP 1344 R-6C18 BOSS 1 1 0 1 0 0 157.17606952180915 -135.29270629059997 143.1 76.0813846907397 192.9159503395608 311.92795 71.87526 44.03649827395694 -52.44191058573001 20.622175 11.620957 2.0797765 44.03659868984652 -52.44187609271951 43.90693170314377 -52.32279522865875 66.56028211584544 174.82936428942722 5400.0 5400.0 2016.0 1 314 {-999.0 20.489075 20.776674 20.95823 -999.0} sdss_psfmag_gaia 20.539373 20.639547 20.573063 -999.0 63050395801552536 1092494233 dark_flexible_2x1 mwm_cb_galex_vol_boss mwm_cb science 0 0 0.0 0.0 -999 ""
FIBERMAP 1344 R-6C18 METROLOGY 0 0 0 1 0 0 157.1968605281621 -134.58622014442568 143.1 75.40737782156224 192.7032789546845 311.92795 71.87526 -999.0 -999.0 -999.0 -999.0 -999.0 44.033273681195276 -52.44247711691684 43.90361831503117 -52.32341616985034 66.55992734830848 174.83461406046558 -999.0 6231.0 -999.0 -1 -999 {-999.0 -999.0 -999.0 -999.0 -999.0} "" -999.0 -999.0 -999.0 -999.0 -999 -999 "" "" "" "" 0 0 0.0 0.0 -999 ""
FIBERMAP 1352 R+7C11 APOGEE 0 0 0 1 0 0 17.312897054442814 130.10215640527895 143.1 -128.5548043986669 -26.430494205889996 264.75357 157.98462 -999.0 -999.0 -999.0 -999.0 -999.0 43.01186182130424 -53.10712122660826 42.88210658410361 -52.98617386027877 65.96808430442914 176.54324939799048 -999.0 16600.0 -999.0 2 141 {-999.0 -999.0 -999.0 -999.0 -999.0} "" -999.0 -999.0 -999.0 -999.0 -999 -999 "" ops_sky_apogee_best_unassigned ops_sky sky_apogee 0 0 0.0 0.0 -999 ""
FIBERMAP 1352 R+7C11 BOSS 1 1 0 1 0 0 16.9878823827754 129.42904165510834 143.1 -127.81227759335333 -26.516089650314218 264.75357 157.98462 43.0155136433437 -53.10750361287177 -999.0 -999.0 -999.0 43.0155136433437 -53.10750361287177 42.8857316104975 -52.986467173477685 65.96760083865058 176.53797458946494 5400.0 5400.0 2015.5 1 141 {-999.0 -999.0 -999.0 -999.0 -999.0} "" -999.0 -999.0 -999.0 -999.0 27021603157674832 821472650 "" ops_sky_boss_good ops_sky sky_boss 0 0 0.0 0.0 -999 ""
FIBERMAP 1352 R+7C11 METROLOGY 0 0 0 1 0 0 16.572798372440303 130.0635199947537 143.1 -128.27496030661015 -27.116702277959465 264.75357 157.98462 -999.0 -999.0 -999.0 -999.0 -999.0 43.01313628297054 -53.109292646191406 42.88335686377815 -52.98827862508557 65.96592169499019 176.5418611596835 -999.0 6231.0 -999.0 -1 -999 {-999.0 -999.0 -999.0 -999.0 -999.0} "" -999.0 -999.0 -999.0 -999.0 -999 -999 "" "" "" "" 0 0 0.0 0.0 -999 ""
FIBERMAP 1360 R-3C11 APOGEE 1 1 0 1 0 0 -40.7030978217194 -42.47198642219462 143.1 53.4923457431274 -24.47242844213052 144.25728 83.28599 43.932160663323145 -53.10110786451155 -8.335867 3.1620696 1.0149156 43.932119454026065 -53.10109847894691 43.799621178753206 -52.981748604922444 65.91467766074899 175.19457334220883 16000.0 16600.0 2016.0 2 151 {-999.0 10.733103 10.055149 9.808495 -999.0} sdss_psfmag_from_g3xp 10.557779 10.093286 9.464594 8.25 63050395801550073 1108961509 bright_1x1 mwm_tess_rgb_apogee mwm_tessrgb science 0 0 0.0 0.0 -999 ""
FIBERMAP 1360 R-3C11 BOSS 0 0 0 1 0 0 -40.20483743169557 -41.89879494959351 143.1 52.7872152013392 -24.190371775141596 144.25728 83.28599 -999.0 -999.0 -999.0 -999.0 -999.0 43.92862037400432 -53.100366652372244 43.79611636211962 -52.98091561515504 65.91576108980198 175.19945754065637 -999.0 5400.0 -999.0 1 432 {-999.0 -999.0 -999.0 -999.0 -999.0} "" -999.0 -999.0 -999.0 -999.0 -999 -999 "" "" "" "" 0 0 0.0 0.0 -999 ""
FIBERMAP 1360 R-3C11 METROLOGY 0 0 0 1 0 0 -39.96138568659589 -42.620420561972104 143.1 53.38863125088394 -23.72318453650802 144.25728 83.28599 -999.0 -999.0 -999.0 -999.0 -999.0 43.931648155406414 -53.0989103917511 43.79914762526306 -52.979492013700586 65.91695217550821 175.19459397591046 -999.0 6231.0 -999.0 -1 -999 {-999.0 -999.0 -999.0 -999.0 -999.0} "" -999.0 -999.0 -999.0 -999.0 -999 -999 "" "" "" "" 0 0 0.0 0.0 -999 ""
FIBERMAP 1361 R+12C3 APOGEE 0 0 0 1 0 0 -112.31951479178998 222.36089688050603 143.1 -173.05390118159667 -179.18523928408342 247.3295 137.95625 -999.0 -999.0 -999.0 -999.0 -999.0 42.7820500902106 -53.5681246304574 42.65078400906208 -53.44665881063653 65.52060805859834 176.97183587993206 -999.0 16600.0 -999.0 2 -999 {-999.0 -999.0 -999.0 -999.0 -999.0} "" -999.0 -999.0 -999.0 -999.0 -999 -999 "" "" "" "" 0 0 0.0 0.0 -999 ""
FIBERMAP 1361 R+12C3 BOSS 1 1 0 1 0 0 -112.98251638959228 222.0358481525142 143.1 -172.52893443942614 -179.70446316862092 247.3295 137.95625 42.784690664529954 -53.56982265592131 -0.0040163943 0.26302442 -0.41080445 42.784690644455054 -53.569821875220335 42.65339548147979 -53.448262772621945 65.51888822718124 176.96839436212466 5400.0 5400.0 2016.0 1 99 {-999.0 20.012335 19.734844 19.481215 19.273033} sdss_psfmag_from_gaiadr2 20.041325 19.783682 19.164911 -999.0 63050395801413218 1130302078 dark_flexible_3x1 bhm_gua_dark_d3 bhm_filler science 0 0 0.0 0.0 -999 ""
FIBERMAP 1361 R+12C3 METROLOGY 0 0 0 1 0 0 -112.92618871274333 222.79844113018964 143.1 -173.26761091011028 -179.9020244251137 247.3295 137.95625 -999.0 -999.0 -999.0 -999.0 -999.0 42.780881058621205 -53.570390718738 42.64959850998372 -53.4488525342898 65.5184756865002 176.97394506235918 -999.0 6231.0 -999.0 -1 -999 {-999.0 -999.0 -999.0 -999.0 -999.0} "" -999.0 -999.0 -999.0 -999.0 -999 -999 "" "" "" "" 0 0 0.0 0.0 -999 ""
FIBERMAP 1366 R+3C11 APOGEE 0 0 0 1 0 0 -44.35258938085273 48.05208726191587 143.1 -30.794072754688695 -57.68477391333488 236.78297 103.65888 -999.0 -999.0 -999.0 -999.0 -999.0 43.505963197541845 -53.20289395256579 43.37425282089902 -53.08277362773056 65.84336252332413 175.84454951190386 -999.0 16600.0 -999.0 2 12 {-999.0 -999.0 -999.0 -999.0 -999.0} "" -999.0 -999.0 -999.0 -999.0 -999 -999 "" ops_sky_apogee_best_unassigned ops_sky sky_apogee 0 0 0.0 0.0 -999 ""
FIBERMAP 1366 R+3C11 BOSS 1 1 0 1 0 0 -45.070322817255324 48.28377619305586 143.1 -30.77686457884443 -58.43874920331182 236.78297 103.65888 43.50603979156798 -53.2053142217346 -999.0 -999.0 -999.0 43.50603979156798 -53.2053142217346 43.37430060799486 -53.085097733400964 65.84104835960852 175.8450788892144 5400.0 5400.0 2015.5 1 14 {-999.0 -999.0 -999.0 -999.0 -999.0} "" -999.0 -999.0 -999.0 -999.0 27021603157674640 813517565 "" ops_sky_boss_good ops_sky sky_boss 0 0 0.0 0.0 -999 ""
FIBERMAP 1366 R+3C11 METROLOGY 0 0 0 1 0 0 -44.520840165336324 48.780015483271306 143.1 -31.42616810620987 -58.08301751288082 236.78297 103.65888 -999.0 -999.0 -999.0 -999.0 -999.0 43.50273687523564 -53.20421291894302 43.3710177772997 -53.08401810468101 65.84232985529695 175.84959181182657 -999.0 6231.0 -999.0 -1 -999 {-999.0 -999.0 -999.0 -999.0 -999.0} "" -999.0 -999.0 -999.0 -999.0 -999 -999 "" "" "" "" 0 0 0.0 0.0 -999 ""
FIBERMAP 1367 R-10C9 APOGEE 0 0 0 1 0 0 -1.12421042009842 -203.20392813362375 143.1 192.2653532931282 65.755465547718 224.48177 149.7441 -999.0 -999.0 -999.0 -999.0 -999.0 44.62428684348546 -52.822735774828494 44.491089290328944 -52.70468160150294 66.13272808582693 174.08402712576526 -999.0 16600.0 -999.0 2 -999 {-999.0 -999.0 -999.0 -999.0 -999.0} "" -999.0 -999.0 -999.0 -999.0 -999 -999 "" "" "" "" 0 0 0.0 0.0 -999 ""
FIBERMAP 1367 R-10C9 BOSS 1 1 0 1 0 0 -1.8524657226299774 -203.38721176284614 143.1 192.67790071445802 65.12800438728048 224.48177 149.7441 44.62645754083388 -52.82470177774607 10.780321 3.0678813 0.6553035 44.62651049492784 -52.824692671743314 44.4932738547411 -52.70654816038694 66.13068536219856 174.08147871007137 5400.0 5400.0 2016.0 1 404 {-999.0 21.656466 20.25898 19.601225 -999.0} sdss_psfmag_gaia 21.164354 20.165037 19.2764 -999.0 63050395801550700 1092285895 dark_flexible_2x1 mwm_cb_galex_mag_boss mwm_cb science 0 0 0.0 0.0 -999 ""
FIBERMAP 1367 R-10C9 METROLOGY 0 0 0 1 0 0 -1.6481071243145575 -202.67004569327983 143.1 191.93344792354887 65.08517336358668 224.48177 149.7441 -999.0 -999.0 -999.0 -999.0 -999.0 44.622835890561895 -52.82481954636146 44.489615767725525 -52.70669499787085 66.13086986001365 174.08694908556626 -999.0 6231.0 -999.0 -1 -999 {-999.0 -999.0 -999.0 -999.0 -999.0} "" -999.0 -999.0 -999.0 -999.0 -999 -999 "" "" "" "" 0 0 0.0 0.0 -999 ""
FIBERMAP 1371 R-4C4 APOGEE 0 0 0 1 0 0 -188.16073632226386 -87.33726573714114 143.1 144.3476154336533 -148.97158269200244 227.00786 116.42318 -999.0 -999.0 -999.0 -999.0 -999.0 44.39817878080558 -53.47536480959179 44.2624355106949 -53.35673307556981 65.50698243028545 174.6435721643176 -999.0 16600.0 -999.0 2 -999 {-999.0 -999.0 -999.0 -999.0 -999.0} "" -999.0 -999.0 -999.0 -999.0 -999 -999 "" "" "" "" 0 0 0.0 0.0 -999 ""
FIBERMAP 1371 R-4C4 BOSS 1 1 0 1 0 0 -188.90171875926498 -87.13178345446875 143.1 144.39721655654137 -149.73889596456488 227.00786 116.42318 44.39855836287434 -53.47781450103858 -0.43401262 0.0145983 0.9903595 44.39855619828133 -53.47781445770834 44.26277758019286 -53.35908604983362 65.50462364868172 174.64386068364254 5400.0 5400.0 2016.0 1 493 {-999.0 20.356152 20.358622 20.203588 20.039658} sdss_psfmag_from_lsdr10 20.329212 20.240744 19.826876 -999.0 63050395801544951 1131238375 dark_flexible_3x1 bhm_spiders_agn_lsdr10_d3 bhm_spiders science 0 0 0.0 0.0 -999 ""
FIBERMAP 1371 R-4C4 METROLOGY 0 0 0 1 0 0 -188.36145182705337 -86.6167024138078 143.1 143.7331501110297 -149.39806264904172 227.00786 116.42318 -999.0 -999.0 -999.0 -999.0 -999.0 44.39519495759754 -53.47681001371157 44.25943743627698 -53.35810326636545 65.50586974383573 174.6482993433812 -999.0 6231.0 -999.0 -1 -999 {-999.0 -999.0 -999.0 -999.0 -999.0} "" -999.0 -999.0 -999.0 -999.0 -999 -999 "" "" "" "" 0 0 0.0 0.0 -999 ""
FIBERMAP 1375 R+7C1 APOGEE 0 0 0 1 0 0 -203.55857482283088 123.04245213824696 143.1 -49.26144966128177 -232.68917926904473 323.2611 96.53732 -999.0 -999.0 -999.0 -999.0 -999.0 43.41260717575653 -53.732134815984665 43.27859220812638 -53.61170902196973 65.32308818656618 176.11338425547305 -999.0 16600.0 -999.0 2 49 {-999.0 -999.0 -999.0 -999.0 -999.0} "" -999.0 -999.0 -999.0 -999.0 -999 -999 "" ops_sky_apogee_best_unassigned ops_sky sky_apogee 0 0 0.0 0.0 -999 ""
FIBERMAP 1375 R+7C1 BOSS 1 1 0 1 0 0 -203.92773678419118 122.38881035717148 143.1 -48.52279573584346 -232.8228682834105 323.2611 96.53732 43.41616452586844 -53.73272791351146 45.2772 19.941837 3.1687956 43.41639170798114 -53.73266872254897 43.282347091029315 -53.612151646880875 65.32242506343881 176.10818155933086 5400.0 5400.0 2016.0 1 36 {-999.0 19.25905 17.490803 16.410133 -999.0} sdss_psfmag_gaia 18.398874 17.087769 15.966794 13.881 63050395801412337 1094885699 bright_1x1 mwm_bin_vis_boss mwm_filler science 0 0 0.0 0.0 -999 ""
FIBERMAP 1375 R+7C1 METROLOGY 0 0 0 1 0 0 -204.30714849562466 123.03515584991182 143.1 -49.008414893628206 -233.39369589833348 323.2611 96.53732 -999.0 -999.0 -999.0 -999.0 -999.0 43.41389278833515 -53.73439275348265 43.2798507867206 -53.6138983210245 65.32083523308029 176.11212894085517 -999.0 6231.0 -999.0 -1 -999 {-999.0 -999.0 -999.0 -999.0 -999.0} "" -999.0 -999.0 -999.0 -999.0 -999 -999 "" "" "" "" 0 0 0.0 0.0 -999 ""
FIBERMAP 1377 R-3C22 APOGEE 0 0 0 1 0 0 229.9828365767795 -60.97074613528707 143.1 -18.044758702261543 237.23264338298938 22.293068 82.27984 -999.0 -999.0 -999.0 -999.0 -999.0 43.568467701505014 -52.309532473584994 43.440809013789305 -52.1897615912491 66.72670091966722 175.5034382803423 -999.0 16600.0 -999.0 2 202 {-999.0 -999.0 -999.0 -999.0 -999.0} "" -999.0 -999.0 -999.0 -999.0 -999 -999 "" ops_sky_apogee_best_unassigned ops_sky sky_apogee 0 0 0.0 0.0 -999 ""
FIBERMAP 1377 R-3C22 BOSS 1 1 0 1 0 0 230.16042683086144 -61.675494828079046 143.1 -17.437623931671894 237.63208486678434 22.293068 82.27984 43.571482416766045 -52.30838557385786 0.49008742 -1.1656532 0.112558864 43.57148479595443 -52.308389033713866 43.443805825393916 -52.188532072669204 66.7277171474041 175.4984694345692 5400.0 5400.0 2016.0 1 285 {-999.0 21.231113 20.76709 20.652754 20.59067} sdss_psfmag_from_lsdr10 20.546803 20.812765 20.318882 -999.0 63050395801570570 1131248924 dark_flexible_3x1 bhm_spiders_agn_lsdr10_d3 bhm_spiders science 0 0 0.0 0.0 -999 ""
FIBERMAP 1377 R-3C22 METROLOGY 0 0 0 1 0 0 229.45806434035757 -61.49220084316281 143.1 -17.379768217379592 236.9085382649033 22.293068 82.27984 -999.0 -999.0 -999.0 -999.0 -999.0 43.57176575859526 -52.31049952530805 43.44408085079584 -52.190668437849965 66.72557533498576 175.49865068044048 -999.0 6231.0 -999.0 -1 -999 {-999.0 -999.0 -999.0 -999.0 -999.0} "" -999.0 -999.0 -999.0 -999.0 -999 -999 "" "" "" "" 0 0 0.0 0.0 -999 ""
FIBERMAP 1379 R-4C9 APOGEE 0 0 0 1 0 0 -75.09502666664206 -62.41565617076369 143.1 83.63484252994733 -50.392619061255765 144.94923 84.90314 -999.0 -999.0 -999.0 -999.0 -999.0 44.085566854304545 -53.179045478729236 43.95222837197059 -53.05994345214417 65.82567839564172 174.9955422699589 -999.0 16600.0 -999.0 2 292 {-999.0 -999.0 -999.0 -999.0 -999.0} "" -999.0 -999.0 -999.0 -999.0 -999 -999 "" ops_sky_apogee_best_unassigned ops_sky sky_apogee 0 0 0.0 0.0 -999 ""
FIBERMAP 1379 R-4C9 BOSS 1 1 0 1 0 0 -74.57593831810782 -61.88388877060869 143.1 82.96198221568929 -50.07727252355354 144.94923 84.90314 44.08224852071007 -53.17823099032981 -999.0 -999.0 -999.0 44.08224852071007 -53.17823099032981 43.94890368548581 -53.0590278924158 65.82684006417918 175.0000984933493 5400.0 5400.0 2015.5 1 480 {-999.0 -999.0 -999.0 -999.0 -999.0} "" -999.0 -999.0 -999.0 -999.0 27021603157761115 813531294 "" ops_sky_boss_good ops_sky sky_boss 0 0 0.0 0.0 -999 ""
FIBERMAP 1379 R-4C9 METROLOGY 0 0 0 1 0 0 -74.37933139381602 -62.61795420331298 143.1 83.59054923480934 -49.650232768867504 144.94923 84.90314 -999.0 -999.0 -999.0 -999.0 -999.0 44.08541866792829 -53.176894477089476 43.95207658983304 -53.05772436688069 65.8278911097137 174.99507535816443 -999.0 6231.0 -999.0 -1 -999 {-999.0 -999.0 -999.0 -999.0 -999.0} "" -999.0 -999.0 -999.0 -999.0 -999 -999 "" "" "" "" 0 0 0.0 0.0 -999 ""
FIBERMAP 1385 R-13C3 APOGEE 0 0 0 1 0 0 -89.40887450973965 -246.90594631527318 143.1 262.56495648341473 -3.2461731656599144 22.61478 121.21131 -999.0 -999.0 -999.0 -999.0 -999.0 44.98190839093005 -53.02776832486269 44.846651874511736 -52.910295942081255 65.89633833148505 173.63989739252244 -999.0 16600.0 -999.0 2 156 {-999.0 -999.0 -999.0 -999.0 -999.0} "" -999.0 -999.0 -999.0 -999.0 -999 -999 "" "" "" "" 0 0 0.0 0.0 -999 ""
FIBERMAP 1385 R-13C3 BOSS 1 1 0 1 0 0 -88.78629720863184 -247.34988199948685 143.1 262.7794726470832 -2.512268043772218 22.61478 121.21131 44.98293274991229 -53.025629665263196 -999.0 -999.0 -999.0 44.98293274991229 -53.025629665263196 44.84765827855984 -52.90806502082834 65.89844276439848 173.63755281171163 5400.0 5400.0 2016.0 1 437 {-999.0 19.485897 18.4961 18.014473 17.649195} sdss_fiber2mag_from_lsdr10 18.340046 20.383472 16.74385 14.416 63050395801545917 1058439729 dark_flexible_2x1 bhm_spiders_agn_lsdr10 bhm_spiders science 0 0 0.0 0.0 -999 ""
FIBERMAP 1385 R-13C3 METROLOGY 0 0 0 1 0 0 -89.48761370515425 -247.65202424295475 143.1 263.2954062727452 -3.075206679781489 22.61478 121.21131 -999.0 -999.0 -999.0 -999.0 -999.0 44.985636952241784 -53.027271664730605 44.850353588972894 -52.90973823597679 65.89653003625163 173.63428262908428 -999.0 6231.0 -999.0 -1 -999 {-999.0 -999.0 -999.0 -999.0 -999.0} "" -999.0 -999.0 -999.0 -999.0 -999 -999 "" "" "" "" 0 0 0.0 0.0 -999 ""
FIBERMAP 1386 R-3C2 APOGEE 0 0 0 1 0 0 -252.00844346207677 -58.350055731105606 143.1 137.9678115253131 -218.79770185919767 207.28764 88.879105 -999.0 -999.0 -999.0 -999.0 -999.0 44.36925744006039 -53.68621904574898 44.23254357220054 -53.56747880650262 65.30060091290895 174.75464205915728 -999.0 16600.0 -999.0 2 -999 {-999.0 -999.0 -999.0 -999.0 -999.0} "" -999.0 -999.0 -999.0 -999.0 -999 -999 "" "" "" "" 0 0 0.0 0.0 -999 ""
FIBERMAP 1386 R-3C2 BOSS 1 1 0 1 0 0 -252.33866310372585 -57.68765320993497 143.1 137.450853668587 -219.3273547680925 207.28764 88.879105 44.36667866138899 -53.68794291181163 -999.0 -999.0 -999.0 44.36667866138899 -53.68794291181163 44.229941626213005 -53.56909992210747 65.29920247706774 174.75882833108855 5400.0 5400.0 2015.5 1 514 {-999.0 -999.0 -999.0 -999.0 -999.0} "" -999.0 -999.0 -999.0 -999.0 27021603157757940 821479803 "" ops_sky_boss_good ops_sky sky_boss 0 0 0.0 0.0 -999 ""
FIBERMAP 1386 R-3C2 METROLOGY 0 0 0 1 0 0 -251.58516754056765 -57.733342093290844 143.1 137.24623705801488 -218.6007676706816 207.28764 88.879105 -999.0 -999.0 -999.0 -999.0 -999.0 44.36563802825794 -53.68577875523067 44.228921377317135 -53.56696221907422 65.3014022475126 174.75957701168983 -999.0 6231.0 -999.0 -1 -999 {-999.0 -999.0 -999.0 -999.0 -999.0} "" -999.0 -999.0 -999.0 -999.0 -999 -999 "" "" "" "" 0 0 0.0 0.0 -999 ""
FIBERMAP 1389 R+2C3 APOGEE 0 0 0 1 0 0 -235.51056258228752 54.177383027820994 143.1 26.277689202035436 -240.21897292350718 170.66164 65.21631 -999.0 -999.0 -999.0 -999.0 -999.0 43.799309496795665 -53.754365735524075 43.66399444343148 -53.63460618291712 65.27589799185247 175.57536507437032 -999.0 16600.0 -999.0 2 37 {-999.0 -999.0 -999.0 -999.0 -999.0} "" -999.0 -999.0 -999.0 -999.0 -999 -999 "" ops_sky_apogee_best_unassigned ops_sky sky_apogee 0 0 0.0 0.0 -999 ""
FIBERMAP 1389 R+2C3 BOSS 1 1 0 1 0 0 -235.1295126214361 54.79739825356448 143.1 25.56688153607326 -240.06300045566985 170.66164 65.21631 43.79569067842131 -53.754032208663595 0.3522938 -0.54955536 -0.4212069 43.79569244698369 -53.75403383983689 43.66037125753107 -53.63416997874964 65.27657566714981 175.5803497075721 5400.0 5400.0 2016.0 1 61 {-999.0 19.90568 19.5453 19.506796 19.524326} sdss_psfmag_from_lsdr10 19.634283 19.425596 19.026733 -999.0 63050395801412000 1131236257 dark_flexible_3x1 bhm_spiders_agn_lsdr10_d3 bhm_spiders science 0 0 0.0 0.0 -999 ""
FIBERMAP 1389 R+2C3 METROLOGY 0 0 0 1 0 0 -234.77243526156818 54.13188610087036 143.1 26.077944672475134 -239.5069619493423 170.66164 65.21631 -999.0 -999.0 -999.0 -999.0 -999.0 43.79829909979645 -53.75236559593949 43.662983569140636 -53.63253454098265 65.2780243750144 175.57622540610052 -999.0 6231.0 -999.0 -1 -999 {-999.0 -999.0 -999.0 -999.0 -999.0} "" -999.0 -999.0 -999.0 -999.0 -999 -999 "" "" "" "" 0 0 0.0 0.0 -999 ""
FIBERMAP 1390 R+5C10 APOGEE 0 0 0 1 0 0 -24.406103391901624 108.8603909232448 143.1 -94.77717730109215 -58.843169894155174 65.8226 102.90075 -999.0 -999.0 -999.0 -999.0 -999.0 43.181822832513376 -53.20602782243758 43.05107896333806 -53.08534610466914 65.86011878195092 176.31730736140565 -999.0 16600.0 -999.0 2 138 {-999.0 -999.0 -999.0 -999.0 -999.0} "" -999.0 -999.0 -999.0 -999.0 -999 -999 "" ops_sky_apogee_best_unassigned ops_sky sky_apogee 0 0 0.0 0.0 -999 ""
FIBERMAP 1390 R+5C10 BOSS 1 1 0 1 0 0 -23.67400939144156 108.73054349607123 143.1 -94.89528154512651 -58.10912052309028 65.8226 102.90075 43.18116639718429 -53.20392607194458 -999.0 -999.0 -999.0 43.18116639718429 -53.203926071944586 43.05041968540433 -53.083148130381545 65.86234415566045 176.3177688824803 5400.0 5400.0 2016.0 1 134 {-999.0 22.84067 21.410069 20.776527 20.317097} sdss_fiber2mag_from_lsdr10 1e+20 1e+20 1e+20 -999.0 63050398820332070 1131240460 dark_flexible_3x1 bhm_spiders_agn_lsdr10_d3 bhm_spiders science 0 0 0.0 0.0 -999 ""
FIBERMAP 1390 R+5C10 METROLOGY 0 0 0 1 0 0 -24.171284653395563 108.14870906346214 143.1 -94.18231294923515 -58.38740492305388 65.8226 102.90075 -999.0 -999.0 -999.0 -999.0 -999.0 43.184752003874955 -53.20475852915796 43.053994609438575 -53.08401364888218 65.86128152130402 176.3127390623168 -999.0 6231.0 -999.0 -1 -999 {-999.0 -999.0 -999.0 -999.0 -999.0} "" -999.0 -999.0 -999.0 -999.0 -999 -999 "" "" "" "" 0 0 0.0 0.0 -999 ""
FIBERMAP 1394 R+6C7 APOGEE 0 0 0 1 0 0 -101.23749743828157 111.78852253107324 143.1 -72.27881216478661 -132.36174317214463 198.38449 121.46299 -999.0 -999.0 -999.0 -999.0 -999.0 43.29522736294657 -53.42912446437511 43.16305954967851 -53.308577982150176 65.63151557135042 176.20646285559562 -999.0 16600.0 -999.0 2 41 {-999.0 -999.0 -999.0 -999.0 -999.0} "" -999.0 -999.0 -999.0 -999.0 -999 -999 "" ops_sky_apogee_best_unassigned ops_sky sky_apogee 0 0 0.0 0.0 -999 ""
FIBERMAP 1394 R+6C7 BOSS 1 1 0 1 0 0 -101.80965623238629 112.2713687256207 143.1 -72.54665199479209 -133.06083003838435 198.38449 121.46299 43.293823354768165 -53.431392901499024 -999.0 -999.0 -999.0 43.29382335476816 -53.43139290149903 43.16163308483924 -53.31074670457363 65.62943953845975 176.20902755281594 5400.0 5400.0 2016.0 1 68 {-999.0 22.434254 21.127537 20.63065 20.277857} sdss_fiber2mag_from_lsdr10 1e+20 1e+20 1e+20 -999.0 63050398105342976 1128176631 dark_flexible_3x1 bhm_spiders_clusters_lsdr10_d3 bhm_spiders science 0 0 0.0 0.0 -999 ""
FIBERMAP 1394 R+6C7 METROLOGY 0 0 0 1 0 0 -101.09110815965099 112.51682164635008 143.1 -73.01471709375048 -132.4629782869727 198.38449 121.46299 -999.0 -999.0 -999.0 -999.0 -999.0 43.2914267238279 -53.42956553395813 43.15925711052216 -53.308943095092324 65.63137200848648 176.2120290439473 -999.0 6231.0 -999.0 -1 -999 {-999.0 -999.0 -999.0 -999.0 -999.0} "" -999.0 -999.0 -999.0 -999.0 -999 -999 "" "" "" "" 0 0 0.0 0.0 -999 ""
FIBERMAP 1397 R-3C19 APOGEE 0 0 0 1 0 0 134.91183803103405 -56.17736277117757 143.1 8.689666058757094 145.8761655353522 151.96342 134.03159 -999.0 -999.0 -999.0 -999.0 -999.0 43.702486109064175 -52.584961907322665 43.57314272262613 -52.465350193235096 66.44370284451907 175.38010690100776 -999.0 16600.0 -999.0 2 -999 {-999.0 -999.0 -999.0 -999.0 -999.0} "" -999.0 -999.0 -999.0 -999.0 -999 -999 "" "" "" "" 0 0 0.0 0.0 -999 ""
FIBERMAP 1397 R-3C19 BOSS 1 1 0 1 0 0 134.70815648764665 -55.4666216159367 143.1 8.085451590571479 145.45011430473997 151.96342 134.03159 43.69870156839846 -52.58626748524688 47.308083 -5.4102273 1.2611767 43.69950061863064 -52.58628354349207 43.5701425845793 -52.46657353791753 66.44269890036709 175.38500337270668 5400.0 5400.0 2016.0 1 305 {-999.0 14.841032 14.408895 14.258786 -999.0} sdss_psfmag_from_g3xp 14.760229 14.427204 13.925973 12.975 63050395801551944 1135999856 dark_flexible_3x1 mwm_halo_local_high_boss_triple mwm_halo science 0 0 1.2422069311141968 0.0 -999 ""
FIBERMAP 1397 R-3C19 METROLOGY 0 0 0 1 0 0 135.4328729754165 -55.64068707438438 143.1 8.01153051724505 146.19173640504914 151.96342 134.03159 -999.0 -999.0 -999.0 -999.0 -999.0 43.699114958089055 -52.583998119831904 43.569773369157474 -52.46431425221834 66.44496904495315 175.38490952355383 -999.0 6231.0 -999.0 -1 -999 {-999.0 -999.0 -999.0 -999.0 -999.0} "" -999.0 -999.0 -999.0 -999.0 -999 -999 "" "" "" "" 0 0 0.0 0.0 -999 ""
FIBERMAP 1399 R+5C21 APOGEE 0 0 1 1 0 0 213.7506532192118 104.7671212612518 143.1 -169.22193080569943 167.4061780189134 10.015881 170.06453 -999.0 -999.0 -999.0 -999.0 -999.0 42.816965961870835 -52.519257714561334 42.69055331680295 -52.39813468814723 66.56386116669289 176.7065319619928 -999.0 16600.0 -999.0 2 -999 {-999.0 -999.0 -999.0 -999.0 -999.0} "" -999.0 -999.0 -999.0 -999.0 -999 -999 "" "" "" "" 0 0 0.0 0.0 -999 ""
FIBERMAP 1399 R+5C21 BOSS 1 0 1 1 0 0 214.47365332491833 104.78609002527735 143.1 -169.4775794296142 168.0827061217953 10.015881 170.06453 42.94107391910739 -52.482359797702486 -999.0 -999.0 -999.0 42.81571919452419 -52.51728468795406 42.68930683622847 -52.39606743533465 66.56598401211515 176.70801001172305 5400.0 5400.0 2015.5 1 247 {-999.0 -999.0 -999.0 -999.0 -999.0} "" -999.0 -999.0 -999.0 -999.0 27021603157773269 813533273 "" ops_sky_boss_good ops_sky sky_boss 0 0 0.0 0.0 -999 ""
FIBERMAP 1399 R+5C21 METROLOGY 0 0 1 1 0 0 214.1247363769547 104.11938674164581 143.1 -168.73324779547028 167.97243034957222 10.015881 170.06453 -999.0 -999.0 -999.0 -999.0 -999.0 42.819352671067456 -52.51757482258662 42.69293169576224 -52.39638995503364 66.56548040816877 176.70253397939632 -999.0 6231.0 -999.0 -1 -999 {-999.0 -999.0 -999.0 -999.0 -999.0} "" -999.0 -999.0 -999.0 -999.0 -999 -999 "" "" "" "" 0 0 0.0 0.0 -999 ""
FIBERMAP 1401 R-2C6 APOGEE 0 0 1 1 0 0 -156.1000355665564 -31.130062076372713 143.1 80.72618894649763 -137.17699158745592 9.981825 170.0254 -999.0 -999.0 -999.0 -999.0 -999.0 44.07426281090972 -53.44217091393858 43.93966293215999 -53.32297763119905 65.56569178860369 175.09425477482787 -999.0 16600.0 -999.0 2 -999 {-999.0 -999.0 -999.0 -999.0 -999.0} "" -999.0 -999.0 -999.0 -999.0 -999 -999 "" "" "" "" 0 0 0.0 0.0 -999 ""
FIBERMAP 1401 R-2C6 BOSS 1 0 1 1 0 0 -155.35533412257067 -31.10931004219461 143.1 80.46172049970116 -136.4805561903969 9.981825 170.0254 44.10242769991448 -53.47568032523421 -999.0 -999.0 -999.0 44.07296919448497 -53.440224478248865 43.93836245786906 -53.32093281121025 65.56781776476993 175.09549914087572 5400.0 5400.0 2016.0 1 470 {-999.0 20.159224 19.376316 19.024971 18.74866} sdss_fiber2mag_from_lsdr10 18.866098 21.233194 17.634844 15.873 63050395801549512 1064762079 dark_flexible_2x2 bhm_colr_galaxies_lsdr10 bhm_filler science 0 0 0.0 0.0 -999 ""
FIBERMAP 1401 R-2C6 METROLOGY 0 0 1 1 0 0 -155.7150515995728 -31.771377569684454 143.1 81.20522576470358 -136.60255576574363 9.981825 170.0254 -999.0 -999.0 -999.0 -999.0 -999.0 44.07676683758963 -53.440559732180866 43.942152721671675 -53.32130202812353 65.56716792510335 175.09018032196258 -999.0 6231.0 -999.0 -1 -999 {-999.0 -999.0 -999.0 -999.0 -999.0} "" -999.0 -999.0 -999.0 -999.0 -999 -999 "" "" "" "" 0 0 0.0 0.0 -999 ""
