#%yanny
#
# confSummaryFS-10023359.par
#
# Created by pydl.pydlutils.yanny.yanny
#
# 2026-09-08 14:11:44 UTC
#
configuration_id 10023359
robostrategy_run iota-1
fps_calibrations_version 2025.12.04+ccda1c9
jaeger_version 1.11.1
coordio_version 1.18.1
kaiju_version 1.4.1
design_id 745504
field_id 110646
focal_scale 0.9999491
instruments BOSS APOGEE
epoch 2461291.891639071
obstime Tue Sep 08 09:26:13 2026
MJD 61291
observatory LCO
temperature 10.235602893154699
raCen 22.9051455661712
decCen -41.669440771802
pa 290.5605
is_dithered 0
parent_configuration -999
dither_radius -999.0
cloned_from -999
rotator_angle 159.46
fvc_centroid_method flex
fvc_rms 0.00786
fvc_90_perc 0.0107
fvc_percent_reached 42.8
fvc_image_path /data/fcam/61291/proc-fimg-fvc1s-0048.fits

typedef enum {
    BOSS,
    APOGEE,
    METROLOGY,
    NONE
} FIBERTYPE;

typedef struct {
    short positionerId;
    char holeId[28];
    FIBERTYPE fiberType;
    short assigned;
    short on_target;
    short disabled;
    short valid;
    short decollided;
    short too;
    double xwok;
    double ywok;
    double zwok;
    double xFocal;
    double yFocal;
    float alpha;
    float beta;
    double racat;
    double deccat;
    float pmra;
    float pmdec;
    float parallax;
    double ra;
    double dec;
    double ra_observed;
    double dec_observed;
    double alt_observed;
    double az_observed;
    float lambda_design;
    float lambda_eff;
    float coord_epoch;
    short spectrographId;
    short fiberId;
    float mag[5];
    char optical_prov[104];
    float bp_mag;
    float gaia_g_mag;
    float rp_mag;
    float h_mag;
    long catalogid;
    long carton_to_target_pk;
    char cadence[76];
    char firstcarton[200];
    char program[44];
    char category[60];
    long sdssv_boss_target0;
    long sdssv_apogee_target0;
    double delta_ra;
    double delta_dec;
    long too_id;
    char too_program[4];
} FIBERMAP;

FIBERMAP 4 R+1C12 APOGEE 0 0 0 1 0 0 -25.006085852674868 31.189083872631826 143.1 -37.98250763693136 -12.45912185484921 64.70115 106.273186 -999.0 -999.0 -999.0 -999.0 -999.0 22.750799838526866 -41.70728851835684 22.715763309217664 -41.563255587551254 59.401291167735494 236.4613469760211 -999.0 16600.0 -999.0 2 -999 {-999.0 -999.0 -999.0 -999.0 -999.0} "" -999.0 -999.0 -999.0 -999.0 -999 -999 "" "" "" "" 0 0 0.0 0.0 -999 ""
FIBERMAP 4 R+1C12 BOSS 1 1 0 1 0 0 -24.27717756892226 31.07528663713523 143.1 -37.619987676160704 -11.816641527515928 64.70115 106.273186 22.752109196831583 -41.70538103895541 1.2012651 -0.81721705 1.0435077 22.752078276950485 -41.70537443839595 22.717206432256035 -41.56131442332909 59.40278141669347 236.46458303636558 5400.0 5400.0 2016.0 1 22 {-999.0 20.87853 20.647503 20.443735 20.281616} sdss_psfmag_from_gaiadr2 20.86109 20.670015 20.09935 -999.0 63050395808839407 1130401427 dark_flexible_3x1 bhm_gua_dark_d3 bhm_filler science 0 0 0.0 0.0 -999 ""
FIBERMAP 4 R+1C12 METROLOGY 0 0 0 1 0 0 -24.73491868392047 30.491970837761713 143.1 -37.23460457545883 -12.45005146526533 64.70115 106.273186 -999.0 -999.0 -999.0 -999.0 -999.0 22.753687374685384 -41.707292099776645 22.71876181641585 -41.56324113684439 59.40348001461551 236.4603791268692 -999.0 6231.0 -999.0 -1 -999 {-999.0 -999.0 -999.0 -999.0 -999.0} "" -999.0 -999.0 -999.0 -999.0 -999 -999 "" "" "" "" 0 0 0.0 0.0 -999 ""
FIBERMAP 6 R+3C2 APOGEE 0 0 0 1 0 0 -244.50459185992693 39.70236302834755 143.1 -123.0362275576474 -214.97584425901738 300.13992 46.935337 -999.0 -999.0 -999.0 -999.0 -999.0 22.402666860427118 -42.31933495047102 22.367603221666116 -42.17486501033798 59.00747567266041 235.41640939047284 -999.0 16600.0 -999.0 2 -999 {-999.0 -999.0 -999.0 -999.0 -999.0} "" -999.0 -999.0 -999.0 -999.0 -999 -999 "" "" "" "" 0 0 0.0 0.0 -999 ""
FIBERMAP 6 R+3C2 BOSS 1 1 0 1 0 0 -245.2033952657303 39.85737582916509 143.1 -123.42676358344242 -215.5756647525879 300.13992 46.935337 22.40081995006319 -42.321212815491776 -999.0 -999.0 -999.0 22.40088509025866 -42.32117831879516 22.365992111602964 -42.17667591281119 59.00588632090002 235.413542809744 5400.0 5400.0 2015.5 1 75 {-999.0 -999.0 -999.0 -999.0 -999.0} "" -999.0 -999.0 -999.0 -999.0 27021603160526386 813930547 "" ops_sky_boss_good ops_sky sky_boss 0 0 0.0 0.0 -999 ""
FIBERMAP 6 R+3C2 METROLOGY 0 0 0 1 0 0 -244.73068630340882 40.415370405183666 143.1 -123.78318319785336 -214.9371333704759 300.13992 46.935337 -999.0 -999.0 -999.0 -999.0 -999.0 22.399451476048103 -42.31927691871645 22.36451720192923 -42.174782397531864 59.005273426362464 235.41761829337946 -999.0 6231.0 -999.0 -1 -999 {-999.0 -999.0 -999.0 -999.0 -999.0} "" -999.0 -999.0 -999.0 -999.0 -999 -999 "" "" "" "" 0 0 0.0 0.0 -999 ""
FIBERMAP 13 R-1C1 APOGEE 0 0 0 1 0 0 -289.8654388873573 -14.81505301340613 143.1 -87.92381497710302 -276.5904655891182 135.82799 135.88982 -999.0 -999.0 -999.0 -999.0 -999.0 22.54609465848569 -42.505076496408826 22.51038032906763 -42.36068569806138 59.06526805396716 235.01640870415906 -999.0 16600.0 -999.0 2 255 {-999.0 -999.0 -999.0 -999.0 -999.0} "" -999.0 -999.0 -999.0 -999.0 -999 -999 "" ops_sky_apogee_best_unassigned ops_sky sky_apogee 0 0 0.0 0.0 -999 ""
FIBERMAP 13 R-1C1 BOSS 1 1 0 1 0 0 -289.89447982167894 -14.076747903904982 143.1 -88.62525479707404 -276.35837850527645 135.82799 135.88982 22.543024763687175 -42.50437332162881 0.17161284 -0.12178895 0.33484277 22.543067893873086 -42.504366467081844 22.507531098609263 -42.359941841436296 59.063408503798655 235.01881320986826 5400.0 5400.0 2016.0 1 525 {-999.0 20.014622 19.980793 19.83162 19.67836} sdss_psfmag_from_lsdr10 19.943058 19.796484 19.342552 -999.0 63050395808351818 1131335230 dark_flexible_3x1 bhm_spiders_agn_lsdr10_d3 bhm_spiders science 0 0 0.0 0.0 -999 ""
FIBERMAP 13 R-1C1 METROLOGY 0 0 0 1 0 0 -289.2359333004512 -14.406606560257508 143.1 -88.08515594861977 -275.85765077128536 135.82799 135.88982 -999.0 -999.0 -999.0 -999.0 -999.0 22.54530273696476 -42.50292569027156 22.509714530658414 -42.35851220025916 59.065322491145025 235.02074246671665 -999.0 6231.0 -999.0 -1 -999 {-999.0 -999.0 -999.0 -999.0 -999.0} "" -999.0 -999.0 -999.0 -999.0 -999 -999 "" "" "" "" 0 0 0.0 0.0 -999 ""
FIBERMAP 15 R-1C25 APOGEE 0 0 0 1 0 0 271.5151941939261 -3.6003330847396544 143.1 98.72108894294855 252.94288643662847 110.26497 41.372562 -999.0 -999.0 -999.0 -999.0 -999.0 23.299118910191385 -40.90348636774247 23.26392777237004 -40.76011735083033 59.97975197385081 237.83526959989325 -999.0 16600.0 -999.0 2 -999 {-999.0 -999.0 -999.0 -999.0 -999.0} "" -999.0 -999.0 -999.0 -999.0 -999 -999 "" "" "" "" 0 0 0.0 0.0 -999 ""
FIBERMAP 15 R-1C25 BOSS 1 1 0 1 0 0 272.14776704687335 -3.9119446914456883 143.1 99.23498252387084 253.42570418322003 110.26497 41.372562 23.3007376947452 -40.901967681116034 -22.69769 -28.108662 2.2001374 23.300991612169472 -40.902067962901114 23.265957842392766 -40.75867470383914 59.981560300701375 237.83743691095935 5400.0 5400.0 2016.0 1 336 {-999.0 16.997099 15.83837 15.349401 -999.0} sdss_psfmag_gaia 16.587452 15.830204 14.982724 13.348 63050395809810916 1124967403 bright_1x1 openfibertargets_mwm_snc_further_ext_boss open_fiber science 0 0 0.9351616501808167 0.0 -999 ""
FIBERMAP 15 R-1C25 METROLOGY 0 0 0 1 0 0 271.5334650488482 -4.348106040025222 143.1 99.42761085458828 252.69739091793184 110.26497 41.372562 -999.0 -999.0 -999.0 -999.0 -999.0 23.30185722372341 -40.90419511984384 23.266772825155044 -40.76080956677199 59.98171143698513 237.83300501810118 -999.0 6231.0 -999.0 -1 -999 {-999.0 -999.0 -999.0 -999.0 -999.0} "" -999.0 -999.0 -999.0 -999.0 -999 -999 "" "" "" "" 0 0 0.0 0.0 -999 ""
FIBERMAP 24 R+3C10 APOGEE 0 0 0 1 0 0 -43.726633830213686 48.14114444210772 143.1 -60.42819725713543 -24.033116931432268 341.76495 94.80598 -999.0 -999.0 -999.0 -999.0 -999.0 22.659443197248684 -41.74234759884966 22.624585177934193 -41.59822813653744 59.326956754724804 236.42467861283174 -999.0 16600.0 -999.0 2 -999 {-999.0 -999.0 -999.0 -999.0 -999.0} "" -999.0 -999.0 -999.0 -999.0 -999 -999 "" "" "" "" 0 0 0.0 0.0 -999 ""
FIBERMAP 24 R+3C10 BOSS 1 1 0 1 0 0 -43.91026016684208 47.419056041479266 143.1 -59.81662454368558 -24.458619687197785 341.76495 94.80598 22.6617391419565 -41.74371595827297 -0.5540678 0.39831385 0.11274226 22.661713147802423 -41.74368674284023 22.627013031183594 -41.59954026013998 59.3284298968743 236.42137051111473 5400.0 5400.0 2016.0 1 24 {-999.0 20.378267 20.19998 20.14531 20.11623} sdss_psfmag_from_lsdr10 20.268078 20.105577 19.826262 -999.0 63050395808839400 1131342761 dark_flexible_3x1 bhm_spiders_agn_lsdr10_d3 bhm_spiders science 0 0 0.0 0.0 -999 ""
FIBERMAP 24 R+3C10 METROLOGY 0 0 0 1 0 0 -44.44403780412475 47.92941405927918 143.1 -60.48190054780707 -24.77914455685792 341.76495 94.80598 -999.0 -999.0 -999.0 -999.0 -999.0 22.65904418635561 -41.74465035111936 22.624302454476037 -41.6005094814905 59.32623662932525 236.42041509556535 -999.0 6231.0 -999.0 -1 -999 {-999.0 -999.0 -999.0 -999.0 -999.0} "" -999.0 -999.0 -999.0 -999.0 -999 -999 "" "" "" "" 0 0 0.0 0.0 -999 ""
FIBERMAP 27 R-2C1 APOGEE 0 0 0 1 0 0 -266.7419183684868 -26.19232684349764 143.1 -69.15131425284117 -258.9364244125929 78.40926 119.81974 -999.0 -999.0 -999.0 -999.0 -999.0 22.62300201769721 -42.45244213861813 22.587168134916112 -42.30812896713903 59.13315806851561 235.0886204132049 -999.0 16600.0 -999.0 2 256 {-999.0 -999.0 -999.0 -999.0 -999.0} "" -999.0 -999.0 -999.0 -999.0 -999 -999 "" ops_sky_apogee_best_unassigned ops_sky sky_apogee 0 0 0.0 0.0 -999 ""
FIBERMAP 27 R-2C1 BOSS 1 1 0 1 0 0 -266.04222157572826 -25.931238932095006 143.1 -69.1500405353558 -258.1896419140168 78.40926 119.81974 22.622823177228636 -42.45023761114988 0.25284255 0.21093161 -1.8755318 22.622839951230976 -42.450230295435745 22.58717784542324 -42.305886186187145 59.13371307570765 235.09285601679193 5400.0 5400.0 2016.0 1 526 {-999.0 20.984026 20.595922 20.37638 20.195496} sdss_psfmag_from_lsdr10 20.738886 20.697586 20.011677 -999.0 63050395808351862 1131335231 dark_flexible_3x1 bhm_spiders_agn_lsdr10_d3 bhm_spiders science 0 0 0.0 0.0 -999 ""
FIBERMAP 27 R-2C1 METROLOGY 0 0 0 1 0 0 -266.1703756939832 -26.67231783403559 143.1 -68.50120724203191 -258.5698776246054 78.40926 119.81974 -999.0 -999.0 -999.0 -999.0 -999.0 22.62552811496334 -42.45141917076782 22.58980962666533 -42.307085952918904 59.13530723231221 235.089661207125 -999.0 6231.0 -999.0 -1 -999 {-999.0 -999.0 -999.0 -999.0 -999.0} "" -999.0 -999.0 -999.0 -999.0 -999 -999 "" "" "" "" 0 0 0.0 0.0 -999 ""
FIBERMAP 34 R-11C16 APOGEE 0 0 0 1 0 0 159.1491794524259 -232.70570306142693 143.1 273.7614443888976 67.28288210556134 307.1981 39.050705 -999.0 -999.0 -999.0 -999.0 -999.0 24.009353204860645 -41.45976809701826 23.971546036709924 -41.31691233768228 60.37415548352536 236.50244551725996 -999.0 16600.0 -999.0 2 235 {-999.0 -999.0 -999.0 -999.0 -999.0} "" -999.0 -999.0 -999.0 -999.0 -999 -999 "" ops_sky_apogee_best_unassigned ops_sky sky_apogee 0 0 0.0 0.0 -999 ""
FIBERMAP 34 R-11C16 BOSS 1 1 0 1 0 0 158.41502723121152 -232.52455080739028 143.1 273.33402145060523 66.6591457449369 307.1981 39.050705 24.007547467674776 -41.461669149623724 -0.59573406 -0.8223616 0.14946128 24.007498209500646 -41.46170230288935 23.969850192328067 -41.318815209354426 60.37246337594175 236.49932481755047 5400.0 5400.0 2016.0 1 345 {-999.0 20.830376 20.705814 20.613634 20.53308} sdss_psfmag_from_lsdr10 20.671646 20.719349 20.475004 -999.0 63050395808840576 1131345287 dark_flexible_3x1 bhm_spiders_agn_lsdr10_d3 bhm_spiders science 0 0 0.0 0.0 -999 ""
FIBERMAP 34 R-11C16 METROLOGY 0 0 0 1 0 0 158.9242473705696 -231.98576920943205 143.1 273.0084120033707 67.32511368829633 307.1981 39.050705 -999.0 -999.0 -999.0 -999.0 -999.0 24.00627105242444 -41.459679305065 23.968584634748197 -41.31679982799599 60.372022816667396 236.5037432161772 -999.0 6231.0 -999.0 -1 -999 {-999.0 -999.0 -999.0 -999.0 -999.0} "" -999.0 -999.0 -999.0 -999.0 -999 -999 "" "" "" "" 0 0 0.0 0.0 -999 ""
FIBERMAP 38 R+13C14 APOGEE 0 0 0 1 0 0 144.81793241387584 273.02567283177103 143.1 -204.7645128202654 231.4671092362848 150.12234 44.94134 -999.0 -999.0 -999.0 -999.0 -999.0 22.085148678810906 -40.96814063688361 22.05285541236651 -40.82371310429992 59.06907908549236 238.0798854204326 -999.0 16600.0 -999.0 2 57 {-999.0 -999.0 -999.0 -999.0 -999.0} "" -999.0 -999.0 -999.0 -999.0 -999 -999 "" "" "" "" 0 0 0.0 0.0 -999 ""
FIBERMAP 38 R+13C14 BOSS 1 1 0 1 0 0 145.5541160618116 273.0986803470979 143.1 -204.57433464469696 232.18200294094157 150.12234 44.94134 22.085820220421358 -40.96606811444685 -999.0 -999.0 -999.0 22.085838281078605 -40.966074406070064 22.053712733262785 -40.82162292166186 59.07012225413531 238.08362852777873 5400.0 5400.0 2016.0 1 95 {-999.0 20.228897 19.210632 18.793106 18.44825} sdss_fiber2mag_from_lsdr10 18.946804 20.765882 17.385862 15.208 63050395809809884 1128240497 dark_flexible_3x1 bhm_spiders_clusters_lsdr10_d3 bhm_spiders science 0 0 0.0 0.0 -999 ""
FIBERMAP 38 R+13C14 METROLOGY 0 0 0 1 0 0 145.23665855904548 272.41075454140787 143.1 -204.04174541490005 231.6431973557514 150.12234 44.94134 -999.0 -999.0 -999.0 -999.0 -999.0 22.08791421151371 -40.967634803933706 22.055734119078863 -40.8231917685862 59.07131729483085 238.08005527405362 -999.0 6231.0 -999.0 -1 -999 {-999.0 -999.0 -999.0 -999.0 -999.0} "" -999.0 -999.0 -999.0 -999.0 -999 -999 "" "" "" "" 0 0 0.0 0.0 -999 ""
FIBERMAP 41 R+10C10 APOGEE 0 0 0 1 0 0 41.08989983178745 202.8858027178189 143.1 -175.5228045158982 109.71969642593619 81.81698 46.716953 -999.0 -999.0 -999.0 -999.0 -999.0 22.196512195292605 -41.33545402489358 22.16341648002384 -41.19103553338902 59.077111995306694 237.34713139094174 -999.0 16600.0 -999.0 2 -999 {-999.0 -999.0 -999.0 -999.0 -999.0} "" -999.0 -999.0 -999.0 -999.0 -999 -999 "" "" "" "" 0 0 0.0 0.0 -999 ""
FIBERMAP 41 R+10C10 BOSS 1 1 0 1 0 0 41.547709608282375 202.30499514514202 143.1 -174.81824808807028 109.94435570610219 81.81698 46.716953 22.199132860387568 -41.33476416984924 0.14698814 0.07062231 -0.19008918 22.199127582388055 -41.334783221355515 22.166193230325348 -41.190340534793606 59.079300079197154 237.3476143669538 5400.0 5400.0 2016.0 1 127 {-999.0 20.902754 20.95625 20.745182 20.522076} sdss_psfmag_from_lsdr10 20.744408 20.674036 20.229637 -999.0 63050395809809490 1131347753 dark_flexible_3x1 bhm_spiders_agn_lsdr10_d3 bhm_spiders science 0 0 0.0 0.0 -999 ""
FIBERMAP 41 R+10C10 METROLOGY 0 0 0 1 0 0 40.82633174937432 202.185781230485 143.1 -174.95996585463715 109.22709729609828 81.81698 46.716953 -999.0 -999.0 -999.0 -999.0 -999.0 22.19854453642525 -41.336927541346185 22.165561251013287 -41.192491392110604 59.07839021834043 237.3437103350207 -999.0 6231.0 -999.0 -1 -999 {-999.0 -999.0 -999.0 -999.0 -999.0} "" -999.0 -999.0 -999.0 -999.0 -999 -999 "" "" "" "" 0 0 0.0 0.0 -999 ""
FIBERMAP 47 R-6C12 APOGEE 0 0 0 1 0 0 12.294138910468341 -133.8348583080675 143.1 129.62088606081713 -35.48946729290795 291.4025 54.338284 -999.0 -999.0 -999.0 -999.0 -999.0 23.43280065318721 -41.775432608751125 23.39593932977806 -41.63198205444857 59.88005614886107 236.0952570473093 -999.0 16600.0 -999.0 2 -999 {-999.0 -999.0 -999.0 -999.0 -999.0} "" -999.0 -999.0 -999.0 -999.0 -999 -999 "" "" "" "" 0 0 0.0 0.0 -999 ""
FIBERMAP 47 R-6C12 BOSS 1 1 0 1 0 0 11.578682063920688 -133.6950095302659 143.1 129.23869908742773 -36.110204917407785 291.4025 54.338284 23.43117847314287 -41.777374760416365 0.42258635 -0.36327267 0.71212506 23.431187534558205 -41.77737146767196 23.394488853069504 -41.633889315591205 59.878547827976945 236.09208246104618 5400.0 5400.0 2016.0 1 391 {-999.0 20.561058 20.441067 20.31631 20.27346} sdss_psfmag_from_gaiadr2 20.39758 20.435862 20.017761 -999.0 63050395808838712 1130401397 dark_flexible_3x1 bhm_gua_dark_d3 bhm_filler science 0 0 0.0 0.0 -999 ""
FIBERMAP 47 R-6C12 METROLOGY 0 0 0 1 0 0 12.084687834328617 -133.11678556558246 143.1 128.87503274118978 -35.43339513468302 291.4025 54.338284 -999.0 -999.0 -999.0 -999.0 -999.0 23.42975690660306 -41.77532194037292 23.39301922802224 -41.631847410338075 59.87796890211493 236.0965563312502 -999.0 6231.0 -999.0 -1 -999 {-999.0 -999.0 -999.0 -999.0 -999.0} "" -999.0 -999.0 -999.0 -999.0 -999 -999 "" "" "" "" 0 0 0.0 0.0 -999 ""
FIBERMAP 48 R-6C4 APOGEE 0 0 0 1 0 0 -152.99053754212935 -123.51629264414066 143.1 61.91568304552356 -186.61428559722003 237.59248 163.18181 -999.0 -999.0 -999.0 -999.0 -999.0 23.15954595023156 -42.23442066725404 23.12266499842218 -42.09062261282288 59.571154593022 235.31091169430675 -999.0 16600.0 -999.0 2 -999 {-999.0 -999.0 -999.0 -999.0 -999.0} "" -999.0 -999.0 -999.0 -999.0 -999 -999 "" "" "" "" 0 0 0.0 0.0 -999 ""
FIBERMAP 48 R-6C4 BOSS 1 1 0 1 0 0 -153.55150456975036 -123.98513070712687 143.1 62.15763517559147 -187.30413912668976 237.59248 163.18181 23.1603906662186 -42.236563353208744 -999.0 -999.0 -999.0 23.160402989320968 -42.23658322029884 23.123680897643794 -42.092754281475784 59.57135793850577 235.3064654278678 5400.0 5400.0 2016.0 1 491 {-999.0 23.353773 23.264572 22.883095 22.652308} sdss_fiber2mag_from_lsdr10 1e+20 1e+20 1e+20 -999.0 63050397330067826 1131337752 dark_flexible_3x1 bhm_spiders_agn_lsdr10_d3 bhm_spiders science 0 0 0.0 0.0 -999 ""
FIBERMAP 48 R-6C4 METROLOGY 0 0 0 1 0 0 -153.69943169722723 -123.27761442212578 143.1 61.44327126348546 -187.1941721115647 237.59248 163.18181 -999.0 -999.0 -999.0 -999.0 -999.0 23.15753738452847 -42.2362805298443 23.1207765221381 -42.09245796945978 59.569342921919784 235.30808458432534 -999.0 6231.0 -999.0 -1 -999 {-999.0 -999.0 -999.0 -999.0 -999.0} "" -999.0 -999.0 -999.0 -999.0 -999 -999 "" "" "" "" 0 0 0.0 0.0 -999 ""
FIBERMAP 50 R-4C21 APOGEE 1 1 0 1 0 0 191.0634981120018 -81.02107202337919 143.1 142.95368717747766 150.43115822097994 180.02286 132.45871 23.48010353150589 -41.2117171464322 40.766987 -11.882365 2.4465168 23.480302672424322 -41.21174433552601 23.444195133363053 -41.06846590026876 60.04559672213945 237.17379977663097 16000.0 16600.0 2016.0 2 225 {-999.0 12.022894 11.560486 11.4392395 -999.0} sdss_psfmag_from_g3xp 11.933581 11.600654 11.108199 10.34 63050395808841871 975149685 "" ops_std_apogee ops_std standard_apogee 0 0 0.0 0.0 -999 ""
FIBERMAP 50 R-4C21 BOSS 0 0 0 1 0 0 190.55414851259724 -80.50694251477759 143.1 142.29345869758583 150.13482867076678 180.02286 132.45871 -999.0 -999.0 -999.0 -999.0 -999.0 23.477549197904814 -41.21264005226629 23.441606832009086 -41.06933132802817 60.04350127298028 237.1729840305913 -999.0 5400.0 -999.0 1 323 {-999.0 -999.0 -999.0 -999.0 -999.0} "" -999.0 -999.0 -999.0 -999.0 -999 -999 "" "" "" "" 0 0 0.0 0.0 -999 ""
FIBERMAP 50 R-4C21 METROLOGY 0 0 0 1 0 0 191.27634065112824 -80.30801190625017 143.1 142.36082733074406 150.88084423170054 180.02286 132.45871 -999.0 -999.0 -999.0 -999.0 -999.0 23.477861343532926 -41.21035525590069 23.441876445323828 -41.067055169490736 60.044208118063494 237.1773361038806 -999.0 6231.0 -999.0 -1 -999 {-999.0 -999.0 -999.0 -999.0 -999.0} "" -999.0 -999.0 -999.0 -999.0 -999 -999 "" "" "" "" 0 0 0.0 0.0 -999 ""
FIBERMAP 51 R+5C4 APOGEE 0 0 0 1 0 0 -151.59852680811377 99.32704755409186 143.1 -146.23348987434383 -107.05324986449207 32.91005 88.752945 -999.0 -999.0 -999.0 -999.0 -999.0 22.3092859417571 -41.992915684022705 22.274946773107956 -41.848441621213105 59.01620182248026 236.0641403030281 -999.0 16600.0 -999.0 2 -999 {-999.0 -999.0 -999.0 -999.0 -999.0} "" -999.0 -999.0 -999.0 -999.0 -999 -999 "" "" "" "" 0 0 0.0 0.0 -999 ""
FIBERMAP 51 R+5C4 BOSS 1 1 0 1 0 0 -151.19177288641768 98.74606048711487 143.1 -145.54669510582124 -106.87645487819474 32.91005 88.752945 22.31184693908393 -41.992465188468586 -0.73831654 1.2318841 -0.039683834 22.311846521711015 -41.99246215861583 22.277669768842827 -41.847961176106274 59.01828632928627 236.06415619531685 5400.0 5400.0 2016.0 1 38 {-999.0 20.897877 20.526384 20.2613 20.036728} sdss_psfmag_from_lsdr10 20.827587 20.459785 19.834929 -999.0 63050395808353308 1131340224 dark_flexible_3x1 bhm_spiders_agn_lsdr10_d3 bhm_spiders science 0 0 0.0 0.0 -999 ""
FIBERMAP 51 R+5C4 METROLOGY 0 0 0 1 0 0 -151.94254364458047 98.66285584003369 143.1 -145.73244885130063 -107.6085868383692 32.91005 88.752945 -999.0 -999.0 -999.0 -999.0 -999.0 22.31110153789487 -41.99467980281247 22.276875734972634 -41.85018595020115 59.017205890865995 236.06020734097217 -999.0 6231.0 -999.0 -1 -999 {-999.0 -999.0 -999.0 -999.0 -999.0} "" -999.0 -999.0 -999.0 -999.0 -999 -999 "" "" "" "" 0 0 0.0 0.0 -999 ""
FIBERMAP 60 R-3C7 APOGEE 0 0 0 1 0 0 -115.67989837439221 -60.74207438263111 143.1 16.245745736146993 -129.63709502099317 275.0803 166.55328 -999.0 -999.0 -999.0 -999.0 -999.0 22.97226052683045 -42.06268363650748 22.936123310039534 -41.91876108483477 59.4785163890275 235.70609515690236 -999.0 16600.0 -999.0 2 290 {-999.0 -999.0 -999.0 -999.0 -999.0} "" -999.0 -999.0 -999.0 -999.0 -999 -999 "" ops_sky_apogee_best_unassigned ops_sky sky_apogee 0 0 0.0 0.0 -999 ""
FIBERMAP 60 R-3C7 BOSS 1 1 0 1 0 0 -115.90364810610494 -61.443799170395515 143.1 16.824162462905985 -130.09301221433697 275.0803 166.55328 22.974485228070503 -42.064144946004056 -0.32620776 -3.6171348 0.7713284 22.974473619893143 -42.064154456899644 22.93849341064231 -41.92020323563847 59.47988341037444 235.70250668434778 5400.0 5400.0 2016.0 1 476 {-999.0 21.003677 20.848795 20.714626 20.633425} sdss_psfmag_from_gaiadr2 20.578512 20.840563 20.048729 -999.0 63050395808838232 1130401385 dark_flexible_3x1 bhm_gua_dark_d3 bhm_filler science 0 0 0.0 0.0 -999 ""
FIBERMAP 60 R-3C7 METROLOGY 0 0 0 1 0 0 -116.40935654457274 -60.90314178556319 143.1 16.140375843970887 -130.37661669607277 275.0803 166.55328 -999.0 -999.0 -999.0 -999.0 -999.0 22.97172957646504 -42.065023123623234 22.93570831756915 -41.92107788840942 59.477661961727584 235.7018115248885 -999.0 6231.0 -999.0 -1 -999 {-999.0 -999.0 -999.0 -999.0 -999.0} "" -999.0 -999.0 -999.0 -999.0 -999 -999 "" "" "" "" 0 0 0.0 0.0 -999 ""
FIBERMAP 73 R-11C14 APOGEE 1 1 0 1 0 0 114.50383279840916 -199.30749251063565 143.1 226.81374909011816 37.21221700268737 146.49252 89.27954 23.822796745473394 -41.5521992777548 9.909748 -32.040665 3.1683168 23.82283901699402 -41.552299195950624 23.785349595123648 -41.40925153421022 60.21638155117964 236.3889457654332 16000.0 16600.0 2016.0 2 232 {-999.0 11.764285 11.395096 11.285158 -999.0} sdss_psfmag_from_g3xp 11.706227 11.414003 10.958064 10.173 63050395808840454 975149609 "" ops_std_apogee ops_std standard_apogee 0 0 0.0 0.0 -999 ""
FIBERMAP 73 R-11C14 BOSS 0 0 0 1 0 0 115.00335873688252 -198.79067537027666 143.1 226.50529956531884 37.861395267285836 146.49252 89.27954 -999.0 -999.0 -999.0 -999.0 -999.0 23.821453929145125 -41.55036718408308 23.78412987185709 -41.40728940126329 60.21596194505541 236.39322145458704 -999.0 5400.0 -999.0 1 341 {-999.0 -999.0 -999.0 -999.0 -999.0} "" -999.0 -999.0 -999.0 -999.0 -999 -999 "" "" "" "" 0 0 0.0 0.0 -999 ""
FIBERMAP 73 R-11C14 METROLOGY 0 0 0 1 0 0 115.22193979596294 -199.5092197833499 143.1 227.25480074100298 37.81370545358367 146.49252 89.27954 -999.0 -999.0 -999.0 -999.0 -999.0 23.82456338433031 -41.550472488297075 23.787186372208396 -41.407405813566996 60.218160229079245 236.39189142827348 -999.0 6231.0 -999.0 -1 -999 {-999.0 -999.0 -999.0 -999.0 -999.0} "" -999.0 -999.0 -999.0 -999.0 -999 -999 "" "" "" "" 0 0 0.0 0.0 -999 ""
FIBERMAP 85 R+2C11 APOGEE 0 0 0 1 0 0 -36.856746196115644 25.727202585655483 143.1 -37.03049377065872 -25.47244711367034 318.30145 99.76683 -999.0 -999.0 -999.0 -999.0 -999.0 22.754643867076027 -41.74680901819808 22.719538337033327 -41.60277034647617 59.39509481902311 236.38448516804544 -999.0 16600.0 -999.0 2 15 {-999.0 -999.0 -999.0 -999.0 -999.0} "" -999.0 -999.0 -999.0 -999.0 -999 -999 "" ops_sky_apogee_best_unassigned ops_sky sky_apogee 0 0 0.0 0.0 -999 ""
FIBERMAP 85 R+2C11 BOSS 1 1 0 1 0 0 -37.22399823385468 25.10235328856067 143.1 -36.57444695138948 -26.035721937063986 318.30145 99.76683 22.756347605160528 -41.7485727456839 -5.928194 0.648458 3.1139576 22.75630216213184 -41.748565895618725 22.72135494942711 -41.60449945670124 59.396025156912614 236.38057173655113 5400.0 5400.0 2016.0 1 23 {-999.0 20.44709 19.043367 18.38051 -999.0} sdss_psfmag_gaia 19.775084 18.946384 17.879303 15.685 63050395808839344 1121036757 dark_1x1 openfibertargets_mwm_snc_further_ext_boss open_fiber science 0 0 0.0 0.0 -999 ""
FIBERMAP 85 R+2C11 METROLOGY 0 0 0 1 0 0 -37.59729186924721 25.753711840739644 143.1 -37.31537679105419 -26.156476646109834 318.30145 99.76683 -999.0 -999.0 -999.0 -999.0 -999.0 22.75332837482725 -41.74892506486073 22.718341355240625 -41.604864143077734 59.39374781119989 236.38087910629514 -999.0 6231.0 -999.0 -1 -999 {-999.0 -999.0 -999.0 -999.0 -999.0} "" -999.0 -999.0 -999.0 -999.0 -999 -999 "" "" "" "" 0 0 0.0 0.0 -999 ""
FIBERMAP 89 R-9C1 APOGEE 1 1 0 1 0 0 -183.34645567537413 -189.7945133307051 143.1 113.30860496185318 -238.31061911921643 321.61993 88.30707 23.37049509821144 -42.3888628803477 -7.498823 -15.1806965 2.778934 23.37042378627386 -42.3889254009391 23.332759676521846 -42.24527826174333 59.68303957423086 234.93749771207445 16000.0 16600.0 2016.0 2 258 {-999.0 12.431774 12.024606 11.901596 -999.0} sdss_psfmag_from_g3xp 12.357052 12.044807 11.57065 10.802 63050395808834121 975149681 "" ops_std_apogee ops_std standard_apogee 0 0 0.0 0.0 -999 ""
FIBERMAP 89 R-9C1 BOSS 0 0 0 1 0 0 -183.81094938106475 -190.3621975109264 143.1 113.67698152944912 -238.94486171202402 321.61993 88.30707 -999.0 -999.0 -999.0 -999.0 -999.0 23.371775150527323 -42.390852843828114 23.334268261070747 -42.24717447926614 59.68363564090659 234.93330108974595 -999.0 5400.0 -999.0 1 352 {-999.0 -999.0 -999.0 -999.0 -999.0} "" -999.0 -999.0 -999.0 -999.0 -999 -999 "" "" "" "" 0 0 0.0 0.0 -999 ""
FIBERMAP 89 R-9C1 METROLOGY 0 0 0 1 0 0 -184.07931182396013 -189.67001674059944 143.1 112.93468128049491 -238.953038269792 321.61993 88.30707 -999.0 -999.0 -999.0 -999.0 -999.0 23.368815474056607 -42.39093497324816 23.331269675858437 -42.24726302585579 59.681466796851126 234.93425331180663 -999.0 6231.0 -999.0 -1 -999 {-999.0 -999.0 -999.0 -999.0 -999.0} "" -999.0 -999.0 -999.0 -999.0 -999 -999 "" "" "" "" 0 0 0.0 0.0 -999 ""
FIBERMAP 92 R-1C26 APOGEE 0 0 0 1 0 0 290.86708981976597 -25.6139613732777 143.1 126.1274083190904 263.3304703364708 324.53662 123.0461 -999.0 -999.0 -999.0 -999.0 -999.0 23.408148566943026 -40.87209223391558 23.37273784175659 -40.72882745958738 60.06695165336272 237.8614584410174 -999.0 16600.0 -999.0 2 229 {-999.0 -999.0 -999.0 -999.0 -999.0} "" -999.0 -999.0 -999.0 -999.0 -999 -999 "" ops_sky_apogee_best_unassigned ops_sky sky_apogee 0 0 0.0 0.0 -999 ""
FIBERMAP 92 R-1C26 BOSS 1 1 0 1 0 0 290.85542822692776 -26.407266408713834 143.1 126.86604820471793 263.0409605558836 324.53662 123.0461 23.410588288891446 -40.872988867244565 11.919988 -4.4477596 6.1896863 23.410926145889572 -40.873014442653634 23.375666372434182 -40.72972568506739 60.06892915138208 237.85875373412568 5400.0 5400.0 2016.0 1 338 {-999.0 16.557852 15.964174 15.758024 -999.0} sdss_psfmag_gaia 16.05406 16.004848 15.059197 13.934 63050395808842306 1077991566 bright_flexible_2x1 mwm_snc_ext_main_boss mwm_snc science 0 0 0.8218774199485779 0.0 -999 ""
FIBERMAP 92 R-1C26 METROLOGY 0 0 0 1 0 0 290.20378580172843 -25.977584512670063 143.1 126.23491399630964 262.5817525729949 324.53662 123.0461 -999.0 -999.0 -999.0 -999.0 -999.0 23.408508576811045 -40.87433301872378 23.373207628250782 -40.73104923768834 60.06682708474963 237.85695599758077 -999.0 6231.0 -999.0 -1 -999 {-999.0 -999.0 -999.0 -999.0 -999.0} "" -999.0 -999.0 -999.0 -999.0 -999 -999 "" "" "" "" 0 0 0.0 0.0 -999 ""
FIBERMAP 101 R-9C6 APOGEE 0 0 0 1 0 0 -79.89806524619823 -160.71493097138543 143.1 122.41155994173727 -131.24450716484347 102.16572 110.26883 -999.0 -999.0 -999.0 -999.0 -999.0 23.405760634492914 -42.06576880759779 23.36851425450601 -41.9222273902123 59.78976204542131 235.54479957815897 -999.0 16600.0 -999.0 2 181 {-999.0 -999.0 -999.0 -999.0 -999.0} "" -999.0 -999.0 -999.0 -999.0 -999 -999 "" "" "" "" 0 0 0.0 0.0 -999 ""
FIBERMAP 101 R-9C6 BOSS 1 1 0 1 0 0 -79.25739910674588 -160.31523069908445 143.1 122.26232696351431 -130.50431470211424 102.16572 110.26883 23.404479696810576 -42.06356371712929 -0.19113053 5.12516 7.187765 23.405032281784948 -42.06360991181253 23.367953713624274 -41.920037568961014 59.78989779267111 235.54922161156907 5400.0 5400.0 2016.0 1 374 {-999.0 16.045109 14.743924 13.515038 -999.0} sdss_psfmag_from_g3xp 15.543553 14.284781 13.035743 10.804 63050395808838342 1075915686 bright_1x1 mwm_erosita_stars_boss mwm_erosita science 0 0 1.4830050468444824 0.0 -999 ""
FIBERMAP 101 R-9C6 METROLOGY 0 0 0 1 0 0 -79.2283212606796 -161.0334471230846 143.1 122.94497162957877 -130.72931251545452 102.16572 110.26883 -999.0 -999.0 -999.0 -999.0 -999.0 23.40788718441322 -42.06428002210494 23.370754221758773 -41.9207187845939 59.791749274352384 235.54688838810188 -999.0 6231.0 -999.0 -1 -999 {-999.0 -999.0 -999.0 -999.0 -999.0} "" -999.0 -999.0 -999.0 -999.0 -999 -999 "" "" "" "" 0 0 0.0 0.0 -999 ""
FIBERMAP 105 R-2C23 APOGEE 0 0 0 1 0 0 216.62946994295584 -51.39741647077524 143.1 124.1966309273734 184.77059407315565 250.33113 105.76949 -999.0 -999.0 -999.0 -999.0 -999.0 23.403622924570776 -41.10835043861686 23.36786333875375 -40.965027276402694 60.01233861494951 237.40124769290784 -999.0 16600.0 -999.0 2 203 {-999.0 -999.0 -999.0 -999.0 -999.0} "" -999.0 -999.0 -999.0 -999.0 -999 -999 "" ops_sky_apogee_best_unassigned ops_sky sky_apogee 0 0 0.0 0.0 -999 ""
FIBERMAP 105 R-2C23 BOSS 1 1 0 1 0 0 215.90057094325573 -51.338916057308225 143.1 123.88588610976862 184.10870339051777 250.33113 105.76949 23.40225219726562 -41.11035253088386 -999.0 -999.0 -999.0 23.402272392519745 -41.11034269436842 23.36667294848519 -40.96699072876305 60.01103094531374 237.39780956211354 5400.0 5400.0 2015.5 1 286 {-999.0 -999.0 -999.0 -999.0 -999.0} "" -999.0 -999.0 -999.0 -999.0 27021603160874906 813987153 "" ops_sky_boss_good ops_sky sky_boss 0 0 0.0 0.0 -999 ""
FIBERMAP 105 R-2C23 METROLOGY 0 0 0 1 0 0 216.32054429319558 -50.72578302388927 143.1 123.4593232759802 184.71722426646198 250.33113 105.76949 -999.0 -999.0 -999.0 -999.0 -999.0 23.400607896734858 -41.10847633277599 23.364970112466438 -40.965131010090104 60.01018435223674 237.40200382326952 -999.0 6231.0 -999.0 -1 -999 {-999.0 -999.0 -999.0 -999.0 -999.0} "" -999.0 -999.0 -999.0 -999.0 -999 -999 "" "" "" "" 0 0 0.0 0.0 -999 ""
FIBERMAP 109 R-5C5 APOGEE 0 0 1 1 0 0 -148.18804768672658 -89.77406231642276 143.1 32.01090814719689 -170.26839294785228 23.138304 164.07394 -999.0 -999.0 -999.0 -999.0 -999.0 23.037035999038658 -42.185459954914506 23.000544588919013 -42.04156575291834 59.49531679949848 235.44860481204893 -999.0 16600.0 -999.0 2 295 {-999.0 -999.0 -999.0 -999.0 -999.0} "" -999.0 -999.0 -999.0 -999.0 -999 -999 "" ops_sky_apogee_best_unassigned ops_sky sky_apogee 0 0 0.0 0.0 -999 ""
FIBERMAP 109 R-5C5 BOSS 1 0 1 1 0 0 -147.4829381052685 -89.51072909789927 143.1 32.01198054070651 -169.51575419974782 23.138304 164.07394 23.03265450939121 -42.24465937916907 0.33438006 -0.15604815 0.3546854 23.036885153015117 -42.18327970462142 23.000562415996683 -42.039355081304336 59.49586863821695 235.4528221266399 5400.0 5400.0 2016.0 1 486 {-999.0 20.700039 20.589773 20.459124 20.42672} sdss_psfmag_from_gaiadr2 20.548296 20.59141 20.223696 -999.0 63050395808837772 1130401373 dark_flexible_3x1 bhm_gua_dark_d3 bhm_filler science 0 0 0.0 0.0 -999 ""
FIBERMAP 109 R-5C5 METROLOGY 0 0 1 1 0 0 -147.60732417528376 -90.24679747370782 143.1 32.65744596482949 -169.89070247090874 23.138304 164.07394 -999.0 -999.0 -999.0 -999.0 -999.0 23.039581775086173 -42.18441846481893 23.003203632703503 -42.04050465673679 59.497490717428505 235.44968344239723 -999.0 6231.0 -999.0 -1 -999 {-999.0 -999.0 -999.0 -999.0 -999.0} "" -999.0 -999.0 -999.0 -999.0 -999 -999 "" "" "" "" 0 0 0.0 0.0 -999 ""
FIBERMAP 111 R+1C26 APOGEE 0 0 1 1 0 0 281.025444613429 27.06803902911874 143.1 73.34749041624102 272.6169672652761 8.263081 170.38495 -999.0 -999.0 -999.0 -999.0 -999.0 23.19714072162364 -40.8446759108302 23.162288157721548 -40.70123015093192 59.91682390491502 237.98255210873225 -999.0 16600.0 -999.0 2 107 {-999.0 -999.0 -999.0 -999.0 -999.0} "" -999.0 -999.0 -999.0 -999.0 -999 -999 "" ops_sky_apogee_best_unassigned ops_sky sky_apogee 0 0 0.0 0.0 -999 ""
FIBERMAP 111 R+1C26 BOSS 1 0 1 1 0 0 281.7700188263943 27.0479755194759 143.1 73.62775331631713 273.30703214146683 8.263081 170.38495 23.285522460937496 -40.88639836253381 -999.0 -999.0 -999.0 23.19807229467471 -40.84265623226014 23.163380681133333 -40.699185876363046 59.91806011103859 237.98619645156225 5400.0 5400.0 2015.5 1 183 {-999.0 -999.0 -999.0 -999.0 -999.0} "" -999.0 -999.0 -999.0 -999.0 27021603161557384 814091722 "" ops_sky_boss_good ops_sky sky_boss 0 0 0.0 0.0 -999 ""
FIBERMAP 111 R+1C26 METROLOGY 0 0 1 1 0 0 281.3917771561444 26.40587353287227 143.1 74.09609371771754 272.72740945700275 8.263081 170.38495 -999.0 -999.0 -999.0 -999.0 -999.0 23.20002354722002 -40.84432679308393 23.165279242215092 -40.700865104764134 59.91911779017564 237.98232119863465 -999.0 6231.0 -999.0 -1 -999 {-999.0 -999.0 -999.0 -999.0 -999.0} "" -999.0 -999.0 -999.0 -999.0 -999 -999 "" "" "" "" 0 0 0.0 0.0 -999 ""
FIBERMAP 112 R-4C23 APOGEE 0 0 0 1 0 0 254.29021049723497 -75.28340225958655 143.1 159.7856231317148 211.64237979895853 315.93643 163.25555 -999.0 -999.0 -999.0 -999.0 -999.0 23.544969978098646 -41.026930747064554 23.50898705708488 -40.883752840032216 60.134196010247166 237.5133202543663 -999.0 16600.0 -999.0 2 237 {-999.0 -999.0 -999.0 -999.0 -999.0} "" -999.0 -999.0 -999.0 -999.0 -999 -999 "" ops_sky_apogee_best_unassigned ops_sky sky_apogee 0 0 0.0 0.0 -999 ""
FIBERMAP 112 R-4C23 BOSS 1 1 0 1 0 0 254.63125554423328 -75.92512585797476 143.1 160.50620719872433 211.73632521844755 315.93643 163.25555 23.54688868462824 -41.026597909142744 204.46439 -23.97833 2.962249 23.547686009691372 -41.02666584712742 23.511855669390172 -40.88346344710983 60.13637547234372 237.5129322272399 5400.0 5400.0 2016.0 1 347 {-999.0 20.366676 18.9739 18.319967 -999.0} sdss_psfmag_gaia 19.80181 18.88222 17.919743 16.158 63050395808841945 1136525382 dark_flexible_3x1 mwm_halo_local_high_boss_triple mwm_halo science 0 0 0.0 0.0 -999 ""
FIBERMAP 112 R-4C23 METROLOGY 0 0 0 1 0 0 253.90572051677185 -75.92231781493979 143.1 160.24878595205678 211.05802611342466 315.93643 163.25555 -999.0 -999.0 -999.0 -999.0 -999.0 23.54677599954545 -41.02866192116729 23.510899820524514 -40.88546588921444 60.135231241641904 237.5093270207775 -999.0 6231.0 -999.0 -1 -999 {-999.0 -999.0 -999.0 -999.0 -999.0} "" -999.0 -999.0 -999.0 -999.0 -999 -999 "" "" "" "" 0 0 0.0 0.0 -999 ""
FIBERMAP 113 R-7C11 APOGEE 0 0 0 1 0 0 11.479523422586748 -155.34124810750802 143.1 149.47025886631562 -43.804733280702095 314.5736 63.54135 -999.0 -999.0 -999.0 -999.0 -999.0 23.513610639819408 -41.80014554402664 23.476507083006595 -41.65676155651187 59.932561309610705 236.01847799876333 -999.0 16600.0 -999.0 2 167 {-999.0 -999.0 -999.0 -999.0 -999.0} "" -999.0 -999.0 -999.0 -999.0 -999 -999 "" ops_sky_apogee_best_unassigned ops_sky sky_apogee 0 0 0.0 0.0 -999 ""
FIBERMAP 113 R-7C11 BOSS 1 1 0 1 0 0 10.768820369490644 -155.5914821050703 143.1 149.4549579657194 -44.5580087772178 314.5736 63.54135 23.51348876953125 -41.80249571612097 -999.0 -999.0 -999.0 23.51349464266156 -41.802478306188675 23.47654895496953 -41.659063772509676 59.93203701097838 236.01400327663941 5400.0 5400.0 2015.5 1 400 {-999.0 -999.0 -999.0 -999.0 -999.0} "" -999.0 -999.0 -999.0 -999.0 27021603160871780 813986799 "" ops_sky_boss_good ops_sky sky_boss 0 0 0.0 0.0 -999 ""
FIBERMAP 113 R-7C11 METROLOGY 0 0 0 1 0 0 10.92027906166215 -154.84973958176633 143.1 148.81368741625553 -44.155721011561056 314.5736 63.54135 -999.0 -999.0 -999.0 -999.0 -999.0 23.51094948735404 -41.80127239748762 23.473966419213525 -41.657864341615934 59.93045334457271 236.0172544162345 -999.0 6231.0 -999.0 -1 -999 {-999.0 -999.0 -999.0 -999.0 -999.0} "" -999.0 -999.0 -999.0 -999.0 -999 -999 "" "" "" "" 0 0 0.0 0.0 -999 ""
FIBERMAP 116 R+4C14 APOGEE 0 0 0 1 0 0 34.83522904951437 81.14423229179043 143.1 -63.73825088758995 61.11072890257988 139.12558 137.29065 -999.0 -999.0 -999.0 -999.0 -999.0 22.64667345295441 -41.48383336228629 22.6122321842754 -41.33976213910446 59.375212696213325 236.92311439699856 -999.0 16600.0 -999.0 2 -999 {-999.0 -999.0 -999.0 -999.0 -999.0} "" -999.0 -999.0 -999.0 -999.0 -999 -999 "" "" "" "" 0 0 0.0 0.0 -999 ""
FIBERMAP 116 R+4C14 BOSS 1 1 0 1 0 0 34.73533962546805 81.90350680479233 143.1 -64.48420385678351 61.28384778998618 139.12558 137.29065 22.64336357863537 -41.48298041261778 17.402584 -100.89968 17.685184 22.643438419553668 -41.48329716593255 22.609171045077517 -41.339195646296325 59.37309299637818 236.92518263058938 5400.0 5400.0 2016.0 1 165 {-999.0 19.019922 18.439886 18.2395 -999.0} sdss_psfmag_gaia 18.90335 18.479872 17.922926 -999.0 63050395809808359 1143601921 dark_1x3 mwm_wd_pwd_boss_1x3 mwm_wd science 0 0 0.0 0.0 -999 ""
FIBERMAP 116 R+4C14 METROLOGY 0 0 0 1 0 0 35.43156296599118 81.595767536102 143.1 -63.951583094513396 61.827618455311914 139.12558 137.29065 -999.0 -999.0 -999.0 -999.0 -999.0 22.64564042084062 -41.4816354529905 22.611323216944015 -41.337544038179445 59.375029861784775 236.92765589081733 -999.0 6231.0 -999.0 -1 -999 {-999.0 -999.0 -999.0 -999.0 -999.0} "" -999.0 -999.0 -999.0 -999.0 -999 -999 "" "" "" "" 0 0 0.0 0.0 -999 ""
FIBERMAP 121 R+6C3 APOGEE 0 0 0 1 0 0 -166.5590989613836 123.81450223017238 143.1 -174.41380184143225 -112.46068433975204 42.164616 105.50985 -999.0 -999.0 -999.0 -999.0 -999.0 22.194618103140492 -42.00855386400916 22.1605492992677 -41.86398010867286 58.92968865111756 236.07212297867997 -999.0 16600.0 -999.0 2 18 {-999.0 -999.0 -999.0 -999.0 -999.0} "" -999.0 -999.0 -999.0 -999.0 -999 -999 "" ops_sky_apogee_best_unassigned ops_sky sky_apogee 0 0 0.0 0.0 -999 ""
FIBERMAP 121 R+6C3 BOSS 1 1 0 1 0 0 -165.94326370356683 123.42888049447853 143.1 -173.8364938464386 -112.01952799325763 42.164616 105.50985 22.196709760431347 -42.00729463152658 -999.0 -999.0 -999.0 22.196743947188693 -42.00729275356163 22.16284051693424 -41.86269197244785 58.93164129507207 236.07381015620814 5400.0 5400.0 2015.5 1 26 {-999.0 -999.0 -999.0 -999.0 -999.0} "" -999.0 -999.0 -999.0 -999.0 27021603161215349 814039663 "" ops_sky_boss_good ops_sky sky_boss 0 0 0.0 0.0 -999 ""
FIBERMAP 121 R+6C3 METROLOGY 0 0 0 1 0 0 -166.5980094576783 123.07151844789838 143.1 -173.73184466663642 -112.75803428570772 42.164616 105.50985 -999.0 -999.0 -999.0 -999.0 -999.0 22.19716884120895 -42.00953763790581 22.16321315284023 -41.86494493683366 58.93140415735178 236.06943554486077 -999.0 6231.0 -999.0 -1 -999 {-999.0 -999.0 -999.0 -999.0 -999.0} "" -999.0 -999.0 -999.0 -999.0 -999 -999 "" "" "" "" 0 0 0.0 0.0 -999 ""
FIBERMAP 127 R-1C2 APOGEE 0 0 0 1 1 0 -247.80047086901817 -19.427045861289503 143.1 -68.83351054164777 -238.8265940040298 330.69577 143.36546 -999.0 -999.0 -999.0 -999.0 -999.0 22.6243145911964 -42.392052826749975 22.588568934377065 -42.24775459559653 59.14886879362549 235.20228890718806 -999.0 16600.0 -999.0 2 -999 {-999.0 -999.0 -999.0 -999.0 -999.0} "" -999.0 -999.0 -999.0 -999.0 -999 -999 "" "" "" "" 0 0 0.0 0.0 -999 ""
FIBERMAP 127 R-1C2 BOSS 1 0 0 1 1 0 -247.5052069494879 -20.100213892428766 143.1 -68.09956383335845 -238.78655396266305 330.69577 143.36546 22.678274399828474 -42.41014450005851 -999.0 -999.0 -999.0 22.62714495762321 -42.391991254977704 22.59155987490749 -42.24766436894221 59.15103848823041 235.20141138242593 5400.0 5400.0 2016.0 1 512 {-999.0 22.810217 22.052473 21.25981 20.711882} sdss_psfmag_from_lsdr10 1e+20 1e+20 1e+20 -999.0 63050396614231093 1131335234 dark_flexible_3x1 bhm_spiders_agn_lsdr10_d3 bhm_spiders science 0 0 0.0 0.0 -999 ""
FIBERMAP 127 R-1C2 METROLOGY 0 0 0 1 1 0 -248.24039960480306 -20.031992903787298 143.1 -68.4216197761486 -239.45092345121589 330.69577 143.36546 -999.0 -999.0 -999.0 -999.0 -999.0 22.625857122811915 -42.394016434146124 22.590224755725558 -42.249696789564354 59.14958625857338 235.19803451110522 -999.0 6231.0 -999.0 -1 -999 {-999.0 -999.0 -999.0 -999.0 -999.0} "" -999.0 -999.0 -999.0 -999.0 -999 -999 "" "" "" "" 0 0 0.0 0.0 -999 ""
FIBERMAP 133 R-7C18 APOGEE 0 0 0 1 0 0 184.50409788567083 -139.41540231428294 143.1 195.3221057111491 123.78306667460619 15.188597 87.240814 -999.0 -999.0 -999.0 -999.0 -999.0 23.69181243820812 -41.291269929261205 23.655058233148452 -41.148163522883834 60.1823060092096 236.94581592677343 -999.0 16600.0 -999.0 2 222 {-999.0 -999.0 -999.0 -999.0 -999.0} "" -999.0 -999.0 -999.0 -999.0 -999 -999 "" ops_sky_apogee_best_unassigned ops_sky sky_apogee 0 0 0.0 0.0 -999 ""
FIBERMAP 133 R-7C18 BOSS 1 1 0 1 0 0 184.66205671710594 -140.1575307269513 143.1 196.07239829113223 123.67033685421919 15.188597 87.240814 23.69476318359375 -41.291618646813845 -999.0 -999.0 -999.0 23.694707826369598 -41.29160330771032 23.658104735478446 -41.14847127082742 60.18446836908048 236.944155603108 5400.0 5400.0 2015.5 1 320 {-999.0 -999.0 -999.0 -999.0 -999.0} "" -999.0 -999.0 -999.0 -999.0 27021603160873753 813987036 "" ops_sky_boss_good ops_sky sky_boss 0 0 0.0 0.0 -999 ""
FIBERMAP 133 R-7C18 METROLOGY 0 0 0 1 0 0 183.9563508897948 -139.92640841745904 143.1 195.60818043579468 123.0907819522057 15.188597 87.240814 -999.0 -999.0 -999.0 -999.0 -999.0 23.692963614727358 -41.29333658619484 23.656317148987057 -41.15021055273687 60.18275932308042 236.94137166614448 -999.0 6231.0 -999.0 -1 -999 {-999.0 -999.0 -999.0 -999.0 -999.0} "" -999.0 -999.0 -999.0 -999.0 -999 -999 "" "" "" "" 0 0 0.0 0.0 -999 ""
FIBERMAP 135 R-9C8 APOGEE 0 0 0 1 0 0 -38.357068587660024 -164.88707535418973 143.1 140.9060469916297 -93.81674071019658 96.781494 134.8824 -999.0 -999.0 -999.0 -999.0 -999.0 23.480208408772793 -41.951955401406174 23.442951446769428 -41.80850659513724 59.871430765672116 235.73705809988684 -999.0 16600.0 -999.0 2 189 {-999.0 -999.0 -999.0 -999.0 -999.0} "" -999.0 -999.0 -999.0 -999.0 -999 -999 "" ops_sky_apogee_best_unassigned ops_sky sky_apogee 0 0 0.0 0.0 -999 ""
FIBERMAP 135 R-9C8 BOSS 1 1 0 1 0 0 -37.925737305451975 -164.29758430679755 143.1 140.50560772703645 -93.20588847626381 96.781494 134.8824 23.478389106469297 -41.95015749893638 19.040749 -5.5444236 0.3233523 23.478474755329128 -41.95018251487224 23.441386811681923 -41.806702138893556 59.87074129686077 235.74111213013606 5400.0 5400.0 2016.0 1 386 {-999.0 16.634567 16.299767 16.199768 -999.0} sdss_psfmag_gaia 16.591154 16.31562 15.872867 15.041 63050395808838444 975972645 "" ops_std_boss ops_std standard_boss 0 0 0.0 0.0 -999 ""
FIBERMAP 135 R-9C8 METROLOGY 0 0 0 1 0 0 -37.61915996577338 -164.99266325001946 143.1 141.2640416475475 -93.16295083585146 96.781494 134.8824 -999.0 -999.0 -999.0 -999.0 -999.0 23.48162810852868 -41.95003340188081 23.44448653237822 -41.806564500432714 59.87301531469078 235.740252144962 -999.0 6231.0 -999.0 -1 -999 {-999.0 -999.0 -999.0 -999.0 -999.0} "" -999.0 -999.0 -999.0 -999.0 -999 -999 "" "" "" "" 0 0 0.0 0.0 -999 ""
FIBERMAP 137 R-11C13 APOGEE 0 0 0 1 0 0 115.26072809900188 -208.0576032497893 143.1 235.2718824221423 34.84801383861143 37.858986 100.49734 -999.0 -999.0 -999.0 -999.0 -999.0 23.8569664360477 -41.55917463297093 23.81938099040957 -41.41615647516004 60.23950997782627 236.3631440500703 -999.0 16600.0 -999.0 2 184 {-999.0 -999.0 -999.0 -999.0 -999.0} "" -999.0 -999.0 -999.0 -999.0 -999 -999 "" ops_sky_apogee_best_unassigned ops_sky sky_apogee 0 0 0.0 0.0 -999 ""
FIBERMAP 137 R-11C13 BOSS 1 1 0 1 0 0 115.71474868650392 -208.6307078522755 143.1 235.967896230452 35.07183059107966 37.858986 100.49734 23.859655007666838 -41.55846859130469 -4.272305 -8.844869 3.3532853 23.85963079941565 -41.55849872176221 23.822198452490454 -41.4154537680198 60.241729714111784 236.36349817020175 5400.0 5400.0 2016.0 1 377 {-999.0 20.562574 18.72901 17.524391 -999.0} sdss_psfmag_gaia 19.628986 18.220276 17.067352 14.9 63050395808840449 1121036578 dark_1x1 openfibertargets_mwm_snc_further_ext_boss open_fiber science 0 0 0.0 0.0 -999 ""
FIBERMAP 137 R-11C13 METROLOGY 0 0 0 1 0 0 114.97019333518693 -208.7381526120965 143.1 235.80702010915644 34.337005228620406 37.858986 100.49734 -999.0 -999.0 -999.0 -999.0 -999.0 23.859121091591955 -41.560713449833045 23.82164155038231 -41.41767584141758 60.240791550207014 236.35935360156773 -999.0 6231.0 -999.0 -1 -999 {-999.0 -999.0 -999.0 -999.0 -999.0} "" -999.0 -999.0 -999.0 -999.0 -999 -999 "" "" "" "" 0 0 0.0 0.0 -999 ""
FIBERMAP 139 R+9C14 APOGEE 1 1 0 1 0 0 109.46125325205868 160.0671898495396 143.1 -111.42315756334418 158.69569393296655 327.29218 87.46123 22.45584197168571 -41.18805457499576 3.902382 23.336052 7.5683265 22.45581844793536 -41.188008239987305 22.422288733740174 -41.0438419518577 59.29834051982865 237.54962715147252 16000.0 16600.0 2016.0 2 95 {-999.0 8.679641 8.561988 8.550403 -999.0} sdss_psfmag_from_g3xp 8.709445 8.54203 8.23428 7.796 63050395809808745 975156253 "" ops_std_apogee ops_std standard_apogee 0 0 0.0 0.0 -999 ""
FIBERMAP 139 R+9C14 BOSS 0 0 0 1 0 0 108.97049397110595 159.53764509004276 143.1 -111.099713091003 158.0502538239637 327.29218 87.46123 -999.0 -999.0 -999.0 -999.0 -999.0 22.456893578026538 -41.18993908297542 22.42352351502518 -41.0457469608315 59.298858094180375 237.54559961285304 -999.0 5400.0 -999.0 1 169 {-999.0 -999.0 -999.0 -999.0 -999.0} "" -999.0 -999.0 -999.0 -999.0 -999 -999 "" "" "" "" 0 0 0.0 0.0 -999 ""
FIBERMAP 139 R+9C14 METROLOGY 0 0 0 1 0 0 108.7441530677628 160.25060473657302 143.1 -111.84671059487991 158.08871720156998 327.29218 87.46123 -999.0 -999.0 -999.0 -999.0 -999.0 22.45391713685985 -41.18978948794261 22.42050791332099 -41.045602331654145 59.29666273110395 237.54679715590436 -999.0 6231.0 -999.0 -1 -999 {-999.0 -999.0 -999.0 -999.0 -999.0} "" -999.0 -999.0 -999.0 -999.0 -999 -999 "" "" "" "" 0 0 0.0 0.0 -999 ""
FIBERMAP 141 R-12C15 APOGEE 0 0 0 1 0 0 139.9018242920635 -227.3759443597616 143.1 262.01218061773307 51.13416061763447 195.24321 77.88323 -999.0 -999.0 -999.0 -999.0 -999.0 23.963342402944434 -41.50898600984996 23.925571422464884 -41.36607667185982 60.32886135560319 236.42267862320648 -999.0 16600.0 -999.0 2 234 {-999.0 -999.0 -999.0 -999.0 -999.0} "" -999.0 -999.0 -999.0 -999.0 -999 -999 "" ops_sky_apogee_best_unassigned ops_sky sky_apogee 0 0 0.0 0.0 -999 ""
FIBERMAP 141 R-12C15 BOSS 1 1 0 1 0 0 139.85768819599036 -226.65442741439546 143.1 261.3211576930078 51.34621915260258 195.24321 77.88323 23.959966802422507 -41.508409547957 21.701714 2.6798663 0.6384173 23.960401058894416 -41.50839916802958 23.922796332056578 -41.365457962491256 60.32698795474485 236.42490151526198 5400.0 5400.0 2016.0 1 344 {-999.0 15.91179 15.43641 15.279465 -999.0} sdss_psfmag_gaia 15.817111 15.46876 14.947794 14.0 63050395808840465 1136525219 dark_flexible_3x1 mwm_halo_local_high_boss_triple mwm_halo science 0 0 0.9541786909103394 0.0 -999 ""
FIBERMAP 141 R-12C15 METROLOGY 0 0 0 1 0 0 140.51756709413337 -226.93970552958388 143.1 261.81998572375096 51.86385005164618 195.24321 77.88323 -999.0 -999.0 -999.0 -999.0 -999.0 23.962477807162472 -41.50679801117161 23.92482566784969 -41.363867386391306 60.32884814313515 236.4272825515253 -999.0 6231.0 -999.0 -1 -999 {-999.0 -999.0 -999.0 -999.0 -999.0} "" -999.0 -999.0 -999.0 -999.0 -999 -999 "" "" "" "" 0 0 0.0 0.0 -999 ""
FIBERMAP 143 R-8C14 APOGEE 0 0 0 1 0 0 87.1153234846023 -171.0486875588403 143.1 190.7380718742779 21.493490576093816 281.64853 94.74266 -999.0 -999.0 -999.0 -999.0 -999.0 23.678246639716395 -41.601018399208336 23.641041756745437 -41.45782838058455 60.09972867087988 236.3459800618997 -999.0 16600.0 -999.0 2 -999 {-999.0 -999.0 -999.0 -999.0 -999.0} "" -999.0 -999.0 -999.0 -999.0 -999 -999 "" "" "" "" 0 0 0.0 0.0 -999 ""
FIBERMAP 143 R-8C14 BOSS 1 1 0 1 0 0 86.38355765538023 -171.2682466148343 143.1 190.68665463900697 20.7312673424298 281.64853 94.74266 23.678002722771964 -41.603366690959724 -0.15794815 0.07024648 0.1076895 23.677989573316665 -41.60335218661869 23.64094144313134 -41.4601320580802 60.0991074545771 236.34152745172327 5400.0 5400.0 2016.0 1 273 {-999.0 19.104692 18.673054 18.280981 18.028145} sdss_fiber2mag_from_lsdr10 18.219145 18.219948 17.122986 14.981 63050395808838869 1058556374 dark_flexible_2x1 bhm_spiders_agn_lsdr10 bhm_spiders science 0 0 0.0 0.0 -999 ""
FIBERMAP 143 R-8C14 METROLOGY 0 0 0 1 0 0 86.57069223436275 -170.5359741710118 143.1 190.06677909098454 21.163631120529086 281.64853 94.74266 -999.0 -999.0 -999.0 -999.0 -999.0 23.67554951141637 -41.602048365693236 23.638464260890373 -41.45883465307589 60.09761305116713 236.3449414070953 -999.0 6231.0 -999.0 -1 -999 {-999.0 -999.0 -999.0 -999.0 -999.0} "" -999.0 -999.0 -999.0 -999.0 -999 -999 "" "" "" "" 0 0 0.0 0.0 -999 ""
FIBERMAP 145 R-10C1 APOGEE 0 0 0 1 0 0 -165.46280416328406 -200.7789260670861 143.1 129.87315920100025 -225.42446307992415 349.9256 100.464966 -999.0 -999.0 -999.0 -999.0 -999.0 23.437935447418848 -42.349677325520034 23.400159901271934 -42.20609930644008 59.741292505502805 234.98736765289084 -999.0 16600.0 -999.0 2 259 {-999.0 -999.0 -999.0 -999.0 -999.0} "" -999.0 -999.0 -999.0 -999.0 -999 -999 "" ops_sky_apogee_best_unassigned ops_sky sky_apogee 0 0 0.0 0.0 -999 ""
FIBERMAP 145 R-10C1 BOSS 1 1 0 1 0 0 -165.4703804888929 -201.50895724310993 143.1 130.55399332639746 -225.68792760135895 349.9256 100.464966 23.440114204697455 -42.350451676995 20.187424 -8.89366 2.1142368 23.44056100317476 -42.35048402823517 23.40294068315916 -42.20687625442381 59.74308591271182 234.98483384129514 5400.0 5400.0 2016.0 1 353 {-999.0 16.32378 15.27303 14.847585 -999.0} sdss_psfmag_gaia 15.93289 15.2880745 14.448842 -999.0 63050395808834129 1121037149 bright_1x1 openfibertargets_mwm_snc_further_ext_boss open_fiber science 0 0 1.0724295377731323 0.0 -999 ""
FIBERMAP 145 R-10C1 METROLOGY 0 0 0 1 0 0 -166.1190642417652 -201.12877064954665 143.1 129.97023832536402 -226.1617471941943 349.9256 100.464966 -999.0 -999.0 -999.0 -999.0 -999.0 23.438262779875465 -42.35196001636436 23.40059977551408 -42.20835889472568 59.7410310394018 234.98286695050308 -999.0 6231.0 -999.0 -1 -999 {-999.0 -999.0 -999.0 -999.0 -999.0} "" -999.0 -999.0 -999.0 -999.0 -999 -999 "" "" "" "" 0 0 0.0 0.0 -999 ""
FIBERMAP 149 R-10C17 APOGEE 0 0 0 1 0 0 184.0954625421795 -187.43199122747788 143.1 240.1343356715367 106.53809293421345 359.83963 159.374 -999.0 -999.0 -999.0 -999.0 -999.0 23.872354837320096 -41.34224548954383 23.83507355940344 -41.19929138808976 60.30229185399604 236.7824093289525 -999.0 16600.0 -999.0 2 191 {-999.0 -999.0 -999.0 -999.0 -999.0} "" -999.0 -999.0 -999.0 -999.0 -999 -999 "" ops_sky_apogee_best_unassigned ops_sky sky_apogee 0 0 0.0 0.0 -999 ""
FIBERMAP 149 R-10C17 BOSS 1 1 0 1 0 0 184.8314883281403 -187.67157324584994 143.1 240.6171216784857 107.14306415863867 359.83963 159.374 23.873919446692227 -41.34051865666916 -999.0 -999.0 -999.0 23.87409375237248 -41.34043251483223 23.836969008910216 -41.197451850950735 60.30410842003586 236.78534698709473 5400.0 5400.0 2016.0 1 264 {-999.0 22.188372 21.05943 20.405725 19.949743} sdss_psfmag_from_lsdr10 1e+20 1e+20 1e+20 -999.0 63050398760253765 1131347777 dark_flexible_3x1 bhm_spiders_agn_lsdr10_d3 bhm_spiders science 0 0 0.0 0.0 -999 ""
FIBERMAP 149 R-10C17 METROLOGY 0 0 0 1 0 0 184.28100410751716 -188.15437889094554 143.1 240.87583235122355 106.45812008878073 359.83963 159.374 -999.0 -999.0 -999.0 -999.0 -999.0 23.875275471610248 -41.34246555792209 23.838099826199368 -41.199493593208295 60.30445856544705 236.78093826967358 -999.0 6231.0 -999.0 -1 -999 {-999.0 -999.0 -999.0 -999.0 -999.0} "" -999.0 -999.0 -999.0 -999.0 -999 -999 "" "" "" "" 0 0 0.0 0.0 -999 ""
FIBERMAP 152 R+6C16 APOGEE 0 0 0 1 0 0 114.43903823364676 131.12280082094955 143.1 -82.57576088908334 153.1915229042741 94.27424 103.99437 -999.0 -999.0 -999.0 -999.0 -999.0 22.57178852576964 -41.20478182887612 22.537945684440956 -41.06071042718233 59.38015226169473 237.48174304031414 -999.0 16600.0 -999.0 2 -999 {-999.0 -999.0 -999.0 -999.0 -999.0} "" -999.0 -999.0 -999.0 -999.0 -999 -999 "" "" "" "" 0 0 0.0 0.0 -999 ""
FIBERMAP 152 R+6C16 BOSS 1 1 0 1 0 0 115.12981345360103 131.34703983974447 143.1 -82.54312030385385 153.9170120088407 94.27424 103.99437 22.571706173560912 -41.20253701715399 -0.3648111 -0.16674498 -0.32275796 22.571727513015407 -41.202559017889776 22.538052637865917 -41.05846157962779 59.380700776550874 237.48602787571963 5400.0 5400.0 2016.0 1 223 {-999.0 20.144575 20.021614 19.897526 19.851437} sdss_psfmag_from_gaiadr2 19.964272 20.015104 19.5693 -999.0 63050395809808712 1130424118 dark_flexible_3x1 bhm_gua_dark_d3 bhm_filler science 0 0 0.0 0.0 -999 ""
FIBERMAP 152 R+6C16 METROLOGY 0 0 0 1 0 0 114.99547830038324 130.6229281682405 143.1 -81.91234329732659 153.53694780244277 94.27424 103.99437 -999.0 -999.0 -999.0 -999.0 -999.0 22.57429418019555 -41.20368323872233 22.540564629230175 -41.05959523766651 59.382316376521146 237.48307444994265 -999.0 6231.0 -999.0 -1 -999 {-999.0 -999.0 -999.0 -999.0 -999.0} "" -999.0 -999.0 -999.0 -999.0 -999 -999 "" "" "" "" 0 0 0.0 0.0 -999 ""
FIBERMAP 154 R-11C7 APOGEE 0 0 0 1 0 0 -34.660130090826684 -197.43181340945225 143.1 172.6744800504466 -101.78447434529352 113.893074 93.760574 -999.0 -999.0 -999.0 -999.0 -999.0 23.60955261285594 -41.975078345253316 23.57193159449588 -41.831740252354024 59.9588810907954 235.6449563635477 -999.0 16600.0 -999.0 2 172 {-999.0 -999.0 -999.0 -999.0 -999.0} "" -999.0 -999.0 -999.0 -999.0 -999 -999 "" ops_sky_apogee_best_unassigned ops_sky sky_apogee 0 0 0.0 0.0 -999 ""
FIBERMAP 154 R-11C7 BOSS 1 1 0 1 0 0 -34.002147783993266 -197.0829764869799 143.1 172.57894916133253 -101.04593165585295 113.893074 93.760574 23.609019103600296 -41.972912223562844 -999.0 -999.0 -999.0 23.609045680014734 -41.972904897025124 23.571590589682785 -41.82953618021149 59.95918019869973 235.64934775652915 5400.0 5400.0 2015.5 1 414 {-999.0 -999.0 -999.0 -999.0 -999.0} "" -999.0 -999.0 -999.0 -999.0 27021603160871436 821783025 "" ops_sky_boss_good ops_sky sky_boss 0 0 0.0 0.0 -999 ""
FIBERMAP 154 R-11C7 METROLOGY 0 0 0 1 0 0 -34.02438806373578 -197.8212236345333 143.1 173.26232586128654 -101.32601063762893 113.893074 93.760574 -999.0 -999.0 -999.0 -999.0 -999.0 23.611907809041128 -41.97373404744127 23.574398464603917 -41.8303764021635 59.96099950390045 235.64668750515267 -999.0 6231.0 -999.0 -1 -999 {-999.0 -999.0 -999.0 -999.0 -999.0} "" -999.0 -999.0 -999.0 -999.0 -999 -999 "" "" "" "" 0 0 0.0 0.0 -999 ""
FIBERMAP 156 R-6C19 APOGEE 0 0 0 1 0 0 173.664367254678 -130.40973166464434 143.1 183.0838297115782 116.79691985354978 262.29507 101.98719 -999.0 -999.0 -999.0 -999.0 -999.0 23.643042014688323 -41.31265648661225 23.60637536402851 -41.16950108929362 60.14173873989556 236.92095443090528 -999.0 16600.0 -999.0 2 223 {-999.0 -999.0 -999.0 -999.0 -999.0} "" -999.0 -999.0 -999.0 -999.0 -999 -999 "" ops_sky_apogee_best_unassigned ops_sky sky_apogee 0 0 0.0 0.0 -999 ""
FIBERMAP 156 R-6C19 BOSS 1 1 0 1 0 0 172.94639802170784 -130.50161523176422 143.1 182.9177208275628 116.09245061071107 262.29507 101.98719 23.642401705787705 -41.314699604339836 -20.87112 -33.208916 1.0932018 23.642301156104335 -41.31479353994929 23.605792166600168 -41.171608781853024 60.14082851839268 236.91703558520777 5400.0 5400.0 2016.0 1 321 {-999.0 19.034048 17.844606 17.336344 -999.0} sdss_psfmag_gaia 18.611155 17.828285 16.971428 15.288 63050395808840835 1136525270 dark_flexible_3x1 mwm_halo_local_high_boss_triple mwm_halo science 0 0 0.0 0.0 -999 ""
FIBERMAP 156 R-6C19 METROLOGY 0 0 0 1 0 0 173.23755675705252 -129.79765262641948 143.1 182.36088151832445 116.61226564108219 262.29507 101.98719 -999.0 -999.0 -999.0 -999.0 -999.0 23.640120740988625 -41.31320766175173 23.603574527794592 -41.17002929925573 60.13956544016109 236.9208917603317 -999.0 6231.0 -999.0 -1 -999 {-999.0 -999.0 -999.0 -999.0 -999.0} "" -999.0 -999.0 -999.0 -999.0 -999 -999 "" "" "" "" 0 0 0.0 0.0 -999 ""
FIBERMAP 161 R-11C9 APOGEE 0 0 0 1 0 0 12.349246448780397 -202.94211688227384 143.1 194.34220089590949 -59.70684668832213 62.7742 137.00975 -999.0 -999.0 -999.0 -999.0 -999.0 23.69603796406923 -41.84693128886477 23.658400940771116 -41.70370071490706 60.052928410610306 235.8614079289503 -999.0 16600.0 -999.0 2 174 {-999.0 -999.0 -999.0 -999.0 -999.0} "" -999.0 -999.0 -999.0 -999.0 -999 -999 "" ops_sky_apogee_best_unassigned ops_sky sky_apogee 0 0 0.0 0.0 -999 ""
FIBERMAP 161 R-11C9 BOSS 1 1 0 1 0 0 13.028964141602959 -202.70050758396977 143.1 194.35469531940282 -58.98561017380752 62.7742 137.00975 23.69595495522554 -41.84479909768681 -999.0 -999.0 -999.0 23.69597076251916 -41.84479215499876 23.65849766239654 -41.70153173162474 60.053530280004914 235.86558476279382 5400.0 5400.0 2016.0 1 416 {-999.0 23.410524 22.786564 22.392857 22.142729} sdss_fiber2mag_from_lsdr10 1e+20 1e+20 1e+20 -999.0 63050398045040493 1058553514 dark_flexible_2x2 bhm_spiders_agn_lsdr10 bhm_spiders science 0 0 0.0 0.0 -999 ""
FIBERMAP 161 R-11C9 METROLOGY 0 0 0 1 0 0 12.92474183528513 -203.41331802233037 143.1 194.98546647907642 -59.333512351736594 62.7742 137.00975 -999.0 -999.0 -999.0 -999.0 -999.0 23.698620070266436 -41.8458229425008 23.661093205528232 -41.70257325348487 60.05515358204078 235.8626100279214 -999.0 6231.0 -999.0 -1 -999 {-999.0 -999.0 -999.0 -999.0 -999.0} "" -999.0 -999.0 -999.0 -999.0 -999 -999 "" "" "" "" 0 0 0.0 0.0 -999 ""
FIBERMAP 163 R+5C6 APOGEE 0 0 0 1 0 0 -142.17308423435767 108.3000995743257 143.1 -151.32453615654998 -95.07749777291819 224.13089 19.355068 -999.0 -999.0 -999.0 -999.0 -999.0 22.28878311406205 -41.956538552826984 22.254549909202126 -41.8120555675506 59.009619297402736 236.13965684307317 -999.0 16600.0 -999.0 2 -999 {-999.0 -999.0 -999.0 -999.0 -999.0} "" -999.0 -999.0 -999.0 -999.0 -999 -999 "" "" "" "" 0 0 0.0 0.0 -999 ""
FIBERMAP 163 R+5C6 BOSS 1 1 0 1 0 0 -141.84987125261782 108.96300873083852 143.1 -151.831682243367 -94.5420889022188 224.13089 19.355068 22.28630530102202 -41.95489439729576 45.30964 -25.309591 9.5611925 22.286490242309483 -41.9549673629137 22.2524335227925 -41.81045380816062 59.008443243073756 236.14337782336594 5400.0 5400.0 2016.0 1 51 {-999.0 nan nan nan nan} undefined 19.038033 17.065948 15.751557 13.228 63050395809333897 1058550581 bright_flexible_2x1 bhm_spiders_agn_lsdr10 bhm_spiders science 0 0 0.0 0.0 -999 ""
FIBERMAP 163 R+5C6 METROLOGY 0 0 0 1 0 0 -141.42771070803246 108.36268170475925 143.1 -151.1213698839468 -94.35766117548536 224.13089 19.355068 -999.0 -999.0 -999.0 -999.0 -999.0 22.289402839943772 -41.954429283004465 22.25529176128316 -41.809926515547154 59.01063767573119 236.14344359141714 -999.0 6231.0 -999.0 -1 -999 {-999.0 -999.0 -999.0 -999.0 -999.0} "" -999.0 -999.0 -999.0 -999.0 -999 -999 "" "" "" "" 0 0 0.0 0.0 -999 ""
FIBERMAP 165 R-3C3 APOGEE 0 0 0 1 0 0 -197.929472172819 -66.1925739111195 143.1 -7.535471926396388 -208.55770284131668 359.8346 85.86403 -999.0 -999.0 -999.0 -999.0 -999.0 22.87536182398013 -42.301252890360814 22.839107300269745 -42.157191478065286 59.35093056816112 235.28566601860305 -999.0 16600.0 -999.0 2 241 {-999.0 -999.0 -999.0 -999.0 -999.0} "" -999.0 -999.0 -999.0 -999.0 -999 -999 "" ops_sky_apogee_best_unassigned ops_sky sky_apogee 0 0 0.0 0.0 -999 ""
FIBERMAP 165 R-3C3 BOSS 1 1 0 1 0 0 -198.06452909867144 -66.93376671846218 143.1 -6.888956105343951 -208.94444133573987 359.8346 85.86403 22.877854127507472 -42.30248212145372 -999.0 -999.0 -999.0 22.877842830565353 -42.30249892063746 22.841746166028145 -42.1584083197442 59.352529989890286 235.28241339164182 5400.0 5400.0 2015.5 1 498 {-999.0 -999.0 -999.0 -999.0 -999.0} "" -999.0 -999.0 -999.0 -999.0 27021603160871087 821782989 "" ops_sky_boss_good ops_sky sky_boss 0 0 0.0 0.0 -999 ""
FIBERMAP 165 R-3C3 METROLOGY 0 0 0 1 0 0 -198.62543565173496 -66.44789854090257 143.1 -7.540830481550936 -209.29896606924962 359.8346 85.86403 -999.0 -999.0 -999.0 -999.0 -999.0 22.875219574554123 -42.30359028651927 22.839080912063935 -42.15950596218874 59.35034589010759 235.28127296632067 -999.0 6231.0 -999.0 -1 -999 {-999.0 -999.0 -999.0 -999.0 -999.0} "" -999.0 -999.0 -999.0 -999.0 -999 -999 "" "" "" "" 0 0 0.0 0.0 -999 ""
FIBERMAP 166 R-4C1 APOGEE 0 0 0 1 0 0 -244.1455370884273 -87.34008807598336 143.1 -3.966104715807292 -259.2542379516026 255.49289 141.95114 -999.0 -999.0 -999.0 -999.0 -999.0 22.89020104880323 -42.45372884282135 22.853673925359374 -42.3096453444205 59.3237846962288 234.9907440580784 -999.0 16600.0 -999.0 2 272 {-999.0 -999.0 -999.0 -999.0 -999.0} "" -999.0 -999.0 -999.0 -999.0 -999 -999 "" ops_sky_apogee_best_unassigned ops_sky sky_apogee 0 0 0.0 0.0 -999 ""
FIBERMAP 166 R-4C1 BOSS 1 1 0 1 0 0 -244.70429860880677 -87.82131787260109 143.1 -3.7117762464453277 -259.9463782743705 255.49289 141.95114 22.891083382228416 -42.455849065490604 -0.35769862 0.2998341 0.2002388 22.891079855440253 -42.45584357265169 22.854713752310772 -42.31172869727308 59.32401094491223 234.98641390104726 5400.0 5400.0 2016.0 1 444 {-999.0 19.675377 19.450235 19.252657 19.096565} sdss_psfmag_from_gaiadr2 19.7144 19.469633 18.968235 -999.0 63050395808837645 1130401369 dark_flexible_3x1 bhm_gua_dark_d3 bhm_filler science 0 0 0.0 0.0 -999 ""
FIBERMAP 166 R-4C1 METROLOGY 0 0 0 1 0 0 -244.84738820941254 -87.08633023754084 143.1 -4.450161491112554 -259.8222347605208 255.49289 141.95114 -999.0 -999.0 -999.0 -999.0 -999.0 22.888097906881953 -42.45551154018925 22.851692836041423 -42.31140313038792 59.32192832203886 234.98812173493604 -999.0 6231.0 -999.0 -1 -999 {-999.0 -999.0 -999.0 -999.0 -999.0} "" -999.0 -999.0 -999.0 -999.0 -999 -999 "" "" "" "" 0 0 0.0 0.0 -999 ""
FIBERMAP 168 R+5C2 APOGEE 0 0 0 1 0 0 -200.45999917900588 94.24352500990464 143.1 -158.6331124235096 -154.58523255106527 344.39224 119.85794 -999.0 -999.0 -999.0 -999.0 -999.0 22.258088533891176 -42.13632378348953 22.22366907203167 -41.99177398181034 58.9463448509028 235.8102324637551 -999.0 16600.0 -999.0 2 -999 {-999.0 -999.0 -999.0 -999.0 -999.0} "" -999.0 -999.0 -999.0 -999.0 -999 -999 "" "" "" "" 0 0 0.0 0.0 -999 ""
FIBERMAP 168 R+5C2 BOSS 1 1 0 1 0 0 -200.26976753971138 93.49646800205133 143.1 -157.86687191361017 -154.66947763499977 344.39224 119.85794 22.260979677219698 -42.13665398504227 0.39510185 -0.93044597 0.14153758 22.26099635332239 -42.13665929580822 22.22673793688881 -41.99208219270683 58.9484938906677 235.80863484204116 5400.0 5400.0 2016.0 1 73 {-999.0 20.800535 20.678883 20.493364 20.315592} sdss_psfmag_from_lsdr10 20.555122 20.251371 19.845428 -999.0 63050395808353092 1131337736 dark_flexible_3x1 bhm_spiders_agn_lsdr10_d3 bhm_spiders science 0 0 0.0 0.0 -999 ""
FIBERMAP 168 R+5C2 METROLOGY 0 0 0 1 0 0 -200.9887980432052 93.71449762118306 143.1 -158.32351102037993 -155.26610569086984 344.39224 119.85794 -999.0 -999.0 -999.0 -999.0 -999.0 22.259143657453752 -42.1384633431677 22.22483945398909 -41.99389267762287 58.94670455656846 235.80584757989507 -999.0 6231.0 -999.0 -1 -999 {-999.0 -999.0 -999.0 -999.0 -999.0} "" -999.0 -999.0 -999.0 -999.0 -999 -999 "" "" "" "" 0 0 0.0 0.0 -999 ""
FIBERMAP 172 R-5C1 APOGEE 0 0 0 1 0 0 -233.29111741120414 -80.34579907812225 143.1 -6.702699931526966 -246.6354987835099 109.75855 87.86535 -999.0 -999.0 -999.0 -999.0 -999.0 22.878927849629314 -42.41584190965549 22.84248817129759 -42.27175732585736 59.32517408731347 235.06671038663018 -999.0 16600.0 -999.0 2 273 {-999.0 -999.0 -999.0 -999.0 -999.0} "" -999.0 -999.0 -999.0 -999.0 -999 -999 "" ops_sky_apogee_best_unassigned ops_sky sky_apogee 0 0 0.0 0.0 -999 ""
FIBERMAP 172 R-5C1 BOSS 1 1 0 1 0 0 -232.58257228243838 -80.12355034368468 143.1 -6.661955526656274 -245.8940714716903 109.75855 87.86535 22.878915340819233 -42.41366903901057 -0.20636322 0.17942566 0.0256645 22.878924170450198 -42.41366740189093 22.842654332848554 -42.26955183507226 59.32583926194003 235.07083925386095 5400.0 5400.0 2016.0 1 445 {-999.0 19.125328 18.92542 18.753479 18.623693} sdss_psfmag_from_gaiadr2 19.126305 18.93243 18.450449 -999.0 63050395808837718 1130401372 dark_flexible_3x1 bhm_gua_dark_d3 bhm_filler science 0 0 0.0 0.0 -999 ""
FIBERMAP 172 R-5C1 METROLOGY 0 0 0 1 0 0 -232.72447881447323 -80.84335822334742 143.1 -6.037866867821242 -246.27971301485243 109.75855 87.86535 -999.0 -999.0 -999.0 -999.0 -999.0 22.881530134778085 -42.41485798760954 22.8452045496648 -42.27075332069012 59.32737013736641 235.0676414992805 -999.0 6231.0 -999.0 -1 -999 {-999.0 -999.0 -999.0 -999.0 -999.0} "" -999.0 -999.0 -999.0 -999.0 -999 -999 "" "" "" "" 0 0 0.0 0.0 -999 ""
FIBERMAP 173 R-1C17 APOGEE 0 0 0 1 0 0 58.71617116969978 -13.135107789000337 143.1 32.91764903469256 50.360497184489525 220.52023 45.412975 -999.0 -999.0 -999.0 -999.0 -999.0 23.038536289226037 -41.51630325978594 23.003063695703872 -41.37256389282202 59.65402468771781 236.73197692099228 -999.0 16600.0 -999.0 2 -999 {-999.0 -999.0 -999.0 -999.0 -999.0} "" -999.0 -999.0 -999.0 -999.0 -999 -999 "" "" "" "" 0 0 0.0 0.0 -999 ""
FIBERMAP 173 R-1C17 BOSS 1 1 0 1 0 0 58.76012368279315 -12.409707004083181 143.1 32.253924662532704 50.65639297167504 220.52023 45.412975 23.03569706823477 -41.515411332921964 -0.19553594 -0.39582482 0.2880737 23.035704636251992 -41.515406988601754 23.000403457491018 -41.3716371065902 59.65228816301164 236.73465353161612 5400.0 5400.0 2016.0 1 315 {-999.0 21.09324 20.413977 20.01644 19.76052} sdss_fiber2mag_from_lsdr10 20.19311 20.388113 18.880178 -999.0 63050395808839986 1131345275 dark_flexible_3x1 bhm_spiders_agn_lsdr10_d3 bhm_spiders science 0 0 0.0 0.0 -999 ""
FIBERMAP 173 R-1C17 METROLOGY 0 0 0 1 0 0 59.38943891640507 -12.809210937155353 143.1 32.848963799218964 51.105294874976764 220.52023 45.412975 -999.0 -999.0 -999.0 -999.0 -999.0 23.038162887339833 -41.514027079697 23.002811445335226 -41.37026767021345 59.65435704547611 236.73648965744945 -999.0 6231.0 -999.0 -1 -999 {-999.0 -999.0 -999.0 -999.0 -999.0} "" -999.0 -999.0 -999.0 -999.0 -999 -999 "" "" "" "" 0 0 0.0 0.0 -999 ""
FIBERMAP 174 R-8C12 APOGEE 0 0 0 1 0 0 38.701388867765786 -174.92826500538422 143.1 177.3684162271498 -25.196683530338113 308.48343 46.819954 -999.0 -999.0 -999.0 -999.0 -999.0 23.62605946622102 -41.742928133290754 23.588762571569134 -41.59965834721865 60.02775802271966 236.08883098567537 -999.0 16600.0 -999.0 2 -999 {-999.0 -999.0 -999.0 -999.0 -999.0} "" -999.0 -999.0 -999.0 -999.0 -999 -999 "" "" "" "" 0 0 0.0 0.0 -999 ""
FIBERMAP 174 R-8C12 BOSS 1 1 0 1 0 0 37.98615026316074 -174.9299493840358 143.1 177.11881691017223 -25.866920207344293 308.48343 46.819954 23.624970540807187 -41.74500477547077 0.05397915 -0.32722676 -3.8841436 23.624995930774393 -41.74500569731808 23.58785890801761 -41.60170465695391 60.02660875719082 236.08518205128024 5400.0 5400.0 2016.0 1 395 {-999.0 21.544775 21.204361 21.102102 -999.0} sdss_psfmag_gaia 20.02938 21.221004 19.305004 -999.0 63050395808838606 1092647960 dark_flexible_2x1 mwm_cb_galex_vol_boss mwm_cb science 0 0 0.0 0.0 -999 ""
FIBERMAP 174 R-8C12 METROLOGY 0 0 0 1 0 0 38.36430207904877 -174.26052949362185 143.1 176.62486845122413 -25.277788192616047 308.48343 46.819954 -999.0 -999.0 -999.0 -999.0 -999.0 23.62305120031788 -41.74322932727 23.5858763882444 -41.59993540028016 60.025596605785154 236.0893343723471 -999.0 6231.0 -999.0 -1 -999 {-999.0 -999.0 -999.0 -999.0 -999.0} "" -999.0 -999.0 -999.0 -999.0 -999 -999 "" "" "" "" 0 0 0.0 0.0 -999 ""
FIBERMAP 175 R-9C10 APOGEE 0 0 0 1 0 0 -4.800973175595292 -169.60652768963126 143.1 157.10882885746355 -64.05707443109091 189.54787 87.12872 -999.0 -999.0 -999.0 -999.0 -999.0 23.54522294332644 -41.86131992529127 23.50794376104824 -41.717950205041745 59.94053092034959 235.8886242706603 -999.0 16600.0 -999.0 2 165 {-999.0 -999.0 -999.0 -999.0 -999.0} "" -999.0 -999.0 -999.0 -999.0 -999 -999 "" "" "" "" 0 0 0.0 0.0 -999 ""
FIBERMAP 175 R-9C10 BOSS 1 1 0 1 0 0 -4.886427134218618 -168.8593086848096 143.1 156.37923233178296 -63.87467391195846 189.54787 87.12872 23.542144916736124 -41.8608462430958 -999.0 -999.0 -999.0 23.542174807904516 -41.8608429652144 23.505065313284717 -41.71744045814375 59.93857074538137 235.89065417827416 5400.0 5400.0 2016.0 1 398 {-999.0 19.156082 18.236633 17.841972 17.536411} sdss_fiber2mag_from_lsdr10 1e+20 1e+20 1e+20 -999.0 63050398045039512 1067077679 dark_1x1 bhm_colr_galaxies_lsdr10 bhm_filler science 0 0 0.0 0.0 -999 ""
FIBERMAP 175 R-9C10 METROLOGY 0 0 0 1 0 0 -4.201926319888715 -169.16786590614373 143.1 156.90850220808542 -63.34216575848601 189.54787 87.12872 -999.0 -999.0 -999.0 -999.0 -999.0 23.544379336969236 -41.85921236370089 23.50722112919499 -41.71582075983991 59.94052539589032 235.8930097753634 -999.0 6231.0 -999.0 -1 -999 {-999.0 -999.0 -999.0 -999.0 -999.0} "" -999.0 -999.0 -999.0 -999.0 -999 -999 "" "" "" "" 0 0 0.0 0.0 -999 ""
FIBERMAP 176 R-7C19 APOGEE 0 0 0 1 0 0 174.48396975667117 -136.90312372677928 143.1 189.45112207828856 115.28393734598099 204.68208 94.50414 -999.0 -999.0 -999.0 -999.0 -999.0 23.66868764400971 -41.3170909771629 23.63195051344792 -41.173957715892726 60.159454810792596 236.90336773051615 -999.0 16600.0 -999.0 2 -999 {-999.0 -999.0 -999.0 -999.0 -999.0} "" -999.0 -999.0 -999.0 -999.0 -999 -999 "" "" "" "" 0 0 0.0 0.0 -999 ""
FIBERMAP 176 R-7C19 BOSS 1 1 0 1 0 0 174.0922896583039 -136.2577247042002 143.1 188.70931494534105 115.14387537558106 204.68208 94.50414 23.66495557862477 -41.3175021240862 11.355914 -12.821821 2.3898718 23.665605243447477 -41.31753665290798 23.629034092147606 -41.17437226631268 60.15722305173067 236.9035698518752 5400.0 5400.0 2016.0 1 276 {-999.0 13.967697 13.356033 13.172993 -999.0} sdss_psfmag_from_g3xp 13.819183 13.407163 12.835481 11.823 63050395808840858 1075915691 bright_1x1 mwm_erosita_stars_boss mwm_erosita science 0 0 1.6069679260253906 0.0 -999 ""
FIBERMAP 176 R-7C19 METROLOGY 0 0 0 1 0 0 174.86472670692575 -136.25928961644578 143.1 188.98204328066086 115.86652325633527 204.68208 94.50414 -999.0 -999.0 -999.0 -999.0 -999.0 23.66674728639296 -41.315319597965086 23.630131679540455 -41.172164761210034 60.158533945273575 236.90750641299047 -999.0 6231.0 -999.0 -1 -999 {-999.0 -999.0 -999.0 -999.0 -999.0} "" -999.0 -999.0 -999.0 -999.0 -999 -999 "" "" "" "" 0 0 0.0 0.0 -999 ""
FIBERMAP 180 R-4C11 APOGEE 0 0 0 1 0 0 -34.618595386461706 -65.49811616155637 143.1 49.16558573778111 -55.41332724424081 165.68173 84.107895 -999.0 -999.0 -999.0 -999.0 -999.0 23.10589422633977 -41.837320617015976 23.06976278331092 -41.69356658868319 59.62872633161504 236.09115715050285 -999.0 16600.0 -999.0 2 -999 {-999.0 -999.0 -999.0 -999.0 -999.0} "" -999.0 -999.0 -999.0 -999.0 -999 -999 "" "" "" "" 0 0 0.0 0.0 -999 ""
FIBERMAP 180 R-4C11 BOSS 1 1 0 1 0 0 -34.36773754802864 -64.79837793119438 143.1 48.59854871435763 -54.93272760764752 165.68173 84.107895 23.103462535069937 -41.83594712745583 0.053904817 -0.43205056 -1.2937188 23.103453398884852 -41.8359311833831 23.067493793417157 -41.692145787231574 59.62741373918146 236.0946765531225 5400.0 5400.0 2016.0 1 422 {-999.0 20.915224 20.807432 20.674038 20.644226} sdss_psfmag_from_gaiadr2 20.740759 20.811668 20.432047 -999.0 63050395808839159 1130401418 dark_flexible_3x1 bhm_gua_dark_d3 bhm_filler science 0 0 0.0 0.0 -999 ""
FIBERMAP 180 R-4C11 METROLOGY 0 0 0 1 0 0 -33.8802400064169 -65.3784100649907 143.1 49.31280483507137 -54.68000071484191 165.68173 84.107895 -999.0 -999.0 -999.0 -999.0 -999.0 23.106413133896016 -41.835152123879645 23.070400877310647 -41.691377875668195 59.62970426667095 236.09514301250738 -999.0 6231.0 -999.0 -1 -999 {-999.0 -999.0 -999.0 -999.0 -999.0} "" -999.0 -999.0 -999.0 -999.0 -999 -999 "" "" "" "" 0 0 0.0 0.0 -999 ""
FIBERMAP 182 R+7C8 APOGEE 0 0 0 1 0 0 -60.413137821227934 116.75414036797329 143.1 -130.52734321372628 -15.560526946749818 304.41278 60.33156 -999.0 -999.0 -999.0 -999.0 -999.0 22.374739713334844 -41.715874194955916 22.340641671163837 -41.57151858225297 59.125855400322536 236.56800750741928 -999.0 16600.0 -999.0 2 124 {-999.0 -999.0 -999.0 -999.0 -999.0} "" -999.0 -999.0 -999.0 -999.0 -999 -999 "" ops_sky_apogee_best_unassigned ops_sky sky_apogee 0 0 0.0 0.0 -999 ""
FIBERMAP 182 R+7C8 BOSS 1 1 0 1 0 0 -61.159121909840444 116.69000187635099 143.1 -130.7292667528691 -16.281481746076107 304.41278 60.33156 22.373657226562496 -41.71810926527917 -999.0 -999.0 -999.0 22.373653383466124 -41.71809433441803 22.33972196387282 -41.57370908830025 59.12470217788582 236.56413856315152 5400.0 5400.0 2015.5 1 109 {-999.0 -999.0 -999.0 -999.0 -999.0} "" -999.0 -999.0 -999.0 -999.0 27021603161215551 821816553 "" ops_sky_boss_good ops_sky sky_boss 0 0 0.0 0.0 -999 ""
FIBERMAP 182 R+7C8 METROLOGY 0 0 0 1 0 0 -60.82980429063366 117.3684317607088 143.1 -131.24880036997743 -15.734906838980713 304.41278 60.33156 -999.0 -999.0 -999.0 -999.0 -999.0 22.371584997716955 -41.716421049659246 22.337613916235682 -41.57204244046 59.12353050831089 236.56798286382113 -999.0 6231.0 -999.0 -1 -999 {-999.0 -999.0 -999.0 -999.0 -999.0} "" -999.0 -999.0 -999.0 -999.0 -999 -999 "" "" "" "" 0 0 0.0 0.0 -999 ""
FIBERMAP 183 R+12C1 APOGEE 0 0 0 1 0 0 -148.94616921499286 251.91290450069783 143.1 -288.16119128063326 -50.98511715203389 124.99482 46.965115 -999.0 -999.0 -999.0 -999.0 -999.0 21.736934534265295 -41.81859858948479 21.704309615003524 -41.67369041925684 58.63933684072745 236.57416776791058 -999.0 16600.0 -999.0 2 8 {-999.0 -999.0 -999.0 -999.0 -999.0} "" -999.0 -999.0 -999.0 -999.0 -999 -999 "" ops_sky_apogee_best_unassigned ops_sky sky_apogee 0 0 0.0 0.0 -999 ""
FIBERMAP 183 R+12C1 BOSS 1 1 0 1 0 0 -148.20197709398448 251.82303661070765 143.1 -287.8157079175261 -50.31992379919395 124.99482 46.965115 21.738221817447766 -41.81659963631151 0.1027388 -1.5633435 0.7348227 21.738230745871874 -41.81662554581836 21.70577621717439 -41.67169109192923 58.640832566880974 236.5774738462116 5400.0 5400.0 2016.0 1 8 {-999.0 20.799341 20.732634 20.530949 20.331287} sdss_psfmag_from_lsdr10 20.636522 20.700253 20.049147 -999.0 63050395809334621 1131342749 dark_flexible_3x1 bhm_spiders_agn_lsdr10_d3 bhm_spiders science 0 0 0.0 0.0 -999 ""
FIBERMAP 183 R+12C1 METROLOGY 0 0 0 1 0 0 -148.65863689360071 251.22031509996748 143.1 -287.4117764031572 -50.95913621684229 124.99482 46.965115 -999.0 -999.0 -999.0 -999.0 -999.0 21.739791724319414 -41.81857553782057 21.707282009941025 -41.67364978068771 58.64151486282165 236.57333634098126 -999.0 6231.0 -999.0 -1 -999 {-999.0 -999.0 -999.0 -999.0 -999.0} "" -999.0 -999.0 -999.0 -999.0 -999 -999 "" "" "" "" 0 0 0.0 0.0 -999 ""
FIBERMAP 186 R+12C12 APOGEE 0 0 0 1 0 0 111.18458057212584 234.0841662462981 143.1 -180.11666856825565 186.3023271405131 71.17616 31.698011 -999.0 -999.0 -999.0 -999.0 -999.0 22.181239531998507 -41.10416695385352 22.148513970046167 -40.95978851098576 59.11312333295909 237.79241175837797 -999.0 16600.0 -999.0 2 -999 {-999.0 -999.0 -999.0 -999.0 -999.0} "" -999.0 -999.0 -999.0 -999.0 -999 -999 "" "" "" "" 0 0 0.0 0.0 -999 ""
FIBERMAP 186 R+12C12 BOSS 1 1 0 1 0 0 111.33106316539957 233.35425388028494 143.1 -179.3818435200189 186.1831426550416 71.17616 31.698011 22.1840010785999 -41.10452864009233 0.0081966445 0.18062295 -0.6444222 22.18399920862918 -41.104553081244376 22.151432595107735 -40.960151213866624 59.11521033699336 237.79086085788862 5400.0 5400.0 2016.0 1 106 {-999.0 19.451445 18.771412 18.38373 18.150446} sdss_fiber2mag_from_lsdr10 18.494015 19.347897 17.212894 15.395 63050395809809613 1058561885 dark_flexible_2x1 bhm_spiders_agn_lsdr10 bhm_spiders science 0 0 0.0 0.0 -999 ""
FIBERMAP 186 R+12C12 METROLOGY 0 0 0 1 0 0 110.63233658628702 233.57966173997437 143.1 -179.8382602366614 185.60811531244755 71.17616 31.698011 -999.0 -999.0 -999.0 -999.0 -999.0 22.1821520586829 -41.10623971508183 22.1495404901068 -40.96184318206943 59.11347196704607 237.7881880875912 -999.0 6231.0 -999.0 -1 -999 {-999.0 -999.0 -999.0 -999.0 -999.0} "" -999.0 -999.0 -999.0 -999.0 -999 -999 "" "" "" "" 0 0 0.0 0.0 -999 ""
FIBERMAP 193 R+4C23 APOGEE 0 0 0 1 0 0 254.78576076255035 83.03488088873642 143.1 11.7334894503585 267.70429661541726 3.072862 143.84863 -999.0 -999.0 -999.0 -999.0 -999.0 22.950972336386485 -40.85972921599576 22.91670098077833 -40.71606405119971 59.73161540937679 238.0302503956408 -999.0 16600.0 -999.0 2 86 {-999.0 -999.0 -999.0 -999.0 -999.0} "" -999.0 -999.0 -999.0 -999.0 -999 -999 "" ops_sky_apogee_best_unassigned ops_sky sky_apogee 0 0 0.0 0.0 -999 ""
FIBERMAP 193 R+4C23 BOSS 1 1 0 1 0 0 255.3398129483267 82.55528721785403 143.1 12.37708218773434 268.0546073896448 3.072862 143.84863 22.953343285823106 -40.85872044066421 0.08868191 -0.23200758 0.021914043 22.95338096879718 -40.85870593078198 22.919266763245673 -40.715017449420124 59.73373343559349 238.0314916305549 5400.0 5400.0 2016.0 1 259 {-999.0 20.181683 20.12878 20.010597 19.891764} sdss_psfmag_from_lsdr10 20.324718 20.029518 19.617538 -999.0 63050395809809371 1131352547 dark_flexible_3x1 bhm_spiders_agn_lsdr10_d3 bhm_spiders science 0 0 0.0 0.0 -999 ""
FIBERMAP 193 R+4C23 METROLOGY 0 0 0 1 0 0 254.65811758020186 82.29563725783404 143.1 12.38078389306981 267.3251837782078 3.072862 143.84863 -999.0 -999.0 -999.0 -999.0 -999.0 22.953450713815407 -40.860834531709436 22.919287403837018 -40.71715288608687 59.73331083404993 238.02733851901945 -999.0 6231.0 -999.0 -1 -999 {-999.0 -999.0 -999.0 -999.0 -999.0} "" -999.0 -999.0 -999.0 -999.0 -999 -999 "" "" "" "" 0 0 0.0 0.0 -999 ""
FIBERMAP 197 R0C13 APOGEE 0 0 0 1 0 0 -37.92105127080491 -6.92695378250855 143.1 -6.831663086747752 -37.93634046459167 231.9934 84.96741 -999.0 -999.0 -999.0 -999.0 -999.0 22.87761181960476 -41.784652086731086 22.842138208050642 -41.64071102523886 59.47564842224963 236.27066121087597 -999.0 16600.0 -999.0 2 250 {-999.0 -999.0 -999.0 -999.0 -999.0} "" -999.0 -999.0 -999.0 -999.0 -999 -999 "" ops_sky_apogee_best_unassigned ops_sky sky_apogee 0 0 0.0 0.0 -999 ""
FIBERMAP 197 R0C13 BOSS 1 1 0 1 0 0 -38.41632315978393 -6.383357398329947 143.1 -7.514536265830914 -38.20914156987399 231.9934 84.96741 22.874429962996985 -41.78533598229879 59.956425 -69.19104 2.5353727 22.87465988160699 -41.78553576711681 22.839357020422767 -41.641562865942774 59.47342976686889 236.26997039758726 5400.0 5400.0 2016.0 1 518 {-999.0 18.595438 17.109884 16.375757 -999.0} sdss_psfmag_gaia 17.97748 16.968208 15.976275 14.208 63050395808839227 1136525223 dark_flexible_3x1 mwm_halo_local_high_boss_triple mwm_halo science 0 0 0.0 0.0 -999 ""
FIBERMAP 197 R0C13 METROLOGY 0 0 0 1 0 0 -37.688949744093705 -6.220507438726793 143.1 -7.41156742052787 -37.47094575964033 231.9934 84.96741 -999.0 -999.0 -999.0 -999.0 -999.0 22.8751228655758 -41.7832884015103 22.839775573992824 -41.6393246629564 59.47424896054446 236.27411712918087 -999.0 6231.0 -999.0 -1 -999 {-999.0 -999.0 -999.0 -999.0 -999.0} "" -999.0 -999.0 -999.0 -999.0 -999 -999 "" "" "" "" 0 0 0.0 0.0 -999 ""
FIBERMAP 213 R+3C1 APOGEE 1 1 0 1 0 0 -243.22091254082565 61.64407708413318 143.1 -143.1284494646513 -206.0685388207465 25.76055 103.7568 22.320768459529827 -42.29196029682522 -19.633078 -18.50431 2.2750027 22.320694440333856 -42.292006881260455 22.285883159765774 -42.147474093694875 58.955078752699926 235.49581202856376 16000.0 16600.0 2016.0 2 3 {-999.0 11.921011 11.478527 11.346917 -999.0} sdss_psfmag_from_g3xp 11.836137 11.507563 11.015427 10.152 63050395808352813 975146315 "" ops_std_apogee ops_std standard_apogee 0 0 0.0 0.0 -999 ""
FIBERMAP 213 R+3C1 BOSS 0 0 0 1 0 0 -242.75556808268877 61.04447749683553 143.1 -142.4036529167121 -205.84342451208556 25.76055 103.7568 -999.0 -999.0 -999.0 -999.0 -999.0 22.323471343877948 -42.291393652888615 22.288822954188845 -42.14683301082249 58.957348007498545 235.49602685172704 -999.0 5400.0 -999.0 1 3 {-999.0 -999.0 -999.0 -999.0 -999.0} "" -999.0 -999.0 -999.0 -999.0 -999 -999 "" "" "" "" 0 0 0.0 0.0 -999 ""
FIBERMAP 213 R+3C1 METROLOGY 0 0 0 1 0 0 -243.49565746675512 60.94787827544815 143.1 -142.57311486802467 -206.57025987542147 25.76055 103.7568 -999.0 -999.0 -999.0 -999.0 -999.0 22.322787724484986 -42.293604316805535 22.288089885135435 -42.14905118462812 58.956298247934534 235.49209377145934 -999.0 6231.0 -999.0 -1 -999 {-999.0 -999.0 -999.0 -999.0 -999.0} "" -999.0 -999.0 -999.0 -999.0 -999 -999 "" "" "" "" 0 0 0.0 0.0 -999 ""
FIBERMAP 216 R-9C18 APOGEE 0 0 0 1 0 0 174.72555347598367 -178.1724033887501 143.1 228.1744981665768 101.01724297457255 214.3971 93.428825 -999.0 -999.0 -999.0 -999.0 -999.0 23.82479471560571 -41.359256083357565 23.787604563466004 -41.21625470260644 60.26360564550961 236.76596038777515 -999.0 16600.0 -999.0 2 192 {-999.0 -999.0 -999.0 -999.0 -999.0} "" -999.0 -999.0 -999.0 -999.0 -999 -999 "" ops_sky_apogee_best_unassigned ops_sky sky_apogee 0 0 0.0 0.0 -999 ""
FIBERMAP 216 R-9C18 BOSS 1 1 0 1 0 0 174.383902699855 -177.48305601080872 143.1 227.40911341616945 100.93945487965904 214.3971 93.428825 23.821583056731022 -41.35954973675397 -999.0 -999.0 -999.0 23.821596418960105 -41.35953291334671 23.784572082745797 -41.21649997738558 60.261330280468385 236.7665527970776 5400.0 5400.0 2016.0 1 265 {-999.0 -999.0 -999.0 -999.0 -999.0} "" -999.0 -999.0 -999.0 -999.0 63050397330114932 1128035655 dark_flexible_3x1 bhm_csc_boss_d3 bhm_csc science 0 0 0.0 0.0 -999 ""
FIBERMAP 216 R-9C18 METROLOGY 0 0 0 1 0 0 175.1167288517768 -177.53829398064195 143.1 227.71818288806008 101.60616807474548 214.3971 93.428825 -999.0 -999.0 -999.0 -999.0 -999.0 23.822893058279984 -41.35748348529521 23.785823851815394 -41.214460305951796 60.262721839827776 236.7701083100214 -999.0 6231.0 -999.0 -1 -999 {-999.0 -999.0 -999.0 -999.0 -999.0} "" -999.0 -999.0 -999.0 -999.0 -999 -999 "" "" "" "" 0 0 0.0 0.0 -999 ""
FIBERMAP 223 R-7C9 APOGEE 0 0 0 1 0 0 -36.60161431219777 -127.74465975267799 143.1 106.74778132001225 -79.12957646725307 65.622345 153.85205 -999.0 -999.0 -999.0 -999.0 -999.0 23.340852156673762 -41.9083069421546 23.304016329069213 -41.76474399690388 59.781566525096196 235.87157730817157 -999.0 16600.0 -999.0 2 186 {-999.0 -999.0 -999.0 -999.0 -999.0} "" -999.0 -999.0 -999.0 -999.0 -999 -999 "" ops_sky_apogee_best_unassigned ops_sky sky_apogee 0 0 0.0 0.0 -999 ""
FIBERMAP 223 R-7C9 BOSS 1 1 0 1 0 0 -36.023940144970005 -127.25557290265937 143.1 106.49273836366497 -78.41696987195508 65.622345 153.85205 23.339705213006315 -41.90620790139531 -0.36796182 0.6530251 -1.3821495 23.339705869430322 -41.90622016900889 23.30303865370604 -41.76262659030817 59.78136920955589 235.87600957429038 5400.0 5400.0 2016.0 1 380 {-999.0 20.771347 20.673811 20.518637 20.498943} sdss_psfmag_from_gaiadr2 20.535378 20.69592 20.30746 -999.0 63050395808838681 1130401396 dark_flexible_3x1 bhm_gua_dark_d3 bhm_filler science 0 0 0.0 0.0 -999 ""
FIBERMAP 223 R-7C9 METROLOGY 0 0 0 1 0 0 -35.89540273922569 -127.99896537828191 143.1 107.23388225975577 -78.5576895377741 65.622345 153.85205 -999.0 -999.0 -999.0 -999.0 -999.0 23.34278822716306 -41.906630280653786 23.3060665170525 -41.76304786965989 59.783459566418514 235.87411545928663 -999.0 6231.0 -999.0 -1 -999 {-999.0 -999.0 -999.0 -999.0 -999.0} "" -999.0 -999.0 -999.0 -999.0 -999 -999 "" "" "" "" 0 0 0.0 0.0 -999 ""
FIBERMAP 224 R+2C5 APOGEE 0 0 0 1 0 0 -175.8499396111161 52.370716144665984 143.1 -110.7869980729344 -146.24878504802405 83.54699 110.513374 -999.0 -999.0 -999.0 -999.0 -999.0 22.453226032292054 -42.11223701584347 22.418341437061088 -41.96785718517748 59.09267110901433 235.79049258305636 -999.0 16600.0 -999.0 2 23 {-999.0 -999.0 -999.0 -999.0 -999.0} "" -999.0 -999.0 -999.0 -999.0 -999 -999 "" ops_sky_apogee_best_unassigned ops_sky sky_apogee 0 0 0.0 0.0 -999 ""
FIBERMAP 224 R+2C5 BOSS 1 1 0 1 0 0 -175.1010177937813 52.54973637326285 143.1 -110.69160137771227 -145.4847358072595 83.54699 110.513374 22.453399388811317 -42.11001753184184 -999.0 -999.0 -999.0 22.453403364056005 -42.11000744796314 22.418689516475467 -41.96559847795967 59.09344738517055 235.7946527539446 5400.0 5400.0 2016.0 1 34 {-999.0 21.908272 20.57909 20.00939 19.584099} sdss_fiber2mag_from_lsdr10 20.390224 21.209305 18.80075 -999.0 63050395808353209 1131340228 dark_flexible_3x1 bhm_spiders_agn_lsdr10_d3 bhm_spiders science 0 0 0.0 0.0 -999 ""
FIBERMAP 224 R+2C5 METROLOGY 0 0 0 1 0 0 -175.33149391314194 51.82929333296889 143.1 -110.09802176990418 -145.95352405471812 83.54699 110.513374 -999.0 -999.0 -999.0 -999.0 -999.0 22.45584957726271 -42.11144632176283 22.42107973121324 -41.96704753441225 59.094839475007674 235.79110509284016 -999.0 6231.0 -999.0 -1 -999 {-999.0 -999.0 -999.0 -999.0 -999.0} "" -999.0 -999.0 -999.0 -999.0 -999 -999 "" "" "" "" 0 0 0.0 0.0 -999 ""
FIBERMAP 226 R-2C25 APOGEE 0 0 0 1 0 0 257.9969426165068 -56.189820407313974 143.1 143.21090073073677 221.81807622930154 293.09717 49.514965 -999.0 -999.0 -999.0 -999.0 -999.0 23.47822077910708 -40.99653933693672 23.442448482142993 -40.85330856116003 60.091737651524824 237.59498668662263 -999.0 16600.0 -999.0 2 239 {-999.0 -999.0 -999.0 -999.0 -999.0} "" -999.0 -999.0 -999.0 -999.0 -999 -999 "" ops_sky_apogee_best_unassigned ops_sky sky_apogee 0 0 0.0 0.0 -999 ""
FIBERMAP 226 R-2C25 BOSS 1 1 0 1 0 0 257.2426350760184 -55.985508164778416 143.1 142.75471604348422 221.1836026529028 293.09717 49.514965 23.476145668057615 -40.99834189576151 -42.562565 -40.0593 3.8091044 23.47626807553405 -40.99847769023643 23.44065676282395 -40.855217916988146 60.08999987688871 237.5918396420771 5400.0 5400.0 2016.0 1 349 {-999.0 18.621502 16.878963 15.840124 -999.0} sdss_psfmag_gaia 17.782896 16.51043 15.397007 13.296 63050395808842212 1077991564 bright_flexible_2x1 mwm_snc_ext_main_boss mwm_snc science 0 0 0.7982699871063232 0.0 -999 ""
FIBERMAP 226 R-2C25 METROLOGY 0 0 0 1 0 0 257.81967199654673 -55.475161598423846 143.1 142.479544800813 221.9030785757098 293.09717 49.514965 -999.0 -999.0 -999.0 -999.0 -999.0 23.475214516234022 -40.99626887044451 23.43956406817796 -40.853016264978834 60.089671551433995 237.59650960801773 -999.0 6231.0 -999.0 -1 -999 {-999.0 -999.0 -999.0 -999.0 -999.0} "" -999.0 -999.0 -999.0 -999.0 -999 -999 "" "" "" "" 0 0 0.0 0.0 -999 ""
FIBERMAP 229 R+9C7 APOGEE 0 0 0 1 0 0 -69.17374284152157 170.26769130795708 143.1 -183.70616588917758 -4.969879027078975 204.03322 111.39152 -999.0 -999.0 -999.0 -999.0 -999.0 22.159624606011736 -41.682723408684005 22.126119918455572 -41.53819480798702 58.97644052292197 236.69925608684665 -999.0 16600.0 -999.0 2 133 {-999.0 -999.0 -999.0 -999.0 -999.0} "" -999.0 -999.0 -999.0 -999.0 -999 -999 "" ops_sky_apogee_best_unassigned ops_sky sky_apogee 0 0 0.0 0.0 -999 ""
FIBERMAP 229 R+9C7 BOSS 1 1 0 1 0 0 -69.716701528972 170.77314800682845 143.1 -184.37007719896866 -5.300720930841015 204.03322 111.39152 22.15667724609375 -41.683761360768415 -999.0 -999.0 -999.0 22.15668019852083 -41.68374018220553 22.123349706403303 -41.53918108323221 58.97420307555663 236.69825526917836 5400.0 5400.0 2015.5 1 123 {-999.0 -999.0 -999.0 -999.0 -999.0} "" -999.0 -999.0 -999.0 -999.0 27021603161215722 821816551 "" ops_sky_boss_good ops_sky sky_boss 0 0 0.0 0.0 -999 ""
FIBERMAP 229 R+9C7 METROLOGY 0 0 0 1 0 0 -69.0035095446498 170.99199688329668 143.1 -184.32451778760156 -4.556136937473494 204.03322 111.39152 -999.0 -999.0 -999.0 -999.0 -999.0 22.156902141306265 -41.681476646313826 22.12352669445886 -41.536926136083636 58.97481871310987 236.70247187799066 -999.0 6231.0 -999.0 -1 -999 {-999.0 -999.0 -999.0 -999.0 -999.0} "" -999.0 -999.0 -999.0 -999.0 -999 -999 "" "" "" "" 0 0 0.0 0.0 -999 ""
FIBERMAP 230 R+10C2 APOGEE 0 0 0 1 0 0 -167.52664891101642 199.0221876677425 143.1 -245.16709708632652 -86.95524506929561 144.42351 126.218025 -999.0 -999.0 -999.0 -999.0 -999.0 21.908687014318083 -41.929039092052854 21.87546536539128 -41.78424639468263 58.74022898993081 236.31343232816266 -999.0 16600.0 -999.0 2 -999 {-999.0 -999.0 -999.0 -999.0 -999.0} "" -999.0 -999.0 -999.0 -999.0 -999 -999 "" "" "" "" 0 0 0.0 0.0 -999 ""
FIBERMAP 230 R+10C2 BOSS 1 1 0 1 0 0 -167.5654480736894 199.7463070238622 143.1 -245.85868231354956 -86.73727589757324 144.42351 126.218025 21.90570764014627 -41.92838029868142 -999.0 -999.0 -999.0 21.905724308427963 -41.92838375554439 21.872681499592886 -41.78356034478335 58.738353167372516 236.3155962811058 5400.0 5400.0 2016.0 1 18 {-999.0 22.25249 22.071527 21.584772 21.199572} sdss_fiber2mag_from_lsdr10 1e+20 1e+20 1e+20 -999.0 63050397329797692 1131340221 dark_flexible_3x1 bhm_spiders_agn_lsdr10_d3 bhm_spiders science 0 0 0.0 0.0 -999 ""
FIBERMAP 230 R+10C2 METROLOGY 0 0 0 1 0 0 -166.89738162869682 199.42656484835263 143.1 -245.32471187168434 -86.22408240561275 144.42351 126.218025 -999.0 -999.0 -999.0 -999.0 -999.0 21.907883439842912 -41.92686100045332 21.874789020476157 -41.782047770520734 58.740217121621114 236.3177792376115 -999.0 6231.0 -999.0 -1 -999 {-999.0 -999.0 -999.0 -999.0 -999.0} "" -999.0 -999.0 -999.0 -999.0 -999 -999 "" "" "" "" 0 0 0.0 0.0 -999 ""
FIBERMAP 231 R+2C20 APOGEE 0 0 0 1 0 0 152.92333992940073 56.420417288018456 143.1 0.8795148468481501 162.9887517578664 137.57985 75.56964 -999.0 -999.0 -999.0 -999.0 -999.0 22.908063465179456 -41.17515954370294 22.87342892721159 -41.03138466460405 59.633656183509416 237.43297056181024 -999.0 16600.0 -999.0 2 -999 {-999.0 -999.0 -999.0 -999.0 -999.0} "" -999.0 -999.0 -999.0 -999.0 -999 -999 "" "" "" "" 0 0 0.0 0.0 -999 ""
FIBERMAP 231 R+2C20 BOSS 1 1 0 1 0 0 153.53070355192912 56.84713016759144 143.1 0.6932960777203502 163.70725084194174 137.57985 75.56964 22.907066871571363 -41.172833109717345 16.576803 -31.07102 0.45234618 22.907147044087154 -41.172949831701864 22.872680746969536 -41.02914787498491 59.633581897753885 237.43753154098553 5400.0 5400.0 2016.0 1 230 {-999.0 16.470095 16.1435 16.046803 -999.0} sdss_psfmag_gaia 16.430374 16.158178 15.720996 14.949 63050395809808883 975972628 "" ops_std_boss ops_std standard_boss 0 0 0.0 0.0 -999 ""
FIBERMAP 231 R+2C20 METROLOGY 0 0 0 1 0 0 153.6002135486144 56.102077343291654 143.1 1.4152653332712046 163.51068343694382 137.57985 75.56964 -999.0 -999.0 -999.0 -999.0 -999.0 22.910103465629568 -41.17351406762436 22.875582883951495 -41.02972213885154 59.635598315645254 237.43549791110757 -999.0 6231.0 -999.0 -1 -999 {-999.0 -999.0 -999.0 -999.0 -999.0} "" -999.0 -999.0 -999.0 -999.0 -999 -999 "" "" "" "" 0 0 0.0 0.0 -999 ""
FIBERMAP 232 R+13C3 APOGEE 0 0 0 1 0 0 -79.91548061189275 257.55077181199664 143.1 -269.1975839819752 15.625053172759845 80.79023 32.73232 -999.0 -999.0 -999.0 -999.0 -999.0 21.8161070717008 -41.617970656662315 21.78356578064978 -41.473172852174656 58.73953219267203 236.92733287056683 -999.0 16600.0 -999.0 2 54 {-999.0 -999.0 -999.0 -999.0 -999.0} "" -999.0 -999.0 -999.0 -999.0 -999 -999 "" ops_sky_apogee_best_unassigned ops_sky sky_apogee 0 0 0.0 0.0 -999 ""
FIBERMAP 232 R+13C3 BOSS 1 1 0 1 0 0 -79.72183752789513 256.8431297839914 143.1 -268.467047887596 15.557843756485333 80.79023 32.73232 21.81884765625 -41.618238941365234 -999.0 -999.0 -999.0 21.818870012302245 -41.61822549391868 21.78649121153495 -41.47340275672138 58.74162799218038 236.9260187602389 5400.0 5400.0 2015.5 1 91 {-999.0 -999.0 -999.0 -999.0 -999.0} "" -999.0 -999.0 -999.0 -999.0 27021603161216380 814039868 "" ops_sky_boss_good ops_sky sky_boss 0 0 0.0 0.0 -999 ""
FIBERMAP 232 R+13C3 METROLOGY 0 0 0 1 0 0 -80.42433049107538 257.0198965696251 143.1 -268.87924686613627 14.962208428077306 80.79023 32.73232 -999.0 -999.0 -999.0 -999.0 -999.0 21.817168311542925 -41.62000193427395 21.784743176080212 -41.475185085971596 58.73997535509014 236.92318593029333 -999.0 6231.0 -999.0 -1 -999 {-999.0 -999.0 -999.0 -999.0 -999.0} "" -999.0 -999.0 -999.0 -999.0 -999 -999 "" "" "" "" 0 0 0.0 0.0 -999 ""
FIBERMAP 234 R+3C20 APOGEE 0 0 0 1 0 0 165.67077242538952 66.83011438569088 143.1 -4.389985458621141 178.5792495917619 63.555714 152.22453 -999.0 -999.0 -999.0 -999.0 -999.0 22.88678063945867 -41.12806980054701 22.85226900375494 -40.98428723022893 59.628061769719196 237.53071181839783 -999.0 16600.0 -999.0 2 69 {-999.0 -999.0 -999.0 -999.0 -999.0} "" -999.0 -999.0 -999.0 -999.0 -999 -999 "" ops_sky_apogee_best_unassigned ops_sky sky_apogee 0 0 0.0 0.0 -999 ""
FIBERMAP 234 R+3C20 BOSS 1 1 0 1 0 0 166.29147838282887 67.24925665061544 143.1 -4.564430668503305 179.30758185708856 63.555714 152.22453 22.88589477539062 -41.12582577213746 -999.0 -999.0 -999.0 22.885910940104775 -41.12583492959948 22.851567436603204 -40.98202553327087 59.62802279979551 237.53530536774608 5400.0 5400.0 2015.5 1 224 {-999.0 -999.0 -999.0 -999.0 -999.0} "" -999.0 -999.0 -999.0 -999.0 27021603161556283 814091347 "" ops_sky_boss_good ops_sky sky_boss 0 0 0.0 0.0 -999 ""
FIBERMAP 234 R+3C20 METROLOGY 0 0 0 1 0 0 166.35185191504226 66.50897648522748 143.1 -3.8501383636376674 179.1041364532535 63.555714 152.22453 -999.0 -999.0 -999.0 -999.0 -999.0 22.88883224101385 -41.12641638045439 22.854434532040727 -40.98261691699668 59.63001303017109 237.5332562382324 -999.0 6231.0 -999.0 -1 -999 {-999.0 -999.0 -999.0 -999.0 -999.0} "" -999.0 -999.0 -999.0 -999.0 -999 -999 "" "" "" "" 0 0 0.0 0.0 -999 ""
FIBERMAP 243 R-11C12 APOGEE 1 1 0 1 0 0 97.71655549644578 -209.94403504948707 143.1 230.87692830355186 17.759734222403534 58.104134 59.053226 23.840188216663208 -41.61104577237503 8.88944 -0.6234734 1.1394125 23.840176466431718 -41.611047786931934 23.80255084697933 -41.46800236936241 60.214805349744594 236.26789856175475 16000.0 16600.0 2016.0 2 183 {-999.0 12.286214 12.249928 12.311473 -999.0} sdss_psfmag_from_g3xp 12.342205 12.212858 11.988895 11.661 63050395808840430 946514933 bright_1x1 openfibertargets_nov2020_9 open_fiber science 0 0 0.0 0.0 -999 ""
FIBERMAP 243 R-11C12 BOSS 0 0 0 1 0 0 98.09403903674 -210.60291399363624 143.1 231.62637054586355 17.881770748627474 58.104134 59.053226 -999.0 -999.0 -999.0 -999.0 -999.0 23.843072368105368 -41.610679013999686 23.80559900714161 -41.46760675888118 60.217117455495355 236.267563762128 -999.0 5400.0 -999.0 1 376 {-999.0 -999.0 -999.0 -999.0 -999.0} "" -999.0 -999.0 -999.0 -999.0 -999 -999 "" "" "" "" 0 0 0.0 0.0 -999 ""
FIBERMAP 243 R-11C12 METROLOGY 0 0 0 1 0 0 97.35286615739759 -210.60303539581324 143.1 231.3662003293767 17.18780188105819 58.104134 59.053226 -999.0 -999.0 -999.0 -999.0 -999.0 23.842156092836174 -41.612777242678135 23.80463667319549 -41.46971204137058 60.215910328042035 236.2638000990515 -999.0 6231.0 -999.0 -1 -999 {-999.0 -999.0 -999.0 -999.0 -999.0} "" -999.0 -999.0 -999.0 -999.0 -999 -999 "" "" "" "" 0 0 0.0 0.0 -999 ""
FIBERMAP 244 R-4C15 APOGEE 0 0 0 1 0 0 63.104526468122245 -91.44089524383702 143.1 107.77286818632173 26.969814946754447 263.34592 107.80221 -999.0 -999.0 -999.0 -999.0 -999.0 23.342483639006996 -41.58635702632661 23.306142287931493 -41.442869528671956 59.859254671912666 236.49293453318833 -999.0 16600.0 -999.0 2 199 {-999.0 -999.0 -999.0 -999.0 -999.0} "" -999.0 -999.0 -999.0 -999.0 -999 -999 "" ops_sky_apogee_best_unassigned ops_sky sky_apogee 0 0 0.0 0.0 -999 ""
FIBERMAP 244 R-4C15 BOSS 1 1 0 1 0 0 62.366273926312104 -91.5647913824972 143.1 107.62960814817465 26.2351132479553 263.34592 107.80221 23.341827392578125 -41.588619710819984 -999.0 -999.0 -999.0 23.34183782664409 -41.5886037655143 23.30565615899428 -41.44508628983244 59.85838583188553 236.48880873078068 5400.0 5400.0 2015.5 1 280 {-999.0 -999.0 -999.0 -999.0 -999.0} "" -999.0 -999.0 -999.0 -999.0 27021603160872736 821783100 "" ops_sky_boss_good ops_sky sky_boss 0 0 0.0 0.0 -999 ""
FIBERMAP 244 R-4C15 METROLOGY 0 0 0 1 0 0 62.63336987117675 -90.8609852074107 143.1 107.06446496601241 26.732344454346325 263.34592 107.80221 -999.0 -999.0 -999.0 -999.0 -999.0 23.3395941362065 -41.58709365319323 23.303374650337503 -41.443582724007676 59.857071161224596 236.492511522758 -999.0 6231.0 -999.0 -1 -999 {-999.0 -999.0 -999.0 -999.0 -999.0} "" -999.0 -999.0 -999.0 -999.0 -999 -999 "" "" "" "" 0 0 0.0 0.0 -999 ""
FIBERMAP 249 R+8C6 APOGEE 0 0 0 1 0 0 -96.68362365762785 161.32331324513356 143.1 -184.99282917043246 -33.86719301021243 100.687164 150.57104 -999.0 -999.0 -999.0 -999.0 -999.0 22.15358200861241 -41.77027367632731 22.119965563047856 -41.6257200507573 58.95296616496782 236.53546682584752 -999.0 16600.0 -999.0 2 -999 {-999.0 -999.0 -999.0 -999.0 -999.0} "" -999.0 -999.0 -999.0 -999.0 -999 -999 "" "" "" "" 0 0 0.0 0.0 -999 ""
FIBERMAP 249 R+8C6 BOSS 1 1 0 1 0 0 -96.4586782324816 162.00742322067262 143.1 -185.55433405330047 -33.416342284802596 100.687164 150.57104 22.151078732562162 -41.768960325646766 -1.111265 3.668861 0.5781463 22.151073984127535 -41.768931781283484 22.117634356024382 -41.624348243941284 58.95156449806117 236.538799181496 5400.0 5400.0 2016.0 1 79 {-999.0 21.002104 20.901236 20.755682 20.732864} sdss_psfmag_from_gaiadr2 20.537903 20.915808 20.28012 -999.0 63050395809334223 1130412913 dark_flexible_3x1 bhm_gua_dark_d3 bhm_filler science 0 0 0.0 0.0 -999 ""
FIBERMAP 249 R+8C6 METROLOGY 0 0 0 1 0 0 -95.94704633459834 161.4535133372794 143.1 -184.8560595359116 -33.13184592998418 100.687164 150.57104 -999.0 -999.0 -999.0 -999.0 -999.0 22.153922522892703 -41.768083376464325 22.120429126811132 -41.62351037903942 58.953786037448886 236.53950182809893 -999.0 6231.0 -999.0 -1 -999 {-999.0 -999.0 -999.0 -999.0 -999.0} "" -999.0 -999.0 -999.0 -999.0 -999 -999 "" "" "" "" 0 0 0.0 0.0 -999 ""
FIBERMAP 253 R+5C3 APOGEE 0 0 0 1 0 0 -185.42356123173732 113.97319829358823 143.1 -171.8246305433747 -133.5786697140603 105.96681 78.37362 -999.0 -999.0 -999.0 -999.0 -999.0 22.204747515257875 -42.072482155450935 22.17055896963967 -41.92790227333632 58.92248772325327 235.94822174607236 -999.0 16600.0 -999.0 2 19 {-999.0 -999.0 -999.0 -999.0 -999.0} "" -999.0 -999.0 -999.0 -999.0 -999 -999 "" ops_sky_apogee_best_unassigned ops_sky sky_apogee 0 0 0.0 0.0 -999 ""
FIBERMAP 253 R+5C3 BOSS 1 1 0 1 0 0 -184.68738587585014 114.06331129449414 143.1 -171.65047036280015 -132.85777669641456 105.96681 78.37362 22.205224866802016 -42.070371548590344 -999.0 -999.0 -999.0 22.205249945809314 -42.07036564139088 22.171232333370142 -41.92575732152336 58.92346278561616 235.9520480677287 5400.0 5400.0 2016.0 1 28 {-999.0 -999.0 -999.0 -999.0 -999.0} "" -999.0 -999.0 -999.0 -999.0 63050396614239064 1115923435 dark_1x1 openfibertargets_bhm_racsradio_boss open_fiber science 0 0 0.0 0.0 -999 ""
FIBERMAP 253 R+5C3 METROLOGY 0 0 0 1 0 0 -184.98963390538165 113.36680170320864 143.1 -171.10450328960263 -133.38535678794076 105.96681 78.37362 -999.0 -999.0 -999.0 -999.0 -999.0 22.20747361155869 -42.071987977262786 22.17339998279124 -41.92738945476328 58.92466264132958 235.94825905005956 -999.0 6231.0 -999.0 -1 -999 {-999.0 -999.0 -999.0 -999.0 -999.0} "" -999.0 -999.0 -999.0 -999.0 -999 -999 "" "" "" "" 0 0 0.0 0.0 -999 ""
FIBERMAP 255 R-5C11 APOGEE 1 1 0 1 0 0 -15.412431128483476 -87.88654286268321 143.1 76.87163400474141 -45.293806045751694 88.68021 141.85356 23.218449777236565 -41.806255085510266 27.9388 10.275255 2.497967 23.218566775330988 -41.8062267609756 23.18219825774412 -41.66257901795193 59.71764163396344 236.11159277917463 16000.0 16600.0 2016.0 2 170 {-999.0 12.015662 11.678495 11.594861 -999.0} sdss_psfmag_from_g3xp 11.96778 11.695126 11.266927 10.549 63050395808838748 975149829 "" ops_std_apogee ops_std standard_apogee 0 0 0.0 0.0 -999 ""
FIBERMAP 255 R-5C11 BOSS 0 0 0 1 0 0 -14.908824033900338 -87.3071554354014 143.1 76.50603599868569 -44.618833450490136 88.68021 141.85356 -999.0 -999.0 -999.0 -999.0 -999.0 23.216963248691094 -41.804239300620395 23.18076467044648 -41.660561038555734 59.71707750971763 236.1159829929797 -999.0 5400.0 -999.0 1 409 {-999.0 -999.0 -999.0 -999.0 -999.0} "" -999.0 -999.0 -999.0 -999.0 -999 -999 "" "" "" "" 0 0 0.0 0.0 -999 ""
FIBERMAP 255 R-5C11 METROLOGY 0 0 0 1 0 0 -14.666152718697173 -88.00624636583144 143.1 77.2457837459637 -44.63713701808678 88.68021 141.85356 -999.0 -999.0 -999.0 -999.0 -999.0 23.220030633128697 -41.804278803955164 23.18377809098729 -41.6606116142834 59.719253200889185 236.11483117740124 -999.0 6231.0 -999.0 -1 -999 {-999.0 -999.0 -999.0 -999.0 -999.0} "" -999.0 -999.0 -999.0 -999.0 -999 -999 "" "" "" "" 0 0 0.0 0.0 -999 ""
FIBERMAP 266 R-11C1 APOGEE 0 0 0 1 0 0 -186.97651019692188 -224.4854426458462 143.1 144.51333721109674 -253.89197680226818 282.35672 23.638538 -999.0 -999.0 -999.0 -999.0 -999.0 23.49817772989927 -42.434653321596215 23.460112612281705 -42.29110955887232 59.762353084906174 234.80164750150996 -999.0 16600.0 -999.0 2 260 {-999.0 -999.0 -999.0 -999.0 -999.0} "" -999.0 -999.0 -999.0 -999.0 -999 -999 "" ops_sky_apogee_best_unassigned ops_sky sky_apogee 0 0 0.0 0.0 -999 ""
FIBERMAP 266 R-11C1 BOSS 1 1 0 1 0 0 -187.32410012194694 -223.8129093962908 143.1 143.76160905869696 -253.9812302084926 282.35672 23.638538 23.494968222372957 -42.43496995690561 -0.43738368 -1.4107863 0.3100213 23.49491920975715 -42.43494832098093 23.45702520835897 -42.29136927842387 59.760079703369094 234.80232145405108 5400.0 5400.0 2016.0 1 354 {-999.0 17.86673 17.485111 17.366247 -999.0} sdss_psfmag_gaia 17.814785 17.507225 17.045887 16.426 63050395808834312 977152263 "" ops_std_boss ops_std standard_boss 0 0 0.0 0.0 -999 ""
FIBERMAP 266 R-11C1 METROLOGY 0 0 0 1 0 0 -186.56746001533153 -223.865681585648 143.1 144.07673287888719 -253.29135516914727 282.35672 23.638538 -999.0 -999.0 -999.0 -999.0 -999.0 23.496284103513634 -42.43291181385881 23.45834356916339 -42.28934361762294 59.76154530970869 234.80570664711604 -999.0 6231.0 -999.0 -1 -999 {-999.0 -999.0 -999.0 -999.0 -999.0} "" -999.0 -999.0 -999.0 -999.0 -999 -999 "" "" "" "" 0 0 0.0 0.0 -999 ""
FIBERMAP 267 R-9C2 APOGEE 0 0 0 1 0 0 -178.9512152896657 -158.78835013654384 143.1 85.82246725227101 -223.3068630850802 167.49234 64.71475 -999.0 -999.0 -999.0 -999.0 -999.0 23.257793362155144 -42.34452915847014 23.220488544135605 -42.20079241808181 59.61389207740993 235.0643701739529 -999.0 16600.0 -999.0 2 -999 {-999.0 -999.0 -999.0 -999.0 -999.0} "" -999.0 -999.0 -999.0 -999.0 -999 -999 "" "" "" "" 0 0 0.0 0.0 -999 ""
FIBERMAP 267 R-9C2 BOSS 1 1 0 1 0 0 -178.54481123799258 -158.19954814840455 143.1 85.41391921825124 -222.71959105855362 167.49234 64.71475 23.255991577095276 -42.342837811157345 -0.22768036 -0.05752568 0.025101358 23.255964067279383 -42.34282991942717 23.218830830144782 -42.199060291422384 59.61313996637273 235.0682956387854 5400.0 5400.0 2016.0 1 457 {-999.0 18.906427 18.753263 18.620161 18.540844} sdss_psfmag_from_gaiadr2 18.899834 18.744741 18.376398 16.41 63050395808834160 1130401277 dark_flexible_3x1 bhm_gua_dark_d3 bhm_filler science 0 0 0.0 0.0 -999 ""
FIBERMAP 267 R-9C2 METROLOGY 0 0 0 1 0 0 -178.20797404711377 -158.87255626557229 143.1 86.16231583986115 -222.64057170824861 167.49234 64.71475 -999.0 -999.0 -999.0 -999.0 -999.0 23.25909185572235 -42.34260292219544 23.221904387205086 -42.1988450805154 59.61539770100946 235.06757351104275 -999.0 6231.0 -999.0 -1 -999 {-999.0 -999.0 -999.0 -999.0 -999.0} "" -999.0 -999.0 -999.0 -999.0 -999 -999 "" "" "" "" 0 0 0.0 0.0 -999 ""
FIBERMAP 274 R+2C17 APOGEE 0 0 0 1 0 0 75.90193251295628 51.37907943212031 143.1 -21.448763236235813 89.10672548654577 176.6003 70.80366 -999.0 -999.0 -999.0 -999.0 -999.0 22.81804768684212 -41.3989598653134 22.78330340118856 -41.2550556244809 59.51911651691183 237.03060256469394 -999.0 16600.0 -999.0 2 61 {-999.0 -999.0 -999.0 -999.0 -999.0} "" -999.0 -999.0 -999.0 -999.0 -999 -999 "" ops_sky_apogee_best_unassigned ops_sky sky_apogee 0 0 0.0 0.0 -999 ""
FIBERMAP 274 R+2C17 BOSS 1 1 0 1 0 0 76.26295265159808 52.042324180303126 143.1 -21.942946466631202 89.6776493198583 176.6003 70.80366 22.81585693359375 -41.39720157898125 -999.0 -999.0 -999.0 22.815867103070527 -41.39720521393637 22.781294690334335 -41.2532719599596 59.51803198175169 237.03468372152494 5400.0 5400.0 2015.5 1 207 {-999.0 -999.0 -999.0 -999.0 -999.0} "" -999.0 -999.0 -999.0 -999.0 27021603161555962 814091343 "" ops_sky_boss_good ops_sky sky_boss 0 0 0.0 0.0 -999 ""
FIBERMAP 274 R+2C17 METROLOGY 0 0 0 1 0 0 76.64663958792664 51.391095532422824 143.1 -21.19848834798653 89.80818042031241 176.6003 70.80366 -999.0 -999.0 -999.0 -999.0 -999.0 22.818924326552096 -41.39679218090308 22.784298455084922 -41.252869465712145 59.5203236369686 237.03448674882483 -999.0 6231.0 -999.0 -1 -999 {-999.0 -999.0 -999.0 -999.0 -999.0} "" -999.0 -999.0 -999.0 -999.0 -999 -999 "" "" "" "" 0 0 0.0 0.0 -999 ""
FIBERMAP 280 R-3C15 APOGEE 0 0 0 1 0 0 54.8117840038742 -67.37918688129943 143.1 82.33276052745074 27.65565124134608 226.65599 148.14333 -999.0 -999.0 -999.0 -999.0 -999.0 23.23932968006972 -41.584686420284974 23.203249505098597 -41.44110790162834 59.784619624885515 236.5318112061087 -999.0 16600.0 -999.0 2 -999 {-999.0 -999.0 -999.0 -999.0 -999.0} "" -999.0 -999.0 -999.0 -999.0 -999 -999 "" "" "" "" 0 0 0.0 0.0 -999 ""
FIBERMAP 280 R-3C15 BOSS 1 1 0 1 0 0 54.06049319295655 -67.55637495556539 143.1 82.23481653071765 26.89002743331168 226.65599 148.14333 23.238830566406246 -41.58706118043514 -999.0 -999.0 -999.0 23.23885032827168 -41.58702493454003 23.20292984614474 -41.44341669565829 59.783854686910814 236.52745651159665 5400.0 5400.0 2015.5 1 328 {-999.0 -999.0 -999.0 -999.0 -999.0} "" -999.0 -999.0 -999.0 -999.0 27021603160872748 821783102 "" ops_sky_boss_good ops_sky sky_boss 0 0 0.0 0.0 -999 ""
FIBERMAP 280 R-3C15 METROLOGY 0 0 0 1 0 0 54.28613070985876 -66.84703386638097 143.1 81.64993195895273 27.35038675377809 226.65599 148.14333 -999.0 -999.0 -999.0 -999.0 -999.0 23.236523928589275 -41.58562488760442 23.200565503202654 -41.44202307048545 59.78245094296218 236.53096225566958 -999.0 6231.0 -999.0 -1 -999 {-999.0 -999.0 -999.0 -999.0 -999.0} "" -999.0 -999.0 -999.0 -999.0 -999 -999 "" "" "" "" 0 0 0.0 0.0 -999 ""
FIBERMAP 284 R-1C5 APOGEE 0 0 0 1 0 0 -206.10634464486853 -31.43745033343248 143.1 -42.94664363934316 -204.00808670874113 265.0831 60.47126 -999.0 -999.0 -999.0 -999.0 -999.0 22.7303293719601 -42.287470100960526 22.694469083271883 -42.14328668544959 59.250290784443315 235.3631263098875 -999.0 16600.0 -999.0 2 281 {-999.0 -999.0 -999.0 -999.0 -999.0} "" -999.0 -999.0 -999.0 -999.0 -999 -999 "" ops_sky_apogee_best_unassigned ops_sky sky_apogee 0 0 0.0 0.0 -999 ""
FIBERMAP 284 R-1C5 BOSS 1 1 0 1 0 0 -206.62382911735574 -30.89755071889588 143.1 -43.63385628101397 -204.3029826645195 265.0831 60.47126 22.72734273920276 -42.28843321269579 -999.0 -999.0 -999.0 22.72733414082099 -42.288435531050624 22.691647023049825 -42.14421850408412 59.24803518548009 235.362346624726 5400.0 5400.0 2015.5 1 462 {-999.0 -999.0 -999.0 -999.0 -999.0} "" -999.0 -999.0 -999.0 -999.0 27021603160871151 813986710 "" ops_sky_boss_good ops_sky sky_boss 0 0 0.0 0.0 -999 ""
FIBERMAP 284 R-1C5 METROLOGY 0 0 0 1 0 0 -205.92286990063874 -30.717863237047382 143.1 -43.55592773211801 -203.58360428593204 265.0831 60.47126 -999.0 -999.0 -999.0 -999.0 -999.0 22.727691558443134 -42.28628866343917 22.691959472424173 -42.142081173694145 59.24877631361646 235.3662934209114 -999.0 6231.0 -999.0 -1 -999 {-999.0 -999.0 -999.0 -999.0 -999.0} "" -999.0 -999.0 -999.0 -999.0 -999 -999 "" "" "" "" 0 0 0.0 0.0 -999 ""
FIBERMAP 286 R-5C13 APOGEE 0 0 1 1 0 0 34.43710467883283 -89.34546284053631 143.1 95.74363245602869 0.865690933198836 9.531998 170.19856 -999.0 -999.0 -999.0 -999.0 -999.0 23.294340427923697 -41.66579825107357 23.257997420383106 -41.52224977848603 59.80570143800233 236.35601648056303 -999.0 16600.0 -999.0 2 162 {-999.0 -999.0 -999.0 -999.0 -999.0} "" -999.0 -999.0 -999.0 -999.0 -999 -999 "" ops_sky_apogee_best_unassigned ops_sky sky_apogee 0 0 0.0 0.0 -999 ""
FIBERMAP 286 R-5C13 BOSS 1 0 1 1 0 0 35.17635564482763 -89.33082249191972 143.1 95.98953431329957 1.5629591411608414 9.531998 170.19856 23.345947265625 -41.652551896581684 -999.0 -999.0 -999.0 23.29523292799046 -41.663705529321305 23.259052899675112 -41.520129210132325 59.80696491945925 236.35974959895927 5400.0 5400.0 2015.5 1 392 {-999.0 -999.0 -999.0 -999.0 -999.0} "" -999.0 -999.0 -999.0 -999.0 27021603160871853 813986823 "" ops_sky_boss_good ops_sky sky_boss 0 0 0.0 0.0 -999 ""
FIBERMAP 286 R-5C13 METROLOGY 0 0 1 1 0 0 34.81745893309559 -89.98487230919558 143.1 96.47585445244893 0.997252436047075 9.531998 170.19856 -999.0 -999.0 -999.0 -999.0 -999.0 23.29727851677993 -41.66540623478136 23.261044812995635 -41.521839583167015 59.80801573310016 236.35575023721665 -999.0 6231.0 -999.0 -1 -999 {-999.0 -999.0 -999.0 -999.0 -999.0} "" -999.0 -999.0 -999.0 -999.0 -999 -999 "" "" "" "" 0 0 0.0 0.0 -999 ""
FIBERMAP 290 R+8C13 APOGEE 0 0 0 1 0 0 50.12859897870102 158.73948854469327 143.1 -131.01643612366712 102.6789861953097 200.2969 81.50378 -999.0 -999.0 -999.0 -999.0 -999.0 22.3754833495209 -41.35731343548659 22.34190774022278 -41.21304040984218 59.203875405853836 237.2506232767717 -999.0 16600.0 -999.0 2 -999 {-999.0 -999.0 -999.0 -999.0 -999.0} "" -999.0 -999.0 -999.0 -999.0 -999 -999 "" "" "" "" 0 0 0.0 0.0 -999 ""
FIBERMAP 290 R+8C13 BOSS 1 1 0 1 0 0 49.97430808079321 159.48199002338896 143.1 -131.76578988939326 102.79528114664645 200.2969 81.50378 22.371929751376733 -41.35692354899051 0.76635313 -1.7248639 -0.01276519 22.372230835117552 -41.35694032987286 22.338829990330623 -41.21263780749857 59.20169631691019 237.25234183488016 5400.0 5400.0 2016.0 1 157 {-999.0 17.141861 16.28314 15.957535 -999.0} sdss_psfmag_gaia 16.887901 16.32156 15.61198 14.05 63050395809808612 1150805158 dark_flexible_3x1 manual_mwm_halo_distant_kgiant_near_boss_triple mwm_halo science 0 0 0.7633863687515259 0.0 -999 ""
FIBERMAP 290 R+8C13 METROLOGY 0 0 0 1 0 0 50.68622663358484 159.23803605025805 143.1 -131.28737656008883 103.37614653643561 200.2969 81.50378 -999.0 -999.0 -999.0 -999.0 -999.0 22.374201218883613 -41.35516557634844 22.34075094739444 -41.21087273179783 59.203479843070824 237.25511967042542 -999.0 6231.0 -999.0 -1 -999 {-999.0 -999.0 -999.0 -999.0 -999.0} "" -999.0 -999.0 -999.0 -999.0 -999 -999 "" "" "" "" 0 0 0.0 0.0 -999 ""
FIBERMAP 294 R+11C8 APOGEE 0 0 0 1 0 0 -11.246353312308932 204.4579211854497 143.1 -195.37406685859023 61.27175271467229 228.0043 151.72997 -999.0 -999.0 -999.0 -999.0 -999.0 22.114805788477778 -41.48176055845428 22.081704644100512 -41.33724046749603 58.98661938318375 237.09404429678477 -999.0 16600.0 -999.0 2 129 {-999.0 -999.0 -999.0 -999.0 -999.0} "" -999.0 -999.0 -999.0 -999.0 -999 -999 "" ops_sky_apogee_best_unassigned ops_sky sky_apogee 0 0 0.0 0.0 -999 ""
FIBERMAP 294 R+11C8 BOSS 1 1 0 1 0 0 -11.92637050833608 204.1962431726943 143.1 -195.36787704259604 60.54318809069516 228.0043 151.72997 22.11392715547598 -41.48358023152876 57.26367 -132.62889 2.416902 22.11456732040472 -41.48397798254544 22.081631430018263 -41.33943018903904 58.98610698677061 237.08991102286285 5400.0 5400.0 2016.0 1 116 {-999.0 16.061386 15.126736 14.763354 -999.0} sdss_psfmag_gaia 15.7674 15.158383 14.409938 12.832 63050395809334378 1136526669 dark_flexible_3x1 mwm_halo_local_high_boss_triple mwm_halo science 0 0 1.0959200859069824 0.0 -999 ""
FIBERMAP 294 R+11C8 METROLOGY 0 0 0 1 0 0 -11.825860831418202 204.92927843344253 143.1 -196.01888757263816 60.89471682374672 228.0043 151.72997 -999.0 -999.0 -999.0 -999.0 -999.0 22.11197026221855 -41.48288390168253 22.07899492907319 -41.338341851777 58.98439931529133 237.09278104708972 -999.0 6231.0 -999.0 -1 -999 {-999.0 -999.0 -999.0 -999.0 -999.0} "" -999.0 -999.0 -999.0 -999.0 -999 -999 "" "" "" "" 0 0 0.0 0.0 -999 ""
FIBERMAP 300 R-4C2 APOGEE 0 0 0 1 0 0 -238.48827017358883 -63.686379159204066 143.1 -24.125279690667764 -245.65092712795644 186.04256 54.90936 -999.0 -999.0 -999.0 -999.0 -999.0 22.807506452694888 -42.412883099769516 22.771255755420952 -42.2687374389556 59.274842321981204 235.09794167695946 -999.0 16600.0 -999.0 2 -999 {-999.0 -999.0 -999.0 -999.0 -999.0} "" -999.0 -999.0 -999.0 -999.0 -999 -999 "" "" "" "" 0 0 0.0 0.0 -999 ""
FIBERMAP 300 R-4C2 BOSS 1 1 0 1 0 0 -238.12623920164168 -63.01480053706225 143.1 -24.626910562913316 -245.07613022146998 186.04256 54.90936 22.805201325983102 -42.41117439272167 -999.0 -999.0 -999.0 22.805278581343988 -42.41120768833978 22.76920308599938 -42.267029109431235 59.27379090549856 235.10191452411152 5400.0 5400.0 2016.0 1 453 {-999.0 21.486355 21.010155 20.902906 20.850521} sdss_psfmag_from_lsdr10 20.98187 21.03027 20.36595 -999.0 63050395808837727 1131335237 dark_flexible_3x1 bhm_spiders_agn_lsdr10_d3 bhm_spiders science 0 0 0.0 0.0 -999 ""
FIBERMAP 300 R-4C2 METROLOGY 0 0 0 1 0 0 -237.74085876372376 -63.656808883594444 143.1 -23.890490269168176 -244.94077560266126 186.04256 54.90936 -999.0 -999.0 -999.0 -999.0 -999.0 22.808338574791552 -42.41083593325755 22.772208440534826 -42.266668971243206 59.27603511935432 235.10152560314714 -999.0 6231.0 -999.0 -1 -999 {-999.0 -999.0 -999.0 -999.0 -999.0} "" -999.0 -999.0 -999.0 -999.0 -999 -999 "" "" "" "" 0 0 0.0 0.0 -999 ""
FIBERMAP 303 R-1C21 APOGEE 0 0 0 1 0 0 175.0625470954449 -6.693374288332295 143.1 67.74487892613908 161.55247970547595 71.99496 106.123 -999.0 -999.0 -999.0 -999.0 -999.0 23.177420414305484 -41.17907595449423 23.142112393072807 -41.035535967893345 59.830672239038805 237.33825745438963 -999.0 16600.0 -999.0 2 -999 {-999.0 -999.0 -999.0 -999.0 -999.0} "" -999.0 -999.0 -999.0 -999.0 -999 -999 "" "" "" "" 0 0 0.0 0.0 -999 ""
FIBERMAP 303 R-1C21 BOSS 1 1 0 1 0 0 175.81659099317025 -6.70520693372227 143.1 68.02076119325856 162.2543011154052 71.99496 106.123 23.17840576171875 -41.17691338155143 -999.0 -999.0 -999.0 23.17838602201979 -41.176921036897184 23.143240103323933 -41.03335526851376 59.83197727065722 237.3421241133969 5400.0 5400.0 2015.5 1 324 {-999.0 -999.0 -999.0 -999.0 -999.0} "" -999.0 -999.0 -999.0 -999.0 27021603160873248 813986984 "" ops_sky_boss_good ops_sky sky_boss 0 0 0.0 0.0 -999 ""
FIBERMAP 303 R-1C21 METROLOGY 0 0 0 1 0 0 175.4253207168547 -7.347509990159745 143.1 68.48471448256528 161.66240973219612 71.99496 106.123 -999.0 -999.0 -999.0 -999.0 -999.0 23.180324714799205 -41.17867738763601 23.14512564216642 -41.03512060631285 59.832981051954434 237.3380792322315 -999.0 6231.0 -999.0 -1 -999 {-999.0 -999.0 -999.0 -999.0 -999.0} "" -999.0 -999.0 -999.0 -999.0 -999 -999 "" "" "" "" 0 0 0.0 0.0 -999 ""
FIBERMAP 306 R+4C10 APOGEE 0 0 0 1 0 0 -53.34478151559888 73.35636801130266 143.1 -87.41374203075134 -24.18310728023524 172.59843 146.56508 -999.0 -999.0 -999.0 -999.0 -999.0 22.54970012156103 -41.74259511311656 22.515119523421106 -41.59838179662392 59.24715070891324 236.46036156320235 -999.0 16600.0 -999.0 2 -999 {-999.0 -999.0 -999.0 -999.0 -999.0} "" -999.0 -999.0 -999.0 -999.0 -999 -999 "" "" "" "" 0 0 0.0 0.0 -999 ""
FIBERMAP 306 R+4C10 BOSS 1 1 0 1 0 0 -53.90043964496236 73.83923640238567 143.1 -88.06096471136708 -24.53377161503319 172.59843 146.56508 22.54681616360907 -41.74371704732012 -0.116124004 -0.09608146 0.10208707 22.546830623857666 -41.74369581825019 22.51242192712658 -41.5994512854644 59.244945371612886 236.4592050160319 5400.0 5400.0 2016.0 1 76 {-999.0 19.5538 19.251413 19.277077 19.374899} sdss_psfmag_from_lsdr10 19.694355 19.497755 19.124743 -999.0 63050395809808177 1131342758 dark_flexible_3x1 bhm_spiders_agn_lsdr10_d3 bhm_spiders science 0 0 0.0 0.0 -999 ""
FIBERMAP 306 R+4C10 METROLOGY 0 0 0 1 0 0 -53.21198289318835 74.09248127886545 143.1 -88.05629517857476 -23.80026695640635 172.59843 146.56508 -999.0 -999.0 -999.0 -999.0 -999.0 22.546894101364433 -41.74146295888985 22.512441433560014 -41.59722707915647 59.24545678061715 236.46343812359606 -999.0 6231.0 -999.0 -1 -999 {-999.0 -999.0 -999.0 -999.0 -999.0} "" -999.0 -999.0 -999.0 -999.0 -999 -999 "" "" "" "" 0 0 0.0 0.0 -999 ""
FIBERMAP 313 R-10C2 APOGEE 0 0 0 1 0 0 -140.5863032294332 -184.36555493544225 143.1 123.24216018452782 -196.36971334384125 74.031334 67.0577 -999.0 -999.0 -999.0 -999.0 -999.0 23.410375028609486 -42.26241675388532 23.37280788144716 -42.11883423656359 59.743815998358144 235.16509391084463 -999.0 16600.0 -999.0 2 -999 {-999.0 -999.0 -999.0 -999.0 -999.0} "" -999.0 -999.0 -999.0 -999.0 -999 -999 "" "" "" "" 0 0 0.0 0.0 -999 ""
FIBERMAP 313 R-10C2 BOSS 1 1 0 1 0 0 -139.9975426813519 -184.91867267074448 143.1 123.9667789631803 -196.01272677975828 74.031334 67.0577 23.41320552577567 -42.26137288280942 -999.0 -999.0 -999.0 23.41318977984051 -42.26137995487715 23.37578018223485 -42.11776864513807 59.74621821669075 235.16603682081825 5400.0 5400.0 2016.0 1 515 {-999.0 22.002195 21.656403 21.450438 21.278217} sdss_psfmag_from_lsdr10 1e+20 1e+20 1e+20 -999.0 63050398044914992 1131337756 dark_flexible_3x1 bhm_spiders_agn_lsdr10_d3 bhm_spiders science 0 0 0.0 0.0 -999 ""
FIBERMAP 313 R-10C2 METROLOGY 0 0 0 1 0 0 -140.71151612990653 -185.10299642217268 143.1 123.88862082457352 -196.7459179453534 74.031334 67.0577 -999.0 -999.0 -999.0 -999.0 -999.0 23.412956467985452 -42.26361440358512 23.37549772519702 -42.1200113039231 59.74544976776454 235.16183449532025 -999.0 6231.0 -999.0 -1 -999 {-999.0 -999.0 -999.0 -999.0 -999.0} "" -999.0 -999.0 -999.0 -999.0 -999 -999 "" "" "" "" 0 0 0.0 0.0 -999 ""
FIBERMAP 316 R-2C11 APOGEE 0 0 0 1 0 0 -56.30484689642618 -24.32073571223194 143.1 2.9973473068856156 -61.25656653750653 165.08978 71.995995 -999.0 -999.0 -999.0 -999.0 -999.0 22.91776619746782 -41.85541756933523 22.882083641148824 -41.711495137066805 59.48829786517109 236.12145857693844 -999.0 16600.0 -999.0 2 299 {-999.0 -999.0 -999.0 -999.0 -999.0} "" -999.0 -999.0 -999.0 -999.0 -999 -999 "" ops_sky_apogee_best_unassigned ops_sky sky_apogee 0 0 0.0 0.0 -999 ""
FIBERMAP 316 R-2C11 BOSS 1 1 0 1 0 0 -55.91107337883447 -23.67837339150295 143.1 2.5342176153140668 -60.662310671759634 165.08978 71.995995 22.915705800958364 -41.853649120763976 1.5663816 -2.5372884 -0.17731006 22.91571218706703 -41.853682822544904 22.88020206950631 -41.709729616609515 59.48734251444888 236.12548411332597 5400.0 5400.0 2016.0 1 495 {-999.0 20.757519 20.418253 20.316458 -999.0} sdss_psfmag_gaia 20.331343 20.434736 19.608212 -999.0 63050395808839206 1128095379 dark_flexible_3x1 bhm_csc_boss_d3 bhm_csc science 0 0 0.0 0.0 -999 ""
FIBERMAP 316 R-2C11 METROLOGY 0 0 0 1 0 0 -55.55499365461499 -24.347423017211018 143.1 3.2856656439950127 -60.563885281912405 165.08978 71.995995 -999.0 -999.0 -999.0 -999.0 -999.0 22.91882310307847 -41.85337785079102 22.883258904348168 -41.70943574361731 59.48963028356253 236.12500149122127 -999.0 6231.0 -999.0 -1 -999 {-999.0 -999.0 -999.0 -999.0 -999.0} "" -999.0 -999.0 -999.0 -999.0 -999 -999 "" "" "" "" 0 0 0.0 0.0 -999 ""
FIBERMAP 318 R-5C18 APOGEE 0 0 0 1 0 0 148.17869937305517 -83.25993609360718 143.1 129.989619609262 109.49384393671549 86.93476 109.04786 -999.0 -999.0 -999.0 -999.0 -999.0 23.42971372149833 -41.33577558175677 23.39354075866254 -41.192423388028764 59.98054054883177 236.9493107914908 -999.0 16600.0 -999.0 2 216 {-999.0 -999.0 -999.0 -999.0 -999.0} "" -999.0 -999.0 -999.0 -999.0 -999 -999 "" ops_sky_apogee_best_unassigned ops_sky sky_apogee 0 0 0.0 0.0 -999 ""
FIBERMAP 318 R-5C18 BOSS 1 1 0 1 0 0 148.88631520461328 -83.0307004324421 143.1 130.02349612544697 110.23685484760864 86.93476 109.04786 23.429718017578125 -41.333520794000634 -999.0 -999.0 -999.0 23.429728030014726 -41.33351162692645 23.393718849282152 -41.19013194538743 59.98118953869222 236.95371164556997 5400.0 5400.0 2015.5 1 308 {-999.0 -999.0 -999.0 -999.0 -999.0} "" -999.0 -999.0 -999.0 -999.0 27021603160872943 813986972 "" ops_sky_boss_good ops_sky sky_boss 0 0 0.0 0.0 -999 ""
FIBERMAP 318 R-5C18 METROLOGY 0 0 0 1 0 0 148.75618234449354 -83.75861176485489 143.1 130.65930633494148 109.8593906971398 86.93476 109.04786 -999.0 -999.0 -999.0 -999.0 -999.0 23.4323711584882 -41.334622210311394 23.39630825691637 -41.19125256878739 59.982834039364676 236.95064841207267 -999.0 6231.0 -999.0 -1 -999 {-999.0 -999.0 -999.0 -999.0 -999.0} "" -999.0 -999.0 -999.0 -999.0 -999 -999 "" "" "" "" 0 0 0.0 0.0 -999 ""
FIBERMAP 342 R+6C13 APOGEE 0 0 0 1 0 0 40.97369664300373 96.60647394607459 143.1 -76.05914282771509 72.28789981240297 310.29123 53.923782 -999.0 -999.0 -999.0 -999.0 -999.0 22.596909914116836 -41.449863968360326 22.562643744627735 -41.30575793101011 59.34623920289485 237.00410647386042 -999.0 16600.0 -999.0 2 -999 {-999.0 -999.0 -999.0 -999.0 -999.0} "" -999.0 -999.0 -999.0 -999.0 -999 -999 "" "" "" "" 0 0 0.0 0.0 -999 ""
FIBERMAP 342 R+6C13 BOSS 1 1 0 1 0 0 40.22218101822378 96.53486468167719 143.1 -76.25601438016959 71.55914251524706 310.29123 53.923782 22.59586069816659 -41.45207092538527 -0.20050958 0.35493845 -0.2657894 22.59588273192017 -41.45206169296116 22.561781039159996 -41.30792680424708 59.34513760879177 237.0002279528403 5400.0 5400.0 2016.0 1 155 {-999.0 20.582207 20.399677 20.007845 19.75272} sdss_fiber2mag_from_lsdr10 20.01885 20.330284 19.080473 -999.0 63050395809808401 1131345268 dark_flexible_3x1 bhm_spiders_agn_lsdr10_d3 bhm_spiders science 0 0 0.0 0.0 -999 ""
FIBERMAP 342 R+6C13 METROLOGY 0 0 0 1 0 0 40.541567271331914 97.21701667425552 143.1 -76.78252051770177 72.09772626283124 310.29123 53.923782 -999.0 -999.0 -999.0 -999.0 -999.0 22.59379545256349 -41.45041007598662 22.55965463724533 -41.30628157259541 59.34393369707931 237.00405559120705 -999.0 6231.0 -999.0 -1 -999 {-999.0 -999.0 -999.0 -999.0 -999.0} "" -999.0 -999.0 -999.0 -999.0 -999 -999 "" "" "" "" 0 0 0.0 0.0 -999 ""
FIBERMAP 351 R0C11 APOGEE 0 0 0 1 0 0 -53.47576861292097 -3.9428780035294237 143.1 -15.087996819251574 -51.451567316708285 353.63177 107.81208 -999.0 -999.0 -999.0 -999.0 -999.0 22.844010667037463 -41.825700678358686 22.808560072170167 -41.68172110076888 59.44179056459276 236.20349966923916 -999.0 16600.0 -999.0 2 251 {-999.0 -999.0 -999.0 -999.0 -999.0} "" -999.0 -999.0 -999.0 -999.0 -999 -999 "" ops_sky_apogee_best_unassigned ops_sky sky_apogee 0 0 0.0 0.0 -999 ""
FIBERMAP 351 R0C11 BOSS 1 1 0 1 0 0 -53.321506381790044 -4.68331405006387 143.1 -14.340586890247987 -51.567163772346824 353.63177 107.81208 22.84689760642885 -41.82611137530925 0.3257816 0.19278859 -0.40126657 22.846879538139742 -41.82611243420327 22.81158593923692 -41.68210604676758 59.44390067870931 236.20173752443804 5400.0 5400.0 2016.0 1 519 {-999.0 20.824593 20.630241 20.46366 20.339762} sdss_psfmag_from_gaiadr2 20.788933 20.634792 20.129448 -999.0 63050395808839114 1130401416 dark_flexible_3x1 bhm_gua_dark_d3 bhm_filler science 0 0 0.0 0.0 -999 ""
FIBERMAP 351 R0C11 METROLOGY 0 0 0 1 0 0 -54.02550009412592 -4.441091450215601 143.1 -14.814596181503088 -52.14121751767909 353.63177 107.81208 -999.0 -999.0 -999.0 -999.0 -999.0 22.844993757795272 -41.827852117723126 22.80965559127958 -41.683851970839456 59.44209510281862 236.1990502403916 -999.0 6231.0 -999.0 -1 -999 {-999.0 -999.0 -999.0 -999.0 -999.0} "" -999.0 -999.0 -999.0 -999.0 -999 -999 "" "" "" "" 0 0 0.0 0.0 -999 ""
FIBERMAP 357 R-9C9 APOGEE 0 0 0 1 0 0 -0.05629516348063923 -182.57167309710593 143.1 170.91372918390005 -64.16792819765612 329.6528 113.19172 -999.0 -999.0 -999.0 -999.0 -999.0 23.601243348011167 -41.86123165627282 23.56382288438806 -41.71791229143327 59.980993407118675 235.86839976892415 -999.0 16600.0 -999.0 2 166 {-999.0 -999.0 -999.0 -999.0 -999.0} "" -999.0 -999.0 -999.0 -999.0 -999 -999 "" ops_sky_apogee_best_unassigned ops_sky sky_apogee 0 0 0.0 0.0 -999 ""
FIBERMAP 357 R-9C9 BOSS 1 1 0 1 0 0 -0.13358074589061886 -183.30087079790255 143.1 171.5693025817876 -64.49636560626196 329.6528 113.19172 23.603763687668938 -41.86220104666075 5.9379725 -17.436172 0.7216599 23.603829302453857 -41.862257273565085 23.566561612916985 -41.718909759774995 59.982732322684754 235.8654687393555 5400.0 5400.0 2016.0 1 399 {-999.0 17.365553 16.698563 16.460901 -999.0} sdss_psfmag_gaia 17.198498 16.741657 16.1261 14.856 63050395808838574 944814131 bright_1x1 openfibertargets_nov2020_6c open_fiber science 0 0 0.0 0.0 -999 ""
FIBERMAP 357 R-9C9 METROLOGY 0 0 0 1 0 0 -0.7372920360012944 -182.87171907918005 143.1 170.95549713177456 -64.91088404860682 329.6528 113.19172 -999.0 -999.0 -999.0 -999.0 -999.0 23.601428905964372 -41.86353260876201 23.564119677082886 -41.72019120965998 59.9806519305923 235.8638742853007 -999.0 6231.0 -999.0 -1 -999 {-999.0 -999.0 -999.0 -999.0 -999.0} "" -999.0 -999.0 -999.0 -999.0 -999 -999 "" "" "" "" 0 0 0.0 0.0 -999 ""
FIBERMAP 374 R+10C5 APOGEE 0 0 0 1 0 0 -79.28285553491678 192.61598845906897 143.1 -208.17995500294043 -6.586339966439632 328.341 138.51485 -999.0 -999.0 -999.0 -999.0 -999.0 22.060712490668866 -41.68701636027 22.027452316131928 -41.54240446470756 58.90341053077383 236.7220587648893 -999.0 16600.0 -999.0 2 -999 {-999.0 -999.0 -999.0 -999.0 -999.0} "" -999.0 -999.0 -999.0 -999.0 -999 -999 "" "" "" "" 0 0 0.0 0.0 -999 ""
FIBERMAP 374 R+10C5 BOSS 1 1 0 1 0 0 -79.05896030319357 191.8832218215984 143.1 -207.41527198723145 -6.634048901102961 328.341 138.51485 22.06355155023592 -41.68721118140863 -0.63401234 -1.224792 0.65824723 22.06355927002089 -41.687210180065286 22.03046032366018 -41.54257289668526 58.90557353496912 236.7208061538929 5400.0 5400.0 2016.0 1 152 {-999.0 20.6588 20.74469 20.430689 20.118397} sdss_psfmag_from_lsdr10 20.612778 20.461477 20.126146 -999.0 63050395809334303 1131342753 dark_flexible_3x1 bhm_spiders_agn_lsdr10_d3 bhm_spiders science 0 0 0.0 0.0 -999 ""
FIBERMAP 374 R+10C5 METROLOGY 0 0 0 1 0 0 -79.78826323163491 192.06457094312105 143.1 -207.84117627683136 -7.253175955317779 328.341 138.51485 -999.0 -999.0 -999.0 -999.0 -999.0 22.061826609669865 -41.68906748134633 22.028681573140318 -41.5444361843436 58.90387383449034 236.7178346307548 -999.0 6231.0 -999.0 -1 -999 {-999.0 -999.0 -999.0 -999.0 -999.0} "" -999.0 -999.0 -999.0 -999.0 -999 -999 "" "" "" "" 0 0 0.0 0.0 -999 ""
FIBERMAP 391 R+1C10 APOGEE 0 0 0 1 0 0 -82.38754073056845 29.28321841322058 143.1 -56.34925855641126 -66.85204967282522 89.878395 136.52174 -999.0 -999.0 -999.0 -999.0 -999.0 22.675822248544094 -41.87234440974817 22.64072818294227 -41.72820923179356 59.30915855452797 236.1712442755824 -999.0 16600.0 -999.0 2 -999 {-999.0 -999.0 -999.0 -999.0 -999.0} "" -999.0 -999.0 -999.0 -999.0 -999 -999 "" "" "" "" 0 0 0.0 0.0 -999 ""
FIBERMAP 391 R+1C10 BOSS 1 1 0 1 0 0 -81.87533127658033 29.83499457804615 143.1 -56.68598443904871 -66.17871956029418 89.878395 136.52174 22.673976644525748 -41.87024899177259 67.75062 -43.617558 2.2529206 22.674242205407882 -41.870367101931755 22.63932107356885 -41.726201864136065 59.30859641061175 236.1755439944614 5400.0 5400.0 2016.0 1 30 {-999.0 20.533758 18.816158 17.815067 -999.0} sdss_psfmag_gaia 19.733793 18.478184 17.39077 15.411 63050395808839296 1136525379 dark_flexible_3x1 mwm_halo_local_high_boss_triple mwm_halo science 0 0 0.0 0.0 -999 ""
FIBERMAP 391 R+1C10 METROLOGY 0 0 0 1 0 0 -81.65686150997648 29.123199372505994 143.1 -55.94284132088821 -66.22414339638185 89.878395 136.52174 -999.0 -999.0 -999.0 -999.0 -999.0 22.677311514263714 -41.87050716271715 22.642335333314634 -41.72635278546062 59.31075159231 236.1742460611043 -999.0 6231.0 -999.0 -1 -999 {-999.0 -999.0 -999.0 -999.0 -999.0} "" -999.0 -999.0 -999.0 -999.0 -999 -999 "" "" "" "" 0 0 0.0 0.0 -999 ""
FIBERMAP 398 R-5C4 APOGEE 0 0 0 1 0 0 -184.933875296226 -90.9386723468261 143.1 20.19693954682486 -205.0808148475556 195.00447 77.86144 -999.0 -999.0 -999.0 -999.0 -999.0 22.98893243075148 -42.2906357886285 22.952402233640953 -42.14667548740259 59.43493839808484 235.26524246371451 -999.0 16600.0 -999.0 2 -999 {-999.0 -999.0 -999.0 -999.0 -999.0} "" -999.0 -999.0 -999.0 -999.0 -999 -999 "" "" "" "" 0 0 0.0 0.0 -999 ""
FIBERMAP 398 R-5C4 BOSS 1 1 0 1 0 0 -184.95670793569445 -90.19484907667274 143.1 19.4925135445082 -204.8409773628433 195.00447 77.86144 22.98589076122116 -42.28999424016706 -999.0 -999.0 -999.0 22.985886839554034 -42.290001718133176 22.949530972205935 -42.146007772979274 59.43303915508538 235.26754473573305 5400.0 5400.0 2015.5 1 492 {-999.0 -999.0 -999.0 -999.0 -999.0} "" -999.0 -999.0 -999.0 -999.0 27021603160870898 813986663 "" ops_sky_boss_good ops_sky sky_boss 0 0 0.0 0.0 -999 ""
FIBERMAP 398 R-5C4 METROLOGY 0 0 0 1 0 0 -184.30476116855274 -90.5340569354068 143.1 20.03904793226912 -204.34971191405023 195.00447 77.86144 -999.0 -999.0 -999.0 -999.0 -999.0 22.98817317858915 -42.28853717669633 22.951766773916574 -42.14455438516808 59.43500337488949 235.26951337975567 -999.0 6231.0 -999.0 -1 -999 {-999.0 -999.0 -999.0 -999.0 -999.0} "" -999.0 -999.0 -999.0 -999.0 -999 -999 "" "" "" "" 0 0 0.0 0.0 -999 ""
FIBERMAP 400 R-2C24 APOGEE 0 0 0 1 0 0 229.71380755737823 -30.750115912246656 143.1 109.46044499909752 204.27174558753984 194.2769 70.84719 -999.0 -999.0 -999.0 -999.0 -999.0 23.3438023533893 -41.04974084569019 23.30827959126333 -40.90637789120252 59.98119576608724 237.53533871630327 -999.0 16600.0 -999.0 2 -999 {-999.0 -999.0 -999.0 -999.0 -999.0} "" -999.0 -999.0 -999.0 -999.0 -999 -999 "" "" "" "" 0 0 0.0 0.0 -999 ""
FIBERMAP 400 R-2C24 BOSS 1 1 0 1 0 0 229.84539515785806 -29.938023843905857 143.1 108.74633109394782 204.6801341979945 194.2769 70.84719 23.340770910087308 -41.048510335241886 -1.0696689 -0.14577842 -0.19403486 23.340786008045082 -41.04851445859832 23.305432550941077 -40.90512227096456 59.97936715405402 237.5387206766988 5400.0 5400.0 2016.0 1 335 {-999.0 21.194447 20.866827 20.415762 20.06841} sdss_fiber2mag_from_lsdr10 20.344782 20.579325 19.530872 -999.0 63050395808842232 1131350156 dark_flexible_3x1 bhm_spiders_agn_lsdr10_d3 bhm_spiders science 0 0 0.0 0.0 -999 ""
FIBERMAP 400 R-2C24 METROLOGY 0 0 0 1 0 0 230.39078911450588 -30.4320055727336 143.1 109.40035412850102 205.01728589402776 194.2769 70.84719 -999.0 -999.0 -999.0 -999.0 -999.0 23.34346461776896 -41.04745120714794 23.30806082225871 -40.90406925056341 59.98153454364044 237.5399153916167 -999.0 6231.0 -999.0 -1 -999 {-999.0 -999.0 -999.0 -999.0 -999.0} "" -999.0 -999.0 -999.0 -999.0 -999 -999 "" "" "" "" 0 0 0.0 0.0 -999 ""
FIBERMAP 401 R+11C3 APOGEE 0 0 0 1 0 0 -113.34824085323444 220.00417179992905 143.1 -245.78528346130594 -28.862063181780936 22.729185 126.597206 -999.0 -999.0 -999.0 -999.0 -999.0 21.908265879419528 -41.75332544078793 21.87529756772028 -41.608572442492395 58.77806512248965 236.64420583714906 -999.0 16600.0 -999.0 2 5 {-999.0 -999.0 -999.0 -999.0 -999.0} "" -999.0 -999.0 -999.0 -999.0 -999 -999 "" ops_sky_apogee_best_unassigned ops_sky sky_apogee 0 0 0.0 0.0 -999 ""
FIBERMAP 401 R+11C3 BOSS 1 1 0 1 0 0 -112.73912132164583 219.60439810817388 143.1 -245.19708405552728 -28.43216432307537 22.729185 126.597206 21.910378946457083 -41.75204842109578 15.033139 -5.519359 0.22094077 21.91045377851184 -41.75207461003966 21.877651450236726 -41.60729593616179 58.780057233286 236.6458861648082 5400.0 5400.0 2016.0 1 5 {-999.0 17.854828 17.542345 17.451328 -999.0} sdss_psfmag_gaia 17.833473 17.55495 17.139448 16.398 63050395809334171 975972523 "" ops_std_boss ops_std standard_boss 0 0 0.0 0.0 -999 ""
FIBERMAP 401 R+11C3 METROLOGY 0 0 0 1 0 0 -113.3788803641639 219.26700882174737 143.1 -245.10587144777168 -29.14962524234748 22.729185 126.597206 -999.0 -999.0 -999.0 -999.0 -999.0 21.91078466357517 -41.754245335538194 21.877930279947236 -41.609474300268474 58.779795391929596 236.641694607128 -999.0 6231.0 -999.0 -1 -999 {-999.0 -999.0 -999.0 -999.0 -999.0} "" -999.0 -999.0 -999.0 -999.0 -999 -999 "" "" "" "" 0 0 0.0 0.0 -999 ""
FIBERMAP 403 R-11C5 APOGEE 0 0 0 1 0 0 -78.98869121797763 -226.93047814993787 143.1 184.72549769754497 -153.64656947736464 271.0285 113.93895 -999.0 -999.0 -999.0 -999.0 -999.0 23.659982946141238 -42.131384237800376 23.621986115680784 -41.988055600893595 59.955858237082495 235.32404141727255 -999.0 16600.0 -999.0 2 188 {-999.0 -999.0 -999.0 -999.0 -999.0} "" -999.0 -999.0 -999.0 -999.0 -999 -999 "" ops_sky_apogee_best_unassigned ops_sky sky_apogee 0 0 0.0 0.0 -999 ""
FIBERMAP 403 R-11C5 BOSS 1 1 0 1 0 0 -79.66939269159413 -227.27754767826485 143.1 184.8113953765974 -154.40576241192488 271.0285 113.93895 23.660216627091966 -42.133730698120395 0.18302049 0.38152906 -0.0019545036 23.66021858515861 -42.13372071342859 23.62237884668508 -41.990360409204456 59.95555816205882 235.31944005900476 5400.0 5400.0 2016.0 1 385 {-999.0 20.288023 20.134647 20.001415 19.921865} sdss_psfmag_from_gaiadr2 20.18452 20.12616 19.660295 -999.0 63050395808834672 1130401289 dark_flexible_3x1 bhm_gua_dark_d3 bhm_filler science 0 0 0.0 0.0 -999 ""
FIBERMAP 403 R-11C5 METROLOGY 0 0 0 1 0 0 -79.60427473567081 -226.51594675550018 143.1 184.1212113183276 -154.07733768442276 271.0285 113.93895 -999.0 -999.0 -999.0 -999.0 -999.0 23.657492656162145 -42.132774165165756 23.619615628063343 -41.98942050693526 59.95380858388077 235.32229305752554 -999.0 6231.0 -999.0 -1 -999 {-999.0 -999.0 -999.0 -999.0 -999.0} "" -999.0 -999.0 -999.0 -999.0 -999 -999 "" "" "" "" 0 0 0.0 0.0 -999 ""
FIBERMAP 405 R+10C6 APOGEE 0 0 0 1 0 0 -70.2476815805008 201.37227785675793 143.1 -213.2051102612832 4.947899141214573 46.090088 166.86287 -999.0 -999.0 -999.0 -999.0 -999.0 22.040850025667133 -41.651945292858485 22.007690726802878 -41.507324921602695 58.89645033675214 236.7945228302279 -999.0 16600.0 -999.0 2 -999 {-999.0 -999.0 -999.0 -999.0 -999.0} "" -999.0 -999.0 -999.0 -999.0 -999 -999 "" "" "" "" 0 0 0.0 0.0 -999 ""
FIBERMAP 405 R+10C6 BOSS 1 1 0 1 0 0 -69.62361280127313 201.764051932479 143.1 -213.35275093835745 5.669768746689831 46.090088 166.86287 22.040025246977905 -41.649763254691415 0.53523666 -0.102528654 0.93961096 22.04004782426034 -41.649780934609055 22.007062415391545 -41.50513285718558 58.89645735213441 236.7988628313313 5400.0 5400.0 2016.0 1 124 {-999.0 20.849028 20.591757 20.464312 20.362402} sdss_psfmag_from_lsdr10 20.743345 20.600813 19.983973 -999.0 63050395809334311 1131342752 dark_flexible_3x1 bhm_spiders_agn_lsdr10_d3 bhm_spiders science 0 0 0.0 0.0 -999 ""
FIBERMAP 405 R+10C6 METROLOGY 0 0 0 1 0 0 -69.58475825709704 201.02582312077732 143.1 -212.64793622506164 5.446896490594065 46.090088 166.86287 -999.0 -999.0 -999.0 -999.0 -999.0 22.042886706211604 -41.65046560049866 22.009845291082797 -41.50582751934556 58.89834572268886 236.79668987775193 -999.0 6231.0 -999.0 -1 -999 {-999.0 -999.0 -999.0 -999.0 -999.0} "" -999.0 -999.0 -999.0 -999.0 -999 -999 "" "" "" "" 0 0 0.0 0.0 -999 ""
FIBERMAP 406 R-1C24 APOGEE 0 0 0 1 0 0 215.9098390775904 -23.586454017490322 143.1 97.90578126332932 193.8634449581437 240.95418 57.780006 -999.0 -999.0 -999.0 -999.0 -999.0 23.29779912089474 -41.08123410487471 23.26234189036603 -40.937823051856064 59.94049387131345 237.48904795103175 -999.0 16600.0 -999.0 2 204 {-999.0 -999.0 -999.0 -999.0 -999.0} "" -999.0 -999.0 -999.0 -999.0 -999 -999 "" ops_sky_apogee_best_unassigned ops_sky sky_apogee 0 0 0.0 0.0 -999 ""
FIBERMAP 406 R-1C24 BOSS 1 1 0 1 0 0 215.52841425991778 -22.950005813797556 143.1 97.17595580501373 193.7298412035999 240.95418 57.780006 23.294723392993514 -41.08158174899717 13.733385 -17.046549 0.47887197 23.294740225683427 -41.08163049559406 23.259450285051457 -40.938189733765064 59.93828195997463 237.48927897304867 5400.0 5400.0 2016.0 1 287 {-999.0 16.991365 16.62639 16.514236 -999.0} sdss_psfmag_gaia 16.935703 16.646364 16.184753 15.256 63050395808842220 977152291 "" ops_std_boss ops_std standard_boss 0 0 0.0 0.0 -999 ""
FIBERMAP 406 R-1C24 METROLOGY 0 0 0 1 0 0 216.2793088511793 -22.939538998281684 143.1 97.4298541395309 194.43654515028848 240.95418 57.780006 -999.0 -999.0 -999.0 -999.0 -999.0 23.295801738473653 -41.07946011861375 23.26046702609426 -40.93602842671597 59.939500355883794 237.49315855524105 -999.0 6231.0 -999.0 -1 -999 {-999.0 -999.0 -999.0 -999.0 -999.0} "" -999.0 -999.0 -999.0 -999.0 -999 -999 "" "" "" "" 0 0 0.0 0.0 -999 ""
FIBERMAP 407 R-6C15 APOGEE 0 0 0 1 0 0 99.11955810254597 -103.77458301461557 143.1 131.96803528878092 56.357715883947456 73.989044 96.2289 -999.0 -999.0 -999.0 -999.0 -999.0 23.439531953342232 -41.49675267021855 23.40308618534459 -41.3533722161657 59.95072087272817 236.63298921203915 -999.0 16600.0 -999.0 2 200 {-999.0 -999.0 -999.0 -999.0 -999.0} "" -999.0 -999.0 -999.0 -999.0 -999 -999 "" "" "" "" 0 0 0.0 0.0 -999 ""
FIBERMAP 407 R-6C15 BOSS 1 1 0 1 0 0 99.84627076205952 -103.90388374622437 143.1 132.34429940743368 56.99269605641509 73.989044 96.2289 23.44094772475478 -41.494823767044814 0.058528926 -0.27021253 2.15965 23.440950933663306 -41.49482222953815 23.40466533801083 -41.351414838404494 59.952326424856025 236.6362455577751 5400.0 5400.0 2016.0 1 282 {-999.0 20.872805 20.00067 19.668531 -999.0} sdss_psfmag_gaia 18.134722 20.03811 16.84445 14.875 63050395808839783 1092647961 dark_flexible_2x1 mwm_cb_galex_vol_boss mwm_cb science 0 0 0.0 0.0 -999 ""
FIBERMAP 407 R-6C15 METROLOGY 0 0 0 1 0 0 99.37659220517949 -104.47740552730434 143.1 132.71632064588792 56.35154908569355 73.989044 96.2289 -999.0 -999.0 -999.0 -999.0 -999.0 23.442541496314497 -41.496744770513544 23.40620340381321 -41.35334646969195 59.95300343348457 236.63195942696302 -999.0 6231.0 -999.0 -1 -999 {-999.0 -999.0 -999.0 -999.0 -999.0} "" -999.0 -999.0 -999.0 -999.0 -999 -999 "" "" "" "" 0 0 0.0 0.0 -999 ""
FIBERMAP 408 R+13C11 APOGEE 0 0 0 1 0 0 90.30708670663768 237.84489026375743 143.1 -190.9693864446693 168.07637038106412 349.1574 70.61587 -999.0 -999.0 -999.0 -999.0 -999.0 22.136993165921734 -41.15898339094916 22.104299363049904 -41.014555475903435 59.069451041794835 237.70097395017797 -999.0 16600.0 -999.0 2 96 {-999.0 -999.0 -999.0 -999.0 -999.0} "" -999.0 -999.0 -999.0 -999.0 -999 -999 "" ops_sky_apogee_best_unassigned ops_sky sky_apogee 0 0 0.0 0.0 -999 ""
FIBERMAP 408 R+13C11 BOSS 1 1 0 1 0 0 89.90623796014533 237.2300266203303 143.1 -190.53448717299716 167.48514724295183 349.1574 70.61587 22.138429845117376 -41.16078218027462 24.473976 -0.33094838 0.38194054 22.138525680252464 -41.16078818709105 22.10599225004006 -41.016335337281156 59.07034491376936 237.69708259904291 5400.0 5400.0 2016.0 1 170 {-999.0 17.209938 16.90271 16.81381 -999.0} sdss_psfmag_gaia 17.175976 16.914528 16.487679 15.553 63050395809809604 975972604 "" ops_std_boss ops_std standard_boss 0 0 0.0 0.0 -999 ""
FIBERMAP 408 R+13C11 METROLOGY 0 0 0 1 0 0 89.5629571570094 237.88471210762575 143.1 -191.2679920123398 167.39366052230184 349.1574 70.61587 -999.0 -999.0 -999.0 -999.0 -999.0 22.135588956455575 -41.161018284763436 22.103015266528303 -41.01657024655896 59.06809730696195 237.69751258556897 -999.0 6231.0 -999.0 -1 -999 {-999.0 -999.0 -999.0 -999.0 -999.0} "" -999.0 -999.0 -999.0 -999.0 -999 -999 "" "" "" "" 0 0 0.0 0.0 -999 ""
FIBERMAP 418 R-5C2 APOGEE 0 0 0 1 0 0 -219.35898008354957 -109.8208366333201 143.1 25.786093478031724 -243.94247195025474 253.08986 107.417305 -999.0 -999.0 -999.0 -999.0 -999.0 23.01208958499423 -42.4075620423869 22.975319072552224 -42.26359511581188 59.422413500118466 235.03426058467903 -999.0 16600.0 -999.0 2 -999 {-999.0 -999.0 -999.0 -999.0 -999.0} "" -999.0 -999.0 -999.0 -999.0 -999 -999 "" "" "" "" 0 0 0.0 0.0 -999 ""
FIBERMAP 418 R-5C2 BOSS 1 1 0 1 0 0 -220.0855611758927 -109.82460293180239 143.1 25.53446013097856 -244.62405920443786 253.08986 107.417305 23.010894423165418 -42.409683042441465 -0.44764057 0.28528884 -0.1391044 23.01089972672857 -42.409666108006384 22.97429477910117 -42.26566603829363 59.42116253354298 235.03069050276645 5400.0 5400.0 2016.0 1 454 {-999.0 20.222582 20.161175 20.04332 19.926012} sdss_psfmag_from_lsdr10 20.25456 20.228552 19.622526 -999.0 63050395808837684 1131335241 dark_flexible_3x1 bhm_spiders_agn_lsdr10_d3 bhm_spiders science 0 0 0.0 0.0 -999 ""
FIBERMAP 418 R-5C2 METROLOGY 0 0 0 1 0 0 -219.74556150452307 -109.18048280788122 143.1 25.050800477371602 -244.07953202652575 253.08986 107.417305 -999.0 -999.0 -999.0 -999.0 -999.0 23.008966815080708 -42.408067757866654 22.972322358694726 -42.26407533638243 59.4201460932614 235.03443450166674 -999.0 6231.0 -999.0 -1 -999 {-999.0 -999.0 -999.0 -999.0 -999.0} "" -999.0 -999.0 -999.0 -999.0 -999 -999 "" "" "" "" 0 0 0.0 0.0 -999 ""
FIBERMAP 420 R+1C6 APOGEE 0 0 0 1 0 0 -181.9485977865659 29.60911514523458 143.1 -91.61806995876869 -159.95206130110745 172.36382 83.25476 -999.0 -999.0 -999.0 -999.0 -999.0 22.531381824624596 -42.15397651123472 22.49623436077502 -42.00965349485035 59.13920884698847 235.68498321922596 -999.0 16600.0 -999.0 2 -999 {-999.0 -999.0 -999.0 -999.0 -999.0} "" -999.0 -999.0 -999.0 -999.0 -999 -999 "" "" "" "" 0 0 0.0 0.0 -999 ""
FIBERMAP 420 R+1C6 BOSS 1 1 0 1 0 0 -181.77503452488915 30.345672987612886 143.1 -92.2467236822795 -159.5308987868076 172.36382 83.25476 22.528605326110323 -42.15279320105208 -3.2560995 6.334459 3.2664955 22.528606957634093 -42.152777465884306 22.493636010348723 -42.00842230815885 59.137620960977415 235.68819948282234 5400.0 5400.0 2016.0 1 20 {-999.0 18.762926 19.015173 19.176575 -999.0} sdss_psfmag_gaia 18.930483 18.890432 18.914036 -999.0 63050395808352983 1143599940 dark_1x3 mwm_wd_pwd_boss_1x3 mwm_wd science 0 0 0.0 0.0 -999 ""
FIBERMAP 420 R+1C6 METROLOGY 0 0 0 1 0 0 -181.2348819567586 29.832963154112445 143.1 -91.57700704300022 -159.20523126805057 172.36382 83.25476 -999.0 -999.0 -999.0 -999.0 -999.0 22.531375943384393 -42.15181579839281 22.496351823091914 -42.00747173378473 59.13980564408591 235.68907790095045 -999.0 6231.0 -999.0 -1 -999 {-999.0 -999.0 -999.0 -999.0 -999.0} "" -999.0 -999.0 -999.0 -999.0 -999 -999 "" "" "" "" 0 0 0.0 0.0 -999 ""
FIBERMAP 426 R+3C15 APOGEE 0 0 0 1 1 0 75.29252024440969 56.38132095092941 143.1 -26.346145356219814 90.29283967708785 38.595043 63.958958 -999.0 -999.0 -999.0 -999.0 -999.0 22.798230260161613 -41.39536696641195 22.763540877852677 -41.25144641816932 59.50540342251851 237.0439303104127 -999.0 16600.0 -999.0 2 -999 {-999.0 -999.0 -999.0 -999.0 -999.0} "" -999.0 -999.0 -999.0 -999.0 -999 -999 "" "" "" "" 0 0 0.0 0.0 -999 ""
FIBERMAP 426 R+3C15 BOSS 1 0 0 1 1 0 75.468537274525 55.65488308050926 143.1 -25.60420146389897 90.20252710033442 38.595043 63.958958 22.729326223986018 -41.50176779999704 -999.0 -999.0 -999.0 22.801048751912447 -41.395616586423486 22.766515829005698 -41.2516709108165 59.50753742617346 237.04253829298165 5400.0 5400.0 2016.0 1 205 {-999.0 21.254679 21.121117 20.9455 20.77877} sdss_psfmag_from_lsdr10 20.741854 20.89926 20.008732 -999.0 63050395809808344 1131345271 dark_flexible_3x1 bhm_spiders_agn_lsdr10_d3 bhm_spiders science 0 0 0.0 0.0 -999 ""
FIBERMAP 426 R+3C15 METROLOGY 0 0 0 1 1 0 74.75031748063105 55.866040076311585 143.1 -26.05412134442368 89.60424455812338 38.595043 63.958958 -999.0 -999.0 -999.0 -999.0 -999.0 22.79927013433774 -41.397415380462995 22.764692545064065 -41.25347554722436 59.50580637806818 237.03965598489913 -999.0 6231.0 -999.0 -1 -999 {-999.0 -999.0 -999.0 -999.0 -999.0} "" -999.0 -999.0 -999.0 -999.0 -999 -999 "" "" "" "" 0 0 0.0 0.0 -999 ""
FIBERMAP 427 R+3C22 APOGEE 0 0 0 1 0 0 200.9194246356605 67.12090909113851 143.1 7.716320816059824 211.68306967353035 157.40219 102.95449 -999.0 -999.0 -999.0 -999.0 -999.0 22.93528637925123 -41.028160543376444 22.900803451491527 -40.88444306729418 59.68493547228823 237.70862996716846 -999.0 16600.0 -999.0 2 115 {-999.0 -999.0 -999.0 -999.0 -999.0} "" -999.0 -999.0 -999.0 -999.0 -999 -999 "" ops_sky_apogee_best_unassigned ops_sky sky_apogee 0 0 0.0 0.0 -999 ""
FIBERMAP 427 R+3C22 BOSS 1 1 0 1 0 0 201.0864075493892 67.84383305868843 143.1 7.098120989517964 212.09328338744717 157.40219 102.95449 22.93258666992187 -41.02685993334413 -999.0 -999.0 -999.0 22.93264085513894 -41.02690468254491 22.89832845083083 -40.88315892714227 59.683374921119345 237.71189434268717 5400.0 5400.0 2015.5 1 200 {-999.0 -999.0 -999.0 -999.0 -999.0} "" -999.0 -999.0 -999.0 -999.0 27021603161556360 814091381 "" ops_sky_boss_good ops_sky sky_boss 0 0 0.0 0.0 -999 ""
FIBERMAP 427 R+3C22 METROLOGY 0 0 0 1 0 0 201.63159153800044 67.34800764211973 143.1 7.7537964482616015 212.42959103677472 157.40219 102.95449 -999.0 -999.0 -999.0 -999.0 -999.0 22.935319155852962 -41.02584992444095 22.900955752925256 -40.882114186446294 59.68553610487171 237.71309363970536 -999.0 6231.0 -999.0 -1 -999 {-999.0 -999.0 -999.0 -999.0 -999.0} "" -999.0 -999.0 -999.0 -999.0 -999 -999 "" "" "" "" 0 0 0.0 0.0 -999 ""
FIBERMAP 429 R-3C5 APOGEE 0 0 0 1 0 0 -185.32132081792653 -48.470978725105255 143.1 -19.699680174142006 -190.52982714900557 199.35829 59.03362 -999.0 -999.0 -999.0 -999.0 -999.0 22.825488712326834 -42.246891762763646 22.789445564942525 -42.10279965779722 59.328435765347805 235.4066913591647 -999.0 16600.0 -999.0 2 289 {-999.0 -999.0 -999.0 -999.0 -999.0} "" -999.0 -999.0 -999.0 -999.0 -999 -999 "" ops_sky_apogee_best_unassigned ops_sky sky_apogee 0 0 0.0 0.0 -999 ""
FIBERMAP 429 R-3C5 BOSS 1 1 0 1 0 0 -185.17776081521546 -47.75268558190355 143.1 -20.32176999144959 -190.14316947962374 199.35829 59.03362 22.822761427824553 -42.245801724585576 0.36512405 -0.25130436 -0.006035717 22.82276574888937 -42.24581398519415 22.786897520890363 -42.10168900526145 59.32687025912725 235.40970077964943 5400.0 5400.0 2016.0 1 474 {-999.0 19.8299 19.710297 19.58542 19.54299} sdss_psfmag_from_gaiadr2 19.697006 19.705282 19.319206 -999.0 63050395808837991 1130401378 dark_flexible_3x1 bhm_gua_dark_d3 bhm_filler science 0 0 0.0 0.0 -999 ""
FIBERMAP 429 R-3C5 METROLOGY 0 0 0 1 0 0 -184.61039300591938 -48.219076733222806 143.1 -19.685862009795024 -189.77575545749377 199.35829 59.03362 -999.0 -999.0 -999.0 -999.0 -999.0 22.82541209689075 -42.24472273233224 22.78949160245412 -42.10060900929078 59.32899911771918 235.41084191650765 -999.0 6231.0 -999.0 -1 -999 {-999.0 -999.0 -999.0 -999.0 -999.0} "" -999.0 -999.0 -999.0 -999.0 -999 -999 "" "" "" "" 0 0 0.0 0.0 -999 ""
FIBERMAP 434 R+1C15 APOGEE 0 0 0 1 0 0 44.42807411811597 38.633251080163774 143.1 -20.56836581800291 55.1631336832136 135.32173 19.575562 -999.0 -999.0 -999.0 -999.0 -999.0 22.821609114912185 -41.5019537797169 22.786701955643082 -41.35802901434674 59.49898096080644 236.83151429256014 -999.0 16600.0 -999.0 2 -999 {-999.0 -999.0 -999.0 -999.0 -999.0} "" -999.0 -999.0 -999.0 -999.0 -999 -999 "" "" "" "" 0 0 0.0 0.0 -999 ""
FIBERMAP 434 R+1C15 BOSS 1 1 0 1 0 0 45.15411404801727 38.28109293737924 143.1 -19.9836867564501 55.71922130850904 135.32173 19.575562 22.82379895175402 -41.5002426972263 -999.0 -999.0 -999.0 22.8237986353881 -41.50025865257758 22.789052580039538 -41.35630823874667 59.50108228270467 236.8340517636423 5400.0 5400.0 2016.0 1 197 {-999.0 22.060694 21.978302 21.464499 21.056324} sdss_fiber2mag_from_lsdr10 1e+20 1e+20 1e+20 -999.0 63050398759943716 1131345272 dark_flexible_3x1 bhm_spiders_agn_lsdr10_d3 bhm_spiders science 0 0 0.0 0.0 -999 ""
FIBERMAP 434 R+1C15 METROLOGY 0 0 0 1 0 0 44.51089804520392 37.88985454136511 143.1 -19.843271702429288 54.9796131533329 135.32173 19.575562 -999.0 -999.0 -999.0 -999.0 -999.0 22.82441256708252 -41.50249132939901 22.78961513928266 -41.358548843654724 59.500998383777215 236.82956230464805 -999.0 6231.0 -999.0 -1 -999 {-999.0 -999.0 -999.0 -999.0 -999.0} "" -999.0 -999.0 -999.0 -999.0 -999 -999 "" "" "" "" 0 0 0.0 0.0 -999 ""
FIBERMAP 435 R-5C3 APOGEE 0 0 0 1 0 0 -207.86600399568192 -100.09145895261148 143.1 20.7130071454553 -229.765377678783 221.70796 80.93492 -999.0 -999.0 -999.0 -999.0 -999.0 22.991206667020343 -42.36497588220579 22.954555860969208 -42.22100051463774 59.418124790524836 235.12287164159423 -999.0 16600.0 -999.0 2 243 {-999.0 -999.0 -999.0 -999.0 -999.0} "" -999.0 -999.0 -999.0 -999.0 -999 -999 "" ops_sky_apogee_best_unassigned ops_sky sky_apogee 0 0 0.0 0.0 -999 ""
FIBERMAP 435 R-5C3 BOSS 1 1 0 1 0 0 -208.27160804990797 -99.4695023540855 143.1 19.988258288832583 -229.9267084837174 221.70796 80.93492 22.9877533345837 -42.36545693062219 -8.687661 -27.03265 2.1173806 22.988076023754072 -42.36553423180623 22.951598163152084 -42.2215245817037 59.41587291128308 235.1229416793607 5400.0 5400.0 2016.0 1 500 {-999.0 16.715933 15.651696 15.218652 -999.0} sdss_psfmag_gaia 16.354113 15.664277 14.855169 13.252 63050395808837745 1124946536 bright_1x1 openfibertargets_mwm_snc_further_ext_boss open_fiber science 0 0 0.9707176685333252 0.0 -999 ""
FIBERMAP 435 R-5C3 METROLOGY 0 0 0 1 0 0 -207.52523649178778 -99.42664954108659 143.1 20.21024670525466 -229.2128659842428 221.70796 80.93492 -999.0 -999.0 -999.0 -999.0 -999.0 22.989032851564005 -42.3634129378235 22.95250882532872 -42.21941351886151 59.417049819680656 235.1266324511066 -999.0 6231.0 -999.0 -1 -999 {-999.0 -999.0 -999.0 -999.0 -999.0} "" -999.0 -999.0 -999.0 -999.0 -999 -999 "" "" "" "" 0 0 0.0 0.0 -999 ""
FIBERMAP 438 R+12C2 APOGEE 0 0 0 1 0 0 -140.545665738153 237.88756242518576 143.1 -272.0798305443573 -48.0455070431525 72.80542 166.59749 -999.0 -999.0 -999.0 -999.0 -999.0 21.801674575831708 -41.81037516234284 21.76889621166964 -41.66552171960523 58.688214910100044 236.56974093755423 -999.0 16600.0 -999.0 2 6 {-999.0 -999.0 -999.0 -999.0 -999.0} "" -999.0 -999.0 -999.0 -999.0 -999 -999 "" ops_sky_apogee_best_unassigned ops_sky sky_apogee 0 0 0.0 0.0 -999 ""
FIBERMAP 438 R+12C2 BOSS 1 1 0 1 0 0 -140.2057131752671 238.53308436516573 143.1 -272.564819197641 -47.50053168328573 72.80542 166.59749 21.799621582031246 -41.80875098349907 -999.0 -999.0 -999.0 21.79959628700544 -41.80873431169382 21.76699609663217 -41.6638517060932 58.68718471604795 236.57346339383128 5400.0 5400.0 2015.5 1 6 {-999.0 -999.0 -999.0 -999.0 -999.0} "" -999.0 -999.0 -999.0 -999.0 27021603161215651 814039710 "" ops_sky_boss_good ops_sky sky_boss 0 0 0.0 0.0 -999 ""
FIBERMAP 438 R+12C2 METROLOGY 0 0 0 1 0 0 -139.7978259680403 237.89372728810295 143.1 -271.8229772756744 -47.343173938325464 72.80542 166.59749 -999.0 -999.0 -999.0 -999.0 -999.0 21.802561104230918 -41.80828892953768 21.769905648237454 -41.66341673748748 58.68940107611797 236.5733881833816 -999.0 6231.0 -999.0 -1 -999 {-999.0 -999.0 -999.0 -999.0 -999.0} "" -999.0 -999.0 -999.0 -999.0 -999 -999 "" "" "" "" 0 0 0.0 0.0 -999 ""
FIBERMAP 439 R-6C3 APOGEE 0 0 0 1 0 0 -193.7317218317362 -121.72914166327958 143.1 45.935032925379936 -224.1307824316163 215.9199 100.3711 -999.0 -999.0 -999.0 -999.0 -999.0 23.09449667493938 -42.347739935009834 23.057606686304098 -42.20385877708995 59.4963153602466 235.11819172328498 -999.0 16600.0 -999.0 2 244 {-999.0 -999.0 -999.0 -999.0 -999.0} "" -999.0 -999.0 -999.0 -999.0 -999 -999 "" ops_sky_apogee_best_unassigned ops_sky sky_apogee 0 0 0.0 0.0 -999 ""
FIBERMAP 439 R-6C3 BOSS 1 1 0 1 0 0 -194.24533551941556 -121.17970553292355 143.1 45.24025101643769 -224.4187053307644 215.9199 100.3711 23.091518257182912 -42.348679712522305 0.35994303 -0.09872025 -0.19669807 23.09149790209799 -42.34868409152068 23.054779291995146 -42.20476860289951 59.494060265404926 235.11748455390352 5400.0 5400.0 2016.0 1 501 {-999.0 19.261806 19.082441 18.929558 18.821707} sdss_psfmag_from_gaiadr2 19.2421 19.081022 18.628788 -999.0 63050395808837697 1130401371 dark_flexible_3x1 bhm_gua_dark_d3 bhm_filler science 0 0 0.0 0.0 -999 ""
FIBERMAP 439 R-6C3 METROLOGY 0 0 0 1 0 0 -193.50333348454566 -121.01377750940748 143.1 45.345475265984824 -223.66573246468442 215.9199 100.3711 -999.0 -999.0 -999.0 -999.0 -999.0 23.091979482256857 -42.34644339713829 23.05521630986715 -42.202537773359204 59.49492983178422 235.1215815549156 -999.0 6231.0 -999.0 -1 -999 {-999.0 -999.0 -999.0 -999.0 -999.0} "" -999.0 -999.0 -999.0 -999.0 -999 -999 "" "" "" "" 0 0 0.0 0.0 -999 ""
FIBERMAP 441 R-2C4 APOGEE 0 0 0 1 0 0 -197.5901461897621 -28.315721173869726 143.1 -42.878671081457526 -194.93847625147535 53.06107 131.76012 -999.0 -999.0 -999.0 -999.0 -999.0 22.730604025095257 -42.26012066247755 22.694784601362812 -42.115943745476336 59.25711418343674 235.41492004969874 -999.0 16600.0 -999.0 2 -999 {-999.0 -999.0 -999.0 -999.0 -999.0} "" -999.0 -999.0 -999.0 -999.0 -999 -999 "" "" "" "" 0 0 0.0 0.0 -999 ""
FIBERMAP 441 R-2C4 BOSS 1 1 0 1 0 0 -196.8768175854822 -28.23367305178398 143.1 -42.70498340894863 -194.24180581232105 53.06107 131.76012 22.73112150463918 -42.258089928553936 0.44285706 -0.5325383 0.7297689 22.73113135177938 -42.258105352743684 22.695480450158072 -42.113898646042415 59.2581077241972 235.41855982878198 5400.0 5400.0 2016.0 1 472 {-999.0 20.889874 20.898565 20.490385 20.20487} sdss_fiber2mag_from_lsdr10 20.336561 20.440634 19.319061 -999.0 63050395808838044 1131337747 dark_flexible_3x1 bhm_spiders_agn_lsdr10_d3 bhm_spiders science 0 0 0.0 0.0 -999 ""
FIBERMAP 441 R-2C4 METROLOGY 0 0 0 1 0 0 -197.15585498978825 -28.924728046098103 143.1 -42.15597215575497 -194.7457393216576 53.06107 131.76012 -999.0 -999.0 -999.0 -999.0 -999.0 22.73341853070098 -42.259647002604964 22.697712125608234 -42.115450604627455 59.25934064201745 235.41483301120803 -999.0 6231.0 -999.0 -1 -999 {-999.0 -999.0 -999.0 -999.0 -999.0} "" -999.0 -999.0 -999.0 -999.0 -999 -999 "" "" "" "" 0 0 0.0 0.0 -999 ""
FIBERMAP 442 R+13C12 APOGEE 0 0 0 1 0 0 90.55963667484733 252.16485849495098 143.1 -204.28782700242752 173.34168438092067 156.72336 139.1972 -999.0 -999.0 -999.0 -999.0 -999.0 22.08398455513499 -41.142950214938004 22.051445713362796 -40.99848180746988 59.0335901258304 237.74712034955073 -999.0 16600.0 -999.0 2 59 {-999.0 -999.0 -999.0 -999.0 -999.0} "" -999.0 -999.0 -999.0 -999.0 -999 -999 "" ops_sky_apogee_best_unassigned ops_sky sky_apogee 0 0 0.0 0.0 -999 ""
FIBERMAP 442 R+13C12 BOSS 1 1 0 1 0 0 90.22031447965581 252.83301203770952 143.1 -205.03255118802647 173.25863361334612 156.72336 139.1972 22.080817968757344 -41.143181085300185 2.064433 -4.33506 -0.10509839 22.080840888108447 -41.143219681830146 22.04847652754046 -40.99872293572461 59.031346147386344 237.7475299875449 5400.0 5400.0 2016.0 1 97 {-999.0 19.240038 19.709995 20.019115 -999.0} sdss_psfmag_gaia 19.409363 19.499088 19.737432 -999.0 63050395809809593 1092294480 dark_flexible_2x1 mwm_cb_galex_mag_boss mwm_cb science 0 0 0.0 0.0 -999 ""
FIBERMAP 442 R+13C12 METROLOGY 0 0 0 1 0 0 90.97508536146017 252.787680537516 143.1 -204.7250501757551 173.9493715921331 156.72336 139.1972 -999.0 -999.0 -999.0 -999.0 -999.0 22.082100948948057 -41.14110162671813 22.049689120894072 -40.99661368917334 59.032663654594955 237.7511919975289 -999.0 6231.0 -999.0 -1 -999 {-999.0 -999.0 -999.0 -999.0 -999.0} "" -999.0 -999.0 -999.0 -999.0 -999 -999 "" "" "" "" 0 0 0.0 0.0 -999 ""
FIBERMAP 445 R-4C10 APOGEE 0 0 0 1 0 0 -43.17262851644141 -66.94458664723471 143.1 47.51585846278495 -63.930045973723644 62.074413 135.03044 -999.0 -999.0 -999.0 -999.0 -999.0 23.099278446179547 -41.863186767750584 23.063124088387497 -41.71942099940059 59.61781953253504 236.0437767689474 -999.0 16600.0 -999.0 2 -999 {-999.0 -999.0 -999.0 -999.0 -999.0} "" -999.0 -999.0 -999.0 -999.0 -999 -999 "" "" "" "" 0 0 0.0 0.0 -999 ""
FIBERMAP 445 R-4C10 BOSS 1 1 0 1 0 0 -42.442953381336224 -66.72160879144778 143.1 47.5633406257917 -63.168579552722065 62.074413 135.03044 23.09934204919473 -41.86094726985314 -999.0 -999.0 -999.0 23.09933671856138 -41.86094270144768 23.063349281641422 -41.71714786354769 59.61851895724631 236.04806611211575 5400.0 5400.0 2016.0 1 360 {-999.0 -999.0 -999.0 -999.0 -999.0} "" -999.0 -999.0 -999.0 -999.0 63050398044896702 1128040571 dark_flexible_3x1 bhm_csc_boss_d3 bhm_csc science 0 0 0.0 0.0 -999 ""
FIBERMAP 445 R-4C10 METROLOGY 0 0 0 1 0 0 -42.617732741108505 -67.44617302595107 143.1 48.180338216012835 -63.58666874839067 62.074413 135.03044 -999.0 -999.0 -999.0 -999.0 -999.0 23.101909388648707 -41.8622018101103 23.06586712762055 -41.718417332560385 59.620045952582515 236.04475040676985 -999.0 6231.0 -999.0 -1 -999 {-999.0 -999.0 -999.0 -999.0 -999.0} "" -999.0 -999.0 -999.0 -999.0 -999 -999 "" "" "" "" 0 0 0.0 0.0 -999 ""
FIBERMAP 449 R-10C16 APOGEE 0 0 0 1 0 0 149.13653432495795 -185.42889906973224 143.1 225.98211294616974 74.51109160028788 120.55573 127.71344 -999.0 -999.0 -999.0 -999.0 -999.0 23.817506294507776 -41.43945893442511 23.780208085341428 -41.29643243003739 60.23939918996045 236.611507905324 -999.0 16600.0 -999.0 2 -999 {-999.0 -999.0 -999.0 -999.0 -999.0} "" -999.0 -999.0 -999.0 -999.0 -999 -999 "" "" "" "" 0 0 0.0 0.0 -999 ""
FIBERMAP 449 R-10C16 BOSS 1 1 0 1 0 0 149.5163457855408 -184.62703704175755 143.1 225.3647478087425 75.14828827765686 120.55573 127.71344 23.814667560004935 -41.43755355912113 56.072563 -9.253645 2.867768 23.81487180183207 -41.43756888374308 23.77774169213535 -41.29451154890496 60.238050729346746 236.61614803597922 5400.0 5400.0 2016.0 1 333 {-999.0 18.72107 19.036343 19.234442 -999.0} sdss_psfmag_gaia 18.85275 18.88914 18.926884 -999.0 63050395808840716 1143600730 dark_1x3 mwm_wd_pwd_boss_1x3 mwm_wd science 0 0 0.0 0.0 -999 ""
FIBERMAP 449 R-10C16 METROLOGY 0 0 0 1 0 0 149.8740000588554 -185.30382905684667 143.1 226.12399762970696 75.2454688860918 120.55573 127.71344 -999.0 -999.0 -999.0 -999.0 -999.0 23.81800799275934 -41.43723182062919 23.780825665659563 -41.294185597029795 60.240379398061194 236.61568685931638 -999.0 6231.0 -999.0 -1 -999 {-999.0 -999.0 -999.0 -999.0 -999.0} "" -999.0 -999.0 -999.0 -999.0 -999 -999 "" "" "" "" 0 0 0.0 0.0 -999 ""
FIBERMAP 453 R+7C19 APOGEE 0 0 0 1 0 0 191.6892756003574 117.07763270804361 143.1 -42.297300978685215 220.58502422599403 314.84476 70.21252 -999.0 -999.0 -999.0 -999.0 -999.0 22.734536077801707 -41.001467700679854 22.700588307100134 -40.857582463627665 59.54241256352378 237.82272216440052 -999.0 16600.0 -999.0 2 -999 {-999.0 -999.0 -999.0 -999.0 -999.0} "" -999.0 -999.0 -999.0 -999.0 -999 -999 "" "" "" "" 0 0 0.0 0.0 -999 ""
FIBERMAP 453 R+7C19 BOSS 1 1 0 1 0 0 191.01307249774635 116.76938194921124 143.1 -42.246167805693865 219.84367522225082 314.84476 70.21252 22.73409400927718 -41.003700486678106 22.65922 5.390085 2.213582 22.73456182528797 -41.003685646302294 22.70077384686431 -40.85977398638524 59.54209907575803 237.8184343202712 5400.0 5400.0 2016.0 1 249 {-999.0 16.457712 15.402983 14.975306 -999.0} sdss_psfmag_gaia 16.107548 15.417313 14.61911 13.004 63050395809809207 1126909778 bright_1x1 openfibertargets_mwm_snc_further_ext_boss open_fiber science 0 0 1.0371496677398682 0.0 -999 ""
FIBERMAP 453 R+7C19 METROLOGY 0 0 0 1 0 0 191.08481310895573 117.51822698091219 143.1 -42.92208337391085 220.17382084572662 314.84476 70.21252 -999.0 -999.0 -999.0 -999.0 -999.0 22.73189005075598 -41.002650666461285 22.69806397555311 -40.858744297244975 59.54030519274872 237.8212538392733 -999.0 6231.0 -999.0 -1 -999 {-999.0 -999.0 -999.0 -999.0 -999.0} "" -999.0 -999.0 -999.0 -999.0 -999 -999 "" "" "" "" 0 0 0.0 0.0 -999 ""
FIBERMAP 454 R+10C8 APOGEE 0 0 0 1 0 0 -27.75198218287788 188.50515700290654 143.1 -186.23464387758722 40.21602244232888 149.89597 170.77025 -999.0 -999.0 -999.0 -999.0 -999.0 22.15087111690612 -41.54572423786246 22.117586844920652 -41.401219606290326 58.99947020803532 236.9616239729226 -999.0 16600.0 -999.0 2 -999 {-999.0 -999.0 -999.0 -999.0 -999.0} "" -999.0 -999.0 -999.0 -999.0 -999 -999 "" "" "" "" 0 0 0.0 0.0 -999 ""
FIBERMAP 454 R+10C8 BOSS 1 1 0 1 0 0 -28.322204990135432 188.94374170310107 143.1 -186.84552056563425 39.83617039228188 149.89597 170.77025 22.148108316804407 -41.54688654331369 -999.0 -999.0 -999.0 22.14814920175229 -41.5468774964453 22.115037979600743 -41.40234305240009 58.99736378536197 236.96027829363572 5400.0 5400.0 2016.0 1 125 {-999.0 22.948175 22.236929 21.613672 21.142504} sdss_fiber2mag_from_lsdr10 1e+20 1e+20 1e+20 -999.0 63050397329915931 1131345264 dark_flexible_3x1 bhm_spiders_agn_lsdr10_d3 bhm_spiders science 0 0 0.0 0.0 -999 ""
FIBERMAP 454 R+10C8 METROLOGY 0 0 0 1 0 0 -27.644735519762996 189.24542477205958 143.1 -186.8900599903261 40.57639860759159 149.89597 170.77025 -999.0 -999.0 -999.0 -999.0 -999.0 22.14800918354594 -41.54462007474594 22.1148540040503 -41.40009376599601 58.99770514028854 236.9646029303209 -999.0 6231.0 -999.0 -1 -999 {-999.0 -999.0 -999.0 -999.0 -999.0} "" -999.0 -999.0 -999.0 -999.0 -999 -999 "" "" "" "" 0 0 0.0 0.0 -999 ""
FIBERMAP 458 R-13C8 APOGEE 0 0 0 1 0 0 6.7944026632227885 -261.0574522415665 143.1 246.80218773656102 -85.31644104702218 213.9871 143.36891 -999.0 -999.0 -999.0 -999.0 -999.0 23.9091407725347 -41.92227981592544 23.87084629965699 -41.779225555008125 60.1877529801128 235.6356043669607 -999.0 16600.0 -999.0 2 265 {-999.0 -999.0 -999.0 -999.0 -999.0} "" -999.0 -999.0 -999.0 -999.0 -999 -999 "" ops_sky_apogee_best_unassigned ops_sky sky_apogee 0 0 0.0 0.0 -999 ""
FIBERMAP 458 R-13C8 BOSS 1 1 0 1 0 0 6.055192557064417 -260.94533630523614 143.1 246.43762412207798 -85.96915693491674 213.9871 143.36891 23.907519297668735 -41.924302323781845 2.4458544 -7.087338 1.2048222 23.907543404182775 -41.924301853784954 23.86940919120474 -41.781214835926214 60.186216385123565 235.63227216470986 5400.0 5400.0 2016.0 1 359 {-999.0 20.999926 19.682352 19.086414 -999.0} sdss_psfmag_gaia 20.395979 19.623339 18.606047 -999.0 63050395808834852 1092647949 dark_flexible_2x1 mwm_cb_galex_vol_boss mwm_cb science 0 0 0.0 0.0 -999 ""
FIBERMAP 458 R-13C8 METROLOGY 0 0 0 1 0 0 6.501711687114618 -260.36341603288434 143.1 246.04960667111135 -85.34674370679461 213.9871 143.36891 -999.0 -999.0 -999.0 -999.0 -999.0 23.906058193545665 -41.92244510883011 23.867885513097747 -41.77936590602562 60.18558049118873 235.63644541722914 -999.0 6231.0 -999.0 -1 -999 {-999.0 -999.0 -999.0 -999.0 -999.0} "" -999.0 -999.0 -999.0 -999.0 -999 -999 "" "" "" "" 0 0 0.0 0.0 -999 ""
FIBERMAP 461 R+11C5 APOGEE 0 0 0 1 0 0 -70.47175084661185 208.83896150631864 143.1 -220.27451259306454 7.360251100320808 291.69086 149.67442 -999.0 -999.0 -999.0 -999.0 -999.0 22.01244349244786 -41.64445035121654 21.979366931464597 -41.499808156568704 58.877321685114296 236.81746591408185 -999.0 16600.0 -999.0 2 147 {-999.0 -999.0 -999.0 -999.0 -999.0} "" -999.0 -999.0 -999.0 -999.0 -999 -999 "" ops_sky_apogee_best_unassigned ops_sky sky_apogee 0 0 0.0 0.0 -999 ""
FIBERMAP 461 R+11C5 BOSS 1 1 0 1 0 0 -70.56639804720736 208.12731459212134 143.1 -219.64146821782518 7.021722260014787 291.69086 149.67442 22.014708251434907 -41.6455138216917 8.290463 -0.052323524 0.38274372 22.014753704298617 -41.645518499965355 21.98183862391562 -41.50085048722056 58.87890931450308 236.81473471670915 5400.0 5400.0 2016.0 1 150 {-999.0 17.096968 16.733414 16.621834 -999.0} sdss_psfmag_gaia 17.050781 16.7532 16.301367 15.409 63050395809334327 977154236 "" ops_std_boss ops_std standard_boss 0 0 0.0 0.0 -999 ""
FIBERMAP 461 R+11C5 METROLOGY 0 0 0 1 0 0 -71.18198584343908 208.55931476856716 143.1 -220.26211132039228 6.597084705457226 291.69086 149.67442 -999.0 -999.0 -999.0 -999.0 -999.0 22.012239636138112 -41.64677856955786 21.979281270884087 -41.50211597657532 58.8767689467726 236.81312915431062 -999.0 6231.0 -999.0 -1 -999 {-999.0 -999.0 -999.0 -999.0 -999.0} "" -999.0 -999.0 -999.0 -999.0 -999 -999 "" "" "" "" 0 0 0.0 0.0 -999 ""
FIBERMAP 462 R+11C9 APOGEE 0 0 0 1 0 0 8.399113935916986 220.55896423609218 143.1 -203.54967324799122 85.31924223897578 34.249992 171.82828 -999.0 -999.0 -999.0 -999.0 -999.0 22.082885014042514 -41.408810120880126 22.0499689657413 -41.26428012046018 58.97848758610921 237.24216222680423 -999.0 16600.0 -999.0 2 128 {-999.0 -999.0 -999.0 -999.0 -999.0} "" -999.0 -999.0 -999.0 -999.0 -999 -999 "" ops_sky_apogee_best_unassigned ops_sky sky_apogee 0 0 0.0 0.0 -999 ""
FIBERMAP 462 R+11C9 BOSS 1 1 0 1 0 0 9.085887447852157 220.8639934301005 143.1 -203.59407811826944 86.06935648915633 34.249992 171.82828 22.082519531249996 -41.40652595051475 -999.0 -999.0 -999.0 22.08251739355984 -41.406549437501965 22.049773301163043 -41.26199298344952 58.97881681936917 237.24656323122736 5400.0 5400.0 2015.5 1 115 {-999.0 -999.0 -999.0 -999.0 -999.0} "" -999.0 -999.0 -999.0 -999.0 27021603161216522 814039886 "" ops_sky_boss_good ops_sky sky_boss 0 0 0.0 0.0 -999 ""
FIBERMAP 462 R+11C9 METROLOGY 0 0 0 1 0 0 9.006685978503251 220.1301976544752 143.1 -202.93487257147615 85.73751057892532 34.249992 171.82828 -999.0 -999.0 -999.0 -999.0 -999.0 22.08515794052628 -41.407544734587525 22.05235822758607 -41.262997799932485 58.9805100044894 237.24387561951636 -999.0 6231.0 -999.0 -1 -999 {-999.0 -999.0 -999.0 -999.0 -999.0} "" -999.0 -999.0 -999.0 -999.0 -999 -999 "" "" "" "" 0 0 0.0 0.0 -999 ""
FIBERMAP 465 R+5C7 APOGEE 0 0 0 1 0 0 -79.83073210175863 96.62741683126954 143.1 -118.50265243710389 -40.808401334349696 59.276344 42.0258 -999.0 -999.0 -999.0 -999.0 -999.0 22.423115996921418 -41.792661396032486 22.38878222693819 -41.648329124357815 59.14394264137973 236.40646353351678 -999.0 16600.0 -999.0 2 33 {-999.0 -999.0 -999.0 -999.0 -999.0} "" -999.0 -999.0 -999.0 -999.0 -999 -999 "" ops_sky_apogee_best_unassigned ops_sky sky_apogee 0 0 0.0 0.0 -999 ""
FIBERMAP 465 R+5C7 BOSS 1 1 0 1 0 0 -79.69144285235899 95.89875956639052 143.1 -117.77152862933566 -40.933879853993155 59.276344 42.0258 22.425842285156246 -41.79311395983825 -999.0 -999.0 -999.0 22.42583746651683 -41.79310226858418 22.39166321014534 -41.648743641048085 59.145948794280365 236.40473972916834 5400.0 5400.0 2015.5 1 55 {-999.0 -999.0 -999.0 -999.0 -999.0} "" -999.0 -999.0 -999.0 -999.0 27021603161215497 814039693 "" ops_sky_boss_good ops_sky sky_boss 0 0 0.0 0.0 -999 ""
FIBERMAP 465 R+5C7 METROLOGY 0 0 0 1 0 0 -80.40183934610454 96.15237365765877 143.1 -118.25845177077522 -41.50992778509096 59.276344 42.0258 -999.0 -999.0 -999.0 -999.0 -999.0 22.423880555742908 -41.79483886485898 22.38966136832505 -41.65048627416052 59.144102023084926 236.40207788736467 -999.0 6231.0 -999.0 -1 -999 {-999.0 -999.0 -999.0 -999.0 -999.0} "" -999.0 -999.0 -999.0 -999.0 -999 -999 "" "" "" "" 0 0 0.0 0.0 -999 ""
FIBERMAP 468 R-2C9 APOGEE 0 0 0 1 0 0 -75.9950708277388 -42.17347159178396 143.1 12.797265915322793 -85.96111631833921 354.5721 110.99748 -999.0 -999.0 -999.0 -999.0 -999.0 22.95788491969027 -41.93032980555098 22.921986551507416 -41.78642508673928 59.49970351562054 235.96422438786004 -999.0 16600.0 -999.0 2 300 {-999.0 -999.0 -999.0 -999.0 -999.0} "" -999.0 -999.0 -999.0 -999.0 -999 -999 "" ops_sky_apogee_best_unassigned ops_sky sky_apogee 0 0 0.0 0.0 -999 ""
FIBERMAP 468 R-2C9 BOSS 1 1 0 1 0 0 -75.8209465978443 -42.891036750530716 143.1 13.530237983437504 -86.05008513290454 354.5721 110.99748 22.96074901573811 -41.93068517753973 -999.0 -999.0 -999.0 22.960722415184474 -41.93067531316378 22.924980893499082 -41.78674325080309 59.50179850491332 235.96257930715961 5400.0 5400.0 2016.0 1 496 {-999.0 21.520561 20.420305 19.958231 19.62124} sdss_fiber2mag_from_lsdr10 20.288584 21.741568 18.769651 16.347 63050395808839126 1131340235 dark_flexible_3x1 bhm_spiders_agn_lsdr10_d3 bhm_spiders science 0 0 0.0 0.0 -999 ""
FIBERMAP 468 R-2C9 METROLOGY 0 0 0 1 0 0 -76.52680544064344 -42.688305433364015 143.1 13.092547578658419 -86.63975359857335 354.5721 110.99748 -999.0 -999.0 -999.0 -999.0 -999.0 22.958988176301663 -41.93246623429649 22.923201699058495 -41.78854067452998 59.500085922583445 235.9597529248578 -999.0 6231.0 -999.0 -1 -999 {-999.0 -999.0 -999.0 -999.0 -999.0} "" -999.0 -999.0 -999.0 -999.0 -999 -999 "" "" "" "" 0 0 0.0 0.0 -999 ""
FIBERMAP 470 R+2C23 APOGEE 0 0 0 1 0 0 218.09060401504195 33.70362673256356 143.1 45.033539038092606 216.024232202883 153.88336 165.76416 -999.0 -999.0 -999.0 -999.0 -999.0 23.085041176166204 -41.014889474490026 23.050208670823395 -40.87130594707603 59.79813492751957 237.68690599287422 -999.0 16600.0 -999.0 2 74 {-999.0 -999.0 -999.0 -999.0 -999.0} "" -999.0 -999.0 -999.0 -999.0 -999 -999 "" ops_sky_apogee_best_unassigned ops_sky sky_apogee 0 0 0.0 0.0 -999 ""
FIBERMAP 470 R+2C23 BOSS 1 1 0 1 0 0 217.4963732426849 34.168044141855134 143.1 44.39004528929367 215.63097448281047 153.88336 165.76416 23.082275390624996 -41.016044572342054 -999.0 -999.0 -999.0 23.082315451096633 -41.01606179950486 23.047649202686046 -40.87244920869242 59.79600144906171 237.685498834042 5400.0 5400.0 2015.5 1 233 {-999.0 -999.0 -999.0 -999.0 -999.0} "" -999.0 -999.0 -999.0 -999.0 27021603161556347 821851326 "" ops_sky_boss_good ops_sky sky_boss 0 0 0.0 0.0 -999 ""
FIBERMAP 470 R+2C23 METROLOGY 0 0 0 1 0 0 218.1885089990401 34.44470713246398 143.1 44.374081500793196 216.3761475600166 153.88336 165.76416 -999.0 -999.0 -999.0 -999.0 -999.0 23.08229313622913 -41.01377714916485 23.047584653631247 -40.87017255182651 59.7964353481789 237.68994240799492 -999.0 6231.0 -999.0 -1 -999 {-999.0 -999.0 -999.0 -999.0 -999.0} "" -999.0 -999.0 -999.0 -999.0 -999 -999 "" "" "" "" 0 0 0.0 0.0 -999 ""
FIBERMAP 472 R-1C15 APOGEE 0 0 0 1 0 0 22.259063832095535 -8.038198131203393 143.1 15.342698534876735 18.017301102000612 157.84583 93.79421 -999.0 -999.0 -999.0 -999.0 -999.0 22.967512034051396 -41.614628300871104 22.932068864154132 -41.470804367873995 59.57997079624653 236.56654087756135 -999.0 16600.0 -999.0 2 -999 {-999.0 -999.0 -999.0 -999.0 -999.0} "" -999.0 -999.0 -999.0 -999.0 -999 -999 "" "" "" "" 0 0 0.0 0.0 -999 ""
FIBERMAP 472 R-1C15 BOSS 1 1 0 1 0 0 22.51009933952234 -7.3336965101002765 143.1 14.771264160291723 18.499739881709782 157.84583 93.79421 22.96503773594208 -41.613181186954634 -999.0 -999.0 -999.0 22.965035749524535 -41.6131829731732 22.92976461900315 -41.46932868311645 59.57862368894119 236.57015237114132 5400.0 5400.0 2016.0 1 326 {-999.0 22.073582 21.000074 20.48714 20.095116} sdss_fiber2mag_from_lsdr10 21.378973 21.5182 19.460974 -999.0 63050395808839504 1131345273 dark_flexible_3x1 bhm_spiders_agn_lsdr10_d3 bhm_spiders science 0 0 0.0 0.0 -999 ""
FIBERMAP 472 R-1C15 METROLOGY 0 0 0 1 0 0 22.99403558716 -7.899220665211407 143.1 15.470686475388131 18.7542273862454 157.84583 93.79421 -999.0 -999.0 -999.0 -999.0 -999.0 22.967923900137873 -41.61239636156029 22.932600314329363 -41.468552853536664 59.5808690662996 236.57069355494588 -999.0 6231.0 -999.0 -1 -999 {-999.0 -999.0 -999.0 -999.0 -999.0} "" -999.0 -999.0 -999.0 -999.0 -999 -999 "" "" "" "" 0 0 0.0 0.0 -999 ""
FIBERMAP 474 R-3C8 APOGEE 0 0 0 1 0 0 -117.54463026180062 -70.78253849956987 143.1 24.991319110493787 -134.9089518842274 277.37427 40.366516 -999.0 -999.0 -999.0 -999.0 -999.0 23.008044163458344 -42.07857982139243 22.97179127221574 -41.93468482033615 59.50045884056951 235.6631080430509 -999.0 16600.0 -999.0 2 -999 {-999.0 -999.0 -999.0 -999.0 -999.0} "" -999.0 -999.0 -999.0 -999.0 -999 -999 "" "" "" "" 0 0 0.0 0.0 -999 ""
FIBERMAP 474 R-3C8 BOSS 1 1 0 1 0 0 -118.1332209944751 -70.21614796277618 143.1 24.25433325097146 -135.2611183371958 277.37427 40.366516 23.004764085193706 -42.079721618239695 34.739567 -4.3108616 0.88795966 23.004885051323573 -42.07974664542892 22.968803219177744 -41.93581826416274 59.49802874276827 235.66199311367694 5400.0 5400.0 2016.0 1 477 {-999.0 17.63611 16.841284 16.546045 -999.0} sdss_psfmag_gaia 17.417122 16.883144 16.209297 14.766 63050395808838230 1136525214 dark_flexible_3x1 mwm_halo_local_high_boss_triple mwm_halo science 0 0 0.0 0.0 -999 ""
FIBERMAP 474 R-3C8 METROLOGY 0 0 0 1 0 0 -117.40929037100611 -70.04688822209026 143.1 24.350091877563692 -134.523894879258 277.37427 40.366516 -999.0 -999.0 -999.0 -999.0 -999.0 23.00532126241577 -42.077519871033175 22.969195028761135 -41.93360098945122 59.49884458323142 235.66609552238853 -999.0 6231.0 -999.0 -1 -999 {-999.0 -999.0 -999.0 -999.0 -999.0} "" -999.0 -999.0 -999.0 -999.0 -999 -999 "" "" "" "" 0 0 0.0 0.0 -999 ""
FIBERMAP 477 R-7C14 APOGEE 0 0 0 1 0 0 71.13766759378034 -149.23851959896606 143.1 164.707203081344 14.19360199154413 256.706 100.03669 -999.0 -999.0 -999.0 -999.0 -999.0 23.57338350589483 -41.62386454255616 23.53640536300935 -41.48057475878708 60.01816486088709 236.33900194856878 -999.0 16600.0 -999.0 2 197 {-999.0 -999.0 -999.0 -999.0 -999.0} "" -999.0 -999.0 -999.0 -999.0 -999 -999 "" ops_sky_apogee_best_unassigned ops_sky sky_apogee 0 0 0.0 0.0 -999 ""
FIBERMAP 477 R-7C14 BOSS 1 1 0 1 0 0 70.38952088122424 -149.20900360604116 143.1 164.41683566937024 13.503511855168666 256.706 100.03669 23.57183825269648 -41.625970167353294 -5.636382 -9.040332 2.8367639 23.57216107639262 -41.625988085333994 23.535343082249597 -41.4826674118661 60.01689597038856 236.33531084367357 5400.0 5400.0 2016.0 1 272 {-999.0 17.692434 16.25681 15.567164 -999.0} sdss_psfmag_gaia 17.11023 16.143505 15.173989 13.313 63050395808838883 1124946397 dark_1x1 openfibertargets_mwm_snc_further_ext_boss open_fiber science 0 0 0.8754779100418091 0.0 -999 ""
FIBERMAP 477 R-7C14 METROLOGY 0 0 0 1 0 0 70.78082093497675 -148.57180265895886 143.1 163.9576697086541 14.093639367208441 256.706 100.03669 -999.0 -999.0 -999.0 -999.0 -999.0 23.570354580282622 -41.62420021930414 23.533498451520757 -41.48088664414639 60.01597516003694 236.33942773436786 -999.0 6231.0 -999.0 -1 -999 {-999.0 -999.0 -999.0 -999.0 -999.0} "" -999.0 -999.0 -999.0 -999.0 -999 -999 "" "" "" "" 0 0 0.0 0.0 -999 ""
FIBERMAP 479 R-1C14 APOGEE 0 0 0 1 0 0 -7.655168487111833 -25.489215573841474 143.1 21.17605601557711 -16.11844482204929 246.60526 59.248604 -999.0 -999.0 -999.0 -999.0 -999.0 22.99150547642651 -41.718266436951154 22.955844746273726 -41.57443965162109 59.573632930391945 236.35926332527802 -999.0 16600.0 -999.0 2 230 {-999.0 -999.0 -999.0 -999.0 -999.0} "" -999.0 -999.0 -999.0 -999.0 -999 -999 "" ops_sky_apogee_best_unassigned ops_sky sky_apogee 0 0 0.0 0.0 -999 ""
FIBERMAP 479 R-1C14 BOSS 1 1 0 1 0 0 -7.970187495785186 -24.827105717480862 143.1 20.44552501015437 -16.18086404066809 246.60526 59.248604 22.988367188944668 -41.718408153803864 9.65002 -38.685196 0.6529899 22.988387147603714 -41.71850042566859 22.952897736008538 -41.57464190680419 59.571440882494315 236.35987594570838 5400.0 5400.0 2016.0 1 339 {-999.0 17.286865 16.753168 16.572176 -999.0} sdss_psfmag_gaia 17.174944 16.790281 16.243626 15.17 63050395808839261 1136525224 dark_flexible_3x1 mwm_halo_local_high_boss_triple mwm_halo science 0 0 0.0 0.0 -999 ""
FIBERMAP 479 R-1C14 METROLOGY 0 0 0 1 0 0 -7.231087925189485 -24.87890828972661 143.1 20.75358116547843 -15.507070893586576 246.60526 59.248604 -999.0 -999.0 -999.0 -999.0 -999.0 22.989684003954782 -41.71644464904785 22.954148012593294 -41.57259594432698 59.572821663193245 236.36338273366363 -999.0 6231.0 -999.0 -1 -999 {-999.0 -999.0 -999.0 -999.0 -999.0} "" -999.0 -999.0 -999.0 -999.0 -999 -999 "" "" "" "" 0 0 0.0 0.0 -999 ""
FIBERMAP 480 R+9C15 APOGEE 0 0 0 1 0 0 120.68057039597062 154.89117991030412 143.1 -102.63711498236249 167.38212421337252 313.30798 55.751717 -999.0 -999.0 -999.0 -999.0 -999.0 22.491351416881866 -41.16181491211593 22.457771461464972 -41.01768480124331 59.32993143389342 237.5889477266848 -999.0 16600.0 -999.0 2 -999 {-999.0 -999.0 -999.0 -999.0 -999.0} "" -999.0 -999.0 -999.0 -999.0 -999 -999 "" "" "" "" 0 0 0.0 0.0 -999 ""
FIBERMAP 480 R+9C15 BOSS 1 1 0 1 0 0 119.94703136980378 154.74996334958794 143.1 -102.76250341760483 166.645753005976 313.30798 55.751717 22.490632358979386 -41.1639940771216 0.4187175 -0.9343277 -0.101951554 22.490625728808997 -41.1640160712787 22.457209251838606 -41.019858591959704 59.3290676655235 237.5849496641284 5400.0 5400.0 2016.0 1 237 {-999.0 20.675776 20.638449 20.525166 20.409342} sdss_psfmag_from_lsdr10 20.574633 20.61304 20.154833 -999.0 63050395809808771 1131347757 dark_flexible_3x1 bhm_spiders_agn_lsdr10_d3 bhm_spiders science 0 0 0.0 0.0 -999 ""
FIBERMAP 480 R+9C15 METROLOGY 0 0 0 1 0 0 120.20569614883357 155.46910089642776 143.1 -103.34496150425338 167.14047454386275 313.30798 55.751717 -999.0 -999.0 -999.0 -999.0 -999.0 22.48832336193186 -41.16248860502727 22.45486811593571 -41.01833696220832 59.3276534155969 237.5885830577384 -999.0 6231.0 -999.0 -1 -999 {-999.0 -999.0 -999.0 -999.0 -999.0} "" -999.0 -999.0 -999.0 -999.0 -999 -999 "" "" "" "" 0 0 0.0 0.0 -999 ""
FIBERMAP 482 R+7C10 APOGEE 0 0 0 1 0 0 2.601566110263951 135.733118816258 143.1 -126.16709113499243 50.10226195376261 4.8470397 111.56748 -999.0 -999.0 -999.0 -999.0 -999.0 22.393779572105487 -41.516723887052045 22.359925410183223 -41.37242988084616 59.18324465163465 236.94088825115927 -999.0 16600.0 -999.0 2 137 {-999.0 -999.0 -999.0 -999.0 -999.0} "" -999.0 -999.0 -999.0 -999.0 -999 -999 "" ops_sky_apogee_best_unassigned ops_sky sky_apogee 0 0 0.0 0.0 -999 ""
FIBERMAP 482 R+7C10 BOSS 1 1 0 1 0 0 2.977070422701697 135.07665310264963 143.1 -125.42060335195315 50.22329289391484 4.8470397 111.56748 22.396576719296736 -41.516353906671206 -0.20330721 0.24586825 0.14298491 22.39655446596036 -41.51636907417907 22.362860251842278 -41.372050024907765 59.18547723185696 236.94068889184285 5400.0 5400.0 2016.0 1 132 {-999.0 19.952991 19.710854 19.495272 19.32189} sdss_psfmag_from_gaiadr2 20.027828 19.739414 19.237408 -999.0 63050395809808476 1130424112 dark_flexible_3x1 bhm_gua_dark_d3 bhm_filler science 0 0 0.0 0.0 -999 ""
FIBERMAP 482 R+7C10 METROLOGY 0 0 0 1 0 0 2.209148633012198 135.0953690394033 143.1 -125.70780374504476 49.510895512117564 4.8470397 111.56748 -999.0 -999.0 -999.0 -999.0 -999.0 22.39540594970372 -41.51851341186107 22.361664337834668 -41.3742006813046 59.1841386688084 236.93696506270285 -999.0 6231.0 -999.0 -1 -999 {-999.0 -999.0 -999.0 -999.0 -999.0} "" -999.0 -999.0 -999.0 -999.0 -999 -999 "" "" "" "" 0 0 0.0 0.0 -999 ""
FIBERMAP 486 R-1C9 APOGEE 0 0 0 1 0 0 -91.46529707679973 -27.88811876261904 143.1 -6.010264668104252 -95.42847403387677 313.17093 121.847435 -999.0 -999.0 -999.0 -999.0 -999.0 22.88116734456025 -41.95912010072774 22.845420198733393 -41.815142132114026 59.43747270251811 235.9357084399727 -999.0 16600.0 -999.0 2 279 {-999.0 -999.0 -999.0 -999.0 -999.0} "" -999.0 -999.0 -999.0 -999.0 -999 -999 "" ops_sky_apogee_best_unassigned ops_sky sky_apogee 0 0 0.0 0.0 -999 ""
FIBERMAP 486 R-1C9 BOSS 1 1 0 1 0 0 -91.73910054850225 -28.584480797204055 143.1 -5.454446632184515 -95.92937096946635 313.17093 121.847435 22.883270959289046 -41.96077903003077 4.334803 15.813829 3.8197947 22.88326877166548 -41.960721769303426 22.847678936022078 -41.816715500117844 59.43873919069648 235.93192268738974 5400.0 5400.0 2016.0 1 458 {-999.0 20.998346 19.050484 17.489536 -999.0} sdss_psfmag_gaia 19.48056 18.216158 16.594978 14.277 63050395808839039 1095106244 bright_1x1 mwm_bin_vis_boss mwm_filler science 0 0 0.0 0.0 -999 ""
FIBERMAP 486 R-1C9 METROLOGY 0 0 0 1 0 0 -92.20846685176636 -27.982888357248104 143.1 -6.182521381823923 -96.15755090084969 313.17093 121.847435 -999.0 -999.0 -999.0 -999.0 -999.0 22.88034282871188 -41.96141618492606 22.84471261011805 -41.81741565278568 59.43642582200954 235.93160623413723 -999.0 6231.0 -999.0 -1 -999 {-999.0 -999.0 -999.0 -999.0 -999.0} "" -999.0 -999.0 -999.0 -999.0 -999 -999 "" "" "" "" 0 0 0.0 0.0 -999 ""
FIBERMAP 491 R+1C18 APOGEE 0 0 0 1 0 0 99.33847033066466 33.703371032001684 143.1 3.330598317364235 104.8419564760988 105.184074 107.751144 -999.0 -999.0 -999.0 -999.0 -999.0 22.918251272889574 -41.35118588723426 22.883328216281825 -41.20737949488451 59.60293644372322 237.09001298728487 -999.0 16600.0 -999.0 2 79 {-999.0 -999.0 -999.0 -999.0 -999.0} "" -999.0 -999.0 -999.0 -999.0 -999 -999 "" ops_sky_apogee_best_unassigned ops_sky sky_apogee 0 0 0.0 0.0 -999 ""
FIBERMAP 491 R+1C18 BOSS 1 1 0 1 0 0 99.9623570300214 34.1164985546301 143.1 3.162901443065861 105.57115447709444 105.184074 107.751144 22.917396020863293 -41.34895771459409 0.24877283 -0.93119353 -0.52319133 22.917408027365262 -41.34894594385365 22.882653549939846 -41.20511186328052 59.60293651161392 237.0946054636009 5400.0 5400.0 2016.0 1 240 {-999.0 20.681818 20.709074 20.355467 20.229} sdss_fiber2mag_from_lsdr10 20.063646 20.107836 19.380026 -999.0 63050395808840100 1131347763 dark_flexible_3x1 bhm_spiders_agn_lsdr10_d3 bhm_spiders science 0 0 0.0 0.0 -999 ""
FIBERMAP 491 R+1C18 METROLOGY 0 0 0 1 0 0 100.00113163379326 33.3628582216935 143.1 3.882117184766567 105.34279518363206 105.184074 107.751144 -999.0 -999.0 -999.0 -999.0 -999.0 22.920364724907987 -41.349617384116655 22.885555630018644 -41.205793500508996 59.60491825451855 237.0923481423336 -999.0 6231.0 -999.0 -1 -999 {-999.0 -999.0 -999.0 -999.0 -999.0} "" -999.0 -999.0 -999.0 -999.0 -999 -999 "" "" "" "" 0 0 0.0 0.0 -999 ""
FIBERMAP 492 R-4C12 APOGEE 0 0 0 1 0 0 -1.0435661511807541 -87.01896339681451 143.1 81.10539357778727 -31.536220480253117 227.53557 147.1735 -999.0 -999.0 -999.0 -999.0 -999.0 23.235539661781345 -41.764401296226985 23.199192749312317 -41.62077814599524 59.73983886961895 236.18623819175934 -999.0 16600.0 -999.0 2 -999 {-999.0 -999.0 -999.0 -999.0 -999.0} "" -999.0 -999.0 -999.0 -999.0 -999 -999 "" "" "" "" 0 0 0.0 0.0 -999 ""
FIBERMAP 492 R-4C12 BOSS 1 1 0 1 0 0 -1.7730746605213155 -87.22637179152407 143.1 81.04339295655518 -32.292063239298265 227.53557 147.1735 23.235184476019786 -41.766753321275566 -0.05378066 0.27681017 -1.0747892 23.235202157379877 -41.76674475640595 23.199015104042644 -41.62309133041768 59.7391654151093 236.18183886802376 5400.0 5400.0 2016.0 1 408 {-999.0 20.927835 20.828203 20.651827 20.480202} sdss_psfmag_from_lsdr10 20.351353 20.567293 20.054146 -999.0 63050395808839620 1131342770 dark_flexible_3x1 bhm_spiders_agn_lsdr10_d3 bhm_spiders science 0 0 0.0 0.0 -999 ""
FIBERMAP 492 R-4C12 METROLOGY 0 0 0 1 0 0 -1.5816381813799671 -86.49937056861786 143.1 80.4299633456072 -31.857522927776284 227.53557 147.1735 -999.0 -999.0 -999.0 -999.0 -999.0 23.232754692811874 -41.765429848433044 23.19652976140634 -41.62178291119941 59.737667620734435 236.1852298779893 -999.0 6231.0 -999.0 -1 -999 {-999.0 -999.0 -999.0 -999.0 -999.0} "" -999.0 -999.0 -999.0 -999.0 -999 -999 "" "" "" "" 0 0 0.0 0.0 -999 ""
FIBERMAP 494 R+10C13 APOGEE 0 0 0 1 0 0 103.99722419728104 203.91117643665734 143.1 -154.3911236806985 168.97703320417187 64.91263 81.732895 -999.0 -999.0 -999.0 -999.0 -999.0 22.28357037924967 -41.156644896758024 22.250514855297354 -41.01234027271777 59.17795400791236 237.66179687640278 -999.0 16600.0 -999.0 2 -999 {-999.0 -999.0 -999.0 -999.0 -999.0} "" -999.0 -999.0 -999.0 -999.0 -999 -999 "" "" "" "" 0 0 0.0 0.0 -999 ""
FIBERMAP 494 R+10C13 BOSS 1 1 0 1 0 0 104.64073478032441 203.51844605832042 143.1 -153.79744121359585 169.44160428911513 64.91263 81.732895 22.2857666015625 -41.15523498790847 -999.0 -999.0 -999.0 22.285768964658097 -41.155246757446285 22.25287594305871 -41.01091833923226 59.17998718785316 237.6638084658531 5400.0 5400.0 2015.5 1 103 {-999.0 -999.0 -999.0 -999.0 -999.0} "" -999.0 -999.0 -999.0 -999.0 27021603161556709 821851357 "" ops_sky_boss_good ops_sky sky_boss 0 0 0.0 0.0 -999 ""
FIBERMAP 494 R+10C13 METROLOGY 0 0 0 1 0 0 103.97245340871119 203.1635905721376 143.1 -153.69989222755618 168.69130546748195 64.91263 81.732895 -999.0 -999.0 -999.0 -999.0 -999.0 22.286147236235607 -41.15747695672606 22.253203030710722 -41.01315569808092 59.17977459782332 237.65943471022388 -999.0 6231.0 -999.0 -1 -999 {-999.0 -999.0 -999.0 -999.0 -999.0} "" -999.0 -999.0 -999.0 -999.0 -999 -999 "" "" "" "" 0 0 0.0 0.0 -999 ""
FIBERMAP 496 R-9C5 APOGEE 0 0 1 1 0 0 -99.300320501745 -167.12742271029282 143.1 121.60163009956182 -151.66187882864983 11.856174 168.6255 -999.0 -999.0 -999.0 -999.0 -999.0 23.40286656317865 -42.12752794290819 23.365530705508604 -41.98396974978082 59.77233397969897 235.4270319168951 -999.0 16600.0 -999.0 2 268 {-999.0 -999.0 -999.0 -999.0 -999.0} "" -999.0 -999.0 -999.0 -999.0 -999 -999 "" ops_sky_apogee_best_unassigned ops_sky sky_apogee 0 0 0.0 0.0 -999 ""
FIBERMAP 496 R-9C5 BOSS 1 0 1 1 0 0 -98.54749074719601 -167.16687006701696 143.1 121.90294037580165 -150.97089185455957 11.856174 168.6255 23.38919885547087 -42.09705805848731 0.15451913 -1.4386803 -1.1787696 23.403968424252447 -42.12550716442788 23.366795694808218 -41.98191940899373 59.77375391087415 235.43051342457844 5400.0 5400.0 2016.0 1 364 {-999.0 20.86168 20.740759 20.616259 20.572395} sdss_psfmag_from_gaiadr2 20.384302 20.735113 19.999672 -999.0 63050395808838339 1130401388 dark_flexible_3x1 bhm_gua_dark_d3 bhm_filler science 0 0 0.0 0.0 -999 ""
FIBERMAP 496 R-9C5 METROLOGY 0 0 1 1 0 0 -98.9596147157763 -167.8032882802955 143.1 122.35406059033576 -151.58024096549238 11.856174 168.6255 -999.0 -999.0 -999.0 -999.0 -999.0 23.40588920274043 -42.1273479362466 23.368662558645383 -41.98377024888326 59.77463861308824 235.42626747637237 -999.0 6231.0 -999.0 -1 -999 {-999.0 -999.0 -999.0 -999.0 -999.0} "" -999.0 -999.0 -999.0 -999.0 -999 -999 "" "" "" "" 0 0 0.0 0.0 -999 ""
FIBERMAP 499 R+7C3 APOGEE 0 0 0 1 0 0 -157.15334175684816 142.90660841854304 143.1 -188.98576833557428 -96.94976986223253 32.086807 118.68636 -999.0 -999.0 -999.0 -999.0 -999.0 22.135792935277024 -41.96120193690215 22.10194386263106 -41.816589909962126 58.89775836332274 236.18052253061134 -999.0 16600.0 -999.0 2 17 {-999.0 -999.0 -999.0 -999.0 -999.0} "" -999.0 -999.0 -999.0 -999.0 -999 -999 "" ops_sky_apogee_best_unassigned ops_sky sky_apogee 0 0 0.0 0.0 -999 ""
FIBERMAP 499 R+7C3 BOSS 1 1 0 1 0 0 -156.52505192585676 142.54246549398178 143.1 -188.4241961914364 -96.48940997531247 32.086807 118.68636 22.137868089096667 -41.959883533094946 -0.77026737 0.06550557 0.1359075 22.137853146715656 -41.959876823693826 22.10416988406314 -41.815237979098754 58.899677087738986 236.18235767424966 5400.0 5400.0 2016.0 1 27 {-999.0 20.947216 20.781158 20.639166 20.545742} sdss_psfmag_from_gaiadr2 20.603544 20.775478 20.034163 -999.0 63050395809333804 1056958585 dark_flexible_2x2 bhm_gua_dark bhm_filler science 0 0 0.0 0.0 -999 ""
FIBERMAP 499 R+7C3 METROLOGY 0 0 0 1 0 0 -157.18847059969983 142.158387012189 143.1 -188.29757937827452 -97.24541855946501 32.086807 118.68636 -999.0 -999.0 -999.0 -999.0 -999.0 22.1383600376511 -41.9621741797393 22.104624196335294 -41.81754339841587 58.89949299343526 236.1778606955915 -999.0 6231.0 -999.0 -1 -999 {-999.0 -999.0 -999.0 -999.0 -999.0} "" -999.0 -999.0 -999.0 -999.0 -999 -999 "" "" "" "" 0 0 0.0 0.0 -999 ""
FIBERMAP 500 R-7C10 APOGEE 0 0 0 1 0 0 8.49985167596585 -135.2904677517543 143.1 129.65123495413832 -39.55306326061047 49.40145 59.59679 -999.0 -999.0 -999.0 -999.0 -999.0 23.43303443068957 -41.787758260300855 23.39615332184377 -41.64430508014773 59.87726579972053 236.07133669557408 -999.0 16600.0 -999.0 2 190 {-999.0 -999.0 -999.0 -999.0 -999.0} "" -999.0 -999.0 -999.0 -999.0 -999 -999 "" ops_sky_apogee_best_unassigned ops_sky sky_apogee 0 0 0.0 0.0 -999 ""
FIBERMAP 500 R-7C10 BOSS 1 1 0 1 0 0 8.741491704545275 -135.96017596844194 143.1 130.36311084622028 -39.56201380129258 49.40145 59.59679 23.435840104553204 -41.78782714103805 -999.0 -999.0 -999.0 23.43584724041887 -41.787816674747624 23.399120551081865 -41.644336233177604 59.87941132100952 236.0702193549082 5400.0 5400.0 2016.0 1 388 {-999.0 22.19928 21.85419 21.87258 21.96665} sdss_psfmag_from_lsdr10 1e+20 1e+20 1e+20 -999.0 63050396614483886 1131342777 dark_flexible_3x1 bhm_spiders_agn_lsdr10_d3 bhm_spiders science 0 0 0.0 0.0 -999 ""
FIBERMAP 500 R-7C10 METROLOGY 0 0 0 1 0 0 8.015746836475468 -135.85931005907923 143.1 130.01380881721946 -40.2060735693191 49.40145 59.59679 -999.0 -999.0 -999.0 -999.0 -999.0 23.434510861957385 -41.789774753246576 23.39773870411244 -41.64630109776487 59.87793855140848 236.06691007575557 -999.0 6231.0 -999.0 -1 -999 {-999.0 -999.0 -999.0 -999.0 -999.0} "" -999.0 -999.0 -999.0 -999.0 -999 -999 "" "" "" "" 0 0 0.0 0.0 -999 ""
FIBERMAP 502 R+1C22 APOGEE 0 0 0 1 0 0 193.11546959651523 40.58511894251482 143.1 29.81998607255392 195.05778846692598 148.04314 35.57569 -999.0 -999.0 -999.0 -999.0 -999.0 23.024254244636683 -41.07817922808903 22.989476944493276 -40.93452791561516 59.73987273813031 237.58352033567076 -999.0 16600.0 -999.0 2 81 {-999.0 -999.0 -999.0 -999.0 -999.0} "" -999.0 -999.0 -999.0 -999.0 -999 -999 "" ops_sky_apogee_best_unassigned ops_sky sky_apogee 0 0 0.0 0.0 -999 ""
FIBERMAP 502 R+1C22 BOSS 1 1 0 1 0 0 193.87973441970135 40.633002649562876 143.1 30.043548020774043 195.79015035241858 148.04314 35.57569 23.024996846269904 -41.075918629754625 -999.0 -999.0 -999.0 23.024992449980587 -41.07594000328327 22.9903784465601 -40.93226328932479 59.74101926764284 237.5876247632157 5400.0 5400.0 2016.0 1 245 {-999.0 22.708204 21.646988 21.00769 20.534653} sdss_fiber2mag_from_lsdr10 21.57494 21.185286 20.126675 -999.0 63050395809809008 1131350151 dark_flexible_3x1 bhm_spiders_agn_lsdr10_d3 bhm_spiders science 0 0 0.0 0.0 -999 ""
FIBERMAP 502 R+1C22 METROLOGY 0 0 0 1 0 0 193.5313070561947 39.95895419100421 143.1 30.55226858074722 195.2272225285857 148.04314 35.57569 -999.0 -999.0 -999.0 -999.0 -999.0 23.02709629434258 -41.07760027791438 22.992428758952258 -40.93393254410521 59.74217830184141 237.58373473876287 -999.0 6231.0 -999.0 -1 -999 {-999.0 -999.0 -999.0 -999.0 -999.0} "" -999.0 -999.0 -999.0 -999.0 -999 -999 "" "" "" "" 0 0 0.0 0.0 -999 ""
FIBERMAP 504 R+7C15 APOGEE 0 0 0 1 0 0 106.29816021194706 122.41702835251286 143.1 -77.28384493549785 142.51231258740873 304.16418 106.017044 -999.0 -999.0 -999.0 -999.0 -999.0 22.59293505375226 -41.23709786267077 22.558992155064516 -41.093037130796006 59.388893471070915 237.41314917474375 -999.0 16600.0 -999.0 2 -999 {-999.0 -999.0 -999.0 -999.0 -999.0} "" -999.0 -999.0 -999.0 -999.0 -999 -999 "" "" "" "" 0 0 0.0 0.0 -999 ""
FIBERMAP 504 R+7C15 BOSS 1 1 0 1 0 0 105.82038880419312 121.85455792737338 143.1 -76.92501260978192 141.86746964803734 304.16418 106.017044 22.594150880947687 -41.23900078777939 0.07176239 -0.24793951 -0.89462036 22.594165149308257 -41.239019009326434 22.560380905661475 -41.09493223015691 59.38951844940353 237.40907865048007 5400.0 5400.0 2016.0 1 195 {-999.0 20.434683 19.600307 19.172945 18.870209} sdss_fiber2mag_from_lsdr10 19.410442 20.17126 17.95912 15.758 63050395809808691 1131347760 dark_flexible_3x1 bhm_spiders_agn_lsdr10_d3 bhm_spiders science 0 0 0.0 0.0 -999 ""
FIBERMAP 504 R+7C15 METROLOGY 0 0 0 1 0 0 105.56137055503996 122.54602144640089 143.1 -77.66335985050384 141.86778974792577 304.16418 106.017044 -999.0 -999.0 -999.0 -999.0 -999.0 22.59122358622682 -41.23899100086837 22.55740009303389 -41.09490927115426 59.38732704094012 237.41004987381183 -999.0 6231.0 -999.0 -1 -999 {-999.0 -999.0 -999.0 -999.0 -999.0} "" -999.0 -999.0 -999.0 -999.0 -999 -999 "" "" "" "" 0 0 0.0 0.0 -999 ""
FIBERMAP 508 R-3C10 APOGEE 0 0 0 1 0 0 -45.82268201516294 -52.60551325413545 143.1 33.16019907750489 -61.37559739031193 17.014101 128.71803 -999.0 -999.0 -999.0 -999.0 -999.0 23.04073489263094 -41.855581626364945 23.004740465486066 -41.711766335703686 59.57726299266352 236.07873889578707 -999.0 16600.0 -999.0 2 -999 {-999.0 -999.0 -999.0 -999.0 -999.0} "" -999.0 -999.0 -999.0 -999.0 -999 -999 "" "" "" "" 0 0 0.0 0.0 -999 ""
FIBERMAP 508 R-3C10 BOSS 1 1 0 1 0 0 -45.174437904901026 -53.02601017764039 143.1 33.78154040195866 -60.916345530477116 17.014101 128.71803 23.0431052813731 -41.854273903855926 -999.0 -999.0 -999.0 23.043126419999318 -41.85424882461907 23.00729188304598 -41.7104063883274 59.57943362149767 236.08046682831144 5400.0 5400.0 2016.0 1 494 {-999.0 -999.0 -999.0 -999.0 -999.0} "" -999.0 -999.0 -999.0 -999.0 63050398044896279 1128040570 dark_flexible_3x1 bhm_csc_boss_d3 bhm_csc science 0 0 0.0 0.0 -999 ""
FIBERMAP 508 R-3C10 METROLOGY 0 0 0 1 0 0 -45.87130645593856 -53.35192726830946 143.1 33.84195649424375 -61.68324668098026 17.014101 128.71803 -999.0 -999.0 -999.0 -999.0 -999.0 23.043431059456424 -41.856573233941916 23.007545750402755 -41.71273889628115 59.579070332706415 236.07590112895585 -999.0 6231.0 -999.0 -1 -999 {-999.0 -999.0 -999.0 -999.0 -999.0} "" -999.0 -999.0 -999.0 -999.0 -999 -999 "" "" "" "" 0 0 0.0 0.0 -999 ""
FIBERMAP 510 R-3C24 APOGEE 0 0 0 1 0 0 256.4059269502812 -71.81147035208892 143.1 157.27800608677973 214.8424956198344 268.8322 111.70606 -999.0 -999.0 -999.0 -999.0 -999.0 23.534787601490322 -41.017338376365295 23.4988444365448 -40.87415353266642 60.12881609485906 237.53550041494037 -999.0 16600.0 -999.0 2 238 {-999.0 -999.0 -999.0 -999.0 -999.0} "" -999.0 -999.0 -999.0 -999.0 -999 -999 "" ops_sky_apogee_best_unassigned ops_sky sky_apogee 0 0 0.0 0.0 -999 ""
FIBERMAP 510 R-3C24 BOSS 1 1 0 1 0 0 255.74018157947214 -72.1298510792904 143.1 157.34229601452745 214.10738028586312 268.8322 111.70606 23.53492302443246 -41.01957298756741 -0.29438522 -5.981231 1.7279066 23.534921133651732 -41.019576288616186 23.499133103761494 -40.87636409746522 60.12854528483863 237.531073693461 5400.0 5400.0 2016.0 1 348 {-999.0 20.175812 20.416191 20.571045 -999.0} sdss_psfmag_gaia 20.339962 20.29549 20.307032 -999.0 63050395808842190 1092647966 dark_flexible_2x1 mwm_cb_galex_vol_boss mwm_cb science 0 0 0.0 0.0 -999 ""
FIBERMAP 510 R-3C24 METROLOGY 0 0 0 1 0 0 255.8116128216494 -71.37962030884655 143.1 156.6649743988581 214.4377229027438 268.8322 111.70606 -999.0 -999.0 -999.0 -999.0 -999.0 23.532281120481453 -41.01854345081142 23.496456142138413 -40.8753367701492 60.12679505648823 237.53397571503245 -999.0 6231.0 -999.0 -1 -999 {-999.0 -999.0 -999.0 -999.0 -999.0} "" -999.0 -999.0 -999.0 -999.0 -999 -999 "" "" "" "" 0 0 0.0 0.0 -999 ""
FIBERMAP 511 R-1C13 APOGEE 0 0 0 1 0 0 -10.924001793858292 -38.54189069041345 143.1 32.248734600155245 -23.7627208933471 315.0662 64.698784 -999.0 -999.0 -999.0 -999.0 -999.0 23.036637010756557 -41.741397416915525 23.00082720625869 -41.59760474073661 59.60102548692292 236.29940288610567 -999.0 16600.0 -999.0 2 180 {-999.0 -999.0 -999.0 -999.0 -999.0} "" -999.0 -999.0 -999.0 -999.0 -999 -999 "" ops_sky_apogee_best_unassigned ops_sky sky_apogee 0 0 0.0 0.0 -999 ""
FIBERMAP 511 R-1C13 BOSS 1 1 0 1 0 0 -11.624914099189727 -38.78809370056255 143.1 32.233097969385085 -24.505414165413132 315.0662 64.698784 23.036458386486014 -41.7437210063294 -0.28478467 1.4135605 0.37553474 23.036444791505716 -41.743697765130705 23.000795588709366 -41.59987527950836 59.60047697307732 236.29504850413184 5400.0 5400.0 2016.0 1 431 {-999.0 20.37896 20.247261 20.123047 20.067368} sdss_psfmag_from_gaiadr2 20.27299 20.23839 19.836742 -999.0 63050395808839244 1130401421 dark_flexible_3x1 bhm_gua_dark_d3 bhm_filler science 0 0 0.0 0.0 -999 ""
FIBERMAP 511 R-1C13 METROLOGY 0 0 0 1 0 0 -11.489641660057627 -38.05532836761502 143.1 31.59454809037423 -24.121433442450368 315.0662 64.698784 -999.0 -999.0 -999.0 -999.0 -999.0 23.033891401439007 -41.74253055446617 22.998204060670446 -41.59871436015215 59.598860316392816 236.29816669420484 -999.0 6231.0 -999.0 -1 -999 {-999.0 -999.0 -999.0 -999.0 -999.0} "" -999.0 -999.0 -999.0 -999.0 -999 -999 "" "" "" "" 0 0 0.0 0.0 -999 ""
FIBERMAP 512 R+9C8 APOGEE 0 0 0 1 0 0 -36.07222321715939 187.28413467771466 143.1 -188.01334521766992 31.997365064668486 99.405975 118.56565 -999.0 -999.0 -999.0 -999.0 -999.0 22.143415204403862 -41.570590886604336 22.110113828047474 -41.42607436004931 58.98872278027776 236.91677846289096 -999.0 16600.0 -999.0 2 134 {-999.0 -999.0 -999.0 -999.0 -999.0} "" -999.0 -999.0 -999.0 -999.0 -999 -999 "" ops_sky_apogee_best_unassigned ops_sky sky_apogee 0 0 0.0 0.0 -999 ""
FIBERMAP 512 R+9C8 BOSS 1 1 0 1 0 0 -35.499996881483355 187.76224512784034 143.1 -188.26002463390677 32.70101643053754 99.405975 118.56565 22.142171130121067 -41.56836596746726 0.94672465 -30.312502 0.77361697 22.1421982015012 -41.56847049462717 22.10907090595731 -41.42392608401892 58.98841467474345 236.92117536608427 5400.0 5400.0 2016.0 1 129 {-999.0 17.343494 16.859379 16.698854 -999.0} sdss_psfmag_gaia 17.243977 16.892523 16.365355 15.494 63050395809334355 1136526667 dark_flexible_3x1 mwm_halo_local_high_boss_triple mwm_halo science 0 0 0.0 0.0 -999 ""
FIBERMAP 512 R+9C8 METROLOGY 0 0 0 1 0 0 -35.37477097707787 187.0177862641957 143.1 -187.51904525515857 32.556821865223874 99.405975 118.56565 -999.0 -999.0 -999.0 -999.0 -999.0 22.14519609662729 -41.56891052511082 22.112012991642302 -41.42437626178541 58.990474894002155 236.91941245901882 -999.0 6231.0 -999.0 -1 -999 {-999.0 -999.0 -999.0 -999.0 -999.0} "" -999.0 -999.0 -999.0 -999.0 -999 -999 "" "" "" "" 0 0 0.0 0.0 -999 ""
FIBERMAP 513 R+2C25 APOGEE 0 0 0 1 0 0 260.0301284398574 58.658819389233784 143.1 36.397388286399554 264.05401255119574 186.50154 25.243326 -999.0 -999.0 -999.0 -999.0 -999.0 23.04964948365299 -40.870564877372004 23.015119811826423 -40.72698345659217 59.8023578715942 237.97851859214333 -999.0 16600.0 -999.0 2 108 {-999.0 -999.0 -999.0 -999.0 -999.0} "" -999.0 -999.0 -999.0 -999.0 -999 -999 "" ops_sky_apogee_best_unassigned ops_sky sky_apogee 0 0 0.0 0.0 -999 ""
FIBERMAP 513 R+2C25 BOSS 1 1 0 1 0 0 260.63479452563655 59.05744626628228 143.1 36.236517839027215 264.76012285867455 186.50154 25.243326 23.048804186360414 -40.86847161764458 1.1848372 -1.3230497 2.1793606 23.048833266418946 -40.86847619733552 23.014469775897396 -40.724868738573235 59.802313339699545 237.98283459102137 5400.0 5400.0 2016.0 1 184 {-999.0 20.876493 20.73381 20.60622 20.538439} sdss_psfmag_from_gaiadr2 20.618961 20.724266 20.136078 -999.0 63050395809809123 1056969807 dark_flexible_2x2 bhm_gua_dark bhm_filler science 0 0 0.0 0.0 -999 ""
FIBERMAP 513 R+2C25 METROLOGY 0 0 0 1 0 0 260.68619471523317 58.303709764423445 143.1 36.960257451871215 264.5435505507368 186.50154 25.243326 -999.0 -999.0 -999.0 -999.0 -999.0 23.05178569891995 -40.86906465986042 23.017368431750697 -40.725466960779336 59.80433882867691 237.98076751196373 -999.0 6231.0 -999.0 -1 -999 {-999.0 -999.0 -999.0 -999.0 -999.0} "" -999.0 -999.0 -999.0 -999.0 -999 -999 "" "" "" "" 0 0 0.0 0.0 -999 ""
FIBERMAP 516 R+10C9 APOGEE 0 0 0 1 0 0 -0.6991188652866223 202.53660240850863 143.1 -189.87126350557074 70.47191985623581 44.115932 157.52505 -999.0 -999.0 -999.0 -999.0 -999.0 22.137308107051737 -41.45400746597303 22.104190277994007 -41.30951245927421 59.00893340186457 237.13982715119823 -999.0 16600.0 -999.0 2 -999 {-999.0 -999.0 -999.0 -999.0 -999.0} "" -999.0 -999.0 -999.0 -999.0 -999 -999 "" "" "" "" 0 0 0.0 0.0 -999 ""
FIBERMAP 516 R+10C9 BOSS 1 1 0 1 0 0 -0.020489045506505613 202.80911099118484 143.1 -189.88808070484674 71.20298900518564 44.115932 157.52505 22.137030306163467 -41.45180288007612 -999.0 -999.0 -999.0 22.137032874124237 -41.45180129699873 22.104086542147797 -41.30727966078255 59.00932379964567 237.14409939400338 5400.0 5400.0 2016.0 1 126 {-999.0 21.348892 21.277002 21.093405 20.911404} sdss_psfmag_from_lsdr10 1e+20 21.074781 20.192425 -999.0 63050395809334392 1131345263 dark_flexible_3x1 bhm_spiders_agn_lsdr10_d3 bhm_spiders science 0 0 0.0 0.0 -999 ""
FIBERMAP 516 R+10C9 METROLOGY 0 0 0 1 0 0 -0.11206513310130269 202.073065859439 143.1 -189.23111488710057 70.8587673812349 44.115932 157.52505 -999.0 -999.0 -999.0 -999.0 -999.0 22.139675971475477 -41.452837672995884 22.106673986236956 -41.30832562311122 59.01100592253312 237.1413239389068 -999.0 6231.0 -999.0 -1 -999 {-999.0 -999.0 -999.0 -999.0 -999.0} "" -999.0 -999.0 -999.0 -999.0 -999 -999 "" "" "" "" 0 0 0.0 0.0 -999 ""
FIBERMAP 517 R+13C10 APOGEE 0 0 0 1 0 0 64.18562153606145 231.84416588163594 143.1 -194.5244763616017 141.5127138869649 3.4087715 23.653368 -999.0 -999.0 -999.0 -999.0 -999.0 22.12154795870402 -41.2390928531681 22.088778134705706 -41.09463377099271 59.041828805528766 237.55303831442845 -999.0 16600.0 -999.0 2 97 {-999.0 -999.0 -999.0 -999.0 -999.0} "" -999.0 -999.0 -999.0 -999.0 -999 -999 "" ops_sky_apogee_best_unassigned ops_sky sky_apogee 0 0 0.0 0.0 -999 ""
FIBERMAP 517 R+13C10 BOSS 1 1 0 1 0 0 63.498073562719775 231.5383701826759 143.1 -194.47962582192042 140.7616053640711 3.4087715 23.653368 22.12151081131542 -41.24132943305251 4.2742286 1.5794797 0.23401904 22.1214971708766 -41.24137145234156 22.088891310089025 -41.0968857220847 59.04145559305266 237.54871797544104 5400.0 5400.0 2016.0 1 171 {-999.0 17.497316 17.170916 17.074297 -999.0} sdss_psfmag_gaia 17.460854 17.185566 16.751686 16.046 63050395809809564 975972603 "" ops_std_boss ops_std standard_boss 0 0 0.0 0.0 -999 ""
FIBERMAP 517 R+13C10 METROLOGY 0 0 0 1 0 0 63.58264125910782 232.28150086327406 143.1 -195.14568671002252 141.1017536436602 3.4087715 23.653368 -999.0 -999.0 -999.0 -999.0 -999.0 22.118847898849317 -41.240303972732484 22.08620283990615 -41.09582367632259 59.03968704921495 237.55153833438416 -999.0 6231.0 -999.0 -1 -999 {-999.0 -999.0 -999.0 -999.0 -999.0} "" -999.0 -999.0 -999.0 -999.0 -999 -999 "" "" "" "" 0 0 0.0 0.0 -999 ""
FIBERMAP 519 R-5C15 APOGEE 0 0 0 1 0 0 60.76691866841238 -104.89341318334796 143.1 119.54692755078466 20.056986534594508 250.40921 62.214947 -999.0 -999.0 -999.0 -999.0 -999.0 23.390383813305945 -41.60711310720935 23.353890336562586 -41.46366344545848 59.889220476872495 236.43604918148205 -999.0 16600.0 -999.0 2 -999 {-999.0 -999.0 -999.0 -999.0 -999.0} "" -999.0 -999.0 -999.0 -999.0 -999 -999 "" "" "" "" 0 0 0.0 0.0 -999 ""
FIBERMAP 519 R-5C15 BOSS 1 1 0 1 0 0 60.27130908154713 -104.37555633940622 143.1 118.88803453259837 19.774830088591578 250.40921 62.214947 23.387578803784663 -41.60801749951425 0.37241092 1.0505005 0.35079232 23.387642262250516 -41.60800079506602 23.351315625835582 -41.46451947184779 59.88714456478497 236.43528754156864 5400.0 5400.0 2016.0 1 281 {-999.0 20.937279 20.778664 20.642042 20.556746} sdss_psfmag_from_gaiadr2 21.002285 20.77116 20.458952 -999.0 63050395808838921 1130401406 dark_flexible_3x1 bhm_gua_dark_d3 bhm_filler science 0 0 0.0 0.0 -999 ""
FIBERMAP 519 R-5C15 METROLOGY 0 0 0 1 0 0 60.9899663294546 -104.17944682720805 143.1 118.95680305198235 20.5165453852769 250.40921 62.214947 -999.0 -999.0 -999.0 -999.0 -999.0 23.387961869241572 -41.60573797380187 23.351592203323946 -41.46226568421762 59.88787200107147 236.43955944421583 -999.0 6231.0 -999.0 -1 -999 {-999.0 -999.0 -999.0 -999.0 -999.0} "" -999.0 -999.0 -999.0 -999.0 -999 -999 "" "" "" "" 0 0 0.0 0.0 -999 ""
FIBERMAP 520 R+1C14 APOGEE 1 1 0 1 0 0 25.07538735455018 1.7294661584047475 143.1 7.186713543577558 24.084288249058602 35.950443 2.201401 22.933934381675957 -41.59620202905303 51.095135 -21.840332 0.99519086 22.9343411594779 -41.59624434555633 22.89900917827282 -41.45239574859868 59.56000207773156 236.61300931889332 16000.0 16600.0 2016.0 2 121 {-999.0 13.258048 12.773186 12.5726 -999.0} sdss_psfmag_from_g3xp 13.148467 12.778629 12.234517 11.158 63050395808839522 1135916341 dark_flexible_3x1 mwm_halo_local_high_apogee_triple mwm_halo science 0 0 0.0 0.0 -999 ""
FIBERMAP 520 R+1C14 BOSS 0 0 0 1 0 0 24.458365018990918 1.3050909975505007 143.1 7.367351682648912 23.357567110415047 35.950443 2.201401 -999.0 -999.0 -999.0 -999.0 -999.0 22.93492147452324 -41.59846394132135 22.899748428070495 -41.45458690160802 59.560047274660036 236.60854917499893 -999.0 5400.0 -999.0 1 101 {-999.0 -999.0 -999.0 -999.0 -999.0} "" -999.0 -999.0 -999.0 -999.0 -999 -999 "" "" "" "" 0 0 0.0 0.0 -999 ""
FIBERMAP 520 R+1C14 METROLOGY 0 0 0 1 0 0 24.396117453005893 2.052368701327694 143.1 6.645849782842832 23.56171532631784 35.950443 2.201401 -999.0 -999.0 -999.0 -999.0 -999.0 22.932036437558217 -41.59783702187672 22.896825196951 -41.45396567977833 59.558053118955826 236.61071973468205 -999.0 6231.0 -999.0 -1 -999 {-999.0 -999.0 -999.0 -999.0 -999.0} "" -999.0 -999.0 -999.0 -999.0 -999 -999 "" "" "" "" 0 0 0.0 0.0 -999 ""
FIBERMAP 521 R+12C7 APOGEE 0 0 0 1 0 0 -9.62581827941157 229.78164223125003 143.1 -218.51441063291145 71.6821284199075 347.2508 117.07068 -999.0 -999.0 -999.0 -999.0 -999.0 22.022173080885118 -41.44976763588252 21.98935106496924 -41.305177904888936 58.92545787473206 237.1828640081263 -999.0 16600.0 -999.0 2 -999 {-999.0 -999.0 -999.0 -999.0 -999.0} "" -999.0 -999.0 -999.0 -999.0 -999 -999 "" "" "" "" 0 0 0.0 0.0 -999 ""
FIBERMAP 521 R+12C7 BOSS 1 1 0 1 0 0 -9.45309346141843 229.0724143330244 143.1 -217.7897358033004 71.59477726556489 347.2508 117.07068 22.02484130859375 -41.450057393192594 -999.0 -999.0 -999.0 22.024865146507405 -41.45006272991569 21.992204163737085 -41.30544840496323 58.927498636902236 237.18149126461145 5400.0 5400.0 2015.5 1 162 {-999.0 -999.0 -999.0 -999.0 -999.0} "" -999.0 -999.0 -999.0 -999.0 27021603161216524 814039887 "" ops_sky_boss_good ops_sky sky_boss 0 0 0.0 0.0 -999 ""
FIBERMAP 521 R+12C7 METROLOGY 0 0 0 1 0 0 -10.158963356565112 229.2569951655925 143.1 -218.21043662168023 70.9987243945878 347.2508 117.07068 -999.0 -999.0 -999.0 -999.0 -999.0 22.023150376208143 -41.451837975770616 21.990443505319774 -41.30722940447353 58.92583580467969 237.17864627336934 -999.0 6231.0 -999.0 -1 -999 {-999.0 -999.0 -999.0 -999.0 -999.0} "" -999.0 -999.0 -999.0 -999.0 -999 -999 "" "" "" "" 0 0 0.0 0.0 -999 ""
FIBERMAP 522 R-4C13 APOGEE 0 0 0 1 0 0 24.246553504173065 -59.1699274023445 143.1 63.912959056466725 1.92173961473757 123.87319 71.890305 -999.0 -999.0 -999.0 -999.0 -999.0 23.16504929357606 -41.66306660829173 23.129035572260932 -41.51940457047617 59.712450431988024 236.40606421945 -999.0 16600.0 -999.0 2 -999 {-999.0 -999.0 -999.0 -999.0 -999.0} "" -999.0 -999.0 -999.0 -999.0 -999 -999 "" "" "" "" 0 0 0.0 0.0 -999 ""
FIBERMAP 522 R-4C13 BOSS 1 1 0 1 0 0 24.962798249224637 -58.981816769452024 143.1 63.98836934152334 2.6583871620960706 123.87319 71.890305 23.164877454037498 -41.66072579393138 -0.035295278 -42.75037 2.574553 23.16523283671681 -41.66085615760664 23.129384724413853 -41.5171658363586 59.7132225195394 236.4102629875654 5400.0 5400.0 2016.0 1 406 {-999.0 17.081066 15.820676 15.265415 -999.0} sdss_psfmag_gaia 16.61028 15.782555 14.888303 13.125 63050395808839640 1124946410 bright_1x1 openfibertargets_mwm_snc_further_ext_boss open_fiber science 0 0 0.9579989910125732 0.0 -999 ""
FIBERMAP 522 R-4C13 METROLOGY 0 0 0 1 0 0 24.783445605813185 -59.69073935304509 143.1 64.5891163318501 2.241509219724222 123.87319 71.890305 -999.0 -999.0 -999.0 -999.0 -999.0 23.167734729920838 -41.66210616862931 23.13183230017472 -41.51842596225729 59.714714016182484 236.40699162205505 -999.0 6231.0 -999.0 -1 -999 {-999.0 -999.0 -999.0 -999.0 -999.0} "" -999.0 -999.0 -999.0 -999.0 -999 -999 "" "" "" "" 0 0 0.0 0.0 -999 ""
FIBERMAP 525 R+2C1 APOGEE 0 0 0 1 0 0 -262.19754841918154 57.32146489637877 143.1 -145.74556953254847 -225.35350206449309 118.3157 59.206512 -999.0 -999.0 -999.0 -999.0 -999.0 22.309849596125673 -42.349952143957424 22.274980140513662 -42.20539700378514 58.933571389183015 235.3903873330242 -999.0 16600.0 -999.0 2 4 {-999.0 -999.0 -999.0 -999.0 -999.0} "" -999.0 -999.0 -999.0 -999.0 -999 -999 "" ops_sky_apogee_best_unassigned ops_sky sky_apogee 0 0 0.0 0.0 -999 ""
FIBERMAP 525 R+2C1 BOSS 1 1 0 1 0 0 -261.438119959049 57.32394541302865 143.1 -145.48119708192507 -224.64161286246383 118.3157 59.206512 22.310734189349187 -42.34783598773824 0.115900174 0.027182288 0.1825232 22.310766909779336 -42.34784777984152 22.27606760494217 -42.20326336157069 58.93485854959565 235.39403581543394 5400.0 5400.0 2016.0 1 4 {-999.0 20.074142 19.81176 19.806316 19.853422} sdss_psfmag_from_lsdr10 19.783024 19.68526 19.285044 -999.0 63050395808352801 1131337738 dark_flexible_3x1 bhm_spiders_agn_lsdr10_d3 bhm_spiders science 0 0 0.0 0.0 -999 ""
FIBERMAP 525 R+2C1 METROLOGY 0 0 0 1 0 0 -261.8440396341338 56.66999250984914 143.1 -145.01148112638444 -225.25131098117484 118.3157 59.206512 -999.0 -999.0 -999.0 -999.0 -999.0 22.312690388886168 -42.34972787086615 22.27793530459627 -42.20515328488688 58.93575595454426 235.3898431040276 -999.0 6231.0 -999.0 -1 -999 {-999.0 -999.0 -999.0 -999.0 -999.0} "" -999.0 -999.0 -999.0 -999.0 -999 -999 "" "" "" "" 0 0 0.0 0.0 -999 ""
FIBERMAP 526 R+6C6 APOGEE 0 0 0 1 0 0 -115.50007585792864 104.4820635279881 143.1 -138.38290034240572 -71.44559285796186 248.73515 122.80633 -999.0 -999.0 -999.0 -999.0 -999.0 22.34180876132136 -41.885220792093996 22.307545282423177 -41.74079870739648 59.06414489557135 236.25734921573894 -999.0 16600.0 -999.0 2 -999 {-999.0 -999.0 -999.0 -999.0 -999.0} "" -999.0 -999.0 -999.0 -999.0 -999 -999 "" "" "" "" 0 0 0.0 0.0 -999 ""
FIBERMAP 526 R+6C6 BOSS 1 1 0 1 0 0 -116.24818757446279 104.3423942194012 143.1 -138.5148550125524 -72.19506444669399 248.73515 122.80633 22.341011418758953 -41.887567785558225 0.24867053 -0.2649344 -0.025815751 22.341012477705895 -41.887548898557164 22.306915415749927 -41.74309679774817 59.06317159780757 236.2531977754039 5400.0 5400.0 2016.0 1 56 {-999.0 19.883537 19.84913 19.685007 19.51705} sdss_psfmag_from_lsdr10 19.89296 19.649832 19.233953 -999.0 63050395809333918 1131340226 dark_flexible_3x1 bhm_spiders_agn_lsdr10_d3 bhm_spiders science 0 0 0.0 0.0 -999 ""
FIBERMAP 526 R+6C6 METROLOGY 0 0 0 1 0 0 -115.99975404304571 105.0386782314538 143.1 -139.07950937369114 -71.71794762450502 248.73515 122.80633 -999.0 -999.0 -999.0 -999.0 -999.0 22.338751121616376 -41.886091375376985 22.304614414755463 -41.741645873954205 59.061823742582504 236.25669694135746 -999.0 6231.0 -999.0 -1 -999 {-999.0 -999.0 -999.0 -999.0 -999.0} "" -999.0 -999.0 -999.0 -999.0 -999 -999 "" "" "" "" 0 0 0.0 0.0 -999 ""
FIBERMAP 527 R0C23 APOGEE 0 0 0 1 0 0 210.37316806783227 -8.313036276017703 143.1 81.66162042455692 194.043407244615 308.18494 122.58261 -999.0 -999.0 -999.0 -999.0 -999.0 23.232576605750925 -41.080852064919135 23.197280868305427 -40.93738333827048 59.89260431307733 237.51111663196087 -999.0 16600.0 -999.0 2 84 {-999.0 -999.0 -999.0 -999.0 -999.0} "" -999.0 -999.0 -999.0 -999.0 -999 -999 "" ops_sky_apogee_best_unassigned ops_sky sky_apogee 0 0 0.0 0.0 -999 ""
FIBERMAP 527 R0C23 BOSS 1 1 0 1 0 0 210.1774547737418 -9.019506232440067 143.1 82.25432562580038 193.6120728836526 308.18494 122.58261 23.234829730139978 -41.082136743643744 -999.0 -999.0 -999.0 23.23483305644974 -41.08212838604038 23.19969048589229 -40.93863452603315 59.894111601159835 237.50789779941937 5400.0 5400.0 2016.0 1 257 {-999.0 22.708559 21.70298 21.190935 20.79707} sdss_fiber2mag_from_lsdr10 1e+20 1e+20 1e+20 -999.0 63050397330093470 1131350155 dark_flexible_3x1 bhm_spiders_agn_lsdr10_d3 bhm_spiders science 0 0 0.0 0.0 -999 ""
FIBERMAP 527 R0C23 METROLOGY 0 0 0 1 0 0 209.65386808266894 -8.489172123114624 143.1 81.57392576157605 193.30810450151245 308.18494 122.58261 -999.0 -999.0 -999.0 -999.0 -999.0 23.232170225221118 -41.08301504603873 23.196987364454515 -40.93952623258418 59.89192529271037 237.5070408472966 -999.0 6231.0 -999.0 -1 -999 {-999.0 -999.0 -999.0 -999.0 -999.0} "" -999.0 -999.0 -999.0 -999.0 -999 -999 "" "" "" "" 0 0 0.0 0.0 -999 ""
FIBERMAP 529 R-10C15 APOGEE 1 1 0 1 0 0 130.1784952040958 -179.6737800544567 143.1 213.93620532133355 58.78262081374188 122.10162 101.70649 23.769937351223117 -41.48734810095167 1.8366833 -10.984981 2.1254518 23.76994831374475 -41.48740330868684 23.73269302263776 -41.34432252361975 60.19342434302829 236.53476332479954 16000.0 16600.0 2016.0 2 228 {-999.0 12.227639 11.975927 11.919793 -999.0} sdss_psfmag_from_g3xp 12.208954 11.976914 11.594589 10.992 63050395808840689 975149608 "" ops_std_apogee ops_std standard_apogee 0 0 0.0 0.0 -999 ""
FIBERMAP 529 R-10C15 BOSS 0 0 0 1 0 0 130.7072463104654 -179.15662719736105 143.1 213.63770472699602 59.45927916147799 122.10162 101.70649 -999.0 -999.0 -999.0 -999.0 -999.0 23.768608686750714 -41.48538115609154 23.731518867278453 -41.342270624055686 60.19305230868098 236.53919329472947 -999.0 5400.0 -999.0 1 330 {-999.0 -999.0 -999.0 -999.0 -999.0} "" -999.0 -999.0 -999.0 -999.0 -999 -999 "" "" "" "" 0 0 0.0 0.0 -999 ""
FIBERMAP 529 R-10C15 METROLOGY 0 0 0 1 0 0 130.88991293926563 -179.8836728258976 143.1 214.38255283060886 59.37497886803265 122.10162 101.70649 -999.0 -999.0 -999.0 -999.0 -999.0 23.771696707422496 -41.48559694762305 23.73455379941595 -41.342497383756054 60.195212878664826 236.53766754265155 -999.0 6231.0 -999.0 -1 -999 {-999.0 -999.0 -999.0 -999.0 -999.0} "" -999.0 -999.0 -999.0 -999.0 -999 -999 "" "" "" "" 0 0 0.0 0.0 -999 ""
FIBERMAP 530 R+6C5 APOGEE 0 0 0 1 0 0 -124.39753299668476 128.63321311624827 143.1 -164.11911043657847 -71.29451340401879 69.195305 95.49651 -999.0 -999.0 -999.0 -999.0 -999.0 22.23727132649815 -41.88419727946776 22.203275724983484 -41.73968760293314 58.988555526202916 236.29321870128 -999.0 16600.0 -999.0 2 30 {-999.0 -999.0 -999.0 -999.0 -999.0} "" -999.0 -999.0 -999.0 -999.0 -999 -999 "" ops_sky_apogee_best_unassigned ops_sky sky_apogee 0 0 0.0 0.0 -999 ""
FIBERMAP 530 R+6C5 BOSS 1 1 0 1 0 0 -123.67560714509698 128.4538392168931 143.1 -163.69764612684847 -70.68159951382579 69.195305 95.49651 22.238543811203037 -41.88242906832604 53.134724 7.185759 2.0957558 22.23874872001758 -41.88240387251593 22.20492033766095 -41.737867176222416 58.99015697096678 236.296133649248 5400.0 5400.0 2016.0 1 50 {-999.0 20.157566 20.060081 20.05679 -999.0} sdss_psfmag_gaia 19.971016 20.032955 19.517082 -999.0 63050395809333928 1092649260 dark_flexible_2x1 mwm_cb_galex_vol_boss mwm_cb science 0 0 0.0 0.0 -999 ""
FIBERMAP 530 R+6C5 METROLOGY 0 0 0 1 0 0 -124.19464671562234 127.90975310362712 143.1 -163.37051867656885 -71.35862377203509 69.195305 95.49651 -999.0 -999.0 -999.0 -999.0 -999.0 22.240081866850172 -41.88446397296563 22.20619935788426 -41.739936040397794 58.99062709192987 236.29180632487163 -999.0 6231.0 -999.0 -1 -999 {-999.0 -999.0 -999.0 -999.0 -999.0} "" -999.0 -999.0 -999.0 -999.0 -999 -999 "" "" "" "" 0 0 0.0 0.0 -999 ""
FIBERMAP 531 R-4C14 APOGEE 0 0 0 1 0 0 50.12425028536005 -95.12902609610909 143.1 106.66750408505544 13.521784872056587 322.63022 74.25272 -999.0 -999.0 -999.0 -999.0 -999.0 23.338353853713762 -41.62718984139872 23.30195986101046 -41.48368928940094 59.846713299816884 236.41533582393532 -999.0 16600.0 -999.0 2 -999 {-999.0 -999.0 -999.0 -999.0 -999.0} "" -999.0 -999.0 -999.0 -999.0 -999 -999 "" "" "" "" 0 0 0.0 0.0 -999 ""
FIBERMAP 531 R-4C14 BOSS 1 1 0 1 0 0 49.57491169659938 -95.58923026343552 143.1 106.90545635004737 12.845850554865578 322.63022 74.25272 23.33924679052554 -41.62926485659231 -999.0 -999.0 -999.0 23.33925182065753 -41.62925881429808 23.303014041485426 -41.48572954479225 59.84700558360109 236.4110194921093 5400.0 5400.0 2016.0 1 270 {-999.0 21.111471 20.954803 20.819485 20.736322} sdss_psfmag_from_gaiadr2 20.744255 20.946903 20.207949 -999.0 63050395808839656 1130401435 dark_flexible_3x1 bhm_gua_dark_d3 bhm_filler science 0 0 0.0 0.0 -999 ""
FIBERMAP 531 R-4C14 METROLOGY 0 0 0 1 0 0 49.430036168755535 -94.85052120009627 143.1 106.16295972345388 12.969628871905124 322.63022 74.25272 -999.0 -999.0 -999.0 -999.0 -999.0 23.336296992600293 -41.62888699785375 23.30002140065494 -41.485363422495524 59.844910875264546 236.4127688042259 -999.0 6231.0 -999.0 -1 -999 {-999.0 -999.0 -999.0 -999.0 -999.0} "" -999.0 -999.0 -999.0 -999.0 -999 -999 "" "" "" "" 0 0 0.0 0.0 -999 ""
FIBERMAP 534 R-5C9 APOGEE 0 0 0 1 0 0 -53.664482702390636 -80.93976454834875 143.1 56.93439059271689 -78.66789238875468 104.28559 92.76937 -999.0 -999.0 -999.0 -999.0 -999.0 23.137865077985353 -41.90778428530136 23.101544425475026 -41.76404215503103 59.6351051939693 235.9446132545244 -999.0 16600.0 -999.0 2 266 {-999.0 -999.0 -999.0 -999.0 -999.0} "" -999.0 -999.0 -999.0 -999.0 -999 -999 "" ops_sky_apogee_best_unassigned ops_sky sky_apogee 0 0 0.0 0.0 -999 ""
FIBERMAP 534 R-5C9 BOSS 1 1 0 1 0 0 -52.95390528700767 -80.72704041348057 143.1 56.98476613918988 -77.92790717332174 104.28559 92.76937 23.13793143037999 -41.90562815487922 -999.0 -999.0 -999.0 23.137940076908784 -41.90561291705107 23.101786125347644 -41.761841498944904 59.635803444032774 235.94875710547055 5400.0 5400.0 2016.0 1 361 {-999.0 21.169086 20.886293 20.626966 20.413708} sdss_psfmag_from_gaiadr2 21.178432 20.93826 20.289711 -999.0 63050395808838286 1130401386 dark_flexible_3x1 bhm_gua_dark_d3 bhm_filler science 0 0 0.0 0.0 -999 ""
FIBERMAP 534 R-5C9 METROLOGY 0 0 0 1 0 0 -53.116949937556164 -81.46202903380441 143.1 57.61564458059069 -78.33867051676157 104.28559 92.76937 -999.0 -999.0 -999.0 -999.0 -999.0 23.140572165802478 -41.90684948318085 23.104363281698227 -41.763088548479445 59.63737421155187 235.94545671958795 -999.0 6231.0 -999.0 -1 -999 {-999.0 -999.0 -999.0 -999.0 -999.0} "" -999.0 -999.0 -999.0 -999.0 -999 -999 "" "" "" "" 0 0 0.0 0.0 -999 ""
FIBERMAP 536 R+4C9 APOGEE 0 0 0 1 0 0 -51.556128693618234 86.20815598508298 143.1 -98.81814654298557 -17.995203647913502 63.03546 77.7976 -999.0 -999.0 -999.0 -999.0 -999.0 22.503430822616696 -41.72369252707957 22.46899538309043 -41.5794441520933 59.21774359937262 236.5114841610485 -999.0 16600.0 -999.0 2 40 {-999.0 -999.0 -999.0 -999.0 -999.0} "" -999.0 -999.0 -999.0 -999.0 -999 -999 "" "" "" "" 0 0 0.0 0.0 -999 ""
FIBERMAP 536 R+4C9 BOSS 1 1 0 1 0 0 -50.97238772737271 85.73584306639007 143.1 -98.17094438317201 -17.61453978512822 63.03546 77.7976 22.505830814470375 -41.722590836063944 -999.0 -999.0 -999.0 22.505824807048167 -41.722582546332276 22.471551378329934 -41.57830807187072 59.219860314547105 236.51281794821045 5400.0 5400.0 2016.0 1 66 {-999.0 19.158646 18.300955 17.880676 17.590767} sdss_fiber2mag_from_lsdr10 1e+20 1e+20 1e+20 -999.0 63050396614280635 1058553488 dark_flexible_2x1 bhm_spiders_agn_lsdr10 bhm_spiders science 0 0 0.0 0.0 -999 ""
FIBERMAP 536 R+4C9 METROLOGY 0 0 0 1 0 0 -51.67587543886037 85.47264779594653 143.1 -98.17157636550907 -18.365611606252436 63.03546 77.7976 -999.0 -999.0 -999.0 -999.0 -999.0 22.505846897811303 -41.72485631819739 22.47152288878732 -41.58058938131776 59.21933228009 236.50848093799132 -999.0 6231.0 -999.0 -1 -999 {-999.0 -999.0 -999.0 -999.0 -999.0} "" -999.0 -999.0 -999.0 -999.0 -999 -999 "" "" "" "" 0 0 0.0 0.0 -999 ""
FIBERMAP 537 R-10C13 APOGEE 0 0 0 1 0 0 105.99253930387661 -206.671280975207 143.1 230.7191449610064 26.657479385408514 18.737724 47.229084 -999.0 -999.0 -999.0 -999.0 -999.0 23.839089025454467 -41.58411870294766 23.80150874115924 -41.44107850265919 60.22052239147037 236.3208905814701 -999.0 16600.0 -999.0 2 -999 {-999.0 -999.0 -999.0 -999.0 -999.0} "" -999.0 -999.0 -999.0 -999.0 -999 -999 "" "" "" "" 0 0 0.0 0.0 -999 ""
FIBERMAP 537 R-10C13 BOSS 1 1 0 1 0 0 105.61836301889878 -207.41265001988552 143.1 231.2818522394827 26.046802491917475 18.737724 47.229084 23.84126965676543 -41.58595176939277 -0.1703351 -0.26753843 0.25657824 23.841269551692292 -41.58597352613813 23.80383973954156 -41.44290542016285 60.22177990170438 236.31647485700483 5400.0 5400.0 2016.0 1 378 {-999.0 20.114676 19.910923 19.860859 19.84115} sdss_psfmag_from_lsdr10 20.150576 19.89616 19.536081 -999.0 63050395808840434 1131345286 dark_flexible_3x1 bhm_spiders_agn_lsdr10_d3 bhm_spiders science 0 0 0.0 0.0 -999 ""
FIBERMAP 537 R-10C13 METROLOGY 0 0 0 1 0 0 105.24955114247126 -206.75769167366266 143.1 230.53912597424903 25.931508018387724 18.737724 47.229084 -999.0 -999.0 -999.0 -999.0 -999.0 23.838383749950875 -41.58633463783364 23.800915568645507 -41.44327217123884 60.21956397993914 236.31681804497208 -999.0 6231.0 -999.0 -1 -999 {-999.0 -999.0 -999.0 -999.0 -999.0} "" -999.0 -999.0 -999.0 -999.0 -999 -999 "" "" "" "" 0 0 0.0 0.0 -999 ""
FIBERMAP 538 R+13C9 APOGEE 0 0 0 1 0 0 51.679781400434706 261.1897549235965 143.1 -226.39118833918076 140.1096042971255 78.329025 54.07983 -999.0 -999.0 -999.0 -999.0 -999.0 21.993915843118653 -41.24283600653539 21.961459738312726 -41.098270084198155 58.9471219877666 237.58372024629662 -999.0 16600.0 -999.0 2 98 {-999.0 -999.0 -999.0 -999.0 -999.0} "" -999.0 -999.0 -999.0 -999.0 -999 -999 "" ops_sky_apogee_best_unassigned ops_sky sky_apogee 0 0 0.0 0.0 -999 ""
FIBERMAP 538 R+13C9 BOSS 1 1 0 1 0 0 52.16383952012428 260.6370624171705 143.1 -225.70373691044796 140.3687121022863 78.329025 54.07983 21.99632352628292 -41.24206186540408 45.40534 -2.5127661 2.6406064 21.99651083696501 -41.242092265379405 21.96421707447945 -41.09750272771645 58.94931168417805 237.58436821796616 5400.0 5400.0 2016.0 1 172 {-999.0 19.936426 18.177574 17.11257 -999.0} sdss_psfmag_gaia 19.086283 17.787535 16.671343 14.632 63050395809335409 1124957158 dark_1x1 openfibertargets_mwm_snc_further_ext_boss open_fiber science 0 0 0.0 0.0 -999 ""
FIBERMAP 538 R+13C9 METROLOGY 0 0 0 1 0 0 51.46712293582861 260.4835302900254 143.1 -225.80466359976387 139.66249110088913 78.329025 54.07983 -999.0 -999.0 -999.0 -999.0 -999.0 21.99606148706257 -41.24418730891156 21.963718331579003 -41.099604265170065 58.948521204685846 237.58052344134364 -999.0 6231.0 -999.0 -1 -999 {-999.0 -999.0 -999.0 -999.0 -999.0} "" -999.0 -999.0 -999.0 -999.0 -999 -999 "" "" "" "" 0 0 0.0 0.0 -999 ""
FIBERMAP 539 R-12C10 APOGEE 0 0 0 1 0 0 42.0123551820594 -222.68820896985366 143.1 223.24660489985703 -38.86903637994347 83.64074 136.34505 -999.0 -999.0 -999.0 -999.0 -999.0 23.81207238827917 -41.78277121867478 23.774244923276 -41.63966064028539 60.15252498164536 235.94337861195118 -999.0 16600.0 -999.0 2 -999 {-999.0 -999.0 -999.0 -999.0 -999.0} "" -999.0 -999.0 -999.0 -999.0 -999 -999 "" "" "" "" 0 0 0.0 0.0 -999 ""
FIBERMAP 539 R-12C10 BOSS 1 1 0 1 0 0 42.53359457927017 -222.24051527947398 143.1 223.010497793522 -38.22380345816988 83.64074 136.34505 23.81020740571305 -41.780786375764464 72.05858 -21.218952 1.3392017 23.81098330568196 -41.78086343586078 23.773321178913875 -41.637722134847 60.1523312455608 235.94749484473266 5400.0 5400.0 2016.0 1 368 {-999.0 14.782564 14.339093 14.183036 -999.0} sdss_psfmag_from_g3xp 14.69399 14.361485 13.846921 12.945 63050395808838563 1136003988 dark_flexible_3x1 mwm_halo_local_high_boss_triple mwm_halo science 0 0 1.2651479244232178 0.0 -999 ""
FIBERMAP 539 R-12C10 METROLOGY 0 0 0 1 0 0 42.722956876920605 -222.92175435742635 143.1 223.71481069502573 -38.28574863388874 83.64074 136.34505 -999.0 -999.0 -999.0 -999.0 -999.0 23.81392129891529 -41.78102097280692 23.77620630477611 -41.63789085493783 60.15438020795436 235.9461034194458 -999.0 6231.0 -999.0 -1 -999 {-999.0 -999.0 -999.0 -999.0 -999.0} "" -999.0 -999.0 -999.0 -999.0 -999 -999 "" "" "" "" 0 0 0.0 0.0 -999 ""
FIBERMAP 540 R-12C4 APOGEE 0 0 0 1 0 0 -106.29295889886318 -232.41997016053716 143.1 180.27638966552024 -181.13809606127091 203.67279 89.26149 -999.0 -999.0 -999.0 -999.0 -999.0 23.642584515912585 -42.2144829740512 23.60449976511336 -42.07111951855911 59.92221913231076 235.17022431383222 -999.0 16600.0 -999.0 2 -999 {-999.0 -999.0 -999.0 -999.0 -999.0} "" -999.0 -999.0 -999.0 -999.0 -999 -999 "" "" "" "" 0 0 0.0 0.0 -999 ""
FIBERMAP 540 R-12C4 BOSS 1 1 0 1 0 0 -106.60375663048775 -231.74659156232656 143.1 179.53679067419236 -181.192605753116 203.67279 89.26149 23.639372950682173 -42.21470219752543 16.666111 -8.896589 4.7163014 23.639425573086378 -42.21471780641237 23.601510270324297 -42.07131982348736 59.92002217218139 235.17096569633804 5400.0 5400.0 2016.0 1 426 {-999.0 20.813753 18.867575 17.3152 -999.0} sdss_psfmag_gaia 19.678219 18.041376 16.79974 14.451 63050395808834613 1095088144 bright_1x1 mwm_bin_vis_boss mwm_filler science 0 0 0.0 0.0 -999 ""
FIBERMAP 540 R-12C4 METROLOGY 0 0 0 1 0 0 -105.84547492097904 -231.8205902256602 143.1 179.87236436557305 -180.5086480345604 203.67279 89.26149 -999.0 -999.0 -999.0 -999.0 -999.0 23.640864929735482 -42.21266586516538 23.60290337014493 -42.069278618736774 59.921542068199386 235.17437855494012 -999.0 6231.0 -999.0 -1 -999 {-999.0 -999.0 -999.0 -999.0 -999.0} "" -999.0 -999.0 -999.0 -999.0 -999 -999 "" "" "" "" 0 0 0.0 0.0 -999 ""
FIBERMAP 541 R-13C2 APOGEE 1 1 0 1 0 0 -136.2913286664193 -263.48905422788704 143.1 198.8301721983805 -220.1349863948745 251.14221 83.758766 23.71895261772723 -42.33101493265359 6.514248 -1.879125 2.143825 23.71897372407543 -42.331006987134444 23.680507468046528 -42.18768566592092 59.946733937624984 234.9164493729608 16000.0 16600.0 2016.0 2 155 {-999.0 12.120354 11.864597 11.799531 -999.0} sdss_psfmag_from_g3xp 12.095599 11.860877 11.473701 10.845 63050395808834339 975149699 "" ops_std_apogee ops_std standard_apogee 0 0 0.0 0.0 -999 ""
FIBERMAP 541 R-13C2 BOSS 0 0 0 1 0 0 -136.98651793123034 -263.1693675350759 143.1 198.2867287549135 -220.67359322558806 251.14221 83.758766 -999.0 -999.0 -999.0 -999.0 -999.0 23.716570529744107 -42.33264907433492 23.678269488293893 -42.1892930333338 59.94471563649385 234.9142082833513 -999.0 5400.0 -999.0 1 436 {-999.0 -999.0 -999.0 -999.0 -999.0} "" -999.0 -999.0 -999.0 -999.0 -999 -999 "" "" "" "" 0 0 0.0 0.0 -999 ""
FIBERMAP 541 R-13C2 METROLOGY 0 0 0 1 0 0 -136.37212645968108 -262.74997108787625 143.1 198.10982805497514 -219.95108366098793 251.14221 83.758766 -999.0 -999.0 -999.0 -999.0 -999.0 23.715939668476224 -42.33052509747975 23.677597823727922 -42.18717809763707 59.94478336169625 234.91854433070705 -999.0 6231.0 -999.0 -1 -999 {-999.0 -999.0 -999.0 -999.0 -999.0} "" -999.0 -999.0 -999.0 -999.0 -999 -999 "" "" "" "" 0 0 0.0 0.0 -999 ""
FIBERMAP 542 R+1C25 APOGEE 0 0 0 1 0 0 254.9622273519462 38.79639242650373 143.1 53.213932071605406 252.33391416536324 146.21254 59.499794 -999.0 -999.0 -999.0 -999.0 -999.0 23.117135463181558 -40.90564381843249 23.082387696786725 -40.762113568638526 59.844903660909424 237.88907712270023 -999.0 16600.0 -999.0 2 -999 {-999.0 -999.0 -999.0 -999.0 -999.0} "" -999.0 -999.0 -999.0 -999.0 -999 -999 "" "" "" "" 0 0 0.0 0.0 -999 ""
FIBERMAP 542 R+1C25 BOSS 1 1 0 1 0 0 255.6466662726821 39.13973717506647 143.1 53.132834243882165 253.09529823848274 146.21254 59.499794 23.116607666015625 -40.90336137179682 -999.0 -999.0 -999.0 23.116636308328076 -40.903376606739826 23.082053962888722 -40.75982042298067 59.84513554609143 237.89364643808935 5400.0 5400.0 2015.5 1 192 {-999.0 -999.0 -999.0 -999.0 -999.0} "" -999.0 -999.0 -999.0 -999.0 27021603161557402 814091637 "" ops_sky_boss_good ops_sky sky_boss 0 0 0.0 0.0 -999 ""
FIBERMAP 542 R+1C25 METROLOGY 0 0 0 1 0 0 255.58135489507734 38.37665524429029 143.1 53.824336976638236 252.766172321144 146.21254 59.499794 -999.0 -999.0 -999.0 -999.0 -999.0 23.119468610041803 -40.904306970893764 23.084832338182707 -40.76076043122587 59.84699719007328 237.89094114422738 -999.0 6231.0 -999.0 -1 -999 {-999.0 -999.0 -999.0 -999.0 -999.0} "" -999.0 -999.0 -999.0 -999.0 -999 -999 "" "" "" "" 0 0 0.0 0.0 -999 ""
FIBERMAP 545 R-11C6 APOGEE 0 0 0 1 0 0 -73.19103571755082 -215.88651848720426 143.1 176.4215550700129 -144.34009037178 219.2153 82.004745 -999.0 -999.0 -999.0 -999.0 -999.0 23.625974660079677 -42.10360816744038 23.588108473839554 -41.9602552727258 59.93849127827204 235.3904363252928 -999.0 16600.0 -999.0 2 171 {-999.0 -999.0 -999.0 -999.0 -999.0} "" -999.0 -999.0 -999.0 -999.0 -999 -999 "" ops_sky_apogee_best_unassigned ops_sky sky_apogee 0 0 0.0 0.0 -999 ""
FIBERMAP 545 R-11C6 BOSS 1 1 0 1 0 0 -73.58749468440064 -215.2752381876666 143.1 175.7100135001696 -144.4966083353149 219.2153 82.004745 23.622928176795583 -42.10416582064843 -999.0 -999.0 -999.0 23.62296377139368 -42.104163159480954 23.585265883732802 -41.960776240407796 59.93631442585104 235.3904902322589 5400.0 5400.0 2015.5 1 413 {-999.0 -999.0 -999.0 -999.0 -999.0} "" -999.0 -999.0 -999.0 -999.0 27021603160867999 821782775 "" ops_sky_boss_good ops_sky sky_boss 0 0 0.0 0.0 -999 ""
FIBERMAP 545 R-11C6 METROLOGY 0 0 0 1 0 0 -72.85415902398687 -215.21623803669561 143.1 175.9123059780833 -143.78930015429472 219.2153 82.004745 -999.0 -999.0 -999.0 -999.0 -999.0 23.623851662034586 -42.10203280902334 23.586109114213286 -41.95865602255648 59.937454132431874 235.39427225086104 -999.0 6231.0 -999.0 -1 -999 {-999.0 -999.0 -999.0 -999.0 -999.0} "" -999.0 -999.0 -999.0 -999.0 -999 -999 "" "" "" "" 0 0 0.0 0.0 -999 ""
FIBERMAP 549 R+8C4 APOGEE 0 0 0 1 0 0 -143.5710166729073 164.09679209972367 143.1 -204.05534845150137 -76.79172667225843 132.2887 121.367905 -999.0 -999.0 -999.0 -999.0 -999.0 22.075223087307883 -41.89973970465685 22.041618201614483 -41.755091327250206 58.86752780950816 236.3158559059395 -999.0 16600.0 -999.0 2 -999 {-999.0 -999.0 -999.0 -999.0 -999.0} "" -999.0 -999.0 -999.0 -999.0 -999 -999 "" "" "" "" 0 0 0.0 0.0 -999 ""
FIBERMAP 549 R+8C4 BOSS 1 1 0 1 0 0 -143.42090601564817 164.77847586447174 143.1 -204.64086213570047 -76.41179234659336 132.2887 121.367905 22.07262523709758 -41.898603779554904 0.07339744 -0.25092787 -0.8461117 22.072636407099587 -41.89861554561232 22.039209071129676 -41.75393675528746 58.8660290874173 236.31879989521158 5400.0 5400.0 2016.0 1 58 {-999.0 19.848564 19.695501 19.562462 19.483257} sdss_psfmag_from_gaiadr2 19.818779 19.686964 19.295721 -999.0 63050395809333881 1130412906 dark_flexible_3x1 bhm_gua_dark_d3 bhm_filler science 0 0 0.0 0.0 -999 ""
FIBERMAP 549 R+8C4 METROLOGY 0 0 0 1 0 0 -142.845610416848 164.27923107710004 143.1 -203.97141073059626 -76.04849338429533 132.2887 121.367905 -999.0 -999.0 -999.0 -999.0 -999.0 22.075362620858677 -41.89754020130256 22.041881891003413 -41.752872003053604 58.868208616583345 236.31995920618743 -999.0 6231.0 -999.0 -1 -999 {-999.0 -999.0 -999.0 -999.0 -999.0} "" -999.0 -999.0 -999.0 -999.0 -999 -999 "" "" "" "" 0 0 0.0 0.0 -999 ""
FIBERMAP 551 R-1C12 APOGEE 0 0 0 1 0 0 -24.658611779828377 -32.937102782622354 143.1 22.177930410773133 -34.65352715806819 326.20496 92.31929 -999.0 -999.0 -999.0 -999.0 -999.0 22.99574145332152 -41.774546448822896 22.959984458694862 -41.63071044956535 59.56365430236197 236.2497573150188 -999.0 16600.0 -999.0 2 -999 {-999.0 -999.0 -999.0 -999.0 -999.0} "" -999.0 -999.0 -999.0 -999.0 -999 -999 "" "" "" "" 0 0 0.0 0.0 -999 ""
FIBERMAP 551 R-1C12 BOSS 1 1 0 1 0 0 -25.054337668857862 -33.58398008128319 143.1 22.64460163886371 -35.251196502373816 326.20496 92.31929 22.997024276211 -41.77638707008168 15.895558 -14.235586 0.5556169 22.997502101759096 -41.77640976653466 22.961901749432116 -41.63254568472161 59.56462307227464 236.24557755905968 5400.0 5400.0 2016.0 1 507 {-999.0 14.826061 14.578933 14.516328 -999.0} sdss_psfmag_from_g3xp 14.807282 14.575028 14.190589 13.55 63050395808839215 1136003998 dark_flexible_3x1 mwm_halo_local_high_boss_triple mwm_halo science 0 0 1.166168212890625 0.0 -999 ""
FIBERMAP 551 R-1C12 METROLOGY 0 0 0 1 0 0 -25.406525407329703 -32.92599321044781 143.1 21.90487794227368 -35.349863004318784 326.20496 92.31929 -999.0 -999.0 -999.0 -999.0 -999.0 22.99453893715297 -41.776709254782745 22.958899174935652 -41.63285079330358 59.56236927785129 236.24601830851373 -999.0 6231.0 -999.0 -1 -999 {-999.0 -999.0 -999.0 -999.0 -999.0} "" -999.0 -999.0 -999.0 -999.0 -999 -999 "" "" "" "" 0 0 0.0 0.0 -999 ""
FIBERMAP 553 R+3C6 APOGEE 0 0 0 1 0 0 -146.8893405846418 72.79472256173266 143.1 -119.73872439814313 -111.96183290914117 107.381805 104.7491 -999.0 -999.0 -999.0 -999.0 -999.0 22.417089348202506 -42.008326760053585 22.38245179954373 -41.86394009097602 59.090640589212 235.9993340256575 -999.0 16600.0 -999.0 2 -999 {-999.0 -999.0 -999.0 -999.0 -999.0} "" -999.0 -999.0 -999.0 -999.0 -999 -999 "" "" "" "" 0 0 0.0 0.0 -999 ""
FIBERMAP 553 R+3C6 BOSS 1 1 0 1 0 0 -146.26184076368924 73.18485377153617 143.1 -119.88362202745179 -111.23732791534906 107.381805 104.7491 22.41583266213913 -42.0058236102359 -6.533359 -129.85814 3.8132608 22.416274874488852 -42.0062040960235 22.381810322597858 -41.86178786521932 59.09066789766882 236.00362548379968 5400.0 5400.0 2016.0 1 40 {-999.0 16.258446 14.981712 14.4221945 -999.0} sdss_psfmag_from_g3xp 15.765582 14.944178 14.0526705 12.268 63050395808353329 1136003463 dark_flexible_3x1 mwm_halo_local_high_boss_triple mwm_halo science 0 0 1.193623661994934 0.0 -999 ""
FIBERMAP 553 R+3C6 METROLOGY 0 0 0 1 0 0 -146.22803543185103 72.44518899869688 143.1 -119.17923606361782 -111.46543179627248 107.381805 104.7491 -999.0 -999.0 -999.0 -999.0 -999.0 22.419170428048126 -42.006912966467254 22.38464987059325 -41.86250733807107 59.0925619788853 236.0013201141894 -999.0 6231.0 -999.0 -1 -999 {-999.0 -999.0 -999.0 -999.0 -999.0} "" -999.0 -999.0 -999.0 -999.0 -999 -999 "" "" "" "" 0 0 0.0 0.0 -999 ""
FIBERMAP 555 R-12C1 APOGEE 0 0 0 1 0 0 -171.57800186075673 -221.25716234514525 143.1 146.89846914371591 -238.34135624119867 182.4411 69.71507 -999.0 -999.0 -999.0 -999.0 -999.0 23.50767301416332 -42.38789758792125 23.469657810690705 -42.24437307445464 59.78123173145649 234.88772132936137 -999.0 16600.0 -999.0 2 249 {-999.0 -999.0 -999.0 -999.0 -999.0} "" -999.0 -999.0 -999.0 -999.0 -999 -999 "" ops_sky_apogee_best_unassigned ops_sky sky_apogee 0 0 0.0 0.0 -999 ""
FIBERMAP 555 R-12C1 BOSS 1 1 0 1 0 0 -171.34259914530813 -220.5540124239924 143.1 146.3228104055855 -237.87402841667955 182.4411 69.71507 23.50515981287071 -42.38653976742235 -999.0 -999.0 -999.0 23.505138114719188 -42.38653172384281 23.46729459295534 -42.24297313140232 59.779901372968965 234.89130349936016 5400.0 5400.0 2016.0 1 517 {-999.0 22.862608 22.147398 21.592815 21.159672} sdss_fiber2mag_from_lsdr10 1e+20 1e+20 1e+20 -999.0 63050397330120357 1131335251 dark_flexible_3x1 bhm_spiders_agn_lsdr10_d3 bhm_spiders science 0 0 0.0 0.0 -999 ""
FIBERMAP 555 R-12C1 METROLOGY 0 0 0 1 0 0 -170.84647201039382 -221.10274992894853 143.1 147.01079732454536 -237.60223203417158 182.4411 69.71507 -999.0 -999.0 -999.0 -999.0 -999.0 23.508028678507877 -42.3857277110625 23.47013280400631 -42.24218099369282 59.78213558489814 234.8917503398842 -999.0 6231.0 -999.0 -1 -999 {-999.0 -999.0 -999.0 -999.0 -999.0} "" -999.0 -999.0 -999.0 -999.0 -999 -999 "" "" "" "" 0 0 0.0 0.0 -999 ""
FIBERMAP 557 R+4C13 APOGEE 0 0 0 1 0 0 27.011343096657587 59.439109074505865 143.1 -46.16431722178524 46.163213007712265 324.6607 68.512856 -999.0 -999.0 -999.0 -999.0 -999.0 22.717792670105784 -41.5292578624177 22.683105333792184 -41.38523729712977 59.417149648470726 236.81306663317594 -999.0 16600.0 -999.0 2 -999 {-999.0 -999.0 -999.0 -999.0 -999.0} "" -999.0 -999.0 -999.0 -999.0 -999 -999 "" "" "" "" 0 0 0.0 0.0 -999 ""
FIBERMAP 557 R+4C13 BOSS 1 1 0 1 0 0 26.396727639896717 59.01202510091684 143.1 -45.980297701607455 45.437794043066624 324.6607 68.512856 22.718243486412444 -41.53147976103201 22.902334 2.996203 1.668329 22.718332367702715 -41.53146056719997 22.683805111222284 -41.38741204019214 59.41718256509464 236.80866991415604 5400.0 5400.0 2016.0 1 112 {-999.0 19.443218 17.950678 17.210054 -999.0} sdss_psfmag_gaia 18.824566 17.804733 16.814095 14.946 63050395809808342 1095494351 bright_1x1 mwm_bin_vis_boss mwm_filler science 0 0 0.0 0.0 -999 ""
FIBERMAP 557 R+4C13 METROLOGY 0 0 0 1 0 0 26.336769200930753 59.76229365953432 143.1 -46.703795909986624 45.64513578730619 324.6607 68.512856 -999.0 -999.0 -999.0 -999.0 -999.0 22.7154401514401 -41.53081741795501 22.680874449781356 -41.38677446761064 59.415178341617235 236.81084445260166 -999.0 6231.0 -999.0 -1 -999 {-999.0 -999.0 -999.0 -999.0 -999.0} "" -999.0 -999.0 -999.0 -999.0 -999 -999 "" "" "" "" 0 0 0.0 0.0 -999 ""
FIBERMAP 558 R+4C15 APOGEE 0 0 0 1 0 0 61.03715814625758 60.5280020316937 143.1 -35.234667755289834 78.40242148017585 286.78696 75.64737 -999.0 -999.0 -999.0 -999.0 -999.0 22.762222078976304 -41.43143376756812 22.72756903385931 -41.287473874864325 59.47116117082135 236.98628946826815 -999.0 16600.0 -999.0 2 67 {-999.0 -999.0 -999.0 -999.0 -999.0} "" -999.0 -999.0 -999.0 -999.0 -999 -999 "" ops_sky_apogee_best_unassigned ops_sky sky_apogee 0 0 0.0 0.0 -999 ""
FIBERMAP 558 R+4C15 BOSS 1 1 0 1 0 0 60.311049990777924 60.47103829929653 143.1 -35.43632869531649 77.7025952272728 286.78696 75.64737 22.761199030425725 -41.433536216692815 1.2869864 -0.24629308 -0.88095945 22.761210972328207 -41.433539055378375 22.726721524586253 -41.28955020718554 59.470086461921156 236.982574274851 5400.0 5400.0 2016.0 1 220 {-999.0 21.227062 20.931152 20.657803 20.432137} sdss_psfmag_from_gaiadr2 20.798132 20.99091 19.879517 -999.0 63050395809808378 1056969789 dark_flexible_2x2 bhm_gua_dark bhm_filler science 0 0 0.0 0.0 -999 ""
FIBERMAP 558 R+4C15 METROLOGY 0 0 0 1 0 0 60.621394300695194 61.14328510570563 143.1 -35.956736395352564 78.2292349303336 286.78696 75.64737 -999.0 -999.0 -999.0 -999.0 -999.0 22.759147612641854 -41.43192581579525 22.724619204974204 -41.28794338632083 59.468895615670505 236.98633981094645 -999.0 6231.0 -999.0 -1 -999 {-999.0 -999.0 -999.0 -999.0 -999.0} "" -999.0 -999.0 -999.0 -999.0 -999 -999 "" "" "" "" 0 0 0.0 0.0 -999 ""
FIBERMAP 560 R+6C18 APOGEE 0 0 0 1 0 0 165.2218193996862 99.52798888729569 143.1 -35.16117093450841 189.6417015275149 338.09424 68.13689 -999.0 -999.0 -999.0 -999.0 -999.0 22.762998553117857 -41.09473514816 22.728842924815638 -40.95085307741668 59.54397618582579 237.6339798589157 -999.0 16600.0 -999.0 2 -999 {-999.0 -999.0 -999.0 -999.0 -999.0} "" -999.0 -999.0 -999.0 -999.0 -999 -999 "" "" "" "" 0 0 0.0 0.0 -999 ""
FIBERMAP 560 R+6C18 BOSS 1 1 0 1 0 0 164.71273957439885 98.99144476773873 143.1 -34.83760706059652 188.97665070780204 338.09424 68.13689 22.76411129934094 -41.09666458047676 0.058999065 -0.32236826 -0.0010050037 22.76411856564831 -41.09671071643398 22.73012046858878 -40.95280283370861 59.54451267167167 237.62982052913304 5400.0 5400.0 2016.0 1 211 {-999.0 20.112953 20.019741 19.991669 19.982388} sdss_psfmag_from_lsdr10 20.168953 19.965164 19.562138 -999.0 63050395809809180 1131350150 dark_flexible_3x1 bhm_spiders_agn_lsdr10_d3 bhm_spiders science 0 0 0.0 0.0 -999 ""
FIBERMAP 560 R+6C18 METROLOGY 0 0 0 1 0 0 164.49473304563762 99.70361249206572 143.1 -35.58093627193399 189.0226390728117 338.09424 68.13689 -999.0 -999.0 -999.0 -999.0 -999.0 22.761169468717842 -41.09653947713477 22.7271326840052 -40.95263655274228 59.54234061486888 237.63107095388756 -999.0 6231.0 -999.0 -1 -999 {-999.0 -999.0 -999.0 -999.0 -999.0} "" -999.0 -999.0 -999.0 -999.0 -999 -999 "" "" "" "" 0 0 0.0 0.0 -999 ""
FIBERMAP 562 R+5C17 APOGEE 0 0 0 1 0 0 130.97963163642802 83.65382690304887 143.1 -32.32403534188463 152.00764658970215 316.1245 99.402374 -999.0 -999.0 -999.0 -999.0 -999.0 22.77425128719583 -41.20843616005926 22.73989953779818 -41.064537742854824 59.528205672647815 237.41130669860087 -999.0 16600.0 -999.0 2 -999 {-999.0 -999.0 -999.0 -999.0 -999.0} "" -999.0 -999.0 -999.0 -999.0 -999 -999 "" "" "" "" 0 0 0.0 0.0 -999 ""
FIBERMAP 562 R+5C17 BOSS 1 1 0 1 0 0 130.51136426838605 83.0026873713503 143.1 -31.878848578117324 151.34056317574095 316.1245 99.402374 22.77584844748703 -41.21039763166272 -999.0 -999.0 -999.0 22.775861514797935 -41.21041593923029 22.741666311567258 -41.06649168678954 59.52909276151084 237.4069839051943 5400.0 5400.0 2016.0 1 214 {-999.0 19.20592 18.291622 17.82721 17.477888} sdss_fiber2mag_from_lsdr10 1e+20 1e+20 1e+20 -999.0 63050398044801702 1058559166 dark_flexible_2x1 bhm_spiders_agn_lsdr10 bhm_spiders science 0 0 0.0 0.0 -999 ""
FIBERMAP 562 R+5C17 METROLOGY 0 0 0 1 0 0 130.23299249597233 83.6988625637595 143.1 -32.628403681562986 151.32441809561794 316.1245 99.402374 -999.0 -999.0 -999.0 -999.0 -999.0 22.772880744725658 -41.210440112112614 22.738646596919295 -41.06652087060369 59.5268617245397 237.40788046757427 -999.0 6231.0 -999.0 -1 -999 {-999.0 -999.0 -999.0 -999.0 -999.0} "" -999.0 -999.0 -999.0 -999.0 -999 -999 "" "" "" "" 0 0 0.0 0.0 -999 ""
FIBERMAP 563 R-1C20 APOGEE 0 0 0 1 0 0 128.35950731971698 -19.16299217691269 143.1 63.01851411899503 113.4475017529076 205.462 86.14826 -999.0 -999.0 -999.0 -999.0 -999.0 23.159375428277784 -41.32469401964988 23.12389158744014 -41.18110468949089 59.785300446197255 237.06186619975483 -999.0 16600.0 -999.0 2 226 {-999.0 -999.0 -999.0 -999.0 -999.0} "" -999.0 -999.0 -999.0 -999.0 -999 -999 "" ops_sky_apogee_best_unassigned ops_sky sky_apogee 0 0 0.0 0.0 -999 ""
FIBERMAP 563 R-1C20 BOSS 1 1 0 1 0 0 128.1184866594473 -18.47214160044882 143.1 62.28706111216714 113.46445691911535 205.462 86.14826 23.156273068272004 -41.32464195414638 2.653028 6.848074 7.2450085 23.15629955123276 -41.32462146553566 23.12098524319714 -41.181001781111306 59.78319021588264 237.0630287184592 5400.0 5400.0 2016.0 1 325 {-999.0 20.268719 19.815725 19.667925 -999.0} sdss_psfmag_gaia 20.227436 19.845915 19.382 -999.0 63050395808840181 1143600719 dark_1x3 mwm_wd_pwd_boss_1x3 mwm_wd science 0 0 0.0 0.0 -999 ""
FIBERMAP 563 R-1C20 METROLOGY 0 0 0 1 0 0 128.85776677860912 -18.598711094610582 143.1 62.66518151817142 114.11216258017512 205.462 86.14826 -999.0 -999.0 -999.0 -999.0 -999.0 23.157868692061196 -41.32263540588563 23.12250763850193 -41.17902540249203 59.784745419719954 237.06635385995725 -999.0 6231.0 -999.0 -1 -999 {-999.0 -999.0 -999.0 -999.0 -999.0} "" -999.0 -999.0 -999.0 -999.0 -999 -999 "" "" "" "" 0 0 0.0 0.0 -999 ""
FIBERMAP 564 R+1C4 APOGEE 0 0 0 1 0 0 -224.91215208420797 4.497192048520272 143.1 -83.19479680789007 -208.99563427575242 269.17447 69.831154 -999.0 -999.0 -999.0 -999.0 -999.0 22.5655896380102 -42.3020895483596 22.530131556723916 -42.15776178132061 59.128547799886846 235.39289516972278 -999.0 16600.0 -999.0 2 -999 {-999.0 -999.0 -999.0 -999.0 -999.0} "" -999.0 -999.0 -999.0 -999.0 -999 -999 "" "" "" "" 0 0 0.0 0.0 -999 ""
FIBERMAP 564 R+1C4 BOSS 1 1 0 1 0 0 -225.62056696915317 4.731219006136062 143.1 -83.66268551471201 -209.5767054948214 269.17447 69.831154 22.563442693628225 -42.30390274325777 0.053315416 0.18500069 -0.08298029 22.563485334520294 -42.30390070506306 22.528197819272634 -42.159540056561845 59.12673041109777 235.39019889257412 5400.0 5400.0 2016.0 1 63 {-999.0 19.626663 19.330547 18.96809 18.796774} sdss_fiber2mag_from_lsdr10 18.949606 18.767534 18.079155 16.574 63050395808351950 1058547797 dark_flexible_2x1 bhm_spiders_agn_lsdr10 bhm_spiders science 0 0 0.0 0.0 -999 ""
FIBERMAP 564 R+1C4 METROLOGY 0 0 0 1 0 0 -225.06298883447087 5.229821894736098 143.1 -83.93369519415741 -208.87957206786925 269.17447 69.831154 -999.0 -999.0 -999.0 -999.0 -999.0 22.562408295583317 -42.301820951562675 22.527079118265988 -42.15746856049261 59.12642092453758 235.3945052081957 -999.0 6231.0 -999.0 -1 -999 {-999.0 -999.0 -999.0 -999.0 -999.0} "" -999.0 -999.0 -999.0 -999.0 -999 -999 "" "" "" "" 0 0 0.0 0.0 -999 ""
FIBERMAP 568 R-13C13 APOGEE 0 0 0 1 0 0 129.63865682993534 -268.76122178146113 143.1 297.1551187553978 26.991612751324187 324.80014 80.12171 -999.0 -999.0 -999.0 -999.0 -999.0 24.105481369296722 -41.580578788727294 24.06724206547733 -41.43778366005041 60.41459484232611 236.22988758484178 -999.0 16600.0 -999.0 2 179 {-999.0 -999.0 -999.0 -999.0 -999.0} "" -999.0 -999.0 -999.0 -999.0 -999 -999 "" ops_sky_apogee_best_unassigned ops_sky sky_apogee 0 0 0.0 0.0 -999 ""
FIBERMAP 568 R-13C13 BOSS 1 1 0 1 0 0 129.1033990133816 -269.27610853578153 143.1 297.44921268561336 26.309658275006893 324.80014 80.12171 24.105882613288163 -41.582660326955164 0.57641125 -2.919603 0.047208007 24.106477042840357 -41.582661256042314 24.068389350114273 -41.439836806974775 60.41492691295734 236.22542935562205 5400.0 5400.0 2016.0 1 430 {-999.0 15.049857 13.844922 13.34161 -999.0} sdss_psfmag_from_g3xp 14.598946 13.821569 12.965961 11.013 63050395808840494 1061336702 dark_flexible_2x1 manual_mwm_halo_distant_kgiant_near_boss mwm_halo science 0 0 1.5446858406066895 0.0 -999 ""
FIBERMAP 568 R-13C13 METROLOGY 0 0 0 1 0 0 128.92064999772785 -268.5493309033667 143.1 296.70458656201913 26.393787318973434 324.80014 80.12171 -999.0 -999.0 -999.0 -999.0 -999.0 24.10362691634695 -41.58242340371703 24.065502105369433 -41.439604815529094 60.41288487441558 236.22695669157645 -999.0 6231.0 -999.0 -1 -999 {-999.0 -999.0 -999.0 -999.0 -999.0} "" -999.0 -999.0 -999.0 -999.0 -999 -999 "" "" "" "" 0 0 0.0 0.0 -999 ""
FIBERMAP 569 R+13C1 APOGEE 1 1 0 1 0 0 -130.24112377567286 263.4329629592462 143.1 -292.37808732109465 -29.42684419013796 79.270805 65.780235 21.720893107414717 -41.753308604123895 29.87474 3.8006778 3.9228072 21.72099008468269 -41.75329648225641 21.688498471606408 -41.60839019074404 58.641614513830476 236.70160963220115 16000.0 16600.0 2016.0 2 7 {-999.0 11.370875 11.084635 11.000579 -999.0} sdss_psfmag_from_g3xp 11.337089 11.087096 10.675215 10.006 63050395809334638 975153125 "" ops_std_apogee ops_std standard_apogee 0 0 0.0 0.0 -999 ""
FIBERMAP 569 R+13C1 BOSS 0 0 0 1 0 0 -129.6212373234885 263.02353097816484 143.1 -291.77706419163763 -28.99025653887352 79.270805 65.780235 -999.0 -999.0 -999.0 -999.0 -999.0 21.7233034913423 -41.75202606364271 21.690978567315994 -41.60709442045761 58.64370030099811 236.70329291894325 -999.0 5400.0 -999.0 1 7 {-999.0 -999.0 -999.0 -999.0 -999.0} "" -999.0 -999.0 -999.0 -999.0 -999 -999 "" "" "" "" 0 0 0.0 0.0 -999 ""
FIBERMAP 569 R+13C1 METROLOGY 0 0 0 1 0 0 -130.29303070495604 262.68393740476506 143.1 -291.6950375776771 -29.738483840968087 79.270805 65.780235 -999.0 -999.0 -999.0 -999.0 -999.0 21.72356324450956 -41.754287517914456 21.691186060358234 -41.60936336530236 58.643373790456295 236.6989676855523 -999.0 6231.0 -999.0 -1 -999 {-999.0 -999.0 -999.0 -999.0 -999.0} "" -999.0 -999.0 -999.0 -999.0 -999 -999 "" "" "" "" 0 0 0.0 0.0 -999 ""
FIBERMAP 570 R+1C20 APOGEE 0 0 0 1 0 0 131.08601863122075 35.07821590576155 143.1 13.192446104669942 135.04854822396834 197.97311 33.349895 -999.0 -999.0 -999.0 -999.0 -999.0 22.95789316217033 -41.25963452744291 22.923008586490994 -41.115883640854044 59.651996732614585 237.25378632710613 -999.0 16600.0 -999.0 2 80 {-999.0 -999.0 -999.0 -999.0 -999.0} "" -999.0 -999.0 -999.0 -999.0 -999 -999 "" ops_sky_apogee_best_unassigned ops_sky sky_apogee 0 0 0.0 0.0 -999 ""
FIBERMAP 570 R+1C20 BOSS 1 1 0 1 0 0 131.53325751434775 35.681031668343486 143.1 12.785117924569327 135.67897336803406 197.97311 33.349895 22.956028972680514 -41.257670915593806 8.655213 0.14902504 1.9832569 22.956089214012433 -41.25769052760957 22.921374687372406 -41.11391134645189 59.651221951139334 237.25812475031083 5400.0 5400.0 2016.0 1 242 {-999.0 19.611683 17.99318 17.121267 -999.0} sdss_psfmag_gaia 18.403992 17.755041 16.21712 14.153 63050395809808844 1094469772 bright_1x1 mwm_bin_vis_boss mwm_filler science 0 0 0.0 0.0 -999 ""
FIBERMAP 570 R+1C20 METROLOGY 0 0 0 1 0 0 131.83399934070488 35.00834583576864 143.1 13.52053689478121 135.7243114604707 197.97311 33.349895 -999.0 -999.0 -999.0 -999.0 -999.0 22.95910552145581 -41.257527366343396 22.924337634255437 -41.113758548242835 59.65343439403357 237.2574635623019 -999.0 6231.0 -999.0 -1 -999 {-999.0 -999.0 -999.0 -999.0 -999.0} "" -999.0 -999.0 -999.0 -999.0 -999 -999 "" "" "" "" 0 0 0.0 0.0 -999 ""
FIBERMAP 571 R+11C2 APOGEE 0 0 0 1 0 0 -124.34064945941901 219.69751171525695 143.1 -249.35846774318793 -39.26144448051056 98.68729 9.737157 -999.0 -999.0 -999.0 -999.0 -999.0 21.89347070941666 -41.784664377756506 21.860495164160625 -41.63989206807103 58.760554748582 236.58976530567435 -999.0 16600.0 -999.0 2 -999 {-999.0 -999.0 -999.0 -999.0 -999.0} "" -999.0 -999.0 -999.0 -999.0 -999 -999 "" "" "" "" 0 0 0.0 0.0 -999 ""
FIBERMAP 571 R+11C2 BOSS 1 1 0 1 0 0 -124.13798142106383 218.9088863215777 143.1 -248.54894126248251 -39.3486438511421 98.68729 9.737157 21.896581313655105 -41.78495350365086 -13.236138 -4.9572735 1.2410506 21.896537076022668 -41.78498700908961 21.863723192621137 -41.640189278354505 58.7628474121253 236.58820856087073 5400.0 5400.0 2016.0 1 17 {-999.0 21.31798 20.286936 19.872437 -999.0} sdss_psfmag_gaia 20.240173 20.30537 18.77781 -999.0 63050395809334165 1092649261 dark_flexible_2x1 mwm_cb_galex_vol_boss mwm_cb science 0 0 0.0 0.0 -999 ""
FIBERMAP 571 R+11C2 METROLOGY 0 0 0 1 0 0 -124.83365899286169 219.13498187895425 143.1 -249.0049310935816 -39.92057504323112 98.68729 9.737157 -999.0 -999.0 -999.0 -999.0 -999.0 21.894668133593388 -41.78669968667141 21.86180840994001 -41.64190792367126 58.7610813137252 236.58556302013116 -999.0 6231.0 -999.0 -1 -999 {-999.0 -999.0 -999.0 -999.0 -999.0} "" -999.0 -999.0 -999.0 -999.0 -999 -999 "" "" "" "" 0 0 0.0 0.0 -999 ""
FIBERMAP 573 R-6C13 APOGEE 0 0 0 1 0 0 44.707055299987815 -128.0091650161834 143.1 135.54927112524027 -3.0968801965801576 257.4214 129.40565 -999.0 -999.0 -999.0 -999.0 -999.0 23.4559178721577 -41.677023739741315 23.419151524041695 -41.533616458438544 59.920298291582114 236.277549576373 -999.0 16600.0 -999.0 2 -999 {-999.0 -999.0 -999.0 -999.0 -999.0} "" -999.0 -999.0 -999.0 -999.0 -999 -999 "" "" "" "" 0 0 0.0 0.0 -999 ""
FIBERMAP 573 R-6C13 BOSS 1 1 0 1 0 0 44.063783526849605 -128.3505989301272 143.1 135.64303693756972 -3.8190503103859412 257.4214 129.40565 23.456236658047384 -41.67924997115275 -999.0 -999.0 -999.0 23.4562452319738 -41.679243366040225 23.41963578750108 -41.535806498277346 59.92013260297206 236.27313293363423 5400.0 5400.0 2016.0 1 393 {-999.0 22.674416 22.51972 21.953207 21.508774} sdss_fiber2mag_from_lsdr10 1e+20 1e+20 1e+20 -999.0 63050398760138475 1131342778 dark_flexible_3x1 bhm_spiders_agn_lsdr10_d3 bhm_spiders science 0 0 0.0 0.0 -999 ""
FIBERMAP 573 R-6C13 METROLOGY 0 0 0 1 0 0 44.078784839739576 -127.60324082920317 143.1 134.9485879005603 -3.542549272145506 257.4214 129.40565 -999.0 -999.0 -999.0 -999.0 -999.0 23.453487049944638 -41.678412265094515 23.41684015838672 -41.53498145166458 59.91829441042168 236.27571966063383 -999.0 6231.0 -999.0 -1 -999 {-999.0 -999.0 -999.0 -999.0 -999.0} "" -999.0 -999.0 -999.0 -999.0 -999 -999 "" "" "" "" 0 0 0.0 0.0 -999 ""
FIBERMAP 574 R-2C2 APOGEE 0 0 1 1 0 0 -244.8599566132071 -31.027808959946388 143.1 -56.93960218306805 -240.14746214730306 10.16933 169.58768 -999.0 -999.0 -999.0 -999.0 -999.0 22.673030642007244 -42.39615280131163 22.637152876062544 -42.25189532436826 59.18274469203486 235.17738826141465 -999.0 16600.0 -999.0 2 -999 {-999.0 -999.0 -999.0 -999.0 -999.0} "" -999.0 -999.0 -999.0 -999.0 -999 -999 "" "" "" "" 0 0 0.0 0.0 -999 ""
FIBERMAP 574 R-2C2 BOSS 1 0 1 1 0 0 -244.0430289944952 -31.11319859212657 143.1 -56.572768474574936 -239.41259721076364 10.16933 169.58768 22.718729747245625 -42.380517759234834 -999.0 -999.0 -999.0 22.674358544736524 -42.39399982757804 22.63864816413252 -42.24971282759483 59.18434992856186 235.18099372976394 5400.0 5400.0 2015.5 1 513 {-999.0 -999.0 -999.0 -999.0 -999.0} "" -999.0 -999.0 -999.0 -999.0 27021603160525637 821752640 "" ops_sky_boss_good ops_sky sky_boss 0 0 0.0 0.0 -999 ""
FIBERMAP 574 R-2C2 METROLOGY 0 0 1 1 0 0 -244.521823634185 -31.695015303811434 143.1 -56.19618244341715 -240.06519215262344 10.16933 169.58768 -999.0 -999.0 -999.0 -999.0 -999.0 22.675935949495887 -42.39599698911673 22.640170975172964 -42.251719705737194 59.184954128065144 235.1766580446125 -999.0 6231.0 -999.0 -1 -999 {-999.0 -999.0 -999.0 -999.0 -999.0} "" -999.0 -999.0 -999.0 -999.0 -999 -999 "" "" "" "" 0 0 0.0 0.0 -999 ""
FIBERMAP 576 R+4C19 APOGEE 0 0 0 1 0 0 152.68099016343663 62.43050338623552 143.1 -4.8325616011776935 164.87246297567387 273.72003 97.150024 -999.0 -999.0 -999.0 -999.0 -999.0 22.885043477707114 -41.169484556965095 22.850474499485188 -41.025690980689966 59.61795066669909 237.45126944906673 -999.0 16600.0 -999.0 2 65 {-999.0 -999.0 -999.0 -999.0 -999.0} "" -999.0 -999.0 -999.0 -999.0 -999 -999 "" ops_sky_apogee_best_unassigned ops_sky sky_apogee 0 0 0.0 0.0 -999 ""
FIBERMAP 576 R+4C19 BOSS 1 1 0 1 0 0 151.94668080349044 62.32781410741248 143.1 -4.994291891115935 164.14890048788268 273.72003 97.150024 22.88413704604164 -41.17162100140338 19.251554 -4.7621827 0.5935925 22.884228390707463 -41.17163378150266 22.849821025004246 -41.02781224950232 59.61701748010341 237.44737888265206 5400.0 5400.0 2016.0 1 217 {-999.0 17.503765 16.950619 16.761522 -999.0} sdss_psfmag_gaia 17.381605 16.989038 16.429663 15.224 63050395809808949 1136529811 dark_flexible_3x1 mwm_halo_local_high_boss_triple mwm_halo science 0 0 0.0 0.0 -999 ""
FIBERMAP 576 R+4C19 METROLOGY 0 0 0 1 0 0 152.21221793934757 63.021202851301396 143.1 -5.55022912938822 164.64101387631385 273.72003 97.150024 -999.0 -999.0 -999.0 -999.0 -999.0 22.882032239443827 -41.17012045474877 22.84758644716146 -41.02630495140457 59.615691135524486 237.45100005902782 -999.0 6231.0 -999.0 -1 -999 {-999.0 -999.0 -999.0 -999.0 -999.0} "" -999.0 -999.0 -999.0 -999.0 -999 -999 "" "" "" "" 0 0 0.0 0.0 -999 ""
FIBERMAP 578 R+9C13 APOGEE 0 0 0 1 0 0 87.83533129760787 189.58025520718795 143.1 -146.64944536751787 148.81268334027777 89.85096 80.30356 -999.0 -999.0 -999.0 -999.0 -999.0 22.313941645437595 -41.21760137127812 22.28072247772144 -41.07330837340505 59.18781437955509 237.53621657266646 -999.0 16600.0 -999.0 2 92 {-999.0 -999.0 -999.0 -999.0 -999.0} "" -999.0 -999.0 -999.0 -999.0 -999 -999 "" ops_sky_apogee_best_unassigned ops_sky sky_apogee 0 0 0.0 0.0 -999 ""
FIBERMAP 578 R+9C13 BOSS 1 1 0 1 0 0 88.56111278208826 189.46991114641276 143.1 -146.2912565203973 149.45344886885897 89.85096 80.30356 22.31465256084529 -41.21557438293307 24.946852 -20.736137 0.67328113 22.315188801065737 -41.21565882055178 22.28213530739123 -41.07134108898732 59.189260451116475 237.53954897951425 5400.0 5400.0 2016.0 1 159 {-999.0 14.892399 14.461496 14.308383 -999.0} sdss_psfmag_from_g3xp 14.808444 14.476201 13.97477 13.04 63050395809809528 1136005335 dark_flexible_3x1 mwm_halo_local_high_boss_triple mwm_halo science 0 0 1.2273168563842773 0.0 -999 ""
FIBERMAP 578 R+9C13 METROLOGY 0 0 0 1 0 0 88.11002962915234 188.88125753452235 143.1 -145.89853773798757 148.8243979518953 89.85096 80.30356 -999.0 -999.0 -999.0 -999.0 -999.0 22.31676426355114 -41.21753347738125 22.283657092983788 -41.073224070554474 59.18999691645399 237.53549133397792 -999.0 6231.0 -999.0 -1 -999 {-999.0 -999.0 -999.0 -999.0 -999.0} "" -999.0 -999.0 -999.0 -999.0 -999 -999 "" "" "" "" 0 0 0.0 0.0 -999 ""
FIBERMAP 579 R+10C17 APOGEE 0 0 0 1 0 0 160.72216786750602 189.36720669036947 143.1 -120.85369771460816 216.978473407069 237.6318 64.891174 -999.0 -999.0 -999.0 -999.0 -999.0 22.419572291683323 -41.01219979198299 22.386387668197415 -40.868042984064445 59.30762801285431 237.89759126481175 -999.0 16600.0 -999.0 2 103 {-999.0 -999.0 -999.0 -999.0 -999.0} "" -999.0 -999.0 -999.0 -999.0 -999 -999 "" ops_sky_apogee_best_unassigned ops_sky sky_apogee 0 0 0.0 0.0 -999 ""
FIBERMAP 579 R+10C17 BOSS 1 1 0 1 0 0 160.29861116266468 189.97494022779466 143.1 -121.57143475278433 216.7953395259516 237.6318 64.891174 22.416192507890184 -41.012698493533186 -0.42435947 -20.941774 2.6576087 22.416515614169683 -41.01275697638193 22.383502602139856 -40.86857186841716 59.305384498030335 237.8974356054744 5400.0 5400.0 2016.0 1 177 {-999.0 17.19784 15.896012 15.311546 -999.0} sdss_psfmag_gaia 16.702946 15.843069 14.93189 13.142 63050395809809695 1121057992 bright_1x1 openfibertargets_mwm_snc_further_ext_boss open_fiber science 0 0 0.9454551339149475 0.0 -999 ""
FIBERMAP 579 R+10C17 METROLOGY 0 0 0 1 0 0 161.04432282444444 190.04433816496947 143.1 -121.37453106212836 217.5178862679957 237.6318 64.891174 -999.0 -999.0 -999.0 -999.0 -999.0 22.417345267253467 -41.010538613381264 22.384286684996084 -40.8663619709632 59.30640954307408 237.90144303035652 -999.0 6231.0 -999.0 -1 -999 {-999.0 -999.0 -999.0 -999.0 -999.0} "" -999.0 -999.0 -999.0 -999.0 -999 -999 "" "" "" "" 0 0 0.0 0.0 -999 ""
FIBERMAP 583 R+3C18 APOGEE 1 1 0 1 0 0 133.57990074380487 47.738249483801624 143.1 2.2152337231298613 141.82938575837778 326.30783 105.43474 22.913526779586405 -41.23912374732488 3.7181642 -9.841972 2.4622653 22.913552969480158 -41.23915588639252 22.878809268911084 -41.09537110204979 59.62390650740376 237.30763585397153 16000.0 16600.0 2016.0 2 70 {-999.0 11.785676 11.373279 11.2516 -999.0} sdss_psfmag_from_g3xp 11.711678 11.398357 10.921568 10.107 63050395809808865 975156287 "" ops_std_apogee ops_std standard_apogee 0 0 0.0 0.0 -999 ""
FIBERMAP 583 R+3C18 BOSS 0 0 0 1 0 0 133.34350560427495 47.02972420799394 143.1 2.795576641857273 141.35924106436977 326.30783 105.43474 -999.0 -999.0 -999.0 -999.0 -999.0 22.915735245411014 -41.24053826107715 22.88114687299793 -41.096728002294164 59.62533471449116 237.30426534932002 -999.0 5400.0 -999.0 1 226 {-999.0 -999.0 -999.0 -999.0 -999.0} "" -999.0 -999.0 -999.0 -999.0 -999 -999 "" "" "" "" 0 0 0.0 0.0 -999 ""
FIBERMAP 583 R+3C18 METROLOGY 0 0 0 1 0 0 132.84939506911218 47.57703454311231 143.1 2.1096341028794328 141.08883154071313 326.30783 105.43474 -999.0 -999.0 -999.0 -999.0 -999.0 22.91301521335855 -41.241335960807326 22.878386281180212 -41.09753082136037 59.62313027979262 237.30360077359944 -999.0 6231.0 -999.0 -1 -999 {-999.0 -999.0 -999.0 -999.0 -999.0} "" -999.0 -999.0 -999.0 -999.0 -999 -999 "" "" "" "" 0 0 0.0 0.0 -999 ""
FIBERMAP 584 R+9C4 APOGEE 0 0 0 1 0 0 -126.7376838107125 189.6713805861388 143.1 -222.08816245955938 -52.05020563061607 119.65578 99.57646 -999.0 -999.0 -999.0 -999.0 -999.0 22.0030265251331 -41.824283043868995 21.969714965185062 -41.67959204593368 58.83166938788051 236.48096812801566 -999.0 16600.0 -999.0 2 -999 {-999.0 -999.0 -999.0 -999.0 -999.0} "" -999.0 -999.0 -999.0 -999.0 -999 -999 "" "" "" "" 0 0 0.0 0.0 -999 ""
FIBERMAP 584 R+9C4 BOSS 1 1 0 1 0 0 -126.14974449543097 190.1554993753401 143.1 -222.3349491501088 -51.329732922639366 119.65578 99.57646 22.001836990337857 -41.822128002099845 -999.0 -999.0 -999.0 22.001833835951476 -41.82213080706797 21.96869788929422 -41.677411171257106 58.83140126738559 236.48540005307296 5400.0 5400.0 2016.0 1 15 {-999.0 22.503014 22.530302 22.162893 21.97514} sdss_fiber2mag_from_lsdr10 1e+20 1e+20 1e+20 -999.0 63050398759720027 1131342751 dark_flexible_3x1 bhm_spiders_agn_lsdr10_d3 bhm_spiders science 0 0 0.0 0.0 -999 ""
FIBERMAP 584 R+9C4 METROLOGY 0 0 0 1 0 0 -126.03570917353746 189.41305941867654 143.1 -221.59978987200267 -51.48369572156741 119.65578 99.57646 -999.0 -999.0 -999.0 -999.0 -999.0 22.004798747190737 -41.82262042198877 21.971606503752014 -41.67791109814397 58.833413391157094 236.4835459740197 -999.0 6231.0 -999.0 -1 -999 {-999.0 -999.0 -999.0 -999.0 -999.0} "" -999.0 -999.0 -999.0 -999.0 -999 -999 "" "" "" "" 0 0 0.0 0.0 -999 ""
FIBERMAP 585 R+12C4 APOGEE 0 0 0 1 0 0 -94.01098544075303 241.90325131678105 143.1 -259.49756327053586 -3.066993323257674 88.30899 142.11897 -999.0 -999.0 -999.0 -999.0 -999.0 21.854178329985626 -41.67482428195953 21.82145960851841 -41.53004472996316 58.755363210514396 236.8086834957686 -999.0 16600.0 -999.0 2 -999 {-999.0 -999.0 -999.0 -999.0 -999.0} "" -999.0 -999.0 -999.0 -999.0 -999 -999 "" "" "" "" 0 0 0.0 0.0 -999 ""
FIBERMAP 585 R+12C4 BOSS 1 1 0 1 0 0 -93.58035657255735 242.46509484992976 143.1 -259.8723641059355 -2.4665079362482736 88.30899 142.11897 21.852016113443092 -41.67296252005405 26.630903 -6.4747424 0.6711429 21.852520211869887 -41.6730228942173 21.819978100757737 -41.528215004456 58.7546643744279 236.8125822426565 5400.0 5400.0 2016.0 1 98 {-999.0 15.713645 15.332452 15.2137575 -999.0} sdss_psfmag_gaia 15.653944 15.354511 14.885503 13.984 63050395809335116 1136526592 dark_flexible_3x1 mwm_halo_local_high_boss_triple mwm_halo science 0 0 0.9720496535301208 0.0 -999 ""
FIBERMAP 585 R+12C4 METROLOGY 0 0 0 1 0 0 -93.27377920608667 241.77666069957294 143.1 -259.1201513913562 -2.4212367632590444 88.30899 142.11897 -999.0 -999.0 -999.0 -999.0 -999.0 21.85552837314748 -41.67290314675974 21.822930656359688 -41.52810551152389 58.75684823121384 236.81189113263162 -999.0 6231.0 -999.0 -1 -999 {-999.0 -999.0 -999.0 -999.0 -999.0} "" -999.0 -999.0 -999.0 -999.0 -999 -999 "" "" "" "" 0 0 0.0 0.0 -999 ""
FIBERMAP 586 R-5C20 APOGEE 0 0 0 1 0 0 209.53327723280236 -102.73345951987383 143.1 169.768188359975 160.09864607191918 33.078114 57.952316 -999.0 -999.0 -999.0 -999.0 -999.0 23.58748350057877 -41.18210118066063 23.55115673820933 -41.038925776052636 60.130823068610795 237.19530344360163 -999.0 16600.0 -999.0 2 224 {-999.0 -999.0 -999.0 -999.0 -999.0} "" -999.0 -999.0 -999.0 -999.0 -999 -999 "" ops_sky_apogee_best_unassigned ops_sky sky_apogee 0 0 0.0 0.0 -999 ""
FIBERMAP 586 R-5C20 BOSS 1 1 0 1 0 0 209.51735915665915 -103.45245715609612 143.1 170.43576284489342 159.83124629183536 33.078114 57.952316 23.589547616052833 -41.18290810638686 11.907514 4.021264 3.1604502 23.590045423838394 -41.18290130200803 23.553870155213872 -41.03970038183143 60.132643601376365 237.1928652899415 5400.0 5400.0 2016.0 1 322 {-999.0 15.7695465 14.634327 14.223129 -999.0} sdss_psfmag_from_g3xp 15.356776 14.667243 13.86626 12.251 63050395808841838 943132099 bright_1x1 openfibertargets_nov2020_35b open_fiber science 0 0 1.2530056238174438 0.0 -999 ""
FIBERMAP 586 R-5C20 METROLOGY 0 0 0 1 0 0 208.87709593656095 -103.10606069911772 143.1 169.88660111065803 159.35344409340684 33.078114 57.952316 -999.0 -999.0 -999.0 -999.0 -999.0 23.587949341400478 -41.184318638372844 23.551731994284182 -41.04112333519043 60.130752620354706 237.19080790768913 -999.0 6231.0 -999.0 -1 -999 {-999.0 -999.0 -999.0 -999.0 -999.0} "" -999.0 -999.0 -999.0 -999.0 -999 -999 "" "" "" "" 0 0 0.0 0.0 -999 ""
FIBERMAP 590 R+11C14 APOGEE 0 0 0 1 0 0 134.29447311623724 205.7685296388094 143.1 -145.49034011582134 197.9952225259793 327.3969 114.781 -999.0 -999.0 -999.0 -999.0 -999.0 22.32029345717645 -41.06922444471809 22.287272604138877 -40.92497071273791 59.22279031088834 237.81795577247172 -999.0 16600.0 -999.0 2 55 {-999.0 -999.0 -999.0 -999.0 -999.0} "" -999.0 -999.0 -999.0 -999.0 -999 -999 "" ops_sky_apogee_best_unassigned ops_sky sky_apogee 0 0 0.0 0.0 -999 ""
FIBERMAP 590 R+11C14 BOSS 1 1 0 1 0 0 134.24907481646278 205.01648538713604 143.1 -144.8021784145601 197.68861650582932 327.3969 114.781 22.322845458984375 -41.07013915660147 -999.0 -999.0 -999.0 22.32285471625467 -41.07016005890864 22.289991675642455 -40.92588258590374 59.224619316720364 237.81540246484286 5400.0 5400.0 2015.5 1 92 {-999.0 -999.0 -999.0 -999.0 -999.0} "" -999.0 -999.0 -999.0 -999.0 27021603161556718 821851363 "" ops_sky_boss_good ops_sky sky_boss 0 0 0.0 0.0 -999 ""
FIBERMAP 590 R+11C14 METROLOGY 0 0 0 1 0 0 133.62366097945437 205.4383876941267 143.1 -145.41681803720013 197.25123312587598 327.3969 114.781 -999.0 -999.0 -999.0 -999.0 -999.0 22.320391712991352 -41.07143236415682 22.28748605849978 -40.9271598025122 59.2225079447027 237.81370177364823 -999.0 6231.0 -999.0 -1 -999 {-999.0 -999.0 -999.0 -999.0 -999.0} "" -999.0 -999.0 -999.0 -999.0 -999 -999 "" "" "" "" 0 0 0.0 0.0 -999 ""
FIBERMAP 591 R+11C1 APOGEE 0 0 0 1 0 0 -183.0321327425914 205.8267675549004 143.1 -256.9831041571498 -99.08269845420745 233.66397 87.77199 -999.0 -999.0 -999.0 -999.0 -999.0 21.860603492369098 -41.965199693204525 21.82745294900832 -41.82035925460171 58.69740967522253 236.2606322482879 -999.0 16600.0 -999.0 2 9 {-999.0 -999.0 -999.0 -999.0 -999.0} "" -999.0 -999.0 -999.0 -999.0 -999 -999 "" ops_sky_apogee_best_unassigned ops_sky sky_apogee 0 0 0.0 0.0 -999 ""
FIBERMAP 591 R+11C1 BOSS 1 1 0 1 0 0 -183.59852316238522 206.31026398801276 143.1 -257.6346837929676 -99.44319038640513 233.66397 87.77199 21.857831703418658 -41.96629009030167 -999.0 -999.0 -999.0 21.857810119776925 -41.96628448162108 21.82483587177103 -41.82141299488902 58.69527610358662 236.2594741934547 5400.0 5400.0 2016.0 1 9 {-999.0 -999.0 -999.0 -999.0 -999.0} "" -999.0 -999.0 -999.0 -999.0 63050398759758466 1167117657 dark_1x1 openfibertargets_bhm_iragn2_boss open_fiber science 0 0 0.0 0.0 -999 ""
FIBERMAP 591 R+11C1 METROLOGY 0 0 0 1 0 0 -182.9128095700462 206.5629601512807 143.1 -257.6304638633615 -98.71244671857548 233.66397 87.77199 -999.0 -999.0 -999.0 -999.0 -999.0 21.857830921217978 -41.96408868898795 21.824811394543246 -41.81922580485976 58.69573656126845 236.2635894874905 -999.0 6231.0 -999.0 -1 -999 {-999.0 -999.0 -999.0 -999.0 -999.0} "" -999.0 -999.0 -999.0 -999.0 -999 -999 "" "" "" "" 0 0 0.0 0.0 -999 ""
FIBERMAP 593 R-1C22 APOGEE 0 0 0 1 0 0 204.40028556598887 -25.161059365966025 143.1 95.33810597926872 182.53460961658507 354.3239 101.65458 -999.0 -999.0 -999.0 -999.0 -999.0 23.287840141404388 -41.11543421530051 23.252355542476096 -40.97200646850463 59.92570479742383 237.42571984584333 -999.0 16600.0 -999.0 2 205 {-999.0 -999.0 -999.0 -999.0 -999.0} "" -999.0 -999.0 -999.0 -999.0 -999 -999 "" ops_sky_apogee_best_unassigned ops_sky sky_apogee 0 0 0.0 0.0 -999 ""
FIBERMAP 593 R-1C22 BOSS 1 1 0 1 0 0 204.4632813993118 -25.907346790479 143.1 96.05894350123789 182.33150973378545 354.3239 101.65458 23.29056111509299 -41.11598034319826 10.770695 -10.766747 2.4539635 23.290613218787946 -41.11602024244087 23.255281345828735 -40.972567789564465 59.92773865344726 237.42366676532757 5400.0 5400.0 2016.0 1 289 {-999.0 18.981289 17.38245 16.533058 -999.0} sdss_psfmag_gaia 17.570185 17.160864 15.412196 13.015 63050395808840250 1124946419 dark_1x1 openfibertargets_mwm_snc_further_ext_boss open_fiber science 0 0 0.0 0.0 -999 ""
FIBERMAP 593 R-1C22 METROLOGY 0 0 0 1 0 0 203.7877340451652 -25.580863383260322 143.1 95.51603441931401 181.81367958381134 354.3239 101.65458 -999.0 -999.0 -999.0 -999.0 -999.0 23.28851181475116 -41.11755440478147 23.253137337445366 -40.97410739371229 59.92582348114441 237.42137151892356 -999.0 6231.0 -999.0 -1 -999 {-999.0 -999.0 -999.0 -999.0 -999.0} "" -999.0 -999.0 -999.0 -999.0 -999 -999 "" "" "" "" 0 0 0.0 0.0 -999 ""
FIBERMAP 595 R-3C1 APOGEE 0 0 0 1 0 0 -264.4840925904052 -45.88131936520091 143.1 -49.92451241277902 -263.7368737047371 126.791336 109.69702 -999.0 -999.0 -999.0 -999.0 -999.0 22.701792756506983 -42.467047276108765 22.665732634791254 -42.322798235327305 59.1858809741009 235.0330884884088 -999.0 16600.0 -999.0 2 271 {-999.0 -999.0 -999.0 -999.0 -999.0} "" -999.0 -999.0 -999.0 -999.0 -999 -999 "" "" "" "" 0 0 0.0 0.0 -999 ""
FIBERMAP 595 R-3C1 BOSS 1 1 0 1 0 0 -264.0757101252283 -45.24879903311973 143.1 -50.37329715465202 -263.13239644368826 126.791336 109.69702 22.69976928138209 -42.465275677862834 -999.0 -999.0 -999.0 22.69978542569789 -42.465258539058375 22.66390085439008 -42.320976728278694 59.18501642482818 235.03718552607904 5400.0 5400.0 2016.0 1 443 {-999.0 23.476614 21.66648 20.973234 20.52323} sdss_psfmag_from_lsdr10 1e+20 1e+20 1e+20 -999.0 63050398044785453 1131335236 dark_flexible_3x1 bhm_spiders_agn_lsdr10_d3 bhm_spiders science 0 0 0.0 0.0 -999 ""
FIBERMAP 595 R-3C1 METROLOGY 0 0 0 1 0 0 -263.7440749536546 -45.932229489261005 143.1 -49.61696941086112 -263.06190760585207 126.791336 109.69702 -999.0 -999.0 -999.0 -999.0 -999.0 22.702920075328187 -42.465094469308696 22.66698012270126 -42.320824298353166 59.1872607090457 235.03638041588164 -999.0 6231.0 -999.0 -1 -999 {-999.0 -999.0 -999.0 -999.0 -999.0} "" -999.0 -999.0 -999.0 -999.0 -999 -999 "" "" "" "" 0 0 0.0 0.0 -999 ""
FIBERMAP 596 R-5C10 APOGEE 0 0 0 1 0 0 -28.807341649742888 -112.65217534629387 143.1 95.35455907898469 -66.53200182489627 309.26773 91.40512 -999.0 -999.0 -999.0 -999.0 -999.0 23.29420644796614 -41.8703406708725 23.25754762822902 -41.72674508005538 59.75703735730676 235.9613793997721 -999.0 16600.0 -999.0 2 269 {-999.0 -999.0 -999.0 -999.0 -999.0} "" -999.0 -999.0 -999.0 -999.0 -999 -999 "" ops_sky_apogee_best_unassigned ops_sky sky_apogee 0 0 0.0 0.0 -999 ""
FIBERMAP 596 R-5C10 BOSS 1 1 0 1 0 0 -29.358390232048798 -113.15807352310246 143.1 95.63469204030528 -67.22558387828512 309.26773 91.40512 23.29504394679321 -41.8724275925572 52.283615 -30.174486 1.7201948 23.29526535618087 -41.872503910300814 23.258763109146173 -41.72887884664606 59.757407520736095 235.95683501401072 5400.0 5400.0 2016.0 1 370 {-999.0 18.871164 17.40838 16.69495 -999.0} sdss_psfmag_gaia 18.259779 17.280094 16.288465 14.269 63050395808838724 1136525212 dark_flexible_3x1 mwm_halo_local_high_boss_triple mwm_halo science 0 0 0.0 0.0 -999 ""
FIBERMAP 596 R-5C10 METROLOGY 0 0 0 1 0 0 -29.52410482166336 -112.43788266677593 143.1 94.90221493548106 -67.12781941436245 309.26773 91.40512 -999.0 -999.0 -999.0 -999.0 -999.0 23.292339979237116 -41.87221990170044 23.25579950420348 -41.72860079244808 59.75532657901719 235.95842189044302 -999.0 6231.0 -999.0 -1 -999 {-999.0 -999.0 -999.0 -999.0 -999.0} "" -999.0 -999.0 -999.0 -999.0 -999 -999 "" "" "" "" 0 0 0.0 0.0 -999 ""
FIBERMAP 601 R+5C20 APOGEE 0 0 0 1 0 0 186.11281646103856 104.58452906406725 143.1 -32.558911811400684 210.97673313260003 75.55171 153.7138 -999.0 -999.0 -999.0 -999.0 -999.0 22.773560798505535 -41.03039694428426 22.739474001612166 -40.886538735127175 59.56520739325882 237.75483248972913 -999.0 16600.0 -999.0 2 117 {-999.0 -999.0 -999.0 -999.0 -999.0} "" -999.0 -999.0 -999.0 -999.0 -999 -999 "" ops_sky_apogee_best_unassigned ops_sky sky_apogee 0 0 0.0 0.0 -999 ""
FIBERMAP 601 R+5C20 BOSS 1 1 0 1 0 0 186.59300780174843 105.15510097688922 143.1 -32.92447936102435 211.62668681160267 75.55171 153.7138 22.77191162109375 -41.02840512992012 -999.0 -999.0 -999.0 22.77192317686273 -41.02841833450189 22.738006333841724 -40.88453308918393 59.564537167014606 237.7591595719357 5400.0 5400.0 2015.5 1 202 {-999.0 -999.0 -999.0 -999.0 -999.0} "" -999.0 -999.0 -999.0 -999.0 27021603161556435 814091390 "" ops_sky_boss_good ops_sky sky_boss 0 0 0.0 0.0 -999 ""
FIBERMAP 601 R+5C20 METROLOGY 0 0 0 1 0 0 186.85491716129167 104.45734192310154 143.1 -32.17922260391627 211.62686267040607 75.55171 153.7138 -999.0 -999.0 -999.0 -999.0 -999.0 22.774955445141554 -41.02837759078596 22.740984968057035 -40.8845023598471 59.566746667448726 237.75829844047323 -999.0 6231.0 -999.0 -1 -999 {-999.0 -999.0 -999.0 -999.0 -999.0} "" -999.0 -999.0 -999.0 -999.0 -999 -999 "" "" "" "" 0 0 0.0 0.0 -999 ""
FIBERMAP 602 R+3C5 APOGEE 0 0 0 1 0 0 -151.40867109471813 55.45530176244804 143.1 -105.09170965428828 -122.28230459938786 17.039747 87.40861 -999.0 -999.0 -999.0 -999.0 -999.0 22.476682501353753 -42.039826412230454 22.441845746521608 -41.895483025189826 59.12643329409531 235.91975252603788 -999.0 16600.0 -999.0 2 24 {-999.0 -999.0 -999.0 -999.0 -999.0} "" -999.0 -999.0 -999.0 -999.0 -999 -999 "" ops_sky_apogee_best_unassigned ops_sky sky_apogee 0 0 0.0 0.0 -999 ""
FIBERMAP 602 R+3C5 BOSS 1 1 0 1 0 0 -151.24234257264175 54.73254885738106 143.1 -104.35661822072882 -122.38039400254142 17.039747 87.40861 22.479452702838206 -42.04016400846344 -1.2806082 -12.256136 2.2822618 22.47945391027211 -42.040214682618476 22.44477701304504 -41.89584399297813 59.12847310958301 235.91808717501613 5400.0 5400.0 2016.0 1 41 {-999.0 19.846437 18.088507 17.025013 -999.0} sdss_psfmag_gaia 19.002666 17.699717 16.58939 14.464 63050395808353255 1124937837 dark_1x1 openfibertargets_mwm_snc_further_ext_boss open_fiber science 0 0 0.0 0.0 -999 ""
FIBERMAP 602 R+3C5 METROLOGY 0 0 0 1 0 0 -151.95560917856972 54.92955491767544 143.1 -104.7915497757605 -122.97900860402387 17.039747 87.40861 -999.0 -999.0 -999.0 -999.0 -999.0 22.4777051531179 -42.04202600021939 22.442982565963632 -41.89766178768089 59.12675406229543 235.91524072023992 -999.0 6231.0 -999.0 -1 -999 {-999.0 -999.0 -999.0 -999.0 -999.0} "" -999.0 -999.0 -999.0 -999.0 -999 -999 "" "" "" "" 0 0 0.0 0.0 -999 ""
FIBERMAP 603 R-11C2 APOGEE 0 0 0 1 0 0 -164.957835215758 -207.6411408583932 143.1 136.47527090603128 -227.36154514257186 215.59985 53.247025 -999.0 -999.0 -999.0 -999.0 -999.0 23.46493287460686 -42.355280268728364 23.42707916430328 -42.21172505213846 59.75913343867907 234.96646180454445 -999.0 16600.0 -999.0 2 -999 {-999.0 -999.0 -999.0 -999.0 -999.0} "" -999.0 -999.0 -999.0 -999.0 -999 -999 "" "" "" "" 0 0 0.0 0.0 -999 ""
FIBERMAP 603 R-11C2 BOSS 1 1 0 1 0 0 -164.94058435780195 -206.89625318143467 143.1 135.783924805435 -227.08380551772572 215.59985 53.247025 23.461991790308126 -42.35452795597359 0.046365004 -0.22185113 -0.15744342 23.461941964131345 -42.35450172618154 23.42426030147982 -42.210912066708346 59.75732284391387 234.96908223619135 5400.0 5400.0 2016.0 1 516 {-999.0 20.492165 20.339088 20.20604 20.12682} sdss_psfmag_from_gaiadr2 20.318403 20.330553 19.795292 -999.0 63050395808834574 1130401288 dark_flexible_3x1 bhm_gua_dark_d3 bhm_filler science 0 0 0.0 0.0 -999 ""
FIBERMAP 603 R-11C2 METROLOGY 0 0 0 1 0 0 -164.30513905378592 -207.27578358538085 143.1 136.36241638935076 -226.62215003886075 215.59985 53.247025 -999.0 -999.0 -999.0 -999.0 -999.0 23.46437829196205 -42.35312716174258 23.426646309242187 -42.209549050128196 59.759379844655925 234.97080155591618 -999.0 6231.0 -999.0 -1 -999 {-999.0 -999.0 -999.0 -999.0 -999.0} "" -999.0 -999.0 -999.0 -999.0 -999 -999 "" "" "" "" 0 0 0.0 0.0 -999 ""
FIBERMAP 606 R-1C4 APOGEE 0 0 0 1 0 0 -206.81005766498365 -11.992401977065324 143.1 -61.39928094888933 -197.83826070646163 17.195902 145.41212 -999.0 -999.0 -999.0 -999.0 -999.0 22.654798453602474 -42.268725040954976 22.619160995554353 -42.12448111227895 59.20061360379391 235.42507567459796 -999.0 16600.0 -999.0 2 -999 {-999.0 -999.0 -999.0 -999.0 -999.0} "" -999.0 -999.0 -999.0 -999.0 -999 -999 "" "" "" "" 0 0 0.0 0.0 -999 ""
FIBERMAP 606 R-1C4 BOSS 1 1 0 1 0 0 -206.06858890792043 -12.203134586854858 143.1 -60.94159386869007 -197.21806218925835 17.195902 145.41212 22.656492251881414 -42.26696235108514 -999.0 -999.0 -999.0 22.656483860546444 -42.26693961289598 22.621012017684507 -42.122666889058706 59.20238157543107 235.42787238409278 5400.0 5400.0 2016.0 1 510 {-999.0 21.922424 21.789171 21.330383 20.973663} sdss_fiber2mag_from_lsdr10 1e+20 1e+20 1e+20 -999.0 63050398759976931 1131337745 dark_flexible_3x1 bhm_spiders_agn_lsdr10_d3 bhm_spiders science 0 0 0.0 0.0 -999 ""
FIBERMAP 606 R-1C4 METROLOGY 0 0 0 1 0 0 -206.6336157029718 -12.719290173996265 143.1 -60.65676620958521 -197.92833358386272 17.195902 145.41212 -999.0 -999.0 -999.0 -999.0 -999.0 22.657684298708002 -42.2691039445317 22.622158693427593 -42.124840431485744 59.20268583824149 235.4233527090452 -999.0 6231.0 -999.0 -1 -999 {-999.0 -999.0 -999.0 -999.0 -999.0} "" -999.0 -999.0 -999.0 -999.0 -999 -999 "" "" "" "" 0 0 0.0 0.0 -999 ""
FIBERMAP 609 R+3C17 APOGEE 0 0 0 1 0 0 111.95608036230539 43.429636178082966 143.1 -1.3446267821913196 120.07090096509904 344.60193 72.04714 -999.0 -999.0 -999.0 -999.0 -999.0 22.89928218729981 -41.305052838872896 22.86447548826044 -41.161240539956644 59.59913241639926 237.18511066782918 -999.0 16600.0 -999.0 2 -999 {-999.0 -999.0 -999.0 -999.0 -999.0} "" -999.0 -999.0 -999.0 -999.0 -999 -999 "" "" "" "" 0 0 0.0 0.0 -999 ""
FIBERMAP 609 R+3C17 BOSS 1 1 0 1 0 0 111.45665048858972 42.7411001711024 143.1 -0.8753710085282417 119.36150869075296 344.60193 72.04714 22.901000976562496 -41.307134820555035 -999.0 -999.0 -999.0 22.90101687009251 -41.30716595709394 22.86636577612063 -41.16332739037452 59.60006891814699 237.18047491838718 5400.0 5400.0 2015.5 1 227 {-999.0 -999.0 -999.0 -999.0 -999.0} "" -999.0 -999.0 -999.0 -999.0 27021603161556212 814091336 "" ops_sky_boss_good ops_sky sky_boss 0 0 0.0 0.0 -999 ""
FIBERMAP 609 R+3C17 METROLOGY 0 0 0 1 0 0 111.2083794968029 43.45065123275655 143.1 -1.626878583040278 119.37824290931344 344.60193 72.04714 -999.0 -999.0 -999.0 -999.0 -999.0 22.898026192354063 -41.30709786595502 22.863336444897698 -41.16326445339312 59.5978563001552 237.1815740615741 -999.0 6231.0 -999.0 -1 -999 {-999.0 -999.0 -999.0 -999.0 -999.0} "" -999.0 -999.0 -999.0 -999.0 -999 -999 "" "" "" "" 0 0 0.0 0.0 -999 ""
FIBERMAP 616 R+10C3 APOGEE 0 0 0 1 0 0 -141.80586163990154 203.02598094897388 143.1 -239.883081414823 -61.46800394678343 117.54407 129.21909 -999.0 -999.0 -999.0 -999.0 -999.0 21.93086493325309 -41.852174597044105 21.89769718808509 -41.70741767505287 58.77313724810172 236.45104904133524 -999.0 16600.0 -999.0 2 13 {-999.0 -999.0 -999.0 -999.0 -999.0} "" -999.0 -999.0 -999.0 -999.0 -999 -999 "" ops_sky_apogee_best_unassigned ops_sky sky_apogee 0 0 0.0 0.0 -999 ""
FIBERMAP 616 R+10C3 BOSS 1 1 0 1 0 0 -141.52830826066076 203.70530898633382 143.1 -240.4216344126124 -60.96957811573927 117.54407 129.21909 21.92852234250957 -41.85068524267571 -0.17408441 0.19369256 -0.46086425 21.928513008784538 -41.850680657757366 21.895523369028922 -41.70589398019607 58.77188309246473 236.45459654636207 5400.0 5400.0 2016.0 1 16 {-999.0 20.21293 20.067244 19.938267 19.867174} sdss_psfmag_from_gaiadr2 20.175007 20.05785 19.680155 -999.0 63050395809334089 1130412911 dark_flexible_3x1 bhm_gua_dark_d3 bhm_filler science 0 0 0.0 0.0 -999 ""
FIBERMAP 616 R+10C3 METROLOGY 0 0 0 1 0 0 -141.05778858741334 203.1183638175876 143.1 -239.70686819382476 -60.73517453209344 117.54407 129.21909 -999.0 -999.0 -999.0 -999.0 -999.0 21.931396654645997 -41.84999945652341 21.898352460488127 -41.705223288778484 58.774090362004465 236.4549767923446 -999.0 6231.0 -999.0 -1 -999 {-999.0 -999.0 -999.0 -999.0 -999.0} "" -999.0 -999.0 -999.0 -999.0 -999 -999 "" "" "" "" 0 0 0.0 0.0 -999 ""
FIBERMAP 617 R-4C3 APOGEE 0 0 0 1 0 0 -214.3453751886545 -82.85601362482711 143.1 2.300833796465218 -229.77900077472285 207.28949 113.17217 -999.0 -999.0 -999.0 -999.0 -999.0 22.915755405565857 -42.36513036907589 22.879298755510206 -42.221089343334064 59.36410377765036 235.14978725846873 -999.0 16600.0 -999.0 2 242 {-999.0 -999.0 -999.0 -999.0 -999.0} "" -999.0 -999.0 -999.0 -999.0 -999 -999 "" "" "" "" 0 0 0.0 0.0 -999 ""
FIBERMAP 617 R-4C3 BOSS 1 1 0 1 0 0 -214.91786276628866 -82.35898345012386 143.1 1.6344419480920296 -230.14044843941852 207.28949 113.17217 22.912829641392584 -42.36629624073243 -1.6380517 1.007415 0.32979077 22.912860109658382 -42.36628817758186 22.876575295645466 -42.22221303506594 59.36187196850179 235.1486272622303 5400.0 5400.0 2016.0 1 499 {-999.0 18.697882 18.021828 17.60366 17.232214} sdss_psfmag_from_gdr3 15.98073 18.56992 14.622127 12.618 63050395808837737 1059562161 bright_flexible_2x1 bhm_spiders_agn_gaiadr3 bhm_spiders science 0 0 0.0 0.0 -999 ""
FIBERMAP 617 R-4C3 METROLOGY 0 0 0 1 0 0 -214.2132611396509 -82.11103268913858 143.1 1.6497378495952022 -229.3936872524412 207.28949 113.17217 -999.0 -999.0 -999.0 -999.0 -999.0 22.912966853177252 -42.36406954787072 22.876638085894285 -42.22000389354453 59.362462202546766 235.15280563829046 -999.0 6231.0 -999.0 -1 -999 {-999.0 -999.0 -999.0 -999.0 -999.0} "" -999.0 -999.0 -999.0 -999.0 -999 -999 "" "" "" "" 0 0 0.0 0.0 -999 ""
FIBERMAP 618 R+8C5 APOGEE 0 0 0 1 0 0 -106.28282966765691 136.78230005967632 143.1 -165.3872355578437 -51.472762996710635 333.7814 61.717587 -999.0 -999.0 -999.0 -999.0 -999.0 22.232567490608353 -41.824102675567545 22.19867177571882 -41.67960278086257 58.99852048979879 236.40843579792588 -999.0 16600.0 -999.0 2 42 {-999.0 -999.0 -999.0 -999.0 -999.0} "" -999.0 -999.0 -999.0 -999.0 -999 -999 "" ops_sky_apogee_best_unassigned ops_sky sky_apogee 0 0 0.0 0.0 -999 ""
FIBERMAP 618 R+8C5 BOSS 1 1 0 1 0 0 -106.8835187422914 136.3497604005414 143.1 -165.19321748496498 -52.18705924609276 333.7814 61.717587 22.23301878197198 -41.826306510742114 18.101122 -9.207449 0.6074896 22.233087248485884 -41.826319509757944 22.199355191892607 -41.681791097639305 58.998535137033336 236.4040731859552 5400.0 5400.0 2016.0 1 70 {-999.0 17.047798 16.540028 16.36977 -999.0} sdss_psfmag_gaia 16.937727 16.575178 16.03394 15.129 63050395809333987 1136526665 dark_flexible_3x1 mwm_halo_local_high_boss_triple mwm_halo science 0 0 0.0 0.0 -999 ""
FIBERMAP 618 R+8C5 METROLOGY 0 0 0 1 0 0 -106.9595399702209 137.08532162397228 143.1 -165.90858679271804 -51.99992125367693 333.7814 61.717587 -999.0 -999.0 -999.0 -999.0 -999.0 22.230210101516747 -41.82573385821798 22.196438559055935 -41.68121123567536 58.9965386383172 236.406104969041 -999.0 6231.0 -999.0 -1 -999 {-999.0 -999.0 -999.0 -999.0 -999.0} "" -999.0 -999.0 -999.0 -999.0 -999 -999 "" "" "" "" 0 0 0.0 0.0 -999 ""
FIBERMAP 621 R-1C10 APOGEE 0 0 0 1 0 0 -81.63245922747564 -6.10710670267421 143.1 -22.949749140943048 -78.57341793468113 108.43673 113.13772 -999.0 -999.0 -999.0 -999.0 -999.0 22.811996875908555 -41.908014274733084 22.776503085056618 -41.76398815313863 59.39946617069199 236.05707357115705 -999.0 16600.0 -999.0 2 -999 {-999.0 -999.0 -999.0 -999.0 -999.0} "" -999.0 -999.0 -999.0 -999.0 -999 -999 "" "" "" "" 0 0 0.0 0.0 -999 ""
FIBERMAP 621 R-1C10 BOSS 1 1 0 1 0 0 -81.06586240186162 -5.614779233805521 143.1 -23.211716263068176 -77.87004451195261 108.43673 113.13772 22.810737670626622 -41.90593766368415 0.15180369 -0.18403192 0.042106863 22.81074334468641 -41.9059558899987 22.775421172321103 -41.76189969816868 59.3991665958838 236.06143230160035 5400.0 5400.0 2016.0 1 509 {-999.0 19.67713 19.499384 19.462898 -999.0} sdss_psfmag_gaia 19.663136 19.488863 19.11799 -999.0 63050395808839104 1128095376 dark_flexible_3x1 bhm_csc_boss_d3 bhm_csc science 0 0 0.0 0.0 -999 ""
FIBERMAP 621 R-1C10 METROLOGY 0 0 0 1 0 0 -80.92245168901593 -6.342452219152625 143.1 -22.48006662236884 -77.99131863638831 108.43673 113.13772 -999.0 -999.0 -999.0 -999.0 -999.0 22.813772967835202 -41.90632285498346 22.778395680779738 -41.7622775412336 59.40123678895092 236.05969747301947 -999.0 6231.0 -999.0 -1 -999 {-999.0 -999.0 -999.0 -999.0 -999.0} "" -999.0 -999.0 -999.0 -999.0 -999 -999 "" "" "" "" 0 0 0.0 0.0 -999 ""
FIBERMAP 622 R-9C14 APOGEE 0 0 0 1 0 0 90.80025404113665 -163.83814757637364 143.1 185.28124129659412 27.475707988933507 146.80437 104.0869 -999.0 -999.0 -999.0 -999.0 -999.0 23.655970319159632 -41.58304582994151 23.618849341502653 -41.439839832220486 60.08784250360579 236.38895077844305 -999.0 16600.0 -999.0 2 198 {-999.0 -999.0 -999.0 -999.0 -999.0} "" -999.0 -999.0 -999.0 -999.0 -999 -999 "" "" "" "" 0 0 0.0 0.0 -999 ""
FIBERMAP 622 R-9C14 BOSS 1 1 0 1 0 0 91.04976031019194 -163.141314169335 143.1 184.71644928433253 27.95402210189272 146.80437 104.0869 23.65360217784503 -41.58163372551155 -999.0 -999.0 -999.0 23.653590305759497 -41.58163182856922 23.61663733701397 -41.43839477949109 60.08657400264677 236.39255409653947 5400.0 5400.0 2016.0 1 274 {-999.0 20.373108 19.791046 19.475416 19.25558} sdss_fiber2mag_from_lsdr10 1e+20 1e+20 1e+20 -999.0 63050397330109580 1066499453 dark_flexible_2x2 bhm_colr_galaxies_lsdr10 bhm_filler science 0 0 0.0 0.0 -999 ""
FIBERMAP 622 R-9C14 METROLOGY 0 0 0 1 0 0 91.53391928481959 -163.70321029312603 143.1 185.4125530567065 28.209992221618304 146.80437 104.0869 -999.0 -999.0 -999.0 -999.0 -999.0 23.65646683811269 -41.58082435874385 23.619462632005366 -41.43759837490064 60.088820448775806 236.39309907447603 -999.0 6231.0 -999.0 -1 -999 {-999.0 -999.0 -999.0 -999.0 -999.0} "" -999.0 -999.0 -999.0 -999.0 -999 -999 "" "" "" "" 0 0 0.0 0.0 -999 ""
FIBERMAP 625 R+1C2 APOGEE 0 0 0 1 0 0 -239.09763862215317 10.405948135083493 143.1 -93.7085305766976 -220.20182856560422 31.328012 45.199356 -999.0 -999.0 -999.0 -999.0 -999.0 22.52253988435516 -42.335664665682025 22.487142276317968 -42.19129257700728 59.08958680986757 235.34434182494283 -999.0 16600.0 -999.0 2 -999 {-999.0 -999.0 -999.0 -999.0 -999.0} "" -999.0 -999.0 -999.0 -999.0 -999 -999 "" "" "" "" 0 0 0.0 0.0 -999 ""
FIBERMAP 625 R+1C2 BOSS 1 1 0 1 0 0 -239.2373738148167 9.698163625298605 143.1 -93.09493632120248 -220.58121483575073 31.328012 45.199356 22.524859480137682 -42.33689103790622 0.19933842 -0.16798756 -0.494518 22.524865146190265 -42.3368738004165 22.489627899920322 -42.19247265980855 59.09109206478261 235.3412525621224 5400.0 5400.0 2016.0 1 11 {-999.0 20.142942 19.510471 19.238523 19.031693} sdss_psfmag_from_lsdr10 19.849138 19.43232 18.771334 -999.0 63050395808351919 1131337743 dark_flexible_3x1 bhm_spiders_agn_lsdr10_d3 bhm_spiders science 0 0 0.0 0.0 -999 ""
FIBERMAP 625 R+1C2 METROLOGY 0 0 0 1 0 0 -239.80966693283446 10.176789016599283 143.1 -93.7440283234934 -220.94894379854998 31.328012 45.199356 -999.0 -999.0 -999.0 -999.0 -999.0 22.522235033003135 -42.337996977179195 22.48695523646319 -42.19360205777515 59.088898998884 235.34004160769229 -999.0 6231.0 -999.0 -1 -999 {-999.0 -999.0 -999.0 -999.0 -999.0} "" -999.0 -999.0 -999.0 -999.0 -999 -999 "" "" "" "" 0 0 0.0 0.0 -999 ""
FIBERMAP 628 R-7C16 APOGEE 0 0 0 1 0 0 113.0280442100001 -126.53435161142609 143.1 158.16132402146053 61.386856334421324 143.67911 111.35172 -999.0 -999.0 -999.0 -999.0 -999.0 23.545138781458927 -41.48095607511073 23.50845392926584 -41.3376738107246 60.03130934657928 236.6268796537169 -999.0 16600.0 -999.0 2 207 {-999.0 -999.0 -999.0 -999.0 -999.0} "" -999.0 -999.0 -999.0 -999.0 -999 -999 "" ops_sky_apogee_best_unassigned ops_sky sky_apogee 0 0 0.0 0.0 -999 ""
FIBERMAP 628 R-7C16 BOSS 1 1 0 1 0 0 113.22061907484171 -125.79828113339977 143.1 157.53980305859076 61.82564739053852 143.67911 111.35172 23.542532746411286 -41.479651107491065 0.009452384 0.18866853 0.85349053 23.542533078911536 -41.4796449542264 23.50601690823146 -41.33633194226854 60.029841272519505 236.63034323962353 5400.0 5400.0 2016.0 1 292 {-999.0 20.506575 20.475124 20.2903 20.10208} sdss_psfmag_from_lsdr10 20.409496 20.319273 19.886242 -999.0 63050395808838969 1131345279 dark_flexible_3x1 bhm_spiders_agn_lsdr10_d3 bhm_spiders science 0 0 0.0 0.0 -999 ""
FIBERMAP 628 R-7C16 METROLOGY 0 0 0 1 0 0 113.74884635372204 -126.32770561875006 143.1 158.2209809575704 62.13427998284255 143.67911 111.35172 -999.0 -999.0 -999.0 -999.0 -999.0 23.54534117936734 -41.47867837076856 23.50877411087174 -41.33537623857308 60.03207687346645 236.63124160145458 -999.0 6231.0 -999.0 -1 -999 {-999.0 -999.0 -999.0 -999.0 -999.0} "" -999.0 -999.0 -999.0 -999.0 -999 -999 "" "" "" "" 0 0 0.0 0.0 -999 ""
FIBERMAP 629 R0C19 APOGEE 1 1 0 1 0 0 112.30126974745023 20.44097799937344 143.1 20.29982442277906 112.32096659488329 144.35367 49.72687 22.98673238260001 -41.32837597860725 12.293424 -14.892982 1.0441121 22.98679563616157 -41.32843792881183 22.95173584825767 -41.18469646160245 59.65812544930948 237.11152359302338 16000.0 16600.0 2016.0 2 90 {-999.0 13.352632 12.6933365 12.445967 -999.0} sdss_psfmag_from_g3xp 13.181616 12.723753 12.102777 10.911 63050395808840135 1104998644 bright_flexible_2x1 mwm_tess_rgb_apogee mwm_tessrgb science 0 0 0.0 0.0 -999 ""
FIBERMAP 629 R0C19 BOSS 0 0 0 1 0 0 113.02162265945928 20.625503308280397 143.1 20.380034181890508 113.0602013426651 144.35367 49.72687 -999.0 -999.0 -999.0 -999.0 -999.0 22.986963916348444 -41.32616525401701 22.952069806356803 -41.18239698918588 59.65887409001728 237.11585628379657 -999.0 5400.0 -999.0 1 253 {-999.0 -999.0 -999.0 -999.0 -999.0} "" -999.0 -999.0 -999.0 -999.0 -999 -999 "" "" "" "" 0 0 0.0 0.0 -999 ""
FIBERMAP 629 R0C19 METROLOGY 0 0 0 1 0 0 112.83341797240865 19.906512448972965 143.1 20.987098991601783 112.63149987650617 144.35367 49.72687 -999.0 -999.0 -999.0 -999.0 -999.0 22.989470812673883 -41.32744197789868 22.954522428539235 -41.18368338589508 59.66039355157652 237.11257142214527 -999.0 6231.0 -999.0 -1 -999 {-999.0 -999.0 -999.0 -999.0 -999.0} "" -999.0 -999.0 -999.0 -999.0 -999 -999 "" "" "" "" 0 0 0.0 0.0 -999 ""
FIBERMAP 632 R-6C1 APOGEE 0 0 0 1 0 0 -216.0562752054493 -134.46900417709102 143.1 50.022882778688164 -249.5062037537439 342.2026 57.608055 -999.0 -999.0 -999.0 -999.0 -999.0 23.111460165287905 -42.423977368568536 23.07440790275217 -42.280093584234976 59.48925944454564 234.96666926854874 -999.0 16600.0 -999.0 2 274 {-999.0 -999.0 -999.0 -999.0 -999.0} "" -999.0 -999.0 -999.0 -999.0 -999 -999 "" ops_sky_apogee_best_unassigned ops_sky sky_apogee 0 0 0.0 0.0 -999 ""
FIBERMAP 632 R-6C1 BOSS 1 1 0 1 0 0 -216.63352886728921 -134.95851745747206 143.1 50.27847265465499 -250.21856640221668 342.2026 57.608055 23.112308765476943 -42.42618898860481 14.956858 0.4782031 0.6232229 23.112351074092384 -42.42615653365732 23.075458372451692 -42.28224122255841 59.4894709488952 234.96218998424598 5400.0 5400.0 2016.0 1 446 {-999.0 16.693901 16.330883 16.219519 -999.0} sdss_psfmag_gaia 16.633307 16.3506 15.884471 14.94 63050395808834037 976417429 "" ops_std_boss ops_std standard_boss 0 0 0.0 0.0 -999 ""
FIBERMAP 632 R-6C1 METROLOGY 0 0 0 1 0 0 -216.77337624345427 -134.24035661515262 143.1 49.556980164725914 -250.0972965476214 342.2026 57.608055 -999.0 -999.0 -999.0 -999.0 -999.0 23.109452744212536 -42.42583927442992 23.072521190433974 -42.28193051229327 59.48744611424961 234.963859785957 -999.0 6231.0 -999.0 -1 -999 {-999.0 -999.0 -999.0 -999.0 -999.0} "" -999.0 -999.0 -999.0 -999.0 -999 -999 "" "" "" "" 0 0 0.0 0.0 -999 ""
FIBERMAP 633 R+7C5 APOGEE 0 0 0 1 0 0 -136.54716696507745 147.41455309015183 143.1 -185.96990777625908 -76.07405918054495 171.6522 81.18388 -999.0 -999.0 -999.0 -999.0 -999.0 22.148519434861303 -41.89810293195401 22.114729860187936 -41.7535159101594 58.921070335399094 236.2955091797977 -999.0 16600.0 -999.0 2 34 {-999.0 -999.0 -999.0 -999.0 -999.0} "" -999.0 -999.0 -999.0 -999.0 -999 -999 "" ops_sky_apogee_best_unassigned ops_sky sky_apogee 0 0 0.0 0.0 -999 ""
FIBERMAP 633 R+7C5 BOSS 1 1 0 1 0 0 -136.30308392537282 148.11853054257645 143.1 -186.54329295195433 -75.59831375475804 171.6522 81.18388 22.145591494073578 -41.89664758839381 5.9037375 -11.266829 0.13880429 22.14596900356936 -41.89669521569603 22.112356896190988 -41.75207778312026 58.919662413643806 236.2989851686886 5400.0 5400.0 2016.0 1 57 {-999.0 16.198856 15.629689 15.43388 -999.0} sdss_psfmag_gaia 16.063938 15.669076 15.095023 13.909 63050395809333871 1133111662 dark_flexible_3x1 mwm_halo_mp_xp_boss_triple mwm_halo science 0 0 0.9121040105819702 0.0 -999 ""
FIBERMAP 633 R+7C5 METROLOGY 0 0 0 1 0 0 -135.82019360114143 147.5761437875549 143.1 -185.86590043093187 -75.3366801460934 171.6522 81.18388 -999.0 -999.0 -999.0 -999.0 -999.0 22.14873384867694 -41.895924457979056 22.11506793075091 -41.75131761244292 58.921803053461915 236.29955379187345 -999.0 6231.0 -999.0 -1 -999 {-999.0 -999.0 -999.0 -999.0 -999.0} "" -999.0 -999.0 -999.0 -999.0 -999 -999 "" "" "" "" 0 0 0.0 0.0 -999 ""
FIBERMAP 634 R+2C21 APOGEE 0 0 0 1 0 0 183.0101426156476 54.7034849163544 143.1 13.052834188810928 190.55469814379398 100.57639 91.64551 -999.0 -999.0 -999.0 -999.0 -999.0 22.9568876494478 -41.09185027614519 22.922256452110673 -40.948137005967666 59.687364484588684 237.57850316075638 -999.0 16600.0 -999.0 2 73 {-999.0 -999.0 -999.0 -999.0 -999.0} "" -999.0 -999.0 -999.0 -999.0 -999 -999 "" ops_sky_apogee_best_unassigned ops_sky sky_apogee 0 0 0.0 0.0 -999 ""
FIBERMAP 634 R+2C21 BOSS 1 1 0 1 0 0 183.7494199682806 54.81656120519332 143.1 13.206584248368605 191.28655962888018 100.57639 91.64551 22.957329920423145 -41.089587065906045 0.014929033 0.20541567 -0.24111868 22.957342680526338 -41.08960922110404 22.922875870295456 -40.945870329886226 59.68830163995899 237.58269612473453 5400.0 5400.0 2016.0 1 231 {-999.0 20.743046 20.565453 20.414099 20.30816} sdss_psfmag_from_gaiadr2 20.612234 20.563402 20.004599 -999.0 63050395809809052 1130424124 dark_flexible_3x1 bhm_gua_dark_d3 bhm_filler science 0 0 0.0 0.0 -999 ""
FIBERMAP 634 R+2C21 METROLOGY 0 0 0 1 0 0 183.4799654531373 54.127758739024046 143.1 13.756851865933976 190.79238917908307 100.57639 91.64551 -999.0 -999.0 -999.0 -999.0 -999.0 22.959608254391224 -41.091064393829235 22.92508770735293 -40.94733465655533 59.68962436231009 237.57915960960807 -999.0 6231.0 -999.0 -1 -999 {-999.0 -999.0 -999.0 -999.0 -999.0} "" -999.0 -999.0 -999.0 -999.0 -999 -999 "" "" "" "" 0 0 0.0 0.0 -999 ""
FIBERMAP 636 R-3C16 APOGEE 1 1 0 1 0 0 66.4103101627453 -70.67329749154885 143.1 89.4900369276331 37.35799989013632 256.29688 83.25856 23.26806764464034 -41.555136466634 11.406766 -3.8458562 0.7109527 23.26813097197588 -41.55513135707273 23.232023959003243 -41.41158510157664 59.81240924084425 236.57905587004126 16000.0 16600.0 2016.0 2 220 {-999.0 13.4739485 12.763665 12.499135 -999.0} sdss_psfmag_from_g3xp 13.280949 12.797483 12.152477 10.826 63050395808839684 1109811646 bright_flexible_2x1 mwm_tess_rgb_apogee mwm_tessrgb science 0 0 0.0 0.0 -999 ""
FIBERMAP 636 R-3C16 BOSS 0 0 0 1 0 0 65.69954115570769 -70.4209925715241 143.1 89.00420868468217 36.78114343928145 256.29688 83.25856 -999.0 -999.0 -999.0 -999.0 -999.0 23.266080231513826 -41.5568971901545 23.23013749007606 -41.41332003675537 59.81063344783436 236.57634499216326 -999.0 5400.0 -999.0 1 317 {-999.0 -999.0 -999.0 -999.0 -999.0} "" -999.0 -999.0 -999.0 -999.0 -999 -999 "" "" "" "" 0 0 0.0 0.0 -999 ""
FIBERMAP 636 R-3C16 METROLOGY 0 0 0 1 0 0 66.27228281892215 -69.93515633705711 143.1 88.75047694215903 37.48799041104308 256.29688 83.25856 -999.0 -999.0 -999.0 -999.0 -999.0 23.265092473488604 -41.554743554618895 23.22910964593939 -41.411174155446346 59.810376575482174 236.58085044850964 -999.0 6231.0 -999.0 -1 -999 {-999.0 -999.0 -999.0 -999.0 -999.0} "" -999.0 -999.0 -999.0 -999.0 -999 -999 "" "" "" "" 0 0 0.0 0.0 -999 ""
FIBERMAP 642 R-2C18 APOGEE 0 0 0 1 0 0 132.83955707638918 -35.698538110785705 143.1 80.0732852763454 111.83504124779665 71.00531 38.954296 -999.0 -999.0 -999.0 -999.0 -999.0 23.228277816631447 -41.32939518960201 23.192615406874268 -41.18586555455296 59.8346709616647 237.0297783635057 -999.0 16600.0 -999.0 2 -999 {-999.0 -999.0 -999.0 -999.0 -999.0} "" -999.0 -999.0 -999.0 -999.0 -999 -999 "" "" "" "" 0 0 0.0 0.0 -999 ""
FIBERMAP 642 R-2C18 BOSS 1 1 0 1 0 0 133.09092849838495 -36.412698855380604 143.1 80.83019748996027 111.81959099917627 71.00531 38.954296 23.231223620959152 -41.32941573875482 -0.17767176 0.17762496 0.08550256 23.231222803070494 -41.329408030596106 23.1957144298853 -41.1858532246072 59.83694730078534 237.02876780670405 5400.0 5400.0 2016.0 1 299 {-999.0 19.902128 19.930042 19.803144 19.663881} sdss_psfmag_from_lsdr10 19.830902 19.80429 19.42935 -999.0 63050395808840180 1131347767 dark_flexible_3x1 bhm_spiders_agn_lsdr10_d3 bhm_spiders science 0 0 0.0 0.0 -999 ""
FIBERMAP 642 R-2C18 METROLOGY 0 0 0 1 0 0 132.35992713687818 -36.27251836995912 143.1 80.44224105656832 111.18441624553554 71.00531 38.954296 -999.0 -999.0 -999.0 -999.0 -999.0 23.22972912621276 -41.331316772711844 23.194175837190528 -41.18776807416862 59.835391692290806 237.02556653887916 -999.0 6231.0 -999.0 -1 -999 {-999.0 -999.0 -999.0 -999.0 -999.0} "" -999.0 -999.0 -999.0 -999.0 -999 -999 "" "" "" "" 0 0 0.0 0.0 -999 ""
FIBERMAP 643 R+9C3 APOGEE 0 0 0 1 0 0 -130.92634718390232 189.14695272563694 143.1 -223.0681326177062 -56.15602709552089 100.87277 46.14763 -999.0 -999.0 -999.0 -999.0 -999.0 21.99893478155985 -41.83667805735173 21.965615765576104 -41.69198084907247 58.82598976222818 236.4588894392611 -999.0 16600.0 -999.0 2 35 {-999.0 -999.0 -999.0 -999.0 -999.0} "" -999.0 -999.0 -999.0 -999.0 -999 -999 "" ops_sky_apogee_best_unassigned ops_sky sky_apogee 0 0 0.0 0.0 -999 ""
FIBERMAP 643 R+9C3 BOSS 1 1 0 1 0 0 -130.27386168753912 188.72882667080992 143.1 -222.44752154601443 -55.69197162227772 100.87277 46.14763 22.001251831949194 -41.83533657619236 -999.0 -999.0 -999.0 22.001239145881918 -41.83533075309034 21.9680857130964 -41.69060756600727 58.82808859445834 236.46070445110192 5400.0 5400.0 2015.5 1 59 {-999.0 -999.0 -999.0 -999.0 -999.0} "" -999.0 -999.0 -999.0 -999.0 27021603161215622 821816557 "" ops_sky_boss_good ops_sky sky_boss 0 0 0.0 0.0 -999 ""
FIBERMAP 643 R+9C3 METROLOGY 0 0 0 1 0 0 -130.963695857465 188.40619563751738 143.1 -222.38771171634914 -56.45113281154562 100.87277 46.14763 -999.0 -999.0 -999.0 -999.0 -999.0 22.001456832848525 -41.83763108929646 21.96825149156797 -41.69291554049679 58.82770762465066 236.45630021586294 -999.0 6231.0 -999.0 -1 -999 {-999.0 -999.0 -999.0 -999.0 -999.0} "" -999.0 -999.0 -999.0 -999.0 -999 -999 "" "" "" "" 0 0 0.0 0.0 -999 ""
FIBERMAP 646 R-9C11 APOGEE 0 0 0 1 0 0 44.27807232914443 -180.96369792230504 143.1 184.97752632542097 -22.09500358569856 322.1503 123.02305 -999.0 -999.0 -999.0 -999.0 -999.0 23.656734689242267 -41.733292645595505 23.61937585039726 -41.59005273974039 60.05229347871631 236.09643796843594 -999.0 16600.0 -999.0 2 164 {-999.0 -999.0 -999.0 -999.0 -999.0} "" -999.0 -999.0 -999.0 -999.0 -999 -999 "" ops_sky_apogee_best_unassigned ops_sky sky_apogee 0 0 0.0 0.0 -999 ""
FIBERMAP 646 R-9C11 BOSS 1 1 0 1 0 0 44.24280349695938 -181.70757389512696 143.1 185.6615976910267 -22.389257326292654 322.1503 123.02305 23.658422920770622 -41.733593686235366 100.21268 -205.57274 24.073421 23.659432933564563 -41.73419956631698 23.622226135180767 -41.590932069928805 60.0541499265031 236.0936977312573 5400.0 5400.0 2016.0 1 397 {-999.0 15.96793 14.43548 13.147822 -999.0} sdss_psfmag_from_g3xp 15.336433 13.862783 12.675623 10.484 63050395808838607 1151011411 bright_1x1 mwm_snc_100pc_boss_single mwm_snc science 0 0 1.6165084838867188 0.0 -999 ""
FIBERMAP 646 R-9C11 METROLOGY 0 0 0 1 0 0 43.60556684160028 -181.2954223443422 143.1 185.05193533698713 -22.841134124402508 322.1503 123.02305 -999.0 -999.0 -999.0 -999.0 -999.0 23.657062577299335 -41.7355826598173 23.61981415786147 -41.59232115369324 60.05206401882592 236.0918698357798 -999.0 6231.0 -999.0 -1 -999 {-999.0 -999.0 -999.0 -999.0 -999.0} "" -999.0 -999.0 -999.0 -999.0 -999 -999 "" "" "" "" 0 0 0.0 0.0 -999 ""
FIBERMAP 651 R-2C19 APOGEE 0 0 0 1 0 0 143.90721517145505 -56.25233583413939 143.1 103.20358714033502 114.97913373622043 347.76663 55.241795 -999.0 -999.0 -999.0 -999.0 -999.0 23.321534396649522 -41.31957726628005 23.285655104568946 -41.17613248710373 59.9050999577497 237.0175046225041 -999.0 16600.0 -999.0 2 240 {-999.0 -999.0 -999.0 -999.0 -999.0} "" -999.0 -999.0 -999.0 -999.0 -999 -999 "" ops_sky_apogee_best_unassigned ops_sky sky_apogee 0 0 0.0 0.0 -999 ""
FIBERMAP 651 R-2C19 BOSS 1 1 0 1 0 0 143.38718709796495 -56.76586819088585 143.1 103.50176136637576 114.31191380619437 347.76663 55.241795 23.322222069123818 -41.3215675196615 -9.650103 -4.167402 3.7012467 23.322654191350512 -41.32157240757974 23.28692993484691 -41.178100314770326 59.90559407191688 237.0132511538324 5400.0 5400.0 2016.0 1 303 {-999.0 15.839914 14.600254 14.126984 -999.0} sdss_psfmag_from_g3xp 15.369481 14.612486 13.76411 12.068 63050395808839939 943132098 bright_1x1 openfibertargets_nov2020_35b open_fiber science 0 0 1.282411813735962 0.0 -999 ""
FIBERMAP 651 R-2C19 METROLOGY 0 0 0 1 0 0 143.18999561028585 -56.04324211113584 143.1 102.75595026776149 114.38106308934826 347.76663 55.241795 -999.0 -999.0 -999.0 -999.0 -999.0 23.319705020409106 -41.321351924388665 23.28394285246725 -41.17788515923979 59.903451207258826 237.01467419939146 -999.0 6231.0 -999.0 -1 -999 {-999.0 -999.0 -999.0 -999.0 -999.0} "" -999.0 -999.0 -999.0 -999.0 -999 -999 "" "" "" "" 0 0 0.0 0.0 -999 ""
FIBERMAP 652 R-4C22 APOGEE 0 0 0 1 0 0 234.08294285127113 -82.01941100025539 143.1 158.9958845117893 190.3576997182939 316.35675 134.71205 -999.0 -999.0 -999.0 -999.0 -999.0 23.54285454402044 -41.09102553434788 23.506778298040956 -40.94783097152673 60.11845986349692 237.38856693883844 -999.0 16600.0 -999.0 2 -999 {-999.0 -999.0 -999.0 -999.0 -999.0} "" -999.0 -999.0 -999.0 -999.0 -999 -999 "" "" "" "" 0 0 0.0 0.0 -999 ""
FIBERMAP 652 R-4C22 BOSS 1 1 0 1 0 0 234.13193467983035 -82.78645120474862 143.1 159.73123400803453 190.13420059964238 316.35675 134.71205 23.5456885918108 -41.091705751249 -999.0 -999.0 -999.0 23.545666242873867 -41.09170040726545 23.50974107305285 -40.94848097588508 60.12049854533866 237.38630132077074 5400.0 5400.0 2016.0 1 278 {-999.0 22.348421 21.910473 21.795708 21.730015} sdss_psfmag_from_lsdr10 1e+20 1e+20 1e+20 -999.0 63050398045034009 1131350158 dark_flexible_3x1 bhm_spiders_agn_lsdr10_d3 bhm_spiders science 0 0 0.0 0.0 -999 ""
FIBERMAP 652 R-4C22 METROLOGY 0 0 0 1 0 0 233.45141641136973 -82.42025083423096 143.1 159.14939407417845 189.6256641484052 316.35675 134.71205 -999.0 -999.0 -999.0 -999.0 -999.0 23.54344341980178 -41.0931999581298 23.50747635927604 -40.94998590191149 60.11849756995803 237.38411463895204 -999.0 6231.0 -999.0 -1 -999 {-999.0 -999.0 -999.0 -999.0 -999.0} "" -999.0 -999.0 -999.0 -999.0 -999 -999 "" "" "" "" 0 0 0.0 0.0 -999 ""
FIBERMAP 653 R+5C11 APOGEE 0 0 0 1 0 0 -4.001125778013523 111.30398665930042 143.1 -105.61393567781188 35.34148114645395 84.07348 94.68323 -999.0 -999.0 -999.0 -999.0 -999.0 22.4766827154622 -41.561734827966816 22.442553794708886 -41.417500769579526 59.23402627110394 236.82875944504127 -999.0 16600.0 -999.0 2 142 {-999.0 -999.0 -999.0 -999.0 -999.0} "" -999.0 -999.0 -999.0 -999.0 -999 -999 "" ops_sky_apogee_best_unassigned ops_sky sky_apogee 0 0 0.0 0.0 -999 ""
FIBERMAP 653 R+5C11 BOSS 1 1 0 1 0 0 -3.2590114545603575 111.25938073342802 143.1 -105.31155869702384 36.02062417511653 84.07348 94.68323 22.477088407129088 -41.559642149123476 55.439716 -8.229623 0.87369746 22.477677622939993 -41.55968540778417 22.44371531160715 -41.41542492829949 59.23532768335437 236.8323504666769 5400.0 5400.0 2016.0 1 143 {-999.0 15.600491 15.27738 15.182086 -999.0} sdss_psfmag_gaia 15.557536 15.2915535 14.851945 14.077 63050395809808293 1136529816 dark_flexible_3x1 mwm_halo_local_high_boss_triple mwm_halo science 0 0 0.9806690216064453 0.0 -999 ""
FIBERMAP 653 R+5C11 METROLOGY 0 0 0 1 0 0 -3.6662284528165907 110.63809881594354 143.1 -104.87288668144107 35.42118477544771 84.07348 94.68323 -999.0 -999.0 -999.0 -999.0 -999.0 22.479477846748107 -41.56149769374615 22.445461260356467 -41.41724618174582 59.23620981126565 236.82831861869448 -999.0 6231.0 -999.0 -1 -999 {-999.0 -999.0 -999.0 -999.0 -999.0} "" -999.0 -999.0 -999.0 -999.0 -999 -999 "" "" "" "" 0 0 0.0 0.0 -999 ""
FIBERMAP 656 R+4C4 APOGEE 0 0 0 1 0 0 -182.77122786530447 62.45215430621241 143.1 -122.6563937555826 -149.18848739432255 275.69336 97.58514 -999.0 -999.0 -999.0 -999.0 -999.0 22.404776015615187 -42.12089338784522 22.370002797773452 -41.97647058065346 59.0557150316495 235.79041237221844 -999.0 16600.0 -999.0 2 -999 {-999.0 -999.0 -999.0 -999.0 -999.0} "" -999.0 -999.0 -999.0 -999.0 -999 -999 "" "" "" "" 0 0 0.0 0.0 -999 ""
FIBERMAP 656 R+4C4 BOSS 1 1 0 1 0 0 -183.4874269001283 62.29408553580374 143.1 -122.7599148086308 -149.91454209314557 275.69336 97.58514 22.40412640393183 -42.123113556301135 -999.0 -999.0 -999.0 22.404127924219296 -42.123160322287234 22.369521186005272 -41.97870666069697 59.054848557399325 235.786343536934 5400.0 5400.0 2016.0 1 37 {-999.0 22.884611 22.351843 21.91362 21.585167} sdss_fiber2mag_from_lsdr10 1e+20 1e+20 1e+20 -999.0 63050396614240485 1131340227 dark_flexible_3x1 bhm_spiders_agn_lsdr10_d3 bhm_spiders science 0 0 0.0 0.0 -999 ""
FIBERMAP 656 R+4C4 METROLOGY 0 0 0 1 0 0 -183.2880938621652 62.992846231512985 143.1 -123.34413100628814 -149.48252605728914 275.69336 97.58514 -999.0 -999.0 -999.0 -999.0 -999.0 22.401774242052973 -42.12185421031066 22.367127828519187 -41.97740730585497 59.05341886052169 235.78960334476108 -999.0 6231.0 -999.0 -1 -999 {-999.0 -999.0 -999.0 -999.0 -999.0} "" -999.0 -999.0 -999.0 -999.0 -999 -999 "" "" "" "" 0 0 0.0 0.0 -999 ""
FIBERMAP 657 R-1C7 APOGEE 0 0 0 1 0 0 -153.05527642997004 -17.428993038452738 143.1 -37.431733468756484 -149.41933325447056 79.93189 175.68309 -999.0 -999.0 -999.0 -999.0 -999.0 22.752881121465432 -42.122636455941915 22.717213190106975 -41.978510188352686 59.30615354658349 235.66836143424058 -999.0 16600.0 -999.0 2 280 {-999.0 -999.0 -999.0 -999.0 -999.0} "" -999.0 -999.0 -999.0 -999.0 -999 -999 "" ops_sky_apogee_best_unassigned ops_sky sky_apogee 0 0 0.0 0.0 -999 ""
FIBERMAP 657 R-1C7 BOSS 1 1 0 1 0 0 -152.86402924336483 -16.694536366477536 143.1 -38.05220975077765 -148.98235197647102 79.93189 175.68309 22.750166351554334 -42.12132255565114 -999.0 -999.0 -999.0 22.750155456188043 -42.12140641856736 22.71466266300581 -41.97724787985841 59.30461134038234 235.67164539237578 5400.0 5400.0 2016.0 1 460 {-999.0 23.00568 21.473974 20.562675 19.993044} sdss_fiber2mag_from_lsdr10 1e+20 1e+20 1e+20 -999.0 63050398759923102 1128234941 dark_flexible_3x1 bhm_spiders_clusters_lsdr10_d3 bhm_spiders science 0 0 0.0 0.0 -999 ""
FIBERMAP 657 R-1C7 METROLOGY 0 0 0 1 0 0 -152.33091130988473 -17.22338582891519 143.1 -37.36985272733975 -148.66893855256828 79.93189 175.68309 -999.0 -999.0 -999.0 -999.0 -999.0 22.75298708133087 -42.120469649685525 22.71744131983661 -41.97632232350498 59.3068376956399 235.67244620987879 -999.0 6231.0 -999.0 -1 -999 {-999.0 -999.0 -999.0 -999.0 -999.0} "" -999.0 -999.0 -999.0 -999.0 -999 -999 "" "" "" "" 0 0 0.0 0.0 -999 ""
FIBERMAP 658 R-3C12 APOGEE 0 0 0 1 0 0 -12.811732611897433 -78.7210753403003 143.1 69.20373543920591 -39.64017719570182 321.95206 48.515244 -999.0 -999.0 -999.0 -999.0 -999.0 23.18726137509814 -41.78918251623776 23.150998162353233 -41.64551108147813 59.699009857226145 236.1553712364542 -999.0 16600.0 -999.0 2 177 {-999.0 -999.0 -999.0 -999.0 -999.0} "" -999.0 -999.0 -999.0 -999.0 -999 -999 "" ops_sky_apogee_best_unassigned ops_sky sky_apogee 0 0 0.0 0.0 -999 ""
FIBERMAP 658 R-3C12 BOSS 1 1 0 1 0 0 -13.53449591601478 -78.8227769195314 143.1 69.04513513636532 -40.35258278130687 321.95206 48.515244 23.186511004111747 -41.791397392742724 -999.0 -999.0 -999.0 23.18651945968104 -41.791400680101496 23.150417661976178 -41.6476986071336 59.698073643488854 236.1513595594543 5400.0 5400.0 2016.0 1 421 {-999.0 21.930817 21.800247 21.465267 21.159327} sdss_psfmag_from_lsdr10 1e+20 1e+20 1e+20 -999.0 63050396614343201 1131342769 dark_flexible_3x1 bhm_spiders_agn_lsdr10_d3 bhm_spiders science 0 0 0.0 0.0 -999 ""
FIBERMAP 658 R-3C12 METROLOGY 0 0 0 1 0 0 -13.263250780439185 -78.12072924595695 143.1 68.48309546466822 -39.85208442530138 321.95206 48.515244 -999.0 -999.0 -999.0 -999.0 -999.0 23.18427789332958 -41.78988442454296 23.148137914326412 -41.646189083878525 59.69677298219166 236.15506153558144 -999.0 6231.0 -999.0 -1 -999 {-999.0 -999.0 -999.0 -999.0 -999.0} "" -999.0 -999.0 -999.0 -999.0 -999 -999 "" "" "" "" 0 0 0.0 0.0 -999 ""
FIBERMAP 659 R+7C14 APOGEE 0 0 0 1 0 0 78.12997601186733 119.84741864119431 143.1 -84.77009387365239 115.2373400105523 289.4345 93.89555 -999.0 -999.0 -999.0 -999.0 -999.0 22.562316172495347 -41.31962917277142 22.528328420384867 -41.175523398583294 59.348911252695544 237.26446706197217 -999.0 16600.0 -999.0 2 94 {-999.0 -999.0 -999.0 -999.0 -999.0} "" -999.0 -999.0 -999.0 -999.0 -999 -999 "" ops_sky_apogee_best_unassigned ops_sky sky_apogee 0 0 0.0 0.0 -999 ""
FIBERMAP 659 R+7C14 BOSS 1 1 0 1 0 0 77.44094622785363 119.55030620125893 143.1 -84.73389345169831 114.48789350887341 289.4345 93.89555 22.562225714080366 -41.321884278724475 0.24542992 0.21324725 0.3268011 22.562233142220485 -41.3218735127801 22.528407250793407 -41.177740219408605 59.34849930863065 237.2601929014166 5400.0 5400.0 2016.0 1 167 {-999.0 20.842876 20.682646 20.544912 20.45785} sdss_psfmag_from_gaiadr2 20.659163 20.675499 20.110077 -999.0 63050395809808655 1130424115 dark_flexible_3x1 bhm_gua_dark_d3 bhm_filler science 0 0 0.0 0.0 -999 ""
FIBERMAP 659 R+7C14 METROLOGY 0 0 0 1 0 0 77.52163059281126 120.29466085248636 143.1 -85.40246402944506 114.82483583503922 289.4345 93.89555 -999.0 -999.0 -999.0 -999.0 -999.0 22.55957422307453 -41.32082917170989 22.52570977066648 -41.176701486776295 59.34673530932057 237.2630282001993 -999.0 6231.0 -999.0 -1 -999 {-999.0 -999.0 -999.0 -999.0 -999.0} "" -999.0 -999.0 -999.0 -999.0 -999 -999 "" "" "" "" 0 0 0.0 0.0 -999 ""
FIBERMAP 662 R+12C15 APOGEE 0 0 0 1 0 0 137.79098191180208 238.54789219499278 143.1 -174.95225829574017 212.7802465713486 212.8995 55.90666 -999.0 -999.0 -999.0 -999.0 -999.0 22.203071503696833 -41.02451274857374 22.170405646366078 -40.880170769478816 59.145178064447855 237.93806166296355 -999.0 16600.0 -999.0 2 109 {-999.0 -999.0 -999.0 -999.0 -999.0} "" -999.0 -999.0 -999.0 -999.0 -999 -999 "" "" "" "" 0 0 0.0 0.0 -999 ""
FIBERMAP 662 R+12C15 BOSS 1 1 0 1 0 0 137.7785972330277 239.29828106025252 143.1 -175.6591622664099 213.0321716982722 212.8995 55.90666 22.200072932297473 -41.023770115700515 -999.0 -999.0 -999.0 22.200105631700122 -41.02378648472861 22.16761421408529 -40.8794168303634 59.143258591714876 237.9403174344452 5400.0 5400.0 2016.0 1 187 {-999.0 20.061255 20.041475 20.161997 20.355942} sdss_psfmag_from_lsdr10 1e+20 1e+20 1e+20 -999.0 63050396614320114 1131350139 dark_flexible_3x1 bhm_spiders_agn_lsdr10_d3 bhm_spiders science 0 0 0.0 0.0 -999 ""
FIBERMAP 662 R+12C15 METROLOGY 0 0 0 1 0 0 138.44337215329793 238.92347724771994 143.1 -175.074796046961 213.5229470306794 212.8995 55.90666 -999.0 -999.0 -999.0 -999.0 -999.0 22.20246354679142 -41.02226581363251 22.169921387246347 -40.87790566909624 59.14526769159363 237.9425321504919 -999.0 6231.0 -999.0 -1 -999 {-999.0 -999.0 -999.0 -999.0 -999.0} "" -999.0 -999.0 -999.0 -999.0 -999 -999 "" "" "" "" 0 0 0.0 0.0 -999 ""
FIBERMAP 666 R-7C1 APOGEE 0 0 0 1 0 0 -203.25811757362163 -139.12802636162814 143.1 58.87934801503264 -239.1600224943759 314.50806 140.85756 -999.0 -999.0 -999.0 -999.0 -999.0 23.14765320512843 -42.3927470088872 23.11055634961525 -42.24890215810756 59.52299763600498 235.01289721284118 -999.0 16600.0 -999.0 2 275 {-999.0 -999.0 -999.0 -999.0 -999.0} "" -999.0 -999.0 -999.0 -999.0 -999 -999 "" ops_sky_apogee_best_unassigned ops_sky sky_apogee 0 0 0.0 0.0 -999 ""
FIBERMAP 666 R-7C1 BOSS 1 1 0 1 0 0 -203.1795478024158 -139.87359761084065 143.1 59.6049842448956 -239.34828970688773 314.50806 140.85756 23.150504415949207 -42.39336472748082 -0.449555 -0.35812974 0.40079442 23.150468971087122 -42.39335275077352 23.113528864792954 -42.249478506505454 59.52498232363922 235.01070634066588 5400.0 5400.0 2016.0 1 447 {-999.0 19.90058 19.86479 19.852375 19.853422} sdss_psfmag_from_lsdr10 19.954086 19.893885 19.5555 -999.0 63050395808834154 1131335243 dark_flexible_3x1 bhm_spiders_agn_lsdr10_d3 bhm_spiders science 0 0 0.0 0.0 -999 ""
FIBERMAP 666 R-7C1 METROLOGY 0 0 0 1 0 0 -203.8648086070537 -139.5602748760022 143.1 59.070985744325306 -239.87983585925105 314.50806 140.85756 -999.0 -999.0 -999.0 -999.0 -999.0 23.14834727750179 -42.39499170137791 23.111363347287238 -42.251124205646015 59.52301698754407 235.00836075004622 -999.0 6231.0 -999.0 -1 -999 {-999.0 -999.0 -999.0 -999.0 -999.0} "" -999.0 -999.0 -999.0 -999.0 -999 -999 "" "" "" "" 0 0 0.0 0.0 -999 ""
FIBERMAP 670 R+9C6 APOGEE 0 0 0 1 0 0 -86.77051436546795 168.6378657017748 143.1 -188.3598402417378 -22.017290061812705 190.44345 140.4333 -999.0 -999.0 -999.0 -999.0 -999.0 22.14029888169614 -41.7342794271192 22.106768427700047 -41.58972294134601 58.9511608894121 236.60775191556212 -999.0 16600.0 -999.0 2 149 {-999.0 -999.0 -999.0 -999.0 -999.0} "" -999.0 -999.0 -999.0 -999.0 -999 -999 "" ops_sky_apogee_best_unassigned ops_sky sky_apogee 0 0 0.0 0.0 -999 ""
FIBERMAP 670 R+9C6 BOSS 1 1 0 1 0 0 -87.39365801859068 169.01137533516982 143.1 -188.92837478019112 -22.46954243251062 190.44345 140.4333 22.13767988250319 -41.735644288691745 3.9307492 -13.364447 2.60619 22.13773831733723 -41.735670512380075 22.104380813010152 -41.59108359178398 58.94912264089602 236.60592727625902 5400.0 5400.0 2016.0 1 153 {-999.0 21.698204 19.75646 18.22561 -999.0} sdss_psfmag_gaia 20.489004 18.950613 17.62849 15.23 63050395809334233 1121047286 dark_1x1 openfibertargets_mwm_snc_further_ext_boss open_fiber science 0 0 0.0 0.0 -999 ""
FIBERMAP 670 R+9C6 METROLOGY 0 0 0 1 0 0 -86.78077784988986 169.37801667923787 143.1 -189.05641402922146 -21.766974282426972 190.44345 140.4333 -999.0 -999.0 -999.0 -999.0 -999.0 22.13725489832378 -41.73353278112753 22.103853976844675 -41.58895388198989 58.94919965768604 236.61012365156168 -999.0 6231.0 -999.0 -1 -999 {-999.0 -999.0 -999.0 -999.0 -999.0} "" -999.0 -999.0 -999.0 -999.0 -999 -999 "" "" "" "" 0 0 0.0 0.0 -999 ""
FIBERMAP 679 R+6C12 APOGEE 0 0 0 1 0 0 9.934546598935013 116.42635130122169 143.1 -105.51586453696245 50.187676813750095 174.04268 122.891335 -999.0 -999.0 -999.0 -999.0 -999.0 22.477342397584202 -41.51668963042902 22.44327805845353 -41.37246643465597 59.24431783788358 236.91448730757003 -999.0 16600.0 -999.0 2 -999 {-999.0 -999.0 -999.0 -999.0 -999.0} "" -999.0 -999.0 -999.0 -999.0 -999 -999 "" "" "" "" 0 0 0.0 0.0 -999 ""
FIBERMAP 679 R+6C12 BOSS 1 1 0 1 0 0 9.594823319889318 117.11338871723926 143.1 -106.27840968050401 50.11088213745755 174.04268 122.891335 22.47398997099358 -41.51689820428534 0.7861916 -0.42177865 -0.6231462 22.474013909597293 -41.51691657727409 22.440123602651454 -41.37266293570754 59.24196411807937 236.9151124594887 5400.0 5400.0 2016.0 1 122 {-999.0 20.903557 20.727139 20.576786 20.472113} sdss_psfmag_from_gaiadr2 20.551033 20.72468 19.947182 -999.0 63050395809808306 1130424107 dark_flexible_3x1 bhm_gua_dark_d3 bhm_filler science 0 0 0.0 0.0 -999 ""
FIBERMAP 679 R+6C12 METROLOGY 0 0 0 1 0 0 10.33525518698274 117.05796102586255 143.1 -105.96649161840129 50.7846495893447 174.04268 122.891335 -999.0 -999.0 -999.0 -999.0 -999.0 22.475321826694387 -41.51486213654001 22.441384198774188 -41.37061789222874 59.24332962995091 236.9186172145389 -999.0 6231.0 -999.0 -1 -999 {-999.0 -999.0 -999.0 -999.0 -999.0} "" -999.0 -999.0 -999.0 -999.0 -999 -999 "" "" "" "" 0 0 0.0 0.0 -999 ""
FIBERMAP 680 R-6C10 APOGEE 0 0 0 1 0 0 -14.368587537629727 -121.8667988043217 143.1 109.0523672074533 -56.249633798412205 293.0242 145.69858 -999.0 -999.0 -999.0 -999.0 -999.0 23.349728811530934 -41.83887152974716 23.31297844042365 -41.695332427382674 59.80473124432339 236.00230684711403 -999.0 16600.0 -999.0 2 -999 {-999.0 -999.0 -999.0 -999.0 -999.0} "" -999.0 -999.0 -999.0 -999.0 -999 -999 "" "" "" "" 0 0 0.0 0.0 -999 ""
FIBERMAP 680 R-6C10 BOSS 1 1 0 1 0 0 -14.520132507992246 -122.59039752800807 143.1 109.6766202489802 -56.6456306325085 293.0242 145.69858 23.35215885605432 -41.840130635245856 0.24328208 -0.0778174 -0.51931286 23.352189509690433 -41.840117802457634 23.315593189323806 -41.696550741818854 59.806335327936054 235.99902578310997 5400.0 5400.0 2016.0 1 411 {-999.0 19.656456 19.713572 19.515373 19.303398} sdss_psfmag_from_lsdr10 19.820223 19.65541 19.234732 -999.0 63050395808838687 1131342774 dark_flexible_3x1 bhm_spiders_agn_lsdr10_d3 bhm_spiders science 0 0 0.0 0.0 -999 ""
FIBERMAP 680 R-6C10 METROLOGY 0 0 0 1 0 0 -15.077712141140479 -122.10479147961196 143.1 109.02615963460352 -56.9971325773092 293.0242 145.69858 -999.0 -999.0 -999.0 -999.0 -999.0 23.349612628533386 -41.841195495131224 23.312975190428517 -41.697634358048234 59.80417799252686 235.9978641671002 -999.0 6231.0 -999.0 -1 -999 {-999.0 -999.0 -999.0 -999.0 -999.0} "" -999.0 -999.0 -999.0 -999.0 -999 -999 "" "" "" "" 0 0 0.0 0.0 -999 ""
FIBERMAP 682 R-8C1 APOGEE 0 0 0 1 0 0 -193.03927329324594 -174.50292658707866 143.1 95.58788454857226 -242.0154860602644 355.9773 40.24421 -999.0 -999.0 -999.0 -999.0 -999.0 23.297981545344996 -42.40054462064106 23.260485477888665 -42.25683055704502 59.628363574902686 234.94234738123447 -999.0 16600.0 -999.0 2 257 {-999.0 -999.0 -999.0 -999.0 -999.0} "" -999.0 -999.0 -999.0 -999.0 -999 -999 "" ops_sky_apogee_best_unassigned ops_sky sky_apogee 0 0 0.0 0.0 -999 ""
FIBERMAP 682 R-8C1 BOSS 1 1 0 1 0 0 -193.6389262306362 -174.93126560065468 143.1 95.77833361831583 -242.72733704594395 355.9773 40.24421 23.29860134683842 -42.40268256907924 10.461353 -3.1578486 0.114818305 23.298607624946246 -42.40271517817088 23.261270702688194 -42.25896922879316 59.628381975323045 234.93796422579982 5400.0 5400.0 2016.0 1 527 {-999.0 18.110617 17.820065 17.715004 17.69147} sdss_psfmag_from_gaia 18.07 17.8246 17.3882 16.443 63050395808834167 967888496 "" ops_std_boss_gdr2 ops_std standard_boss 0 0 0.0 0.0 -999 ""
FIBERMAP 682 R-8C1 METROLOGY 0 0 0 1 0 0 -193.72670340435383 -174.20096496173812 143.1 95.06376112117941 -242.55305301081364 355.9773 40.24421 -999.0 -999.0 -999.0 -999.0 -999.0 23.2957521126483 -42.40224564675977 23.25837676366433 -42.25850633293685 59.62642816669771 234.93992652696943 -999.0 6231.0 -999.0 -1 -999 {-999.0 -999.0 -999.0 -999.0 -999.0} "" -999.0 -999.0 -999.0 -999.0 -999 -999 "" "" "" "" 0 0 0.0 0.0 -999 ""
FIBERMAP 684 R-12C13 APOGEE 0 0 0 1 0 0 126.54563826684301 -225.15159797005066 143.1 255.23922336243564 39.410517457393844 52.78004 90.98773 -999.0 -999.0 -999.0 -999.0 -999.0 23.93688459917648 -41.54467684584186 23.899122828924817 -41.401735040014294 60.30103008568065 236.36241354641203 -999.0 16600.0 -999.0 2 -999 {-999.0 -999.0 -999.0 -999.0 -999.0} "" -999.0 -999.0 -999.0 -999.0 -999 -999 "" "" "" "" 0 0 0.0 0.0 -999 ""
FIBERMAP 684 R-12C13 BOSS 1 1 0 1 0 0 127.1440834915577 -225.58619573655199 143.1 255.85627836941254 39.818192989651635 52.78004 90.98773 23.939208984375 -41.54343758980849 -999.0 -999.0 -999.0 23.93918748072332 -41.543450100803376 23.901580129729666 -41.40048126995398 60.30312080529542 236.36397479640104 5400.0 5400.0 2015.5 1 429 {-999.0 -999.0 -999.0 -999.0 -999.0} "" -999.0 -999.0 -999.0 -999.0 27021603160873422 813987041 "" ops_sky_boss_good ops_sky sky_boss 0 0 0.0 0.0 -999 ""
FIBERMAP 684 R-12C13 METROLOGY 0 0 0 1 0 0 126.456532175999 -225.89426769568286 143.1 255.90325889356325 39.066281964268455 52.78004 90.98773 -999.0 -999.0 -999.0 -999.0 -999.0 23.939526523185776 -41.54570632137448 23.90186991121044 -41.40274561028076 60.302786922047346 236.359432912443 -999.0 6231.0 -999.0 -1 -999 {-999.0 -999.0 -999.0 -999.0 -999.0} "" -999.0 -999.0 -999.0 -999.0 -999 -999 "" "" "" "" 0 0 0.0 0.0 -999 ""
FIBERMAP 686 R+8C2 APOGEE 0 0 0 1 0 0 -181.06114472637776 134.57092221805175 143.1 -189.57735013177043 -122.2608638589645 323.07123 45.15014 -999.0 -999.0 -999.0 -999.0 -999.0 22.13283548919171 -42.037730817187594 22.098882247441395 -41.893098863993224 58.87839680592579 236.0372051908675 -999.0 16600.0 -999.0 2 -999 {-999.0 -999.0 -999.0 -999.0 -999.0} "" -999.0 -999.0 -999.0 -999.0 -999 -999 "" "" "" "" 0 0 0.0 0.0 -999 ""
FIBERMAP 686 R+8C2 BOSS 1 1 0 1 0 0 -181.8379913898485 134.47632627548379 143.1 -189.76159602260034 -123.0214098719653 323.07123 45.15014 22.131864023482095 -42.04009772785206 -0.8638279 0.5637272 -1.6088169 22.13185719662478 -42.04007416785078 22.098072460070682 -41.89541173114808 58.877288936385284 236.03310767426257 5400.0 5400.0 2016.0 1 71 {-999.0 21.471914 21.209045 20.931221 20.684921} sdss_psfmag_from_lsdr10 20.930166 20.948587 20.203506 -999.0 63050395809333779 1131340223 dark_flexible_3x1 bhm_spiders_agn_lsdr10_d3 bhm_spiders science 0 0 0.0 0.0 -999 ""
FIBERMAP 686 R+8C2 METROLOGY 0 0 0 1 0 0 -181.5322435608 135.15192489016448 143.1 -190.28675605190023 -122.497896560953 323.07123 45.15014 -999.0 -999.0 -999.0 -999.0 -999.0 22.12974359549435 -42.038485628094996 22.095918590699398 -41.893830056507056 58.87608273943762 236.03678728146633 -999.0 6231.0 -999.0 -1 -999 {-999.0 -999.0 -999.0 -999.0 -999.0} "" -999.0 -999.0 -999.0 -999.0 -999 -999 "" "" "" "" 0 0 0.0 0.0 -999 ""
FIBERMAP 696 R+9C5 APOGEE 0 0 0 1 0 0 -86.83801865936255 184.22031359577673 143.1 -202.9726788399832 -16.608272670941073 61.76289 85.728935 -999.0 -999.0 -999.0 -999.0 -999.0 22.0814016719115 -41.71751510310494 22.04804497899613 -41.57291342964469 58.91190571807062 236.65794994085917 -999.0 16600.0 -999.0 2 45 {-999.0 -999.0 -999.0 -999.0 -999.0} "" -999.0 -999.0 -999.0 -999.0 -999 -999 "" ops_sky_apogee_best_unassigned ops_sky sky_apogee 0 0 0.0 0.0 -999 ""
FIBERMAP 696 R+9C5 BOSS 1 1 0 1 0 0 -86.17955263299055 183.85509744633137 143.1 -202.39950465757283 -16.120037087205155 61.76289 85.728935 22.083059539301168 -41.71560411501746 12.639546 -161.8149 3.3596413 22.083491964674963 -41.71608293792898 22.05030074120606 -41.571455486946164 58.91386774048546 236.66000321096627 5400.0 5400.0 2016.0 1 80 {-999.0 16.968166 15.7230215 15.178165 -999.0} sdss_psfmag_gaia 16.28986 15.689952 14.585736 12.907 63050395809334255 1077992151 bright_flexible_2x1 mwm_snc_ext_main_boss mwm_snc science 0 0 0.9817360043525696 0.0 -999 ""
FIBERMAP 696 R+9C5 METROLOGY 0 0 0 1 0 0 -86.83516079715324 183.4742395842732 143.1 -202.27316028120092 -16.867602036761163 61.76289 85.728935 -999.0 -999.0 -999.0 -999.0 -999.0 22.083987267013317 -41.718345533914594 22.050743710060033 -41.573725861584414 58.91370220691387 236.6555710345731 -999.0 6231.0 -999.0 -1 -999 {-999.0 -999.0 -999.0 -999.0 -999.0} "" -999.0 -999.0 -999.0 -999.0 -999 -999 "" "" "" "" 0 0 0.0 0.0 -999 ""
FIBERMAP 697 R-7C20 APOGEE 0 0 0 1 0 0 196.72297941235 -126.02697924603089 143.1 187.07814498956947 139.92477055010522 191.79213 66.14481 -999.0 -999.0 -999.0 -999.0 -999.0 23.65790538221883 -41.24268091402945 23.621310696704313 -41.099555051691226 60.16865231879399 237.05263980724976 -999.0 16600.0 -999.0 2 194 {-999.0 -999.0 -999.0 -999.0 -999.0} "" -999.0 -999.0 -999.0 -999.0 -999 -999 "" ops_sky_apogee_best_unassigned ops_sky sky_apogee 0 0 0.0 0.0 -999 ""
FIBERMAP 697 R-7C20 BOSS 1 1 0 1 0 0 196.85809593362495 -125.32670763754578 143.1 186.46996274213188 140.2971942012944 191.79213 66.14481 23.655105014376 -41.241584554060935 53.212452 6.000012 3.265074 23.655323426043672 -41.24157624190437 23.618895716795635 -41.098420365350904 60.16713796124279 237.05569252067073 5400.0 5400.0 2016.0 1 267 {-999.0 22.35037 20.41477 18.911621 -999.0} sdss_psfmag_gaia 21.209932 19.634996 18.372818 16.081 63050395808841815 1121036786 dark_1x1 openfibertargets_mwm_snc_further_ext_boss open_fiber science 0 0 0.0 0.0 -999 ""
FIBERMAP 697 R-7C20 METROLOGY 0 0 0 1 0 0 197.42334209090535 -125.7784353729983 143.1 187.09139696056127 140.667771292184 191.79213 66.14481 -999.0 -999.0 -999.0 -999.0 -999.0 23.657880844606503 -41.240413552091944 23.621403581013 -41.097268171046 60.16924024266294 237.05708477548933 -999.0 6231.0 -999.0 -1 -999 {-999.0 -999.0 -999.0 -999.0 -999.0} "" -999.0 -999.0 -999.0 -999.0 -999 -999 "" "" "" "" 0 0 0.0 0.0 -999 ""
FIBERMAP 700 R+2C2 APOGEE 0 0 0 1 0 0 -240.8593426199246 25.4572234177933 143.1 -108.41902285932701 -216.56554912084204 303.3452 106.211975 -999.0 -999.0 -999.0 -999.0 -999.0 22.46239713670878 -42.324441979332846 22.42717164373238 -42.18002140791881 59.04912932449883 235.3862877648096 -999.0 16600.0 -999.0 2 -999 {-999.0 -999.0 -999.0 -999.0 -999.0} "" -999.0 -999.0 -999.0 -999.0 -999 -999 "" "" "" "" 0 0 0.0 0.0 -999 ""
FIBERMAP 700 R+2C2 BOSS 1 1 0 1 0 0 -241.35644751616567 24.892943139750106 143.1 -108.06528555407037 -217.22912870152047 303.3452 106.211975 22.463647946847043 -42.32651532100183 -999.0 -999.0 -999.0 22.46365582030398 -42.326499688754616 22.42859247888032 -42.18204907621268 59.049668718817315 235.38197092704394 5400.0 5400.0 2016.0 1 10 {-999.0 19.183844 17.713263 17.156878 16.779516} sdss_psfmag_from_lsdr10 1e+20 1e+20 1e+20 -999.0 63050397329930529 1058547793 dark_flexible_2x1 bhm_spiders_agn_lsdr10 bhm_spiders science 0 0 0.0 0.0 -999 ""
FIBERMAP 700 R+2C2 METROLOGY 0 0 0 1 0 0 -241.5973575979849 25.5790105638915 143.1 -108.79222148160676 -217.2137497453833 303.3452 106.211975 -999.0 -999.0 -999.0 -999.0 -999.0 22.46070673078614 -42.326466285987465 22.425603316746958 -42.18202186702957 59.04752399709044 235.38304859175764 -999.0 6231.0 -999.0 -1 -999 {-999.0 -999.0 -999.0 -999.0 -999.0} "" -999.0 -999.0 -999.0 -999.0 -999 -999 "" "" "" "" 0 0 0.0 0.0 -999 ""
FIBERMAP 701 R+2C8 APOGEE 0 0 0 1 0 0 -103.74911921043936 59.18364306812302 143.1 -91.84538142695905 -76.35153536813102 142.38411 21.802656 -999.0 -999.0 -999.0 -999.0 -999.0 22.531118821853635 -41.90084033908983 22.496350163243164 -41.7565749974298 59.197800126437194 236.16536604754003 -999.0 16600.0 -999.0 2 -999 {-999.0 -999.0 -999.0 -999.0 -999.0} "" -999.0 -999.0 -999.0 -999.0 -999 -999 "" "" "" "" 0 0 0.0 0.0 -999 ""
FIBERMAP 701 R+2C8 BOSS 1 1 0 1 0 0 -103.0082158228935 58.95729688045041 143.1 -91.37327461416815 -75.73734933127183 142.38411 21.802656 22.53270875910872 -41.8989250210894 19.048086 -49.59251 0.76137096 22.532816702034555 -41.89905193390575 22.498213192813807 -41.754759353123376 59.19956679656954 236.1682007590745 5400.0 5400.0 2016.0 1 45 {-999.0 18.082952 17.38102 17.127987 -999.0} sdss_psfmag_gaia 17.899382 17.424488 16.790028 15.57 63050395808353344 1136521271 dark_flexible_3x1 mwm_halo_local_high_boss_triple mwm_halo science 0 0 0.0 0.0 -999 ""
FIBERMAP 701 R+2C8 METROLOGY 0 0 0 1 0 0 -103.56348960165023 58.45904672177776 143.1 -91.10178593965888 -76.4322014241523 142.38411 21.802656 -999.0 -999.0 -999.0 -999.0 -999.0 22.53395101272479 -41.90116219969608 22.49929420247912 -41.75687833983551 59.19986955150107 236.16381259866756 -999.0 6231.0 -999.0 -1 -999 {-999.0 -999.0 -999.0 -999.0 -999.0} "" -999.0 -999.0 -999.0 -999.0 -999 -999 "" "" "" "" 0 0 0.0 0.0 -999 ""
FIBERMAP 702 R-4C16 APOGEE 0 0 0 1 0 0 74.87294356992294 -66.00854706821617 143.1 88.09453843457547 46.91933552963124 182.48419 69.826706 -999.0 -999.0 -999.0 -999.0 -999.0 23.262253847964846 -41.52613538656769 23.226206034027996 -41.38259059215916 59.814814428059336 236.6371733444828 -999.0 16600.0 -999.0 2 -999 {-999.0 -999.0 -999.0 -999.0 -999.0} "" -999.0 -999.0 -999.0 -999.0 -999 -999 "" "" "" "" 0 0 0.0 0.0 -999 ""
FIBERMAP 702 R-4C16 BOSS 1 1 0 1 0 0 75.0936815680316 -65.30523001902931 143.1 87.51357329066303 47.372992142450606 182.48419 69.826706 23.259783143483958 -41.52478374496684 -0.293223 -0.14655432 0.03311501 23.259792873320897 -41.524769109225424 23.22391509933584 -41.38119390380084 59.81346094221801 236.64066008038407 5400.0 5400.0 2016.0 1 318 {-999.0 19.08202 19.156305 18.777292 18.555532} sdss_fiber2mag_from_lsdr10 18.835596 18.90093 17.975096 15.816 63050395808839732 1058556367 dark_flexible_2x1 bhm_spiders_agn_lsdr10 bhm_spiders science 0 0 0.0 0.0 -999 ""
FIBERMAP 702 R-4C16 METROLOGY 0 0 0 1 0 0 75.60418670168937 -65.85112502706401 143.1 88.20394815198117 47.659248210333764 182.48419 69.826706 -999.0 -999.0 -999.0 -999.0 -999.0 23.262640403535503 -41.523877574736126 23.226711008897666 -41.380313183831994 59.8157047167087 236.64141000487095 -999.0 6231.0 -999.0 -1 -999 {-999.0 -999.0 -999.0 -999.0 -999.0} "" -999.0 -999.0 -999.0 -999.0 -999 -999 "" "" "" "" 0 0 0.0 0.0 -999 ""
FIBERMAP 703 R0C3 APOGEE 0 0 0 1 0 0 -249.30444912736388 -7.522993154127713 143.1 -80.50689471260033 -236.05425422660215 182.51608 165.8398 -999.0 -999.0 -999.0 -999.0 -999.0 22.57652099215695 -42.383560851154044 22.540911706489055 -42.23922376452433 59.1167057688921 235.23507949091027 -999.0 16600.0 -999.0 2 252 {-999.0 -999.0 -999.0 -999.0 -999.0} "" -999.0 -999.0 -999.0 -999.0 -999 -999 "" ops_sky_apogee_best_unassigned ops_sky sky_apogee 0 0 0.0 0.0 -999 ""
FIBERMAP 703 R0C3 BOSS 1 1 0 1 0 0 -250.0159811864158 -7.2847174904957726 143.1 -80.97985597245186 -236.63675185944223 182.51608 165.8398 22.5742773580341 -42.38535592522219 25.713474 -6.7753887 2.2396367 22.574407504999307 -42.38535252511328 22.53896903643715 -42.240982228584926 59.11488510483119 235.23243266532228 5400.0 5400.0 2016.0 1 521 {-999.0 19.78057 17.99401 16.881449 -999.0} sdss_psfmag_gaia 18.783875 17.564253 16.31745 14.201 63050395808351897 1124937806 dark_1x1 openfibertargets_mwm_snc_further_ext_boss open_fiber science 0 0 0.0 0.0 -999 ""
FIBERMAP 703 R0C3 METROLOGY 0 0 0 1 0 0 -249.44680788946704 -6.791959976023282 143.1 -81.24132092559678 -235.93081518184988 182.51608 165.8398 -999.0 -999.0 -999.0 -999.0 -999.0 22.5733665503966 -42.38325939389856 22.537886308003237 -42.238897480117075 59.114611202443584 235.23675099045323 -999.0 6231.0 -999.0 -1 -999 {-999.0 -999.0 -999.0 -999.0 -999.0} "" -999.0 -999.0 -999.0 -999.0 -999 -999 "" "" "" "" 0 0 0.0 0.0 -999 ""
FIBERMAP 708 R+12C13 APOGEE 0 0 0 1 0 0 117.58585410422127 217.67175915623295 143.1 -162.5024944488568 186.53186419459905 312.42035 92.448746 -999.0 -999.0 -999.0 -999.0 -999.0 22.251737762207107 -41.103635657354104 22.218837683771767 -40.95931640243432 59.16524631025062 237.7725573286732 -999.0 16600.0 -999.0 2 -999 {-999.0 -999.0 -999.0 -999.0 -999.0} "" -999.0 -999.0 -999.0 -999.0 -999 -999 "" "" "" "" 0 0 0.0 0.0 -999 ""
FIBERMAP 708 R+12C13 BOSS 1 1 0 1 0 0 117.0644834725301 217.13060053250518 143.1 -162.1789264912507 185.8536855415323 312.42035 92.448746 22.2528076171875 -41.1057112696021 -999.0 -999.0 -999.0 22.25282169964206 -41.10569220510275 22.220081968631234 -40.96134765643981 59.16575835515856 237.76830670844018 5400.0 5400.0 2015.5 1 105 {-999.0 -999.0 -999.0 -999.0 -999.0} "" -999.0 -999.0 -999.0 -999.0 27021603161556715 814091468 "" ops_sky_boss_good ops_sky sky_boss 0 0 0.0 0.0 -999 ""
FIBERMAP 708 R+12C13 METROLOGY 0 0 0 1 0 0 116.8609859218203 217.85632441552846 143.1 -162.9298524741461 185.91801862806946 312.42035 92.448746 -999.0 -999.0 -999.0 -999.0 -999.0 22.249827958584063 -41.105452695462255 22.217048983048528 -40.96111298450034 59.16356194930866 237.76965365531447 -999.0 6231.0 -999.0 -1 -999 {-999.0 -999.0 -999.0 -999.0 -999.0} "" -999.0 -999.0 -999.0 -999.0 -999 -999 "" "" "" "" 0 0 0.0 0.0 -999 ""
FIBERMAP 711 R-8C15 APOGEE 0 0 0 1 0 0 117.60834105197112 -149.21375668839914 143.1 181.0035138171918 57.71066217834067 350.73553 160.17604 -999.0 -999.0 -999.0 -999.0 -999.0 23.63741519647013 -41.491548392068005 23.60048371209234 -41.34834672231089 60.09600786039411 236.5737920052298 -999.0 16600.0 -999.0 2 201 {-999.0 -999.0 -999.0 -999.0 -999.0} "" -999.0 -999.0 -999.0 -999.0 -999 -999 "" ops_sky_apogee_best_unassigned ops_sky sky_apogee 0 0 0.0 0.0 -999 ""
FIBERMAP 711 R-8C15 BOSS 1 1 0 1 0 0 118.28070876987874 -149.52563943419938 143.1 181.53163634883782 58.2306428168794 350.73553 160.17604 23.639448136196084 -41.48998188725743 -1.8630241 -0.0071499846 -0.4199808 23.639435830812328 -41.48997020582938 23.60266143012177 -41.346741858738646 60.097973008895465 236.57615393457462 5400.0 5400.0 2016.0 1 284 {-999.0 21.030724 20.807707 20.612347 20.45844} sdss_psfmag_from_gaiadr2 21.08662 20.825998 20.346148 -999.0 63050395808840803 1130401462 dark_flexible_3x1 bhm_gua_dark_d3 bhm_filler science 0 0 0.0 0.0 -999 ""
FIBERMAP 711 R-8C15 METROLOGY 0 0 0 1 0 0 117.65461306914294 -149.96135842110738 143.1 181.71970882334224 57.49144299554376 350.73553 160.17604 -999.0 -999.0 -999.0 -999.0 -999.0 23.640304502829284 -41.49218867238683 23.603479226496688 -41.348968770808234 60.098048420871606 236.57152269136054 -999.0 6231.0 -999.0 -1 -999 {-999.0 -999.0 -999.0 -999.0 -999.0} "" -999.0 -999.0 -999.0 -999.0 -999 -999 "" "" "" "" 0 0 0.0 0.0 -999 ""
FIBERMAP 712 R-7C5 APOGEE 0 0 0 1 0 0 -123.89227526567869 -114.42064863090097 143.1 63.61852814671602 -156.1767214446471 157.55016 32.73663 -999.0 -999.0 -999.0 -999.0 -999.0 23.166154077311674 -42.14245006340421 23.129398973889124 -41.99867893426604 59.59862094978515 235.48451323268017 -999.0 16600.0 -999.0 2 298 {-999.0 -999.0 -999.0 -999.0 -999.0} "" -999.0 -999.0 -999.0 -999.0 -999 -999 "" ops_sky_apogee_best_unassigned ops_sky sky_apogee 0 0 0.0 0.0 -999 ""
FIBERMAP 712 R-7C5 BOSS 1 1 0 1 0 0 -123.16871146150456 -114.30235198484607 143.1 63.76187236656372 -155.45773855905762 157.55016 32.73663 23.1666047875407 -42.14034125127696 -0.14705493 0.38957676 1.6441562 23.16660023953845 -42.140364736024175 23.130011323361146 -41.9965636963838 59.59957991232703 235.48834590935894 5400.0 5400.0 2016.0 1 489 {-999.0 21.089811 20.870296 20.678577 20.528288} sdss_psfmag_from_gaiadr2 21.03786 20.886787 20.306856 -999.0 63050395808837905 1130401376 dark_flexible_3x1 bhm_gua_dark_d3 bhm_filler science 0 0 0.0 0.0 -999 ""
FIBERMAP 712 R-7C5 METROLOGY 0 0 0 1 0 0 -123.42112383130802 -114.99241348393387 143.1 64.31930359174109 -155.9363953735365 157.55016 32.73663 -999.0 -999.0 -999.0 -999.0 -999.0 23.168942091536056 -42.1418130928938 23.132298439355452 -41.99802249832967 59.600870861528065 235.48472858745936 -999.0 6231.0 -999.0 -1 -999 {-999.0 -999.0 -999.0 -999.0 -999.0} "" -999.0 -999.0 -999.0 -999.0 -999 -999 "" "" "" "" 0 0 0.0 0.0 -999 ""
FIBERMAP 713 R+3C9 APOGEE 0 0 0 1 0 0 -73.68342342068688 42.18390143166738 143.1 -65.37087974984333 -54.17234236991197 312.5861 87.60784 -999.0 -999.0 -999.0 -999.0 -999.0 22.639133740813055 -41.833808022905 22.60419054137236 -41.689650225753674 59.29140947886387 236.2569765412562 -999.0 16600.0 -999.0 2 22 {-999.0 -999.0 -999.0 -999.0 -999.0} "" -999.0 -999.0 -999.0 -999.0 -999 -999 "" ops_sky_apogee_best_unassigned ops_sky sky_apogee 0 0 0.0 0.0 -999 ""
FIBERMAP 713 R+3C9 BOSS 1 1 0 1 0 0 -74.23757541905789 41.67303241893211 143.1 -65.08718267500372 -54.87057565971096 312.5861 87.60784 22.640069751901102 -41.83598567993723 -0.36413613 -0.114605695 0.6363522 22.640067225808902 -41.83599023662412 22.605284431896337 -41.69180375456886 59.29171475855004 236.25250608604853 5400.0 5400.0 2016.0 1 32 {-999.0 20.966846 19.979708 19.513906 19.166218} sdss_fiber2mag_from_lsdr10 19.858839 20.114138 18.34605 15.778 63050395808839354 1131342760 dark_flexible_3x1 bhm_spiders_agn_lsdr10_d3 bhm_spiders science 0 0 0.0 0.0 -999 ""
FIBERMAP 713 R+3C9 METROLOGY 0 0 0 1 0 0 -74.38669970888918 42.41038103237957 143.1 -65.82989764793622 -54.751253024567205 312.5861 87.60784 -999.0 -999.0 -999.0 -999.0 -999.0 22.637081489647628 -41.83561942808595 22.60225978623464 -41.691438692350886 59.2895985214719 236.2542088207225 -999.0 6231.0 -999.0 -1 -999 {-999.0 -999.0 -999.0 -999.0 -999.0} "" -999.0 -999.0 -999.0 -999.0 -999 -999 "" "" "" "" 0 0 0.0 0.0 -999 ""
FIBERMAP 718 R+2C7 APOGEE 0 0 0 1 0 0 -118.77294844443114 44.397633396727564 143.1 -83.27796130382355 -95.61018554077316 44.78101 88.94015 -999.0 -999.0 -999.0 -999.0 -999.0 22.565866862187626 -41.95933007764221 22.530922451616107 -41.81508095759446 59.209510627707424 236.04260583517066 -999.0 16600.0 -999.0 2 29 {-999.0 -999.0 -999.0 -999.0 -999.0} "" -999.0 -999.0 -999.0 -999.0 -999 -999 "" ops_sky_apogee_best_unassigned ops_sky sky_apogee 0 0 0.0 0.0 -999 ""
FIBERMAP 718 R+2C7 BOSS 1 1 0 1 0 0 -118.22296620271669 43.85198857657196 143.1 -82.57395717570863 -95.28688100342987 44.78101 88.94015 22.5685332394088 -41.95844031997682 -999.0 -999.0 -999.0 22.568516694051112 -41.95843528600552 22.533733657157256 -41.81415926686372 59.21176159838895 236.04341731160292 5400.0 5400.0 2016.0 1 48 {-999.0 21.209105 20.87164 20.555084 20.29165} sdss_psfmag_from_gaiadr2 20.952595 20.956226 19.943838 -999.0 63050395808839284 1130401424 dark_flexible_3x1 bhm_gua_dark_d3 bhm_filler science 0 0 0.0 0.0 -999 ""
FIBERMAP 718 R+2C7 METROLOGY 0 0 0 1 0 0 -118.96057590043162 43.67547687032158 143.1 -82.66772991388558 -96.03945828572236 44.78101 88.94015 -999.0 -999.0 -999.0 -999.0 -999.0 22.568164450359927 -41.96071724125018 22.533331640834604 -41.81644871504336 59.21094363685608 236.0391990113914 -999.0 6231.0 -999.0 -1 -999 {-999.0 -999.0 -999.0 -999.0 -999.0} "" -999.0 -999.0 -999.0 -999.0 -999 -999 "" "" "" "" 0 0 0.0 0.0 -999 ""
FIBERMAP 720 R-7C15 APOGEE 0 0 0 1 0 0 92.45093216144471 -141.33584235721642 143.1 164.79304558779944 36.92348509050204 185.01395 141.63574 -999.0 -999.0 -999.0 -999.0 -999.0 23.572867090621827 -41.55494946880425 23.53599780692781 -41.41167508311944 60.03411965466242 236.47316327498552 -999.0 16600.0 -999.0 2 -999 {-999.0 -999.0 -999.0 -999.0 -999.0} "" -999.0 -999.0 -999.0 -999.0 -999 -999 "" "" "" "" 0 0 0.0 0.0 -999 ""
FIBERMAP 720 R-7C15 BOSS 1 1 0 1 0 0 91.80783505448393 -140.87053589413847 143.1 164.13155865916497 36.484788275046235 185.01395 141.63574 23.570138880700124 -41.55632313587511 -1.1846498 0.53216845 -1.9738756 23.570136057942523 -41.55631027088848 23.533431694721116 -41.4130040827229 60.03193683113243 236.47148202984303 5400.0 5400.0 2016.0 1 283 {-999.0 21.30181 21.26718 20.90738 20.747484} sdss_fiber2mag_from_lsdr10 20.895027 20.891333 19.894354 -999.0 63050395808838941 1131345281 dark_flexible_3x1 bhm_spiders_agn_lsdr10_d3 bhm_spiders science 0 0 0.0 0.0 -999 ""
FIBERMAP 720 R-7C15 METROLOGY 0 0 0 1 0 0 92.4974709076392 -140.58929539827898 143.1 164.11043125015274 37.229228328148224 185.01395 141.63574 -999.0 -999.0 -999.0 -999.0 -999.0 23.57009423074213 -41.55404072079407 23.533348102893797 -41.410743251756934 60.032406847060294 236.47591098343236 -999.0 6231.0 -999.0 -1 -999 {-999.0 -999.0 -999.0 -999.0 -999.0} "" -999.0 -999.0 -999.0 -999.0 -999 -999 "" "" "" "" 0 0 0.0 0.0 -999 ""
FIBERMAP 722 R-4C20 APOGEE 0 0 0 1 0 0 187.5035199889479 -89.40512106132746 143.1 149.55310114821523 144.15381705974178 314.3225 107.33827 -999.0 -999.0 -999.0 -999.0 -999.0 23.507081048765 -41.23060361154548 23.470878211427873 -41.08734482361401 60.06097010056419 237.1279152732413 -999.0 16600.0 -999.0 2 -999 {-999.0 -999.0 -999.0 -999.0 -999.0} "" -999.0 -999.0 -999.0 -999.0 -999 -999 "" "" "" "" 0 0 0.0 0.0 -999 ""
FIBERMAP 722 R-4C20 BOSS 1 1 0 1 0 0 187.1476824734398 -90.06356015205795 143.1 150.0446050866732 143.5894331221187 314.3225 107.33827 23.508958850568067 -41.23229548141691 -0.24793173 -0.6583149 -0.82490134 23.508968888783347 -41.232292923286856 23.472918402095786 -41.08900770895052 60.062095098914895 237.12397650386004 5400.0 5400.0 2016.0 1 312 {-999.0 20.531378 20.488066 20.47158 20.468727} sdss_psfmag_from_lsdr10 20.763908 20.452755 20.186872 -999.0 63050395808841865 1131347771 dark_flexible_3x1 bhm_spiders_agn_lsdr10_d3 bhm_spiders science 0 0 0.0 0.0 -999 ""
FIBERMAP 722 R-4C20 METROLOGY 0 0 0 1 0 0 186.756230616722 -89.43762969024883 143.1 149.32110562937314 143.44274790658974 314.3225 107.33827 -999.0 -999.0 -999.0 -999.0 -999.0 23.50614233276094 -41.232719228317 23.470052960029477 -41.089439241825744 60.05989370580324 237.12410576916187 -999.0 6231.0 -999.0 -1 -999 {-999.0 -999.0 -999.0 -999.0 -999.0} "" -999.0 -999.0 -999.0 -999.0 -999 -999 "" "" "" "" 0 0 0.0 0.0 -999 ""
FIBERMAP 725 R-11C8 APOGEE 0 0 0 1 0 0 -17.694963223184327 -207.33338240199797 143.1 187.9026653326491 -89.37798213226922 92.05801 153.6405 -999.0 -999.0 -999.0 -999.0 -999.0 23.670969180917183 -41.93699193631566 23.633252952325506 -41.793717973822794 60.01257181548519 235.69599912142957 -999.0 16600.0 -999.0 2 173 {-999.0 -999.0 -999.0 -999.0 -999.0} "" -999.0 -999.0 -999.0 -999.0 -999 -999 "" ops_sky_apogee_best_unassigned ops_sky sky_apogee 0 0 0.0 0.0 -999 ""
FIBERMAP 725 R-11C8 BOSS 1 1 0 1 0 0 -17.35947318079515 -206.6603441454806 143.1 187.39034727132236 -88.8275216909892 92.05801 153.6405 23.66877753303965 -41.93539889956554 -999.0 -999.0 -999.0 23.66877510934387 -41.935396884535365 23.631227734380275 -41.79209071354039 60.011511304348936 235.69990087315273 5400.0 5400.0 2015.5 1 415 {-999.0 -999.0 -999.0 -999.0 -999.0} "" -999.0 -999.0 -999.0 -999.0 27021603160871556 813986727 "" ops_sky_boss_good ops_sky sky_boss 0 0 0.0 0.0 -999 ""
FIBERMAP 725 R-11C8 METROLOGY 0 0 0 1 0 0 -16.950690873623603 -207.25834034527236 143.1 188.09377923726333 -88.65480085968518 92.05801 153.6405 -999.0 -999.0 -999.0 -999.0 -999.0 23.671704556249377 -41.934852303600465 23.634105059666183 -41.791557572083725 60.01372176682865 235.69987289651624 -999.0 6231.0 -999.0 -1 -999 {-999.0 -999.0 -999.0 -999.0 -999.0} "" -999.0 -999.0 -999.0 -999.0 -999 -999 "" "" "" "" 0 0 0.0 0.0 -999 ""
FIBERMAP 727 R+5C12 APOGEE 0 0 0 1 0 0 2.12107461393232 110.52542070422051 143.1 -102.73501569671656 40.80000156126562 147.53117 92.08473 -999.0 -999.0 -999.0 -999.0 -999.0 22.488438159052507 -41.545199708874286 22.45430397052172 -41.400979417363686 59.24621752620128 236.85654832864927 -999.0 16600.0 -999.0 2 132 {-999.0 -999.0 -999.0 -999.0 -999.0} "" -999.0 -999.0 -999.0 -999.0 -999 -999 "" ops_sky_apogee_best_unassigned ops_sky sky_apogee 0 0 0.0 0.0 -999 ""
FIBERMAP 727 R+5C12 BOSS 1 1 0 1 0 0 2.4931427595623603 111.17377070409003 143.1 -103.21137383516545 41.37603842435297 147.53117 92.08473 22.48626708984375 -41.54343758980849 -999.0 -999.0 -999.0 22.48627840468068 -41.54345265379216 22.45231822914252 -41.399203243409325 59.24514904601497 236.86057122693177 5400.0 5400.0 2015.5 1 121 {-999.0 -999.0 -999.0 -999.0 -999.0} "" -999.0 -999.0 -999.0 -999.0 27021603161555899 814091358 "" ops_sky_boss_good ops_sky sky_boss 0 0 0.0 0.0 -999 ""
FIBERMAP 727 R+5C12 METROLOGY 0 0 0 1 0 0 2.8621830529582564 110.51968513676779 143.1 -102.46938449776047 41.49185325529972 147.53117 92.08473 -999.0 -999.0 -999.0 -999.0 -999.0 22.489319600665652 -41.54309621948284 22.45530523786539 -41.39885731811075 59.247411337640884 236.86028059184724 -999.0 6231.0 -999.0 -1 -999 {-999.0 -999.0 -999.0 -999.0 -999.0} "" -999.0 -999.0 -999.0 -999.0 -999 -999 "" "" "" "" 0 0 0.0 0.0 -999 ""
FIBERMAP 728 R+7C12 APOGEE 0 0 0 1 0 0 28.530028595271485 121.23754066402246 143.1 -103.49002990651071 69.28736086156228 268.148 98.971954 -999.0 -999.0 -999.0 -999.0 -999.0 22.485887799861295 -41.45877329418791 22.451887067551183 -41.31457060428698 59.26309932047218 237.02235281274872 -999.0 16600.0 -999.0 2 143 {-999.0 -999.0 -999.0 -999.0 -999.0} "" -999.0 -999.0 -999.0 -999.0 -999 -999 "" ops_sky_apogee_best_unassigned ops_sky sky_apogee 0 0 0.0 0.0 -999 ""
FIBERMAP 728 R+7C12 BOSS 1 1 0 1 0 0 27.786011936204996 121.15385808338078 143.1 -103.67296429120248 68.56138461522198 268.148 98.971954 22.484893798828125 -41.460944817682105 -999.0 -999.0 -999.0 22.484898487287065 -41.46096596438416 22.45106279076475 -41.31673456404984 59.26203012289631 237.01847765278254 5400.0 5400.0 2015.5 1 144 {-999.0 -999.0 -999.0 -999.0 -999.0} "" -999.0 -999.0 -999.0 -999.0 27021603161555919 814091275 "" ops_sky_boss_good ops_sky sky_boss 0 0 0.0 0.0 -999 ""
FIBERMAP 728 R+7C12 METROLOGY 0 0 0 1 0 0 28.04787490357433 121.84270693794429 143.1 -104.22594132743097 69.04846373700322 268.148 98.971954 -999.0 -999.0 -999.0 -999.0 -999.0 22.48270374110452 -41.45946884159827 22.448828779709515 -41.31524368105034 59.26071133357183 237.02203120363288 -999.0 6231.0 -999.0 -1 -999 {-999.0 -999.0 -999.0 -999.0 -999.0} "" -999.0 -999.0 -999.0 -999.0 -999 -999 "" "" "" "" 0 0 0.0 0.0 -999 ""
FIBERMAP 729 R-8C19 APOGEE 0 0 0 1 0 0 208.99996837247113 -170.24767825688025 143.1 232.79137382108144 135.88980046702798 320.8627 90.13497 -999.0 -999.0 -999.0 -999.0 -999.0 23.841158499492543 -41.253829350852946 23.804093369275563 -41.11086718383417 60.30013090588786 236.9669393366641 -999.0 16600.0 -999.0 2 193 {-999.0 -999.0 -999.0 -999.0 -999.0} "" -999.0 -999.0 -999.0 -999.0 -999 -999 "" ops_sky_apogee_best_unassigned ops_sky sky_apogee 0 0 0.0 0.0 -999 ""
FIBERMAP 729 R-8C19 BOSS 1 1 0 1 0 0 208.5253341113915 -170.81572163370393 143.1 233.15652554435152 135.2459375944001 320.8627 90.13497 23.842514253127657 -41.255779969130124 -999.0 -999.0 -999.0 23.842493924866066 -41.25579420631934 23.805580332364002 -41.11280459438849 60.30077413844393 236.96261282526226 5400.0 5400.0 2016.0 1 266 {-999.0 22.136375 21.722626 21.737701 21.8378} sdss_psfmag_from_lsdr10 1e+20 1e+20 1e+20 -999.0 63050398044977171 1058559183 dark_flexible_2x2 bhm_spiders_agn_lsdr10 bhm_spiders science 0 0 0.0 0.0 -999 ""
FIBERMAP 729 R-8C19 METROLOGY 0 0 0 1 0 0 208.25632487585747 -170.12838124574566 143.1 232.41852998422033 135.23545563673156 320.8627 90.13497 -999.0 -999.0 -999.0 -999.0 -999.0 23.839648817430568 -41.25580943962564 23.802697489897014 -41.11282522761614 60.29865597416168 236.96358351829466 -999.0 6231.0 -999.0 -1 -999 {-999.0 -999.0 -999.0 -999.0 -999.0} "" -999.0 -999.0 -999.0 -999.0 -999 -999 "" "" "" "" 0 0 0.0 0.0 -999 ""
FIBERMAP 731 R0C27 APOGEE 0 0 0 1 0 0 295.10428980131536 -7.241447398612231 143.1 110.41407759565097 273.7495961016582 236.29527 163.3974 -999.0 -999.0 -999.0 -999.0 -999.0 23.345044952882517 -40.841012200265496 23.309835802979592 -40.697698353430525 60.0269415555477 237.9426038033602 -999.0 16600.0 -999.0 2 -999 {-999.0 -999.0 -999.0 -999.0 -999.0} "" -999.0 -999.0 -999.0 -999.0 -999 -999 "" "" "" "" 0 0 0.0 0.0 -999 ""
FIBERMAP 731 R0C27 BOSS 1 1 0 1 0 0 294.5277423967739 -7.746704123303458 143.1 110.6846553600252 273.0323659325304 236.29527 163.3974 23.345947265625 -40.843239397933985 -999.0 -999.0 -999.0 23.345971236205425 -40.84322407388436 23.310915888742954 -40.699884482197376 60.02728132464476 237.93798081237537 5400.0 5400.0 2015.5 1 182 {-999.0 -999.0 -999.0 -999.0 -999.0} "" -999.0 -999.0 -999.0 -999.0 27021603161557389 814091633 "" ops_sky_boss_good ops_sky sky_boss 0 0 0.0 0.0 -999 ""
FIBERMAP 731 R0C27 METROLOGY 0 0 0 1 0 0 294.40058365758756 -6.987881075777618 143.1 109.92954868378786 273.17979526373676 236.29527 163.3974 -999.0 -999.0 -999.0 -999.0 -999.0 23.343029482682375 -40.84272295981519 23.307936925387594 -40.69938825570907 60.02517816269058 237.93990444350274 -999.0 6231.0 -999.0 -1 -999 {-999.0 -999.0 -999.0 -999.0 -999.0} "" -999.0 -999.0 -999.0 -999.0 -999 -999 "" "" "" "" 0 0 0.0 0.0 -999 ""
FIBERMAP 732 R-10C12 APOGEE 0 0 0 1 0 0 60.95655728909029 -189.80512599200236 143.1 199.11247371451992 -9.584619961947212 65.862526 172.88522 -999.0 -999.0 -999.0 -999.0 -999.0 23.713371879476817 -41.69493180414801 23.675931265871725 -41.551751919731075 60.102595650518616 236.15048572867457 -999.0 16600.0 -999.0 2 -999 {-999.0 -999.0 -999.0 -999.0 -999.0} "" -999.0 -999.0 -999.0 -999.0 -999 -999 "" "" "" "" 0 0 0.0 0.0 -999 ""
FIBERMAP 732 R-10C12 BOSS 1 1 0 1 0 0 61.33598048471153 -189.13981476794945 143.1 198.622818492834 -8.995740487316535 65.862526 172.88522 23.71124267578125 -41.69312715191231 -999.0 -999.0 -999.0 23.71128398411215 -41.693195249894686 23.674011197728305 -41.549984154526776 60.10162745180415 236.15462273262068 5400.0 5400.0 2015.5 1 402 {-999.0 -999.0 -999.0 -999.0 -999.0} "" -999.0 -999.0 -999.0 -999.0 27021603160871690 813986772 "" ops_sky_boss_good ops_sky sky_boss 0 0 0.0 0.0 -999 ""
FIBERMAP 732 R-10C12 METROLOGY 0 0 0 1 0 0 61.704536466086694 -189.81016261546213 143.1 199.37986337874054 -8.886090056506385 65.862526 172.88522 -999.0 -999.0 -999.0 -999.0 -999.0 23.714419565254726 -41.69283092281137 23.6770941745429 -41.549631170346565 60.103951721928794 236.1541938199942 -999.0 6231.0 -999.0 -1 -999 {-999.0 -999.0 -999.0 -999.0 -999.0} "" -999.0 -999.0 -999.0 -999.0 -999 -999 "" "" "" "" 0 0 0.0 0.0 -999 ""
FIBERMAP 736 R+11C12 APOGEE 1 1 0 1 0 0 98.38333537551782 218.56866262535428 143.1 -170.08573323080228 168.86839815301164 71.20111 47.268646 22.220734654291526 -41.1567559767632 -22.162636 -14.675974 4.254885 22.22065190439797 -41.156823582724904 22.187752784968836 -41.012466103940895 59.13155161566281 237.68026221979554 16000.0 16600.0 2016.0 2 145 {-999.0 11.646964 11.215753 11.09121 -999.0} sdss_psfmag_from_g3xp 11.568529 11.247328 10.761721 9.953 63050395809809550 975156318 "" ops_std_apogee ops_std standard_apogee 0 0 0.0 0.0 -999 ""
FIBERMAP 736 R+11C12 BOSS 0 0 0 1 0 0 98.74568526865731 217.90149017770074 143.1 -169.33384077032258 168.97335323927064 71.20111 47.268646 -999.0 -999.0 -999.0 -999.0 -999.0 22.223475864492617 -41.156520505640685 22.190736447894835 -41.012139572411414 59.13382253616542 237.67999891784487 -999.0 5400.0 -999.0 1 148 {-999.0 -999.0 -999.0 -999.0 -999.0} "" -999.0 -999.0 -999.0 -999.0 -999 -999 "" "" "" "" 0 0 0.0 0.0 -999 ""
FIBERMAP 736 R+11C12 METROLOGY 0 0 0 1 0 0 97.99528142017571 217.92129837503586 143.1 -169.61591187504183 168.27774068208595 71.20111 47.268646 -999.0 -999.0 -999.0 -999.0 -999.0 22.222326975074317 -41.15858032164375 22.189540342559326 -41.01420528749447 59.13252117470013 237.67641110628827 -999.0 6231.0 -999.0 -1 -999 {-999.0 -999.0 -999.0 -999.0 -999.0} "" -999.0 -999.0 -999.0 -999.0 -999 -999 "" "" "" "" 0 0 0.0 0.0 -999 ""
FIBERMAP 738 R-6C11 APOGEE 0 0 0 1 0 0 -4.660848243208482 -103.87299450677054 143.1 95.61474006656162 -40.841687177855874 112.25229 115.42254 -999.0 -999.0 -999.0 -999.0 -999.0 23.2947369228428 -41.792392283089235 23.25819744505236 -41.64881507263756 59.776068918164256 236.111465437243 -999.0 16600.0 -999.0 2 -999 {-999.0 -999.0 -999.0 -999.0 -999.0} "" -999.0 -999.0 -999.0 -999.0 -999 -999 "" "" "" "" 0 0 0.0 0.0 -999 ""
FIBERMAP 738 R-6C11 BOSS 1 1 0 1 0 0 -4.163478483512517 -103.30359921181812 143.1 95.25630681946909 -40.176063334376884 112.25229 115.42254 23.293179806517305 -41.79036227991412 -6.9234433 -26.076345 0.73699063 23.29317311901743 -41.79043063976695 23.256802997144973 -41.64682289595637 59.7755288265396 236.11580086266179 5400.0 5400.0 2016.0 1 389 {-999.0 17.396404 16.668139 16.40335 -999.0} sdss_psfmag_gaia 17.202604 16.711542 16.06538 14.652 63050395808838765 1074707981 dark_flexible_2x1 mwm_halo_local_high_boss mwm_halo science 0 0 0.0 0.0 -999 ""
FIBERMAP 738 R-6C11 METROLOGY 0 0 0 1 0 0 -3.9276507163544365 -104.02104721161318 143.1 96.0108381443386 -40.207220808291204 112.25229 115.42254 -999.0 -999.0 -999.0 -999.0 -999.0 23.296301302910866 -41.79050651124373 23.259877142204743 -41.64690990667927 59.777739916232456 236.1145512904048 -999.0 6231.0 -999.0 -1 -999 {-999.0 -999.0 -999.0 -999.0 -999.0} "" -999.0 -999.0 -999.0 -999.0 -999 -999 "" "" "" "" 0 0 0.0 0.0 -999 ""
FIBERMAP 740 R-10C6 APOGEE 0 0 0 1 0 0 -53.34517086304494 -176.64384456922693 143.1 146.6498744983364 -111.97813765719494 133.33022 10.51829 -999.0 -999.0 -999.0 -999.0 -999.0 23.504035458715578 -42.006774280205605 23.466631996085255 -41.86333418191858 59.87506765431492 235.62253356766388 -999.0 16600.0 -999.0 2 -999 {-999.0 -999.0 -999.0 -999.0 -999.0} "" -999.0 -999.0 -999.0 -999.0 -999 -999 "" "" "" "" 0 0 0.0 0.0 -999 ""
FIBERMAP 740 R-10C6 BOSS 1 1 0 1 0 0 -52.754579354853554 -177.13453229667115 143.1 147.3166859124469 -111.59751278091508 133.33022 10.51829 23.506605566768712 -42.005675096746 0.028677259 -0.027416525 0.37381828 23.50664268981504 -42.005669263325714 23.46939620690341 -41.862201081063034 59.877342125571346 235.6237101308065 5400.0 5400.0 2016.0 1 384 {-999.0 20.342031 20.093021 20.03819 20.01914} sdss_psfmag_from_lsdr10 20.206099 19.980581 19.576618 -999.0 63050395808838370 1131340247 dark_flexible_3x1 bhm_spiders_agn_lsdr10_d3 bhm_spiders science 0 0 0.0 0.0 -999 ""
FIBERMAP 740 R-10C6 METROLOGY 0 0 0 1 0 0 -53.424736200228374 -177.38759692983828 143.1 147.3182741572979 -112.31382077745462 133.33022 10.51829 -999.0 -999.0 -999.0 -999.0 -999.0 23.506739233622508 -42.007843156893294 23.46944322215205 -41.864383247199086 59.87683788324689 235.61947904798484 -999.0 6231.0 -999.0 -1 -999 {-999.0 -999.0 -999.0 -999.0 -999.0} "" -999.0 -999.0 -999.0 -999.0 -999 -999 "" "" "" "" 0 0 0.0 0.0 -999 ""
FIBERMAP 745 R+1C8 APOGEE 0 0 0 1 0 0 -138.4953420125745 28.008625544547492 143.1 -74.85976151389555 -119.83082466460978 181.79399 80.82043 -999.0 -999.0 -999.0 -999.0 -999.0 22.600049870625185 -42.032806043835016 22.56490823509364 -41.88856928355757 59.21715284081765 235.89148572674088 -999.0 16600.0 -999.0 2 -999 {-999.0 -999.0 -999.0 -999.0 -999.0} "" -999.0 -999.0 -999.0 -999.0 -999 -999 "" "" "" "" 0 0 0.0 0.0 -999 ""
FIBERMAP 745 R+1C8 BOSS 1 1 0 1 0 0 -138.42246881645465 28.728575344116855 143.1 -75.50822605986357 -119.50976603410541 181.79399 80.82043 22.59718005330115 -42.031900618215026 0.41648468 -0.07841118 0.10106474 22.597190258625236 -42.031912051652704 22.562224128336823 -41.8876433753339 59.21542457013267 235.89415271937398 5400.0 5400.0 2016.0 1 47 {-999.0 20.69245 20.509874 20.424627 20.360018} sdss_psfmag_from_lsdr10 20.684309 20.476719 19.927242 -999.0 63050395808353009 1131340231 dark_flexible_3x1 bhm_spiders_agn_lsdr10_d3 bhm_spiders science 0 0 0.0 0.0 -999 ""
FIBERMAP 745 R+1C8 METROLOGY 0 0 0 1 0 0 -137.8097492101443 28.30772540421316 143.1 -74.89902965952517 -119.0838981126209 181.79399 80.82043 -999.0 -999.0 -999.0 -999.0 -999.0 22.59971566715723 -42.030633347962954 22.564697703340357 -41.88637553286996 59.21751026889126 235.8957260085187 -999.0 6231.0 -999.0 -1 -999 {-999.0 -999.0 -999.0 -999.0 -999.0} "" -999.0 -999.0 -999.0 -999.0 -999 -999 "" "" "" "" 0 0 0.0 0.0 -999 ""
FIBERMAP 746 R-9C7 APOGEE 0 0 0 1 0 0 -66.81968310259009 -180.96486566317324 143.1 145.96349154444877 -126.1111556843665 204.63753 121.85914 -999.0 -999.0 -999.0 -999.0 -999.0 23.50158943072813 -42.04955765323031 23.46412486676485 -41.90610552374535 59.86268758326393 235.54089098415747 -999.0 16600.0 -999.0 2 187 {-999.0 -999.0 -999.0 -999.0 -999.0} "" -999.0 -999.0 -999.0 -999.0 -999 -999 "" ops_sky_apogee_best_unassigned ops_sky sky_apogee 0 0 0.0 0.0 -999 ""
FIBERMAP 746 R-9C7 BOSS 1 1 0 1 0 0 -67.47184120627486 -180.55199697320973 143.1 145.3479176760058 -126.57675090762969 204.63753 121.85914 23.498957502912862 -42.051047419647176 -999.0 -999.0 -999.0 23.49899181380473 -42.05105400311478 23.461693527768205 -41.90756836823062 59.86057210079187 235.53896114945996 5400.0 5400.0 2015.5 1 383 {-999.0 -999.0 -999.0 -999.0 -999.0} "" -999.0 -999.0 -999.0 -999.0 27021603160871438 813986741 "" ops_sky_boss_good ops_sky sky_boss 0 0 0.0 0.0 -999 ""
FIBERMAP 746 R-9C7 METROLOGY 0 0 0 1 0 0 -66.79176521253719 -180.22015272004847 143.1 145.27605507003 -125.82349036847963 204.63753 121.85914 -999.0 -999.0 -999.0 -999.0 -999.0 23.498754380971103 -42.0487859343592 23.461414345768958 -41.90530935388508 59.860930382507206 235.54342253939657 -999.0 6231.0 -999.0 -1 -999 {-999.0 -999.0 -999.0 -999.0 -999.0} "" -999.0 -999.0 -999.0 -999.0 -999 -999 "" "" "" "" 0 0 0.0 0.0 -999 ""
FIBERMAP 749 R-2C15 APOGEE 0 0 0 1 0 0 54.91517209795345 -30.028316183894294 143.1 47.399157993177575 40.86926647504434 44.33763 115.01497 -999.0 -999.0 -999.0 -999.0 -999.0 23.09739437080203 -41.54499208674423 23.06173071174294 -41.4012976989034 59.6904084213012 236.65684574853998 -999.0 16600.0 -999.0 2 227 {-999.0 -999.0 -999.0 -999.0 -999.0} "" -999.0 -999.0 -999.0 -999.0 -999 -999 "" ops_sky_apogee_best_unassigned ops_sky sky_apogee 0 0 0.0 0.0 -999 ""
FIBERMAP 749 R-2C15 BOSS 1 1 0 1 0 0 55.61147491097596 -30.29864346296697 143.1 47.89677953142716 41.42624982816985 44.33763 115.01497 23.099288473502877 -41.54328427651749 10.536244 -3.8369596 0.5664027 23.09928096195665 -41.54329931068545 23.063777848590348 -41.39957854048545 59.692293954841546 236.65947324624187 5400.0 5400.0 2016.0 1 327 {-999.0 16.635424 16.257158 16.139647 -999.0} sdss_psfmag_gaia 16.573158 16.278849 15.807872 14.77 63050395808839722 977152279 "" ops_std_boss ops_std standard_boss 0 0 0.0 0.0 -999 ""
FIBERMAP 749 R-2C15 METROLOGY 0 0 0 1 0 0 55.054047555156 -30.76304004954008 143.1 48.13581636662892 40.74127008177437 44.33763 115.01497 -999.0 -999.0 -999.0 -999.0 -999.0 23.100312598391525 -41.54536528831921 23.064757649016087 -41.401652998359125 59.6925390803697 236.6551392649892 -999.0 6231.0 -999.0 -1 -999 {-999.0 -999.0 -999.0 -999.0 -999.0} "" -999.0 -999.0 -999.0 -999.0 -999 -999 "" "" "" "" 0 0 0.0 0.0 -999 ""
FIBERMAP 750 R+11C10 APOGEE 0 0 0 1 0 0 20.900760018346062 230.53337168240085 143.1 -208.4979466525886 100.52675719874257 191.56462 35.34473 -999.0 -999.0 -999.0 -999.0 -999.0 22.063671903019753 -41.36271856487546 22.030870120436077 -41.21818311797059 58.973935755104286 237.33542532421626 -999.0 16600.0 -999.0 2 127 {-999.0 -999.0 -999.0 -999.0 -999.0} "" -999.0 -999.0 -999.0 -999.0 -999 -999 "" ops_sky_apogee_best_unassigned ops_sky sky_apogee 0 0 0.0 0.0 -999 ""
FIBERMAP 750 R+11C10 BOSS 1 1 0 1 0 0 21.431933193832062 231.0432338396529 143.1 -208.78877072018156 101.20312288285344 191.56462 35.34473 22.062326838680473 -41.360676674467406 -999.0 -999.0 -999.0 22.06232552500949 -41.36067934129516 22.029697803859733 -41.216116776960035 58.97349687955829 237.3397001115231 5400.0 5400.0 2016.0 1 114 {-999.0 22.156813 20.62551 19.847761 19.350891} sdss_fiber2mag_from_lsdr10 1e+20 1e+20 1e+20 15.393 63050398759971735 1128239293 dark_flexible_3x1 bhm_spiders_clusters_lsdr10_d3 bhm_spiders science 0 0 0.0 0.0 -999 ""
FIBERMAP 750 R+11C10 METROLOGY 0 0 0 1 0 0 21.64671421016579 230.36133746418741 143.1 -208.07491591704738 101.16474526102468 191.56462 35.34473 -999.0 -999.0 -999.0 -999.0 -999.0 22.065191211768447 -41.360784021709634 22.032508595931063 -41.216231310479884 58.975542705582555 237.33864058007057 -999.0 6231.0 -999.0 -1 -999 {-999.0 -999.0 -999.0 -999.0 -999.0} "" -999.0 -999.0 -999.0 -999.0 -999 -999 "" "" "" "" 0 0 0.0 0.0 -999 ""
FIBERMAP 752 R-8C5 APOGEE 0 0 0 1 0 0 -123.80799748965504 -140.8720035713832 143.1 88.41331728456889 -165.3869595956756 168.85739 69.58021 -999.0 -999.0 -999.0 -999.0 -999.0 23.26760808646816 -42.169817635566325 23.230551239140084 -42.02612970195384 59.664714316641124 235.3953124444772 -999.0 16600.0 -999.0 2 285 {-999.0 -999.0 -999.0 -999.0 -999.0} "" -999.0 -999.0 -999.0 -999.0 -999 -999 "" ops_sky_apogee_best_unassigned ops_sky sky_apogee 0 0 0.0 0.0 -999 ""
FIBERMAP 752 R-8C5 BOSS 1 1 0 1 0 0 -123.45703491986103 -140.21471698180903 143.1 87.9211804047143 -164.82754458000605 168.85739 69.58021 23.265466056117273 -42.16820582265731 -999.0 -999.0 -999.0 23.26546380436372 -42.168222433601336 23.228578565471878 -42.02450196415325 59.66369675652771 235.39915244565378 5400.0 5400.0 2015.5 1 468 {-999.0 -999.0 -999.0 -999.0 -999.0} "" -999.0 -999.0 -999.0 -999.0 27021603160870981 821782974 "" ops_sky_boss_good ops_sky sky_boss 0 0 0.0 0.0 -999 ""
FIBERMAP 752 R-8C5 METROLOGY 0 0 0 1 0 0 -123.06366540827261 -140.86789636366433 143.1 88.67086521721578 -164.68863318320172 168.85739 69.58021 -999.0 -999.0 -999.0 -999.0 -999.0 23.268587559896787 -42.167799494820066 23.23164861281026 -42.02409067004219 59.66600827152303 235.3988254086972 -999.0 6231.0 -999.0 -1 -999 {-999.0 -999.0 -999.0 -999.0 -999.0} "" -999.0 -999.0 -999.0 -999.0 -999 -999 "" "" "" "" 0 0 0.0 0.0 -999 ""
FIBERMAP 754 R+8C15 APOGEE 0 0 0 1 1 0 94.1830728266816 143.00043089210604 143.1 -100.80969893888819 138.3979565800664 284.28714 28.835445 -999.0 -999.0 -999.0 -999.0 -999.0 22.498071664248272 -41.24943595909392 22.46434709208461 -41.105291515709915 59.31658707091222 237.41896075897907 -999.0 16600.0 -999.0 2 78 {-999.0 -999.0 -999.0 -999.0 -999.0} "" -999.0 -999.0 -999.0 -999.0 -999 -999 "" ops_sky_apogee_best_unassigned ops_sky sky_apogee 0 0 0.0 0.0 -999 ""
FIBERMAP 754 R+8C15 BOSS 1 0 0 1 1 0 93.69557016908358 143.54864307885225 143.1 -101.49416529661778 138.1340504204246 284.28714 28.835445 22.4358457914811 -41.24515438420839 -30.070164 -142.8481 4.0689235 22.495093154478504 -41.25020511621297 22.461539990618007 -41.10603138344353 59.31436401671598 237.41840900541706 5400.0 5400.0 2016.0 1 238 {-999.0 19.982248 18.180878 17.041035 -999.0} sdss_psfmag_gaia 19.077507 17.727991 16.582277 14.559 63050395809808731 1136529808 dark_flexible_3x1 mwm_halo_local_high_boss_triple mwm_halo science 0 0 0.0 0.0 -999 ""
FIBERMAP 754 R+8C15 METROLOGY 0 0 0 1 1 0 94.42254277879509 143.7105734413694 143.1 -101.39047622905329 138.87154803176958 284.28714 28.835445 -999.0 -999.0 -999.0 -999.0 -999.0 22.495556840351142 -41.247949764967416 22.461959020064512 -41.10378448087455 59.31514220200826 237.42258550808833 -999.0 6231.0 -999.0 -1 -999 {-999.0 -999.0 -999.0 -999.0 -999.0} "" -999.0 -999.0 -999.0 -999.0 -999 -999 "" "" "" "" 0 0 0.0 0.0 -999 ""
FIBERMAP 755 R-9C15 APOGEE 0 0 0 1 0 0 107.2096074908043 -184.0665605287697 143.1 209.98278813643688 35.73525337039599 249.1118 71.06318 -999.0 -999.0 -999.0 -999.0 -999.0 23.755180821455205 -41.55730132219141 23.71785238694588 -41.41419102862179 60.16604253101595 236.40357614620078 -999.0 16600.0 -999.0 2 -999 {-999.0 -999.0 -999.0 -999.0 -999.0} "" -999.0 -999.0 -999.0 -999.0 -999 -999 "" "" "" "" 0 0 0.0 0.0 -999 ""
FIBERMAP 755 R-9C15 BOSS 1 1 0 1 0 0 106.62500138269607 -183.55827816940464 143.1 209.30160561700907 35.36641120425082 249.1118 71.06318 23.752332837165092 -41.55850806721766 10.296874 15.744168 2.659417 23.752359714578535 -41.55845986357303 23.715195748995825 -41.415317488026325 60.163839397692584 236.4023298339198 5400.0 5400.0 2016.0 1 329 {-999.0 17.973747 16.694365 16.12589 -999.0} sdss_psfmag_gaia 17.25758 16.649652 15.513212 -999.0 63050395808840680 1092647964 dark_flexible_2x1 mwm_cb_galex_vol_boss mwm_cb science 0 0 0.0 0.0 -999 ""
FIBERMAP 755 R-9C15 METROLOGY 0 0 0 1 0 0 107.32975120145143 -183.32827623015027 143.1 209.33375822041208 36.107007898857994 249.1118 71.06318 -999.0 -999.0 -999.0 -999.0 -999.0 23.75254028573521 -41.55620185113113 23.71533428851768 -41.41306845655742 60.164475371526414 236.40667087290763 -999.0 6231.0 -999.0 -1 -999 {-999.0 -999.0 -999.0 -999.0 -999.0} "" -999.0 -999.0 -999.0 -999.0 -999 -999 "" "" "" "" 0 0 0.0 0.0 -999 ""
FIBERMAP 764 R-10C8 APOGEE 0 0 0 1 0 0 -21.132948069647405 -210.5773956710549 143.1 189.73254053902843 -93.73603721763148 298.45993 90.14343 -999.0 -999.0 -999.0 -999.0 -999.0 23.67853311491824 -41.95011321835136 23.64077697322591 -41.806843064547024 60.014755880846906 235.66777695346605 -999.0 16600.0 -999.0 2 -999 {-999.0 -999.0 -999.0 -999.0 -999.0} "" -999.0 -999.0 -999.0 -999.0 -999 -999 "" "" "" "" 0 0 0.0 0.0 -999 ""
FIBERMAP 764 R-10C8 BOSS 1 1 0 1 0 0 -21.822127589151414 -210.956938138745 143.1 189.8458638382041 -94.51457155215031 298.45993 90.14343 23.678899281994504 -41.95256008995077 -0.1924726 -0.45324326 -0.21586682 23.678916063371375 -41.95251691259109 23.641315919930776 -41.809215878902876 60.01455679466585 235.66297816464018 5400.0 5400.0 2016.0 1 405 {-999.0 20.45789 20.354372 20.21443 20.188997} sdss_psfmag_from_gaiadr2 20.351582 20.364336 20.072945 -999.0 63050395808838498 1130401391 dark_flexible_3x1 bhm_gua_dark_d3 bhm_filler science 0 0 0.0 0.0 -999 ""
FIBERMAP 764 R-10C8 METROLOGY 0 0 0 1 0 0 -21.776639084769847 -210.19639686023427 143.1 189.14977843764154 -94.20489710556633 298.45993 90.14343 -999.0 -999.0 -999.0 -999.0 -999.0 23.676166758436548 -41.951610718678914 23.638529452988564 -41.80831610776663 60.01276774943857 235.66575251687794 -999.0 6231.0 -999.0 -1 -999 {-999.0 -999.0 -999.0 -999.0 -999.0} "" -999.0 -999.0 -999.0 -999.0 -999 -999 "" "" "" "" 0 0 0.0 0.0 -999 ""
FIBERMAP 767 R+3C3 APOGEE 0 0 0 1 0 0 -203.34914670274563 74.03428764244762 143.1 -140.72673482048123 -164.387256035633 96.75428 73.03725 -999.0 -999.0 -999.0 -999.0 -999.0 22.33092044373366 -42.16639550419041 22.296269327133984 -42.02190001322385 58.99188354972969 235.72922014668134 -999.0 16600.0 -999.0 2 36 {-999.0 -999.0 -999.0 -999.0 -999.0} "" -999.0 -999.0 -999.0 -999.0 -999 -999 "" ops_sky_apogee_best_unassigned ops_sky sky_apogee 0 0 0.0 0.0 -999 ""
FIBERMAP 767 R+3C3 BOSS 1 1 0 1 0 0 -202.63127133205745 73.90841055230027 143.1 -140.35677956522275 -163.75934750328426 96.75428 73.03725 22.332204558616287 -42.16455528709914 -0.13291055 -0.69869655 -0.6948981 22.332225749924362 -42.16457412274022 22.297742686382378 -42.020050288973955 58.99337698578023 235.73222064046678 5400.0 5400.0 2016.0 1 60 {-999.0 20.793648 20.672861 20.548326 20.504608} sdss_psfmag_from_gaiadr2 20.461979 20.667276 20.078035 -999.0 63050395808353196 1130389885 dark_flexible_3x1 bhm_gua_dark_d3 bhm_filler science 0 0 0.0 0.0 -999 ""
FIBERMAP 767 R+3C3 METROLOGY 0 0 0 1 0 0 -203.09184837068028 73.33337757725633 143.1 -139.9801472087486 -164.39250383778221 96.75428 73.03725 -999.0 -999.0 -999.0 -999.0 -999.0 22.333773530910204 -42.16651129096303 22.299235804388957 -42.02199677217843 58.99400486557495 235.7280458422188 -999.0 6231.0 -999.0 -1 -999 {-999.0 -999.0 -999.0 -999.0 -999.0} "" -999.0 -999.0 -999.0 -999.0 -999 -999 "" "" "" "" 0 0 0.0 0.0 -999 ""
FIBERMAP 768 R+6C11 APOGEE 0 0 0 1 0 0 -13.224808920768451 123.18556207506032 143.1 -119.97726872779822 30.87832113403418 166.20337 103.22247 -999.0 -999.0 -999.0 -999.0 -999.0 22.418422104130194 -41.57511624450236 22.384420326159955 -41.430829734269984 59.18858188609451 236.82182845288503 -999.0 16600.0 -999.0 2 -999 {-999.0 -999.0 -999.0 -999.0 -999.0} "" -999.0 -999.0 -999.0 -999.0 -999 -999 "" "" "" "" 0 0 0.0 0.0 -999 ""
FIBERMAP 768 R+6C11 BOSS 1 1 0 1 0 0 -13.203457945937625 123.96312091537767 143.1 -120.69776347052142 31.171372916318056 166.20337 103.22247 22.415065718010542 -41.57410568504689 40.797577 -31.22859 6.0273247 22.415261949610965 -41.57423007411117 22.38143591824752 -41.42991337866209 59.18659615492833 236.82452184806166 5400.0 5400.0 2016.0 1 142 {-999.0 19.654753 19.542358 19.532833 -999.0} sdss_psfmag_gaia 19.709236 19.518475 19.238184 -999.0 63050395809808285 1143601909 dark_1x3 mwm_wd_pwd_boss_1x3 mwm_wd science 0 0 0.0 0.0 -999 ""
FIBERMAP 768 R+6C11 METROLOGY 0 0 0 1 0 0 -12.576856166542559 123.55926709922667 143.1 -120.09960464387427 31.61620675184022 166.20337 103.22247 -999.0 -999.0 -999.0 -999.0 -999.0 22.41772407164484 -41.572876291830056 22.38384662863905 -41.42856984489025 59.1886518799348 236.82631758846964 -999.0 6231.0 -999.0 -1 -999 {-999.0 -999.0 -999.0 -999.0 -999.0} "" -999.0 -999.0 -999.0 -999.0 -999 -999 "" "" "" "" 0 0 0.0 0.0 -999 ""
FIBERMAP 769 R-5C12 APOGEE 0 0 0 1 0 0 22.434281935715372 -107.96477964201043 143.1 108.960914663907 -16.910703702660587 333.41293 98.25478 -999.0 -999.0 -999.0 -999.0 -999.0 23.34842618571537 -41.71950964977891 23.311864174036657 -41.57599682550603 59.83227507135202 236.233273702241 -999.0 16600.0 -999.0 2 161 {-999.0 -999.0 -999.0 -999.0 -999.0} "" -999.0 -999.0 -999.0 -999.0 -999 -999 "" ops_sky_apogee_best_unassigned ops_sky sky_apogee 0 0 0.0 0.0 -999 ""
FIBERMAP 769 R-5C12 BOSS 1 1 0 1 0 0 22.169954525337545 -108.66378877240831 143.1 109.52253884216469 -17.403658238654113 333.41293 98.25478 23.350621865538418 -41.721042386700674 0.33897132 -0.13386212 0.48303413 23.350635511754195 -41.72103308296309 23.314227445961706 -41.57749246913865 59.83364018452872 236.22955144529388 5400.0 5400.0 2016.0 1 390 {-999.0 20.782873 20.542921 20.329676 20.158497} sdss_psfmag_from_gaiadr2 20.612709 20.570276 19.827862 -999.0 63050395808838801 1130401401 dark_flexible_3x1 bhm_gua_dark_d3 bhm_filler science 0 0 0.0 0.0 -999 ""
FIBERMAP 769 R-5C12 METROLOGY 0 0 0 1 0 0 21.703375647992228 -108.09894869935543 143.1 108.82985253469619 -17.64213506687747 333.41293 98.25478 -999.0 -999.0 -999.0 -999.0 -999.0 23.347888654993923 -41.72176401535029 23.311440512485717 -41.5782291255083 59.83144045363446 236.22910582721647 -999.0 6231.0 -999.0 -1 -999 {-999.0 -999.0 -999.0 -999.0 -999.0} "" -999.0 -999.0 -999.0 -999.0 -999 -999 "" "" "" "" 0 0 0.0 0.0 -999 ""
FIBERMAP 770 R-13C4 APOGEE 0 0 0 1 0 0 -84.87458924705109 -262.87903101018804 143.1 216.31548186002183 -171.78162033713022 233.2361 122.49693 -999.0 -999.0 -999.0 -999.0 -999.0 23.78878843676894 -42.184688801278476 23.750378543990962 -42.041464448768586 60.034514137312684 235.1722030221997 -999.0 16600.0 -999.0 2 261 {-999.0 -999.0 -999.0 -999.0 -999.0} "" -999.0 -999.0 -999.0 -999.0 -999 -999 "" ops_sky_apogee_best_unassigned ops_sky sky_apogee 0 0 0.0 0.0 -999 ""
FIBERMAP 770 R-13C4 BOSS 1 1 0 1 0 0 -85.57418554488126 -262.79894487078667 143.1 215.99481779041207 -172.408495801639 233.2361 122.49693 23.78730112374486 -42.186641962254996 -999.0 -999.0 -999.0 23.78732813337282 -42.18661551129834 23.749079750993815 -42.04335769632792 60.03309643113486 235.1690344413399 5400.0 5400.0 2016.0 1 355 {-999.0 21.762266 21.815968 21.464397 21.352623} sdss_fiber2mag_from_lsdr10 1e+20 1e+20 1e+20 -999.0 63050398044949114 1131337759 dark_flexible_3x1 bhm_spiders_agn_lsdr10_d3 bhm_spiders science 0 0 0.0 0.0 -999 ""
FIBERMAP 770 R-13C4 METROLOGY 0 0 0 1 0 0 -85.21488786827925 -262.20171561688477 143.1 215.5618369535167 -171.86236784400643 233.2361 122.49693 -999.0 -999.0 -999.0 -999.0 -999.0 23.78565969472152 -42.18501539297617 23.747372538775494 -42.041765419476775 60.032279145939846 235.1727663205064 -999.0 6231.0 -999.0 -1 -999 {-999.0 -999.0 -999.0 -999.0 -999.0} "" -999.0 -999.0 -999.0 -999.0 -999 -999 "" "" "" "" 0 0 0.0 0.0 -999 ""
FIBERMAP 771 R-13C5 APOGEE 0 0 0 1 0 0 -34.76507984102812 -253.05320003690383 143.1 224.71338174969154 -121.41576159412868 62.49567 36.847115 -999.0 -999.0 -999.0 -999.0 -999.0 23.82122903827831 -42.03235618257643 23.782980677118132 -41.88919641069799 60.09670743448352 235.4549358369814 -999.0 16600.0 -999.0 2 262 {-999.0 -999.0 -999.0 -999.0 -999.0} "" -999.0 -999.0 -999.0 -999.0 -999 -999 "" ops_sky_apogee_best_unassigned ops_sky sky_apogee 0 0 0.0 0.0 -999 ""
FIBERMAP 771 R-13C5 BOSS 1 1 0 1 0 0 -34.6403327719708 -253.80328997589913 143.1 225.45946508986808 -121.56238198288989 62.49567 36.847115 23.824009594681872 -42.03276585651437 20.683933 -8.657331 0.47577837 23.8241072358428 -42.03280149803533 23.78601109943753 -41.88961309299135 60.09878494212076 235.45298388244558 5400.0 5400.0 2016.0 1 356 {-999.0 16.650156 16.279799 16.165474 -999.0} sdss_psfmag_gaia 16.592337 16.300474 15.835577 14.842 63050395808834744 977152265 "" ops_std_boss ops_std standard_boss 0 0 0.0 0.0 -999 ""
FIBERMAP 771 R-13C5 METROLOGY 0 0 0 1 0 0 -35.351821420318686 -253.5331634006603 143.1 224.95669852461188 -122.13365362122042 62.49567 36.847115 -999.0 -999.0 -999.0 -999.0 -999.0 23.822192094325025 -42.03456230563132 23.784052597690447 -41.89138057677515 60.09692770366108 235.45029241939397 -999.0 6231.0 -999.0 -1 -999 {-999.0 -999.0 -999.0 -999.0 -999.0} "" -999.0 -999.0 -999.0 -999.0 -999 -999 "" "" "" "" 0 0 0.0 0.0 -999 ""
FIBERMAP 773 R+3C12 APOGEE 1 1 0 1 0 0 2.4603115065890258 42.760459198212985 143.1 -39.17065207004025 17.32002516146698 8.508428 46.297657 22.746036863880125 -41.61680838549274 12.12889 -18.833166 3.2266362 22.746055189363222 -41.61684944233811 22.711166035307883 -41.472833140589906 59.418239125584115 236.6360130997995 16000.0 16600.0 2016.0 2 131 {-999.0 12.209813 11.843216 11.73649 -999.0} sdss_psfmag_from_g3xp 12.150515 11.859651 11.408043 10.663 63050395808839559 975149845 "" ops_std_apogee ops_std standard_apogee 0 0 0.0 0.0 -999 ""
FIBERMAP 773 R+3C12 BOSS 0 0 0 1 0 0 2.02307639726825 42.14528966545224 143.1 -38.74824451158795 16.69462771600219 8.508428 46.297657 -999.0 -999.0 -999.0 -999.0 -999.0 22.74757069866022 -41.61876718728229 22.71283967385466 -41.474723462618066 59.41903942470837 236.6318410548519 -999.0 5400.0 -999.0 1 119 {-999.0 -999.0 -999.0 -999.0 -999.0} "" -999.0 -999.0 -999.0 -999.0 -999 -999 "" "" "" "" 0 0 0.0 0.0 -999 ""
FIBERMAP 773 R+3C12 METROLOGY 0 0 0 1 0 0 1.7148058617740212 42.82144731463795 143.1 -39.4895579045058 16.643460064768213 8.508428 46.297657 -999.0 -999.0 -999.0 -999.0 -999.0 22.744601222493728 -41.61891180042625 22.70983076628852 -41.47487350403056 59.41680842229227 236.6325429640586 -999.0 6231.0 -999.0 -1 -999 {-999.0 -999.0 -999.0 -999.0 -999.0} "" -999.0 -999.0 -999.0 -999.0 -999 -999 "" "" "" "" 0 0 0.0 0.0 -999 ""
FIBERMAP 774 R-6C6 APOGEE 0 0 0 1 0 0 -113.2426929610894 -128.42631670661484 143.1 80.47129684270833 -151.1244927160214 255.77213 125.76409 -999.0 -999.0 -999.0 -999.0 -999.0 23.234952857074042 -42.12687261620493 23.198046290600303 -41.98316569413215 59.651889222055495 235.48952175839673 -999.0 16600.0 -999.0 2 -999 {-999.0 -999.0 -999.0 -999.0 -999.0} "" -999.0 -999.0 -999.0 -999.0 -999 -999 "" "" "" "" 0 0 0.0 0.0 -999 ""
FIBERMAP 774 R-6C6 BOSS 1 1 0 1 0 0 -113.96522065418576 -128.7056856224025 143.1 80.47912107442089 -151.8990706345413 255.77213 125.76409 23.234881464063236 -42.129298338701425 0.005875127 -0.4050286 0.24197035 23.234872829929103 -42.129302119197504 23.198126379315056 -41.985563747289106 59.6513581584377 235.48489189564296 5400.0 5400.0 2016.0 1 483 {-999.0 18.767654 18.752872 18.739412 18.735556} sdss_psfmag_from_lsdr10 18.83666 18.766115 18.503471 -999.0 63050395808837918 1058547809 dark_flexible_2x1 bhm_spiders_agn_lsdr10 bhm_spiders science 0 0 0.0 0.0 -999 ""
FIBERMAP 774 R-6C6 METROLOGY 0 0 0 1 0 0 -113.83348722530894 -127.96755712452267 143.1 79.83430708579172 -151.5165198973628 255.77213 125.76409 -999.0 -999.0 -999.0 -999.0 -999.0 23.232293049859205 -42.12816814956785 23.195508566249885 -41.98443650048987 59.64974860463937 235.48800010172263 -999.0 6231.0 -999.0 -1 -999 {-999.0 -999.0 -999.0 -999.0 -999.0} "" -999.0 -999.0 -999.0 -999.0 -999 -999 "" "" "" "" 0 0 0.0 0.0 -999 ""
FIBERMAP 775 R-7C2 APOGEE 0 0 0 1 0 0 -183.25805992967298 -128.2212199076794 143.1 55.69139201830454 -216.6046497311068 23.607096 137.37726 -999.0 -999.0 -999.0 -999.0 -999.0 23.134382622928914 -42.32493556527749 23.09742552215465 -42.181094624316174 59.530560861318435 235.1471464779911 -999.0 16600.0 -999.0 2 -999 {-999.0 -999.0 -999.0 -999.0 -999.0} "" -999.0 -999.0 -999.0 -999.0 -999 -999 "" "" "" "" 0 0 0.0 0.0 -999 ""
FIBERMAP 775 R-7C2 BOSS 1 1 0 1 0 0 -182.56859182533313 -128.4226807710079 143.1 56.12213688259051 -216.0298810075375 23.607096 137.37726 23.13599674376767 -42.32326115888272 -0.18567164 -0.037783608 -0.5815172 23.13598983906289 -42.323269399804786 23.099196010773312 -42.17939880923891 59.53225424203852 235.14974009818522 5400.0 5400.0 2016.0 1 455 {-999.0 19.330872 18.555752 18.133673 17.836626} sdss_fiber2mag_from_lsdr10 18.217443 19.415014 16.872562 14.854 63050395808837806 1058547807 dark_flexible_2x1 bhm_spiders_agn_lsdr10 bhm_spiders science 0 0 0.0 0.0 -999 ""
FIBERMAP 775 R-7C2 METROLOGY 0 0 0 1 0 0 -183.1059004155586 -128.95357617279944 143.1 56.43049878916362 -216.71937741999415 23.607096 137.37726 -999.0 -999.0 -999.0 -999.0 -999.0 23.13731789523572 -42.32536525317661 23.100470687125267 -42.18150425158487 59.53264396309257 235.14525440083062 -999.0 6231.0 -999.0 -1 -999 {-999.0 -999.0 -999.0 -999.0 -999.0} "" -999.0 -999.0 -999.0 -999.0 -999 -999 "" "" "" "" 0 0 0.0 0.0 -999 ""
FIBERMAP 777 R+4C22 APOGEE 0 0 0 1 0 0 242.30162320895104 66.92877782256868 143.1 22.42873735244468 250.35985524848647 31.606049 39.490917 -999.0 -999.0 -999.0 -999.0 -999.0 22.993936186205325 -40.91173756005822 22.959482026415174 -40.76809794879212 59.75260801761323 237.91594558243668 -999.0 16600.0 -999.0 2 -999 {-999.0 -999.0 -999.0 -999.0 -999.0} "" -999.0 -999.0 -999.0 -999.0 -999 -999 "" "" "" "" 0 0 0.0 0.0 -999 ""
FIBERMAP 777 R+4C22 BOSS 1 1 0 1 0 0 241.98141747857602 66.1577249725238 143.1 23.03818950998121 249.78928420410284 31.606049 39.490917 22.99563657869651 -40.91338552252033 20.912285 -19.044085 0.7903601 22.996223038198824 -40.913457950066174 22.96192216504005 -40.76979403159367 59.75406444724456 237.9118912935524 5400.0 5400.0 2016.0 1 246 {-999.0 14.7466135 14.131001 13.910526 -999.0} sdss_psfmag_from_g3xp 14.593559 14.164651 13.566299 12.375 63050395809809113 1136005350 dark_flexible_3x1 mwm_halo_local_high_boss_triple mwm_halo science 0 0 1.3505693674087524 0.0 -999 ""
FIBERMAP 777 R+4C22 METROLOGY 0 0 0 1 0 0 241.56874737250496 66.77914084468702 143.1 22.311465466163412 249.6211478869317 31.606049 39.490917 -999.0 -999.0 -999.0 -999.0 -999.0 22.993365918923327 -40.91391487100681 22.959025642872632 -40.77025569569408 59.75182275291634 237.91189729093006 -999.0 6231.0 -999.0 -1 -999 {-999.0 -999.0 -999.0 -999.0 -999.0} "" -999.0 -999.0 -999.0 -999.0 -999 -999 "" "" "" "" 0 0 0.0 0.0 -999 ""
FIBERMAP 778 R-4C7 APOGEE 0 0 0 1 0 0 -104.42916655952875 -70.74908236560609 143.1 29.56586276028828 -122.61779461569323 15.305106 140.35422 -999.0 -999.0 -999.0 -999.0 -999.0 23.026636802927822 -42.04132019853956 22.9903936883469 -41.89744997643592 59.52283398036704 235.72780292246728 -999.0 16600.0 -999.0 2 297 {-999.0 -999.0 -999.0 -999.0 -999.0} "" -999.0 -999.0 -999.0 -999.0 -999 -999 "" "" "" "" 0 0 0.0 0.0 -999 ""
FIBERMAP 778 R-4C7 BOSS 1 1 0 1 0 0 -103.81362029060392 -71.15925855348856 143.1 30.166058478041197 -122.1855318286352 15.305106 140.35422 23.028950621495177 -42.04008481822323 -999.0 -999.0 -999.0 23.028940919354888 -42.04009717114504 22.99285834932772 -41.89619900842539 59.52491488973462 235.72933066071994 5400.0 5400.0 2016.0 1 488 {-999.0 20.664726 19.676136 19.252752 18.914875} sdss_fiber2mag_from_lsdr10 19.006943 22.155678 18.01614 15.471 63050395808838148 1064984349 dark_flexible_2x2 bhm_colr_galaxies_lsdr10 bhm_filler science 0 0 0.0 0.0 -999 ""
FIBERMAP 778 R-4C7 METROLOGY 0 0 0 1 0 0 -104.46719896450166 -71.49909196324626 143.1 30.254706251022515 -122.91678975929759 15.305106 140.35422 -999.0 -999.0 -999.0 -999.0 -999.0 23.029360490916826 -42.04231570105286 22.99322682024473 -41.89842595755127 59.52464736846966 235.72493807269913 -999.0 6231.0 -999.0 -1 -999 {-999.0 -999.0 -999.0 -999.0 -999.0} "" -999.0 -999.0 -999.0 -999.0 -999 -999 "" "" "" "" 0 0 0.0 0.0 -999 ""
FIBERMAP 782 R-9C4 APOGEE 0 0 0 1 0 0 -144.2132218971361 -167.29836837123383 143.1 105.98923942590729 -193.771804571885 243.727 8.093646 -999.0 -999.0 -999.0 -999.0 -999.0 23.33985471355084 -42.25506935905809 23.30247967746044 -42.111425837155885 59.695186888226985 235.20533581466765 -999.0 16600.0 -999.0 2 -999 {-999.0 -999.0 -999.0 -999.0 -999.0} "" -999.0 -999.0 -999.0 -999.0 -999 -999 "" "" "" "" 0 0 0.0 0.0 -999 ""
FIBERMAP 782 R-9C4 BOSS 1 1 0 1 0 0 -144.00076866164983 -166.60393479030796 143.1 105.41368203722476 -193.32902428486452 243.727 8.093646 23.33738317642284 -42.25382227202923 -999.0 -999.0 -999.0 23.337360611843714 -42.25381903345935 23.30015743374389 -42.11014216694216 59.69384110317703 235.20865457722195 5400.0 5400.0 2016.0 1 466 {-999.0 24.13269 23.22865 22.323553 21.780933} sdss_fiber2mag_from_lsdr10 1e+20 1e+20 1e+20 -999.0 63050398760013870 1131337754 dark_flexible_3x1 bhm_spiders_agn_lsdr10_d3 bhm_spiders science 0 0 0.0 0.0 -999 ""
FIBERMAP 782 R-9C4 METROLOGY 0 0 0 1 0 0 -143.48254486320081 -167.1383393461301 143.1 106.09600954228424 -193.03150638630296 243.727 8.093646 -999.0 -999.0 -999.0 -999.0 -999.0 23.340213102208434 -42.2529246756805 23.302957673870196 -42.10925944971922 59.696073469552346 235.2093156939652 -999.0 6231.0 -999.0 -1 -999 {-999.0 -999.0 -999.0 -999.0 -999.0} "" -999.0 -999.0 -999.0 -999.0 -999 -999 "" "" "" "" 0 0 0.0 0.0 -999 ""
FIBERMAP 783 R+5C15 APOGEE 0 0 0 1 0 0 85.28651854583997 112.36485014540703 143.1 -75.25128466151514 119.30996696784598 92.80717 86.087105 -999.0 -999.0 -999.0 -999.0 -999.0 22.600795347176184 -41.30733715272838 22.566729586003532 -41.1632670620372 59.379760142575066 237.27594090333562 -999.0 16600.0 -999.0 2 -999 {-999.0 -999.0 -999.0 -999.0 -999.0} "" -999.0 -999.0 -999.0 -999.0 -999 -999 "" "" "" "" 0 0 0.0 0.0 -999 ""
FIBERMAP 783 R+5C15 BOSS 1 1 0 1 0 0 86.12184267507023 112.30794859430637 143.1 -74.90466258258319 120.07206011266406 92.80717 86.087105 22.60197569491123 -41.3049948016942 0.12192184 0.07172606 -0.7133494 22.601993799947127 -41.30500188637474 22.568093172211718 -41.160906435940525 59.381264248586994 237.28004241147883 5400.0 5400.0 2016.0 1 221 {-999.0 20.162218 20.208704 20.13442 20.048449} sdss_psfmag_from_lsdr10 20.2927 20.250633 19.741287 -999.0 63050395809808456 1131347761 dark_flexible_3x1 bhm_spiders_agn_lsdr10_d3 bhm_spiders science 0 0 0.0 0.0 -999 ""
FIBERMAP 783 R+5C15 METROLOGY 0 0 0 1 0 0 85.6643301132067 111.71928323457594 143.1 -74.5141906705224 119.43698550889236 92.80717 86.087105 -999.0 -999.0 -999.0 -999.0 -999.0 22.60359693463827 -41.30690593331819 22.569642829613144 -41.16281904008231 59.38199846966957 237.27588661349955 -999.0 6231.0 -999.0 -1 -999 {-999.0 -999.0 -999.0 -999.0 -999.0} "" -999.0 -999.0 -999.0 -999.0 -999 -999 "" "" "" "" 0 0 0.0 0.0 -999 ""
FIBERMAP 785 R+5C13 APOGEE 0 0 0 1 0 0 38.203346006951406 88.14034428627491 143.1 -69.10558043897088 66.72102577710429 267.56342 142.44804 -999.0 -999.0 -999.0 -999.0 -999.0 22.624993154834613 -41.46678677278848 22.59063153026733 -41.32270088336002 59.3630915808514 236.96272254411315 -999.0 16600.0 -999.0 2 150 {-999.0 -999.0 -999.0 -999.0 -999.0} "" -999.0 -999.0 -999.0 -999.0 -999 -999 "" ops_sky_apogee_best_unassigned ops_sky sky_apogee 0 0 0.0 0.0 -999 ""
FIBERMAP 785 R+5C13 BOSS 1 1 0 1 0 0 37.7362384877399 87.5476866990451 143.1 -68.71474032851047 66.07556587012931 267.56342 142.44804 22.6263427734375 -41.46872266866089 -999.0 -999.0 -999.0 22.626351445691693 -41.46873705605319 22.592148558014628 -41.32462431194441 59.36378607047948 236.95855272174057 5400.0 5400.0 2015.5 1 154 {-999.0 -999.0 -999.0 -999.0 -999.0} "" -999.0 -999.0 -999.0 -999.0 27021603161555943 814091281 "" ops_sky_boss_good ops_sky sky_boss 0 0 0.0 0.0 -999 ""
FIBERMAP 785 R+5C13 METROLOGY 0 0 0 1 0 0 37.46042783138133 88.24771978073983 143.1 -69.46700798851985 66.06317345296377 267.56342 142.44804 -999.0 -999.0 -999.0 -999.0 -999.0 22.623342955132607 -41.468757096767426 22.589100829153892 -41.324649588760735 59.36154640305516 236.95947951215226 -999.0 6231.0 -999.0 -1 -999 {-999.0 -999.0 -999.0 -999.0 -999.0} "" -999.0 -999.0 -999.0 -999.0 -999 -999 "" "" "" "" 0 0 0.0 0.0 -999 ""
FIBERMAP 788 R+7C6 APOGEE 0 0 0 1 0 0 -108.86176143116522 155.58113471418505 143.1 -183.89338881590356 -47.28555472169829 174.9346 36.85726 -999.0 -999.0 -999.0 -999.0 -999.0 22.15766818188487 -41.81096094320303 22.12398218915024 -41.66640143947638 58.94700167677114 236.4572298369789 -999.0 16600.0 -999.0 2 -999 {-999.0 -999.0 -999.0 -999.0 -999.0} "" -999.0 -999.0 -999.0 -999.0 -999 -999 "" "" "" "" 0 0 0.0 0.0 -999 ""
FIBERMAP 788 R+7C6 BOSS 1 1 0 1 0 0 -108.23264078250565 156.0143721890884 143.1 -184.0780756680639 -46.54439423344104 174.9346 36.85726 22.15667724609375 -41.80875098349907 -999.0 -999.0 -999.0 22.156693546401762 -41.80875311612008 22.123181829416694 -41.664165018526006 58.9469084601202 236.46171403044005 5400.0 5400.0 2015.5 1 69 {-999.0 -999.0 -999.0 -999.0 -999.0} "" -999.0 -999.0 -999.0 -999.0 27021603161215534 821816552 "" ops_sky_boss_good ops_sky sky_boss 0 0 0.0 0.0 -999 ""
FIBERMAP 788 R+7C6 METROLOGY 0 0 0 1 0 0 -108.19373616205453 155.24462252031134 143.1 -183.34373183370596 -46.77828904845733 174.9346 36.85726 -999.0 -999.0 -999.0 -999.0 -999.0 22.15967600941179 -41.80947892106562 22.12610786358499 -41.664901156888725 58.94887987661164 236.4593928447389 -999.0 6231.0 -999.0 -1 -999 {-999.0 -999.0 -999.0 -999.0 -999.0} "" -999.0 -999.0 -999.0 -999.0 -999 -999 "" "" "" "" 0 0 0.0 0.0 -999 ""
FIBERMAP 794 R-11C15 APOGEE 0 0 0 1 0 0 145.78323420686544 -199.8978695257337 143.1 238.35114109800654 66.29036083933066 93.77528 113.19122 -999.0 -999.0 -999.0 -999.0 -999.0 23.86759921648146 -41.46394793326314 23.830137820925643 -41.320961428882256 60.270044480700996 236.5456026907844 -999.0 16600.0 -999.0 2 -999 {-999.0 -999.0 -999.0 -999.0 -999.0} "" -999.0 -999.0 -999.0 -999.0 -999 -999 "" "" "" "" 0 0 0.0 0.0 -999 ""
FIBERMAP 794 R-11C15 BOSS 1 1 0 1 0 0 146.39171320589836 -199.5520690733878 143.1 238.2410686261683 66.9814895054778 93.77528 113.19122 23.867021313554247 -41.461883847467206 -999.0 -999.0 -999.0 23.86698540587913 -41.46188465567891 23.829687160881235 -41.318869045317655 60.27021173907838 236.54986347497697 5400.0 5400.0 2016.0 1 332 {-999.0 -999.0 -999.0 -999.0 -999.0} "" -999.0 -999.0 -999.0 -999.0 63050398760073508 1128045760 dark_flexible_3x1 bhm_csc_boss_d3 bhm_csc science 0 0 0.0 0.0 -999 ""
FIBERMAP 794 R-11C15 METROLOGY 0 0 0 1 0 0 146.4147976958174 -200.29865098266367 143.1 238.9481658604258 66.74091904243586 93.77528 113.19122 -999.0 -999.0 -999.0 -999.0 -999.0 23.869934823766904 -41.462569881665395 23.832583271712508 -41.31956502446088 60.272159822933176 236.54746011026492 -999.0 6231.0 -999.0 -1 -999 {-999.0 -999.0 -999.0 -999.0 -999.0} "" -999.0 -999.0 -999.0 -999.0 -999 -999 "" "" "" "" 0 0 0.0 0.0 -999 ""
FIBERMAP 797 R0C6 APOGEE 0 0 0 1 0 0 -189.42913359026267 -18.669549235553113 143.1 -49.04396917620043 -183.91016690316627 303.79343 36.12617 -999.0 -999.0 -999.0 -999.0 -999.0 22.70537269480475 -42.22680359095496 22.669668692873415 -42.08261262378096 59.24703034870001 235.48696058812303 -999.0 16600.0 -999.0 2 -999 {-999.0 -999.0 -999.0 -999.0 -999.0} "" -999.0 -999.0 -999.0 -999.0 -999 -999 "" "" "" "" 0 0 0.0 0.0 -999 ""
FIBERMAP 797 R0C6 BOSS 1 1 0 1 0 0 -190.22228369069774 -18.33054929268348 143.1 -49.63989645754402 -184.53370758375175 303.79343 36.12617 22.702729472415843 -42.22876531613256 -999.0 -999.0 -999.0 22.702745798724724 -42.22876933483835 22.66721244727495 -42.084545104251546 59.24479756671143 235.48414541976877 5400.0 5400.0 2016.0 1 451 {-999.0 21.553226 21.198185 21.119366 21.08556} sdss_psfmag_from_lsdr10 1e+20 1e+20 1e+20 -999.0 63050398044877605 1131337746 dark_flexible_3x1 bhm_spiders_agn_lsdr10_d3 bhm_spiders science 0 0 0.0 0.0 -999 ""
FIBERMAP 797 R0C6 METROLOGY 0 0 0 1 0 0 -189.59037910685402 -17.93913969277914 143.1 -49.7844441275461 -183.80462966918313 303.79343 36.12617 -999.0 -999.0 -999.0 -999.0 -999.0 22.702192852323847 -42.22658387096507 22.666616939351684 -42.08236833232396 59.24488982701412 235.48848526802323 -999.0 6231.0 -999.0 -1 -999 {-999.0 -999.0 -999.0 -999.0 -999.0} "" -999.0 -999.0 -999.0 -999.0 -999 -999 "" "" "" "" 0 0 0.0 0.0 -999 ""
FIBERMAP 798 R+9C9 APOGEE 0 0 0 1 0 0 -18.679538380359897 189.98478321862802 143.1 -184.43390418239235 49.229748925131815 143.98036 85.70851 -999.0 -999.0 -999.0 -999.0 -999.0 22.15844393130119 -41.51844975080511 22.125179954236216 -41.373957664614416 59.01080260715307 237.01102764890618 -999.0 16600.0 -999.0 2 135 {-999.0 -999.0 -999.0 -999.0 -999.0} "" -999.0 -999.0 -999.0 -999.0 -999 -999 "" ops_sky_apogee_best_unassigned ops_sky sky_apogee 0 0 0.0 0.0 -999 ""
FIBERMAP 798 R+9C9 BOSS 1 1 0 1 0 0 -18.218577958909137 190.55022577148517 143.1 -184.80142282989746 49.859896254638045 143.98036 85.70851 22.156325740684977 -41.51646166407965 17.027666 -23.08738 0.54034525 22.15674040992537 -41.51654508131539 22.12365118875954 -41.37202483410872 59.01008923693617 237.01516732426268 5400.0 5400.0 2016.0 1 130 {-999.0 16.098282 15.690131 15.560542 -999.0} sdss_psfmag_gaia 16.031897 15.715456 15.2344675 14.392 63050395809334368 1136526668 dark_flexible_3x1 mwm_halo_local_high_boss_triple mwm_halo science 0 0 0.8773032426834106 0.0 -999 ""
FIBERMAP 798 R+9C9 METROLOGY 0 0 0 1 0 0 -17.918365210218248 189.8846815891664 143.1 -184.07287606048328 49.90724698893733 143.98036 85.70851 -999.0 -999.0 -999.0 -999.0 -999.0 22.159693384576464 -41.516400896857476 22.126549389371633 -41.37189084585516 59.01224342888827 237.01453009380452 -999.0 6231.0 -999.0 -1 -999 {-999.0 -999.0 -999.0 -999.0 -999.0} "" -999.0 -999.0 -999.0 -999.0 -999 -999 "" "" "" "" 0 0 0.0 0.0 -999 ""
FIBERMAP 801 R+7C20 APOGEE 0 0 0 1 0 0 225.82493633468061 129.9162448377839 143.1 -42.32980020718181 257.05332334963555 343.97354 109.06276 -999.0 -999.0 -999.0 -999.0 -999.0 22.734699972108803 -40.891833933091725 22.70091285025427 -40.74797396221062 59.56502630002214 238.03437461128607 -999.0 16600.0 -999.0 2 89 {-999.0 -999.0 -999.0 -999.0 -999.0} "" -999.0 -999.0 -999.0 -999.0 -999 -999 "" ops_sky_apogee_best_unassigned ops_sky sky_apogee 0 0 0.0 0.0 -999 ""
FIBERMAP 801 R+7C20 BOSS 1 1 0 1 0 0 225.86722314353636 129.18505538979795 143.1 -41.63037079075162 256.8361366380585 343.97354 109.06276 22.73730304887623 -40.89249332757216 -999.0 -999.0 -999.0 22.737332186749356 -40.89250440247897 22.703700395574742 -40.74862102795554 59.566963217463204 238.0322790769965 5400.0 5400.0 2016.0 1 263 {-999.0 21.32066 20.914297 20.87249 20.892155} sdss_psfmag_from_lsdr10 21.003807 20.83067 19.987322 -999.0 63050395809809291 1131350149 dark_flexible_3x1 bhm_spiders_agn_lsdr10_d3 bhm_spiders science 0 0 0.0 0.0 -999 ""
FIBERMAP 801 R+7C20 METROLOGY 0 0 0 1 0 0 225.20635256031238 129.5120335261012 143.1 -42.168588900454296 256.3322214149024 343.97354 109.06276 -999.0 -999.0 -999.0 -999.0 -999.0 22.735210468699805 -40.893963160681324 22.70153563635472 -40.750084852854265 59.565060663596206 238.03010522027105 -999.0 6231.0 -999.0 -1 -999 {-999.0 -999.0 -999.0 -999.0 -999.0} "" -999.0 -999.0 -999.0 -999.0 -999 -999 "" "" "" "" 0 0 0.0 0.0 -999 ""
FIBERMAP 803 R-5C19 APOGEE 0 0 0 1 0 0 162.29711030767487 -89.33495282909115 143.1 140.635460111037 120.57885126728603 94.19818 144.84889 -999.0 -999.0 -999.0 -999.0 -999.0 23.47217981415896 -41.30204319588181 23.43595336501096 -41.15873671431763 60.01925541524789 237.0004996591177 -999.0 16600.0 -999.0 2 -999 {-999.0 -999.0 -999.0 -999.0 -999.0} "" -999.0 -999.0 -999.0 -999.0 -999 -999 "" "" "" "" 0 0 0.0 0.0 -999 ""
FIBERMAP 803 R-5C19 BOSS 1 1 0 1 0 0 162.6634774860638 -88.69540795783759 143.1 140.16534375503193 121.14645840508435 94.19818 144.84889 23.470033129970574 -41.30036281692207 33.132607 13.751923 1.0820018 23.470165821497307 -41.30032180338288 23.434107046274676 -41.15698597323024 60.0182968876731 237.0045410989428 5400.0 5400.0 2016.0 1 313 {-999.0 18.181684 17.042418 16.565374 -999.0} sdss_psfmag_gaia 17.783754 17.039045 16.201035 14.489 63050395808841847 1136829869 dark_flexible_3x1 mwm_halo_local_high_boss_triple mwm_halo science 0 0 0.0 0.0 -999 ""
FIBERMAP 803 R-5C19 METROLOGY 0 0 0 1 0 0 163.0451061510318 -89.33561246294553 143.1 140.89875765314736 121.27893388072945 94.19818 144.84889 -999.0 -999.0 -999.0 -999.0 -999.0 23.473182968166853 -41.29988438474027 23.437072019659354 -41.15655927195884 60.0205679329507 237.00436354723374 -999.0 6231.0 -999.0 -1 -999 {-999.0 -999.0 -999.0 -999.0 -999.0} "" -999.0 -999.0 -999.0 -999.0 -999 -999 "" "" "" "" 0 0 0.0 0.0 -999 ""
FIBERMAP 810 R+10C16 APOGEE 0 0 0 1 0 0 135.9670105362685 191.65590195520844 143.1 -131.68997397902353 194.6050932257596 246.74438 40.350327 -999.0 -999.0 -999.0 -999.0 -999.0 22.375466758628843 -41.07952489683516 22.34229411365476 -40.93531536982802 59.261418742142254 237.7817492612359 -999.0 16600.0 -999.0 2 -999 {-999.0 -999.0 -999.0 -999.0 -999.0} "" -999.0 -999.0 -999.0 -999.0 -999 -999 "" "" "" "" 0 0 0.0 0.0 -999 ""
FIBERMAP 810 R+10C16 BOSS 1 1 0 1 0 0 135.73364787728752 192.3653977140419 143.1 -132.43619429210017 194.63576601262267 246.74438 40.350327 22.372283935546875 -41.079416981992495 -999.0 -999.0 -999.0 22.3722877535395 -41.07942774862118 22.339288415979354 -40.93518977581999 59.25922041057003 237.78288834286076 5400.0 5400.0 2015.5 1 185 {-999.0 -999.0 -999.0 -999.0 -999.0} "" -999.0 -999.0 -999.0 -999.0 27021603161556707 814091467 "" ops_sky_boss_good ops_sky sky_boss 0 0 0.0 0.0 -999 ""
FIBERMAP 810 R+10C16 METROLOGY 0 0 0 1 0 0 136.46261608531384 192.21614597039428 143.1 -132.0404588544558 195.26585158811335 246.74438 40.350327 -999.0 -999.0 -999.0 -999.0 -999.0 22.373912736358907 -41.07749181248664 22.340865315605924 -40.93326296560997 59.260776701738834 237.7861088177489 -999.0 6231.0 -999.0 -1 -999 {-999.0 -999.0 -999.0 -999.0 -999.0} "" -999.0 -999.0 -999.0 -999.0 -999 -999 "" "" "" "" 0 0 0.0 0.0 -999 ""
FIBERMAP 811 R-13C1 APOGEE 0 0 0 1 0 0 -140.68702426549325 -242.07292075175943 143.1 177.23555372867344 -216.72959220174107 49.30207 131.20213 -999.0 -999.0 -999.0 -999.0 -999.0 23.630995616795335 -42.32174767189886 23.592769460724583 -42.178349083641024 59.886341412477 234.96796281558187 -999.0 16600.0 -999.0 2 154 {-999.0 -999.0 -999.0 -999.0 -999.0} "" -999.0 -999.0 -999.0 -999.0 -999 -999 "" ops_sky_apogee_best_unassigned ops_sky sky_apogee 0 0 0.0 0.0 -999 ""
FIBERMAP 811 R-13C1 BOSS 1 1 0 1 0 0 -139.9443195860675 -242.06648670711874 143.1 177.49035164208217 -216.03197231642645 49.30207 131.20213 23.631866099500648 -42.31965197600098 -999.0 -999.0 -999.0 23.63183974075809 -42.31965666351563 23.593776874813045 -42.176227297867285 59.88760925149388 234.9716660378162 5400.0 5400.0 2015.5 1 435 {-999.0 -999.0 -999.0 -999.0 -999.0} "" -999.0 -999.0 -999.0 -999.0 27021603160867714 813986256 "" ops_sky_boss_good ops_sky sky_boss 0 0 0.0 0.0 -999 ""
FIBERMAP 811 R-13C1 METROLOGY 0 0 0 1 0 0 -140.3022078966603 -242.71108328003558 143.1 177.96817526999996 -216.59341512682536 49.30207 131.20213 -999.0 -999.0 -999.0 -999.0 -999.0 23.63389141394682 -42.321357158825485 23.595774633304984 -42.17793831691355 59.88859908571126 234.967610521775 -999.0 6231.0 -999.0 -1 -999 {-999.0 -999.0 -999.0 -999.0 -999.0} "" -999.0 -999.0 -999.0 -999.0 -999 -999 "" "" "" "" 0 0 0.0 0.0 -999 ""
FIBERMAP 812 R-8C7 APOGEE 0 0 0 1 0 0 -68.56651114810482 -140.97820606084665 143.1 107.9123646546384 -113.70418107604054 104.510475 107.323975 -999.0 -999.0 -999.0 -999.0 -999.0 23.346302606528685 -42.01304369171413 23.3092898225986 -41.86946151502076 59.75997278195726 235.6679024501184 -999.0 16600.0 -999.0 2 -999 {-999.0 -999.0 -999.0 -999.0 -999.0} "" -999.0 -999.0 -999.0 -999.0 -999 -999 "" "" "" "" 0 0 0.0 0.0 -999 ""
FIBERMAP 812 R-8C7 BOSS 1 1 0 1 0 0 -67.82226820377056 -140.56991249776883 143.1 107.79146010465598 -112.86399661516239 104.510475 107.323975 23.345687912162614 -42.010569213384315 -999.0 -999.0 -999.0 23.34569180644623 -42.010580303760925 23.30884715622858 -41.86696765048698 59.760261860081144 235.67286429580872 5400.0 5400.0 2016.0 1 373 {-999.0 21.315706 21.194382 20.856247 20.546965} sdss_psfmag_from_lsdr10 21.635437 21.352333 21.633284 -999.0 63050395808838419 1131340243 dark_flexible_3x1 bhm_spiders_agn_lsdr10_d3 bhm_spiders science 0 0 0.0 0.0 -999 ""
FIBERMAP 812 R-8C7 METROLOGY 0 0 0 1 0 0 -67.90025592188296 -141.3182092819022 143.1 108.4646685249891 -113.19979858613549 104.510475 107.323975 -999.0 -999.0 -999.0 -999.0 -999.0 23.34850615898118 -42.01158581561914 23.311606662833356 -41.86798406898046 59.762006570430486 235.66991101738415 -999.0 6231.0 -999.0 -1 -999 {-999.0 -999.0 -999.0 -999.0 -999.0} "" -999.0 -999.0 -999.0 -999.0 -999 -999 "" "" "" "" 0 0 0.0 0.0 -999 ""
FIBERMAP 813 R+1C24 APOGEE 0 0 0 1 0 0 239.164152154274 4.5065556203892125 143.1 79.76999416424273 225.5010508241624 299.82877 100.14848 -999.0 -999.0 -999.0 -999.0 -999.0 23.224126736526227 -40.986107173187776 23.18899501024788 -40.84265274965377 59.90679531233285 237.69829115019598 -999.0 16600.0 -999.0 2 112 {-999.0 -999.0 -999.0 -999.0 -999.0} "" -999.0 -999.0 -999.0 -999.0 -999 -999 "" ops_sky_apogee_best_unassigned ops_sky sky_apogee 0 0 0.0 0.0 -999 ""
FIBERMAP 813 R+1C24 BOSS 1 1 0 1 0 0 238.59655896522088 3.9967007480226915 143.1 80.0480214905211 224.79058930706324 299.82877 100.14848 23.22509765625 -40.988241793380894 -999.0 -999.0 -999.0 23.22511231946051 -40.98824198039124 23.190135403905344 -40.844761470248066 59.90718905806183 237.69381555487212 5400.0 5400.0 2015.5 1 191 {-999.0 -999.0 -999.0 -999.0 -999.0} "" -999.0 -999.0 -999.0 -999.0 27021603161557365 814091688 "" ops_sky_boss_good ops_sky sky_boss 0 0 0.0 0.0 -999 ""
FIBERMAP 813 R+1C24 METROLOGY 0 0 0 1 0 0 238.45438568752456 4.744220662647333 143.1 79.29822463904502 224.9199917975453 299.82877 100.14848 -999.0 -999.0 -999.0 -999.0 -999.0 23.222166846595513 -40.98781360126143 23.18715236316018 -40.844338090448645 59.905074401920075 237.69559919673435 -999.0 6231.0 -999.0 -1 -999 {-999.0 -999.0 -999.0 -999.0 -999.0} "" -999.0 -999.0 -999.0 -999.0 -999 -999 "" "" "" "" 0 0 0.0 0.0 -999 ""
FIBERMAP 815 R-12C7 APOGEE 0 0 0 1 0 0 -19.06033954932899 -219.24367367259958 143.1 198.5742351339734 -94.8389580877729 83.30385 109.878876 -999.0 -999.0 -999.0 -999.0 -999.0 23.71441837471342 -41.95311616258384 23.676566693983887 -41.80987775612809 60.039844589715436 235.6486380954239 -999.0 16600.0 -999.0 2 -999 {-999.0 -999.0 -999.0 -999.0 -999.0} "" -999.0 -999.0 -999.0 -999.0 -999 -999 "" "" "" "" 0 0 0.0 0.0 -999 ""
FIBERMAP 815 R-12C7 BOSS 1 1 0 1 0 0 -18.38740721359084 -219.0662638514782 143.1 198.64445371809776 -94.14661985985866 83.30385 109.878876 23.71457861558235 -41.951030116441046 -999.0 -999.0 -999.0 23.714572080474067 -41.95106818510048 23.67688384178581 -41.8077996809377 60.04059004597471 235.6525510877252 5400.0 5400.0 2015.5 1 366 {-999.0 -999.0 -999.0 -999.0 -999.0} "" -999.0 -999.0 -999.0 -999.0 27021603160871558 821783019 "" ops_sky_boss_good ops_sky sky_boss 0 0 0.0 0.0 -999 ""
FIBERMAP 815 R-12C7 METROLOGY 0 0 0 1 0 0 -18.54200080691714 -219.7829539011552 143.1 199.2611678740228 -94.54304480321919 83.30385 109.878876 -999.0 -999.0 -999.0 -999.0 -999.0 23.717171610466245 -41.95224893446523 23.679429408107183 -41.80899120758985 60.04213176092004 235.64929554568607 -999.0 6231.0 -999.0 -1 -999 {-999.0 -999.0 -999.0 -999.0 -999.0} "" -999.0 -999.0 -999.0 -999.0 -999 -999 "" "" "" "" 0 0 0.0 0.0 -999 ""
FIBERMAP 817 R+10C12 APOGEE 0 0 0 1 0 0 85.2478982324643 200.14215766105698 143.1 -157.44672159144915 150.0992998547575 59.856358 67.53993 -999.0 -999.0 -999.0 -999.0 -999.0 22.270624173372493 -41.21360886793309 22.23751880179765 -41.069280345560024 59.15675866277948 237.55692631391628 -999.0 16600.0 -999.0 2 -999 {-999.0 -999.0 -999.0 -999.0 -999.0} "" -999.0 -999.0 -999.0 -999.0 -999 -999 "" "" "" "" 0 0 0.0 0.0 -999 ""
FIBERMAP 817 R+10C12 BOSS 1 1 0 1 0 0 85.70897184164625 199.47923548175413 143.1 -156.66413882947097 150.29817803876057 59.856358 67.53993 22.273605906880846 -41.21300284514355 -999.0 -999.0 -999.0 22.27356307613324 -41.21301061167369 22.24061743032661 -41.06865852885464 59.15917255819896 237.55718214465938 5400.0 5400.0 2016.0 1 147 {-999.0 21.773159 21.303509 21.170092 21.087002} sdss_psfmag_from_lsdr10 1e+20 1e+20 1e+20 -999.0 63050396614229468 1131347755 dark_flexible_3x1 bhm_spiders_agn_lsdr10_d3 bhm_spiders science 0 0 0.0 0.0 -999 ""
FIBERMAP 817 R+10C12 METROLOGY 0 0 0 1 0 0 84.9751118802534 199.44567663271266 143.1 -156.89043495676063 149.59931341354724 59.856358 67.53993 -999.0 -999.0 -999.0 -999.0 -999.0 22.27264492751546 -41.215089025107076 22.239651484818978 -41.07074310638338 59.15803351409535 237.55349228018224 -999.0 6231.0 -999.0 -1 -999 {-999.0 -999.0 -999.0 -999.0 -999.0} "" -999.0 -999.0 -999.0 -999.0 -999 -999 "" "" "" "" 0 0 0.0 0.0 -999 ""
FIBERMAP 822 R+8C14 APOGEE 0 0 0 1 0 0 73.33174523327605 155.76942574200584 143.1 -120.08725934069187 123.36000792363083 200.62982 92.52132 -999.0 -999.0 -999.0 -999.0 -999.0 22.420065516800655 -41.29480331160349 22.38646943188479 -41.15058228743813 59.249756345339165 237.3562523400393 -999.0 16600.0 -999.0 2 -999 {-999.0 -999.0 -999.0 -999.0 -999.0} "" -999.0 -999.0 -999.0 -999.0 -999 -999 "" "" "" "" 0 0 0.0 0.0 -999 ""
FIBERMAP 822 R+8C14 BOSS 1 1 0 1 0 0 73.02752774630049 156.40931885408648 143.1 -120.79319656486928 123.29989963532378 200.62982 92.52132 22.417006409632915 -41.29495000555353 -999.0 -999.0 -999.0 22.41699452864976 -41.29496025823352 22.383571543075277 -41.15070994320537 59.24759579349207 237.3569000726912 5400.0 5400.0 2016.0 1 168 {-999.0 23.33878 22.05841 21.160116 20.620533} sdss_fiber2mag_from_lsdr10 1e+20 1e+20 1e+20 -999.0 63050397329922709 1131347756 dark_flexible_3x1 bhm_spiders_agn_lsdr10_d3 bhm_spiders science 0 0 0.0 0.0 -999 ""
FIBERMAP 822 R+8C14 METROLOGY 0 0 0 1 0 0 73.77898070741035 156.36899112415526 143.1 -120.49154553557044 123.98928841272756 200.62982 92.52132 -999.0 -999.0 -999.0 -999.0 -999.0 22.418254494157527 -41.292853065794006 22.384784475870674 -41.148611857784324 59.24892735870853 237.36053954558724 -999.0 6231.0 -999.0 -1 -999 {-999.0 -999.0 -999.0 -999.0 -999.0} "" -999.0 -999.0 -999.0 -999.0 -999 -999 "" "" "" "" 0 0 0.0 0.0 -999 ""
FIBERMAP 823 R-1C16 APOGEE 1 1 0 1 0 0 66.14782993807964 -23.267032925642116 143.1 45.01354444327923 53.76030614353492 319.84106 135.39452 23.08756074067809 -41.50591352475518 -0.4441335 5.128991 4.6573834 23.087534633663676 -41.505882181510145 23.05195511150032 -41.36218812212802 59.692111452761026 236.73562163363147 16000.0 16600.0 2016.0 2 219 {-999.0 8.278419 8.151902 8.138406 -999.0} sdss_psfmag_from_g3xp 8.313212 8.139136 7.821155 7.386 63050395808839981 975149853 "" ops_std_apogee ops_std standard_apogee 0 0 0.0 0.0 -999 ""
FIBERMAP 823 R-1C16 BOSS 0 0 0 1 0 0 66.23156913865199 -23.996813284716936 143.1 45.72621177741364 53.58242425004359 319.84106 135.39452 -999.0 -999.0 -999.0 -999.0 -999.0 23.090300069582412 -41.50641141408096 23.054875461645224 -41.36269138345566 59.69413323682681 236.73367006170264 -999.0 5400.0 -999.0 1 316 {-999.0 -999.0 -999.0 -999.0 -999.0} "" -999.0 -999.0 -999.0 -999.0 -999 -999 "" "" "" "" 0 0 0.0 0.0 -999 ""
FIBERMAP 823 R-1C16 METROLOGY 0 0 0 1 0 0 65.54818248984905 -23.702589570954764 143.1 45.210752978846514 53.04592562099343 319.84106 135.39452 -999.0 -999.0 -999.0 -999.0 -999.0 23.08826933989174 -41.50803210408129 23.05280127569813 -41.36431793062689 59.69224959694375 236.73122611230883 -999.0 6231.0 -999.0 -1 -999 {-999.0 -999.0 -999.0 -999.0 -999.0} "" -999.0 -999.0 -999.0 -999.0 -999 -999 "" "" "" "" 0 0 0.0 0.0 -999 ""
FIBERMAP 826 R+6C9 APOGEE 0 0 0 1 0 0 -31.949870852978677 127.65240418278026 143.1 -130.73520511723254 14.915561245030077 70.11771 83.8482 -999.0 -999.0 -999.0 -999.0 -999.0 22.374518609013098 -41.623404727455814 22.340556798463695 -41.47907006251988 59.14601659468195 236.7438805916257 -999.0 16600.0 -999.0 2 -999 {-999.0 -999.0 -999.0 -999.0 -999.0} "" -999.0 -999.0 -999.0 -999.0 -999 -999 "" "" "" "" 0 0 0.0 0.0 -999 ""
FIBERMAP 826 R+6C9 BOSS 1 1 0 1 0 0 -31.290192600527405 127.33447435411352 143.1 -130.20587724448157 15.421537713352095 70.11771 83.8482 22.37641709859376 -41.62187912397713 -999.0 -999.0 -999.0 22.376421108190566 -41.62189732987157 22.34262353390659 -41.477536769454936 59.14786138122191 236.74614228649233 5400.0 5400.0 2016.0 1 135 {-999.0 19.854156 19.088442 18.622059 18.26516} sdss_fiber2mag_from_lsdr10 18.575256 20.760502 17.135506 14.984 63050395809808273 1058556353 dark_flexible_2x1 bhm_spiders_agn_lsdr10 bhm_spiders science 0 0 0.0 0.0 -999 ""
FIBERMAP 826 R+6C9 METROLOGY 0 0 0 1 0 0 -31.889388728402118 126.90685731678 143.1 -130.01594370642087 14.710367959944088 70.11771 83.8482 -999.0 -999.0 -999.0 -999.0 -999.0 22.377204382185386 -41.624048524761484 22.34335440009312 -41.479696019006695 59.14792622447053 236.74180034101514 -999.0 6231.0 -999.0 -1 -999 {-999.0 -999.0 -999.0 -999.0 -999.0} "" -999.0 -999.0 -999.0 -999.0 -999 -999 "" "" "" "" 0 0 0.0 0.0 -999 ""
FIBERMAP 829 R-13C9 APOGEE 1 1 0 1 0 0 28.070048281003707 -270.1386848977951 143.1 262.7760765434878 -68.58616055407764 293.54245 70.41232 23.97277791817329 -41.871015606910454 4.8228073 4.979772 0.3881298 23.972808600949048 -41.87097376024727 23.934435890962334 -41.72798959274463 60.246523453965 235.71151132510613 16000.0 16600.0 2016.0 2 157 {-999.0 14.133853 13.322807 13.021875 -999.0} sdss_psfmag_from_g3xp 13.896009 13.358055 12.670227 11.207 63050395808836648 1104485947 bright_flexible_3x1 mwm_tess_rgb_apogee mwm_tessrgb science 0 0 0.0 0.0 -999 ""
FIBERMAP 829 R-13C9 BOSS 0 0 0 1 0 0 27.32742276658888 -270.1691738292095 143.1 262.5438279202976 -69.29215387661912 293.54245 70.41232 -999.0 -999.0 -999.0 -999.0 -999.0 23.97173580398874 -41.87314713577228 23.933521284438086 -41.7301307730378 60.24532614348588 235.7076791152959 -999.0 5400.0 -999.0 1 438 {-999.0 -999.0 -999.0 -999.0 -999.0} "" -999.0 -999.0 -999.0 -999.0 -999 -999 "" "" "" "" 0 0 0.0 0.0 -999 ""
FIBERMAP 829 R-13C9 METROLOGY 0 0 0 1 0 0 27.654751909769896 -269.50406913421324 143.1 262.03607175816114 -68.75212020679848 293.54245 70.41232 -999.0 -999.0 -999.0 -999.0 -999.0 23.969779581055036 -41.871542973115865 23.931527514172103 -41.728533896776234 60.24428576028882 235.71154526067318 -999.0 6231.0 -999.0 -1 -999 {-999.0 -999.0 -999.0 -999.0 -999.0} "" -999.0 -999.0 -999.0 -999.0 -999 -999 "" "" "" "" 0 0 0.0 0.0 -999 ""
FIBERMAP 833 R0C10 APOGEE 0 0 0 1 0 0 -99.46855464210071 3.5125243879537433 143.1 -38.21982013653532 -91.89433116381934 136.623 139.35822 -999.0 -999.0 -999.0 -999.0 -999.0 22.74969155606714 -41.94839090710847 22.714295253856733 -41.80430179939774 59.34497892383494 236.00127895154822 -999.0 16600.0 -999.0 2 -999 {-999.0 -999.0 -999.0 -999.0 -999.0} "" -999.0 -999.0 -999.0 -999.0 -999 -999 "" "" "" "" 0 0 0.0 0.0 -999 ""
FIBERMAP 833 R0C10 BOSS 1 1 0 1 0 0 -99.55112077482491 4.23889739007358 143.1 -38.928885362303376 -91.71654757065212 136.623 139.35822 22.746517025540875 -41.94791196933275 17.260386 -3.5907488 3.4473987 22.746602704054215 -41.9479304424404 22.711380753388426 -41.80380923994209 59.34298043662526 236.00320919826385 5400.0 5400.0 2016.0 1 448 {-999.0 22.16245 20.209871 18.623539 -999.0} sdss_psfmag_gaia 21.008097 19.35141 18.101656 15.75 63050395808839092 1124946244 dark_1x1 openfibertargets_mwm_snc_further_ext_boss open_fiber science 0 0 0.0 0.0 -999 ""
FIBERMAP 833 R0C10 METROLOGY 0 0 0 1 0 0 -98.86118710060244 3.9491052926328574 143.1 -38.41527650952397 -91.17236297367153 136.623 139.35822 -999.0 -999.0 -999.0 -999.0 -999.0 22.748741739338655 -41.94628199876282 22.71346983390231 -41.80217138963132 59.344875814200634 236.00562337823976 -999.0 6231.0 -999.0 -1 -999 {-999.0 -999.0 -999.0 -999.0 -999.0} "" -999.0 -999.0 -999.0 -999.0 -999 -999 "" "" "" "" 0 0 0.0 0.0 -999 ""
FIBERMAP 834 R+2C24 APOGEE 0 0 0 1 0 0 232.5226090191858 27.324107933535963 143.1 56.07459833346154 227.29590876669926 253.66628 76.25725 -999.0 -999.0 -999.0 -999.0 -999.0 23.12911080008156 -40.98088477152948 23.094220761680276 -40.837347770494546 59.83785214807523 237.7389230666053 -999.0 16600.0 -999.0 2 -999 {-999.0 -999.0 -999.0 -999.0 -999.0} "" -999.0 -999.0 -999.0 -999.0 -999 -999 "" "" "" "" 0 0 0.0 0.0 -999 ""
FIBERMAP 834 R+2C24 BOSS 1 1 0 1 0 0 231.86525595482155 27.722334901903047 143.1 55.47090848080968 226.82030788374536 253.66628 76.25725 23.126466938606878 -40.982280002051844 14.360749 -9.239042 1.6187673 23.126549481373832 -40.98231403451985 23.091824567863796 -40.83874812524977 59.835784311905215 237.736961408182 5400.0 5400.0 2016.0 1 193 {-999.0 18.720123 17.191912 16.416965 -999.0} sdss_psfmag_gaia 18.012875 17.022923 15.954335 13.94 63050395809809041 1095188746 bright_1x1 mwm_bin_vis_boss mwm_filler science 0 0 0.0 0.0 -999 ""
FIBERMAP 834 R+2C24 METROLOGY 0 0 0 1 0 0 232.50613498641044 28.07192263186718 143.1 55.36866834478258 227.54310122696234 253.66628 76.25725 -999.0 -999.0 -999.0 -999.0 -999.0 23.12618199969248 -40.98009568881296 23.09141570195584 -40.83653743312909 59.83594901974263 237.7413917328265 -999.0 6231.0 -999.0 -1 -999 {-999.0 -999.0 -999.0 -999.0 -999.0} "" -999.0 -999.0 -999.0 -999.0 -999 -999 "" "" "" "" 0 0 0.0 0.0 -999 ""
FIBERMAP 836 R+9C2 APOGEE 0 0 0 1 0 0 -187.6436783948805 174.29883622693345 143.1 -229.0844205618486 -114.47220488634628 229.835 59.682304 -999.0 -999.0 -999.0 -999.0 -999.0 21.97287917035393 -42.01280543468811 21.939372241585374 -41.868046543005725 58.768234654489106 236.1356301031086 -999.0 16600.0 -999.0 2 -999 {-999.0 -999.0 -999.0 -999.0 -999.0} "" -999.0 -999.0 -999.0 -999.0 -999 -999 "" "" "" "" 0 0 0.0 0.0 -999 ""
FIBERMAP 836 R+9C2 BOSS 1 1 0 1 0 0 -187.88119240297453 174.98887006252872 143.1 -229.8138774312172 -114.45225342397448 229.835 59.682304 21.9692483896438 -42.0127383802512 3.2115858 -4.3887863 0.07446053 21.969744927431964 -42.01275048642657 21.936416340154835 -41.86796019306723 58.766107403874656 236.13673395450024 5400.0 5400.0 2016.0 1 19 {-999.0 15.010632 14.361797 14.096828 -999.0} sdss_psfmag_from_g3xp 14.841439 14.381008 13.749685 12.458 63050395809333821 1061861613 dark_flexible_2x1 manual_mwm_halo_mp_wise_boss mwm_halo science 0 0 1.2917245626449585 0.0 -999 ""
FIBERMAP 836 R+9C2 METROLOGY 0 0 0 1 0 0 -187.15224272614645 174.86274153839275 143.1 -229.43979771310535 -113.81406482397976 229.835 59.682304 -999.0 -999.0 -999.0 -999.0 -999.0 21.9712676383513 -42.01084928012714 21.937889647813734 -41.86606885015457 58.76759663088523 236.13982154990896 -999.0 6231.0 -999.0 -1 -999 {-999.0 -999.0 -999.0 -999.0 -999.0} "" -999.0 -999.0 -999.0 -999.0 -999 -999 "" "" "" "" 0 0 0.0 0.0 -999 ""
FIBERMAP 843 R+7C18 APOGEE 0 0 0 1 0 0 157.95108454876598 123.95053195584816 143.1 -60.58020464605551 191.41111410182364 248.0885 97.382095 -999.0 -999.0 -999.0 -999.0 -999.0 22.660831937519678 -41.089396688098766 22.626937260349166 -40.94542793027434 59.46981599504447 237.67597130372434 -999.0 16600.0 -999.0 2 119 {-999.0 -999.0 -999.0 -999.0 -999.0} "" -999.0 -999.0 -999.0 -999.0 -999 -999 "" ops_sky_apogee_best_unassigned ops_sky sky_apogee 0 0 0.0 0.0 -999 ""
FIBERMAP 843 R+7C18 BOSS 1 1 0 1 0 0 157.21700070233786 124.14592284327544 143.1 -61.02093455315742 190.79244205737197 248.0885 97.382095 22.658835380912 -41.09121426185468 4.4596076 -6.029832 0.34077165 22.658866860167173 -41.091236630992576 22.625138122036162 -40.94723958851656 59.468111447298774 237.67303613660783 5400.0 5400.0 2016.0 1 204 {-999.0 16.774784 16.458204 16.365538 -999.0} sdss_psfmag_gaia 16.740334 16.471418 16.041847 15.42 63050395809809173 975972585 "" ops_std_boss ops_std standard_boss 0 0 0.0 0.0 -999 ""
FIBERMAP 843 R+7C18 METROLOGY 0 0 0 1 0 0 157.74804297009527 124.67044329353288 143.1 -61.32552848135156 191.473832853938 248.0885 97.382095 -999.0 -999.0 -999.0 -999.0 -999.0 22.657686400016324 -41.0891464212536 22.623917245109453 -40.94515626970204 59.467640498807455 237.67742390688267 -999.0 6231.0 -999.0 -1 -999 {-999.0 -999.0 -999.0 -999.0 -999.0} "" -999.0 -999.0 -999.0 -999.0 -999 -999 "" "" "" "" 0 0 0.0 0.0 -999 ""
FIBERMAP 844 R-3C20 APOGEE 0 0 0 1 0 0 178.05160009828174 -71.53482434663482 143.1 129.5026507202286 141.58007878251843 331.53174 89.2274 -999.0 -999.0 -999.0 -999.0 -999.0 23.426577900561533 -41.2387044802059 23.390561924566157 -41.095371815552866 60.0001787571459 237.13939626910974 -999.0 16600.0 -999.0 2 214 {-999.0 -999.0 -999.0 -999.0 -999.0} "" -999.0 -999.0 -999.0 -999.0 -999 -999 "" ops_sky_apogee_best_unassigned ops_sky sky_apogee 0 0 0.0 0.0 -999 ""
FIBERMAP 844 R-3C20 BOSS 1 1 0 1 0 0 177.71003652208128 -72.21936810712629 143.1 130.0236079644966 141.0198914855244 331.53174 89.2274 23.428587214813955 -41.24038389915585 -999.0 -999.0 -999.0 23.428586500503794 -41.24037457666138 23.392723062684865 -41.09701565512908 60.001398820941034 237.13546366963038 5400.0 5400.0 2016.0 1 306 {-999.0 21.848314 20.806871 20.347021 20.009417} sdss_fiber2mag_from_lsdr10 1e+20 1e+20 1e+20 -999.0 63050398760078474 1131347770 dark_flexible_3x1 bhm_spiders_agn_lsdr10_d3 bhm_spiders science 0 0 0.0 0.0 -999 ""
FIBERMAP 844 R-3C20 METROLOGY 0 0 0 1 0 0 177.31015298196598 -71.59775481290865 143.1 129.30118944877134 140.8637959750035 331.53174 89.2274 -999.0 -999.0 -999.0 -999.0 -999.0 23.42575500038504 -41.240830186327834 23.3898525244108 -41.09747647363727 59.999187326459335 237.1355323933018 -999.0 6231.0 -999.0 -1 -999 {-999.0 -999.0 -999.0 -999.0 -999.0} "" -999.0 -999.0 -999.0 -999.0 -999 -999 "" "" "" "" 0 0 0.0 0.0 -999 ""
FIBERMAP 845 R+9C16 APOGEE 0 0 0 1 0 0 155.56320097400382 188.17962447703306 143.1 -121.55353641704853 211.73131571835373 79.44476 88.64752 -999.0 -999.0 -999.0 -999.0 -999.0 22.416611753575935 -41.027990175411496 22.383411618777473 -40.88382724760658 59.30224702481435 237.8681900815286 -999.0 16600.0 -999.0 2 76 {-999.0 -999.0 -999.0 -999.0 -999.0} "" -999.0 -999.0 -999.0 -999.0 -999 -999 "" ops_sky_apogee_best_unassigned ops_sky sky_apogee 0 0 0.0 0.0 -999 ""
FIBERMAP 845 R+9C16 BOSS 1 1 0 1 0 0 156.27938664943753 187.96310227525623 143.1 -121.09930767820019 212.3258096643178 79.44476 88.64752 22.418075596315223 -41.026127071672576 46.84009 -21.723736 1.3325167 22.418268423176325 -41.0262079803159 22.385231642118526 -40.88202122733219 59.30395866234082 237.8711123267375 5400.0 5400.0 2016.0 1 235 {-999.0 19.070593 17.754948 17.160425 -999.0} sdss_psfmag_gaia 18.575827 17.69669 16.788212 15.075 63050395809809687 1136529813 dark_flexible_3x1 mwm_halo_local_high_boss_triple mwm_halo science 0 0 0.0 0.0 -999 ""
FIBERMAP 845 R+9C16 METROLOGY 0 0 0 1 0 0 155.72082716782234 187.4568195596793 143.1 -120.82145235617361 211.62506045808192 79.44476 88.64752 -999.0 -999.0 -999.0 -999.0 -999.0 22.419379576444797 -41.02827466283433 22.386290327820575 -40.884095636964275 59.30432472217309 237.8668161117329 -999.0 6231.0 -999.0 -1 -999 {-999.0 -999.0 -999.0 -999.0 -999.0} "" -999.0 -999.0 -999.0 -999.0 -999 -999 "" "" "" "" 0 0 0.0 0.0 -999 ""
FIBERMAP 850 R+3C23 APOGEE 0 0 0 1 0 0 248.1103162777659 55.18251863902841 143.1 35.46610937949019 251.67323653659804 347.18555 116.81504 -999.0 -999.0 -999.0 -999.0 -999.0 23.046113804943314 -40.90772872523348 23.01153738210178 -40.76413567446276 59.79199764447609 237.90739114510836 -999.0 16600.0 -999.0 2 -999 {-999.0 -999.0 -999.0 -999.0 -999.0} "" -999.0 -999.0 -999.0 -999.0 -999 -999 "" "" "" "" 0 0 0.0 0.0 -999 ""
FIBERMAP 850 R+3C23 BOSS 1 1 0 1 0 0 248.26745758287163 54.336897147909966 143.1 36.31301069303473 251.52339677368155 347.18555 116.81504 23.049359283008897 -40.908193501720824 -9.510378 8.297112 3.7931461 23.049347141711866 -40.908187352195775 23.014923261155218 -40.76457107470852 59.79441553027192 237.90548481494585 5400.0 5400.0 2016.0 1 194 {-999.0 20.065184 18.214703 16.97238 -999.0} sdss_psfmag_gaia 19.10623 17.672905 16.507156 14.31 63050395809809104 1077992765 bright_flexible_2x1 mwm_snc_ext_main_boss mwm_snc science 0 0 0.0 0.0 -999 ""
FIBERMAP 850 R+3C23 METROLOGY 0 0 0 1 0 0 247.5817444425251 54.6532644167625 143.1 35.776002884140695 250.99249629458015 347.18555 116.81504 -999.0 -999.0 -999.0 -999.0 -999.0 23.047259696069112 -40.90973185351811 23.01279297644686 -40.76612074547479 59.79251506692408 237.9031389708865 -999.0 6231.0 -999.0 -1 -999 {-999.0 -999.0 -999.0 -999.0 -999.0} "" -999.0 -999.0 -999.0 -999.0 -999 -999 "" "" "" "" 0 0 0.0 0.0 -999 ""
FIBERMAP 853 R+1C21 APOGEE 0 0 0 1 0 0 182.45554817875515 14.342726116870741 143.1 50.646003245465614 175.86163148707593 356.868 100.467834 -999.0 -999.0 -999.0 -999.0 -999.0 23.108308680360448 -41.1359859230163 23.073236766218713 -40.992395017365766 59.78927907866816 237.44439362088224 -999.0 16600.0 -999.0 2 -999 {-999.0 -999.0 -999.0 -999.0 -999.0} "" -999.0 -999.0 -999.0 -999.0 -999 -999 "" "" "" "" 0 0 0.0 0.0 -999 ""
FIBERMAP 853 R+1C21 BOSS 1 1 0 1 0 0 182.54169867539127 13.587686469086776 143.1 51.38316649017905 175.67713666398816 356.868 100.467834 23.111117357858618 -41.13649204643341 -999.0 -999.0 -999.0 23.11113901817497 -41.13650546959806 23.0762207979584 -40.99289003682131 59.79137186596371 237.44246852310647 5400.0 5400.0 2016.0 1 243 {-999.0 20.05457 18.940353 18.454119 18.089863} sdss_fiber2mag_from_lsdr10 1e+20 1e+20 1e+20 -999.0 63050398045004253 1058559172 dark_flexible_2x1 bhm_spiders_agn_lsdr10 bhm_spiders science 0 0 0.0 0.0 -999 ""
FIBERMAP 853 R+1C21 METROLOGY 0 0 0 1 0 0 181.86257924760687 13.886780875104819 143.1 50.864646041147495 175.14634372035292 356.868 100.467834 -999.0 -999.0 -999.0 -999.0 -999.0 23.109116782622376 -41.138081715531264 23.074155441488983 -40.99447176329459 59.78950876268537 237.44006640807444 -999.0 6231.0 -999.0 -1 -999 {-999.0 -999.0 -999.0 -999.0 -999.0} "" -999.0 -999.0 -999.0 -999.0 -999 -999 "" "" "" "" 0 0 0.0 0.0 -999 ""
FIBERMAP 855 R+8C7 APOGEE 0 0 1 1 0 0 -66.79649833350253 162.85062411011575 143.1 -175.92706860900836 -5.3488873617995045 9.09089 170.78267 -999.0 -999.0 -999.0 -999.0 -999.0 22.19107001055253 -41.68404651875277 22.157483732351068 -41.53954387885453 58.99907118062126 236.6868591200178 -999.0 16600.0 -999.0 2 -999 {-999.0 -999.0 -999.0 -999.0 -999.0} "" -999.0 -999.0 -999.0 -999.0 -999 -999 "" "" "" "" 0 0 0.0 0.0 -999 ""
FIBERMAP 855 R+8C7 BOSS 1 0 1 1 0 0 -66.04453787850034 162.8625641752512 143.1 -175.67417530237455 -4.640668122296773 9.09089 170.78267 22.258986982971216 -41.712681082480714 34.87482 -10.9248495 0.9130223 22.191859825091143 -41.681934248060564 22.15844262721197 -41.53740490438457 59.000234411713464 236.6906125900315 5400.0 5400.0 2016.0 1 108 {-999.0 17.981415 17.207214 16.921532 -999.0} sdss_psfmag_gaia 17.768253 17.24977 16.582335 15.248 63050395809334038 1136526666 dark_flexible_3x1 mwm_halo_local_high_boss_triple mwm_halo science 0 0 0.0 0.0 -999 ""
FIBERMAP 855 R+8C7 METROLOGY 0 0 1 1 0 0 -66.41064815908936 162.2098294006327 143.1 -175.19161962677404 -5.212666747141898 9.09089 170.78267 -999.0 -999.0 -999.0 -999.0 -999.0 22.193813231906777 -41.68367159774049 22.16034094434019 -41.53915137534135 59.00124408017471 236.6867052339948 -999.0 6231.0 -999.0 -1 -999 {-999.0 -999.0 -999.0 -999.0 -999.0} "" -999.0 -999.0 -999.0 -999.0 -999 -999 "" "" "" "" 0 0 0.0 0.0 -999 ""
FIBERMAP 861 R+12C6 APOGEE 0 0 0 1 0 0 -26.520009284453167 234.94227581979396 143.1 -229.27894996360365 57.677173714836094 44.674976 72.22304 -999.0 -999.0 -999.0 -999.0 -999.0 21.97830981392031 -41.491896666287644 21.945538076122375 -41.34726103103796 58.8845460540119 237.11635828925324 -999.0 16600.0 -999.0 2 -999 {-999.0 -999.0 -999.0 -999.0 -999.0} "" -999.0 -999.0 -999.0 -999.0 -999 -999 "" "" "" "" 0 0 0.0 0.0 -999 ""
FIBERMAP 861 R+12C6 BOSS 1 1 0 1 0 0 -26.186736927081252 234.28895205197634 143.1 -228.5502347894818 57.75976819235418 44.674976 72.22304 21.981112673641718 -41.4915015990076 -19.998375 -63.12334 5.8130226 21.98103099820883 -41.49168330494779 21.948421297428354 -41.34702310702249 58.88671278936147 237.11593919262145 5400.0 5400.0 2016.0 1 163 {-999.0 18.543423 18.728693 18.854399 -999.0} sdss_psfmag_gaia 18.690477 18.626026 18.583015 -999.0 63050395809335266 1143601193 dark_1x3 mwm_wd_pwd_boss_1x3 mwm_wd science 0 0 0.0 0.0 -999 ""
FIBERMAP 861 R+12C6 METROLOGY 0 0 0 1 0 0 -26.921239891060978 234.3109975791447 143.1 -228.82881655707413 57.07982860716942 44.674976 72.22304 -999.0 -999.0 -999.0 -999.0 -999.0 21.979879251696328 -41.493716706445376 21.947221780926952 -41.34906270033041 58.885408462261665 237.11243997664963 -999.0 6231.0 -999.0 -1 -999 {-999.0 -999.0 -999.0 -999.0 -999.0} "" -999.0 -999.0 -999.0 -999.0 -999 -999 "" "" "" "" 0 0 0.0 0.0 -999 ""
FIBERMAP 862 R+6C19 APOGEE 0 0 0 1 0 0 171.1700940509353 129.21806447130342 143.1 -60.869724035427396 205.63731094694384 137.45915 101.198494 -999.0 -999.0 -999.0 -999.0 -999.0 22.659846191816168 -41.04649880180985 22.62601691285772 -40.902539023676766 59.47798771941295 237.75887426631311 -999.0 16600.0 -999.0 2 118 {-999.0 -999.0 -999.0 -999.0 -999.0} "" -999.0 -999.0 -999.0 -999.0 -999 -999 "" ops_sky_apogee_best_unassigned ops_sky sky_apogee 0 0 0.0 0.0 -999 ""
FIBERMAP 862 R+6C19 BOSS 1 1 0 1 0 0 171.55173501108155 129.8896503793491 143.1 -61.364475125542036 206.2304703462273 137.45915 101.198494 22.657794324808147 -41.044598626649304 -13.143866 -31.082243 1.0247833 22.657685875885335 -41.04469201184263 22.62402823840398 -40.90070479480285 59.47689414163507 237.76301746756664 5400.0 5400.0 2016.0 1 203 {-999.0 20.266794 18.73341 17.953321 -999.0} sdss_psfmag_gaia 19.601564 18.5609 17.535948 15.523 63050395809809176 1075714336 dark_flexible_2x1 mwm_halo_local_low_boss mwm_halo science 0 0 0.0 0.0 -999 ""
FIBERMAP 862 R+6C19 METROLOGY 0 0 0 1 0 0 171.92519398493675 129.22691372983758 143.1 -60.612834430978225 206.3473841124905 137.45915 101.198494 -999.0 -999.0 -999.0 -999.0 -999.0 22.66073951595088 -41.0443015667889 22.6270285072805 -40.900324425853675 59.479191632354045 237.7628318277857 -999.0 6231.0 -999.0 -1 -999 {-999.0 -999.0 -999.0 -999.0 -999.0} "" -999.0 -999.0 -999.0 -999.0 -999 -999 "" "" "" "" 0 0 0.0 0.0 -999 ""
FIBERMAP 863 R+9C12 APOGEE 0 0 0 1 0 0 60.592409672764994 194.81016117472095 143.1 -161.11309155176886 125.14301291342325 133.82619 46.80452 -999.0 -999.0 -999.0 -999.0 -999.0 22.25500490121949 -41.288994821606245 22.22182978038694 -41.14463595856438 59.12971649821141 237.4178667134484 -999.0 16600.0 -999.0 2 144 {-999.0 -999.0 -999.0 -999.0 -999.0} "" -999.0 -999.0 -999.0 -999.0 -999 -999 "" ops_sky_apogee_best_unassigned ops_sky sky_apogee 0 0 0.0 0.0 -999 ""
FIBERMAP 863 R+9C12 BOSS 1 1 0 1 0 0 61.383912018160416 194.80530286453046 143.1 -160.83058443899012 125.8823541885737 133.82619 46.80452 22.255880468818987 -41.28675171653059 22.170467 15.737884 2.2253776 22.25594433325469 -41.2867559898472 22.222936596717318 -41.14237200223475 59.130998993058626 237.42184925357503 5400.0 5400.0 2016.0 1 146 {-999.0 21.565622 19.68176 18.354969 -999.0} sdss_psfmag_gaia 20.555973 19.064548 17.87601 15.824 63050395809809517 1094375409 bright_1x1 mwm_bin_vis_boss mwm_filler science 0 0 0.0 0.0 -999 ""
FIBERMAP 863 R+9C12 METROLOGY 0 0 0 1 0 0 60.98774188532256 194.1720165550183 143.1 -160.3767938406163 125.28904178047414 133.82619 46.80452 -999.0 -999.0 -999.0 -999.0 -999.0 22.25776428483733 -41.28852982624234 22.224702249058737 -41.14415444317592 59.131932426252014 237.41791536434704 -999.0 6231.0 -999.0 -1 -999 {-999.0 -999.0 -999.0 -999.0 -999.0} "" -999.0 -999.0 -999.0 -999.0 -999 -999 "" "" "" "" 0 0 0.0 0.0 -999 ""
FIBERMAP 864 R-6C5 APOGEE 0 0 0 1 0 0 -136.73296363829166 -106.32203475005083 143.1 51.52679480421262 -165.35481210200075 75.902985 141.0702 -999.0 -999.0 -999.0 -999.0 -999.0 23.11682053893202 -42.17037634630891 23.080148270807285 -42.026555464539655 59.556317682226066 235.44882435073163 -999.0 16600.0 -999.0 2 294 {-999.0 -999.0 -999.0 -999.0 -999.0} "" -999.0 -999.0 -999.0 -999.0 -999 -999 "" ops_sky_apogee_best_unassigned ops_sky sky_apogee 0 0 0.0 0.0 -999 ""
FIBERMAP 864 R-6C5 BOSS 1 1 0 1 0 0 -136.08430264174225 -105.93013783907972 143.1 51.3876753767829 -164.60987479227236 75.902985 141.0702 23.11610682565537 -42.16820582265731 -999.0 -999.0 -999.0 23.11610497758661 -42.16821910351317 23.0796023286926 -42.02436726154655 59.55645993856998 235.453207534508 5400.0 5400.0 2015.5 1 485 {-999.0 -999.0 -999.0 -999.0 -999.0} "" -999.0 -999.0 -999.0 -999.0 27021603160871027 821782983 "" ops_sky_boss_good ops_sky sky_boss 0 0 0.0 0.0 -999 ""
FIBERMAP 864 R-6C5 METROLOGY 0 0 0 1 0 0 -136.0843740268633 -106.68206472287807 143.1 52.091645023644766 -164.87400208037963 75.902985 141.0702 -999.0 -999.0 -999.0 -999.0 -999.0 23.119042562646005 -42.169019156939164 23.082484549632227 -42.025178440462824 59.55833741026656 235.4506211412313 -999.0 6231.0 -999.0 -1 -999 {-999.0 -999.0 -999.0 -999.0 -999.0} "" -999.0 -999.0 -999.0 -999.0 -999 -999 "" "" "" "" 0 0 0.0 0.0 -999 ""
FIBERMAP 867 R-6C9 APOGEE 0 0 0 1 0 0 -53.73791351515989 -116.28108651979039 143.1 89.99706500726367 -91.14774995596868 136.22145 152.56653 -999.0 -999.0 -999.0 -999.0 -999.0 23.27285091385743 -41.94508662184636 23.23613030096749 -41.80145495126362 59.72358910704274 235.82507287720864 -999.0 16600.0 -999.0 2 -999 {-999.0 -999.0 -999.0 -999.0 -999.0} "" -999.0 -999.0 -999.0 -999.0 -999 -999 "" "" "" "" 0 0 0.0 0.0 -999 ""
FIBERMAP 867 R-6C9 BOSS 1 1 0 1 0 0 -53.98942337036166 -115.57613011956927 143.1 89.2487217851358 -91.13566168262726 136.22145 152.56653 23.269652658732 -41.94512984765305 0.18783866 -0.007566848 0.2137585 23.269697447866292 -41.945139992098056 23.23314770688603 -41.801475358977264 59.72142631620424 235.82609632402443 5400.0 5400.0 2016.0 1 371 {-999.0 19.394842 19.29336 19.313484 19.369097} sdss_psfmag_from_lsdr10 19.398628 19.274656 19.076902 -999.0 63050395808838671 1131340242 dark_flexible_3x1 bhm_spiders_agn_lsdr10_d3 bhm_spiders science 0 0 0.0 0.0 -999 ""
FIBERMAP 867 R-6C9 METROLOGY 0 0 0 1 0 0 -53.253203235193794 -115.7113899678513 143.1 89.63390397165648 -90.49387280883484 136.22145 152.56653 -999.0 -999.0 -999.0 -999.0 -999.0 23.271315105712894 -41.94318764543456 23.23471809911854 -41.799533443071915 59.72303041142153 235.82927492185826 -999.0 6231.0 -999.0 -1 -999 {-999.0 -999.0 -999.0 -999.0 -999.0} "" -999.0 -999.0 -999.0 -999.0 -999 -999 "" "" "" "" 0 0 0.0 0.0 -999 ""
FIBERMAP 873 R+3C16 APOGEE 0 0 0 1 0 0 68.98449639440675 61.61596829353613 143.1 -33.4623475054654 86.22522064106735 132.44948 142.18657 -999.0 -999.0 -999.0 -999.0 -999.0 22.76942228275182 -41.40770501103899 22.734786557845894 -41.26375676506089 59.48162522411527 237.02953524407724 -999.0 16600.0 -999.0 2 71 {-999.0 -999.0 -999.0 -999.0 -999.0} "" -999.0 -999.0 -999.0 -999.0 -999 -999 "" ops_sky_apogee_best_unassigned ops_sky sky_apogee 0 0 0.0 0.0 -999 ""
FIBERMAP 873 R+3C16 BOSS 1 1 0 1 0 0 69.00809509670925 62.36879645195631 143.1 -34.15889868971709 86.51169198724654 132.44948 142.18657 22.76638205160691 -41.406789222172 4.45292 -5.064588 0.23834787 22.76641370412199 -41.40681416935534 22.73195092798659 -41.26283602628528 59.479745262003426 237.03221853236488 5400.0 5400.0 2016.0 1 228 {-999.0 18.016953 17.639883 17.522852 -999.0} sdss_psfmag_gaia 17.961864 17.66142 17.197866 16.653 63050395809808390 977156415 "" ops_std_boss ops_std standard_boss 0 0 0.0 0.0 -999 ""
FIBERMAP 873 R+3C16 METROLOGY 0 0 0 1 0 0 69.63707546778426 61.98084882019267 143.1 -33.57479678534109 86.96433869708243 132.44948 142.18657 -999.0 -999.0 -999.0 -999.0 -999.0 22.768821961551726 -41.405425244871026 22.734308713962434 -41.26145729399479 59.48177519870035 237.03410881051906 -999.0 6231.0 -999.0 -1 -999 {-999.0 -999.0 -999.0 -999.0 -999.0} "" -999.0 -999.0 -999.0 -999.0 -999 -999 "" "" "" "" 0 0 0.0 0.0 -999 ""
FIBERMAP 874 R+8C3 APOGEE 0 0 1 1 0 0 -154.0341166460753 162.89351220184585 143.1 -206.60318691208838 -87.01041401110524 10.292866 169.86981 -999.0 -999.0 -999.0 -999.0 -999.0 22.06463073527411 -41.93058009289277 22.031008136334037 -41.78591588822565 58.85300761490531 236.26109473984008 -999.0 16600.0 -999.0 2 16 {-999.0 -999.0 -999.0 -999.0 -999.0} "" -999.0 -999.0 -999.0 -999.0 -999 -999 "" ops_sky_apogee_best_unassigned ops_sky sky_apogee 0 0 0.0 0.0 -999 ""
FIBERMAP 874 R+8C3 BOSS 1 0 1 1 0 0 -153.29182614733756 162.81742152880614 143.1 -206.27127033504792 -86.34216279961532 10.292866 169.86981 22.116684508334608 -41.924456482038835 -999.0 -999.0 -999.0 22.06577173447066 -41.92861338504268 22.032318518310944 -41.78392194850071 58.85440119088598 236.2644370207335 5400.0 5400.0 2015.5 1 25 {-999.0 -999.0 -999.0 -999.0 -999.0} "" -999.0 -999.0 -999.0 -999.0 27021603161215413 814039649 "" ops_sky_boss_good ops_sky sky_boss 0 0 0.0 0.0 -999 ""
FIBERMAP 874 R+8C3 METROLOGY 0 0 1 1 0 0 -153.72801445628087 162.2093894566612 143.1 -205.85517764055044 -86.96407365206468 10.292866 169.86981 -999.0 -999.0 -999.0 -999.0 -999.0 22.067445222608278 -41.930513676533124 22.033936949848908 -41.7858313013612 58.855156138931335 236.2603209802633 -999.0 6231.0 -999.0 -1 -999 {-999.0 -999.0 -999.0 -999.0 -999.0} "" -999.0 -999.0 -999.0 -999.0 -999 -999 "" "" "" "" 0 0 0.0 0.0 -999 ""
FIBERMAP 876 R+5C22 APOGEE 0 0 0 1 0 0 246.71006896314614 94.05429408369623 143.1 -1.41949086199449 264.01317562032165 335.02338 127.73634 -999.0 -999.0 -999.0 -999.0 -999.0 22.898388614565896 -40.87084897115862 22.86422992431335 -40.727135484255626 59.69042375155722 238.024910070109 -999.0 16600.0 -999.0 2 87 {-999.0 -999.0 -999.0 -999.0 -999.0} "" -999.0 -999.0 -999.0 -999.0 -999 -999 "" ops_sky_apogee_best_unassigned ops_sky sky_apogee 0 0 0.0 0.0 -999 ""
FIBERMAP 876 R+5C22 BOSS 1 1 0 1 0 0 246.89959259372557 93.34164941418942 143.1 -0.6857176863288595 263.9403525289508 335.02338 127.73634 22.901170464204423 -40.871104021003305 -999.0 -999.0 -999.0 22.90116189785283 -40.871089112116834 22.867157897508434 -40.72735234578514 59.69255136628371 238.02359006685063 5400.0 5400.0 2016.0 1 260 {-999.0 23.217659 22.798689 22.363914 22.038195} sdss_fiber2mag_from_lsdr10 1e+20 1e+20 1e+20 -999.0 63050396614305919 1131352545 dark_flexible_3x1 bhm_spiders_agn_lsdr10_d3 bhm_spiders science 0 0 0.0 0.0 -999 ""
FIBERMAP 876 R+5C22 METROLOGY 0 0 0 1 0 0 246.16098689179472 93.5440273700683 143.1 -1.1345772435536752 263.31990058548985 335.02338 127.73634 -999.0 -999.0 -999.0 -999.0 -999.0 22.899414532677834 -40.87289507533281 22.86536629480696 -40.72916363705081 59.69085181838728 238.02062721248342 -999.0 6231.0 -999.0 -1 -999 {-999.0 -999.0 -999.0 -999.0 -999.0} "" -999.0 -999.0 -999.0 -999.0 -999 -999 "" "" "" "" 0 0 0.0 0.0 -999 ""
FIBERMAP 878 R-3C23 APOGEE 0 0 0 1 0 0 245.3924072664245 -47.89298691680794 143.1 131.01651527510703 212.93069527351707 56.587948 107.243 -999.0 -999.0 -999.0 -999.0 -999.0 23.42982539075091 -41.02342222410198 23.394130983648324 -40.88014198474383 60.05024029667838 237.55840479790692 -999.0 16600.0 -999.0 2 -999 {-999.0 -999.0 -999.0 -999.0 -999.0} "" -999.0 -999.0 -999.0 -999.0 -999 -999 "" "" "" "" 0 0 0.0 0.0 -999 ""
FIBERMAP 878 R-3C23 BOSS 1 1 0 1 0 0 246.11782007227913 -48.10182811806795 143.1 131.46679301340416 213.53652556044918 56.587948 107.243 23.431451531657967 -41.02159911521399 0.006187186 -0.001344428 -0.15492043 23.431454149535195 -41.0216062035774 23.395917962057922 -40.878300998681574 60.051959178498414 237.5614162399663 5400.0 5400.0 2016.0 1 279 {-999.0 19.438768 19.28213 19.14683 19.0637} sdss_psfmag_from_gaiadr2 19.41743 19.274223 18.881231 -999.0 63050395808842202 1130401490 dark_flexible_3x1 bhm_gua_dark_d3 bhm_filler science 0 0 0.0 0.0 -999 ""
FIBERMAP 878 R-3C23 METROLOGY 0 0 0 1 0 0 245.56894757806415 -48.61985123369402 143.1 131.75904219487992 212.84072286252487 56.587948 107.243 -999.0 -999.0 -999.0 -999.0 -999.0 23.43272911406741 -41.023651307936724 23.39714147941578 -40.88035437040422 60.05241589926452 237.55699858582892 -999.0 6231.0 -999.0 -1 -999 {-999.0 -999.0 -999.0 -999.0 -999.0} "" -999.0 -999.0 -999.0 -999.0 -999 -999 "" "" "" "" 0 0 0.0 0.0 -999 ""
FIBERMAP 879 R0C22 APOGEE 0 0 0 1 0 0 192.1708523380075 0.7475473509346123 143.1 66.78635132284838 180.18329332692102 3.4685724 119.071686 -999.0 -999.0 -999.0 -999.0 -999.0 23.173144639908134 -41.12280677722607 23.13793225707201 -40.9792759474557 59.83979611974058 237.44891637384177 -999.0 16600.0 -999.0 2 -999 {-999.0 -999.0 -999.0 -999.0 -999.0} "" -999.0 -999.0 -999.0 -999.0 -999 -999 "" "" "" "" 0 0 0.0 0.0 -999 ""
FIBERMAP 879 R0C22 BOSS 1 1 0 1 0 0 192.5656240774793 0.08094773336370975 143.1 67.54909331972578 180.31880466906068 3.4685724 119.071686 23.17608107110441 -41.12235304448713 0.11724514 0.31476182 -0.27873605 23.176074067224263 -41.122363398064806 23.141016205397307 -40.97880833425749 59.84217038376046 237.44882375227908 5400.0 5400.0 2016.0 1 255 {-999.0 19.947607 19.86799 19.695936 19.526022} sdss_psfmag_from_lsdr10 19.909817 19.827986 19.314713 -999.0 63050395808840321 1131350153 dark_flexible_3x1 bhm_spiders_agn_lsdr10_d3 bhm_spiders science 0 0 0.0 0.0 -999 ""
FIBERMAP 879 R0C22 METROLOGY 0 0 0 1 0 0 191.81720047365522 0.08843539107023746 143.1 67.27925279126923 179.62071941732714 3.4685724 119.071686 -999.0 -999.0 -999.0 -999.0 -999.0 23.175062771256954 -41.12444086644484 23.139958627094586 -40.9808920574954 59.84094049841437 237.44511765242575 -999.0 6231.0 -999.0 -1 -999 {-999.0 -999.0 -999.0 -999.0 -999.0} "" -999.0 -999.0 -999.0 -999.0 -999 -999 "" "" "" "" 0 0 0.0 0.0 -999 ""
FIBERMAP 881 R+5C5 APOGEE 0 0 1 1 0 0 -144.73661979036487 104.69229652385843 143.1 -148.84697356134706 -98.7446011231677 9.004458 171.91672 -999.0 -999.0 -999.0 -999.0 -999.0 22.298793475374378 -41.9677003001285 22.26451827257864 -41.8232231763609 59.014338158820635 236.11527060802285 -999.0 16600.0 -999.0 2 27 {-999.0 -999.0 -999.0 -999.0 -999.0} "" -999.0 -999.0 -999.0 -999.0 -999 -999 "" ops_sky_apogee_best_unassigned ops_sky sky_apogee 0 0 0.0 0.0 -999 ""
FIBERMAP 881 R+5C5 BOSS 1 0 1 1 0 0 -143.99358206928585 104.67796723033575 143.1 -148.57261892800233 -98.05396106134438 9.004458 171.91672 22.37425787656106 -41.940828166895535 41.687874 25.796417 2.666032 22.299681428346645 -41.96567890668289 22.26557521207451 -41.821173931363944 59.01556811670166 236.11880298082423 5400.0 5400.0 2016.0 1 43 {-999.0 16.867752 15.594598 15.030488 -999.0} sdss_psfmag_gaia 16.389938 15.552084 14.652932 12.874 63050395808353323 1124937839 bright_1x1 openfibertargets_mwm_snc_further_ext_boss open_fiber science 0 0 1.022031545639038 0.0 -999 ""
FIBERMAP 881 R+5C5 METROLOGY 0 0 1 1 0 0 -144.38660185345765 104.03166797941007 143.1 -148.1055385740625 -98.64889380570717 9.004458 171.91672 -999.0 -999.0 -999.0 -999.0 -999.0 22.30159316147173 -41.96749558485425 22.26743169431859 -41.823000030008956 59.0165035753775 236.11474058837308 -999.0 6231.0 -999.0 -1 -999 {-999.0 -999.0 -999.0 -999.0 -999.0} "" -999.0 -999.0 -999.0 -999.0 -999 -999 "" "" "" "" 0 0 0.0 0.0 -999 ""
FIBERMAP 882 R-1C8 APOGEE 0 0 0 1 0 0 -137.48560591336098 -27.6978568618276 143.1 -22.34973497895 -138.44836638288092 234.71826 90.320465 -999.0 -999.0 -999.0 -999.0 -999.0 22.81453212779955 -42.089474004784385 22.778756824259574 -41.94540849922796 59.35846842392522 235.71009619945096 -999.0 16600.0 -999.0 2 -999 {-999.0 -999.0 -999.0 -999.0 -999.0} "" -999.0 -999.0 -999.0 -999.0 -999 -999 "" "" "" "" 0 0 0.0 0.0 -999 ""
FIBERMAP 882 R-1C8 BOSS 1 1 0 1 0 0 -138.10957982324945 -27.269576884269934 143.1 -22.96984005130112 -138.88216192507537 234.71826 90.320465 22.811845715461928 -42.09086820431523 -999.0 -999.0 -999.0 22.811817246859164 -42.09088141542393 22.776212613784367 -41.94678307753527 59.35630377139282 235.70835828509263 5400.0 5400.0 2016.0 1 459 {-999.0 23.312943 21.784775 20.930664 20.39467} sdss_fiber2mag_from_lsdr10 1e+20 1e+20 1e+20 -999.0 63050398759869767 1128234943 dark_flexible_3x1 bhm_spiders_clusters_lsdr10_d3 bhm_spiders science 0 0 0.0 0.0 -999 ""
FIBERMAP 882 R-1C8 METROLOGY 0 0 0 1 0 0 -137.42571716034433 -26.95226209651724 143.1 -23.026769587732385 -138.1304585348525 234.71826 90.320465 -999.0 -999.0 -999.0 -999.0 -999.0 22.81162685738283 -42.08861259144703 22.775979148115994 -41.94452316375284 59.356671783152194 235.71274620325053 -999.0 6231.0 -999.0 -1 -999 {-999.0 -999.0 -999.0 -999.0 -999.0} "" -999.0 -999.0 -999.0 -999.0 -999 -999 "" "" "" "" 0 0 0.0 0.0 -999 ""
FIBERMAP 883 R+4C1 APOGEE 0 0 0 1 0 0 -234.92492922074473 59.11170623038058 143.1 -137.8441367174283 -199.19070330925874 13.459702 25.689346 -999.0 -999.0 -999.0 -999.0 -999.0 22.342321789401197 -42.271434881122296 22.30748530488387 -42.126924992569954 58.975476988427815 235.52725476776544 -999.0 16600.0 -999.0 2 2 {-999.0 -999.0 -999.0 -999.0 -999.0} "" -999.0 -999.0 -999.0 -999.0 -999 -999 "" ops_sky_apogee_best_unassigned ops_sky sky_apogee 0 0 0.0 0.0 -999 ""
FIBERMAP 883 R+4C1 BOSS 1 1 0 1 0 0 -235.48337487521817 58.62010524677673 143.1 -137.57998725524374 -199.8861900377267 13.459702 25.689346 22.343169595220584 -42.2735596931951 -0.50020856 0.66581225 -0.25920308 22.343204965701492 -42.27358786940559 22.30853198326821 -42.12904794597556 58.975732927100495 235.52289722804414 5400.0 5400.0 2016.0 1 2 {-999.0 21.730844 20.951788 20.423347 20.00978} sdss_fiber2mag_from_lsdr10 20.464392 21.214363 19.247576 -999.0 63050395808352814 1131337739 dark_flexible_3x1 bhm_spiders_agn_lsdr10_d3 bhm_spiders science 0 0 0.0 0.0 -999 ""
FIBERMAP 883 R+4C1 METROLOGY 0 0 0 1 0 0 -235.6182088689952 59.36903710280809 143.1 -138.32852864509044 -199.74942026845162 13.459702 25.689346 -999.0 -999.0 -999.0 -999.0 -999.0 22.340167312817737 -42.273181168023044 22.305454893180297 -42.12864736661471 58.97360876594418 235.52469262735104 -999.0 6231.0 -999.0 -1 -999 {-999.0 -999.0 -999.0 -999.0 -999.0} "" -999.0 -999.0 -999.0 -999.0 -999 -999 "" "" "" "" 0 0 0.0 0.0 -999 ""
FIBERMAP 884 R+2C18 APOGEE 0 0 0 1 0 0 110.61125466453159 54.0597215674636 143.1 -11.769362743680384 122.5448582390538 111.81356 99.42881 -999.0 -999.0 -999.0 -999.0 -999.0 22.857163315067194 -41.297588360304424 22.822472690477923 -41.153741224365604 59.56988125837739 237.2130929587736 -999.0 16600.0 -999.0 2 -999 {-999.0 -999.0 -999.0 -999.0 -999.0} "" -999.0 -999.0 -999.0 -999.0 -999 -999 "" "" "" "" 0 0 0.0 0.0 -999 ""
FIBERMAP 884 R+2C18 BOSS 1 1 0 1 0 0 111.37813363192753 54.45054229704186 143.1 -11.865958998053348 123.40009969088126 111.81356 99.42881 22.856584010830733 -41.29494104902465 -999.0 -999.0 -999.0 22.85660004116923 -41.294962729126716 22.822078027333248 -41.15108851667372 59.570164001017076 237.21833355618207 5400.0 5400.0 2016.0 1 208 {-999.0 22.407236 22.207125 21.730501 21.355005} sdss_fiber2mag_from_lsdr10 1e+20 1e+20 1e+20 -999.0 63050397329940544 1131347762 dark_flexible_3x1 bhm_spiders_agn_lsdr10_d3 bhm_spiders science 0 0 0.0 0.0 -999 ""
FIBERMAP 884 R+2C18 METROLOGY 0 0 0 1 0 0 111.27211044596781 53.70933912935001 143.1 -11.209237455781322 123.04054051953514 111.81356 99.42881 -999.0 -999.0 -999.0 -999.0 -999.0 22.85929844840649 -41.29602988332692 22.824721837593017 -41.152165465509036 59.57187515537265 237.21540850016044 -999.0 6231.0 -999.0 -1 -999 {-999.0 -999.0 -999.0 -999.0 -999.0} "" -999.0 -999.0 -999.0 -999.0 -999 -999 "" "" "" "" 0 0 0.0 0.0 -999 ""
FIBERMAP 888 R-5C14 APOGEE 0 0 0 1 0 0 44.04933877621306 -114.47057164188065 143.1 122.64273017407213 1.0417910171113685 298.84937 38.032578 -999.0 -999.0 -999.0 -999.0 -999.0 23.40347152155043 -41.6647503607118 23.366855948951184 -41.52129910540158 59.88515716449166 236.31983176335706 -999.0 16600.0 -999.0 2 196 {-999.0 -999.0 -999.0 -999.0 -999.0} "" -999.0 -999.0 -999.0 -999.0 -999 -999 "" ops_sky_apogee_best_unassigned ops_sky sky_apogee 0 0 0.0 0.0 -999 ""
FIBERMAP 888 R-5C14 BOSS 1 1 0 1 0 0 43.35835262100618 -114.18219010205578 143.1 122.13007235325772 0.49612567305393557 298.84937 38.032578 23.401328408816436 -41.66646441356207 0.4607728 -0.08934553 0.43321964 23.401329842270833 -41.66644561959571 23.36487845561379 -41.52296281142939 59.88332678669191 236.31730315967067 5400.0 5400.0 2016.0 1 271 {-999.0 20.83488 20.745058 20.532503 20.517448} sdss_psfmag_from_gaiadr2 20.726131 20.808285 20.615805 -999.0 63050395808838808 1130401402 dark_flexible_3x1 bhm_gua_dark_d3 bhm_filler science 0 0 0.0 0.0 -999 ""
FIBERMAP 888 R-5C14 METROLOGY 0 0 0 1 0 0 43.944609462745525 -113.72626363074129 143.1 121.90908999090725 1.2051226259870658 298.84937 38.032578 -999.0 -999.0 -999.0 -999.0 -999.0 23.400476423064468 -41.66428990075627 23.363984771121522 -41.52081512501095 59.88318162369509 236.32177700540507 -999.0 6231.0 -999.0 -1 -999 {-999.0 -999.0 -999.0 -999.0 -999.0} "" -999.0 -999.0 -999.0 -999.0 -999 -999 "" "" "" "" 0 0 0.0 0.0 -999 ""
FIBERMAP 889 R-7C3 APOGEE 1 1 0 1 0 0 -162.34144228664863 -126.30430245586106 143.1 61.24213355116474 -196.34819832296765 41.83999 133.22739 23.156623092135852 -42.26384013060791 76.19945 25.034422 8.683079 23.15689669142391 -42.26379773332668 23.119976869633035 -42.11999060591318 59.561950045140016 235.25571439306123 16000.0 16600.0 2016.0 2 245 {-999.0 15.907583 14.54171 13.909166 -999.0} sdss_psfmag_gaia 14.560191 14.462446 12.711485 10.751 63050395808837819 1093902236 bright_1x1 mwm_bin_vis_apogee mwm_filler science 0 0 0.0 0.0 -999 ""
FIBERMAP 889 R-7C3 BOSS 0 0 0 1 0 0 -161.62621617905995 -126.47552495564125 143.1 61.65361327352679 -195.73869450117266 41.83999 133.22739 -999.0 -999.0 -999.0 -999.0 -999.0 23.15843068297081 -42.26203417030002 23.121674173229167 -42.11819755999366 59.563614373445404 235.25852690073083 -999.0 5400.0 -999.0 1 502 {-999.0 -999.0 -999.0 -999.0 -999.0} "" -999.0 -999.0 -999.0 -999.0 -999 -999 "" "" "" "" 0 0 0.0 0.0 -999 ""
FIBERMAP 889 R-7C3 METROLOGY 0 0 0 1 0 0 -162.10536967528316 -127.0131735893438 143.1 61.988720732769764 -196.3761145505738 41.83999 133.22739 -999.0 -999.0 -999.0 -999.0 -999.0 23.159867741113477 -42.26397000382704 23.123057915831737 -42.120143058175714 59.56412615064728 235.25430388962172 -999.0 6231.0 -999.0 -1 -999 {-999.0 -999.0 -999.0 -999.0 -999.0} "" -999.0 -999.0 -999.0 -999.0 -999 -999 "" "" "" "" 0 0 0.0 0.0 -999 ""
FIBERMAP 890 R+11C6 APOGEE 0 0 0 1 0 0 -49.04856615547288 205.03609015242364 143.1 -209.19069928335327 26.082311963730753 291.68338 133.91731 -999.0 -999.0 -999.0 -999.0 -999.0 22.057817700600484 -41.58803263713132 22.024707432019625 -41.44344092085005 58.92246682722772 236.91017762639763 -999.0 16600.0 -999.0 2 146 {-999.0 -999.0 -999.0 -999.0 -999.0} "" -999.0 -999.0 -999.0 -999.0 -999 -999 "" ops_sky_apogee_best_unassigned ops_sky sky_apogee 0 0 0.0 0.0 -999 ""
FIBERMAP 890 R+11C6 BOSS 1 1 0 1 0 0 -49.37790203559047 204.34899484461621 143.1 -208.66305903983564 25.53267685054343 291.68338 133.91731 22.059676725775255 -41.58973191473453 -0.24927281 0.40139478 0.22512163 22.059688117216563 -41.58973113535142 22.026739133596607 -41.44511325282097 58.9236016241604 236.9063871233909 5400.0 5400.0 2016.0 1 149 {-999.0 20.188843 20.094418 19.926025 19.908949} sdss_psfmag_from_gaiadr2 19.849007 20.12643 19.654877 -999.0 63050395809334336 1056958597 dark_flexible_2x2 bhm_gua_dark bhm_filler science 0 0 0.0 0.0 -999 ""
FIBERMAP 890 R+11C6 METROLOGY 0 0 0 1 0 0 -49.79344807712104 204.98765983425477 143.1 -209.40694260893972 25.367905443539637 291.68338 133.91731 -999.0 -999.0 -999.0 -999.0 -999.0 22.056691464884384 -41.59020052250255 22.023701655182265 -41.4455877926057 58.921275911029724 236.9064216457415 -999.0 6231.0 -999.0 -1 -999 {-999.0 -999.0 -999.0 -999.0 -999.0} "" -999.0 -999.0 -999.0 -999.0 -999 -999 "" "" "" "" 0 0 0.0 0.0 -999 ""
FIBERMAP 892 R-3C17 APOGEE 0 0 0 1 0 0 105.5405658593803 -72.53855340285129 143.1 104.97808984920694 73.33882927445154 302.81488 101.432594 -999.0 -999.0 -999.0 -999.0 -999.0 23.329902870059172 -41.445735805324254 23.293809375411968 -41.30226945677424 59.882573416944496 236.76977793931354 -999.0 16600.0 -999.0 2 -999 {-999.0 -999.0 -999.0 -999.0 -999.0} "" -999.0 -999.0 -999.0 -999.0 -999 -999 "" "" "" "" 0 0 0.0 0.0 -999 ""
FIBERMAP 892 R-3C17 BOSS 1 1 0 1 0 0 104.99917193619211 -73.07697456106646 143.1 105.29206309641775 72.64286506894643 302.81488 101.432594 23.331093657002867 -41.447830736584265 -999.0 -999.0 -999.0 23.331099956965396 -41.44783323909611 23.29516143874406 -41.304339132113626 59.883090830494396 236.76530046233648 5400.0 5400.0 2016.0 1 298 {-999.0 22.502268 21.160671 20.613825 20.206097} sdss_fiber2mag_from_lsdr10 1e+20 1e+20 1e+20 -999.0 63050396614462821 1131345277 dark_flexible_3x1 bhm_spiders_agn_lsdr10_d3 bhm_spiders science 0 0 0.0 0.0 -999 ""
FIBERMAP 892 R-3C17 METROLOGY 0 0 0 1 0 0 104.81672543465359 -72.3499976913823 143.1 104.54735667250225 72.72734731084749 302.81488 101.432594 -999.0 -999.0 -999.0 -999.0 -999.0 23.32814672222651 -41.44757284509358 23.292170305769787 -41.30408420972782 59.88096104250383 236.76681550143746 -999.0 6231.0 -999.0 -1 -999 {-999.0 -999.0 -999.0 -999.0 -999.0} "" -999.0 -999.0 -999.0 -999.0 -999 -999 "" "" "" "" 0 0 0.0 0.0 -999 ""
FIBERMAP 893 R+11C7 APOGEE 0 0 0 1 0 0 -43.581180505643076 214.2217781656384 143.1 -215.87081086890885 34.426989729776594 147.93289 141.7081 -999.0 -999.0 -999.0 -999.0 -999.0 22.031237650364247 -41.562599176205595 21.99823109485027 -41.41799121781489 58.908430090315974 236.96647007350163 -999.0 16600.0 -999.0 2 130 {-999.0 -999.0 -999.0 -999.0 -999.0} "" -999.0 -999.0 -999.0 -999.0 -999 -999 "" "" "" "" 0 0 0.0 0.0 -999 ""
FIBERMAP 893 R+11C7 BOSS 1 1 0 1 0 0 -43.86952912690649 214.93740287512406 143.1 -216.6420793181991 34.40833403244916 147.93289 141.7081 22.02786314654783 -41.562641422869795 3.1670003 -1.3561689 0.3724208 22.027905000872266 -41.56265685356667 21.99507533033824 -41.418018931723736 58.90611067773311 236.96738141354462 5400.0 5400.0 2016.0 1 117 {-999.0 21.403563 20.343182 19.912317 -999.0} sdss_psfmag_gaia 19.155838 20.356478 17.661156 -999.0 63050395809334346 1092293845 dark_flexible_2x1 mwm_cb_galex_mag_boss mwm_cb science 0 0 0.0 0.0 -999 ""
FIBERMAP 893 R+11C7 METROLOGY 0 0 0 1 0 0 -43.11223632320235 214.8044233947067 143.1 -216.25163187042975 35.07065309687823 147.93289 141.7081 -999.0 -999.0 -999.0 -999.0 -999.0 22.02950680977691 -41.56064731439667 21.99662820125019 -41.4160188873107 58.90766973529202 236.9706934689653 -999.0 6231.0 -999.0 -1 -999 {-999.0 -999.0 -999.0 -999.0 -999.0} "" -999.0 -999.0 -999.0 -999.0 -999 -999 "" "" "" "" 0 0 0.0 0.0 -999 ""
FIBERMAP 900 R-5C6 APOGEE 0 0 0 1 0 0 -135.58021469634062 -90.31090390537392 143.1 36.94112652165816 -158.65278329573076 159.65643 109.78629 -999.0 -999.0 -999.0 -999.0 -999.0 23.057103446634716 -42.15030004594077 23.02061490253044 -42.00643145417655 59.51833350093128 235.5086040614673 -999.0 16600.0 -999.0 2 -999 {-999.0 -999.0 -999.0 -999.0 -999.0} "" -999.0 -999.0 -999.0 -999.0 -999 -999 "" "" "" "" 0 0 0.0 0.0 -999 ""
FIBERMAP 900 R-5C6 BOSS 1 1 0 1 0 0 -135.4972585978735 -89.47381038658924 143.1 36.1865265717476 -158.2811461656266 159.65643 109.78629 23.053880465341294 -42.149259702734916 0.031199854 -0.065877244 -0.116560295 23.053868789924703 -42.1492792737502 23.017554821568694 -42.00537740655924 59.51638417774558 235.511709514119 5400.0 5400.0 2016.0 1 484 {-999.0 19.637218 19.626944 19.58558 19.546665} sdss_psfmag_from_lsdr10 19.615385 19.550564 19.195633 -999.0 63050395808838143 1131337751 dark_flexible_3x1 bhm_spiders_agn_lsdr10_d3 bhm_spiders science 0 0 0.0 0.0 -999 ""
FIBERMAP 900 R-5C6 METROLOGY 0 0 0 1 0 0 -134.92918036577925 -89.94259355088114 143.1 36.82492357075131 -157.91390703036035 159.65643 109.78629 -999.0 -999.0 -999.0 -999.0 -999.0 23.056529600688524 -42.14817209678337 23.020163840095336 -42.004281506161384 59.518531178822116 235.51287586550328 -999.0 6231.0 -999.0 -1 -999 {-999.0 -999.0 -999.0 -999.0 -999.0} "" -999.0 -999.0 -999.0 -999.0 -999 -999 "" "" "" "" 0 0 0.0 0.0 -999 ""
FIBERMAP 909 R+1C23 APOGEE 0 0 0 1 0 0 196.52257515260985 7.076979751803414 143.1 62.38862444883253 186.48037188348556 271.9887 48.981365 -999.0 -999.0 -999.0 -999.0 -999.0 23.15532423380274 -41.10383648510642 23.120184524602905 -40.96029431335922 59.83080441351259 237.49155403129907 -999.0 16600.0 -999.0 2 -999 {-999.0 -999.0 -999.0 -999.0 -999.0} "" -999.0 -999.0 -999.0 -999.0 -999 -999 "" "" "" "" 0 0 0.0 0.0 -999 ""
FIBERMAP 909 R+1C23 BOSS 1 1 0 1 0 0 195.95188959127717 7.539534691562144 143.1 61.755143013693534 186.10850440751784 271.9887 48.981365 23.1526067737902 -41.10489905665413 8.953858 -10.709904 0.53588974 23.152647663683467 -41.10493670562505 23.11767407747874 -40.96136510045489 59.828722589774195 237.49028526374263 5400.0 5400.0 2016.0 1 190 {-999.0 16.354185 16.01068 15.907177 -999.0} sdss_psfmag_gaia 16.30112 16.027754 15.573395 14.771 63050395808840329 975972620 "" ops_std_boss ops_std standard_boss 0 0 0.0 0.0 -999 ""
FIBERMAP 909 R+1C23 METROLOGY 0 0 0 1 0 0 196.63440901580356 7.8165684238632736 143.1 61.73545506903345 186.8448043499592 271.9887 48.981365 -999.0 -999.0 -999.0 -999.0 -999.0 23.15260954741632 -41.10268147384795 23.117593778334367 -40.95911796094276 59.829146956156556 237.49467764604088 -999.0 6231.0 -999.0 -1 -999 {-999.0 -999.0 -999.0 -999.0 -999.0} "" -999.0 -999.0 -999.0 -999.0 -999 -999 "" "" "" "" 0 0 0.0 0.0 -999 ""
FIBERMAP 911 R+5C9 APOGEE 0 0 0 1 0 0 -57.061404879091015 110.74495234502308 143.1 -123.72415949317221 -14.53274966924086 100.543175 111.73634 -999.0 -999.0 -999.0 -999.0 -999.0 22.402361637282635 -41.71286002690722 22.368198071033873 -41.568528440550594 59.146623966696446 236.56484324348833 -999.0 16600.0 -999.0 2 43 {-999.0 -999.0 -999.0 -999.0 -999.0} "" -999.0 -999.0 -999.0 -999.0 -999 -999 "" ops_sky_apogee_best_unassigned ops_sky sky_apogee 0 0 0.0 0.0 -999 ""
FIBERMAP 911 R+5C9 BOSS 1 1 0 1 0 0 -56.42878356752302 111.11309587422265 143.1 -123.84667250709558 -13.811171255982911 100.543175 111.73634 22.40162784867276 -41.71069983197259 0.004191131 0.08452177 -0.13753532 22.401626401247665 -41.71070377368514 22.36763482697586 -41.566343843287676 59.146694316036005 236.5691793868091 5400.0 5400.0 2016.0 1 77 {-999.0 19.20306 19.116259 19.038818 18.969534} sdss_psfmag_from_lsdr10 19.069078 18.947603 18.588736 -999.0 63050395809334027 1131342757 dark_flexible_3x1 bhm_spiders_agn_lsdr10_d3 bhm_spiders science 0 0 0.0 0.0 -999 ""
FIBERMAP 911 R+5C9 METROLOGY 0 0 0 1 0 0 -56.401895626458696 110.38800019936585 143.1 -123.15835616066497 -14.040635221182656 100.543175 111.73634 -999.0 -999.0 -999.0 -999.0 -999.0 22.404445779690995 -41.71140369147375 22.37039871309156 -41.56705397657471 59.14855489869669 236.56694013357935 -999.0 6231.0 -999.0 -1 -999 {-999.0 -999.0 -999.0 -999.0 -999.0} "" -999.0 -999.0 -999.0 -999.0 -999 -999 "" "" "" "" 0 0 0.0 0.0 -999 ""
FIBERMAP 913 R-2C5 APOGEE 0 0 0 1 0 0 -192.5093202542979 -30.69837149806491 143.1 -38.863628524233384 -191.0182667886533 166.47884 98.13673 -999.0 -999.0 -999.0 -999.0 -999.0 22.747037303823518 -42.248314381121965 22.71119357578897 -42.1041543022826 59.27176837186087 235.4315724202158 -999.0 16600.0 -999.0 2 287 {-999.0 -999.0 -999.0 -999.0 -999.0} "" -999.0 -999.0 -999.0 -999.0 -999 -999 "" ops_sky_apogee_best_unassigned ops_sky sky_apogee 0 0 0.0 0.0 -999 ""
FIBERMAP 913 R-2C5 BOSS 1 1 0 1 0 0 -192.44065665427442 -29.976067844474187 143.1 -39.51577519502843 -190.70032278763952 166.47884 98.13673 22.744181841621376 -42.24743436911068 -1.24753 3.080921 0.6997558 22.74418477848106 -42.24743903680447 22.7085164252033 -42.10324602423002 59.27005923536946 235.43423359501998 5400.0 5400.0 2016.0 1 471 {-999.0 21.305439 21.172215 20.90975 20.663363} sdss_psfmag_from_lsdr10 20.79313 20.852238 20.03989 -999.0 63050395808838047 1131337748 dark_flexible_3x1 bhm_spiders_agn_lsdr10_d3 bhm_spiders science 0 0 0.0 0.0 -999 ""
FIBERMAP 913 R-2C5 METROLOGY 0 0 0 1 0 0 -191.8292489542226 -30.383053805472535 143.1 -38.92001971649806 -190.27081441448044 166.47884 98.13673 -999.0 -999.0 -999.0 -999.0 -999.0 22.7466633499987 -42.24616347206969 22.71094330830067 -42.10198157993105 59.27211130007032 235.43578702076536 -999.0 6231.0 -999.0 -1 -999 {-999.0 -999.0 -999.0 -999.0 -999.0} "" -999.0 -999.0 -999.0 -999.0 -999 -999 "" "" "" "" 0 0 0.0 0.0 -999 ""
FIBERMAP 915 R+5C16 APOGEE 0 0 0 1 0 0 100.39277067282649 111.56644363083622 143.1 -69.19878427551672 133.17287612938108 102.758865 106.26336 -999.0 -999.0 -999.0 -999.0 -999.0 22.62540053341414 -41.26538545108662 22.59133515061643 -41.121346019458144 59.40674925025891 237.34870012852315 -999.0 16600.0 -999.0 2 68 {-999.0 -999.0 -999.0 -999.0 -999.0} "" -999.0 -999.0 -999.0 -999.0 -999 -999 "" ops_sky_apogee_best_unassigned ops_sky sky_apogee 0 0 0.0 0.0 -999 ""
FIBERMAP 915 R+5C16 BOSS 1 1 0 1 0 0 101.04472845079506 111.91574974383569 143.1 -69.29687013043568 133.90594309782907 102.758865 106.26336 22.624642908751362 -41.263123034452484 38.83929 -1.6676558 2.2773452 22.624809366089085 -41.263134611622625 22.590913214968566 -41.119068401117346 59.40692003506146 237.35320625166426 5400.0 5400.0 2016.0 1 222 {-999.0 21.997606 20.055462 18.522732 -999.0} sdss_psfmag_gaia 20.895826 19.247839 18.033733 15.717 63050395809808683 1121057719 dark_1x1 openfibertargets_mwm_snc_further_ext_boss open_fiber science 0 0 0.0 0.0 -999 ""
FIBERMAP 915 R+5C16 METROLOGY 0 0 0 1 0 0 101.02570277944284 111.18038875567247 143.1 -68.61506670846352 133.6298873634494 102.758865 106.26336 -999.0 -999.0 -999.0 -999.0 -999.0 22.627592211853546 -41.26394916471812 22.59364131480129 -41.119892737576414 59.40875452774593 237.3507694534386 -999.0 6231.0 -999.0 -1 -999 {-999.0 -999.0 -999.0 -999.0 -999.0} "" -999.0 -999.0 -999.0 -999.0 -999 -999 "" "" "" "" 0 0 0.0 0.0 -999 ""
FIBERMAP 922 R-1C18 APOGEE 0 0 0 1 0 0 100.29499200752923 -30.731148636772737 143.1 63.99359879084525 83.10949467695112 252.33087 131.92894 -999.0 -999.0 -999.0 -999.0 -999.0 23.163909270270246 -41.4166453785473 23.128274447032823 -41.27303892351338 59.76801675182948 236.882366491494 -999.0 16600.0 -999.0 2 212 {-999.0 -999.0 -999.0 -999.0 -999.0} "" -999.0 -999.0 -999.0 -999.0 -999 -999 "" ops_sky_apogee_best_unassigned ops_sky sky_apogee 0 0 0.0 0.0 -999 ""
FIBERMAP 922 R-1C18 BOSS 1 1 0 1 0 0 99.56406320827865 -30.929473094277256 143.1 63.9225945200106 82.3555122477019 252.33087 131.92894 23.16304634149544 -41.41877593877649 30.596771 -51.59554 0.6916448 23.163520783559807 -41.41891550604031 23.128045475648946 -41.27528015759701 59.767346281285526 236.87810536225777 5400.0 5400.0 2016.0 1 301 {-999.0 15.828682 15.519532 15.429857 -999.0} sdss_psfmag_gaia 15.791524 15.531639 15.1011305 14.296 63050395808840031 1136525218 dark_flexible_3x1 mwm_halo_local_high_boss_triple mwm_halo science 0 0 0.913202166557312 0.0 -999 ""
FIBERMAP 922 R-1C18 METROLOGY 0 0 0 1 0 0 99.76786191051124 -30.209693432297286 143.1 63.32026747122279 82.79909068676632 252.33087 131.92894 -999.0 -999.0 -999.0 -999.0 -999.0 23.16112906764425 -41.417560379830384 23.125615887556307 -41.27393118587913 59.76586944123013 236.88152961926943 -999.0 6231.0 -999.0 -1 -999 {-999.0 -999.0 -999.0 -999.0 -999.0} "" -999.0 -999.0 -999.0 -999.0 -999 -999 "" "" "" "" 0 0 0.0 0.0 -999 ""
FIBERMAP 923 R+4C16 APOGEE 0 0 0 1 0 0 77.20173929262037 95.3568600866538 143.1 -62.16668180542503 105.76772016211602 193.80055 28.532293 -999.0 -999.0 -999.0 -999.0 -999.0 22.65347216287196 -41.348409197124106 22.61921427653641 -41.2043748093211 59.40958735915194 237.18051312941685 -999.0 16600.0 -999.0 2 -999 {-999.0 -999.0 -999.0 -999.0 -999.0} "" -999.0 -999.0 -999.0 -999.0 -999 -999 "" "" "" "" 0 0 0.0 0.0 -999 ""
FIBERMAP 923 R+4C16 BOSS 1 1 0 1 0 0 77.76785475254057 95.87542610244654 143.1 -62.453383922970886 106.47985731418684 193.80055 28.532293 22.652070822399075 -41.346157791128405 7.571592 -11.950164 0.1374787 22.652114011619467 -41.346223312283165 22.618027285151072 -41.20216112362513 59.40918910658963 237.18513797489888 5400.0 5400.0 2016.0 1 219 {-999.0 16.916924 16.379515 16.196981 -999.0} sdss_psfmag_gaia 16.798689 16.41689 15.863434 14.789 63050395809808442 1133158853 dark_flexible_3x1 mwm_halo_mp_xp_boss_triple mwm_halo science 0 0 0.0 0.0 -999 ""
FIBERMAP 923 R+4C16 METROLOGY 0 0 0 1 0 0 77.91824658651208 95.1421148548183 143.1 -61.714003816733445 106.36313925811594 193.80055 28.532293 -999.0 -999.0 -999.0 -999.0 -999.0 22.655138956126212 -41.346560418602124 22.620997534721596 -41.20250843332541 59.41129766386876 237.18353087211017 -999.0 6231.0 -999.0 -1 -999 {-999.0 -999.0 -999.0 -999.0 -999.0} "" -999.0 -999.0 -999.0 -999.0 -999 -999 "" "" "" "" 0 0 0.0 0.0 -999 ""
FIBERMAP 924 R-11C4 APOGEE 0 0 1 1 0 0 -100.55046188882065 -205.8477173710262 143.1 157.41464664801177 -166.43005873681582 7.2779512 173.1391 -999.0 -999.0 -999.0 -999.0 -999.0 23.549163333047677 -42.170999955244014 23.511385954279945 -42.02756251334702 59.8663669443632 235.2891517044255 -999.0 16600.0 -999.0 2 178 {-999.0 -999.0 -999.0 -999.0 -999.0} "" -999.0 -999.0 -999.0 -999.0 -999 -999 "" ops_sky_apogee_best_unassigned ops_sky sky_apogee 0 0 0.0 0.0 -999 ""
FIBERMAP 924 R-11C4 BOSS 1 0 1 1 0 0 -99.80749656986241 -205.8210648433706 143.1 157.6506064524029 -165.7250945328363 7.2779512 173.1391 23.504779174478287 -42.17132931904641 -999.0 -999.0 -999.0 23.54998097888661 -42.16892229772435 23.51236691086916 -42.02545472075821 59.86760315901303 235.2928492851933 5400.0 5400.0 2015.5 1 424 {-999.0 -999.0 -999.0 -999.0 -999.0} "" -999.0 -999.0 -999.0 -999.0 27021603160867971 813986247 "" ops_sky_boss_good ops_sky sky_boss 0 0 0.0 0.0 -999 ""
FIBERMAP 924 R-11C4 METROLOGY 0 0 1 1 0 0 -100.15735187062053 -206.48526085235267 143.1 158.149601154244 -166.28589930181096 7.2779512 173.1391 -999.0 -999.0 -999.0 -999.0 -999.0 23.552106150991673 -42.17061406739798 23.514438041344988 -42.02715688455214 59.86866316635836 235.28879565731307 -999.0 6231.0 -999.0 -1 -999 {-999.0 -999.0 -999.0 -999.0 -999.0} "" -999.0 -999.0 -999.0 -999.0 -999 -999 "" "" "" "" 0 0 0.0 0.0 -999 ""
FIBERMAP 926 R+12C11 APOGEE 0 0 0 1 0 0 76.97807035951209 226.05003057716124 143.1 -184.6072614900248 151.45492308111585 315.51318 127.18145 -999.0 -999.0 -999.0 -999.0 -999.0 22.161729751933724 -41.209207605477346 22.12890238425979 -41.06478886898464 59.07749551072115 237.59795819854793 -999.0 16600.0 -999.0 2 -999 {-999.0 -999.0 -999.0 -999.0 -999.0} "" -999.0 -999.0 -999.0 -999.0 -999 -999 "" "" "" "" 0 0 0.0 0.0 -999 ""
FIBERMAP 926 R+12C11 BOSS 1 1 0 1 0 0 76.88508734879518 225.29047946238876 143.1 -183.9287821775085 151.10112942677733 315.51318 127.18145 22.164233109590665 -41.21026748905124 -0.003617291 -0.016198318 0.22650966 22.164236654050345 -41.210291405272635 22.131568252506383 -41.065848494430554 59.07924909243971 237.59514639474142 5400.0 5400.0 2016.0 1 107 {-999.0 18.683218 18.484398 18.439314 -999.0} sdss_psfmag_gaia 18.700294 18.477888 18.131548 -999.0 63050395809809538 1092294478 dark_flexible_2x1 mwm_cb_galex_mag_boss mwm_cb science 0 0 0.0 0.0 -999 ""
FIBERMAP 926 R+12C11 METROLOGY 0 0 0 1 0 0 76.2874148417156 225.7628143301741 143.1 -184.58089734298142 150.70742980818437 315.51318 127.18145 -999.0 -999.0 -999.0 -999.0 -999.0 22.161613043278308 -41.211439261939525 22.128902294379373 -41.06700127086345 59.07704719827112 237.59374223974908 -999.0 6231.0 -999.0 -1 -999 {-999.0 -999.0 -999.0 -999.0 -999.0} "" -999.0 -999.0 -999.0 -999.0 -999 -999 "" "" "" "" 0 0 0.0 0.0 -999 ""
FIBERMAP 928 R-10C10 APOGEE 0 0 0 1 0 0 15.95460256414595 -177.90015050214578 143.1 172.16267733758363 -47.53712001755382 142.72574 81.14355 -999.0 -999.0 -999.0 -999.0 -999.0 23.605758174798382 -41.81079888480144 23.568405680740625 -41.66749519186482 59.996583911019115 235.96450317171417 -999.0 16600.0 -999.0 2 -999 {-999.0 -999.0 -999.0 -999.0 -999.0} "" -999.0 -999.0 -999.0 -999.0 -999 -999 "" "" "" "" 0 0 0.0 0.0 -999 ""
FIBERMAP 928 R-10C10 BOSS 1 1 0 1 0 0 16.50508290184781 -177.39847761231664 143.1 171.88630076380437 -46.84555381494392 142.72574 81.14355 23.60450688036406 -41.80878397367011 0.25803915 0.8918666 0.4705187 23.604535146031658 -41.80875775421253 23.5673497001564 -41.66542339370046 59.9963214285451 235.96890530316182 5400.0 5400.0 2016.0 1 403 {-999.0 20.891144 20.674278 20.485294 20.33775} sdss_psfmag_from_gaiadr2 20.683258 20.689425 19.959488 -999.0 63050395808838593 1130401393 dark_flexible_3x1 bhm_gua_dark_d3 bhm_filler science 0 0 0.0 0.0 -999 ""
FIBERMAP 928 R-10C10 METROLOGY 0 0 0 1 0 0 16.67743218720605 -178.09254476615303 143.1 172.59664940361273 -46.92793243787609 142.72574 81.14355 -999.0 -999.0 -999.0 -999.0 -999.0 23.607492214594487 -41.80898258976635 23.570253396692294 -41.66565934806768 59.998368503683416 235.9673948415771 -999.0 6231.0 -999.0 -1 -999 {-999.0 -999.0 -999.0 -999.0 -999.0} "" -999.0 -999.0 -999.0 -999.0 -999 -999 "" "" "" "" 0 0 0.0 0.0 -999 ""
FIBERMAP 929 R-3C18 APOGEE 1 1 0 1 0 0 113.3427779955675 -52.853525950276406 143.1 89.28786798619788 87.55663903971504 136.1946 131.44748 23.265760202678308 -41.40261903051905 87.82538 -83.76126 12.909498 23.266097204122353 -41.40285573483971 23.23022853470502 -41.259342668774664 59.84576784801021 236.87462817852526 16000.0 16600.0 2016.0 2 217 {-999.0 15.851413 14.472655 13.307363 -999.0} sdss_psfmag_from_g3xp 15.306459 13.99861 12.86702 10.729 63050395808839899 984790736 bright_1x1 mwm_snc_100pc_apogee mwm_snc science 0 0 0.0 0.0 -999 ""
FIBERMAP 929 R-3C18 BOSS 0 0 0 1 0 0 113.36271523404729 -52.10653372890293 143.1 88.5954948957379 87.83763287012107 136.1946 131.44748 -999.0 -999.0 -999.0 -999.0 -999.0 23.26318928592229 -41.40199670671667 23.22749059536011 -41.25845317966861 59.84396325653763 236.87727724920083 -999.0 5400.0 -999.0 1 309 {-999.0 -999.0 -999.0 -999.0 -999.0} "" -999.0 -999.0 -999.0 -999.0 -999 -999 "" "" "" "" 0 0 0.0 0.0 -999 ""
FIBERMAP 929 R-3C18 METROLOGY 0 0 0 1 0 0 114.00581073893468 -52.50835141564331 143.1 89.19753962718569 88.29862407028507 136.1946 131.44748 -999.0 -999.0 -999.0 -999.0 -999.0 23.26566942001303 -41.40057383106566 23.229920965858526 -41.25704078689097 59.84606170986528 236.8791963674637 -999.0 6231.0 -999.0 -1 -999 {-999.0 -999.0 -999.0 -999.0 -999.0} "" -999.0 -999.0 -999.0 -999.0 -999 -999 "" "" "" "" 0 0 0.0 0.0 -999 ""
FIBERMAP 931 R+4C2 APOGEE 0 0 0 1 0 0 -215.4704003490755 81.48388506834827 143.1 -151.95817385944522 -173.11969343406994 346.8867 147.37083 -999.0 -999.0 -999.0 -999.0 -999.0 22.28503411323367 -42.19245521601396 22.250462414478648 -42.047915201767744 58.95275827237494 235.69542033305396 -999.0 16600.0 -999.0 2 -999 {-999.0 -999.0 -999.0 -999.0 -999.0} "" -999.0 -999.0 -999.0 -999.0 -999 -999 "" "" "" "" 0 0 0.0 0.0 -999 ""
FIBERMAP 931 R+4C2 BOSS 1 1 0 1 0 0 -214.94222906994236 80.94819780941184 143.1 -151.2711520781856 -172.81331262235233 346.8867 147.37083 22.2871610269568 -42.19139149852978 -19.237795 -72.87564 2.0436614 22.287635780744083 -42.19160718293038 22.25322767661578 -42.04703964138076 58.954958733993365 235.69614909343943 5400.0 5400.0 2016.0 1 74 {-999.0 14.040663 13.700922 13.570068 -999.0} sdss_psfmag_from_g3xp 13.980824 13.696488 13.238332 12.405 63050395808353066 1136003462 dark_flexible_3x1 mwm_halo_local_high_boss_triple mwm_halo science 0 0 1.4638605117797852 0.0 -999 ""
FIBERMAP 931 R+4C2 METROLOGY 0 0 0 1 0 0 -215.65192145996215 80.75824858697582 143.1 -151.34253993070337 -173.54447117255097 346.8867 147.37083 -999.0 -999.0 -999.0 -999.0 -999.0 22.287351402145386 -42.19383003521747 22.25289284291074 -42.049270216305445 58.95419984961266 235.69205344301537 -999.0 6231.0 -999.0 -1 -999 {-999.0 -999.0 -999.0 -999.0 -999.0} "" -999.0 -999.0 -999.0 -999.0 -999 -999 "" "" "" "" 0 0 0.0 0.0 -999 ""
FIBERMAP 933 R+1C7 APOGEE 0 0 0 1 0 0 -166.63949208075744 16.865237170987996 143.1 -74.31033375744744 -150.09422075472227 248.83641 39.17635 -999.0 -999.0 -999.0 -999.0 -999.0 22.602142037714426 -42.12440088873497 22.566857515388165 -41.98014495711071 59.197158366375035 235.71689728832627 -999.0 16600.0 -999.0 2 14 {-999.0 -999.0 -999.0 -999.0 -999.0} "" -999.0 -999.0 -999.0 -999.0 -999 -999 "" ops_sky_apogee_best_unassigned ops_sky sky_apogee 0 0 0.0 0.0 -999 ""
FIBERMAP 933 R+1C7 BOSS 1 1 0 1 0 0 -166.91036290645332 17.578754329831526 143.1 -75.07349117989425 -150.09725291843532 248.83641 39.17635 22.598796327570856 -42.12447290702386 -999.0 -999.0 -999.0 22.598817148909344 -42.12448960698284 22.563708143440522 -41.98020078240835 59.194869638733984 235.71786564047216 5400.0 5400.0 2015.5 1 21 {-999.0 -999.0 -999.0 -999.0 -999.0} "" -999.0 -999.0 -999.0 -999.0 27021603160526463 813930571 "" ops_sky_boss_good ops_sky sky_boss 0 0 0.0 0.0 -999 ""
FIBERMAP 933 R+1C7 METROLOGY 0 0 0 1 0 0 -166.163073416567 17.43526989812345 143.1 -74.67672137456933 -149.44798861036773 248.83641 39.17635 -999.0 -999.0 -999.0 -999.0 -999.0 22.60047622444474 -42.12254040563044 22.565318523934934 -41.97826195884114 59.1964887977781 235.72099638228096 -999.0 6231.0 -999.0 -1 -999 {-999.0 -999.0 -999.0 -999.0 -999.0} "" -999.0 -999.0 -999.0 -999.0 -999 -999 "" "" "" "" 0 0 0.0 0.0 -999 ""
FIBERMAP 937 R+8C19 APOGEE 0 0 0 1 0 0 212.4243366707174 167.2942807781976 143.1 -82.0311446536587 257.63331294524534 70.21142 92.494354 -999.0 -999.0 -999.0 -999.0 -999.0 22.575927795045928 -40.89011345760658 22.542534118840933 -40.746117630948866 59.4478687012184 238.08555685835455 -999.0 16600.0 -999.0 2 101 {-999.0 -999.0 -999.0 -999.0 -999.0} "" -999.0 -999.0 -999.0 -999.0 -999 -999 "" ops_sky_apogee_best_unassigned ops_sky sky_apogee 0 0 0.0 0.0 -999 ""
FIBERMAP 937 R+8C19 BOSS 1 1 0 1 0 0 213.1506080903002 167.08447593600064 143.1 -81.57966317590572 258.2396087030527 70.21142 92.494354 22.577559646864863 -40.8883288985826 0.18174003 -0.07105275 -0.15205897 22.577583747553295 -40.88832692212392 22.544352225453736 -40.74430761124257 59.44958035298093 238.0885037107812 5400.0 5400.0 2016.0 1 175 {-999.0 18.387058 18.137848 17.914688 17.734217} sdss_psfmag_from_gaiadr2 18.422716 18.170359 17.61449 -999.0 63050395809810194 1057692044 bright_flexible_2x1 bhm_gua_bright bhm_filler science 0 0 0.0 0.0 -999 ""
FIBERMAP 937 R+8C19 METROLOGY 0 0 0 1 0 0 212.60425026458776 166.56496230279143 143.1 -81.28513539388463 257.5456369365905 70.21142 92.494354 -999.0 -999.0 -999.0 -999.0 -999.0 22.57877269230521 -40.890351812318606 22.545488923128346 -40.74634021953616 59.4500174927219 238.0842467132071 -999.0 6231.0 -999.0 -1 -999 {-999.0 -999.0 -999.0 -999.0 -999.0} "" -999.0 -999.0 -999.0 -999.0 -999 -999 "" "" "" "" 0 0 0.0 0.0 -999 ""
FIBERMAP 939 R+2C6 APOGEE 0 0 0 1 0 0 -166.48157945664224 42.31129010853322 143.1 -98.07885262708588 -141.010271133768 134.2351 139.7935 -999.0 -999.0 -999.0 -999.0 -999.0 22.505132175638856 -42.096609079562626 22.470137871298448 -41.952276864276506 59.133754226134045 235.80256976246187 -999.0 16600.0 -999.0 2 -999 {-999.0 -999.0 -999.0 -999.0 -999.0} "" -999.0 -999.0 -999.0 -999.0 -999 -999 "" "" "" "" 0 0 0.0 0.0 -999 ""
FIBERMAP 939 R+2C6 BOSS 1 1 0 1 0 0 -166.55475347849432 43.04065060207441 143.1 -98.78741659815728 -140.82264499483884 134.2351 139.7935 22.502030273859038 -42.0961056550344 -999.0 -999.0 -999.0 22.502023704747604 -42.09611286513139 22.46720567672577 -41.951748316095966 59.13175633233798 235.8045605271647 5400.0 5400.0 2016.0 1 49 {-999.0 22.992746 21.872688 21.303288 20.870062} sdss_fiber2mag_from_lsdr10 1e+20 1e+20 1e+20 -999.0 63050396614266972 1131340229 dark_flexible_3x1 bhm_spiders_agn_lsdr10_d3 bhm_spiders science 0 0 0.0 0.0 -999 ""
FIBERMAP 939 R+2C6 METROLOGY 0 0 0 1 0 0 -165.86930585031456 42.740963528458884 143.1 -98.26611893452151 -140.28613537893563 134.2351 139.7935 -999.0 -999.0 -999.0 -999.0 -999.0 22.504186575414604 -42.09450719683037 22.46931790562553 -41.950153301838576 59.13365515385506 235.80687192549163 -999.0 6231.0 -999.0 -1 -999 {-999.0 -999.0 -999.0 -999.0 -999.0} "" -999.0 -999.0 -999.0 -999.0 -999 -999 "" "" "" "" 0 0 0.0 0.0 -999 ""
FIBERMAP 947 R+11C15 APOGEE 0 0 0 1 0 0 156.9141856038471 206.81252718920047 143.1 -138.5242335816288 219.53965308060938 328.99725 118.39697 -999.0 -999.0 -999.0 -999.0 -999.0 22.348941939956852 -41.004413722259095 22.315943432297047 -40.86019896753622 59.257006340667026 237.93353676385453 -999.0 16600.0 -999.0 2 -999 {-999.0 -999.0 -999.0 -999.0 -999.0} "" -999.0 -999.0 -999.0 -999.0 -999 -999 "" "" "" "" 0 0 0.0 0.0 -999 ""
FIBERMAP 947 R+11C15 BOSS 1 1 0 1 0 0 156.90428881337598 206.09130259621733 143.1 -137.85245955379597 219.27710869559363 328.99725 118.39697 22.35143391645904 -41.00521647770199 -0.12807818 -0.08013979 0.1689567 22.351448882677495 -41.005226017786896 22.31860817520419 -40.86098771890227 59.258823494265435 237.93123721062926 5400.0 5400.0 2016.0 1 186 {-999.0 19.153515 19.087254 19.03154 18.984404} sdss_psfmag_from_lsdr10 19.258904 19.196835 18.79563 -999.0 63050395809809706 1131350142 dark_flexible_3x1 bhm_spiders_agn_lsdr10_d3 bhm_spiders science 0 0 0.0 0.0 -999 ""
FIBERMAP 947 R+11C15 METROLOGY 0 0 0 1 0 0 156.25172358429853 206.46519119991672 143.1 -138.43168112572786 218.79744333651146 328.99725 118.39697 -999.0 -999.0 -999.0 -999.0 -999.0 22.349128775837922 -41.00661861742181 22.316245009252896 -40.862385259256804 59.25679305053105 237.9292569735673 -999.0 6231.0 -999.0 -1 -999 {-999.0 -999.0 -999.0 -999.0 -999.0} "" -999.0 -999.0 -999.0 -999.0 -999 -999 "" "" "" "" 0 0 0.0 0.0 -999 ""
FIBERMAP 949 R+1C19 APOGEE 0 0 0 1 0 0 109.81898891623507 37.35493786419215 143.1 3.5923348512904103 115.9367374663653 210.10326 8.60881 -999.0 -999.0 -999.0 -999.0 -999.0 22.919249550999346 -41.31756035839291 22.884374385653814 -41.17376254568616 59.61103428010315 237.1545211942377 -999.0 16600.0 -999.0 2 -999 {-999.0 -999.0 -999.0 -999.0 -999.0} "" -999.0 -999.0 -999.0 -999.0 -999 -999 "" "" "" "" 0 0 0.0 0.0 -999 ""
FIBERMAP 949 R+1C19 BOSS 1 1 0 1 0 0 110.38467394774804 37.840577620525536 143.1 3.336308925866589 116.63690863806949 210.10326 8.60881 22.918027777183323 -41.31536699499627 0.28006887 -0.027504373 -0.5887375 22.918050055671063 -41.31540622086359 22.883344124261157 -41.17158051709039 59.61075198310364 237.15906479655757 5400.0 5400.0 2016.0 1 241 {-999.0 20.004492 19.867777 19.850159 19.861153} sdss_psfmag_from_lsdr10 20.008242 19.961725 19.52597 -999.0 63050395809808817 1131347764 dark_flexible_3x1 bhm_spiders_agn_lsdr10_d3 bhm_spiders science 0 0 0.0 0.0 -999 ""
FIBERMAP 949 R+1C19 METROLOGY 0 0 0 1 0 0 110.51576084501383 37.08289541150867 143.1 4.091726971370035 116.49355769923187 210.10326 8.60881 -999.0 -999.0 -999.0 -999.0 -999.0 22.921150676661586 -41.31581813397494 22.886390193773764 -41.172002776754255 59.61289813294999 237.15726411190127 -999.0 6231.0 -999.0 -1 -999 {-999.0 -999.0 -999.0 -999.0 -999.0} "" -999.0 -999.0 -999.0 -999.0 -999 -999 "" "" "" "" 0 0 0.0 0.0 -999 ""
FIBERMAP 952 R+4C8 APOGEE 0 0 0 1 0 0 -73.44026662478208 66.14322960356951 143.1 -87.71751037939248 -45.5306881057288 13.256157 59.28434 -999.0 -999.0 -999.0 -999.0 -999.0 22.548234585500268 -41.80738526130803 22.51356146244882 -41.66315587354834 59.23147601479082 236.33745748456454 -999.0 16600.0 -999.0 2 -999 {-999.0 -999.0 -999.0 -999.0 -999.0} "" -999.0 -999.0 -999.0 -999.0 -999 -999 "" "" "" "" 0 0 0.0 0.0 -999 ""
FIBERMAP 952 R+4C8 BOSS 1 1 0 1 0 0 -73.65866831756917 65.43624082386484 143.1 -87.13228710241688 -45.98344677515799 13.256157 59.28434 22.550343435146722 -41.808745611599576 11.59952 -33.02819 1.0977155 22.550378592543257 -41.80881995524214 22.515864339145935 -41.6645632947078 59.23283489646099 236.33401903930573 5400.0 5400.0 2016.0 1 33 {-999.0 18.257008 17.394775 17.067465 -999.0} sdss_psfmag_gaia 18.004345 17.432947 16.72467 15.576 63050395808839369 1136525220 dark_flexible_3x1 mwm_halo_local_high_boss_triple mwm_halo science 0 0 0.0 0.0 -999 ""
FIBERMAP 952 R+4C8 METROLOGY 0 0 0 1 0 0 -74.17107060810781 65.98378132119763 143.1 -87.8248688004804 -46.270901203930045 13.256157 59.28434 -999.0 -999.0 -999.0 -999.0 -999.0 22.54759317057792 -41.809681327767805 22.51303754929154 -41.665430250445226 59.230582080356555 236.3332985037833 -999.0 6231.0 -999.0 -1 -999 {-999.0 -999.0 -999.0 -999.0 -999.0} "" -999.0 -999.0 -999.0 -999.0 -999 -999 "" "" "" "" 0 0 0.0 0.0 -999 ""
FIBERMAP 953 R+4C11 APOGEE 0 0 0 1 0 0 -30.054210392403338 73.39037074557358 143.1 -79.26643255225494 -2.3652708270423974 162.07747 154.24057 -999.0 -999.0 -999.0 -999.0 -999.0 22.58304497855601 -41.676431329093745 22.548478250219375 -41.53226159474283 59.28622157115687 236.57560101856134 -999.0 16600.0 -999.0 2 -999 {-999.0 -999.0 -999.0 -999.0 -999.0} "" -999.0 -999.0 -999.0 -999.0 -999 -999 "" "" "" "" 0 0 0.0 0.0 -999 ""
FIBERMAP 953 R+4C11 BOSS 1 1 0 1 0 0 -30.61694410209781 73.95031493011923 143.1 -79.98830256025309 -2.6954923526500294 162.07747 154.24057 22.579881940850406 -41.67746035303764 0.18015695 0.08308889 0.12329563 22.57987938469994 -41.677458104308684 22.545485023201593 -41.5332571246528 59.283815688335146 236.5746757143694 5400.0 5400.0 2016.0 1 118 {-999.0 19.212072 19.162758 19.03292 18.901411} sdss_psfmag_from_lsdr10 19.105145 18.934217 18.610937 -999.0 63050395809808205 1131342759 dark_flexible_3x1 bhm_spiders_agn_lsdr10_d3 bhm_spiders science 0 0 0.0 0.0 -999 ""
FIBERMAP 953 R+4C11 METROLOGY 0 0 0 1 0 0 -29.89603229660882 74.1214507048167 143.1 -79.89536052197704 -1.960436453219673 162.07747 154.24057 -999.0 -999.0 -999.0 -999.0 -999.0 22.580302273456752 -41.675218826250266 22.545863148069884 -41.53102674791682 59.28458731120627 236.57880999061572 -999.0 6231.0 -999.0 -1 -999 {-999.0 -999.0 -999.0 -999.0 -999.0} "" -999.0 -999.0 -999.0 -999.0 -999 -999 "" "" "" "" 0 0 0.0 0.0 -999 ""
FIBERMAP 955 R-1C19 APOGEE 0 0 0 1 0 0 116.92651252675189 -35.158362095790885 143.1 73.97922624080874 97.1260843137979 275.51132 86.078415 -999.0 -999.0 -999.0 -999.0 -999.0 23.203998722990672 -41.37403709031481 23.16832877899776 -41.230475760664994 59.80689984805644 236.95139456498202 -999.0 16600.0 -999.0 2 -999 {-999.0 -999.0 -999.0 -999.0 -999.0} "" -999.0 -999.0 -999.0 -999.0 -999 -999 "" "" "" "" 0 0 0.0 0.0 -999 ""
FIBERMAP 955 R-1C19 BOSS 1 1 0 1 0 0 116.20263491280252 -35.177152500460885 143.1 73.74260867965081 96.44175206161805 275.51132 86.078415 23.202921542404372 -41.37611426007173 0.08752776 -0.024940247 0.0354585 23.202945547930618 -41.37609249276946 23.16743676408322 -41.23250184744095 59.80579267018661 236.9477665562572 5400.0 5400.0 2016.0 1 302 {-999.0 18.695637 18.182169 18.033731 17.938957} sdss_psfmag_from_lsdr10 18.520283 18.173443 17.613495 15.889 63050395808840168 1058556366 dark_flexible_2x1 bhm_spiders_agn_lsdr10 bhm_spiders science 0 0 0.0 0.0 -999 ""
FIBERMAP 955 R-1C19 METROLOGY 0 0 0 1 0 0 116.5282792607711 -34.52518875249352 143.1 73.24656412095679 96.97559351852715 275.51132 86.078415 -999.0 -999.0 -999.0 -999.0 -999.0 23.20098457971336 -41.37446179094201 23.165437354407572 -41.230877706683955 59.8046905100453 236.95158289088062 -999.0 6231.0 -999.0 -1 -999 {-999.0 -999.0 -999.0 -999.0 -999.0} "" -999.0 -999.0 -999.0 -999.0 -999 -999 "" "" "" "" 0 0 0.0 0.0 -999 ""
FIBERMAP 960 R+13C6 APOGEE 0 0 0 1 0 0 -37.016511309160116 270.5276291744213 143.1 -266.28203151942193 60.346585632501096 139.78589 71.22187 -999.0 -999.0 -999.0 -999.0 -999.0 21.830066449902112 -41.48285730710489 21.797681460849276 -41.338101721998676 58.77781615943192 237.17791735873948 -999.0 16600.0 -999.0 2 51 {-999.0 -999.0 -999.0 -999.0 -999.0} "" -999.0 -999.0 -999.0 -999.0 -999 -999 "" ops_sky_apogee_best_unassigned ops_sky sky_apogee 0 0 0.0 0.0 -999 ""
FIBERMAP 960 R+13C6 BOSS 1 1 0 1 0 0 -36.373715158016154 270.9346197614559 143.1 -266.43734207153415 61.091332528465564 139.78589 71.22187 21.82923998955775 -41.48053089374783 20.16118 -31.599669 0.95408523 21.829328613917415 -41.48063144053545 21.7971180242767 -41.33584912996731 58.77786378026926 237.18233800911008 5400.0 5400.0 2016.0 1 88 {-999.0 18.828215 17.832148 17.436647 -999.0} sdss_psfmag_gaia 18.502468 17.856009 17.07838 15.587 63050395809335215 1136526594 dark_flexible_3x1 mwm_halo_local_high_boss_triple mwm_halo science 0 0 0.0 0.0 -999 ""
FIBERMAP 960 R+13C6 METROLOGY 0 0 0 1 0 0 -36.34909648209072 270.1846039599875 143.1 -265.72649106829795 60.85099254489665 139.78589 71.22187 -999.0 -999.0 -999.0 -999.0 -999.0 21.83213958192734 -41.481357588590726 21.799872860681376 -41.33658495825925 58.77973751774387 237.180130689706 -999.0 6231.0 -999.0 -1 -999 {-999.0 -999.0 -999.0 -999.0 -999.0} "" -999.0 -999.0 -999.0 -999.0 -999 -999 "" "" "" "" 0 0 0.0 0.0 -999 ""
FIBERMAP 961 R-2C8 APOGEE 0 0 0 1 0 0 -126.39495103208841 -26.018515357166926 143.1 -20.02722749878924 -127.47494557836747 182.55846 63.901344 -999.0 -999.0 -999.0 -999.0 -999.0 22.824004380542892 -42.05625170175889 22.788255351117016 -41.912201992108145 59.37320798232944 235.77011643388047 -999.0 16600.0 -999.0 2 -999 {-999.0 -999.0 -999.0 -999.0 -999.0} "" -999.0 -999.0 -999.0 -999.0 -999 -999 "" "" "" "" 0 0 0.0 0.0 -999 ""
FIBERMAP 961 R-2C8 BOSS 1 1 0 1 0 0 -126.02108919471576 -25.26202184546336 143.1 -20.604205550492225 -126.85925170217475 182.55846 63.901344 22.821406086619728 -42.05450397792749 20.777758 4.2018785 2.4151397 22.821465475199457 -42.05448009729578 22.785891325913383 -41.910398561484456 59.37192560396882 235.77437316901467 5400.0 5400.0 2016.0 1 497 {-999.0 20.483604 18.769907 17.7745 -999.0} sdss_psfmag_gaia 19.70124 18.436483 17.36477 15.181 63050395808839010 1121036560 dark_1x1 openfibertargets_mwm_snc_further_ext_boss open_fiber science 0 0 0.0 0.0 -999 ""
FIBERMAP 961 R-2C8 METROLOGY 0 0 0 1 0 0 -125.65356633880273 -25.91928354090928 143.1 -19.859775440951868 -126.74597296595105 182.55846 63.901344 -999.0 -999.0 -999.0 -999.0 -999.0 22.824552150369907 -42.05414203649855 22.788923661597835 -41.91007175643654 59.374195475723056 235.7739480226005 -999.0 6231.0 -999.0 -1 -999 {-999.0 -999.0 -999.0 -999.0 -999.0} "" -999.0 -999.0 -999.0 -999.0 -999 -999 "" "" "" "" 0 0 0.0 0.0 -999 ""
FIBERMAP 966 R-8C2 APOGEE 0 0 0 1 0 0 -180.5713392046444 -171.5353386128113 143.1 97.18793649900685 -229.30017750138208 288.3372 91.02739 -999.0 -999.0 -999.0 -999.0 -999.0 23.304369571466687 -42.36228416716098 23.26691720796026 -42.218584550423664 59.642672419328676 235.01314221253534 -999.0 16600.0 -999.0 2 -999 {-999.0 -999.0 -999.0 -999.0 -999.0} "" -999.0 -999.0 -999.0 -999.0 -999 -999 "" "" "" "" 0 0 0.0 0.0 -999 ""
FIBERMAP 966 R-8C2 BOSS 1 1 0 1 0 0 -181.24327155261187 -171.80717765904274 143.1 97.20647884916238 -230.02474098739077 288.3372 91.02739 23.30421691845318 -42.364585274555914 24.469995 17.071209 2.772805 23.30429987696539 -42.36451103257768 23.26700821619727 -42.22077904028083 59.64218187234533 235.00890785775783 5400.0 5400.0 2016.0 1 456 {-999.0 -999.0 -999.0 -999.0 -999.0} "" -999.0 19.732952 -999.0 -999.0 63050395808834172 1122039568 dark_1x1 openfibertargets_mwm_snc_further_ext_boss open_fiber science 0 0 0.0 0.0 -999 ""
FIBERMAP 966 R-8C2 METROLOGY 0 0 0 1 0 0 -181.15124628770675 -171.06289179907435 143.1 96.54195535622071 -229.67720485382733 288.3372 91.02739 -999.0 -999.0 -999.0 -999.0 -999.0 23.30164682712539 -42.363514328404456 23.2643170772115 -42.219789233009244 59.64050453014055 235.0118010380907 -999.0 6231.0 -999.0 -1 -999 {-999.0 -999.0 -999.0 -999.0 -999.0} "" -999.0 -999.0 -999.0 -999.0 -999 -999 "" "" "" "" 0 0 0.0 0.0 -999 ""
FIBERMAP 968 R0C21 APOGEE 0 0 0 1 0 0 171.17325834551366 -12.149814263961467 143.1 71.48765979933479 155.9949330443686 359.41107 70.51862 -999.0 -999.0 -999.0 -999.0 -999.0 23.19261759824532 -41.19584003472327 23.15724655643919 -41.05230959846448 59.8381532827614 237.30072649485788 -999.0 16600.0 -999.0 2 83 {-999.0 -999.0 -999.0 -999.0 -999.0} "" -999.0 -999.0 -999.0 -999.0 -999 -999 "" ops_sky_apogee_best_unassigned ops_sky sky_apogee 0 0 0.0 0.0 -999 ""
FIBERMAP 968 R0C21 BOSS 1 1 0 1 0 0 170.8811513379903 -12.850703503717892 143.1 72.04128864440787 155.4753094896731 359.41107 70.51862 23.194575749945983 -41.19732439142543 35.499634 -10.222408 0.9429046 23.194733249972998 -41.19737455017666 23.15951584574509 -41.0538184026784 59.83949352029762 237.29705184341265 5400.0 5400.0 2016.0 1 254 {-999.0 17.96349 17.151403 16.848076 -999.0} sdss_psfmag_gaia 17.708408 17.192528 16.482225 14.99 63050395808840298 1136525215 dark_flexible_3x1 mwm_halo_local_high_boss_triple mwm_halo science 0 0 0.0 0.0 -999 ""
FIBERMAP 968 R0C21 METROLOGY 0 0 0 1 0 0 170.43346192785538 -12.274117910664934 143.1 71.34423911651588 155.25864277728797 359.41107 70.51862 -999.0 -999.0 -999.0 -999.0 -999.0 23.191988315353246 -41.198009058269854 23.156731079049052 -41.054458059422515 59.837304528178144 237.29672288390904 -999.0 6231.0 -999.0 -1 -999 {-999.0 -999.0 -999.0 -999.0 -999.0} "" -999.0 -999.0 -999.0 -999.0 -999 -999 "" "" "" "" 0 0 0.0 0.0 -999 ""
FIBERMAP 970 R-3C14 APOGEE 0 0 0 1 0 0 33.01136744668296 -43.296277529505275 143.1 52.12920045303962 15.702316034373688 104.46932 102.807144 -999.0 -999.0 -999.0 -999.0 -999.0 23.11696398739359 -41.62135858414285 23.081134895536024 -41.477663844010124 59.687152272873675 236.5029493142859 -999.0 16600.0 -999.0 2 231 {-999.0 -999.0 -999.0 -999.0 -999.0} "" -999.0 -999.0 -999.0 -999.0 -999 -999 "" ops_sky_apogee_best_unassigned ops_sky sky_apogee 0 0 0.0 0.0 -999 ""
FIBERMAP 970 R-3C14 BOSS 1 1 0 1 0 0 33.63205589967137 -42.91876153485931 143.1 51.993721867055996 16.416013665556008 104.46932 102.807144 23.116285073372325 -41.619212509166395 -0.000969662 -0.40411144 0.13503982 23.116283432777625 -41.61921132030267 23.0806221553118 -41.47548773997618 59.68727733693244 236.50732046956142 5400.0 5400.0 2016.0 1 340 {-999.0 20.480778 20.1696 19.880121 19.640305} sdss_psfmag_from_gaiadr2 20.575262 20.23848 19.622778 -999.0 63050395808839700 1130401436 dark_flexible_3x1 bhm_gua_dark_d3 bhm_filler science 0 0 0.0 0.0 -999 ""
FIBERMAP 970 R-3C14 METROLOGY 0 0 0 1 0 0 33.659345688066566 -43.65855823531835 143.1 52.69594323078831 16.18176324948276 104.46932 102.807144 -999.0 -999.0 -999.0 -999.0 -999.0 23.119191471631517 -41.61990569449468 23.083475674119597 -41.47619264760215 59.689196692565176 236.50498967901297 -999.0 6231.0 -999.0 -1 -999 {-999.0 -999.0 -999.0 -999.0 -999.0} "" -999.0 -999.0 -999.0 -999.0 -999 -999 "" "" "" "" 0 0 0.0 0.0 -999 ""
FIBERMAP 974 R+9C1 APOGEE 0 0 0 1 0 0 -178.78778302362332 163.5761998824977 143.1 -215.93530821272395 -109.94639339797531 338.4986 92.55923 -999.0 -999.0 -999.0 -999.0 -999.0 22.02623394157111 -41.99961851216071 21.992609381396335 -41.854906736010975 58.80981140521176 236.1433648364955 -999.0 16600.0 -999.0 2 47 {-999.0 -999.0 -999.0 -999.0 -999.0} "" -999.0 -999.0 -999.0 -999.0 -999 -999 "" ops_sky_apogee_best_unassigned ops_sky sky_apogee 0 0 0.0 0.0 -999 ""
FIBERMAP 974 R+9C1 BOSS 1 1 0 1 0 0 -178.98449057443582 162.83212911613117 143.1 -215.30774825606045 -110.39186322693706 338.4986 92.55923 22.028579305274764 -42.00104362629787 -999.0 -999.0 -999.0 22.02856333941007 -42.00102776826411 21.9951006340645 -41.85628874313059 58.81131326401179 236.13996637509308 5400.0 5400.0 2015.5 1 83 {-999.0 -999.0 -999.0 -999.0 -999.0} "" -999.0 -999.0 -999.0 -999.0 27021603161215387 814039712 "" ops_sky_boss_good ops_sky sky_boss 0 0 0.0 0.0 -999 ""
FIBERMAP 974 R+9C1 METROLOGY 0 0 0 1 0 0 -179.50409233060842 163.3799635402937 143.1 -216.0031334409264 -110.68595496502503 338.4986 92.55923 -999.0 -999.0 -999.0 -999.0 -999.0 22.025738668773936 -42.001901627691545 21.99223380620856 -41.857168242290136 58.80903589912671 236.13922740115606 -999.0 6231.0 -999.0 -1 -999 {-999.0 -999.0 -999.0 -999.0 -999.0} "" -999.0 -999.0 -999.0 -999.0 -999 -999 "" "" "" "" 0 0 0.0 0.0 -999 ""
FIBERMAP 976 R-8C8 APOGEE 0 0 0 1 0 0 -37.655700223788514 -170.9528692319777 143.1 146.83147748381097 -95.29025719700368 324.08463 83.355194 -999.0 -999.0 -999.0 -999.0 -999.0 23.504345293991197 -41.95624617528339 23.467020450192365 -41.812817977943006 59.88776851727813 235.7199732179445 -999.0 16600.0 -999.0 2 -999 {-999.0 -999.0 -999.0 -999.0 -999.0} "" -999.0 -999.0 -999.0 -999.0 -999 -999 "" "" "" "" 0 0 0.0 0.0 -999 ""
FIBERMAP 976 R-8C8 BOSS 1 1 0 1 0 0 -38.09517245982744 -171.5174781022217 143.1 147.205761778269 -95.89999335100728 324.08463 83.355194 23.50578161511099 -41.95818153035801 -999.0 -999.0 -999.0 23.5057931303656 -41.95814642777107 23.468623356691637 -41.81468859953577 59.88846804840439 235.71577451520432 5400.0 5400.0 2016.0 1 382 {-999.0 21.9528 21.670034 21.223099 20.880453} sdss_fiber2mag_from_lsdr10 20.554115 21.164818 19.936365 -999.0 63050395808838437 1131340246 dark_flexible_3x1 bhm_spiders_agn_lsdr10_d3 bhm_spiders science 0 0 0.0 0.0 -999 ""
FIBERMAP 976 R-8C8 METROLOGY 0 0 0 1 0 0 -38.38901977626964 -170.80542212029022 143.1 146.43590354241906 -95.92505048479022 324.08463 83.355194 -999.0 -999.0 -999.0 -999.0 -999.0 23.502734103525505 -41.958248613174376 23.465526100903446 -41.81479666569198 59.886203627683074 235.71669394963982 -999.0 6231.0 -999.0 -1 -999 {-999.0 -999.0 -999.0 -999.0 -999.0} "" -999.0 -999.0 -999.0 -999.0 -999 -999 "" "" "" "" 0 0 0.0 0.0 -999 ""
FIBERMAP 977 R+4C7 APOGEE 1 1 0 1 0 0 -108.78541091533577 91.45960563928845 143.1 -123.83252417485619 -69.7321649570271 85.43248 108.62658 22.400928286856992 -41.88036611469592 16.340977 18.198723 1.7466297 22.40099913187689 -41.88029690519625 22.366592181803355 -41.735925895110704 59.10817396316587 236.24732896440878 16000.0 16600.0 2016.0 2 31 {-999.0 12.80042 12.159527 11.950557 -999.0} sdss_psfmag_from_g3xp 12.639853 12.205347 11.609927 10.493 63050395809333941 1113945092 bright_1x1 openfibertargets_mwm_subgiant_nataf24_apogee open_fiber science 0 0 0.0 0.0 -999 ""
FIBERMAP 977 R+4C7 BOSS 0 0 0 1 0 0 -108.068982307346 91.67292088055379 143.1 -123.7806472419885 -68.98649395406406 85.43248 108.62658 -999.0 -999.0 -999.0 -999.0 -999.0 22.400976452001913 -41.878097689645244 22.366740271068807 -41.733698311650656 59.10878280812121 236.25150806788807 -999.0 5400.0 -999.0 1 52 {-999.0 -999.0 -999.0 -999.0 -999.0} "" -999.0 -999.0 -999.0 -999.0 -999 -999 "" "" "" "" 0 0 0.0 0.0 -999 ""
FIBERMAP 977 R+4C7 METROLOGY 0 0 0 1 0 0 -108.22658993825821 90.94839709853031 143.1 -123.15765718591065 -69.38849184013992 85.43248 108.62658 -999.0 -999.0 -999.0 -999.0 -999.0 22.40353373109276 -41.87932686979934 22.369241759425393 -41.73493754311247 59.1103228412523 236.24833810875657 -999.0 6231.0 -999.0 -1 -999 {-999.0 -999.0 -999.0 -999.0 -999.0} "" -999.0 -999.0 -999.0 -999.0 -999 -999 "" "" "" "" 0 0 0.0 0.0 -999 ""
FIBERMAP 978 R-1C23 APOGEE 0 0 0 1 0 0 215.03622495124708 2.075016700831366 143.1 73.5733267105861 202.05727337311282 153.7349 29.472399 -999.0 -999.0 -999.0 -999.0 -999.0 23.19989152888191 -41.05676200511094 23.16471284325206 -40.91326993981667 59.87376311704299 237.56860191257914 -999.0 16600.0 -999.0 2 -999 {-999.0 -999.0 -999.0 -999.0 -999.0} "" -999.0 -999.0 -999.0 -999.0 -999 -999 "" "" "" "" 0 0 0.0 0.0 -999 ""
FIBERMAP 978 R-1C23 BOSS 1 1 0 1 0 0 215.7730271513416 2.0948483786041443 143.1 73.81350821043851 202.75407199615853 153.7349 29.472399 23.20068587185624 -41.05462089613109 -0.22456321 -0.46895662 2.7926664 23.200697869089602 -41.05464271057718 23.165681167109824 -40.911125153780524 59.874938077240415 237.5724628580293 5400.0 5400.0 2016.0 1 288 {-999.0 21.291986 20.794111 20.34476 19.958664} sdss_psfmag_from_gaiadr2 21.297506 20.965427 19.982859 -999.0 63050395808840335 1130401451 dark_flexible_3x1 bhm_gua_dark_d3 bhm_filler science 0 0 0.0 0.0 -999 ""
FIBERMAP 978 R-1C23 METROLOGY 0 0 0 1 0 0 215.4432761558967 1.4474758387439728 143.1 74.30381206543595 202.2179980061878 153.7349 29.472399 -999.0 -999.0 -999.0 -999.0 -999.0 23.20274022999509 -41.05621611266255 23.167670549340244 -40.91270755500812 59.876066884998835 237.56874053406807 -999.0 6231.0 -999.0 -1 -999 {-999.0 -999.0 -999.0 -999.0 -999.0} "" -999.0 -999.0 -999.0 -999.0 -999 -999 "" "" "" "" 0 0 0.0 0.0 -999 ""
FIBERMAP 980 R+4C20 APOGEE 0 0 0 1 0 0 197.56642811481396 80.30427187740891 143.1 -5.804158021080838 213.17352432715734 46.87063 72.0069 -999.0 -999.0 -999.0 -999.0 -999.0 22.880989115248187 -41.02371782290709 22.846646833646048 -40.87995415593029 59.64583377404729 237.73427390571098 -999.0 16600.0 -999.0 2 -999 {-999.0 -999.0 -999.0 -999.0 -999.0} "" -999.0 -999.0 -999.0 -999.0 -999 -999 "" "" "" "" 0 0 0.0 0.0 -999 ""
FIBERMAP 980 R+4C20 BOSS 1 1 0 1 0 0 197.94748002904038 79.64558969995122 143.1 -5.053646866691386 213.29897085872787 46.87063 72.0069 22.88383540088195 -41.02330846224797 0.41910055 0.630489 0.21800435 22.883837870645934 -41.023315840469486 22.84965152729609 -40.87952854754313 59.64814438057177 237.73415968474774 5400.0 5400.0 2016.0 1 213 {-999.0 20.378708 19.870422 19.414951 19.022236} sdss_psfmag_from_gaiadr2 19.441168 20.046455 18.108212 -999.0 63050395809809076 1130424125 dark_flexible_3x1 bhm_gua_dark_d3 bhm_filler science 0 0 0.0 0.0 -999 ""
FIBERMAP 980 R+4C20 METROLOGY 0 0 0 1 0 0 197.18548003809542 79.66055083562097 143.1 -5.335252203834792 212.59079918107213 46.87063 72.0069 -999.0 -999.0 -999.0 -999.0 -999.0 22.88275420053443 -41.02541088508129 22.84852141724201 -40.88162958839567 59.646870324220835 237.73044619376964 -999.0 6231.0 -999.0 -1 -999 {-999.0 -999.0 -999.0 -999.0 -999.0} "" -999.0 -999.0 -999.0 -999.0 -999 -999 "" "" "" "" 0 0 0.0 0.0 -999 ""
FIBERMAP 981 R-9C12 APOGEE 0 0 0 1 0 0 75.54591933838802 -185.30195616136584 143.1 200.01983027873925 5.656147596335634 52.56531 12.204909 -999.0 -999.0 -999.0 -999.0 -999.0 23.716387484136547 -41.648725384257844 23.67901211699518 -41.50555887316314 60.11594664452525 236.23934279547234 -999.0 16600.0 -999.0 2 168 {-999.0 -999.0 -999.0 -999.0 -999.0} "" -999.0 -999.0 -999.0 -999.0 -999 -999 "" ops_sky_apogee_best_unassigned ops_sky sky_apogee 0 0 0.0 0.0 -999 ""
FIBERMAP 981 R-9C12 BOSS 1 1 0 1 0 0 75.26906313094477 -185.98250160690466 143.1 200.55976791172165 5.157946967913298 52.56531 12.204909 23.71808634209747 -41.65011965164228 10.09947 -23.640005 2.1854768 23.718501613658194 -41.65024552902224 23.681278247587784 -41.50705101554752 60.117236058485275 236.2356180918187 5400.0 5400.0 2016.0 1 401 {-999.0 16.757677 15.554197 15.036914 -999.0} sdss_psfmag_gaia 16.320969 15.533899 14.66513 12.958 63050395808838643 1126473433 bright_1x1 openfibertargets_mwm_snc_further_ext_boss open_fiber science 0 0 1.020274043083191 0.0 -999 ""
FIBERMAP 981 R-9C12 METROLOGY 0 0 0 1 0 0 74.80873478061642 -185.3764927681591 143.1 199.8307322236248 4.939779801783544 52.56531 12.204909 -999.0 -999.0 -999.0 -999.0 -999.0 23.715652082573953 -41.65092016411839 23.67838954939191 -41.507731294891904 60.11497275814965 236.23533463685493 -999.0 6231.0 -999.0 -1 -999 {-999.0 -999.0 -999.0 -999.0 -999.0} "" -999.0 -999.0 -999.0 -999.0 -999 -999 "" "" "" "" 0 0 0.0 0.0 -999 ""
FIBERMAP 982 R+12C10 APOGEE 0 0 0 1 0 0 56.35000672426582 225.13423528742194 143.1 -190.99397394418156 131.82020402339248 331.2643 110.754 -999.0 -999.0 -999.0 -999.0 -999.0 22.135276323177482 -41.26841761125882 22.102430190461178 -41.1239632784691 59.04593758070925 237.4931446441671 -999.0 16600.0 -999.0 2 -999 {-999.0 -999.0 -999.0 -999.0 -999.0} "" -999.0 -999.0 -999.0 -999.0 -999 -999 "" "" "" "" 0 0 0.0 0.0 -999 ""
FIBERMAP 982 R+12C10 BOSS 1 1 0 1 0 0 56.24586300719642 224.35082067536945 143.1 -190.29707173031304 131.44758076671488 331.2643 110.754 22.13784072228236 -41.26955790087539 1.161307 0.40135738 -0.2869341 22.137849839048908 -41.269559531657976 22.105162724255877 -41.12508087153639 59.04772490480158 237.49020158248322 5400.0 5400.0 2016.0 1 160 {-999.0 21.017824 20.9266 20.73481 20.719702} sdss_psfmag_from_gaiadr2 20.82343 20.975405 20.677582 -999.0 63050395809809515 1130424141 dark_flexible_3x1 bhm_gua_dark_d3 bhm_filler science 0 0 0.0 0.0 -999 ""
FIBERMAP 982 R+12C10 METROLOGY 0 0 0 1 0 0 55.66655474400728 224.8302754093512 143.1 -190.94940377539632 131.07357509187318 331.2643 110.754 -999.0 -999.0 -999.0 -999.0 -999.0 22.135223979268044 -41.27065148359896 22.102494527151578 -41.12617781215243 59.045533603571904 237.4889103705042 -999.0 6231.0 -999.0 -1 -999 {-999.0 -999.0 -999.0 -999.0 -999.0} "" -999.0 -999.0 -999.0 -999.0 -999 -999 "" "" "" "" 0 0 0.0 0.0 -999 ""
FIBERMAP 987 R-13C12 APOGEE 0 0 0 1 0 0 106.90585972668264 -246.76823491113856 143.1 268.580825541782 13.43139676676641 344.15073 161.25534 -999.0 -999.0 -999.0 -999.0 -999.0 23.991893424319592 -41.62273631462641 23.95387011817735 -41.479826919003 60.32193805090955 236.18936924763375 -999.0 16600.0 -999.0 2 160 {-999.0 -999.0 -999.0 -999.0 -999.0} "" -999.0 -999.0 -999.0 -999.0 -999 -999 "" ops_sky_apogee_best_unassigned ops_sky sky_apogee 0 0 0.0 0.0 -999 ""
FIBERMAP 987 R-13C12 BOSS 1 1 0 1 0 0 107.54287724110931 -247.17249591938167 143.1 269.1830233845389 13.88583938108118 344.15073 161.25534 23.994140624999996 -41.62135754632553 -999.0 -999.0 -999.0 23.994116850033738 -41.6213683723313 23.956248311918046 -41.47843155647279 60.32400616142246 236.1912253737862 5400.0 5400.0 2015.5 1 350 {-999.0 -999.0 -999.0 -999.0 -999.0} "" -999.0 -999.0 -999.0 -999.0 27021603160873346 813986997 "" ops_sky_boss_good ops_sky sky_boss 0 0 0.0 0.0 -999 ""
FIBERMAP 987 R-13C12 METROLOGY 0 0 0 1 0 0 106.87827998431568 -247.51645415309463 143.1 269.2716635534188 13.142816706786453 344.15073 161.25534 -999.0 -999.0 -999.0 -999.0 -999.0 23.994628483891557 -41.62359984501333 23.9567102938546 -41.480671415752376 60.32379579675933 236.18666735285248 -999.0 6231.0 -999.0 -1 -999 {-999.0 -999.0 -999.0 -999.0 -999.0} "" -999.0 -999.0 -999.0 -999.0 -999 -999 "" "" "" "" 0 0 0.0 0.0 -999 ""
FIBERMAP 992 R-2C20 APOGEE 0 0 0 1 0 0 140.77303630313008 -28.560349536615167 143.1 76.17619238447186 121.76957201965328 192.42725 64.385796 -999.0 -999.0 -999.0 -999.0 -999.0 23.212313646441064 -41.299350206690576 23.176736647093207 -41.155813373681184 59.82969772785319 237.09337061337087 -999.0 16600.0 -999.0 2 -999 {-999.0 -999.0 -999.0 -999.0 -999.0} "" -999.0 -999.0 -999.0 -999.0 -999 -999 "" "" "" "" 0 0 0.0 0.0 -999 ""
FIBERMAP 992 R-2C20 BOSS 1 1 0 1 0 0 140.95498869243428 -27.836046493922915 143.1 75.56195834896677 122.19428526955616 192.42725 64.385796 23.209551462974858 -41.29803480334995 31.690138 6.169255 1.2007049 23.209709073374402 -41.29804255885521 23.17430194318206 -41.154476101231246 59.82820665584199 237.09677384194873 5400.0 5400.0 2016.0 1 304 {-999.0 20.207111 18.937548 18.375942 -999.0} sdss_psfmag_gaia 19.114594 18.896286 17.381824 -999.0 63050395808840193 1092647963 dark_flexible_2x1 mwm_cb_galex_vol_boss mwm_cb science 0 0 0.0 0.0 -999 ""
FIBERMAP 992 R-2C20 METROLOGY 0 0 0 1 0 0 141.49035861065795 -28.348342640691957 143.1 76.22960810912566 122.5156202899997 192.42725 64.385796 -999.0 -999.0 -999.0 -999.0 -999.0 23.212453031754166 -41.29704069325288 23.176994851187885 -41.15348471755353 59.83040357968417 237.09780306380958 -999.0 6231.0 -999.0 -1 -999 {-999.0 -999.0 -999.0 -999.0 -999.0} "" -999.0 -999.0 -999.0 -999.0 -999 -999 "" "" "" "" 0 0 0.0 0.0 -999 ""
FIBERMAP 998 R+3C8 APOGEE 0 0 0 1 0 0 -112.60986726643574 65.55242612181071 143.1 -100.91988443066008 -82.41086928219092 155.41594 109.837494 -999.0 -999.0 -999.0 -999.0 -999.0 22.494093914549513 -41.91909469594422 22.459392382073872 -41.77479369765638 59.16681075943263 236.14298590703618 -999.0 16600.0 -999.0 2 -999 {-999.0 -999.0 -999.0 -999.0 -999.0} "" -999.0 -999.0 -999.0 -999.0 -999 -999 "" "" "" "" 0 0 0.0 0.0 -999 ""
FIBERMAP 998 R+3C8 BOSS 1 1 0 1 0 0 -112.55407406738891 66.31051295792123 143.1 -101.61005306335318 -82.09240896884104 155.41594 109.837494 22.491054772317195 -41.918203462780525 -999.0 -999.0 -999.0 22.491051612506578 -41.918188968716095 22.456526269471283 -41.77385647858913 59.16494262338567 236.14571540258368 5400.0 5400.0 2015.5 1 53 {-999.0 -999.0 -999.0 -999.0 -999.0} "" -999.0 -999.0 -999.0 -999.0 27021603160526718 821753162 "" ops_sky_boss_good ops_sky sky_boss 0 0 0.0 0.0 -999 ""
FIBERMAP 998 R+3C8 METROLOGY 0 0 0 1 0 0 -111.93762210530113 65.88042712810062 143.1 -100.99089879953435 -81.6662900582392 155.41594 109.837494 -999.0 -999.0 -999.0 -999.0 -999.0 22.493611271555107 -41.91690598622376 22.459033949695026 -41.7725842156959 59.16705323332036 236.14730235439515 -999.0 6231.0 -999.0 -1 -999 {-999.0 -999.0 -999.0 -999.0 -999.0} "" -999.0 -999.0 -999.0 -999.0 -999 -999 "" "" "" "" 0 0 0.0 0.0 -999 ""
FIBERMAP 1001 R+8C12 APOGEE 0 0 0 1 0 0 47.11517760701233 146.54073412914744 143.1 -120.65354925064125 95.57371910069995 242.41847 151.38557 -999.0 -999.0 -999.0 -999.0 -999.0 22.41710453706696 -41.3789375652683 22.3833931676661 -41.234694794831384 59.22981547774361 237.19641658080928 -999.0 16600.0 -999.0 2 -999 {-999.0 -999.0 -999.0 -999.0 -999.0} "" -999.0 -999.0 -999.0 -999.0 -999 -999 "" "" "" "" 0 0 0.0 0.0 -999 ""
FIBERMAP 1001 R+8C12 BOSS 1 1 0 1 0 0 46.53989056011625 146.1196958080446 143.1 -120.46137871143198 94.88724462798912 242.41847 151.38557 22.417325765750345 -41.380739579111555 75.03331 -85.632416 1.480615 22.417628671312098 -41.38100525450163 22.384078872558973 -41.23673547310523 59.2298881736033 237.19230480722808 5400.0 5400.0 2016.0 1 145 {-999.0 17.575113 16.666145 16.315765 -999.0} sdss_psfmag_gaia 17.296612 16.700424 15.96682 14.462 63050395809808536 1136529807 dark_flexible_3x1 mwm_halo_local_high_boss_triple mwm_halo science 0 0 0.0 0.0 -999 ""
FIBERMAP 1001 R+8C12 METROLOGY 0 0 0 1 0 0 46.43225510267168 146.8458817489337 143.1 -121.17907260479538 95.04149126831442 242.41847 151.38557 -999.0 -999.0 -999.0 -999.0 -999.0 22.414764437382427 -41.38051243954982 22.381175528480924 -41.236247996288576 59.22785722983131 237.19413808927305 -999.0 6231.0 -999.0 -1 -999 {-999.0 -999.0 -999.0 -999.0 -999.0} "" -999.0 -999.0 -999.0 -999.0 -999 -999 "" "" "" "" 0 0 0.0 0.0 -999 ""
FIBERMAP 1002 R+12C5 APOGEE 0 0 0 1 0 0 -49.32886833585417 236.71200639643504 143.1 -238.9458455029732 36.94377433482822 49.81972 73.75842 -999.0 -999.0 -999.0 -999.0 -999.0 21.938543755818223 -41.554387471097904 21.905783154544963 -41.409704760687596 58.842373346251186 237.01024613766174 -999.0 16600.0 -999.0 2 -999 {-999.0 -999.0 -999.0 -999.0 -999.0} "" -999.0 -999.0 -999.0 -999.0 -999 -999 "" "" "" "" 0 0 0.0 0.0 -999 ""
FIBERMAP 1002 R+12C5 BOSS 1 1 0 1 0 0 -48.92370596314767 236.10755262524205 143.1 -238.23763885124282 37.11083822785923 49.81972 73.75842 21.94104769336979 -41.5539022250493 21.636158 -6.922169 0.64952713 21.941192306634594 -41.55392390232993 21.90859466914651 -41.409216434751265 58.84453746738089 237.0103187057554 5400.0 5400.0 2016.0 1 164 {-999.0 17.238241 16.747791 16.584665 -999.0} sdss_psfmag_gaia 17.136665 16.781492 16.2513 15.155 63050395809335239 1136526596 dark_flexible_3x1 mwm_halo_local_high_boss_triple mwm_halo science 0 0 0.0 0.0 -999 ""
FIBERMAP 1002 R+12C5 METROLOGY 0 0 0 1 0 0 -49.66013309749476 236.04136351494645 143.1 -238.43428629443426 36.39811103435239 49.81972 73.75842 -999.0 -999.0 -999.0 -999.0 -999.0 21.94036476132746 -41.5560612144326 21.90771827984463 -41.41136023690149 58.84344720938726 237.0065314745612 -999.0 6231.0 -999.0 -1 -999 {-999.0 -999.0 -999.0 -999.0 -999.0} "" -999.0 -999.0 -999.0 -999.0 -999 -999 "" "" "" "" 0 0 0.0 0.0 -999 ""
FIBERMAP 1003 R-2C13 APOGEE 0 0 0 1 0 0 6.047012290892567 -20.96828676767886 143.1 21.75522679595539 -1.7020679022020861 112.83488 66.065346 -999.0 -999.0 -999.0 -999.0 -999.0 22.993736833544624 -41.674478779884105 22.958136962640197 -41.5306639853517 59.58534621612988 236.44263444897763 -999.0 16600.0 -999.0 2 -999 {-999.0 -999.0 -999.0 -999.0 -999.0} "" -999.0 -999.0 -999.0 -999.0 -999 -999 "" "" "" "" 0 0 0.0 0.0 -999 ""
FIBERMAP 1003 R-2C13 BOSS 1 1 0 1 0 0 6.805695981906279 -20.975758026138095 143.1 22.028655091189272 -0.9943708415104221 112.83488 66.065346 22.994718430937994 -41.67236106910715 0.20627004 -0.051971693 0.21494828 22.994697571177348 -41.672357138866914 22.959262137807116 -41.52851487748222 59.58665794060651 236.44638630188138 5400.0 5400.0 2016.0 1 420 {-999.0 19.841927 19.82544 19.753906 19.680815} sdss_psfmag_from_lsdr10 19.666641 19.738604 19.222048 -999.0 63050395808839270 1131342765 dark_flexible_3x1 bhm_spiders_agn_lsdr10_d3 bhm_spiders science 0 0 0.0 0.0 -999 ""
FIBERMAP 1003 R-2C13 METROLOGY 0 0 0 1 0 0 6.429744309314348 -21.6109487463822 143.1 22.491328987949167 -1.5694224187918295 112.83488 66.065346 -999.0 -999.0 -999.0 -999.0 -999.0 22.996633266512543 -41.674092832580904 22.96114394553632 -41.530260015040945 59.58762996268537 236.44239362502663 -999.0 6231.0 -999.0 -1 -999 {-999.0 -999.0 -999.0 -999.0 -999.0} "" -999.0 -999.0 -999.0 -999.0 -999 -999 "" "" "" "" 0 0 0.0 0.0 -999 ""
FIBERMAP 1005 R+8C16 APOGEE 0 0 0 1 0 0 141.6410155669337 146.1120538394442 143.1 -87.05676631743802 183.92339025544786 295.23264 129.47098 -999.0 -999.0 -999.0 -999.0 -999.0 22.554319554586865 -41.11193787225274 22.520655973987743 -40.967872811028236 59.38664689056961 237.66537990085487 -999.0 16600.0 -999.0 2 -999 {-999.0 -999.0 -999.0 -999.0 -999.0} "" -999.0 -999.0 -999.0 -999.0 -999 -999 "" "" "" "" 0 0 0.0 0.0 -999 ""
FIBERMAP 1005 R+8C16 BOSS 1 1 0 1 0 0 141.34810904502746 145.4247000000445 143.1 -86.51609082018027 183.40777149180377 295.23264 129.47098 22.556304931640625 -41.11344688735417 -999.0 -999.0 -999.0 22.556287078108365 -41.11347299666406 22.52278075779202 -40.969383126618 59.38790568346324 237.6618285949053 5400.0 5400.0 2015.5 1 210 {-999.0 -999.0 -999.0 -999.0 -999.0} "" -999.0 -999.0 -999.0 -999.0 27021603161556189 814091327 "" ops_sky_boss_good ops_sky sky_boss 0 0 0.0 0.0 -999 ""
FIBERMAP 1005 R+8C16 METROLOGY 0 0 0 1 0 0 140.8964129740224 146.04088365308894 143.1 -87.2516212513337 183.2012595082395 295.23264 129.47098 -999.0 -999.0 -999.0 -999.0 -999.0 22.553357695563516 -41.114060519168 22.51981121363292 -40.969975422838125 59.38558958182521 237.66159763849538 -999.0 6231.0 -999.0 -1 -999 {-999.0 -999.0 -999.0 -999.0 -999.0} "" -999.0 -999.0 -999.0 -999.0 -999 -999 "" "" "" "" 0 0 0.0 0.0 -999 ""
FIBERMAP 1007 R+12C9 APOGEE 0 0 0 1 0 0 21.56497270468653 213.64561862278106 143.1 -192.4534595111558 95.21801562296906 312.37308 63.3722 -999.0 -999.0 -999.0 -999.0 -999.0 22.127887499627395 -41.37906033195102 22.094901132306347 -41.23457458072492 59.0176833905917 237.28502215509252 -999.0 16600.0 -999.0 2 -999 {-999.0 -999.0 -999.0 -999.0 -999.0} "" -999.0 -999.0 -999.0 -999.0 -999 -999 "" "" "" "" 0 0 0.0 0.0 -999 ""
FIBERMAP 1007 R+12C9 BOSS 1 1 0 1 0 0 20.818946851719723 213.43518920945172 143.1 -192.5184322246909 94.44564751492265 312.37308 63.3722 22.127326334757797 -41.38130588146658 11.991303 -29.641497 0.62021285 22.12737086470831 -41.381401652852034 22.094549904368876 -41.236888312272576 59.016946479352384 237.28073081906444 5400.0 5400.0 2016.0 1 161 {-999.0 17.024982 16.619455 16.490929 -999.0} sdss_psfmag_gaia 16.961443 16.644474 16.166832 15.296 63050395809809485 1136529244 dark_flexible_3x1 mwm_halo_local_high_boss_triple mwm_halo science 0 0 0.0 0.0 -999 ""
FIBERMAP 1007 R+12C9 METROLOGY 0 0 0 1 0 0 21.02380613567965 214.16198763945945 143.1 -193.12695817128554 94.89268376758045 312.37308 63.3722 -999.0 -999.0 -999.0 -999.0 -999.0 22.124952667276986 -41.380016761411454 22.092092311821204 -41.23550927278505 59.01542350541708 237.28409412205568 -999.0 6231.0 -999.0 -1 -999 {-999.0 -999.0 -999.0 -999.0 -999.0} "" -999.0 -999.0 -999.0 -999.0 -999 -999 "" "" "" "" 0 0 0.0 0.0 -999 ""
FIBERMAP 1008 R0C26 APOGEE 0 0 0 1 0 0 260.49105822405517 -14.604116218938326 143.1 105.15198926140276 238.75720207946875 266.38345 87.54462 -999.0 -999.0 -999.0 -999.0 -999.0 23.325326658438364 -40.9460276936072 23.29000680844979 -40.80267216583837 59.99000080138565 237.743751023053 -999.0 16600.0 -999.0 2 106 {-999.0 -999.0 -999.0 -999.0 -999.0} "" -999.0 -999.0 -999.0 -999.0 -999 -999 "" ops_sky_apogee_best_unassigned ops_sky sky_apogee 0 0 0.0 0.0 -999 ""
FIBERMAP 1008 R0C26 BOSS 1 1 0 1 0 0 259.75122216767807 -14.565882472463661 143.1 104.85637833855311 238.0779543164224 266.38345 87.54462 23.323974609374996 -40.94810290553778 -999.0 -999.0 -999.0 23.324011428751366 -40.948092239426195 23.28885150016299 -40.804708636277574 59.98871178029249 237.7401464034093 5400.0 5400.0 2015.5 1 180 {-999.0 -999.0 -999.0 -999.0 -999.0} "" -999.0 -999.0 -999.0 -999.0 27021603160875020 813987209 "" ops_sky_boss_good ops_sky sky_boss 0 0 0.0 0.0 -999 ""
FIBERMAP 1008 R0C26 METROLOGY 0 0 0 1 0 0 260.1825188193905 -13.936936989068142 143.1 104.41898753039472 238.70262967172658 266.38345 87.54462 -999.0 -999.0 -999.0 -999.0 -999.0 23.322309843071913 -40.946168305503726 23.287111719663415 -40.80279113034406 59.98783441601668 237.74445364332615 -999.0 6231.0 -999.0 -1 -999 {-999.0 -999.0 -999.0 -999.0 -999.0} "" -999.0 -999.0 -999.0 -999.0 -999 -999 "" "" "" "" 0 0 0.0 0.0 -999 ""
FIBERMAP 1015 R+8C1 APOGEE 0 0 0 1 0 0 -207.60221759595083 145.0041766141512 143.1 -208.66617912617346 -143.44612203653108 230.59425 126.80832 -999.0 -999.0 -999.0 -999.0 -999.0 22.054914044411184 -42.101065768046205 22.02106835726056 -41.95635461845548 58.807739364710585 235.94329634794872 -999.0 16600.0 -999.0 2 48 {-999.0 -999.0 -999.0 -999.0 -999.0} "" -999.0 -999.0 -999.0 -999.0 -999 -999 "" ops_sky_apogee_best_unassigned ops_sky sky_apogee 0 0 0.0 0.0 -999 ""
FIBERMAP 1015 R+8C1 BOSS 1 1 0 1 0 0 -208.36754795751062 145.0101609276241 143.1 -208.94054942978718 -144.1605642534588 230.59425 126.80832 22.053599093106296 -42.10325823340909 -0.28139183 -0.1979813 0.35092586 22.05360022436513 -42.10324893787835 22.01992477644808 -41.95850692422816 58.806425425285695 235.93961810011245 5400.0 5400.0 2016.0 1 84 {-999.0 20.412323 20.234585 20.083107 19.97701} sdss_psfmag_from_gaiadr2 20.3079 20.232586 19.699795 -999.0 63050395809333746 1056958581 dark_flexible_2x2 bhm_gua_dark bhm_filler science 0 0 0.0 0.0 -999 ""
FIBERMAP 1015 R+8C1 METROLOGY 0 0 0 1 0 0 -207.97734982759104 145.6466478331546 143.1 -209.39943383789912 -143.5717191781989 230.59425 126.80832 -999.0 -999.0 -999.0 -999.0 -999.0 22.051748899400796 -42.10147149029687 22.018032613960656 -41.956736650572864 58.80545382709768 235.9435606521026 -999.0 6231.0 -999.0 -1 -999 {-999.0 -999.0 -999.0 -999.0 -999.0} "" -999.0 -999.0 -999.0 -999.0 -999 -999 "" "" "" "" 0 0 0.0 0.0 -999 ""
FIBERMAP 1020 R-3C9 APOGEE 0 0 0 1 0 0 -59.86714439441829 -55.73832231935871 143.1 31.161193443060135 -75.62495928196215 49.57409 67.6493 -999.0 -999.0 -999.0 -999.0 -999.0 23.03272329309482 -41.89883917389548 22.9966830281125 -41.75500695543946 59.56124729379384 235.9985550307269 -999.0 16600.0 -999.0 2 291 {-999.0 -999.0 -999.0 -999.0 -999.0} "" -999.0 -999.0 -999.0 -999.0 -999 -999 "" ops_sky_apogee_best_unassigned ops_sky sky_apogee 0 0 0.0 0.0 -999 ""
FIBERMAP 1020 R-3C9 BOSS 1 1 0 1 0 0 -59.608387937700655 -56.457513817494906 143.1 31.92540918530982 -75.63526195248431 49.57409 67.6493 23.03540384120048 -41.899011633635325 86.1425 23.408033 5.3720193 23.03570136629173 -41.89893802262988 22.999817478240743 -41.75507868042329 59.563502741413885 235.99732907285232 5400.0 5400.0 2016.0 1 478 {-999.0 19.930899 19.514141 19.381067 -999.0} sdss_psfmag_gaia 19.843796 19.540455 19.037134 -999.0 63050395808839131 1143600714 dark_1x3 mwm_wd_pwd_boss_1x3 mwm_wd science 0 0 0.0 0.0 -999 ""
FIBERMAP 1020 R-3C9 METROLOGY 0 0 0 1 0 0 -60.356052638903996 -56.29873044747583 143.1 31.51418391838007 -76.27950489759077 49.57409 67.6493 -999.0 -999.0 -999.0 -999.0 -999.0 23.03408039895553 -41.900895093682244 22.998151139893935 -41.75704229955922 59.56183164010302 235.9941409975865 -999.0 6231.0 -999.0 -1 -999 {-999.0 -999.0 -999.0 -999.0 -999.0} "" -999.0 -999.0 -999.0 -999.0 -999 -999 "" "" "" "" 0 0 0.0 0.0 -999 ""
FIBERMAP 1021 R+4C5 APOGEE 0 0 0 1 0 0 -169.7254150004559 65.70052386961765 143.1 -121.11628622832824 -135.83353297497635 253.81721 80.55949 -999.0 -999.0 -999.0 -999.0 -999.0 22.4111990718886 -42.08054406394805 22.376469366456377 -41.93613590771597 59.06971936413663 235.86458072432004 -999.0 16600.0 -999.0 2 25 {-999.0 -999.0 -999.0 -999.0 -999.0} "" -999.0 -999.0 -999.0 -999.0 -999 -999 "" ops_sky_apogee_best_unassigned ops_sky sky_apogee 0 0 0.0 0.0 -999 ""
FIBERMAP 1021 R+4C5 BOSS 1 1 0 1 0 0 -170.39356340174515 65.9861735918561 143.1 -121.61836624833144 -136.35877573085628 253.81721 80.55949 22.408900957885297 -42.08223864829281 0.34452534 -0.056894705 -1.171831 22.408922159481097 -42.08219840560183 22.3743638665768 -41.937758307958234 59.067821071590416 235.86221251008416 5400.0 5400.0 2016.0 1 42 {-999.0 20.818298 20.647406 20.501625 20.402939} sdss_psfmag_from_gaiadr2 20.846138 20.643139 20.26043 -999.0 63050395808353215 1130389886 dark_flexible_3x1 bhm_gua_dark_d3 bhm_filler science 0 0 0.0 0.0 -999 ""
FIBERMAP 1021 R+4C5 METROLOGY 0 0 0 1 0 0 -169.81007219021183 66.44545965583674 143.1 -121.84346527297606 -135.65118829460715 253.81721 80.55949 -999.0 -999.0 -999.0 -999.0 -999.0 22.408038085832118 -42.08006285844611 22.373437609998803 -41.935630907464414 59.06764137468065 235.86654881846067 -999.0 6231.0 -999.0 -1 -999 {-999.0 -999.0 -999.0 -999.0 -999.0} "" -999.0 -999.0 -999.0 -999.0 -999 -999 "" "" "" "" 0 0 0.0 0.0 -999 ""
FIBERMAP 1022 R-11C3 APOGEE 0 0 0 1 0 0 -134.61861638177447 -206.44325706537893 143.1 146.0082244122729 -198.53565269956 150.40741 115.56243 -999.0 -999.0 -999.0 -999.0 -999.0 23.503334452949712 -42.26820504901835 23.465520235963197 -42.12470418586603 59.808858930440024 235.11924155246822 -999.0 16600.0 -999.0 2 152 {-999.0 -999.0 -999.0 -999.0 -999.0} "" -999.0 -999.0 -999.0 -999.0 -999 -999 "" ops_sky_apogee_best_unassigned ops_sky sky_apogee 0 0 0.0 0.0 -999 ""
FIBERMAP 1022 R-11C3 BOSS 1 1 0 1 0 0 -134.57899376777615 -205.70299212577478 143.1 145.32906284572255 -198.23859082912426 150.40741 115.56243 23.500426196347174 -42.267380485189975 -999.0 -999.0 -999.0 23.500412917065482 -42.26738323365287 23.46277014501527 -42.1238482814524 59.8071033443005 235.12191746247277 5400.0 5400.0 2016.0 1 433 {-999.0 22.69565 22.294565 21.679426 21.209686} sdss_fiber2mag_from_lsdr10 1e+20 1e+20 1e+20 -999.0 63050398760015221 1131337758 dark_flexible_3x1 bhm_spiders_agn_lsdr10_d3 bhm_spiders science 0 0 0.0 0.0 -999 ""
FIBERMAP 1022 R-11C3 METROLOGY 0 0 0 1 0 0 -133.95212142846248 -206.10350771981362 143.1 145.92419126262993 -197.79233136935474 150.40741 115.56243 -999.0 -999.0 -999.0 -999.0 -999.0 23.50291270157144 -42.2660429865556 23.465219544121453 -42.1225195541349 59.80919786384413 235.12355601399872 -999.0 6231.0 -999.0 -1 -999 {-999.0 -999.0 -999.0 -999.0 -999.0} "" -999.0 -999.0 -999.0 -999.0 -999 -999 "" "" "" "" 0 0 0.0 0.0 -999 ""
FIBERMAP 1024 R+6C15 APOGEE 0 0 0 1 0 0 85.39057926013119 127.9408556550817 143.1 -89.79784163123891 124.87735039511422 103.96267 124.8751 -999.0 -999.0 -999.0 -999.0 -999.0 22.54219440409685 -41.29041285052086 22.508299777188313 -41.1462966007141 59.34035117033168 237.32674488322363 -999.0 16600.0 -999.0 2 113 {-999.0 -999.0 -999.0 -999.0 -999.0} "" -999.0 -999.0 -999.0 -999.0 -999 -999 "" ops_sky_apogee_best_unassigned ops_sky sky_apogee 0 0 0.0 0.0 -999 ""
FIBERMAP 1024 R+6C15 BOSS 1 1 0 1 0 0 85.91648818716611 128.48451841147613 143.1 -90.12216034247618 125.56065744354925 103.96267 124.8751 22.540679159358362 -41.28830651521697 0.25068003 -0.04760596 0.1940292 22.540682271144146 -41.28831581347143 22.50695946319405 -41.14417197368052 59.339812342134465 237.3312348779747 5400.0 5400.0 2016.0 1 196 {-999.0 19.946898 19.723768 19.68692 19.686619} sdss_psfmag_from_lsdr10 19.937147 19.758873 19.411465 -999.0 63050395809808634 1131347758 dark_flexible_3x1 bhm_spiders_agn_lsdr10_d3 bhm_spiders science 0 0 0.0 0.0 -999 ""
FIBERMAP 1024 R+6C15 METROLOGY 0 0 0 1 0 0 86.15104534819497 127.77529192484565 143.1 -89.37577265335919 125.53119757683756 103.96267 124.8751 -999.0 -999.0 -999.0 -999.0 -999.0 22.54372517786667 -41.288386468127946 22.509947909738685 -41.144252792746954 59.34199522740139 237.33014981442275 -999.0 6231.0 -999.0 -1 -999 {-999.0 -999.0 -999.0 -999.0 -999.0} "" -999.0 -999.0 -999.0 -999.0 -999 -999 "" "" "" "" 0 0 0.0 0.0 -999 ""
FIBERMAP 1027 R+8C18 APOGEE 0 0 0 1 0 0 179.83649333486738 164.1282604042476 143.1 -90.51109026209468 226.01096934393328 42.759544 152.9763 -999.0 -999.0 -999.0 -999.0 -999.0 22.541325038128072 -40.985112380598345 22.507878544130904 -40.84106526506475 59.4030725558661 237.91308170441133 -999.0 16600.0 -999.0 2 -999 {-999.0 -999.0 -999.0 -999.0 -999.0} "" -999.0 -999.0 -999.0 -999.0 -999 -999 "" "" "" "" 0 0 0.0 0.0 -999 ""
FIBERMAP 1027 R+8C18 BOSS 1 1 0 1 0 0 180.53431814353462 164.32067544045375 143.1 -90.44617867593064 226.73188276149358 42.759544 152.9763 22.541418804183422 -40.982946535317495 -999.0 -999.0 -999.0 22.541424829466127 -40.98294763411117 22.508145333652976 -40.83887547616542 59.40371292029609 237.91721492478024 5400.0 5400.0 2016.0 1 250 {-999.0 21.022627 20.89672 20.611303 20.344744} sdss_psfmag_from_lsdr10 20.961514 21.040422 20.083 -999.0 63050395809809259 1131350146 dark_flexible_3x1 bhm_spiders_agn_lsdr10_d3 bhm_spiders science 0 0 0.0 0.0 -999 ""
FIBERMAP 1027 R+8C18 METROLOGY 0 0 0 1 0 0 180.369255007237 163.60322400812822 143.1 -89.83242834927087 226.3253882832635 42.759544 152.9763 -999.0 -999.0 -999.0 -999.0 -999.0 22.543900711096516 -40.98412516341114 22.510566872918048 -40.84006210355089 59.40526719227178 237.91420396438394 -999.0 6231.0 -999.0 -1 -999 {-999.0 -999.0 -999.0 -999.0 -999.0} "" -999.0 -999.0 -999.0 -999.0 -999 -999 "" "" "" "" 0 0 0.0 0.0 -999 ""
FIBERMAP 1029 R+7C2 APOGEE 0 0 0 1 0 0 -174.70494356498293 120.65389549534106 143.1 -174.3153148455667 -121.19720240510107 28.781418 23.79254 -999.0 -999.0 -999.0 -999.0 -999.0 22.194849455503423 -42.03497931155625 22.16074132140409 -41.89039971744371 58.923867768089835 236.0221924681146 -999.0 16600.0 -999.0 2 -999 {-999.0 -999.0 -999.0 -999.0 -999.0} "" -999.0 -999.0 -999.0 -999.0 -999 -999 "" "" "" "" 0 0 0.0 0.0 -999 ""
FIBERMAP 1029 R+7C2 BOSS 1 1 0 1 0 0 -175.1579807762745 120.04684896512258 143.1 -173.90606183882883 -121.83454201242232 28.781418 23.79254 22.196246500569295 -42.03689987719917 -0.60815436 -0.057404075 -0.55138314 22.196277209530773 -42.036975339013786 22.16233155047388 -41.89236727973526 58.92457625454965 236.01796094176476 5400.0 5400.0 2016.0 1 72 {-999.0 20.809416 20.695879 20.567972 20.53209} sdss_psfmag_from_gaiadr2 20.53553 20.694687 20.191216 -999.0 63050395809333780 1130412904 dark_flexible_3x1 bhm_gua_dark_d3 bhm_filler science 0 0 0.0 0.0 -999 ""
FIBERMAP 1029 R+7C2 METROLOGY 0 0 0 1 0 0 -175.4472139860728 120.74626886147638 143.1 -174.66246911184516 -121.85971668927299 28.781418 23.79254 -999.0 -999.0 -999.0 -999.0 -999.0 22.19321592141722 -42.03703885902558 22.159230114949878 -41.89243650555855 58.922311640978094 236.01884119678658 -999.0 6231.0 -999.0 -1 -999 {-999.0 -999.0 -999.0 -999.0 -999.0} "" -999.0 -999.0 -999.0 -999.0 -999 -999 "" "" "" "" 0 0 0.0 0.0 -999 ""
FIBERMAP 1030 R-7C6 APOGEE 0 0 0 1 0 0 -99.29127704444869 -156.23989583901636 143.1 111.41131302104165 -147.82994797046356 328.5448 50.588158 -999.0 -999.0 -999.0 -999.0 -999.0 23.361221196819493 -42.11621561215453 23.324009223577832 -41.97262297536912 59.745241216072735 235.46404521329595 -999.0 16600.0 -999.0 2 -999 {-999.0 -999.0 -999.0 -999.0 -999.0} "" -999.0 -999.0 -999.0 -999.0 -999 -999 "" "" "" "" 0 0 0.0 0.0 -999 ""
FIBERMAP 1030 R-7C6 BOSS 1 1 0 1 0 0 -100.06919493691277 -156.46685816214404 143.1 111.35061951974303 -148.63798113520352 328.5448 50.588158 23.360970767411175 -42.11853445046972 -25.223701 -67.355446 1.8940932 23.36087456006665 -42.118739472232626 23.323822497580352 -41.9751150163074 59.74449038103732 235.45932102024926 5400.0 5400.0 2016.0 1 504 {-999.0 17.981579 16.694057 16.119833 -999.0} sdss_psfmag_gaia 17.487728 16.646418 15.733712 13.929 63050395808838334 1136524922 dark_flexible_3x1 mwm_halo_local_high_boss_triple mwm_halo science 0 0 0.0 0.0 -999 ""
FIBERMAP 1030 R-7C6 METROLOGY 0 0 0 1 0 0 -99.86255122361973 -155.75704593582847 143.1 110.7586236309599 -148.19523939029426 328.5448 50.588158 -999.0 -999.0 -999.0 -999.0 -999.0 23.358517133365996 -42.11742690830613 23.32142695472885 -41.97380943064881 59.74308764387438 235.4627057991656 -999.0 6231.0 -999.0 -1 -999 {-999.0 -999.0 -999.0 -999.0 -999.0} "" -999.0 -999.0 -999.0 -999.0 -999 -999 "" "" "" "" 0 0 0.0 0.0 -999 ""
FIBERMAP 1031 R+1C16 APOGEE 0 0 0 1 0 0 57.062545492612955 7.879928623804529 143.1 12.661515013232618 56.19230929435776 262.62814 129.09343 -999.0 -999.0 -999.0 -999.0 -999.0 22.956343854122252 -41.49872875831032 22.921103769240858 -41.35492167818329 59.598032339805854 236.79325308247672 -999.0 16600.0 -999.0 2 114 {-999.0 -999.0 -999.0 -999.0 -999.0} "" -999.0 -999.0 -999.0 -999.0 -999 -999 "" ops_sky_apogee_best_unassigned ops_sky sky_apogee 0 0 0.0 0.0 -999 ""
FIBERMAP 1031 R+1C16 BOSS 1 1 0 1 0 0 56.43798308565364 7.45583064131403 143.1 12.839245732947475 55.458626071114566 262.62814 129.09343 22.956780474684816 -41.50086044208611 36.83282 -35.257183 1.5875517 22.95691677830396 -41.50094860922973 22.92183525449269 -41.35711342482068 59.59807808741396 236.788789188398 5400.0 5400.0 2016.0 1 198 {-999.0 18.26156 17.107168 16.620878 -999.0} sdss_psfmag_gaia 17.858072 17.100096 16.25826 14.536 63050395808839996 1136525217 dark_flexible_3x1 mwm_halo_local_high_boss_triple mwm_halo science 0 0 0.0 0.0 -999 ""
FIBERMAP 1031 R+1C16 METROLOGY 0 0 0 1 0 0 56.38932158754033 8.203683863232762 143.1 12.121976134953448 55.67569640987346 262.62814 129.09343 -999.0 -999.0 -999.0 -999.0 -999.0 22.954054030253747 -41.500280404410255 22.91893440715171 -41.35645084575119 59.59610364087954 236.79102620610132 -999.0 6231.0 -999.0 -1 -999 {-999.0 -999.0 -999.0 -999.0 -999.0} "" -999.0 -999.0 -999.0 -999.0 -999 -999 "" "" "" "" 0 0 0.0 0.0 -999 ""
FIBERMAP 1033 R-9C16 APOGEE 0 0 0 1 0 0 154.0094178420557 -180.76978331399326 143.1 223.33124743803893 80.7095299941548 298.70917 139.99475 -999.0 -999.0 -999.0 -999.0 -999.0 23.80652510718076 -41.42078758317359 23.76928357197778 -41.27775539119687 60.23581409465589 236.65196668916406 -999.0 16600.0 -999.0 2 208 {-999.0 -999.0 -999.0 -999.0 -999.0} "" -999.0 -999.0 -999.0 -999.0 -999 -999 "" "" "" "" 0 0 0.0 0.0 -999 ""
FIBERMAP 1033 R-9C16 BOSS 1 1 0 1 0 0 153.89233719150485 -181.50446382313064 143.1 223.97797897140006 80.34190884152193 298.70917 139.99475 23.808973093003427 -41.42190332752801 11.738895 1.3435647 0.5172006 23.80901868775186 -41.42189968657367 23.771927768359546 -41.27884070449361 60.237490692264586 236.64890125227924 5400.0 5400.0 2016.0 1 294 {-999.0 18.731493 17.890728 17.57378 -999.0} sdss_psfmag_gaia 18.4868 17.930317 17.230057 16.05 63050395808840717 1055553077 dark_flexible_2x1 bhm_csc_boss bhm_csc science 0 0 0.0 0.0 -999 ""
FIBERMAP 1033 R-9C16 METROLOGY 0 0 0 1 0 0 153.3084756121403 -181.02505879198557 143.1 223.3240944346784 79.96362265064911 298.70917 139.99475 -999.0 -999.0 -999.0 -999.0 -999.0 23.80651037366463 -41.4230403955226 23.76937897065193 -41.279987029955805 60.23535956265482 236.64756322006235 -999.0 6231.0 -999.0 -1 -999 {-999.0 -999.0 -999.0 -999.0 -999.0} "" -999.0 -999.0 -999.0 -999.0 -999 -999 "" "" "" "" 0 0 0.0 0.0 -999 ""
FIBERMAP 1038 R+9C11 APOGEE 0 0 0 1 0 0 32.031656019334726 188.91110000288677 143.1 -165.6199894186746 96.33126421091386 105.47769 107.48353 -999.0 -999.0 -999.0 -999.0 -999.0 22.235872037485883 -41.37611105734166 22.202619011901675 -41.23171624360438 59.09751964774276 237.2577557255514 -999.0 16600.0 -999.0 2 140 {-999.0 -999.0 -999.0 -999.0 -999.0} "" -999.0 -999.0 -999.0 -999.0 -999 -999 "" ops_sky_apogee_best_unassigned ops_sky sky_apogee 0 0 0.0 0.0 -999 ""
FIBERMAP 1038 R+9C11 BOSS 1 1 0 1 0 0 32.6527346826739 189.3337400472489 143.1 -165.79757855305664 97.06117376817416 105.47769 107.48353 22.234954833984375 -41.37389649989035 -999.0 -999.0 -999.0 22.234947795794845 -41.37389595665487 22.201867157684546 -41.229474144651 59.097433761099154 237.26225494454212 5400.0 5400.0 2015.5 1 139 {-999.0 -999.0 -999.0 -999.0 -999.0} "" -999.0 -999.0 -999.0 -999.0 27021603161556092 814091339 "" ops_sky_boss_good ops_sky sky_boss 0 0 0.0 0.0 -999 ""
FIBERMAP 1038 R+9C11 METROLOGY 0 0 0 1 0 0 32.69610338994429 188.57046098647788 143.1 -165.06772516202096 96.83373081080579 105.47769 107.48353 -999.0 -999.0 -999.0 -999.0 -999.0 22.237895681544906 -41.37457370331848 22.204759372933665 -41.230161778407435 59.0994179147705 237.26006295089633 -999.0 6231.0 -999.0 -1 -999 {-999.0 -999.0 -999.0 -999.0 -999.0} "" -999.0 -999.0 -999.0 -999.0 -999 -999 "" "" "" "" 0 0 0.0 0.0 -999 ""
FIBERMAP 1045 R+11C11 APOGEE 0 0 0 1 0 0 77.15801616783075 210.88424955064997 143.1 -170.34504197634965 146.2975039214642 56.796314 35.770645 -999.0 -999.0 -999.0 -999.0 -999.0 22.21871180459505 -41.22495172932828 22.185719622117347 -41.080577062155854 59.11622596184888 237.5509087212431 -999.0 16600.0 -999.0 2 126 {-999.0 -999.0 -999.0 -999.0 -999.0} "" -999.0 -999.0 -999.0 -999.0 -999 -999 "" ops_sky_apogee_best_unassigned ops_sky sky_apogee 0 0 0.0 0.0 -999 ""
FIBERMAP 1045 R+11C11 BOSS 1 1 0 1 0 0 77.20890933680192 210.14932980545808 143.1 -169.63909768595798 146.0870649511646 56.796314 35.770645 22.221324314223605 -41.22558096171057 -999.0 -999.0 -999.0 22.221328459821272 -41.225594854523 22.18849533284515 -41.081196083155554 59.11814803562663 237.5488967773166 5400.0 5400.0 2016.0 1 113 {-999.0 21.919695 21.588148 21.561405 21.590273} sdss_psfmag_from_lsdr10 1e+20 1e+20 1e+20 -999.0 63050396614229144 1131347754 dark_flexible_3x1 bhm_spiders_agn_lsdr10_d3 bhm_spiders science 0 0 0.0 0.0 -999 ""
FIBERMAP 1045 R+11C11 METROLOGY 0 0 0 1 0 0 76.54724431799849 210.46551978233626 143.1 -170.16749432449384 145.57861736616127 56.796314 35.770645 -999.0 -999.0 -999.0 -999.0 -999.0 22.21920036157567 -41.22709427134512 22.18632321334138 -41.08270078281705 59.11623826542768 237.5466775076079 -999.0 6231.0 -999.0 -1 -999 {-999.0 -999.0 -999.0 -999.0 -999.0} "" -999.0 -999.0 -999.0 -999.0 -999 -999 "" "" "" "" 0 0 0.0 0.0 -999 ""
FIBERMAP 1047 R+10C15 APOGEE 1 1 0 1 0 0 118.38357273773228 180.21065841999524 143.1 -127.14923938880763 174.1232035297155 283.29965 39.371223 22.39309227984272 -41.1412229692168 -10.775869 -33.894173 3.1807287 22.39304980812952 -41.14132357404264 22.359744793541054 -40.9971151845175 59.261758090200324 237.6581223732468 16000.0 16600.0 2016.0 2 77 {-999.0 12.342305 11.863567 11.71739 -999.0} sdss_psfmag_from_g3xp 12.24507 11.896969 11.383681 10.491 63050395809808763 1103516141 bright_flexible_2x1 mwm_tess_2min_apogee mwm_planet science 0 0 0.0 0.0 -999 ""
FIBERMAP 1047 R+10C15 BOSS 0 0 0 1 0 0 117.78296013393869 180.63454295699594 143.1 -127.75702522612855 173.70973652523787 283.29965 39.371223 -999.0 -999.0 -999.0 -999.0 -999.0 22.390396024009593 -41.14255630062941 22.35726043886706 -40.9983189387643 59.2596767351524 237.65656632212546 -999.0 5400.0 -999.0 1 236 {-999.0 -999.0 -999.0 -999.0 -999.0} "" -999.0 -999.0 -999.0 -999.0 -999 -999 "" "" "" "" 0 0 0.0 0.0 -999 ""
FIBERMAP 1047 R+10C15 METROLOGY 0 0 0 1 0 0 118.4793932215718 180.94984911787486 143.1 -127.80765971597845 174.47250364231982 283.29965 39.371223 -999.0 -999.0 -999.0 -999.0 -999.0 22.390237390669885 -41.14022037956367 22.35705871858903 -40.99599080462135 59.260003201894634 237.66108588285255 -999.0 6231.0 -999.0 -1 -999 {-999.0 -999.0 -999.0 -999.0 -999.0} "" -999.0 -999.0 -999.0 -999.0 -999 -999 "" "" "" "" 0 0 0.0 0.0 -999 ""
FIBERMAP 1048 R-5C8 APOGEE 0 0 0 1 0 0 -94.79025385541564 -86.38916157213644 143.1 47.593930472060535 -119.08577939072543 192.76733 62.40473 -999.0 -999.0 -999.0 -999.0 -999.0 23.100244455336945 -42.030427111297556 23.063830580845945 -41.88662380839025 59.57850095159249 235.7226396287445 -999.0 16600.0 -999.0 2 -999 {-999.0 -999.0 -999.0 -999.0 -999.0} "" -999.0 -999.0 -999.0 -999.0 -999 -999 "" "" "" "" 0 0 0.0 0.0 -999 ""
FIBERMAP 1048 R-5C8 BOSS 1 1 0 1 0 0 -94.58479836692845 -85.65457372611186 143.1 46.97832102600373 -118.63544946468545 192.76733 62.40473 23.097605041194285 -42.02915432019929 -999.0 -999.0 -999.0 23.097592566706837 -42.0291600975587 23.061351531336243 -41.885324485468935 59.57702206276183 235.72600691952314 5400.0 5400.0 2016.0 1 481 {-999.0 -999.0 -999.0 -999.0 -999.0} "" -999.0 -999.0 -999.0 -999.0 63050397329910197 1128035651 dark_flexible_3x1 bhm_csc_boss_d3 bhm_csc science 0 0 0.0 0.0 -999 ""
FIBERMAP 1048 R-5C8 METROLOGY 0 0 0 1 0 0 -94.06952594673258 -86.18903786429195 143.1 47.65966785510828 -118.34071573049417 192.76733 62.40473 -999.0 -999.0 -999.0 -999.0 -999.0 23.1004258071455 -42.02826246816575 23.06413241326868 -41.88443812588123 59.5792447977219 235.72672268140593 -999.0 6231.0 -999.0 -1 -999 {-999.0 -999.0 -999.0 -999.0 -999.0} "" -999.0 -999.0 -999.0 -999.0 -999 -999 "" "" "" "" 0 0 0.0 0.0 -999 ""
FIBERMAP 1050 R+12C14 APOGEE 0 0 0 1 0 0 155.8930416743748 233.4754256810151 143.1 -163.84608838526512 227.94703586321847 67.37271 33.332157 -999.0 -999.0 -999.0 -999.0 -999.0 22.248087460388472 -40.97899917520122 22.21537516790346 -40.83470533647303 59.18750978812701 238.01189150600567 -999.0 16600.0 -999.0 2 56 {-999.0 -999.0 -999.0 -999.0 -999.0} "" -999.0 -999.0 -999.0 -999.0 -999 -999 "" ops_sky_apogee_best_unassigned ops_sky sky_apogee 0 0 0.0 0.0 -999 ""
FIBERMAP 1050 R+12C14 BOSS 1 1 0 1 0 0 156.03169008874187 232.74311904198154 143.1 -163.11177288295443 227.81967577782532 67.37271 33.332157 22.250947354577466 -40.97932999112188 -15.197575 -31.80362 2.4353228 22.250862918705074 -40.97942826424202 22.2183087861809 -40.83511140489835 59.18960543946119 238.01025854196297 5400.0 5400.0 2016.0 1 93 {-999.0 21.745884 19.812525 18.31895 -999.0} sdss_psfmag_gaia 20.656658 19.041733 17.82771 15.421 63050395809809751 1121057993 dark_1x1 openfibertargets_mwm_snc_further_ext_boss open_fiber science 0 0 0.0 0.0 -999 ""
FIBERMAP 1050 R+12C14 METROLOGY 0 0 0 1 0 0 155.31392273289666 232.9991862968233 143.1 -163.60358129643365 227.23758834397663 67.37271 33.332157 -999.0 -999.0 -999.0 -999.0 -999.0 22.24887854935563 -40.98112124179997 22.21627997462008 -40.8368094831475 59.18776528898604 238.00760063713045 -999.0 6231.0 -999.0 -1 -999 {-999.0 -999.0 -999.0 -999.0 -999.0} "" -999.0 -999.0 -999.0 -999.0 -999 -999 "" "" "" "" 0 0 0.0 0.0 -999 ""
FIBERMAP 1052 R-8C18 APOGEE 0 0 0 1 0 0 173.18339354498897 -168.3586234983096 143.1 218.44473215742795 103.01977641025246 254.62108 106.50653 -999.0 -999.0 -999.0 -999.0 -999.0 23.785680007335305 -41.35346368718866 23.748595947660704 -41.21042806031109 60.236426130852394 236.7911577892002 -999.0 16600.0 -999.0 2 -999 {-999.0 -999.0 -999.0 -999.0 -999.0} "" -999.0 -999.0 -999.0 -999.0 -999 -999 "" "" "" "" 0 0 0.0 0.0 -999 ""
FIBERMAP 1052 R-8C18 BOSS 1 1 0 1 0 0 172.42839042274343 -168.38961617339345 143.1 218.20860841829457 102.30201759630602 254.62108 106.50653 23.784672468336346 -41.35565239998176 -999.0 -999.0 -999.0 23.784646575661718 -41.35565654864782 23.74772014540673 -41.21259095550959 60.235282236724935 236.7872291266208 5400.0 5400.0 2016.0 1 275 {-999.0 -999.0 -999.0 -999.0 -999.0} "" -999.0 -999.0 -999.0 -999.0 63050396614422048 1128030468 dark_flexible_3x1 bhm_csc_boss_d3 bhm_csc science 0 0 0.0 0.0 -999 ""
FIBERMAP 1052 R-8C18 METROLOGY 0 0 0 1 0 0 172.78463380197152 -167.7257815874466 143.1 217.71219545524545 102.8686763067357 254.62108 106.50653 -999.0 -999.0 -999.0 -999.0 -999.0 23.782717968194156 -41.35393065508003 23.745754112558814 -41.21087179631508 60.23424366183886 236.79129001847292 -999.0 6231.0 -999.0 -1 -999 {-999.0 -999.0 -999.0 -999.0 -999.0} "" -999.0 -999.0 -999.0 -999.0 -999 -999 "" "" "" "" 0 0 0.0 0.0 -999 ""
FIBERMAP 1055 R+1C11 APOGEE 0 0 0 1 0 0 -58.02044049717318 5.016170279320248 143.1 -25.07193399443691 -52.56031160689906 273.72678 106.492516 -999.0 -999.0 -999.0 -999.0 -999.0 22.803324843442418 -41.82906926258099 22.76797228066596 -41.68505373767674 59.41152589829716 236.2108525031417 -999.0 16600.0 -999.0 2 21 {-999.0 -999.0 -999.0 -999.0 -999.0} "" -999.0 -999.0 -999.0 -999.0 -999 -999 "" ops_sky_apogee_best_unassigned ops_sky sky_apogee 0 0 0.0 0.0 -999 ""
FIBERMAP 1055 R+1C11 BOSS 1 1 0 1 0 0 -58.73267846562813 4.739444870321293 143.1 -25.06297122842914 -53.32432738494117 273.72678 106.492516 22.80318464789081 -41.83146919008302 -0.9500986 0.46225375 -0.28687868 22.803175268179594 -41.83145096396216 22.767984632745822 -41.68740559822421 59.41099367079457 236.20635065423028 5400.0 5400.0 2016.0 1 31 {-999.0 20.409698 20.280142 20.156206 20.102884} sdss_psfmag_from_gaiadr2 20.27035 20.271673 19.84382 -999.0 63050395808839314 1130401425 dark_flexible_3x1 bhm_gua_dark_d3 bhm_filler science 0 0 0.0 0.0 -999 ""
FIBERMAP 1055 R+1C11 METROLOGY 0 0 0 1 0 0 -58.59782836141743 5.481117022014672 143.1 -25.710008468937232 -52.93761419278695 273.72678 106.492516 -999.0 -999.0 -999.0 -999.0 -999.0 22.80058165449271 -41.83027267468867 22.76535257973603 -41.68623360999527 59.40935051504988 236.20948070093345 -999.0 6231.0 -999.0 -1 -999 {-999.0 -999.0 -999.0 -999.0 -999.0} "" -999.0 -999.0 -999.0 -999.0 -999 -999 "" "" "" "" 0 0 0.0 0.0 -999 ""
FIBERMAP 1059 R+3C13 APOGEE 0 0 0 1 0 0 -4.144589775021748 51.505557326287665 143.1 -49.677785501443545 14.20724774467774 231.03902 88.096214 -999.0 -999.0 -999.0 -999.0 -999.0 22.703365204982013 -41.626275046381714 22.668569527330078 -41.482219858140766 59.385035541103676 236.63201883108474 -999.0 16600.0 -999.0 2 125 {-999.0 -999.0 -999.0 -999.0 -999.0} "" -999.0 -999.0 -999.0 -999.0 -999 -999 "" ops_sky_apogee_best_unassigned ops_sky sky_apogee 0 0 0.0 0.0 -999 ""
FIBERMAP 1059 R+3C13 BOSS 1 1 0 1 0 0 -4.710098370425902 51.98986667851945 143.1 -50.32981655856775 13.847866903890527 231.03902 88.096214 22.70053550034859 -41.62735490164831 4.0661 -7.7396817 0.16913237 22.700507186879452 -41.627383838162274 22.665882151462768 -41.48329767559738 59.38283275083024 236.63083641375073 5400.0 5400.0 2016.0 1 111 {-999.0 17.448147 17.026133 16.890928 -999.0} sdss_psfmag_gaia 17.379065 17.053038 16.566769 15.398 63050395808839563 944814136 bright_1x1 openfibertargets_nov2020_6c open_fiber science 0 0 0.0 0.0 -999 ""
FIBERMAP 1059 R+3C13 METROLOGY 0 0 0 1 0 0 -4.002727904635625 52.234930866830645 143.1 -50.310845734820106 14.596206726328889 231.03902 88.096214 -999.0 -999.0 -999.0 -999.0 -999.0 22.70062948524713 -41.6251016810346 22.66596075533289 -41.481024162193336 59.38339659748989 236.6351625348025 -999.0 6231.0 -999.0 -1 -999 {-999.0 -999.0 -999.0 -999.0 -999.0} "" -999.0 -999.0 -999.0 -999.0 -999 -999 "" "" "" "" 0 0 0.0 0.0 -999 ""
FIBERMAP 1061 R+9C10 APOGEE 0 0 0 1 0 0 1.5082811913816094 163.49645391281263 143.1 -152.54456870496463 58.82855195822076 241.8343 104.112206 -999.0 -999.0 -999.0 -999.0 -999.0 22.287410214717344 -41.48990766851446 22.253862812304874 -41.34553012344367 59.11121812330043 237.0252865797131 -999.0 16600.0 -999.0 2 136 {-999.0 -999.0 -999.0 -999.0 -999.0} "" -999.0 -999.0 -999.0 -999.0 -999 -999 "" ops_sky_apogee_best_unassigned ops_sky sky_apogee 0 0 0.0 0.0 -999 ""
FIBERMAP 1061 R+9C10 BOSS 1 1 0 1 0 0 0.7847145691464803 163.66786672801283 143.1 -152.95915561923616 58.21130612907475 241.8343 104.112206 22.285443241583927 -41.491781135325986 -999.0 -999.0 -999.0 22.285469969354857 -41.491776163321326 22.25209167422736 -41.34736932088787 59.10952820079491 237.02233587992285 5400.0 5400.0 2016.0 1 131 {-999.0 22.696268 21.170506 20.531641 20.11597} sdss_fiber2mag_from_lsdr10 1e+20 1e+20 1e+20 -999.0 63050397329916819 1128238063 dark_flexible_3x1 bhm_spiders_clusters_lsdr10_d3 bhm_spiders science 0 0 0.0 0.0 -999 ""
FIBERMAP 1061 R+9C10 METROLOGY 0 0 0 1 0 0 1.2795269351677732 164.21054413022904 143.1 -153.29347222791597 58.865152856060035 241.8343 104.112206 -999.0 -999.0 -999.0 -999.0 -999.0 22.284161934384056 -41.489774127336524 22.250742531435435 -41.34537436903847 59.10896209674289 237.0265519340303 -999.0 6231.0 -999.0 -1 -999 {-999.0 -999.0 -999.0 -999.0 -999.0} "" -999.0 -999.0 -999.0 -999.0 -999 -999 "" "" "" "" 0 0 0.0 0.0 -999 ""
FIBERMAP 1062 R-12C6 APOGEE 0 0 0 1 0 0 -27.55936473085408 -228.38556165851878 143.1 204.14869254592804 -106.00663952758768 48.87471 78.46816 -999.0 -999.0 -999.0 -999.0 -999.0 23.737390318593167 -41.98667170160016 23.699427183348746 -41.84344636170133 60.04797549769766 235.57503047678523 -999.0 16600.0 -999.0 2 -999 {-999.0 -999.0 -999.0 -999.0 -999.0} "" -999.0 -999.0 -999.0 -999.0 -999 -999 "" "" "" "" 0 0 0.0 0.0 -999 ""
FIBERMAP 1062 R-12C6 BOSS 1 1 0 1 0 0 -27.169196216689244 -228.95664291261662 143.1 204.82038851907444 -105.84189399186212 48.87471 78.46816 23.739983978348477 -41.98618589946245 10.123062 -2.0786102 -0.032698125 23.739989336697562 -41.9861935241364 23.702180928051916 -41.84293977638047 60.05008846967925 235.5749860418382 5400.0 5400.0 2016.0 1 365 {-999.0 22.127102 20.821365 20.234074 -999.0} sdss_psfmag_gaia 21.339355 20.76694 19.563627 -999.0 63050395808834828 1092647948 dark_flexible_2x1 mwm_cb_galex_vol_boss mwm_cb science 0 0 0.0 0.0 -999 ""
FIBERMAP 1062 R-12C6 METROLOGY 0 0 0 1 0 0 -27.849403422206112 -229.07503665756872 143.1 204.6923611078976 -106.52031817815936 48.87471 78.46816 -999.0 -999.0 -999.0 -999.0 -999.0 23.739583212355996 -41.98825796283005 23.701727056351956 -41.84501211522723 60.04924308751811 235.57113617843714 -999.0 6231.0 -999.0 -1 -999 {-999.0 -999.0 -999.0 -999.0 -999.0} "" -999.0 -999.0 -999.0 -999.0 -999 -999 "" "" "" "" 0 0 0.0 0.0 -999 ""
FIBERMAP 1065 R-10C5 APOGEE 0 0 0 1 0 0 -83.03652523900529 -200.4500513760045 143.1 158.5115747321944 -148.1370181757893 276.69922 149.60878 -999.0 -999.0 -999.0 -999.0 -999.0 23.55320330060527 -42.11572725437356 23.51550307801699 -41.97230615488285 59.88320963690195 235.3941858974259 -999.0 16600.0 -999.0 2 -999 {-999.0 -999.0 -999.0 -999.0 -999.0} "" -999.0 -999.0 -999.0 -999.0 -999 -999 "" "" "" "" 0 0 0.0 0.0 -999 ""
FIBERMAP 1065 R-10C5 BOSS 1 1 0 1 0 0 -83.32419886811208 -201.10785382224185 143.1 159.02642029172443 -148.63735981155546 276.69922 149.60878 23.55494764077199 -42.117086929577155 60.4637 -67.97592 1.5129316 23.555193916456354 -42.11728275574515 23.51764809232867 -41.97383192897407 59.884371297455935 235.390445791499 5400.0 5400.0 2016.0 1 423 {-999.0 19.506382 18.023664 17.292152 -999.0} sdss_psfmag_gaia 18.889996 17.883698 16.892538 15.04 63050395808834686 1136523933 dark_flexible_3x1 mwm_halo_local_high_boss_triple mwm_halo science 0 0 0.0 0.0 -999 ""
FIBERMAP 1065 R-10C5 METROLOGY 0 0 0 1 0 0 -83.77978074542489 -200.53413151023986 143.1 158.32927985907304 -148.86242140197515 276.69922 149.60878 -999.0 -999.0 -999.0 -999.0 -999.0 23.552440031796944 -42.118000598301734 23.51485420717205 -41.974555964881674 59.88217904180196 235.39008594873178 -999.0 6231.0 -999.0 -1 -999 {-999.0 -999.0 -999.0 -999.0 -999.0} "" -999.0 -999.0 -999.0 -999.0 -999 -999 "" "" "" "" 0 0 0.0 0.0 -999 ""
FIBERMAP 1066 R-11C10 APOGEE 0 0 0 1 0 0 44.23638585066029 -204.1014207390697 143.1 206.62567749320195 -30.2595003905004 48.74938 109.582924 -999.0 -999.0 -999.0 -999.0 -999.0 23.744581401401295 -41.75731069470271 23.70696392685369 -41.61414470788998 60.109995299708004 236.01774240704384 -999.0 16600.0 -999.0 2 175 {-999.0 -999.0 -999.0 -999.0 -999.0} "" -999.0 -999.0 -999.0 -999.0 -999 -999 "" ops_sky_apogee_best_unassigned ops_sky sky_apogee 0 0 0.0 0.0 -999 ""
FIBERMAP 1066 R-11C10 BOSS 1 1 0 1 0 0 44.92519286337698 -204.36759012960582 143.1 207.11677382788156 -29.7080748515232 48.74938 109.582924 23.746453112843124 -41.755654669372035 -999.0 -999.0 -999.0 23.746449758243795 -41.755660021390675 23.708990042830123 -41.61246610787945 60.11187324208316 236.02026936937193 5400.0 5400.0 2016.0 1 417 {-999.0 22.456404 22.350397 21.866405 21.452982} sdss_psfmag_from_lsdr10 1e+20 1e+20 1e+20 -999.0 63050396614350424 1131342783 dark_flexible_3x1 bhm_spiders_agn_lsdr10_d3 bhm_spiders science 0 0 0.0 0.0 -999 ""
FIBERMAP 1066 R-11C10 METROLOGY 0 0 0 1 0 0 44.37465813504784 -204.8341827775656 143.1 207.36028727646845 -30.387372555611464 48.74938 109.582924 -999.0 -999.0 -999.0 -999.0 -999.0 23.747547662406273 -41.7577046487082 23.710036655800593 -41.61451975477348 60.112132075598254 236.01588978100415 -999.0 6231.0 -999.0 -1 -999 {-999.0 -999.0 -999.0 -999.0 -999.0} "" -999.0 -999.0 -999.0 -999.0 -999 -999 "" "" "" "" 0 0 0.0 0.0 -999 ""
FIBERMAP 1067 R+3C14 APOGEE 0 0 1 1 0 0 34.356465600079616 66.0147796239076 143.1 -49.74136839287797 55.349348156210425 10.581855 169.91692 -999.0 -999.0 -999.0 -999.0 -999.0 22.70334302764222 -41.501365362763075 22.668733494089224 -41.35733876139584 59.41276040897232 236.87121506207683 -999.0 16600.0 -999.0 2 122 {-999.0 -999.0 -999.0 -999.0 -999.0} "" -999.0 -999.0 -999.0 -999.0 -999 -999 "" ops_sky_apogee_best_unassigned ops_sky sky_apogee 0 0 0.0 0.0 -999 ""
FIBERMAP 1067 R+3C14 BOSS 1 0 1 1 0 0 35.08614461885307 65.92538565455587 143.1 -49.401425427477776 56.00111998655716 10.581855 169.91692 22.812436002336575 -41.537061614813986 44.576794 -2.4322994 1.2295583 22.704520195702376 -41.49938226868406 22.67007535515728 -41.3553293506448 59.41418374013516 236.87463390735076 5400.0 5400.0 2016.0 1 102 {-999.0 18.790728 17.697794 17.248278 -999.0} sdss_psfmag_gaia 18.43037 17.704733 16.899574 15.26 63050395808839594 1136525271 dark_flexible_3x1 mwm_halo_local_high_boss_triple mwm_halo science 0 0 0.0 0.0 -999 ""
FIBERMAP 1067 R+3C14 METROLOGY 0 0 1 1 0 0 34.65049176791641 65.32054075192015 143.1 -48.98812869260619 55.380829723901016 10.581855 169.91692 -999.0 -999.0 -999.0 -999.0 -999.0 22.706232776876224 -41.50125344029123 22.67173417786796 -41.35720943264187 59.41498626122369 236.87049223172295 -999.0 6231.0 -999.0 -1 -999 {-999.0 -999.0 -999.0 -999.0 -999.0} "" -999.0 -999.0 -999.0 -999.0 -999 -999 "" "" "" "" 0 0 0.0 0.0 -999 ""
FIBERMAP 1072 R-5C17 APOGEE 0 0 0 1 0 0 136.96046715934193 -108.78896244127516 143.1 149.95167773659696 90.02548499302691 353.38635 77.94402 -999.0 -999.0 -999.0 -999.0 -999.0 23.510904105899435 -41.39436376059404 23.474438847398915 -41.251070714132986 60.02643076792261 236.80736396274182 -999.0 16600.0 -999.0 2 -999 {-999.0 -999.0 -999.0 -999.0 -999.0} "" -999.0 -999.0 -999.0 -999.0 -999 -999 "" "" "" "" 0 0 0.0 0.0 -999 ""
FIBERMAP 1072 R-5C17 BOSS 1 1 0 1 0 0 136.73330860569226 -109.48835703686804 143.1 150.5267157065955 89.56719458884636 353.38635 77.94402 23.513010413905636 -41.39570089353249 33.10229 -13.627642 0.7628414 23.513152042213687 -41.39573586668082 23.476839130626672 -41.25241616309877 60.02787871995859 236.8039142897107 5400.0 5400.0 2016.0 1 296 {-999.0 22.071108 20.574259 19.829594 -999.0} sdss_psfmag_gaia 21.20588 20.425644 19.18967 16.829 63050395808839835 1092647962 dark_flexible_2x1 mwm_cb_galex_vol_boss mwm_cb science 0 0 0.0 0.0 -999 ""
FIBERMAP 1072 R-5C17 METROLOGY 0 0 0 1 0 0 136.2283672761424 -108.94235076487037 143.1 149.83819056155141 89.28618672951794 353.38635 77.94402 -999.0 -999.0 -999.0 -999.0 -999.0 23.510458386678973 -41.3965810909559 23.474105520060277 -41.25326681430122 60.025683257724275 236.80320044951455 -999.0 6231.0 -999.0 -1 -999 {-999.0 -999.0 -999.0 -999.0 -999.0} "" -999.0 -999.0 -999.0 -999.0 -999 -999 "" "" "" "" 0 0 0.0 0.0 -999 ""
FIBERMAP 1073 R+13C13 APOGEE 0 0 0 1 0 0 131.08914124298647 271.51846351531503 143.1 -208.17463617575584 218.084171306187 126.520325 43.556713 -999.0 -999.0 -999.0 -999.0 -999.0 22.070831186186602 -41.008289832277484 22.038516467679187 -40.86384122656519 59.05061108767049 238.0074529140795 -999.0 16600.0 -999.0 2 58 {-999.0 -999.0 -999.0 -999.0 -999.0} "" -999.0 -999.0 -999.0 -999.0 -999 -999 "" ops_sky_apogee_best_unassigned ops_sky sky_apogee 0 0 0.0 0.0 -999 ""
FIBERMAP 1073 R+13C13 BOSS 1 1 0 1 0 0 131.8457627155147 271.41358350407586 143.1 -207.81073273148237 218.75572975960887 126.520325 43.556713 22.072185734356513 -41.00633227056893 -0.35731432 0.23672225 0.8891019 22.07220039917925 -41.00634159682928 22.040051732802056 -40.86186944117806 59.05213532056623 238.01077157458042 5400.0 5400.0 2016.0 1 96 {-999.0 20.170244 19.995262 19.796503 19.61234} sdss_psfmag_from_lsdr10 20.226694 19.892122 19.540823 -999.0 63050395809809866 1131350134 dark_flexible_3x1 bhm_spiders_agn_lsdr10_d3 bhm_spiders science 0 0 0.0 0.0 -999 ""
FIBERMAP 1073 R+13C13 METROLOGY 0 0 0 1 0 0 131.3624972782568 270.82066099792524 143.1 -207.42531890080298 218.0950488999329 126.520325 43.556713 -999.0 -999.0 -999.0 -999.0 -999.0 22.073686065142198 -41.00827360588691 22.041483733259554 -40.8638093602751 59.05281802815014 238.00666026437068 -999.0 6231.0 -999.0 -1 -999 {-999.0 -999.0 -999.0 -999.0 -999.0} "" -999.0 -999.0 -999.0 -999.0 -999 -999 "" "" "" "" 0 0 0.0 0.0 -999 ""
FIBERMAP 1075 R-7C7 APOGEE 0 0 0 1 0 0 -86.02405702876139 -140.63256805837335 143.1 101.45804720184786 -129.92750143536998 167.9065 152.77687 -999.0 -999.0 -999.0 -999.0 -999.0 23.32028680328515 -42.06230497813039 23.28326333425929 -41.91868839396663 59.72914608048467 235.58257589511345 -999.0 16600.0 -999.0 2 267 {-999.0 -999.0 -999.0 -999.0 -999.0} "" -999.0 -999.0 -999.0 -999.0 -999 -999 "" ops_sky_apogee_best_unassigned ops_sky sky_apogee 0 0 0.0 0.0 -999 ""
FIBERMAP 1075 R-7C7 BOSS 1 1 0 1 0 0 -86.59453941904438 -140.16622159522683 143.1 100.8210872862255 -130.29784719060228 167.9065 152.77687 23.3175518272903 -42.063397192366764 10.16007 -41.406452 3.065069 23.31758564799284 -42.06352245777349 23.280730203041117 -41.91987252979459 59.72702848088908 235.5812149407414 5400.0 5400.0 2016.0 1 362 {-999.0 19.904877 18.083036 16.902966 -999.0} sdss_psfmag_gaia 18.981483 17.595615 16.444696 14.351 63050395808837934 1121036371 dark_1x1 openfibertargets_mwm_snc_further_ext_boss open_fiber science 0 0 0.0 0.0 -999 ""
FIBERMAP 1075 R-7C7 METROLOGY 0 0 0 1 0 0 -85.9172750387655 -139.89165515978948 143.1 100.80186390081283 -129.56733376677582 167.9065 152.77687 -999.0 -999.0 -999.0 -999.0 -999.0 23.31755724477263 -42.061318941519595 23.280659098050535 -41.91767819201248 59.727514911496456 235.58546077951618 -999.0 6231.0 -999.0 -1 -999 {-999.0 -999.0 -999.0 -999.0 -999.0} "" -999.0 -999.0 -999.0 -999.0 -999 -999 "" "" "" "" 0 0 0.0 0.0 -999 ""
FIBERMAP 1076 R-13C6 APOGEE 0 0 0 1 0 0 -20.466741268139522 -268.7408561618316 143.1 244.4222831093533 -113.53804723549649 10.049005 41.590714 -999.0 -999.0 -999.0 -999.0 -999.0 23.900663135943955 -42.00764625895493 23.862253211027166 -41.86456457111847 60.16004304292318 235.47281055410204 -999.0 16600.0 -999.0 2 263 {-999.0 -999.0 -999.0 -999.0 -999.0} "" -999.0 -999.0 -999.0 -999.0 -999 -999 "" ops_sky_apogee_best_unassigned ops_sky sky_apogee 0 0 0.0 0.0 -999 ""
FIBERMAP 1076 R-13C6 BOSS 1 1 0 1 0 0 -20.938755793081796 -269.3410779248299 143.1 244.81848197702598 -114.19075772215665 10.049005 41.590714 23.90212699352602 -42.00961015881109 -0.04553082 0.2415943 -1.2849973 23.90212134324293 -42.00962663009071 23.863864294044618 -41.86651466641596 60.1607098097889 235.46840841804908 5400.0 5400.0 2016.0 1 357 {-999.0 20.850685 20.712511 20.586657 20.523846} sdss_psfmag_from_gaiadr2 20.744167 20.70299 20.279837 -999.0 63050395808834764 1130401290 dark_flexible_3x1 bhm_gua_dark_d3 bhm_filler science 0 0 0.0 0.0 -999 ""
FIBERMAP 1076 R-13C6 METROLOGY 0 0 0 1 0 0 -21.216827569686984 -268.63483946134505 143.1 244.05961044563725 -114.20308792685817 10.049005 41.590714 -999.0 -999.0 -999.0 -999.0 -999.0 23.89916454958216 -42.00971310220324 23.86086958619586 -41.86660724880633 60.158528922441036 235.4693636656708 -999.0 6231.0 -999.0 -1 -999 {-999.0 -999.0 -999.0 -999.0 -999.0} "" -999.0 -999.0 -999.0 -999.0 -999 -999 "" "" "" "" 0 0 0.0 0.0 -999 ""
FIBERMAP 1077 R-13C11 APOGEE 0 0 0 1 0 0 73.93456870159093 -264.50776420011255 143.1 273.61073057787587 -23.667852380456555 249.40431 117.964294 -999.0 -999.0 -999.0 -999.0 -999.0 24.014140029707175 -41.73469838677226 23.97588201452652 -41.59178358356443 60.31042055098608 235.9620429055332 -999.0 16600.0 -999.0 2 159 {-999.0 -999.0 -999.0 -999.0 -999.0} "" -999.0 -999.0 -999.0 -999.0 -999 -999 "" ops_sky_apogee_best_unassigned ops_sky sky_apogee 0 0 0.0 0.0 -999 ""
FIBERMAP 1077 R-13C11 BOSS 1 1 0 1 0 0 73.21161619541732 -264.60310441878204 143.1 273.44610798071534 -24.37820113508484 249.40431 117.964294 24.01336669921875 -41.73685222489385 -999.0 -999.0 -999.0 24.013341813630948 -41.73688267379234 23.97524066344289 -41.593936394330264 60.309423283986646 235.95807111157683 5400.0 5400.0 2015.5 1 351 {-999.0 -999.0 -999.0 -999.0 -999.0} "" -999.0 -999.0 -999.0 -999.0 27021603160869909 813986551 "" ops_sky_boss_good ops_sky sky_boss 0 0 0.0 0.0 -999 ""
FIBERMAP 1077 R-13C11 METROLOGY 0 0 0 1 0 0 73.48060837093158 -263.91363688429306 143.1 272.89505532645626 -23.884229995110076 249.40431 117.964294 -999.0 -999.0 -999.0 -999.0 -999.0 24.01121939118752 -41.73540909515543 23.973081048650783 -41.59246978151562 60.30822110570524 235.96174655003824 -999.0 6231.0 -999.0 -1 -999 {-999.0 -999.0 -999.0 -999.0 -999.0} "" -999.0 -999.0 -999.0 -999.0 -999 -999 "" "" "" "" 0 0 0.0 0.0 -999 ""
FIBERMAP 1079 R+9C17 APOGEE 0 0 0 1 0 0 171.40408205713507 187.8430985506378 143.1 -115.67548788390387 226.44422680763034 80.1476 112.90762 -999.0 -999.0 -999.0 -999.0 -999.0 22.44058061856096 -40.983743233699094 22.407385182434666 -40.83961074498963 59.32889644003139 237.94592558075897 -999.0 16600.0 -999.0 2 -999 {-999.0 -999.0 -999.0 -999.0 -999.0} "" -999.0 -999.0 -999.0 -999.0 -999 -999 "" "" "" "" 0 0 0.0 0.0 -999 ""
FIBERMAP 1079 R+9C17 BOSS 1 1 0 1 0 0 172.08950676899832 188.0378612905018 143.1 -115.61712899090831 227.15435504499928 80.1476 112.90762 22.440656945567568 -40.98160706708205 0.105567895 -0.26281247 -0.37858427 22.44066255033551 -40.98162261798919 22.407634612096274 -40.837465189266524 59.32951162028846 237.94997203643078 5400.0 5400.0 2016.0 1 251 {-999.0 20.741537 20.388966 20.330606 20.321634} sdss_psfmag_from_lsdr10 20.553453 20.380558 19.894102 -999.0 63050395809809710 1131350143 dark_flexible_3x1 bhm_spiders_agn_lsdr10_d3 bhm_spiders science 0 0 0.0 0.0 -999 ""
FIBERMAP 1079 R+9C17 METROLOGY 0 0 0 1 0 0 171.92233496711367 187.30373583585782 143.1 -114.9885080582726 226.7400307638291 80.1476 112.90762 -999.0 -999.0 -999.0 -999.0 -999.0 22.44318554554632 -40.98282218609707 22.410102969878835 -40.83867384267702 59.33109872270445 237.94691640284296 -999.0 6231.0 -999.0 -1 -999 {-999.0 -999.0 -999.0 -999.0 -999.0} "" -999.0 -999.0 -999.0 -999.0 -999 -999 "" "" "" "" 0 0 0.0 0.0 -999 ""
FIBERMAP 1082 R-2C22 APOGEE 0 0 0 1 0 0 205.89075038348716 -45.93604391827471 143.1 115.3121918701931 176.63433848372227 237.85365 163.47583 -999.0 -999.0 -999.0 -999.0 -999.0 23.36826210273781 -41.133009425322314 23.33255213796292 -40.98964908431922 59.980927073164125 237.36490618882897 -999.0 16600.0 -999.0 2 -999 {-999.0 -999.0 -999.0 -999.0 -999.0} "" -999.0 -999.0 -999.0 -999.0 -999 -999 "" "" "" "" 0 0 0.0 0.0 -999 ""
FIBERMAP 1082 R-2C22 BOSS 1 1 0 1 0 0 205.35829151702748 -46.436457009883924 143.1 115.59371770337823 175.9600873734368 237.85365 163.47583 23.36928651759007 -41.135041146808355 0.14574254 -0.122130066 -0.14852858 23.369292112029022 -41.135026451979115 23.333736623367713 -40.99163936855458 59.98136242829557 237.36063261829955 5400.0 5400.0 2016.0 1 311 {-999.0 19.6606 19.480488 19.500916 19.570583} sdss_psfmag_from_lsdr10 19.605173 19.497107 19.114243 -999.0 63050395808842141 1131347769 dark_flexible_3x1 bhm_spiders_agn_lsdr10_d3 bhm_spiders science 0 0 0.0 0.0 -999 ""
FIBERMAP 1082 R-2C22 METROLOGY 0 0 0 1 0 0 205.1775277270322 -45.710629501886984 143.1 114.85067830607733 176.04574143015822 237.85365 163.47583 -999.0 -999.0 -999.0 -999.0 -999.0 23.366372669886417 -41.13474318399926 23.330779463961562 -40.99136127707923 59.97924584333421 237.36215434605532 -999.0 6231.0 -999.0 -1 -999 {-999.0 -999.0 -999.0 -999.0 -999.0} "" -999.0 -999.0 -999.0 -999.0 -999 -999 "" "" "" "" 0 0 0.0 0.0 -999 ""
FIBERMAP 1084 R-6C17 APOGEE 0 0 0 1 0 0 140.75712949158455 -127.58830581888127 143.1 168.88594791867317 86.97820344551933 296.3281 117.81609 -999.0 -999.0 -999.0 -999.0 -999.0 23.587316788766717 -41.40319400987672 23.550647746790958 -41.25996755260659 60.08013990792995 236.76361921091592 -999.0 16600.0 -999.0 2 209 {-999.0 -999.0 -999.0 -999.0 -999.0} "" -999.0 -999.0 -999.0 -999.0 -999 -999 "" ops_sky_apogee_best_unassigned ops_sky sky_apogee 0 0 0.0 0.0 -999 ""
FIBERMAP 1084 R-6C17 BOSS 1 1 0 1 0 0 140.36432045009582 -128.20692552769393 143.1 169.32718719285808 86.3931884662194 296.3281 117.81609 23.58901977539062 -41.404971795675976 -999.0 -999.0 -999.0 23.589029215216925 -41.4049567737839 23.552512858724242 -41.26170297091408 60.08110351456099 236.75958503143988 5400.0 5400.0 2015.5 1 295 {-999.0 -999.0 -999.0 -999.0 -999.0} "" -999.0 -999.0 -999.0 -999.0 27021603160873697 821783160 "" ops_sky_boss_good ops_sky sky_boss 0 0 0.0 0.0 -999 ""
FIBERMAP 1084 R-6C17 METROLOGY 0 0 0 1 0 0 140.00834449076206 -127.54386657116333 143.1 168.58138439343958 86.29275643327829 296.3281 117.81609 -999.0 -999.0 -999.0 -999.0 -999.0 23.586105681887073 -41.4052573014847 23.549550889009026 -41.26200887170936 60.07886651214818 236.76001873876405 -999.0 6231.0 -999.0 -1 -999 {-999.0 -999.0 -999.0 -999.0 -999.0} "" -999.0 -999.0 -999.0 -999.0 -999 -999 "" "" "" "" 0 0 0.0 0.0 -999 ""
FIBERMAP 1088 R+6C21 APOGEE 0 0 0 1 0 0 236.39870299673075 106.5798306807047 143.1 -16.76770595887051 258.7578132121909 339.89664 96.9499 -999.0 -999.0 -999.0 -999.0 -999.0 22.836991010021055 -40.886665142627756 22.80295986062731 -40.742894745527764 59.641757029274004 238.0131416126161 -999.0 16600.0 -999.0 2 88 {-999.0 -999.0 -999.0 -999.0 -999.0} "" -999.0 -999.0 -999.0 -999.0 -999 -999 "" ops_sky_apogee_best_unassigned ops_sky sky_apogee 0 0 0.0 0.0 -999 ""
FIBERMAP 1088 R+6C21 BOSS 1 1 0 1 0 0 236.22985929569137 105.86556238551053 143.1 -16.15826351031698 258.3488970131716 339.89664 96.9499 22.839202880859375 -40.88794027458198 -999.0 -999.0 -999.0 22.839266306285886 -40.887908870771625 22.805389962622655 -40.74411453561428 59.64331053493025 238.0100354965668 5400.0 5400.0 2015.5 1 262 {-999.0 -999.0 -999.0 -999.0 -999.0} "" -999.0 -999.0 -999.0 -999.0 27021603161556515 814091405 "" ops_sky_boss_good ops_sky sky_boss 0 0 0.0 0.0 -999 ""
FIBERMAP 1088 R+6C21 METROLOGY 0 0 0 1 0 0 235.6862387411597 106.36092824851583 143.1 -16.812959665875468 258.013891750325 339.89664 96.9499 -999.0 -999.0 -999.0 -999.0 -999.0 22.836688137959307 -40.88886159840743 22.802770764761874 -40.74507207222205 59.641172510053664 238.00898203898927 -999.0 6231.0 -999.0 -1 -999 {-999.0 -999.0 -999.0 -999.0 -999.0} "" -999.0 -999.0 -999.0 -999.0 -999 -999 "" "" "" "" 0 0 0.0 0.0 -999 ""
FIBERMAP 1089 R+7C13 APOGEE 0 0 0 1 0 0 60.27407539041918 122.90709019445742 143.1 -93.9053302497067 99.59416820965195 291.30298 113.67344 -999.0 -999.0 -999.0 -999.0 -999.0 22.525171055545734 -41.36696854925306 22.491206647495403 -41.222820277233744 59.3115745580354 237.18548469791355 -999.0 16600.0 -999.0 2 91 {-999.0 -999.0 -999.0 -999.0 -999.0} "" -999.0 -999.0 -999.0 -999.0 -999 -999 "" ops_sky_apogee_best_unassigned ops_sky sky_apogee 0 0 0.0 0.0 -999 ""
FIBERMAP 1089 R+7C13 BOSS 1 1 0 1 0 0 59.78684433875437 122.36208336596462 143.1 -93.56617031227381 98.94660147609204 291.30298 113.67344 22.52630310134189 -41.36889543327601 -0.34048048 0.84790987 -0.41476563 22.526304461713078 -41.368912920099554 22.492499643462963 -41.224738099040394 59.31211683429753 237.18140760021598 5400.0 5400.0 2016.0 1 156 {-999.0 20.234743 20.09455 19.967972 19.902931} sdss_psfmag_from_gaiadr2 20.024271 20.084978 19.55153 -999.0 63050395809808645 1130424114 dark_flexible_3x1 bhm_gua_dark_d3 bhm_filler science 0 0 0.0 0.0 -999 ""
FIBERMAP 1089 R+7C13 METROLOGY 0 0 0 1 0 0 59.552599344736706 123.07359844086967 143.1 -94.31459107551312 98.97715731317227 291.30298 113.67344 -999.0 -999.0 -999.0 -999.0 -999.0 22.523315415043268 -41.36879710417658 22.489471419176652 -41.224627438399146 59.309914893451634 237.1825688462842 -999.0 6231.0 -999.0 -1 -999 {-999.0 -999.0 -999.0 -999.0 -999.0} "" -999.0 -999.0 -999.0 -999.0 -999 -999 "" "" "" "" 0 0 0.0 0.0 -999 ""
FIBERMAP 1090 R+2C22 APOGEE 0 0 0 1 0 0 216.3219408658483 48.35867933700074 143.1 30.691568005418674 219.5148512805353 63.75111 82.04268 -999.0 -999.0 -999.0 -999.0 -999.0 23.027435527979694 -41.004461483275904 22.992760628759015 -40.860829874623356 59.75787845371141 237.72545967420973 -999.0 16600.0 -999.0 2 -999 {-999.0 -999.0 -999.0 -999.0 -999.0} "" -999.0 -999.0 -999.0 -999.0 -999 -999 "" "" "" "" 0 0 0.0 0.0 -999 ""
FIBERMAP 1090 R+2C22 BOSS 1 1 0 1 0 0 216.9633291031042 47.96882832368172 143.1 31.28180933295814 219.97844648098388 63.75111 82.04268 23.029606201954163 -41.003031777641716 0.03380332 -0.07371253 -0.030542139 23.029643551291915 -41.0030470159401 22.995126863259316 -40.859391373878054 59.75993062780998 237.72750445046427 5400.0 5400.0 2016.0 1 232 {-999.0 19.301601 19.112474 19.050638 19.014471} sdss_psfmag_from_lsdr10 19.366035 19.200174 18.801945 -999.0 63050395809809089 1131350152 dark_flexible_3x1 bhm_spiders_agn_lsdr10_d3 bhm_spiders science 0 0 0.0 0.0 -999 ""
FIBERMAP 1090 R+2C22 METROLOGY 0 0 0 1 0 0 216.27748479297284 47.61200546282233 143.1 31.37503255780546 219.21101338467975 63.75111 82.04268 -999.0 -999.0 -999.0 -999.0 -999.0 23.030080324926725 -41.0053154946019 22.995513393984368 -40.861667157823724 59.75973758508181 237.7229646744119 -999.0 6231.0 -999.0 -1 -999 {-999.0 -999.0 -999.0 -999.0 -999.0} "" -999.0 -999.0 -999.0 -999.0 -999 -999 "" "" "" "" 0 0 0.0 0.0 -999 ""
FIBERMAP 1097 R-1C6 APOGEE 0 0 0 1 1 0 -156.78990251990604 -8.889196093238258 143.1 -46.73867425368624 -149.91690075301696 59.344288 98.738846 -999.0 -999.0 -999.0 -999.0 -999.0 22.71482984094816 -42.12409705506482 22.679257117930092 -41.97993772604581 59.27840380240353 235.6787486690218 -999.0 16600.0 -999.0 2 -999 {-999.0 -999.0 -999.0 -999.0 -999.0} "" -999.0 -999.0 -999.0 -999.0 -999 -999 "" "" "" "" 0 0 0.0 0.0 -999 ""
FIBERMAP 1097 R-1C6 BOSS 1 0 0 1 1 0 -156.00701767980772 -9.282114349908706 143.1 -46.09587066101651 -149.3219059109818 59.344288 98.738846 22.81099817626458 -42.136039422814676 -0.84157205 0.25326574 2.682197 22.717265199598106 -42.12239419764493 22.681855295420633 -41.97820718112104 59.28069017681293 235.68114437904399 5400.0 5400.0 2016.0 1 461 {-999.0 21.402775 20.992662 20.837885 20.724718} sdss_psfmag_from_lsdr10 20.724028 20.763498 20.355263 -999.0 63050395808838082 1131337749 dark_flexible_3x1 bhm_spiders_agn_lsdr10_d3 bhm_spiders science 0 0 0.0 0.0 -999 ""
FIBERMAP 1097 R-1C6 METROLOGY 0 0 0 1 1 0 -156.6690500559655 -9.627364704570114 143.1 -46.00512000786229 -150.06298096988712 59.344288 98.738846 -999.0 -999.0 -999.0 -999.0 -999.0 22.717675615953187 -42.12464534861129 22.682214080060362 -41.9804667127261 59.28041406904974 235.67672337371852 -999.0 6231.0 -999.0 -1 -999 {-999.0 -999.0 -999.0 -999.0 -999.0} "" -999.0 -999.0 -999.0 -999.0 -999 -999 "" "" "" "" 0 0 0.0 0.0 -999 ""
FIBERMAP 1102 R+4C17 APOGEE 0 0 0 1 0 0 127.13025270329561 74.22972680610799 143.1 -24.852500484602295 145.09410926946276 3.3169985 99.93247 -999.0 -999.0 -999.0 -999.0 -999.0 22.80435818822654 -41.229343768060765 22.769900574804694 -41.085466565844314 59.54585281110057 237.36148148894455 -999.0 16600.0 -999.0 2 66 {-999.0 -999.0 -999.0 -999.0 -999.0} "" -999.0 -999.0 -999.0 -999.0 -999 -999 "" ops_sky_apogee_best_unassigned ops_sky sky_apogee 0 0 0.0 0.0 -999 ""
FIBERMAP 1102 R+4C17 BOSS 1 1 0 1 0 0 127.31684277304007 73.50648133015183 143.1 -24.109832462292715 145.01481684551538 3.3169985 99.93247 22.807181837470274 -41.229538096558606 0.0045380713 -1.4120364 -1.1576922 22.80717529998373 -41.22954474876774 22.772873752009787 -41.08564305401365 59.54800458889082 237.3601983344222 5400.0 5400.0 2016.0 1 218 {-999.0 21.05804 20.597013 20.172066 19.810755} sdss_psfmag_from_gaiadr2 21.069748 20.750555 19.821106 -999.0 63050395809808899 1130424123 dark_flexible_3x1 bhm_gua_dark_d3 bhm_filler science 0 0 0.0 0.0 -999 ""
FIBERMAP 1102 R+4C17 METROLOGY 0 0 0 1 0 0 126.59737657567703 73.71058898564284 143.1 -24.55359007815658 144.41289177699716 3.3169985 99.93247 -999.0 -999.0 -999.0 -999.0 -999.0 22.805426857473204 -41.23134281813295 22.771080699865877 -41.087446814335124 59.54629949212176 237.3572900887491 -999.0 6231.0 -999.0 -1 -999 {-999.0 -999.0 -999.0 -999.0 -999.0} "" -999.0 -999.0 -999.0 -999.0 -999 -999 "" "" "" "" 0 0 0.0 0.0 -999 ""
FIBERMAP 1110 R-12C9 APOGEE 0 0 0 1 0 0 19.276531524582797 -225.27995716427577 143.1 217.6888107021131 -61.06571304725139 57.057987 159.82999 -999.0 -999.0 -999.0 -999.0 -999.0 23.790545088723153 -41.85017471537001 23.7526647220285 -41.70702903799043 60.120320488290616 235.82021299750934 -999.0 16600.0 -999.0 2 -999 {-999.0 -999.0 -999.0 -999.0 -999.0} "" -999.0 -999.0 -999.0 -999.0 -999 -999 "" "" "" "" 0 0 0.0 0.0 -999 ""
FIBERMAP 1110 R-12C9 BOSS 1 1 0 1 0 0 19.857128396797886 -224.81781772510678 143.1 217.46002376356705 -60.35983340476141 57.057987 159.82999 23.78944726867054 -41.848083656606356 -999.0 -999.0 -999.0 23.78948312835287 -41.848087991501245 23.751768633110885 -41.704911427175226 60.12019497579114 235.82466363072194 5400.0 5400.0 2016.0 1 367 {-999.0 22.471727 21.770033 21.201628 20.75957} sdss_fiber2mag_from_lsdr10 1e+20 1e+20 1e+20 -999.0 63050398760004742 1131342785 dark_flexible_3x1 bhm_spiders_agn_lsdr10_d3 bhm_spiders science 0 0 0.0 0.0 -999 ""
FIBERMAP 1110 R-12C9 METROLOGY 0 0 0 1 0 0 19.968265835028777 -225.56456542232166 143.1 218.1981985078838 -60.51802214477144 57.057987 159.82999 -999.0 -999.0 -999.0 -999.0 -999.0 23.792564393244625 -41.848538186193416 23.75479609981835 -41.70537292923663 60.12227133526233 235.82264585118003 -999.0 6231.0 -999.0 -1 -999 {-999.0 -999.0 -999.0 -999.0 -999.0} "" -999.0 -999.0 -999.0 -999.0 -999 -999 "" "" "" "" 0 0 0.0 0.0 -999 ""
FIBERMAP 1117 R-12C14 APOGEE 0 0 0 1 0 0 147.8473881541551 -240.0032683867854 143.1 276.6248761108001 54.138785285965206 346.8999 100.968094 -999.0 -999.0 -999.0 -999.0 -999.0 24.02164965982237 -41.49937605341898 23.98374887519782 -41.35652245391157 60.37354325362771 236.4202116152389 -999.0 16600.0 -999.0 2 233 {-999.0 -999.0 -999.0 -999.0 -999.0} "" -999.0 -999.0 -999.0 -999.0 -999 -999 "" ops_sky_apogee_best_unassigned ops_sky sky_apogee 0 0 0.0 0.0 -999 ""
FIBERMAP 1117 R-12C14 BOSS 1 1 0 1 0 0 147.863756565901 -240.73461759394667 143.1 277.3153531221171 53.897276261832275 346.8999 100.968094 24.024236721994637 -41.500098201933966 -0.0050889817 1.0352285 -1.516773 24.02423772409706 -41.50011461414272 23.98648696171216 -41.35723387408465 60.37536680126267 236.41781396518383 5400.0 5400.0 2016.0 1 342 {-999.0 20.980597 20.78806 20.623201 20.501236} sdss_psfmag_from_gaiadr2 20.894535 20.791834 20.240484 -999.0 63050395808840515 1130401456 dark_flexible_3x1 bhm_gua_dark_d3 bhm_filler science 0 0 0.0 0.0 -999 ""
FIBERMAP 1117 R-12C14 METROLOGY 0 0 0 1 0 0 147.20261405945993 -240.37167334384026 143.1 276.74336609314923 53.405736970450384 346.8999 100.968094 -999.0 -999.0 -999.0 -999.0 -999.0 24.022101408767263 -41.50160085223436 23.98430893117512 -41.35872612029562 60.373420803826384 236.41568023826795 -999.0 6231.0 -999.0 -1 -999 {-999.0 -999.0 -999.0 -999.0 -999.0} "" -999.0 -999.0 -999.0 -999.0 -999 -999 "" "" "" "" 0 0 0.0 0.0 -999 ""
FIBERMAP 1119 R-13C14 APOGEE 0 0 0 1 0 0 145.0905574990768 -264.8771748566271 143.1 298.94503665304325 42.82251316003455 263.91833 121.304985 -999.0 -999.0 -999.0 -999.0 -999.0 24.111590070182555 -41.53269265105183 24.07341228681645 -41.38991421741139 60.43075218589267 236.32165705756358 -999.0 16600.0 -999.0 2 -999 {-999.0 -999.0 -999.0 -999.0 -999.0} "" -999.0 -999.0 -999.0 -999.0 -999 -999 "" "" "" "" 0 0 0.0 0.0 -999 ""
FIBERMAP 1119 R-13C14 BOSS 1 1 0 1 0 0 144.40789392336234 -265.1975027752913 143.1 299.0052083394754 42.070874273864014 263.91833 121.304985 24.111640697855794 -41.53498161127686 -999.0 -999.0 -999.0 24.11164985887954 -41.534998254032175 24.073625504152858 -41.392189760389044 60.43035399249761 236.31710541621035 5400.0 5400.0 2016.0 1 343 {-999.0 21.684042 21.47744 21.331268 21.203184} sdss_psfmag_from_lsdr10 1e+20 1e+20 1e+20 -999.0 63050398045063761 1131345289 dark_flexible_3x1 bhm_spiders_agn_lsdr10_d3 bhm_spiders science 0 0 0.0 0.0 -999 ""
FIBERMAP 1119 R-13C14 METROLOGY 0 0 0 1 0 0 144.47394395205367 -264.4537531396313 143.1 298.33206494782536 42.39390267261104 263.91833 121.304985 -999.0 -999.0 -999.0 -999.0 -999.0 24.109073179836095 -41.5340314417836 24.071012225463903 -41.39122918089467 60.428685927254485 236.31995952410145 -999.0 6231.0 -999.0 -1 -999 {-999.0 -999.0 -999.0 -999.0 -999.0} "" -999.0 -999.0 -999.0 -999.0 -999 -999 "" "" "" "" 0 0 0.0 0.0 -999 ""
FIBERMAP 1120 R-8C16 APOGEE 0 0 0 1 0 0 123.51842475186446 -161.01981549776025 143.1 194.1324796921085 59.09797053754546 200.69899 122.70863 -999.0 -999.0 -999.0 -999.0 -999.0 23.690244745849633 -41.48700348292219 23.653188671190264 -41.34385057050401 60.1355262727092 236.56394217163452 -999.0 16600.0 -999.0 2 -999 {-999.0 -999.0 -999.0 -999.0 -999.0} "" -999.0 -999.0 -999.0 -999.0 -999 -999 "" "" "" "" 0 0 0.0 0.0 -999 ""
FIBERMAP 1120 R-8C16 BOSS 1 1 0 1 0 0 122.88563259194068 -160.57946228543435 143.1 193.49797422416611 58.66015873041313 200.69899 122.70863 23.687639425407287 -41.48835716833168 -999.0 -999.0 -999.0 23.68761936908919 -41.4883591871286 23.650727110011076 -41.345174674931066 60.13341896035925 236.5622291378961 5400.0 5400.0 2016.0 1 293 {-999.0 21.011114 20.91424 20.756691 20.737585} sdss_psfmag_from_gaiadr2 20.609152 20.93816 20.387808 -999.0 63050396598065658 1130401461 dark_flexible_3x1 bhm_gua_dark_d3 bhm_filler science 0 0 0.0 0.0 -999 ""
FIBERMAP 1120 R-8C16 METROLOGY 0 0 0 1 0 0 123.58087596435314 -160.27443099104255 143.1 193.45654181914733 59.41820366079151 200.69899 122.70863 -999.0 -999.0 -999.0 -999.0 -999.0 23.687498853626064 -41.4860474974719 23.650565339447553 -41.34287160901156 60.13384173238999 236.56678191131869 -999.0 6231.0 -999.0 -1 -999 {-999.0 -999.0 -999.0 -999.0 -999.0} "" -999.0 -999.0 -999.0 -999.0 -999 -999 "" "" "" "" 0 0 0.0 0.0 -999 ""
FIBERMAP 1122 R-6C16 APOGEE 0 0 0 1 0 0 119.66179972112101 -114.94387070695764 143.1 149.6393188112661 71.66806403677558 299.83148 168.99341 -999.0 -999.0 -999.0 -999.0 -999.0 23.510353748325905 -41.449984205347135 23.47380370045164 -41.30667786677961 60.01317256619588 236.69928807471325 -999.0 16600.0 -999.0 2 -999 {-999.0 -999.0 -999.0 -999.0 -999.0} "" -999.0 -999.0 -999.0 -999.0 -999 -999 "" "" "" "" 0 0 0.0 0.0 -999 ""
FIBERMAP 1122 R-6C16 BOSS 1 1 0 1 0 0 119.89445795419394 -115.66092462929844 143.1 150.39236810766013 71.63407746468435 299.83148 168.99341 23.513309498870505 -41.45008071418122 0.03827721 0.119532384 -0.27701592 23.513311014617752 -41.45007170508304 23.476913677337677 -41.306739433665804 60.015431400851995 236.69808895000358 5400.0 5400.0 2016.0 1 291 {-999.0 20.185911 20.190432 19.904161 19.622896} sdss_psfmag_from_lsdr10 20.381058 20.094704 19.55635 -999.0 63050395808839822 1131345278 dark_flexible_3x1 bhm_spiders_agn_lsdr10_d3 bhm_spiders science 0 0 0.0 0.0 -999 ""
FIBERMAP 1122 R-6C16 METROLOGY 0 0 0 1 0 0 119.1700395956665 -115.5074930945622 143.1 149.99431713169022 71.00971955717299 299.83148 168.99341 -999.0 -999.0 -999.0 -999.0 -999.0 23.511798639617183 -41.45195520742956 23.47535675744075 -41.308629237745045 60.01385707843838 236.69495027113578 -999.0 6231.0 -999.0 -1 -999 {-999.0 -999.0 -999.0 -999.0 -999.0} "" -999.0 -999.0 -999.0 -999.0 -999 -999 "" "" "" "" 0 0 0.0 0.0 -999 ""
FIBERMAP 1123 R-1C3 APOGEE 0 0 0 1 0 0 -246.7947510523022 -15.495439059414588 143.1 -72.16130694851411 -236.5042893369474 153.3224 124.898964 -999.0 -999.0 -999.0 -999.0 -999.0 22.610689542823632 -42.38502985409706 22.57498973672415 -42.240721588478664 59.1408222964222 235.22034649433465 -999.0 16600.0 -999.0 2 248 {-999.0 -999.0 -999.0 -999.0 -999.0} "" -999.0 -999.0 -999.0 -999.0 -999 -999 "" ops_sky_apogee_best_unassigned ops_sky sky_apogee 0 0 0.0 0.0 -999 ""
FIBERMAP 1123 R-1C3 BOSS 1 1 0 1 0 0 -246.93126716353885 -14.72744058458576 143.1 -72.9282902638712 -236.3623986732261 153.3224 124.898964 22.607337775086105 -42.38464618538579 -0.031572543 0.14929649 -0.17623681 22.60737268601655 -42.38464388541303 22.571849915700284 -42.24030183936262 59.13866877173278 235.222238466645 5400.0 5400.0 2016.0 1 511 {-999.0 18.791725 18.520596 18.273815 18.071777} sdss_psfmag_from_gaiadr2 18.857828 18.565702 17.996368 -999.0 63050395808351923 1130389853 dark_flexible_3x1 bhm_gua_dark_d3 bhm_filler science 0 0 0.0 0.0 -999 ""
FIBERMAP 1123 R-1C3 METROLOGY 0 0 0 1 0 0 -246.22349433373162 -15.00579927579465 143.1 -72.4191212604028 -235.7974969266986 153.3224 124.898964 -999.0 -999.0 -999.0 -999.0 -999.0 22.60948868376625 -42.382984717878 22.573915370868065 -42.23865365653958 59.1405516617816 235.22463368131613 -999.0 6231.0 -999.0 -1 -999 {-999.0 -999.0 -999.0 -999.0 -999.0} "" -999.0 -999.0 -999.0 -999.0 -999 -999 "" "" "" "" 0 0 0.0 0.0 -999 ""
FIBERMAP 1124 R-4C19 APOGEE 0 0 0 1 0 0 165.02356559109418 -74.23828770921098 143.1 127.45861583919383 128.43312869406807 337.853 153.20883 -999.0 -999.0 -999.0 -999.0 -999.0 23.418836387199043 -41.27849680858621 23.382778497081745 -41.13514808158156 59.9855554206932 237.06450726546439 -999.0 16600.0 -999.0 2 215 {-999.0 -999.0 -999.0 -999.0 -999.0} "" -999.0 -999.0 -999.0 -999.0 -999 -999 "" ops_sky_apogee_best_unassigned ops_sky sky_apogee 0 0 0.0 0.0 -999 ""
FIBERMAP 1124 R-4C19 BOSS 1 1 0 1 0 0 165.51772175557423 -74.78603166029286 143.1 128.14498037697504 128.70342866182037 337.853 153.20883 23.421478271484375 -41.277657245077535 -999.0 -999.0 -999.0 23.421487113233944 -41.27765202255021 23.385584166323497 -41.13427805605962 59.98780992578179 237.0652538980372 5400.0 5400.0 2015.5 1 307 {-999.0 -999.0 -999.0 -999.0 -999.0} "" -999.0 -999.0 -999.0 -999.0 27021603160872954 813986973 "" ops_sky_boss_good ops_sky sky_boss 0 0 0.0 0.0 -999 ""
FIBERMAP 1124 R-4C19 METROLOGY 0 0 0 1 0 0 164.79626796672895 -74.94744925800818 143.1 128.04274932168988 127.97127814168846 337.853 153.20883 -999.0 -999.0 -999.0 -999.0 -999.0 23.42116990076899 -41.279843965929885 23.385218974250336 -41.13647708451628 59.9870481784717 237.06109321138305 -999.0 6231.0 -999.0 -1 -999 {-999.0 -999.0 -999.0 -999.0 -999.0} "" -999.0 -999.0 -999.0 -999.0 -999 -999 "" "" "" "" 0 0 0.0 0.0 -999 ""
FIBERMAP 1128 R+2C19 APOGEE 0 0 0 1 0 0 123.1345883252273 28.46108304163291 143.1 16.59539436010842 125.28019417067524 237.70074 99.97065 -999.0 -999.0 -999.0 -999.0 -999.0 22.971712405180448 -41.28919698263234 22.936749120179854 -41.1454513606307 59.65568135809966 237.19221102087488 -999.0 16600.0 -999.0 2 72 {-999.0 -999.0 -999.0 -999.0 -999.0} "" -999.0 -999.0 -999.0 -999.0 -999 -999 "" "" "" "" 0 0 0.0 0.0 -999 ""
FIBERMAP 1128 R+2C19 BOSS 1 1 0 1 0 0 122.44366520486744 28.72947999640852 143.1 16.10146932779428 124.72756968936072 237.70074 99.97065 22.969551323317763 -41.29084250081041 -999.0 -999.0 -999.0 22.96957001901182 -41.2908379571337 22.9347722759739 -41.14706277984704 59.65387775283139 237.18973902059815 5400.0 5400.0 2016.0 1 229 {-999.0 19.251844 18.232773 17.803001 17.486076} sdss_fiber2mag_from_lsdr10 1e+20 1e+20 1e+20 -999.0 63050396614448540 1065920628 dark_1x1 bhm_colr_galaxies_lsdr10 bhm_filler science 0 0 0.0 0.0 -999 ""
FIBERMAP 1128 R+2C19 METROLOGY 0 0 0 1 0 0 123.02095073596921 29.192179227217775 143.1 15.870995410607021 125.43054566148254 237.70074 99.97065 -999.0 -999.0 -999.0 -999.0 -999.0 22.968681464976033 -41.28868893402793 22.93384305724419 -41.1449212212613 59.65366072330237 237.19417764205122 -999.0 6231.0 -999.0 -1 -999 {-999.0 -999.0 -999.0 -999.0 -999.0} "" -999.0 -999.0 -999.0 -999.0 -999 -999 "" "" "" "" 0 0 0.0 0.0 -999 ""
FIBERMAP 1133 R0C15 APOGEE 0 0 0 1 0 0 30.44960934822117 10.309510375047912 143.1 1.040921456086933 32.129052151042664 52.769424 117.064926 -999.0 -999.0 -999.0 -999.0 -999.0 22.909341825781716 -41.57183910545922 22.874109478892365 -41.427974371428796 59.547313234141896 236.66825895275068 -999.0 16600.0 -999.0 2 110 {-999.0 -999.0 -999.0 -999.0 -999.0} "" -999.0 -999.0 -999.0 -999.0 -999 -999 "" ops_sky_apogee_best_unassigned ops_sky sky_apogee 0 0 0.0 0.0 -999 ""
FIBERMAP 1133 R0C15 BOSS 1 1 0 1 0 0 31.183789388901964 10.16563452595341 143.1 1.433453972655305 32.765905224692375 52.769424 117.064926 22.910577314768993 -41.56985320603998 50.535427 -21.087364 1.5431035 22.910769360382194 -41.56991108521802 22.875700123900742 -41.426019732725045 59.548914387990166 236.67148868869913 5400.0 5400.0 2016.0 1 188 {-999.0 18.100695 16.9195 16.416477 -999.0} sdss_psfmag_gaia 17.675102 16.905441 16.044807 14.301 63050395808839526 1136525222 dark_flexible_3x1 mwm_halo_local_high_boss_triple mwm_halo science 0 0 0.0 0.0 -999 ""
FIBERMAP 1133 R0C15 METROLOGY 0 0 0 1 0 0 30.66788134135915 9.5957565091939 143.1 1.7858289244634489 32.08275530958743 52.769424 117.064926 -999.0 -999.0 -999.0 -999.0 -999.0 22.91225029076278 -41.571973990133216 22.877127806980468 -41.42809146471118 59.54949221298394 236.66703084498923 -999.0 6231.0 -999.0 -1 -999 {-999.0 -999.0 -999.0 -999.0 -999.0} "" -999.0 -999.0 -999.0 -999.0 -999 -999 "" "" "" "" 0 0 0.0 0.0 -999 ""
FIBERMAP 1134 R-4C17 APOGEE 0 0 0 1 0 0 113.21981111359977 -67.51228379342355 143.1 102.96900852312606 82.29367216886361 56.486206 140.56635 -999.0 -999.0 -999.0 -999.0 -999.0 23.32153033871483 -41.418616147531836 23.28549934568514 -41.27514859895888 59.88265889020739 236.82524173237948 -999.0 16600.0 -999.0 2 210 {-999.0 -999.0 -999.0 -999.0 -999.0} "" -999.0 -999.0 -999.0 -999.0 -999 -999 "" ops_sky_apogee_best_unassigned ops_sky sky_apogee 0 0 0.0 0.0 -999 ""
FIBERMAP 1134 R-4C17 BOSS 1 1 0 1 0 0 113.9281704555333 -67.2951481816925 143.1 103.0144748663764 83.03312991890704 56.486206 140.56635 23.32106266980622 -41.416267078301715 5.530144 -29.959236 0.51706946 23.32159837333788 -41.41636136074462 23.285731814464896 -41.27286618242499 59.88334686118475 236.82959288242841 5400.0 5400.0 2016.0 1 297 {-999.0 14.611386 14.010818 13.784287 -999.0} sdss_psfmag_from_g3xp 14.463301 14.036497 13.440519 12.255 63050395808839881 1136003996 dark_flexible_3x1 mwm_halo_local_high_boss_triple mwm_halo science 0 0 1.3916548490524292 0.0 -999 ""
FIBERMAP 1134 R-4C17 METROLOGY 0 0 0 1 0 0 113.76336179928131 -68.02090220440722 143.1 103.6360878961857 82.62395800857642 56.486206 140.56635 -999.0 -999.0 -999.0 -999.0 -999.0 23.32418263766024 -41.41757570476057 23.288262099359542 -41.27409053006108 59.884921180201886 236.82635647220968 -999.0 6231.0 -999.0 -1 -999 {-999.0 -999.0 -999.0 -999.0 -999.0} "" -999.0 -999.0 -999.0 -999.0 -999 -999 "" "" "" "" 0 0 0.0 0.0 -999 ""
FIBERMAP 1138 R+7C7 APOGEE 0 0 0 1 0 0 -86.36625928644713 122.97685638651652 143.1 -145.46756208388635 -37.67396312492099 253.83508 101.56335 -999.0 -999.0 -999.0 -999.0 -999.0 22.313678128055844 -41.78269004183747 22.2796368786872 -41.63826769781754 59.06664556908693 236.460823410677 -999.0 16600.0 -999.0 2 44 {-999.0 -999.0 -999.0 -999.0 -999.0} "" -999.0 -999.0 -999.0 -999.0 -999 -999 "" ops_sky_apogee_best_unassigned ops_sky sky_apogee 0 0 0.0 0.0 -999 ""
FIBERMAP 1138 R+7C7 BOSS 1 1 0 1 0 0 -87.09948130070647 123.05663021537198 143.1 -145.79974237554072 -38.33243048494033 253.83508 101.56335 22.312004395892817 -41.78464063151116 9.464685 -35.28903 0.32626677 22.312062813969096 -41.7847254397822 22.278190347633767 -41.640272885503265 59.06514822375167 236.4574836634842 5400.0 5400.0 2016.0 1 78 {-999.0 17.031784 16.739101 16.656055 -999.0} sdss_psfmag_gaia 17.006886 16.748686 16.334467 15.812 63050395809334016 977154233 "" ops_std_boss ops_std standard_boss 0 0 0.0 0.0 -999 ""
FIBERMAP 1138 R+7C7 METROLOGY 0 0 0 1 0 0 -86.67831971164208 123.65211178416698 143.1 -146.2093616672674 -37.72899592758768 253.83508 101.56335 -999.0 -999.0 -999.0 -999.0 -999.0 22.310438276928036 -41.7828834170096 22.276525124806994 -41.63843796774873 59.064339822793166 236.46149966394756 -999.0 6231.0 -999.0 -1 -999 {-999.0 -999.0 -999.0 -999.0 -999.0} "" -999.0 -999.0 -999.0 -999.0 -999 -999 "" "" "" "" 0 0 0.0 0.0 -999 ""
FIBERMAP 1139 R-5C16 APOGEE 0 0 0 1 0 0 108.78154249435804 -99.47120025693599 143.1 131.33205491413125 66.91504443446532 284.5565 162.0974 -999.0 -999.0 -999.0 -999.0 -999.0 23.43660920333672 -41.46475568196416 23.40022018577406 -41.3213799776545 59.956003269383075 236.69615301661938 -999.0 16600.0 -999.0 2 206 {-999.0 -999.0 -999.0 -999.0 -999.0} "" -999.0 -999.0 -999.0 -999.0 -999 -999 "" ops_sky_apogee_best_unassigned ops_sky sky_apogee 0 0 0.0 0.0 -999 ""
FIBERMAP 1139 R-5C16 BOSS 1 1 0 1 0 0 108.7614452457069 -100.21833379366501 143.1 132.0245041195785 66.63385116696612 284.5565 162.0974 23.439331054687496 -41.46561141631102 -999.0 -999.0 -999.0 23.43933325725826 -41.46559350045563 23.403096805314703 -41.322191500722454 59.957918920884325 236.69358257965783 5400.0 5400.0 2015.5 1 290 {-999.0 -999.0 -999.0 -999.0 -999.0} "" -999.0 -999.0 -999.0 -999.0 27021603160872853 813986918 "" ops_sky_boss_good ops_sky sky_boss 0 0 0.0 0.0 -999 ""
FIBERMAP 1139 R-5C16 METROLOGY 0 0 0 1 0 0 108.10949659517973 -99.77443502200268 143.1 131.379951761711 66.17934913845498 284.5565 162.0974 -999.0 -999.0 -999.0 -999.0 -999.0 23.43681002796836 -41.46696802744597 23.400532231721513 -41.32357154347564 59.955727007373575 236.69178548718844 -999.0 6231.0 -999.0 -1 -999 {-999.0 -999.0 -999.0 -999.0 -999.0} "" -999.0 -999.0 -999.0 -999.0 -999 -999 "" "" "" "" 0 0 0.0 0.0 -999 ""
FIBERMAP 1141 R+13C2 APOGEE 0 0 0 1 0 0 -115.46776386972687 268.0164771275299 143.1 -291.4813374153824 -13.985592669549561 95.12983 81.17929 -999.0 -999.0 -999.0 -999.0 -999.0 21.725325358556546 -41.70667807887053 21.692888744543723 -41.561785931584666 58.654616824450414 236.78785734623648 -999.0 16600.0 -999.0 2 60 {-999.0 -999.0 -999.0 -999.0 -999.0} "" -999.0 -999.0 -999.0 -999.0 -999 -999 "" ops_sky_apogee_best_unassigned ops_sky sky_apogee 0 0 0.0 0.0 -999 ""
FIBERMAP 1141 R+13C2 BOSS 1 1 0 1 0 0 -114.75527819402922 267.81109001854196 143.1 -291.03883331397043 -13.390652460263697 95.12983 81.17929 21.72700860945408 -41.70490401660304 0.23932081 0.0923463 0.049009115 21.727006904502762 -41.70492384130739 21.694739115452307 -41.56000611268067 58.65634350179316 236.7906453557748 5400.0 5400.0 2016.0 1 100 {-999.0 19.773373 19.811573 19.713217 19.602276} sdss_psfmag_from_lsdr10 19.775612 19.747385 19.274015 -999.0 63050395809335091 1131342747 dark_flexible_3x1 bhm_spiders_agn_lsdr10_d3 bhm_spiders science 0 0 0.0 0.0 -999 ""
FIBERMAP 1141 R+13C2 METROLOGY 0 0 0 1 0 0 -115.28956061410253 267.2823835119175 143.1 -290.7314580442423 -14.076546915528818 95.12983 81.17929 -999.0 -999.0 -999.0 -999.0 -999.0 21.728171643662556 -41.70700263680685 21.69584959830155 -41.56209312790879 58.65671870670246 236.78638752049528 -999.0 6231.0 -999.0 -1 -999 {-999.0 -999.0 -999.0 -999.0 -999.0} "" -999.0 -999.0 -999.0 -999.0 -999 -999 "" "" "" "" 0 0 0.0 0.0 -999 ""
FIBERMAP 1146 R-1C11 APOGEE 1 1 0 1 0 0 -67.54658481121957 -37.49246348200988 143.1 11.381577837259705 -76.40731688526704 303.789 33.306343 22.95204800447863 -41.901372136589195 4.6734023 4.9484315 1.2155153 22.952046704680725 -41.9013549490752 22.91620732096112 -41.75745179276367 59.50232210395593 236.02170917208457 16000.0 16600.0 2016.0 2 247 {-999.0 11.2795725 10.292588 9.927044 -999.0} sdss_psfmag_from_g3xp 10.951314 10.32612 9.571041 7.975 63050395808839143 975149852 "" ops_std_apogee ops_std standard_apogee 0 0 0.0 0.0 -999 ""
FIBERMAP 1146 R-1C11 BOSS 0 0 0 1 0 0 -68.22993081752666 -37.226797578285954 143.1 10.89287068153213 -76.95380634764001 303.789 33.306343 -999.0 -999.0 -999.0 -999.0 -999.0 22.949900421667124 -41.90309134923141 22.91422840030225 -41.75915631050168 59.50048731570807 236.01912648174385 -999.0 5400.0 -999.0 1 508 {-999.0 -999.0 -999.0 -999.0 -999.0} "" -999.0 -999.0 -999.0 -999.0 -999 -999 "" "" "" "" 0 0 0.0 0.0 -999 ""
FIBERMAP 1146 R-1C11 METROLOGY 0 0 0 1 0 0 -67.66678281971129 -36.75804922292994 143.1 10.651768450157748 -76.26194237900775 303.789 33.306343 -999.0 -999.0 -999.0 -999.0 -999.0 22.9489603480605 -41.90099155658789 22.913247275869537 -41.757064580889285 59.50026635758542 236.02347109084843 -999.0 6231.0 -999.0 -1 -999 {-999.0 -999.0 -999.0 -999.0 -999.0} "" -999.0 -999.0 -999.0 -999.0 -999 -999 "" "" "" "" 0 0 0.0 0.0 -999 ""
FIBERMAP 1147 R+8C8 APOGEE 0 0 0 1 0 0 -36.74569143579925 136.00184297645814 143.1 -140.2365908267861 13.357596263168688 353.35614 41.67635 -999.0 -999.0 -999.0 -999.0 -999.0 22.33600205125623 -41.62798767990415 22.30213082208661 -41.48361947940093 59.116928102439786 236.74741328338803 -999.0 16600.0 -999.0 2 -999 {-999.0 -999.0 -999.0 -999.0 -999.0} "" -999.0 -999.0 -999.0 -999.0 -999 -999 "" "" "" "" 0 0 0.0 0.0 -999 ""
FIBERMAP 1147 R+8C8 BOSS 1 1 0 1 0 0 -37.35390343264934 135.55640907743017 143.1 -140.03314235495554 12.631728468057915 353.35614 41.67635 22.336733534165894 -41.63008405058808 -46.202385 -42.9979 4.1082907 22.336554514586965 -41.63021458129519 22.302845705136747 -41.48581850851435 59.11697365827615 236.7430047527111 5400.0 5400.0 2016.0 1 137 {-999.0 21.63842 19.658625 17.815073 -999.0} sdss_psfmag_gaia 20.349733 18.550417 17.245 14.677 63050395809334052 1121047284 dark_1x1 openfibertargets_mwm_snc_further_ext_boss open_fiber science 0 0 0.0 0.0 -999 ""
FIBERMAP 1147 R+8C8 METROLOGY 0 0 0 1 0 0 -37.427414162134475 136.30966165879266 143.1 -140.76419363843667 12.827429747378032 353.35614 41.67635 -999.0 -999.0 -999.0 -999.0 -999.0 22.33362526588474 -41.62959982838591 22.299877420014525 -41.485209318746975 59.1149352478658 236.74510339590972 -999.0 6231.0 -999.0 -1 -999 {-999.0 -999.0 -999.0 -999.0 -999.0} "" -999.0 -999.0 -999.0 -999.0 -999 -999 "" "" "" "" 0 0 0.0 0.0 -999 ""
FIBERMAP 1154 R+2C15 APOGEE 1 1 0 1 0 0 54.2759648256266 51.8041940761609 143.1 -29.441350583622604 69.00861310984 75.514725 93.30732 22.785625183999827 -41.459915474108314 13.136151 -1.02341 0.5663572 22.785660052693682 -41.45993693458285 22.75090581192046 -41.315990733630535 59.48202655018412 236.92394829492164 16000.0 16600.0 2016.0 2 120 {-999.0 13.544868 12.865844 12.597466 -999.0} sdss_psfmag_from_g3xp 13.364196 12.890047 12.251185 10.912 63050395809808375 1107431455 bright_flexible_2x1 mwm_tess_rgb_apogee mwm_tessrgb science 0 0 0.0 0.0 -999 ""
FIBERMAP 1154 R+2C15 BOSS 0 0 0 1 0 0 55.017951590849535 51.699432271846334 143.1 -29.082697203661265 69.66651126854838 75.514725 93.30732 -999.0 -999.0 -999.0 -999.0 -999.0 22.786926546960625 -41.45792660306607 22.752336267277258 -41.3139542310146 59.48352164049528 236.9273967392404 -999.0 5400.0 -999.0 1 206 {-999.0 -999.0 -999.0 -999.0 -999.0} "" -999.0 -999.0 -999.0 -999.0 -999 -999 "" "" "" "" 0 0 0.0 0.0 -999 ""
FIBERMAP 1154 R+2C15 METROLOGY 0 0 0 1 0 0 54.55314534993736 51.11669471753457 143.1 -28.700336606702308 69.02668964402419 75.514725 93.30732 -999.0 -999.0 -999.0 -999.0 -999.0 22.78851784973375 -41.45985435887568 22.753874190103602 -41.315890769490466 59.48422362314736 236.9231767552661 -999.0 6231.0 -999.0 -1 -999 {-999.0 -999.0 -999.0 -999.0 -999.0} "" -999.0 -999.0 -999.0 -999.0 -999 -999 "" "" "" "" 0 0 0.0 0.0 -999 ""
FIBERMAP 1157 R+10C1 APOGEE 0 0 0 1 0 0 -175.19305612338465 185.01786681586555 143.1 -234.74776898223192 -99.05096564712497 263.04044 143.25948 -999.0 -999.0 -999.0 -999.0 -999.0 21.950407607527172 -41.96599546286842 21.91702591961291 -41.82122870284378 58.76234480653935 236.23077915091764 -999.0 16600.0 -999.0 2 46 {-999.0 -999.0 -999.0 -999.0 -999.0} "" -999.0 -999.0 -999.0 -999.0 -999 -999 "" ops_sky_apogee_best_unassigned ops_sky sky_apogee 0 0 0.0 0.0 -999 ""
FIBERMAP 1157 R+10C1 BOSS 1 1 0 1 0 0 -175.7037611293254 184.48925485567537 143.1 -234.4322023542608 -99.7147524463222 263.04044 143.25948 21.95141975303713 -41.96788413993896 14.446526 -58.425564 1.3639864 21.95147785019727 -41.968046959781006 21.918260649106628 -41.82325198048029 58.76279684834945 236.22658268196528 5400.0 5400.0 2016.0 1 81 {-999.0 18.735811 17.518553 16.992287 -999.0} sdss_psfmag_gaia 18.302956 17.494194 16.631227 15.018 63050395809333843 1136526662 dark_flexible_3x1 mwm_halo_local_high_boss_triple mwm_halo science 0 0 0.0 0.0 -999 ""
FIBERMAP 1157 R+10C1 METROLOGY 0 0 0 1 0 0 -175.9242315869404 185.17846394007307 143.1 -235.15490172065554 -99.67913352272005 263.04044 143.25948 -999.0 -999.0 -999.0 -999.0 -999.0 21.948549474482252 -41.96792069312954 21.91529173534309 -41.823131445815925 58.760665247038695 236.22774885287424 -999.0 6231.0 -999.0 -1 -999 {-999.0 -999.0 -999.0 -999.0 -999.0} "" -999.0 -999.0 -999.0 -999.0 -999 -999 "" "" "" "" 0 0 0.0 0.0 -999 ""
FIBERMAP 1160 R-9C13 APOGEE 0 0 0 1 0 0 98.74884910644315 -176.11252226365573 143.1 199.56455097495703 30.607118806037345 48.229347 52.03272 -999.0 -999.0 -999.0 -999.0 -999.0 23.713444378510285 -41.57314686967031 23.676195270161486 -41.42999510441755 60.13194327143843 236.3876615041419 -999.0 16600.0 -999.0 2 185 {-999.0 -999.0 -999.0 -999.0 -999.0} "" -999.0 -999.0 -999.0 -999.0 -999 -999 "" ops_sky_apogee_best_unassigned ops_sky sky_apogee 0 0 0.0 0.0 -999 ""
FIBERMAP 1160 R-9C13 BOSS 1 1 0 1 0 0 98.77283070194505 -176.87938521376367 143.1 200.29095146328868 30.36026599912493 48.229347 52.03272 23.716336601028793 -41.57389833927096 0.31580886 -0.72416526 1.0684719 23.71629516957043 -41.57389390704324 23.679197248610933 -41.43071527777776 60.13395827638209 236.38518224281057 5400.0 5400.0 2016.0 1 379 {-999.0 20.74259 20.45952 20.199894 19.98637} sdss_psfmag_from_gaiadr2 20.885424 20.51165 19.99606 -999.0 63050395808840682 1056947140 dark_flexible_2x2 bhm_gua_dark bhm_filler science 0 0 0.0 0.0 -999 ""
FIBERMAP 1160 R-9C13 METROLOGY 0 0 0 1 0 0 98.11282239074107 -176.4936751375192 143.1 199.6980481384261 29.877783468412623 48.229347 52.03272 -999.0 -999.0 -999.0 -999.0 -999.0 23.714010600684656 -41.57536027951667 23.676870899195137 -41.43218753774969 60.131914042866214 236.3831434703031 -999.0 6231.0 -999.0 -1 -999 {-999.0 -999.0 -999.0 -999.0 -999.0} "" -999.0 -999.0 -999.0 -999.0 -999 -999 "" "" "" "" 0 0 0.0 0.0 -999 ""
FIBERMAP 1161 R-13C7 APOGEE 0 0 0 1 0 0 0.3665315754734415 -261.37581827761136 143.1 244.84293002271747 -91.44636572268729 334.2762 105.1405 -999.0 -999.0 -999.0 -999.0 -999.0 23.901485470972407 -41.94089488430286 23.863180501648003 -41.79782933859153 60.17754823151959 235.6022760646365 -999.0 16600.0 -999.0 2 264 {-999.0 -999.0 -999.0 -999.0 -999.0} "" -999.0 -999.0 -999.0 -999.0 -999 -999 "" ops_sky_apogee_best_unassigned ops_sky sky_apogee 0 0 0.0 0.0 -999 ""
FIBERMAP 1161 R-13C7 BOSS 1 1 0 1 0 0 0.19598563466515628 -262.1207909434112 143.1 245.48052177794995 -91.86765836152934 334.2762 105.1405 23.90395807258536 -41.94218297478595 -999.0 -999.0 -999.0 23.903922109954625 -41.942170732611466 23.86576848232471 -41.79907622268905 60.17910215048724 235.59887401401016 5400.0 5400.0 2016.0 1 358 {-999.0 21.457676 21.561884 21.169895 20.917536} sdss_fiber2mag_from_lsdr10 1e+20 1e+20 1e+20 -999.0 63050397330069099 1131340248 dark_flexible_3x1 bhm_spiders_agn_lsdr10_d3 bhm_spiders science 0 0 0.0 0.0 -999 ""
FIBERMAP 1161 R-13C7 METROLOGY 0 0 0 1 0 0 -0.3464586103489271 -261.62049005763686 143.1 244.8216182809662 -92.19982922640351 334.2762 105.1405 -999.0 -999.0 -999.0 -999.0 -999.0 23.90138220029303 -41.94321283016329 23.863188117210484 -41.80012451503411 60.176976767547046 235.5978062860903 -999.0 6231.0 -999.0 -1 -999 {-999.0 -999.0 -999.0 -999.0 -999.0} "" -999.0 -999.0 -999.0 -999.0 -999 -999 "" "" "" "" 0 0 0.0 0.0 -999 ""
FIBERMAP 1164 R+8C9 APOGEE 0 0 0 1 0 0 -33.703201051943985 143.86466495240595 143.1 -146.52973426079845 18.967393679064976 246.44916 94.40385 -999.0 -999.0 -999.0 -999.0 -999.0 22.31066055467238 -41.6108702360276 22.276878348542482 -41.46648460828933 59.102167128249484 236.7879769620451 -999.0 16600.0 -999.0 2 -999 {-999.0 -999.0 -999.0 -999.0 -999.0} "" -999.0 -999.0 -999.0 -999.0 -999 -999 "" "" "" "" 0 0 0.0 0.0 -999 ""
FIBERMAP 1164 R+8C9 BOSS 1 1 0 1 0 0 -34.40409832790761 144.08982487149228 143.1 -146.98668114377637 18.39024694101491 246.44916 94.40385 22.30852223059483 -41.612634269027104 -0.27439913 -0.20699726 0.2710796 22.308542044194738 -41.61263259475411 22.274929788345162 -41.46821705433967 59.10036711305768 236.78529750564726 5400.0 5400.0 2016.0 1 128 {-999.0 20.29488 20.186409 20.053833 20.023314} sdss_psfmag_from_gaiadr2 20.1189 20.189888 19.805738 -999.0 63050395809334278 1130412914 dark_flexible_3x1 bhm_gua_dark_d3 bhm_filler science 0 0 0.0 0.0 -999 ""
FIBERMAP 1164 R+8C9 METROLOGY 0 0 0 1 0 0 -33.85138159826433 144.59783665295657 143.1 -147.26820715911464 19.086133056609604 246.44916 94.40385 -999.0 -999.0 -999.0 -999.0 -999.0 22.30744519499306 -41.61050683494528 22.273791436882675 -41.46609872185716 59.099991986491474 236.7896839453881 -999.0 6231.0 -999.0 -1 -999 {-999.0 -999.0 -999.0 -999.0 -999.0} "" -999.0 -999.0 -999.0 -999.0 -999 -999 "" "" "" "" 0 0 0.0 0.0 -999 ""
FIBERMAP 1165 R+13C8 APOGEE 0 0 0 1 0 0 28.501962849472083 249.33043783660386 143.1 -223.42740112459197 114.24453835775184 22.214878 80.62962 -999.0 -999.0 -999.0 -999.0 -999.0 22.004456164911222 -41.320980244026515 21.97186249756487 -41.17640521920892 58.939006273168346 237.43231874225614 -999.0 16600.0 -999.0 2 99 {-999.0 -999.0 -999.0 -999.0 -999.0} "" -999.0 -999.0 -999.0 -999.0 -999 -999 "" ops_sky_apogee_best_unassigned ops_sky sky_apogee 0 0 0.0 0.0 -999 ""
FIBERMAP 1165 R+13C8 BOSS 1 1 0 1 0 0 28.704726547596316 248.63072495648905 143.1 -222.70108576600697 114.18865270010453 22.214878 80.62962 22.007212753776997 -41.32118785287331 -0.3700631 0.6605918 -0.07795601 22.007174077523835 -41.3211810328532 21.974741258857478 -41.176581966595805 58.94109191467835 237.4311296665698 5400.0 5400.0 2016.0 1 173 {-999.0 20.312431 19.891272 19.497202 19.165035} sdss_psfmag_from_gaiadr2 20.420568 20.0239 19.245775 -999.0 63050395809335396 1056958620 dark_flexible_2x2 bhm_gua_dark bhm_filler science 0 0 0.0 0.0 -999 ""
FIBERMAP 1165 R+13C8 METROLOGY 0 0 0 1 0 0 27.983524534458073 248.8031377578118 143.1 -223.11577852194662 113.57397191968818 22.214878 80.62962 -999.0 -999.0 -999.0 -999.0 -999.0 22.00547850753377 -41.32300260725339 21.972999760277787 -41.178409156024564 58.93943704320355 237.4281785917199 -999.0 6231.0 -999.0 -1 -999 {-999.0 -999.0 -999.0 -999.0 -999.0} "" -999.0 -999.0 -999.0 -999.0 -999 -999 "" "" "" "" 0 0 0.0 0.0 -999 ""
FIBERMAP 1166 R0C7 APOGEE 0 0 0 1 0 0 -176.806345835591 5.331429851097754 143.1 -67.08213709363767 -163.66340404978774 220.15535 50.25394 -999.0 -999.0 -999.0 -999.0 -999.0 22.63163211469465 -42.165498583294 22.59621010868665 -42.02125845296555 59.208660497603006 235.62881517918885 -999.0 16600.0 -999.0 2 277 {-999.0 -999.0 -999.0 -999.0 -999.0} "" -999.0 -999.0 -999.0 -999.0 -999 -999 "" ops_sky_apogee_best_unassigned ops_sky sky_apogee 0 0 0.0 0.0 -999 ""
FIBERMAP 1166 R0C7 BOSS 1 1 0 1 0 0 -176.71765397808957 6.05456994805449 143.1 -67.72803339735087 -163.32641476743916 220.15535 50.25394 22.62877429563933 -42.16455625092119 -0.3627989 0.051709168 0.3702442 22.628792410255855 -42.164562351711794 22.593546189014376 -42.02028978415232 59.20696684179275 235.63156831807584 5400.0 5400.0 2016.0 1 450 {-999.0 20.199993 20.064114 19.938967 19.878685} sdss_psfmag_from_gaiadr2 19.911854 20.054733 19.45727 -999.0 63050395808352922 1130389877 dark_flexible_3x1 bhm_gua_dark_d3 bhm_filler science 0 0 0.0 0.0 -999 ""
FIBERMAP 1166 R0C7 METROLOGY 0 0 0 1 0 0 -176.11470126887377 5.595560762923246 143.1 -67.08654016570432 -162.92309184588592 220.15535 50.25394 -999.0 -999.0 -999.0 -999.0 -999.0 22.631452177520526 -42.16336221919723 22.5961535778672 -42.019100766953365 59.20913020958283 235.63292988663449 -999.0 6231.0 -999.0 -1 -999 {-999.0 -999.0 -999.0 -999.0 -999.0} "" -999.0 -999.0 -999.0 -999.0 -999 -999 "" "" "" "" 0 0 0.0 0.0 -999 ""
FIBERMAP 1171 R+5C19 APOGEE 0 0 0 1 0 0 178.27557759986007 112.32190126491248 143.1 -42.55532788998549 206.356282917 94.25493 73.67488 -999.0 -999.0 -999.0 -999.0 -999.0 22.73339187285887 -41.04433131228256 22.699383844085048 -40.90043526708671 59.5326819840396 237.74038383262103 -999.0 16600.0 -999.0 2 -999 {-999.0 -999.0 -999.0 -999.0 -999.0} "" -999.0 -999.0 -999.0 -999.0 -999 -999 "" "" "" "" 0 0 0.0 0.0 -999 ""
FIBERMAP 1171 R+5C19 BOSS 1 1 0 1 0 0 179.03259666679355 112.17585315478227 143.1 -42.1527410129696 207.01375627421072 94.25493 73.67488 22.734832763671875 -41.04231353133977 -999.0 -999.0 -999.0 22.734836913614274 -41.042327352896415 22.700991488199634 -40.898406928138144 59.534290434345294 237.74380194765484 5400.0 5400.0 2015.5 1 212 {-999.0 -999.0 -999.0 -999.0 -999.0} "" -999.0 -999.0 -999.0 -999.0 27021603161556443 821851319 "" ops_sky_boss_good ops_sky sky_boss 0 0 0.0 0.0 -999 ""
FIBERMAP 1171 R+5C19 METROLOGY 0 0 0 1 0 0 178.50651259948688 111.6104469496234 143.1 -41.808126411610466 206.32264942117592 94.25493 73.67488 -999.0 -999.0 -999.0 -999.0 -999.0 22.736253896338408 -41.04437184590643 22.702355697996154 -40.90045955862201 59.53487462527333 237.73942034872618 -999.0 6231.0 -999.0 -1 -999 {-999.0 -999.0 -999.0 -999.0 -999.0} "" -999.0 -999.0 -999.0 -999.0 -999 -999 "" "" "" "" 0 0 0.0 0.0 -999 ""
FIBERMAP 1173 R-8C17 APOGEE 0 0 0 1 0 0 159.1729161686289 -136.99776474777326 143.1 184.16281937117475 100.91566297969021 121.5423 72.10828 -999.0 -999.0 -999.0 -999.0 -999.0 23.64814841350841 -41.36066642442304 23.611394371357505 -41.21750457876437 60.134382370635166 236.82538210547833 -999.0 16600.0 -999.0 2 221 {-999.0 -999.0 -999.0 -999.0 -999.0} "" -999.0 -999.0 -999.0 -999.0 -999 -999 "" ops_sky_apogee_best_unassigned ops_sky sky_apogee 0 0 0.0 0.0 -999 ""
FIBERMAP 1173 R-8C17 BOSS 1 1 0 1 0 0 159.9156529570799 -136.8557935547724 143.1 184.29073133387692 101.66091064134328 121.5423 72.10828 23.6485263517798 -41.35841214742448 -999.0 -999.0 -999.0 23.648524930896972 -41.35841290926648 23.61193270109044 -41.21522354915111 60.13530223503156 236.829652016916 5400.0 5400.0 2016.0 1 319 {-999.0 22.791069 22.565432 22.20663 22.049685} sdss_fiber2mag_from_lsdr10 1e+20 1e+20 1e+20 -999.0 63050397330113624 1131347774 dark_flexible_3x1 bhm_spiders_agn_lsdr10_d3 bhm_spiders science 0 0 0.0 0.0 -999 ""
FIBERMAP 1173 R-8C17 METROLOGY 0 0 0 1 0 0 159.65591694566413 -137.56214962260267 143.1 184.86084651326667 101.16967473651586 121.5423 72.10828 -999.0 -999.0 -999.0 -999.0 -999.0 23.650921635851073 -41.35986301318408 23.614276064454145 -41.216683517231544 60.13668093637154 236.8259828932476 -999.0 6231.0 -999.0 -1 -999 {-999.0 -999.0 -999.0 -999.0 -999.0} "" -999.0 -999.0 -999.0 -999.0 -999 -999 "" "" "" "" 0 0 0.0 0.0 -999 ""
FIBERMAP 1175 R-8C4 APOGEE 0 0 0 1 0 0 -128.34582685689523 -149.62703991690358 143.1 95.01666948551299 -172.71010082383134 345.54776 160.80084 -999.0 -999.0 -999.0 -999.0 -999.0 23.294697683574395 -42.191788782862986 23.257537297363626 -42.048119772339696 59.67868391672967 235.3432872939277 -999.0 16600.0 -999.0 2 -999 {-999.0 -999.0 -999.0 -999.0 -999.0} "" -999.0 -999.0 -999.0 -999.0 -999 -999 "" "" "" "" 0 0 0.0 0.0 -999 ""
FIBERMAP 1175 R-8C4 BOSS 1 1 0 1 0 0 -127.73659965164828 -150.02492709181038 143.1 95.6031404445963 -172.27943865130715 345.54776 160.80084 23.29687719918457 -42.19054328796677 31.012438 2.044187 0.81655556 23.296960734058768 -42.190555343512834 23.259960029427248 -42.04685749124195 59.68074009394907 235.34482451301795 5400.0 5400.0 2016.0 1 490 {-999.0 17.880217 17.090683 16.797905 -999.0} sdss_psfmag_gaia 17.664352 17.13274 16.46215 15.068 63050395808837857 1136525210 dark_flexible_3x1 mwm_halo_local_high_boss_triple mwm_halo science 0 0 0.0 0.0 -999 ""
FIBERMAP 1175 R-8C4 METROLOGY 0 0 0 1 0 0 -128.38977713104586 -150.37374373382042 143.1 95.70033969748397 -173.01347567873975 345.54776 160.80084 -999.0 -999.0 -999.0 -999.0 -999.0 23.297433422913976 -42.192784506997164 23.26038168292331 -42.04909537637118 59.68048765307209 235.3403763141261 -999.0 6231.0 -999.0 -1 -999 {-999.0 -999.0 -999.0 -999.0 -999.0} "" -999.0 -999.0 -999.0 -999.0 -999 -999 "" "" "" "" 0 0 0.0 0.0 -999 ""
FIBERMAP 1180 R+3C19 APOGEE 0 0 0 1 0 0 148.73001450948647 36.32733695823198 143.1 18.219140872571284 152.00647805693794 355.0572 17.84393 -999.0 -999.0 -999.0 -999.0 -999.0 22.97802517571469 -41.20829357382351 22.94316751312863 -41.0645720193377 59.67791310568181 237.34648789617705 -999.0 16600.0 -999.0 2 -999 {-999.0 -999.0 -999.0 -999.0 -999.0} "" -999.0 -999.0 -999.0 -999.0 -999 -999 "" "" "" "" 0 0 0.0 0.0 -999 ""
FIBERMAP 1180 R+3C19 BOSS 1 1 0 1 0 0 147.97101217690513 36.18753958719225 143.1 18.08348155270122 151.24676511024404 355.0572 17.84393 22.976899909392024 -41.21057962811025 22.74666 -3.1230476 0.58493793 22.977332722283986 -41.21055387834544 22.94263579529894 -41.06680418607783 59.67704075976677 237.3423414707159 5400.0 5400.0 2016.0 1 225 {-999.0 15.405555 15.029729 14.9132 -999.0} sdss_psfmag_gaia 15.347619 15.051108 14.584962 13.773 63050395809808860 1136529810 dark_flexible_3x1 mwm_halo_local_high_boss_triple mwm_halo science 0 0 1.0542775392532349 0.0 -999 ""
FIBERMAP 1180 R+3C19 METROLOGY 0 0 0 1 0 0 148.22181046007276 36.87617833873789 143.1 17.52681554860442 151.72341109114828 355.0572 17.84393 -999.0 -999.0 -999.0 -999.0 -999.0 22.97513243913317 -41.209089669224575 22.940397149254522 -41.065346055253606 59.6757066558415 237.3458818548875 -999.0 6231.0 -999.0 -1 -999 {-999.0 -999.0 -999.0 -999.0 -999.0} "" -999.0 -999.0 -999.0 -999.0 -999 -999 "" "" "" "" 0 0 0.0 0.0 -999 ""
FIBERMAP 1181 R-7C8 APOGEE 0 0 0 1 0 0 -48.22953302862543 -138.31506276778666 143.1 112.56089223682064 -93.72836124542992 275.54282 166.42628 -999.0 -999.0 -999.0 -999.0 -999.0 23.36483453087819 -41.95242387964689 23.32786924356799 -41.808872101515064 59.78814823297637 235.77794563870117 -999.0 16600.0 -999.0 2 270 {-999.0 -999.0 -999.0 -999.0 -999.0} "" -999.0 -999.0 -999.0 -999.0 -999 -999 "" ops_sky_apogee_best_unassigned ops_sky sky_apogee 0 0 0.0 0.0 -999 ""
FIBERMAP 1181 R-7C8 BOSS 1 1 0 1 0 0 -48.5038683440137 -139.02332908284075 143.1 113.12766893353306 -94.23393664766205 275.54282 166.42628 23.366699943488918 -41.95390917797904 15.790857 -36.57083 0.7355457 23.367059317323143 -41.95401480929622 23.33024836609627 -41.810434333354756 59.7894892096575 235.7740782669097 5400.0 5400.0 2016.0 1 372 {-999.0 16.597658 16.14321 15.994818 -999.0} sdss_psfmag_gaia 16.506266 16.173546 15.659277 14.754 63050395808838657 1136525211 dark_flexible_3x1 mwm_halo_local_high_boss_triple mwm_halo science 0 0 0.7519047856330872 0.0 -999 ""
FIBERMAP 1181 R-7C8 METROLOGY 0 0 0 1 0 0 -48.96624333825234 -138.43673547357886 143.1 112.41609209885107 -94.46083820132526 275.54282 166.42628 -999.0 -999.0 -999.0 -999.0 -999.0 23.364229028811977 -41.95472124570977 23.327378126284202 -41.81114668132764 59.787240932148094 235.77373728296675 -999.0 6231.0 -999.0 -1 -999 {-999.0 -999.0 -999.0 -999.0 -999.0} "" -999.0 -999.0 -999.0 -999.0 -999 -999 "" "" "" "" 0 0 0.0 0.0 -999 ""
FIBERMAP 1188 R+1C9 APOGEE 0 0 0 1 0 0 -111.64699611000935 33.022973843233096 143.1 -70.1259080425268 -92.93301696002729 159.212 82.71462 -999.0 -999.0 -999.0 -999.0 -999.0 22.619518302681456 -41.95134722128756 22.584449085967435 -41.80714573933904 59.25016176663351 236.0397494748182 -999.0 16600.0 -999.0 2 28 {-999.0 -999.0 -999.0 -999.0 -999.0} "" -999.0 -999.0 -999.0 -999.0 -999 -999 "" ops_sky_apogee_best_unassigned ops_sky sky_apogee 0 0 0.0 0.0 -999 ""
FIBERMAP 1188 R+1C9 BOSS 1 1 0 1 0 0 -111.31573378589215 33.67484003006247 143.1 -70.61988834751672 -92.3939499106194 159.212 82.71462 22.617267165726634 -41.94977852873159 -0.023740625 -0.27986848 -0.3854245 22.617289934655947 -41.949786483927134 22.58239523527692 -41.805554063662655 59.24903886936947 236.04346875333283 5400.0 5400.0 2016.0 1 46 {-999.0 19.084133 18.943533 18.8168 18.751312} sdss_psfmag_from_gaiadr2 19.057909 18.93396 18.5835 -999.0 63050395808839275 1130401423 dark_flexible_3x1 bhm_gua_dark_d3 bhm_filler science 0 0 0.0 0.0 -999 ""
FIBERMAP 1188 R+1C9 METROLOGY 0 0 0 1 0 0 -110.90918692211577 33.070575268362646 143.1 -69.91137245341136 -92.22552340594117 159.212 82.71462 -999.0 -999.0 -999.0 -999.0 -999.0 22.6202187120982 -41.94928307730436 22.5852701071189 -41.80506160424925 59.251237647279055 236.04344012398917 -999.0 6231.0 -999.0 -1 -999 {-999.0 -999.0 -999.0 -999.0 -999.0} "" -999.0 -999.0 -999.0 -999.0 -999 -999 "" "" "" "" 0 0 0.0 0.0 -999 ""
FIBERMAP 1191 R0C18 APOGEE 0 0 0 1 0 0 103.9140158322961 10.479914484523668 143.1 26.680490028646442 100.9702547518209 69.51265 80.767624 -999.0 -999.0 -999.0 -999.0 -999.0 23.012706679592654 -41.36280385976782 22.97753057724458 -41.21907713334566 59.66950778277719 237.0366751642862 -999.0 16600.0 -999.0 2 -999 {-999.0 -999.0 -999.0 -999.0 -999.0} "" -999.0 -999.0 -999.0 -999.0 -999 -999 "" "" "" "" 0 0 0.0 0.0 -999 ""
FIBERMAP 1191 R0C18 BOSS 1 1 0 1 0 0 104.55844810021095 10.094147421731833 143.1 27.26797673799228 101.43813413387834 69.51265 80.767624 23.014589588902396 -41.36128658316141 -1.6077565 -22.877005 2.4348502 23.014934082172285 -41.36135378727243 22.97991724129929 -41.2176017067226 59.671584011439506 237.03874182524567 5400.0 5400.0 2016.0 1 252 {-999.0 17.252934 15.915537 15.304841 -999.0} sdss_psfmag_gaia 16.733496 15.848516 14.919606 13.146 63050395808840119 1121036572 bright_1x1 openfibertargets_mwm_snc_further_ext_boss open_fiber science 0 0 0.9472783803939819 0.0 -999 ""
FIBERMAP 1191 R0C18 METROLOGY 0 0 0 1 0 0 103.90599571668893 9.731961347929042 143.1 27.377947815757636 100.70008092532187 69.51265 80.767624 -999.0 -999.0 -999.0 -999.0 -999.0 23.015436764815657 -41.363573193574055 22.980369240233756 -41.219828867574655 59.67142484647224 237.03429128076692 -999.0 6231.0 -999.0 -1 -999 {-999.0 -999.0 -999.0 -999.0 -999.0} "" -999.0 -999.0 -999.0 -999.0 -999 -999 "" "" "" "" 0 0 0.0 0.0 -999 ""
FIBERMAP 1195 R-8C11 APOGEE 0 0 0 1 0 0 23.008167935255706 -177.05842382523034 143.1 173.85166673972492 -40.63759349653829 341.56778 28.528166 -999.0 -999.0 -999.0 -999.0 -999.0 23.612366464392128 -41.789836447880916 23.57503028728263 -41.64654352931712 60.00646593834935 236.00275752493545 -999.0 16600.0 -999.0 2 -999 {-999.0 -999.0 -999.0 -999.0 -999.0} "" -999.0 -999.0 -999.0 -999.0 -999 -999 "" "" "" "" 0 0 0.0 0.0 -999 ""
FIBERMAP 1195 R-8C11 BOSS 1 1 0 1 0 0 22.274180791116024 -177.18911452654964 143.1 173.71626605489863 -41.37068780218565 341.56778 28.528166 23.611754946254358 -41.79206363787356 0.7627436 -16.599989 0.14646529 23.61176430274252 -41.792106567019545 23.574586742402403 -41.64878260201747 60.005601938065794 235.99857260070644 5400.0 5400.0 2016.0 1 396 {-999.0 17.575928 17.331373 17.24716 17.237858} sdss_psfmag_from_gaia 17.5531 17.3297 16.9308 16.184 63050395808838598 968977153 "" ops_std_boss_gdr2 ops_std standard_boss 0 0 0.0 0.0 -999 ""
FIBERMAP 1195 R-8C11 METROLOGY 0 0 0 1 0 0 22.53134011744084 -176.48211362320887 143.1 173.14464226948613 -40.88163787736022 341.56778 28.528166 -999.0 -999.0 -999.0 -999.0 -999.0 23.609507090917457 -41.79063837411833 23.572291996247884 -41.64732121737686 60.004292300965844 236.00223964030934 -999.0 6231.0 -999.0 -1 -999 {-999.0 -999.0 -999.0 -999.0 -999.0} "" -999.0 -999.0 -999.0 -999.0 -999 -999 "" "" "" "" 0 0 0.0 0.0 -999 ""
FIBERMAP 1196 R-12C2 APOGEE 0 0 0 1 0 0 -139.44035937411772 -226.92080569848747 143.1 163.48712385276863 -210.2413019527324 57.326527 169.30914 -999.0 -999.0 -999.0 -999.0 -999.0 23.57483972820306 -42.30279699331424 23.536787575049914 -42.15935226864225 59.85112004945136 235.02576555189643 -999.0 16600.0 -999.0 2 153 {-999.0 -999.0 -999.0 -999.0 -999.0} "" -999.0 -999.0 -999.0 -999.0 -999 -999 "" ops_sky_apogee_best_unassigned ops_sky sky_apogee 0 0 0.0 0.0 -999 ""
FIBERMAP 1196 R-12C2 BOSS 1 1 0 1 0 0 -138.9705781359296 -226.35610754993994 143.1 163.12339983693533 -209.60315751504734 57.326527 169.30914 23.573211314475873 -42.3009211691967 -999.0 -999.0 -999.0 23.573181201128303 -42.30092285773105 23.535298650734433 -42.15744519687321 59.850541424638045 235.0299986915428 5400.0 5400.0 2015.5 1 434 {-999.0 -999.0 -999.0 -999.0 -999.0} "" -999.0 -999.0 -999.0 -999.0 27021603160867892 813986240 "" ops_sky_boss_good ops_sky sky_boss 0 0 0.0 0.0 -999 ""
FIBERMAP 1196 R-12C2 METROLOGY 0 0 0 1 0 0 -138.71760569839915 -227.07866001473153 143.1 163.88873107598906 -209.62005579669838 57.326527 169.30914 -999.0 -999.0 -999.0 -999.0 -999.0 23.576388994713657 -42.30097319700373 23.538452123460218 -42.1575074362675 59.85278524406524 235.02868716298434 -999.0 6231.0 -999.0 -1 -999 {-999.0 -999.0 -999.0 -999.0 -999.0} "" -999.0 -999.0 -999.0 -999.0 -999 -999 "" "" "" "" 0 0 0.0 0.0 -999 ""
FIBERMAP 1197 R-12C11 APOGEE 0 0 0 1 0 0 76.32159681455887 -220.09824363601928 143.1 232.8704023077325 -5.837324431405264 73.65803 97.22804 -999.0 -999.0 -999.0 -999.0 -999.0 23.849367489729598 -41.68241091211316 23.811605755115693 -41.53935741706088 60.20411767780276 236.12524375980468 -999.0 16600.0 -999.0 2 -999 {-999.0 -999.0 -999.0 -999.0 -999.0} "" -999.0 -999.0 -999.0 -999.0 -999 -999 "" "" "" "" 0 0 0.0 0.0 -999 ""
FIBERMAP 1197 R-12C11 BOSS 1 1 0 1 0 0 77.06281638437335 -220.23238903304045 143.1 233.25629677784463 -5.190463444671321 73.65803 97.22804 23.850774221216035 -41.680458740669884 -999.0 -999.0 -999.0 23.850775816824672 -41.68046880799176 23.813172706902492 -41.537387208468246 60.2057342939157 236.12851608327267 5400.0 5400.0 2016.0 1 369 {-999.0 -999.0 -999.0 -999.0 -999.0} "" -999.0 -999.0 -999.0 -999.0 63050397330043196 1164525374 dark_1x1 openfibertargets_bhm_iragn_boss open_fiber science 0 0 0.0 0.0 -999 ""
FIBERMAP 1197 R-12C11 METROLOGY 0 0 0 1 0 0 76.58673289463594 -220.7976727431041 143.1 233.61835581372316 -5.83471402848121 73.65803 97.22804 -999.0 -999.0 -999.0 -999.0 -999.0 23.8523610274396 -41.682397753577256 23.81470580390038 -41.53932560253996 60.206376181718625 236.12417055972827 -999.0 6231.0 -999.0 -1 -999 {-999.0 -999.0 -999.0 -999.0 -999.0} "" -999.0 -999.0 -999.0 -999.0 -999 -999 "" "" "" "" 0 0 0.0 0.0 -999 ""
FIBERMAP 1199 R+1C1 APOGEE 0 0 0 1 0 0 -299.778208856315 16.956997354553188 143.1 -121.15168146245082 -274.7136815799765 236.24792 56.151978 -999.0 -999.0 -999.0 -999.0 -999.0 22.41008798978256 -42.498731648169006 22.37473629444588 -42.354226979962434 58.96961827751916 235.07596354468222 -999.0 16600.0 -999.0 2 10 {-999.0 -999.0 -999.0 -999.0 -999.0} "" -999.0 -999.0 -999.0 -999.0 -999 -999 "" ops_sky_apogee_best_unassigned ops_sky sky_apogee 0 0 0.0 0.0 -999 ""
FIBERMAP 1199 R+1C1 BOSS 1 1 0 1 0 0 -300.10957106628524 17.644216046752554 143.1 -121.91146010001628 -274.78258450981605 236.24792 56.151978 22.40618079699957 -42.498803189375714 27.619497 -37.21517 1.3278594 22.406839771132617 -42.49890122074783 22.371665591382964 -42.35436254475171 58.967383747941234 235.0767742249718 5400.0 5400.0 2016.0 1 12 {-999.0 14.451624 14.081006 13.952786 -999.0} sdss_psfmag_from_g3xp 14.385673 14.087483 13.621513 12.818 63050395808351769 1074196023 dark_flexible_2x1 mwm_halo_local_high_boss mwm_halo science 0 0 1.336979866027832 0.0 -999 ""
FIBERMAP 1199 R+1C1 METROLOGY 0 0 0 1 0 0 -299.35111842762 17.5666876389501 143.1 -121.57252164387032 -274.0997063280075 236.24792 56.151978 -999.0 -999.0 -999.0 -999.0 -999.0 22.408239415543658 -42.49691690309678 22.373016584253833 -42.35238871594875 58.96883028097733 235.08002033043044 -999.0 6231.0 -999.0 -1 -999 {-999.0 -999.0 -999.0 -999.0 -999.0} "" -999.0 -999.0 -999.0 -999.0 -999 -999 "" "" "" "" 0 0 0.0 0.0 -999 ""
FIBERMAP 1204 R+8C11 APOGEE 0 0 0 1 0 0 17.49353812848952 144.0496240281839 143.1 -128.7237158279823 66.96551025509653 239.53798 124.47502 -999.0 -999.0 -999.0 -999.0 -999.0 22.383835533250405 -41.465557497986985 22.350081162537606 -41.32126678388835 59.18697486972198 237.04153777531144 -999.0 16600.0 -999.0 2 -999 {-999.0 -999.0 -999.0 -999.0 -999.0} "" -999.0 -999.0 -999.0 -999.0 -999 -999 "" "" "" "" 0 0 0.0 0.0 -999 ""
FIBERMAP 1204 R+8C11 BOSS 1 1 0 1 0 0 16.773664193881196 144.00186370867075 143.1 -128.9318041786404 66.27475285726048 239.53798 124.47502 22.382630134532032 -41.46765212175045 26.556913 6.924469 3.9338546 22.382733594008062 -41.46764634350139 22.349145285269515 -41.32332695270773 59.18584888009977 237.0379010262186 5400.0 5400.0 2016.0 1 140 {-999.0 21.915066 19.939632 18.17173 -999.0} sdss_psfmag_gaia 20.669096 18.905771 17.620382 15.378 63050395809808512 1121057975 dark_1x1 openfibertargets_mwm_snc_further_ext_boss open_fiber science 0 0 0.0 0.0 -999 ""
FIBERMAP 1204 R+8C11 METROLOGY 0 0 0 1 0 0 17.07644406002066 144.6705352576235 143.1 -129.45152099780273 66.79305476486849 239.53798 124.47502 -999.0 -999.0 -999.0 -999.0 -999.0 22.38067409673613 -41.4660534023841 22.347046153335953 -41.32174036932979 59.18464696495704 237.04158317134824 -999.0 6231.0 -999.0 -1 -999 {-999.0 -999.0 -999.0 -999.0 -999.0} "" -999.0 -999.0 -999.0 -999.0 -999 -999 "" "" "" "" 0 0 0.0 0.0 -999 ""
FIBERMAP 1205 R-2C3 APOGEE 0 0 1 1 0 0 -223.30918478706636 -30.946545765258794 143.1 -49.44752038211608 -219.94192327136486 12.090783 168.99207 -999.0 -999.0 -999.0 -999.0 -999.0 22.70371462802973 -42.33543147957515 22.667849978039555 -42.191214219515324 59.219546356790495 235.2815528291544 -999.0 16600.0 -999.0 2 288 {-999.0 -999.0 -999.0 -999.0 -999.0} "" -999.0 -999.0 -999.0 -999.0 -999 -999 "" ops_sky_apogee_best_unassigned ops_sky sky_apogee 0 0 0.0 0.0 -999 ""
FIBERMAP 1205 R-2C3 BOSS 1 0 1 1 0 0 -222.56303718286165 -30.9848624037666 143.1 -49.149615372205545 -219.25679540493826 12.090783 168.99207 22.808276245139787 -42.37583628260117 -999.0 -999.0 -999.0 22.70475491930047 -42.333441277878514 22.66905780364783 -42.18919440666542 59.2209043250149 235.2849579420204 5400.0 5400.0 2015.5 1 473 {-999.0 -999.0 -999.0 -999.0 -999.0} "" -999.0 -999.0 -999.0 -999.0 27021603160871071 821783003 "" ops_sky_boss_good ops_sky sky_boss 0 0 0.0 0.0 -999 ""
FIBERMAP 1205 R-2C3 METROLOGY 0 0 1 1 0 0 -222.9924263846547 -31.62504569870616 143.1 -48.70103326045648 -219.8836313784936 12.090783 168.99207 -999.0 -999.0 -999.0 -999.0 -999.0 22.706629551392098 -42.33535732123014 22.67087730623075 -42.19112038758816 59.22174512100443 235.28066769908924 -999.0 6231.0 -999.0 -1 -999 {-999.0 -999.0 -999.0 -999.0 -999.0} "" -999.0 -999.0 -999.0 -999.0 -999 -999 "" "" "" "" 0 0 0.0 0.0 -999 ""
FIBERMAP 1206 R0C2 APOGEE 0 0 0 1 0 0 -269.14066848641636 9.312688192607926 143.1 -103.23542344614414 -248.71367120396098 54.700417 148.15584 -999.0 -999.0 -999.0 -999.0 -999.0 22.483465392270737 -42.42119113597155 22.448040050791008 -42.276766308325776 59.04093750436975 235.1964842249201 -999.0 16600.0 -999.0 2 253 {-999.0 -999.0 -999.0 -999.0 -999.0} "" -999.0 -999.0 -999.0 -999.0 -999 -999 "" ops_sky_apogee_best_unassigned ops_sky sky_apogee 0 0 0.0 0.0 -999 ""
FIBERMAP 1206 R0C2 BOSS 1 1 0 1 0 0 -268.4382557789185 9.614314101321316 143.1 -103.27114982908942 -247.9501098511504 54.700417 148.15584 22.48313143157773 -42.41889144951621 4.0504055 -10.852759 0.27462482 22.48315481879163 -42.4189251466559 22.44790235965712 -42.274469559518465 59.041392619919975 235.20086488699263 5400.0 5400.0 2016.0 1 522 {-999.0 18.067553 17.73075 17.603533 17.563686} sdss_psfmag_from_gaia 18.0218 17.74 17.2803 -999.0 63050395808351905 971472257 "" ops_std_boss_gdr2 ops_std standard_boss 0 0 0.0 0.0 -999 ""
FIBERMAP 1206 R0C2 METROLOGY 0 0 0 1 0 0 -268.539385601082 8.86870059617279 143.1 -102.60858064627931 -248.30663640510355 54.700417 148.15584 -999.0 -999.0 -999.0 -999.0 -999.0 22.485886051712534 -42.42004725326166 22.450577025439657 -42.27560251014059 59.04303995547322 235.1977994805065 -999.0 6231.0 -999.0 -1 -999 {-999.0 -999.0 -999.0 -999.0 -999.0} "" -999.0 -999.0 -999.0 -999.0 -999 -999 "" "" "" "" 0 0 0.0 0.0 -999 ""
FIBERMAP 1209 R-2C21 APOGEE 0 0 0 1 0 0 172.23089068506692 -25.68119988925929 143.1 84.52789424733749 152.2332159051221 132.812 101.97097 -999.0 -999.0 -999.0 -999.0 -999.0 23.245222788068784 -41.207079665114556 23.20970436637083 -41.06359311519693 59.87427656079623 237.26154843878584 -999.0 16600.0 -999.0 2 218 {-999.0 -999.0 -999.0 -999.0 -999.0} "" -999.0 -999.0 -999.0 -999.0 -999 -999 "" ops_sky_apogee_best_unassigned ops_sky sky_apogee 0 0 0.0 0.0 -999 ""
FIBERMAP 1209 R-2C21 BOSS 1 1 0 1 0 0 172.63525492526938 -25.044223826467068 143.1 84.07352669512093 152.83549584231903 132.812 101.97097 23.243251705385614 -41.20520784721537 -0.17495349 1.2896924 -0.054895066 23.243256463374404 -41.205235128703904 23.207906682335818 -41.06171995066222 59.873365533610894 237.26578247022707 5400.0 5400.0 2016.0 1 310 {-999.0 21.091764 20.834423 20.60251 20.413967} sdss_psfmag_from_gaiadr2 21.018093 20.87155 20.189793 -999.0 63050395808840234 1130401447 dark_flexible_3x1 bhm_gua_dark_d3 bhm_filler science 0 0 0.0 0.0 -999 ""
FIBERMAP 1209 R-2C21 METROLOGY 0 0 0 1 0 0 172.97438058992535 -25.713634544171228 143.1 84.81935889879202 152.91792111470926 132.812 101.97097 -999.0 -999.0 -999.0 -999.0 -999.0 23.246317423291263 -41.20495089148743 23.210914862372874 -41.06144622459477 59.87563846466208 237.2653222634034 -999.0 6231.0 -999.0 -1 -999 {-999.0 -999.0 -999.0 -999.0 -999.0} "" -999.0 -999.0 -999.0 -999.0 -999 -999 "" "" "" "" 0 0 0.0 0.0 -999 ""
FIBERMAP 1210 R-3C6 APOGEE 0 0 0 1 0 0 -130.8863101302755 -67.95614801053313 143.1 17.65978977683578 -146.40758873171674 0.14934075 78.766815 -999.0 -999.0 -999.0 -999.0 -999.0 22.978155280099745 -42.113436867611085 22.941925226518435 -41.96950781209523 59.47052047489357 235.60706744932293 -999.0 16600.0 -999.0 2 -999 {-999.0 -999.0 -999.0 -999.0 -999.0} "" -999.0 -999.0 -999.0 -999.0 -999 -999 "" "" "" "" 0 0 0.0 0.0 -999 ""
FIBERMAP 1210 R-3C6 BOSS 1 1 0 1 0 0 -131.02743969985045 -68.69377515182813 143.1 18.30083464692259 -146.798760579661 0.14934075 78.766815 22.980721516337674 -42.114785005995074 -999.0 -999.0 -999.0 22.98062504421458 -42.11471186987475 22.94455174836486 -41.97075421351878 59.472115490478394 235.6037598851252 5400.0 5400.0 2016.0 1 475 {-999.0 22.982052 22.257364 21.57162 21.075296} sdss_fiber2mag_from_lsdr10 1e+20 1e+20 1e+20 -999.0 63050396614216823 1131340237 dark_flexible_3x1 bhm_spiders_agn_lsdr10_d3 bhm_spiders science 0 0 0.0 0.0 -999 ""
FIBERMAP 1210 R-3C6 METROLOGY 0 0 0 1 0 0 -131.5914044270391 -68.20582830504502 143.1 17.645940143301036 -147.15541855793265 0.14934075 78.766815 -999.0 -999.0 -999.0 -999.0 -999.0 22.977998706754033 -42.11580365689851 22.941883693560726 -41.97185209341522 59.4699257586816 235.6026031519952 -999.0 6231.0 -999.0 -1 -999 {-999.0 -999.0 -999.0 -999.0 -999.0} "" -999.0 -999.0 -999.0 -999.0 -999 -999 "" "" "" "" 0 0 0.0 0.0 -999 ""
FIBERMAP 1211 R-11C11 APOGEE 0 0 0 1 0 0 66.75752071675872 -200.06489050579827 143.1 210.75539435584963 -7.756450815578684 80.32367 84.3506 -999.0 -999.0 -999.0 -999.0 -999.0 23.76029791168974 -41.68900658467634 23.72274896279805 -41.54587058651334 60.13801683451232 236.14495668214357 -999.0 16600.0 -999.0 2 182 {-999.0 -999.0 -999.0 -999.0 -999.0} "" -999.0 -999.0 -999.0 -999.0 -999 -999 "" ops_sky_apogee_best_unassigned ops_sky sky_apogee 0 0 0.0 0.0 -999 ""
FIBERMAP 1211 R-11C11 BOSS 1 1 0 1 0 0 67.48436023252825 -200.1969174439468 143.1 211.13425544604397 -7.12230925816113 80.32367 84.3506 23.761700348642087 -41.687100112661206 -999.0 -999.0 -999.0 23.761704761901893 -41.68710392345566 23.72431485737684 -41.543939882964544 60.13962085786075 236.14815018355887 5400.0 5400.0 2016.0 1 375 {-999.0 21.9065 21.56949 21.17174 20.905453} sdss_fiber2mag_from_lsdr10 20.683008 20.776033 19.800657 -999.0 63050395808838628 1131342784 dark_flexible_3x1 bhm_spiders_agn_lsdr10_d3 bhm_spiders science 0 0 0.0 0.0 -999 ""
FIBERMAP 1211 R-11C11 METROLOGY 0 0 0 1 0 0 67.00172874848757 -200.77133309713057 143.1 211.50256478824537 -7.775897370102032 80.32367 84.3506 -999.0 -999.0 -999.0 -999.0 -999.0 23.763306737314142 -41.68906355445798 23.725864498490864 -41.54590894209648 60.140270092912814 236.14374938870452 -999.0 6231.0 -999.0 -1 -999 {-999.0 -999.0 -999.0 -999.0 -999.0} "" -999.0 -999.0 -999.0 -999.0 -999 -999 "" "" "" "" 0 0 0.0 0.0 -999 ""
FIBERMAP 1214 R+5C1 APOGEE 1 1 0 1 0 0 -239.50191501472943 115.44642709291834 143.1 -192.1950950707606 -183.6923904067974 145.50291 67.06642 22.12103048300305 -42.22308817304652 6.352923 15.405877 2.2137187 22.121073399825 -42.22303744675635 22.08687901516089 -42.078353422518376 58.82756651760314 235.69235623647668 16000.0 16600.0 2016.0 2 1 {-999.0 11.802116 11.527792 11.45243 -999.0} sdss_psfmag_from_g3xp 11.772329 11.528087 11.126669 10.467 63050395808353106 975146310 "" ops_std_apogee ops_std standard_apogee 0 0 0.0 0.0 -999 ""
FIBERMAP 1214 R+5C1 BOSS 0 0 0 1 0 0 -238.86613732581299 115.89662865591436 143.1 -192.39332681342222 -182.93903981581101 145.50291 67.06642 -999.0 -999.0 -999.0 -999.0 -999.0 22.120109058463935 -42.220790399983436 22.08609050106594 -42.07607627826165 58.82752039873337 235.6968976393327 -999.0 5400.0 -999.0 1 1 {-999.0 -999.0 -999.0 -999.0 -999.0} "" -999.0 -999.0 -999.0 -999.0 -999 -999 "" "" "" "" 0 0 0.0 0.0 -999 ""
FIBERMAP 1214 R+5C1 METROLOGY 0 0 0 1 0 0 -238.82564620106243 115.11575292386064 143.1 -191.6480090094182 -183.17535649219474 145.50291 67.06642 -999.0 -999.0 -999.0 -999.0 -999.0 22.123135219283732 -42.22155535912931 22.089059537291007 -42.07685202313223 58.82948682257526 235.69446029789435 -999.0 6231.0 -999.0 -1 -999 {-999.0 -999.0 -999.0 -999.0 -999.0} "" -999.0 -999.0 -999.0 -999.0 -999 -999 "" "" "" "" 0 0 0.0 0.0 -999 ""
FIBERMAP 1216 R-2C17 APOGEE 0 0 0 1 0 0 91.00509319636863 -28.15919498304529 143.1 58.32318486334106 75.31500221864617 61.94802 135.27711 -999.0 -999.0 -999.0 -999.0 -999.0 23.14110592161934 -41.44034659689218 23.10549199094453 -41.29671463151128 59.74601992347287 236.84418830062768 -999.0 16600.0 -999.0 2 211 {-999.0 -999.0 -999.0 -999.0 -999.0} "" -999.0 -999.0 -999.0 -999.0 -999 -999 "" ops_sky_apogee_best_unassigned ops_sky sky_apogee 0 0 0.0 0.0 -999 ""
FIBERMAP 1216 R-2C17 BOSS 1 1 0 1 0 0 91.7103912584743 -27.94478701556728 143.1 58.37012991978149 76.05063594289311 61.94802 135.27711 23.14115062467714 -41.43810521290636 -999.0 -999.0 -999.0 23.141164244209172 -41.43809959325036 23.105715757280507 -41.29444011887878 59.74669454054614 236.8485125086283 5400.0 5400.0 2016.0 1 300 {-999.0 21.873295 21.7947 21.57715 21.364338} sdss_psfmag_from_lsdr10 1e+20 1e+20 1e+20 -999.0 63050397330089291 1131345276 dark_flexible_3x1 bhm_spiders_agn_lsdr10_d3 bhm_spiders science 0 0 0.0 0.0 -999 ""
FIBERMAP 1216 R-2C17 METROLOGY 0 0 0 1 0 0 91.54595647564187 -28.6765738026019 143.1 58.99752244688109 75.63969549681919 61.94802 135.27711 -999.0 -999.0 -999.0 -999.0 -999.0 23.143765069233226 -41.439324813273664 23.108262257687954 -41.29567529615056 59.74828151176948 236.84527062298613 -999.0 6231.0 -999.0 -1 -999 {-999.0 -999.0 -999.0 -999.0 -999.0} "" -999.0 -999.0 -999.0 -999.0 -999 -999 "" "" "" "" 0 0 0.0 0.0 -999 ""
FIBERMAP 1217 R-3C13 APOGEE 0 0 0 1 0 0 -0.22212906078488714 -55.75835959898547 143.1 52.12599238277087 -19.78909881666711 154.48326 128.38072 -999.0 -999.0 -999.0 -999.0 -999.0 23.117467195001353 -41.72913395568042 23.081472201088275 -41.585414917360836 59.66252222239369 236.29519083471973 -999.0 16600.0 -999.0 2 169 {-999.0 -999.0 -999.0 -999.0 -999.0} "" -999.0 -999.0 -999.0 -999.0 -999 -999 "" ops_sky_apogee_best_unassigned ops_sky sky_apogee 0 0 0.0 0.0 -999 ""
FIBERMAP 1217 R-3C13 BOSS 1 1 0 1 0 0 -0.44955914618961046 -55.044578161229374 143.1 51.37784297621802 -19.751366595060066 154.48326 128.38072 23.11430434410626 -41.72908540542067 -999.0 -999.0 -999.0 23.114302855965594 -41.72906939324202 23.07847909924277 -41.58531844021319 59.660367171993386 236.29640648151968 5400.0 5400.0 2016.0 1 407 {-999.0 21.200583 21.102383 20.983894 20.87095} sdss_psfmag_from_lsdr10 21.562992 21.197247 20.546621 -999.0 63050395808839194 1058553499 dark_flexible_2x2 bhm_spiders_agn_lsdr10 bhm_spiders science 0 0 0.0 0.0 -999 ""
FIBERMAP 1217 R-3C13 METROLOGY 0 0 0 1 0 0 0.28989443526185 -55.21990649290152 143.1 51.801674965656765 -19.120621578025624 154.48326 128.38072 -999.0 -999.0 -999.0 -999.0 -999.0 23.116070714680905 -41.72714224224929 23.080199199354013 -41.58340154862279 59.662063905239016 236.29950586845948 -999.0 6231.0 -999.0 -1 -999 {-999.0 -999.0 -999.0 -999.0 -999.0} "" -999.0 -999.0 -999.0 -999.0 -999 -999 "" "" "" "" 0 0 0.0 0.0 -999 ""
FIBERMAP 1218 R0C17 APOGEE 0 0 0 1 0 0 74.35581225733563 -2.804742235851142 143.1 28.738104306136233 68.6309779864465 253.94688 174.98466 -999.0 -999.0 -999.0 -999.0 -999.0 23.02138878553511 -41.460880450901264 22.986042986924076 -41.317138807637704 59.653996752574756 236.8445595049812 -999.0 16600.0 -999.0 2 111 {-999.0 -999.0 -999.0 -999.0 -999.0} "" -999.0 -999.0 -999.0 -999.0 -999 -999 "" ops_sky_apogee_best_unassigned ops_sky sky_apogee 0 0 0.0 0.0 -999 ""
FIBERMAP 1218 R0C17 BOSS 1 1 0 1 0 0 74.09128629614113 -3.4874103816322415 143.1 29.284359441886703 68.14357615667022 253.94688 174.98466 23.023630690703907 -41.46221825247266 -41.39749 -53.843678 4.1150255 23.02346739936811 -41.462342825586866 22.988277065224338 -41.318574636252585 59.65531169764818 236.84104761190358 5400.0 5400.0 2016.0 1 189 {-999.0 21.18177 19.210648 17.491089 -999.0} sdss_psfmag_gaia 19.972687 18.223928 16.96073 14.614 63050395808840009 1124946414 dark_1x1 openfibertargets_mwm_snc_further_ext_boss open_fiber science 0 0 0.0 0.0 -999 ""
FIBERMAP 1218 R0C17 METROLOGY 0 0 0 1 0 0 73.61962586371317 -2.9119922893689565 143.1 28.57998488712133 67.90405647256114 253.94688 174.98466 -999.0 -999.0 -999.0 -999.0 -999.0 23.02066535185831 -41.46306062898519 22.985434797746393 -41.31929776893404 59.65306944491881 236.84059601509162 -999.0 6231.0 -999.0 -1 -999 {-999.0 -999.0 -999.0 -999.0 -999.0} "" -999.0 -999.0 -999.0 -999.0 -999 -999 "" "" "" "" 0 0 0.0 0.0 -999 ""
FIBERMAP 1219 R+1C17 APOGEE 0 0 0 1 0 0 63.10692822413531 28.62317445741771 143.1 -4.636779927339115 69.13596726751088 184.1081 77.75085 -999.0 -999.0 -999.0 -999.0 -999.0 22.886158928513034 -41.4595128988835 22.85115361764383 -41.31565378817113 59.55554614625165 236.89190393412707 -999.0 16600.0 -999.0 2 -999 {-999.0 -999.0 -999.0 -999.0 -999.0} "" -999.0 -999.0 -999.0 -999.0 -999 -999 "" "" "" "" 0 0 0.0 0.0 -999 ""
FIBERMAP 1219 R+1C17 BOSS 1 1 0 1 0 0 63.237240300352454 29.374693095519483 143.1 -5.294629639519013 69.52188958481536 184.1081 77.75085 22.883330772392203 -41.45834024833136 0.121843815 0.4475382 1.3014361 22.883323788462224 -41.4583294273447 22.84849096768852 -41.3144402841738 59.55386390036706 236.89511182324492 5400.0 5400.0 2016.0 1 199 {-999.0 20.709368 20.47793 20.273731 20.111195} sdss_psfmag_from_gaiadr2 20.693134 20.500662 19.930323 -999.0 63050395808839612 1130401433 dark_flexible_3x1 bhm_gua_dark_d3 bhm_filler science 0 0 0.0 0.0 -999 ""
FIBERMAP 1219 R+1C17 METROLOGY 0 0 0 1 0 0 63.80321096525477 28.896466537828516 143.1 -4.64813135562353 69.88383918595886 184.1081 77.75085 -999.0 -999.0 -999.0 -999.0 -999.0 22.885988419094186 -41.45721487883596 22.851104219579952 -41.31333619493709 59.55602217805132 236.89638091273576 -999.0 6231.0 -999.0 -1 -999 {-999.0 -999.0 -999.0 -999.0 -999.0} "" -999.0 -999.0 -999.0 -999.0 -999 -999 "" "" "" "" 0 0 0.0 0.0 -999 ""
FIBERMAP 1220 R+1C3 APOGEE 0 0 0 1 0 0 -226.83941205040725 28.83656645027075 143.1 -106.65945073216697 -202.25257784402456 43.984432 120.34996 -999.0 -999.0 -999.0 -999.0 -999.0 22.469667921108524 -42.28137173028035 22.434488247570016 -42.136967168259126 59.06463204457856 235.4651129156403 -999.0 16600.0 -999.0 2 38 {-999.0 -999.0 -999.0 -999.0 -999.0} "" -999.0 -999.0 -999.0 -999.0 -999 -999 "" ops_sky_apogee_best_unassigned ops_sky sky_apogee 0 0 0.0 0.0 -999 ""
FIBERMAP 1220 R+1C3 BOSS 1 1 0 1 0 0 -226.1441126860075 28.64903714624807 143.1 -106.2397015366569 -201.6674571164184 43.984432 120.34996 22.4712057444733 -42.279668924515114 -0.5373339 0.48277226 -0.91490376 22.471194148920386 -42.27968079179705 22.43618137719102 -42.135247442284225 59.066259633723575 235.4677835882837 5400.0 5400.0 2016.0 1 62 {-999.0 20.990843 20.72046 20.326838 20.068281} sdss_fiber2mag_from_lsdr10 20.061121 20.309109 19.025274 -999.0 63050395808352868 1131337741 dark_flexible_3x1 bhm_spiders_agn_lsdr10_d3 bhm_spiders science 0 0 0.0 0.0 -999 ""
FIBERMAP 1220 R+1C3 METROLOGY 0 0 0 1 0 0 -226.66218769623623 28.10862867524731 143.1 -105.91567856174868 -202.34228679258555 43.984432 120.34996 -999.0 -999.0 -999.0 -999.0 -999.0 22.472539829290508 -42.28174379458302 22.43747280093237 -42.13731974200396 59.066698413490016 235.46342536767176 -999.0 6231.0 -999.0 -1 -999 {-999.0 -999.0 -999.0 -999.0 -999.0} "" -999.0 -999.0 -999.0 -999.0 -999 -999 "" "" "" "" 0 0 0.0 0.0 -999 ""
FIBERMAP 1221 R-8C13 APOGEE 0 0 0 1 0 0 54.626034358190815 -168.3677926010414 143.1 176.818537236629 -7.983271065823401 262.66367 75.48585 -999.0 -999.0 -999.0 -999.0 -999.0 23.623195813601644 -41.69076587804123 23.585988019826914 -41.54750552083259 60.03827848806924 236.19117886520087 -999.0 16600.0 -999.0 2 -999 {-999.0 -999.0 -999.0 -999.0 -999.0} "" -999.0 -999.0 -999.0 -999.0 -999 -999 "" "" "" "" 0 0 0.0 0.0 -999 ""
FIBERMAP 1221 R-8C13 BOSS 1 1 0 1 0 0 53.93150240574113 -168.0904985895183 143.1 176.31501495366476 -8.536149877560224 262.66367 75.48585 23.62107558261325 -41.69249543028006 -999.0 -999.0 -999.0 23.621103886824194 -41.69248880127377 23.584058972849277 -41.549196549662696 60.03647168109306 236.18858419817806 5400.0 5400.0 2016.0 1 418 {-999.0 21.025002 20.932753 20.883015 20.84699} sdss_psfmag_from_lsdr10 20.877178 21.205357 20.287489 -999.0 63050395808838827 1131342781 dark_flexible_3x1 bhm_spiders_agn_lsdr10_d3 bhm_spiders science 0 0 0.0 0.0 -999 ""
FIBERMAP 1221 R-8C13 METROLOGY 0 0 0 1 0 0 54.5218444276012 -167.62708842584064 143.1 176.0884605796558 -7.820700046665575 262.66367 75.48585 -999.0 -999.0 -999.0 -999.0 -999.0 23.62023617478195 -41.69031863177464 23.583151405599494 -41.547034496790744 60.036330196012 236.19311280822083 -999.0 6231.0 -999.0 -1 -999 {-999.0 -999.0 -999.0 -999.0 -999.0} "" -999.0 -999.0 -999.0 -999.0 -999 -999 "" "" "" "" 0 0 0.0 0.0 -999 ""
FIBERMAP 1223 R+13C7 APOGEE 0 0 0 1 0 0 -17.874842255775548 267.9809194494207 143.1 -257.175523762784 77.37370464582888 141.2746 84.332146 -999.0 -999.0 -999.0 -999.0 -999.0 21.867424049470547 -41.431644321959766 21.835017454244507 -41.28693106096731 58.81573532757133 237.2635250230302 -999.0 16600.0 -999.0 2 100 {-999.0 -999.0 -999.0 -999.0 -999.0} "" -999.0 -999.0 -999.0 -999.0 -999 -999 "" ops_sky_apogee_best_unassigned ops_sky sky_apogee 0 0 0.0 0.0 -999 ""
FIBERMAP 1223 R+13C7 BOSS 1 1 0 1 0 0 -17.32258498895194 268.4832007557945 143.1 -257.4518459500555 78.06714816854944 141.2746 84.332146 21.866187525673485 -41.42956471503341 -999.0 -999.0 -999.0 21.866191924683765 -41.42956993436303 21.83396040581721 -41.28482965363334 58.81538671245501 237.26781108112897 5400.0 5400.0 2016.0 1 174 {-999.0 21.350544 21.233438 21.086933 20.947248} sdss_psfmag_from_lsdr10 20.857876 21.027605 20.741215 -999.0 63050395809335355 1131345258 dark_flexible_3x1 bhm_spiders_agn_lsdr10_d3 bhm_spiders science 0 0 0.0 0.0 -999 ""
FIBERMAP 1223 R+13C7 METROLOGY 0 0 0 1 0 0 -17.185423652679052 267.7309826339783 143.1 -256.6994104676778 77.93140331805579 141.2746 84.332146 -999.0 -999.0 -999.0 -999.0 -999.0 21.869178268839512 -41.42997611389302 21.836890741187005 -41.28524569423458 58.8174573917904 237.26615644036036 -999.0 6231.0 -999.0 -1 -999 {-999.0 -999.0 -999.0 -999.0 -999.0} "" -999.0 -999.0 -999.0 -999.0 -999 -999 "" "" "" "" 0 0 0.0 0.0 -999 ""
FIBERMAP 1224 R+5C18 APOGEE 0 0 0 1 0 0 144.37838389533277 76.62229183241429 143.1 -21.0353790722009 162.0829619055707 320.5375 51.611763 -999.0 -999.0 -999.0 -999.0 -999.0 22.81976974833491 -41.17795614034117 22.78535014416326 -41.034104046154816 59.56815706554542 237.45564524231122 -999.0 16600.0 -999.0 2 64 {-999.0 -999.0 -999.0 -999.0 -999.0} "" -999.0 -999.0 -999.0 -999.0 -999 -999 "" ops_sky_apogee_best_unassigned ops_sky sky_apogee 0 0 0.0 0.0 -999 ""
FIBERMAP 1224 R+5C18 BOSS 1 1 0 1 0 0 143.6399737650059 76.60500577574349 143.1 -21.27850859085439 161.38555181812035 320.5375 51.611763 22.818603515625 -41.180010880571444 -999.0 -999.0 -999.0 22.818614526683437 -41.18002685741307 22.78435788322963 -41.036146581209465 59.5669925035745 237.45201780460374 5400.0 5400.0 2015.5 1 216 {-999.0 -999.0 -999.0 -999.0 -999.0} "" -999.0 -999.0 -999.0 -999.0 27021603161556261 821851306 "" ops_sky_boss_good ops_sky sky_boss 0 0 0.0 0.0 -999 ""
FIBERMAP 1224 R+5C18 METROLOGY 0 0 0 1 0 0 143.9953266878843 77.25567763992319 143.1 -21.762910609147657 161.9467543719314 320.5375 51.611763 -999.0 -999.0 -999.0 -999.0 -999.0 22.816706158443615 -41.17830405656082 22.782410573447237 -41.03443009933601 59.56592097649491 237.4559442497013 -999.0 6231.0 -999.0 -1 -999 {-999.0 -999.0 -999.0 -999.0 -999.0} "" -999.0 -999.0 -999.0 -999.0 -999 -999 "" "" "" "" 0 0 0.0 0.0 -999 ""
FIBERMAP 1227 R-4C8 APOGEE 0 0 0 1 0 0 -99.40913684078544 -86.92463651312038 143.1 46.473219369697915 -123.59827527739482 227.86617 113.06147 -999.0 -999.0 -999.0 -999.0 -999.0 23.095716684105522 -42.04410886820037 23.059293263206143 -41.900298455761444 59.571931008147686 235.6980358635971 -999.0 16600.0 -999.0 2 -999 {-999.0 -999.0 -999.0 -999.0 -999.0} "" -999.0 -999.0 -999.0 -999.0 -999 -999 "" "" "" "" 0 0 0.0 0.0 -999 ""
FIBERMAP 1227 R-4C8 BOSS 1 1 0 1 0 0 -100.11395513290591 -86.71099181018623 143.1 46.025676680358984 -124.18313697813478 227.86617 113.06147 23.09375509411171 -42.04597664109132 -0.36023653 1.430536 -0.048339296 23.093760759736725 -42.04597651741983 23.0575036501142 -41.902133627535996 59.57019616399294 235.69515261628774 5400.0 5400.0 2016.0 1 479 {-999.0 20.754192 20.551655 20.505058 -999.0} sdss_psfmag_gaia 20.767338 20.545837 20.194443 -999.0 63050395808838179 1128095373 dark_flexible_3x1 bhm_csc_boss_d3 bhm_csc science 0 0 0.0 0.0 -999 ""
FIBERMAP 1227 R-4C8 METROLOGY 0 0 0 1 0 0 -99.56316710560634 -86.19267142220735 143.1 45.73382187016567 -123.48543645866361 227.86617 113.06147 -999.0 -999.0 -999.0 -999.0 -999.0 23.09261421814695 -42.04387140632485 23.056316738239786 -41.900036597770914 59.56984383347346 235.69959118984366 -999.0 6231.0 -999.0 -1 -999 {-999.0 -999.0 -999.0 -999.0 -999.0} "" -999.0 -999.0 -999.0 -999.0 -999 -999 "" "" "" "" 0 0 0.0 0.0 -999 ""
FIBERMAP 1228 R-4C5 APOGEE 1 1 0 1 0 0 -157.84322680027918 -61.737866470897984 143.1 2.371211547662665 -169.46238969634334 113.375046 95.194725 22.915756721823634 -42.183190026231436 0.78086674 -10.712568 2.0585608 22.915749844466557 -42.18323434407095 22.879572481475293 -42.03923500933628 59.408728832643895 235.4959748075812 16000.0 16600.0 2016.0 2 296 {-999.0 12.570816 12.170949 12.064564 -999.0} sdss_psfmag_from_g3xp 12.503657 12.198307 11.734728 10.956 63050395808838023 1118119207 bright_1x1 openfibertargets_mwm_snc_further_ext_apogee_bright open_fiber science 0 0 0.0 0.0 -999 ""
FIBERMAP 1228 R-4C5 BOSS 0 0 0 1 0 0 -157.19428528026816 -61.37628890336862 143.1 2.260577247155062 -168.72783724279213 113.375046 95.194725 -999.0 -999.0 -999.0 -999.0 -999.0 22.915128846921252 -42.18111057361898 22.879121907978003 -42.03708055217285 59.40892496120535 235.5002416858842 -999.0 5400.0 -999.0 1 487 {-999.0 -999.0 -999.0 -999.0 -999.0} "" -999.0 -999.0 -999.0 -999.0 -999 -999 "" "" "" "" 0 0 0.0 0.0 -999 ""
FIBERMAP 1228 R-4C5 METROLOGY 0 0 0 1 0 0 -157.1980973785728 -62.12634935219092 143.1 2.961485778861057 -168.994811337809 113.375046 95.194725 -999.0 -999.0 -999.0 -999.0 -999.0 22.918046214554458 -42.181926560191755 22.88198361840449 -42.037907561609195 59.41078739685926 235.4976550871694 -999.0 6231.0 -999.0 -1 -999 {-999.0 -999.0 -999.0 -999.0 -999.0} "" -999.0 -999.0 -999.0 -999.0 -999 -999 "" "" "" "" 0 0 0.0 0.0 -999 ""
FIBERMAP 1230 R+8C17 APOGEE 0 0 0 1 0 0 173.04625362431662 157.2542076762098 143.1 -86.45981468615479 217.23956018458435 31.064604 91.31771 -999.0 -999.0 -999.0 -999.0 -999.0 22.557374607097458 -41.01151727111472 22.523849979552722 -40.86747780424463 59.40954862660797 237.85745135615144 -999.0 16600.0 -999.0 2 75 {-999.0 -999.0 -999.0 -999.0 -999.0} "" -999.0 -999.0 -999.0 -999.0 -999 -999 "" ops_sky_apogee_best_unassigned ops_sky sky_apogee 0 0 0.0 0.0 -999 ""
FIBERMAP 1230 R+8C17 BOSS 1 1 0 1 0 0 173.4331610976025 156.61903094428712 143.1 -85.72925425861271 217.3787436119431 31.064604 91.31771 22.56011537631736 -41.01108504774448 0.07173201 -0.4725612 0.42174312 22.560125621227606 -41.011094653392185 22.526758879635224 -40.867031878871906 59.41179313525792 237.85743094175518 5400.0 5400.0 2016.0 1 234 {-999.0 19.921669 19.735838 19.737371 19.781738} sdss_psfmag_from_lsdr10 19.887379 19.825 19.459747 -999.0 63050395809809257 1131350147 dark_flexible_3x1 bhm_spiders_agn_lsdr10_d3 bhm_spiders science 0 0 0.0 0.0 -999 ""
FIBERMAP 1230 R+8C17 METROLOGY 0 0 0 1 0 0 172.68689627044097 156.59521948462535 143.1 -85.96903274078903 216.67168795110675 31.064604 91.31771 -999.0 -999.0 -999.0 -999.0 -999.0 22.559178009697675 -41.01317983553274 22.525764083523654 -40.869123067978975 59.41063153227664 237.85370772360417 -999.0 6231.0 -999.0 -1 -999 {-999.0 -999.0 -999.0 -999.0 -999.0} "" -999.0 -999.0 -999.0 -999.0 -999 -999 "" "" "" "" 0 0 0.0 0.0 -999 ""
FIBERMAP 1233 R+11C16 APOGEE 0 0 0 1 0 0 166.57183933376214 233.4633754648681 143.1 -160.08464361973873 237.9408734282565 146.40346 52.828472 -999.0 -999.0 -999.0 -999.0 -999.0 22.263528847606974 -40.949005999639894 22.23082128671348 -40.80473198347608 59.20487922782395 238.06477233911102 -999.0 16600.0 -999.0 2 104 {-999.0 -999.0 -999.0 -999.0 -999.0} "" -999.0 -999.0 -999.0 -999.0 -999 -999 "" ops_sky_apogee_best_unassigned ops_sky sky_apogee 0 0 0.0 0.0 -999 ""
FIBERMAP 1233 R+11C16 BOSS 1 1 0 1 0 0 167.25521550710906 233.72129211472216 143.1 -160.08613224369273 238.6712619996408 146.40346 52.828472 22.263391647531947 -40.946850426455725 -999.0 -999.0 -999.0 22.263411136587116 -40.94686465197201 22.230872418482704 -40.80256588162675 59.205343537406804 238.06890563457503 5400.0 5400.0 2016.0 1 178 {-999.0 21.609058 20.945225 20.70894 -999.0} sdss_psfmag_gaia 21.291601 20.98826 20.222542 -999.0 63050395809809757 1164509571 dark_1x1 openfibertargets_bhm_iragn_boss open_fiber science 0 0 0.0 0.0 -999 ""
FIBERMAP 1233 R+11C16 METROLOGY 0 0 0 1 0 0 167.13425495323222 232.97930613257353 143.1 -159.43392346852374 238.29744274709165 146.40346 52.828472 -999.0 -999.0 -999.0 -999.0 -999.0 22.266000647415705 -40.94793314822854 22.233407090590674 -40.80364343011247 59.20701254220357 238.0661043260821 -999.0 6231.0 -999.0 -1 -999 {-999.0 -999.0 -999.0 -999.0 -999.0} "" -999.0 -999.0 -999.0 -999.0 -999 -999 "" "" "" "" 0 0 0.0 0.0 -999 ""
FIBERMAP 1234 R+5C14 APOGEE 0 0 0 1 0 0 62.6013318740337 108.33949249039377 143.1 -79.44907334253867 96.65724676579998 60.10767 116.70607 -999.0 -999.0 -999.0 -999.0 -999.0 22.58352492972338 -41.375952387784494 22.549401301396188 -41.23185183043133 59.352409452595005 237.14988377581358 -999.0 16600.0 -999.0 2 93 {-999.0 -999.0 -999.0 -999.0 -999.0} "" -999.0 -999.0 -999.0 -999.0 -999 -999 "" ops_sky_apogee_best_unassigned ops_sky sky_apogee 0 0 0.0 0.0 -999 ""
FIBERMAP 1234 R+5C14 BOSS 1 1 0 1 0 0 63.340569178274635 108.27056513325866 143.1 -79.12493566607179 97.325155012633 60.10767 116.70607 22.58452634767356 -41.373924264374246 23.638586 13.281971 2.9547226 22.58462584297759 -41.37390772482173 22.550667452404582 -41.229781416239526 59.35378240579824 237.15345199437772 5400.0 5400.0 2016.0 1 166 {-999.0 21.736338 20.053257 19.100548 -999.0} sdss_psfmag_gaia 20.863518 19.753584 18.577185 -999.0 63050395809808431 1121058382 dark_1x1 openfibertargets_mwm_snc_further_ext_boss open_fiber science 0 0 0.0 0.0 -999 ""
FIBERMAP 1234 R+5C14 METROLOGY 0 0 0 1 0 0 62.92548793107612 107.66641993532167 143.1 -78.70506973051332 96.72437072187745 60.10767 116.70607 -999.0 -999.0 -999.0 -999.0 -999.0 22.586350215787085 -41.375713136218934 22.552338094752486 -41.23159557796167 59.35462176594874 237.14944810788012 -999.0 6231.0 -999.0 -1 -999 {-999.0 -999.0 -999.0 -999.0 -999.0} "" -999.0 -999.0 -999.0 -999.0 -999 -999 "" "" "" "" 0 0 0.0 0.0 -999 ""
FIBERMAP 1236 R+13C5 APOGEE 0 0 0 1 0 0 -44.353752568381516 253.56128241194165 143.1 -252.973898204731 47.518848650649524 355.8422 127.532974 -999.0 -999.0 -999.0 -999.0 -999.0 21.88273111300309 -41.52201140316191 21.850157629926173 -41.377290124170585 58.80828969502475 237.08824839588695 -999.0 16600.0 -999.0 2 52 {-999.0 -999.0 -999.0 -999.0 -999.0} "" -999.0 -999.0 -999.0 -999.0 -999 -999 "" ops_sky_apogee_best_unassigned ops_sky sky_apogee 0 0 0.0 0.0 -999 ""
FIBERMAP 1236 R+13C5 BOSS 1 1 0 1 0 0 -43.93712729872168 252.93400659966102 143.1 -252.24029879938584 47.68863012222112 355.8422 127.532974 21.88550524016458 -41.52155649548144 -0.9113213 0.41802195 -0.35338223 21.885498596841565 -41.521543292074895 21.853087992421422 -41.37679754095613 58.81054290543176 237.08830043089054 5400.0 5400.0 2016.0 1 89 {-999.0 21.312754 20.73336 20.488928 20.302973} sdss_psfmag_from_lsdr10 20.877361 20.65705 19.871614 -999.0 63050395809335153 1131345259 dark_flexible_3x1 bhm_spiders_agn_lsdr10_d3 bhm_spiders science 0 0 0.0 0.0 -999 ""
FIBERMAP 1236 R+13C5 METROLOGY 0 0 0 1 0 0 -44.70387204917796 252.9030656001137 143.1 -252.4805943257531 46.95989630667925 355.8422 127.532974 -999.0 -999.0 -999.0 -999.0 -999.0 21.884486728722003 -41.52372400017389 21.852027637010337 -41.37898452528483 58.8093118771321 237.08448684054486 -999.0 6231.0 -999.0 -1 -999 {-999.0 -999.0 -999.0 -999.0 -999.0} "" -999.0 -999.0 -999.0 -999.0 -999 -999 "" "" "" "" 0 0 0.0 0.0 -999 ""
FIBERMAP 1237 R-2C7 APOGEE 0 0 0 1 0 0 -146.52433677665516 -38.52000157811555 143.1 -15.391663076465257 -150.71141935412993 168.41331 126.83644 -999.0 -999.0 -999.0 -999.0 -999.0 22.8430106116367 -42.12658204558186 22.807106021487925 -41.98253265504217 59.37009529871715 235.62948530391486 -999.0 16600.0 -999.0 2 286 {-999.0 -999.0 -999.0 -999.0 -999.0} "" -999.0 -999.0 -999.0 -999.0 -999 -999 "" ops_sky_apogee_best_unassigned ops_sky sky_apogee 0 0 0.0 0.0 -999 ""
FIBERMAP 1237 R-2C7 BOSS 1 1 0 1 0 0 -146.5789865350368 -37.7828469552394 143.1 -16.101019013439426 -150.50371266581647 168.41331 126.83644 22.839925075231836 -42.12603492441269 -999.0 -999.0 -999.0 22.83993337131224 -42.12605013503826 22.80420328754252 -41.98196787145237 59.36813504492008 235.6315737782546 5400.0 5400.0 2015.5 1 469 {-999.0 -999.0 -999.0 -999.0 -999.0} "" -999.0 -999.0 -999.0 -999.0 27021603160871205 813986690 "" ops_sky_boss_good ops_sky sky_boss 0 0 0.0 0.0 -999 ""
FIBERMAP 1237 R-2C7 METROLOGY 0 0 0 1 0 0 -145.91585245135974 -38.11141359722894 143.1 -15.560518766201561 -149.99823607964552 168.41331 126.83644 -999.0 -999.0 -999.0 -999.0 -999.0 22.84218746155695 -42.124529383633295 22.80640692231418 -41.98045801653536 59.37008647568201 235.6336830621992 -999.0 6231.0 -999.0 -1 -999 {-999.0 -999.0 -999.0 -999.0 -999.0} "" -999.0 -999.0 -999.0 -999.0 -999 -999 "" "" "" "" 0 0 0.0 0.0 -999 ""
FIBERMAP 1238 R-9C3 APOGEE 0 0 0 1 0 0 -137.11445788751007 -176.65788039199748 143.1 117.24505436052542 -190.4124149595446 301.5505 153.75798 -999.0 -999.0 -999.0 -999.0 -999.0 23.385783304550824 -42.24463307894099 23.34830709620246 -42.10103276171342 59.73070670983566 235.2083585882393 -999.0 16600.0 -999.0 2 283 {-999.0 -999.0 -999.0 -999.0 -999.0} "" -999.0 -999.0 -999.0 -999.0 -999 -999 "" ops_sky_apogee_best_unassigned ops_sky sky_apogee 0 0 0.0 0.0 -999 ""
FIBERMAP 1238 R-9C3 BOSS 1 1 0 1 0 0 -137.025791983395 -177.39802969488818 143.1 117.96915981372635 -190.5893255548023 301.5505 153.75798 23.388624115009726 -42.24521079770625 -999.0 -999.0 -999.0 23.388609256938057 -42.24521198227465 23.351288112416682 -42.101582599030905 59.732709326040506 235.20619993549735 5400.0 5400.0 2016.0 1 464 {-999.0 23.094736 22.179188 21.667603 21.271118} sdss_fiber2mag_from_lsdr10 1e+20 1e+20 1e+20 -999.0 63050396614360202 1131337755 dark_flexible_3x1 bhm_spiders_agn_lsdr10_d3 bhm_spiders science 0 0 0.0 0.0 -999 ""
FIBERMAP 1238 R-9C3 METROLOGY 0 0 0 1 0 0 -137.71400204217798 -177.09119765965227 143.1 117.4402025437817 -191.12591235206844 301.5505 153.75798 -999.0 -999.0 -999.0 -999.0 -999.0 23.386529132846352 -42.24686576843737 23.349164470709013 -42.103243063566744 59.73076690487005 235.20379720084767 -999.0 6231.0 -999.0 -1 -999 {-999.0 -999.0 -999.0 -999.0 -999.0} "" -999.0 -999.0 -999.0 -999.0 -999 -999 "" "" "" "" 0 0 0.0 0.0 -999 ""
FIBERMAP 1239 R0C25 APOGEE 0 0 0 1 0 0 246.181800877871 -17.013373769486293 143.1 102.38256520669607 224.5140204211702 296.6052 86.53611 -999.0 -999.0 -999.0 -999.0 -999.0 23.314739535305613 -40.98887487453636 23.27938074314386 -40.84550009062584 59.97298300433026 237.66356414260537 -999.0 16600.0 -999.0 2 105 {-999.0 -999.0 -999.0 -999.0 -999.0} "" -999.0 -999.0 -999.0 -999.0 -999 -999 "" ops_sky_apogee_best_unassigned ops_sky sky_apogee 0 0 0.0 0.0 -999 ""
FIBERMAP 1239 R0C25 BOSS 1 1 0 1 0 0 245.49203654740114 -17.265268617251674 143.1 102.37617251047868 223.77976563735172 296.6052 86.53611 23.314328283056486 -40.99093246092267 62.29668 -58.058823 4.9156756 23.31459042982497 -40.991090817320796 23.27938863356684 -40.84768880735192 59.97251932385424 237.6592895716147 5400.0 5400.0 2016.0 1 179 {-999.0 21.417757 19.441053 17.363813 -999.0} sdss_psfmag_gaia 20.059584 18.099333 16.792135 14.182 63050395808842245 1081542893 bright_flexible_2x1 mwm_snc_ext_filler_boss mwm_snc science 0 0 0.0 0.0 -999 ""
FIBERMAP 1239 R0C25 METROLOGY 0 0 0 1 0 0 245.58907996720825 -16.561175976276626 143.1 101.7510423557438 224.117885050682 296.6052 86.53611 -999.0 -999.0 -999.0 -999.0 -999.0 23.312143730963225 -40.990033380103526 23.276904222853034 -40.84663697948277 59.970909350541625 237.66214809479948 -999.0 6231.0 -999.0 -1 -999 {-999.0 -999.0 -999.0 -999.0 -999.0} "" -999.0 -999.0 -999.0 -999.0 -999 -999 "" "" "" "" 0 0 0.0 0.0 -999 ""
FIBERMAP 1244 R-7C12 APOGEE 0 0 0 1 0 0 50.73120837232077 -131.22569587557416 143.1 140.6763139313275 1.4136824732984394 49.57978 78.21496 -999.0 -999.0 -999.0 -999.0 -999.0 23.47655492086139 -41.66322081700225 23.439758227971367 -41.51983515869829 59.93854625633717 236.29699477535627 -999.0 16600.0 -999.0 2 163 {-999.0 -999.0 -999.0 -999.0 -999.0} "" -999.0 -999.0 -999.0 -999.0 -999 -999 "" ops_sky_apogee_best_unassigned ops_sky sky_apogee 0 0 0.0 0.0 -999 ""
FIBERMAP 1244 R-7C12 BOSS 1 1 0 1 0 0 51.19762144208001 -131.80106349786698 143.1 141.3787984731288 1.6483070159429078 49.57978 78.21496 23.479325972178827 -41.6625341200712 -0.14546409 -0.058076594 0.17818944 23.47931984716496 -41.66252073517224 23.442678309337396 -41.51910837907787 59.94084245183636 236.297372707391 5400.0 5400.0 2016.0 1 394 {-999.0 19.803139 19.61629 19.45672 19.340826} sdss_psfmag_from_gaiadr2 19.776869 19.61772 19.140108 -999.0 63050395808838899 1130401405 dark_flexible_3x1 bhm_gua_dark_d3 bhm_filler science 0 0 0.0 0.0 -999 ""
FIBERMAP 1244 R-7C12 METROLOGY 0 0 0 1 0 0 50.47510763118078 -131.9369259373851 143.1 141.2522690364059 0.9241384643603127 49.57978 78.21496 -999.0 -999.0 -999.0 -999.0 -999.0 23.478896790948507 -41.664712268438514 23.442207283043103 -41.521307336566835 59.93997984626342 236.29327365501163 -999.0 6231.0 -999.0 -1 -999 {-999.0 -999.0 -999.0 -999.0 -999.0} "" -999.0 -999.0 -999.0 -999.0 -999 -999 "" "" "" "" 0 0 0.0 0.0 -999 ""
FIBERMAP 1245 R-13C10 APOGEE 0 0 0 1 0 0 46.479161704799054 -237.72679624378236 143.1 238.89519146204236 -39.96819642432639 154.35112 81.45424 -999.0 -999.0 -999.0 -999.0 -999.0 23.875252934893727 -41.785479365829566 23.83726235733377 -41.64242571002046 60.197493250778024 235.9147047394809 -999.0 16600.0 -999.0 2 158 {-999.0 -999.0 -999.0 -999.0 -999.0} "" -999.0 -999.0 -999.0 -999.0 -999 -999 "" ops_sky_apogee_best_unassigned ops_sky sky_apogee 0 0 0.0 0.0 -999 ""
FIBERMAP 1245 R-13C10 BOSS 1 1 0 1 0 0 46.87874692420996 -237.09286956138192 143.1 238.44200061636977 -39.371461741917884 154.35112 81.45424 23.873291015624996 -41.78373357653703 -999.0 -999.0 -999.0 23.873273273334934 -41.78372645696601 23.83544970946423 -41.6406411440994 60.19662017853816 235.91885619799592 5400.0 5400.0 2015.5 1 439 {-999.0 -999.0 -999.0 -999.0 -999.0} "" -999.0 -999.0 -999.0 -999.0 27021603160871590 821783036 "" ops_sky_boss_good ops_sky sky_boss 0 0 0.0 0.0 -999 ""
FIBERMAP 1245 R-13C10 METROLOGY 0 0 0 1 0 0 47.22879842454512 -237.75243115341456 143.1 239.18244845170562 -39.27534830995179 154.35112 81.45424 -999.0 -999.0 -999.0 -999.0 -999.0 23.8763529073356 -41.78340290005989 23.83847697892503 -41.64032904354941 60.198889689860806 235.91834313518726 -999.0 6231.0 -999.0 -1 -999 {-999.0 -999.0 -999.0 -999.0 -999.0} "" -999.0 -999.0 -999.0 -999.0 -999 -999 "" "" "" "" 0 0 0.0 0.0 -999 ""
FIBERMAP 1248 R-10C3 APOGEE 0 0 0 1 0 0 -127.54076041715446 -180.88189225910014 143.1 124.56187870596288 -182.93238191170707 75.82079 102.467514 -999.0 -999.0 -999.0 -999.0 -999.0 23.415529002023646 -42.22186185874092 23.3780125424492 -42.07829325606546 59.757756715467735 235.2410505954091 -999.0 16600.0 -999.0 2 284 {-999.0 -999.0 -999.0 -999.0 -999.0} "" -999.0 -999.0 -999.0 -999.0 -999 -999 "" ops_sky_apogee_best_unassigned ops_sky sky_apogee 0 0 0.0 0.0 -999 ""
FIBERMAP 1248 R-10C3 BOSS 1 1 0 1 0 0 -126.7803929647447 -180.86477292882125 143.1 124.81287525936789 -182.21447273956602 75.82079 102.467514 23.416446194548698 -42.21973868762612 -999.0 -999.0 -999.0 23.41641057265701 -42.21975575047496 23.379058154479594 -42.07615703477446 59.75904441136522 235.24476919139542 5400.0 5400.0 2015.5 1 465 {-999.0 -999.0 -999.0 -999.0 -999.0} "" -999.0 -999.0 -999.0 -999.0 27021603160867967 821782798 "" ops_sky_boss_good ops_sky sky_boss 0 0 0.0 0.0 -999 ""
FIBERMAP 1248 R-10C3 METROLOGY 0 0 0 1 0 0 -127.15755937225083 -181.5179076256599 143.1 125.29192269126192 -182.7969631538914 75.82079 102.467514 -999.0 -999.0 -999.0 -999.0 -999.0 23.41844879230382 -42.22151738128898 23.381042199010608 -42.07792896358109 59.760024835371674 235.24062926748803 -999.0 6231.0 -999.0 -1 -999 {-999.0 -999.0 -999.0 -999.0 -999.0} "" -999.0 -999.0 -999.0 -999.0 -999 -999 "" "" "" "" 0 0 0.0 0.0 -999 ""
FIBERMAP 1250 R-9C17 APOGEE 0 0 0 1 0 0 146.9201575046229 -175.91923188642494 143.1 216.3003033567875 75.77558882700409 246.13255 37.25858 -999.0 -999.0 -999.0 -999.0 -999.0 23.778564068975093 -41.435911553110074 23.74136826725487 -41.29285045877596 60.21187911993016 236.6323410400396 -999.0 16600.0 -999.0 2 -999 {-999.0 -999.0 -999.0 -999.0 -999.0} "" -999.0 -999.0 -999.0 -999.0 -999 -999 "" "" "" "" 0 0 0.0 0.0 -999 ""
FIBERMAP 1250 R-9C17 BOSS 1 1 0 1 0 0 146.7517317510775 -175.1635795263339 143.1 215.53367316740955 75.88326826516844 246.13255 37.25858 23.775396089071624 -41.435634845445435 -999.0 -999.0 -999.0 23.775366846757446 -41.435623432489415 23.738338227164263 -41.2925306853511 60.209741247815415 236.63404273757482 5400.0 5400.0 2016.0 1 334 {-999.0 nan nan nan nan} undefined 17.674213 20.763693 17.487694 -999.0 63050395808840726 1131345284 dark_flexible_3x1 bhm_spiders_agn_lsdr10_d3 bhm_spiders science 0 0 0.0 0.0 -999 ""
FIBERMAP 1250 R-9C17 METROLOGY 0 0 0 1 0 0 147.45536046791187 -175.39668427626603 143.1 215.99901765470804 76.46018227354712 246.13255 37.25858 -999.0 -999.0 -999.0 -999.0 -999.0 23.777295649253002 -41.433844250803396 23.74022002091084 -41.29076183475855 60.21153091963923 236.63683545180191 -999.0 6231.0 -999.0 -1 -999 {-999.0 -999.0 -999.0 -999.0 -999.0} "" -999.0 -999.0 -999.0 -999.0 -999 -999 "" "" "" "" 0 0 0.0 0.0 -999 ""
FIBERMAP 1255 R-8C3 APOGEE 0 0 0 1 0 0 -165.6597679066956 -152.09118220407967 143.1 84.21988429159373 -208.51078894061828 123.80733 148.7751 -999.0 -999.0 -999.0 -999.0 -999.0 23.25105362639033 -42.30001522871999 23.21383579148909 -42.156282758334186 59.62030396472983 235.15199875042987 -999.0 16600.0 -999.0 2 282 {-999.0 -999.0 -999.0 -999.0 -999.0} "" -999.0 -999.0 -999.0 -999.0 -999 -999 "" ops_sky_apogee_best_unassigned ops_sky sky_apogee 0 0 0.0 0.0 -999 ""
FIBERMAP 1255 R-8C3 BOSS 1 1 0 1 0 0 -165.68325203301396 -151.3539569274775 143.1 83.52140690047595 -208.27387848580264 123.80733 148.7751 23.248038068201293 -42.29936640074614 3.1351883 -0.8145902 0.05526846 23.248049450800988 -42.299385996245164 23.21100443894494 -42.15561953063654 59.6184381531399 235.1543081815679 5400.0 5400.0 2016.0 1 463 {-999.0 18.235495 17.865791 17.751734 -999.0} sdss_psfmag_gaia 18.134773 17.886383 17.378721 16.62 63050395808837788 978676490 "" ops_std_boss ops_std standard_boss 0 0 0.0 0.0 -999 ""
FIBERMAP 1255 R-8C3 METROLOGY 0 0 0 1 0 0 -165.02540632466668 -151.71475950883627 143.1 84.090231018884 -207.78467372780966 123.80733 148.7751 -999.0 -999.0 -999.0 -999.0 -999.0 23.250435153509574 -42.297923275404884 23.213339782490323 -42.15416817781264 59.62047780963275 235.15622882254237 -999.0 6231.0 -999.0 -1 -999 {-999.0 -999.0 -999.0 -999.0 -999.0} "" -999.0 -999.0 -999.0 -999.0 -999 -999 "" "" "" "" 0 0 0.0 0.0 -999 ""
FIBERMAP 1257 R0C5 APOGEE 0 0 0 1 0 0 -196.7466280509433 -11.464249872734529 143.1 -58.359706827803464 -188.23085670128174 290.471 122.02588 -999.0 -999.0 -999.0 -999.0 -999.0 22.667250376292984 -42.239771528113096 22.631624709438597 -42.095544892491624 59.21652275611308 235.47562812060278 -999.0 16600.0 -999.0 2 278 {-999.0 -999.0 -999.0 -999.0 -999.0} "" -999.0 -999.0 -999.0 -999.0 -999 -999 "" ops_sky_apogee_best_unassigned ops_sky sky_apogee 0 0 0.0 0.0 -999 ""
FIBERMAP 1257 R0C5 BOSS 1 1 0 1 0 0 -197.2894354414778 -11.96910638755559 143.1 -58.07765499866118 -188.91635709496876 290.471 122.02588 22.668185676880054 -42.24193280656067 -999.0 -999.0 -999.0 22.668213515507944 -42.241927018258416 22.632749219645007 -42.09767014860517 59.21682432997815 235.47120605261662 5400.0 5400.0 2016.0 1 452 {-999.0 -999.0 -999.0 -999.0 -999.0} "" -999.0 -999.0 -999.0 -999.0 63050398044877331 1116315864 bright_1x1 openfibertargets_bhm_morexray_boss open_fiber science 0 0 0.0 0.0 -999 ""
FIBERMAP 1257 R0C5 METROLOGY 0 0 0 1 0 0 -197.45976520246293 -11.243060375398175 143.1 -58.817234766157895 -188.82085740065335 290.471 122.02588 -999.0 -999.0 -999.0 -999.0 -999.0 22.66522359410324 -42.24164979591064 22.629720059179817 -42.09739909327179 59.21470685919196 235.47277124807516 -999.0 6231.0 -999.0 -1 -999 {-999.0 -999.0 -999.0 -999.0 -999.0} "" -999.0 -999.0 -999.0 -999.0 -999 -999 "" "" "" "" 0 0 0.0 0.0 -999 ""
FIBERMAP 1258 R-12C12 APOGEE 0 0 0 1 0 0 110.37720425732131 -235.3258199944436 143.1 259.0868774201338 20.699786281543286 53.027275 42.78889 -999.0 -999.0 -999.0 -999.0 -999.0 23.953388386851433 -41.601125528373636 23.91549568818374 -41.458185813979554 60.29930754210088 236.24586553022456 -999.0 16600.0 -999.0 2 -999 {-999.0 -999.0 -999.0 -999.0 -999.0} "" -999.0 -999.0 -999.0 -999.0 -999 -999 "" "" "" "" 0 0 0.0 0.0 -999 ""
FIBERMAP 1258 R-12C12 BOSS 1 1 0 1 0 0 110.43988247877601 -236.09852448882702 143.1 259.83233649675134 20.487111929893327 53.027275 42.78889 23.9562928194546 -41.601753047661965 0.021618363 0.14818013 -0.15938094 23.95624091552792 -41.601769659663425 23.91849835389411 -41.45880275186435 60.301341048802016 236.24355600942727 5400.0 5400.0 2016.0 1 428 {-999.0 19.108898 18.898724 18.716568 18.57599} sdss_psfmag_from_gaiadr2 19.115723 18.910559 18.41051 -999.0 63050395808840408 1130401452 dark_flexible_3x1 bhm_gua_dark_d3 bhm_filler science 0 0 0.0 0.0 -999 ""
FIBERMAP 1258 R-12C12 METROLOGY 0 0 0 1 0 0 109.77203152429439 -235.76543821517248 143.1 259.28594826233217 19.97880635039846 53.027275 42.78889 -999.0 -999.0 -999.0 -999.0 -999.0 23.954185986638045 -41.603315132375705 23.916401250149818 -41.46035438782631 60.29944000354365 236.2412871909967 -999.0 6231.0 -999.0 -1 -999 {-999.0 -999.0 -999.0 -999.0 -999.0} "" -999.0 -999.0 -999.0 -999.0 -999 -999 "" "" "" "" 0 0 0.0 0.0 -999 ""
FIBERMAP 1259 R+6C4 APOGEE 0 0 0 1 0 0 -163.838040932036 110.86574000092611 143.1 -161.33489189118364 -114.46040743088686 176.06517 152.03496 -999.0 -999.0 -999.0 -999.0 -999.0 22.2477383008663 -42.01496071755626 22.213524122955334 -41.87042995259104 58.9666642723859 236.04267614185412 -999.0 16600.0 -999.0 2 -999 {-999.0 -999.0 -999.0 -999.0 -999.0} "" -999.0 -999.0 -999.0 -999.0 -999 -999 "" "" "" "" 0 0 0.0 0.0 -999 ""
FIBERMAP 1259 R+6C4 BOSS 1 1 0 1 0 0 -164.4911976478366 111.22906096153534 143.1 -161.9044271800497 -114.94433769952784 176.06517 152.03496 22.2452614346313 -42.016123425775305 -25.072313 -117.22742 1.5781825 22.2451832081291 -42.016471246488045 22.211142080320485 -41.87190881011694 58.96460188029183 236.04066050907005 5400.0 5400.0 2016.0 1 39 {-999.0 20.157913 18.776987 18.132566 -999.0} sdss_psfmag_gaia 19.633965 18.69088 17.76665 15.745 63050395808353313 1136521267 dark_flexible_3x1 mwm_halo_local_high_boss_triple mwm_halo science 0 0 0.0 0.0 -999 ""
FIBERMAP 1259 R+6C4 METROLOGY 0 0 0 1 0 0 -163.8184576780277 111.61347973703657 143.1 -162.0280891571562 -114.17948250893204 176.06517 152.03496 -999.0 -999.0 -999.0 -999.0 -999.0 22.244711037882713 -42.01416138377311 22.210626693942572 -41.86960735677559 58.96474870069021 236.04517711266016 -999.0 6231.0 -999.0 -1 -999 {-999.0 -999.0 -999.0 -999.0 -999.0} "" -999.0 -999.0 -999.0 -999.0 -999 -999 "" "" "" "" 0 0 0.0 0.0 -999 ""
FIBERMAP 1262 R-5C7 APOGEE 0 0 0 1 0 0 -119.3735793136593 -97.33330781586696 143.1 49.20730150805619 -145.9453688987201 219.93623 70.6403 -999.0 -999.0 -999.0 -999.0 -999.0 23.107130337016294 -42.111719049195926 23.07057351531745 -41.96790312877546 59.563718992447164 235.56452289630755 -999.0 16600.0 -999.0 2 293 {-999.0 -999.0 -999.0 -999.0 -999.0} "" -999.0 -999.0 -999.0 -999.0 -999 -999 "" "" "" "" 0 0 0.0 0.0 -999 ""
FIBERMAP 1262 R-5C7 BOSS 1 1 0 1 0 0 -119.6140973093857 -96.60926903835083 143.1 48.444952432953464 -145.91628813253845 219.93623 70.6403 23.10391705155326 -42.111730053970845 -999.0 -999.0 -999.0 23.103877519322364 -42.11173437386435 23.06749332568546 -41.967884999983234 59.561501816253056 235.56565579985687 5400.0 5400.0 2016.0 1 482 {-999.0 18.689308 17.804823 17.362066 17.039001} sdss_fiber2mag_from_lsdr10 1e+20 1e+20 1e+20 -999.0 63050396614217679 1058550598 dark_flexible_2x1 bhm_spiders_agn_lsdr10 bhm_spiders science 0 0 0.0 0.0 -999 ""
FIBERMAP 1262 R-5C7 METROLOGY 0 0 0 1 0 0 -118.88915276703653 -96.75971329382668 143.1 48.840391340492786 -145.2903885153593 219.93623 70.6403 -999.0 -999.0 -999.0 -999.0 -999.0 23.10554188331402 -42.10984359691547 23.069109775533832 -41.966004791245325 59.56312438072368 235.56867985119527 -999.0 6231.0 -999.0 -1 -999 {-999.0 -999.0 -999.0 -999.0 -999.0} "" -999.0 -999.0 -999.0 -999.0 -999 -999 "" "" "" "" 0 0 0.0 0.0 -999 ""
FIBERMAP 1263 R-7C13 APOGEE 0 0 0 1 0 0 61.52012808692621 -124.14042088895383 143.1 137.83153053018611 14.003049335932594 64.62992 118.248924 -999.0 -999.0 -999.0 -999.0 -999.0 23.464632691478883 -41.62509520270866 23.42792518669785 -41.48170765397614 59.938922405347625 236.37513435170132 -999.0 16600.0 -999.0 2 176 {-999.0 -999.0 -999.0 -999.0 -999.0} "" -999.0 -999.0 -999.0 -999.0 -999 -999 "" ops_sky_apogee_best_unassigned ops_sky sky_apogee 0 0 0.0 0.0 -999 ""
FIBERMAP 1263 R-7C13 BOSS 1 1 0 1 0 0 62.28109284802436 -124.0914416051854 143.1 138.05290782967413 14.732706267220383 64.62992 118.248924 23.46542358398437 -41.622916905364065 -999.0 -999.0 -999.0 23.465431353587352 -41.62289864250812 23.428886225103554 -41.47948314830416 59.94014517422738 236.37911288066636 5400.0 5400.0 2015.5 1 419 {-999.0 -999.0 -999.0 -999.0 -999.0} "" -999.0 -999.0 -999.0 -999.0 27021603160871937 813986813 "" ops_sky_boss_good ops_sky sky_boss 0 0 0.0 0.0 -999 ""
FIBERMAP 1263 R-7C13 METROLOGY 0 0 0 1 0 0 61.941602636188115 -124.75804390727512 143.1 138.5577954285628 14.180760818378857 64.62992 118.248924 -999.0 -999.0 -999.0 -999.0 -999.0 23.467559599340454 -41.624551942798476 23.430960945526294 -41.48114622964441 59.94126495147905 236.37515616976992 -999.0 6231.0 -999.0 -1 -999 {-999.0 -999.0 -999.0 -999.0 -999.0} "" -999.0 -999.0 -999.0 -999.0 -999 -999 "" "" "" "" 0 0 0.0 0.0 -999 ""
FIBERMAP 1268 R0C1 APOGEE 0 0 0 1 0 0 -273.9879494325816 9.84376797521375 143.1 -105.43490932843524 -253.0654547007821 79.65028 55.80696 -999.0 -999.0 -999.0 -999.0 -999.0 22.47445239735066 -42.43420744486436 22.439030802886748 -42.2897719979324 59.03133042227033 235.17507958678976 -999.0 16600.0 -999.0 2 254 {-999.0 -999.0 -999.0 -999.0 -999.0} "" -999.0 -999.0 -999.0 -999.0 -999 -999 "" ops_sky_apogee_best_unassigned ops_sky sky_apogee 0 0 0.0 0.0 -999 ""
FIBERMAP 1268 R0C1 BOSS 1 1 0 1 0 0 -273.4805120871669 9.32258170005866 143.1 -104.7687454633291 -252.7733936901697 79.65028 55.80696 22.47698572630084 -42.433378849499306 -0.54395777 0.527606 -0.60196614 22.477015684792136 -42.433366045789064 22.4417574628049 -42.28890190292664 59.03349789466638 235.1757740095166 5400.0 5400.0 2016.0 1 524 {-999.0 19.79538 19.66897 19.570377 19.48293} sdss_psfmag_from_lsdr10 20.037148 19.951307 19.560814 -999.0 63050395808351883 1131335229 dark_flexible_3x1 bhm_spiders_agn_lsdr10_d3 bhm_spiders science 0 0 0.0 0.0 -999 ""
FIBERMAP 1268 R0C1 METROLOGY 0 0 0 1 0 0 -274.1595838236446 9.124495697594751 143.1 -104.82176191019416 -253.47874098546947 79.65028 55.80696 -999.0 -999.0 -999.0 -999.0 -999.0 22.47681714167796 -42.43552118202998 22.441508374289754 -42.29106517497664 59.032796667280586 235.17178066184212 -999.0 6231.0 -999.0 -1 -999 {-999.0 -999.0 -999.0 -999.0 -999.0} "" -999.0 -999.0 -999.0 -999.0 -999 -999 "" "" "" "" 0 0 0.0 0.0 -999 ""
FIBERMAP 1269 R+7C9 APOGEE 0 0 0 1 0 0 -12.689399101440252 135.5974608125728 143.1 -131.40993691594275 35.738391137619715 59.762234 42.231697 -999.0 -999.0 -999.0 -999.0 -999.0 22.372245097879393 -41.56022484056656 22.33838152945367 -41.41590269674569 59.158104799522505 236.8648362236333 -999.0 16600.0 -999.0 2 139 {-999.0 -999.0 -999.0 -999.0 -999.0} "" -999.0 -999.0 -999.0 -999.0 -999 -999 "" ops_sky_apogee_best_unassigned ops_sky sky_apogee 0 0 0.0 0.0 -999 ""
FIBERMAP 1269 R+7C9 BOSS 1 1 0 1 0 0 -12.53101387292011 134.85934839128498 143.1 -130.66325458339372 35.62747086258765 59.762234 42.231697 22.375030517578125 -41.56057191681049 -999.0 -999.0 -999.0 22.375013551685218 -41.56058173233848 22.34130914190746 -41.416234232957855 59.16017709735801 236.8632809956128 5400.0 5400.0 2015.5 1 136 {-999.0 -999.0 -999.0 -999.0 -999.0} "" -999.0 -999.0 -999.0 -999.0 27021603161555883 821851282 "" ops_sky_boss_good ops_sky sky_boss 0 0 0.0 0.0 -999 ""
FIBERMAP 1269 R+7C9 METROLOGY 0 0 0 1 0 0 -13.239134643032521 135.09826412549373 143.1 -131.13561714115036 35.0483918423408 59.762234 42.231697 -999.0 -999.0 -999.0 -999.0 -999.0 22.373117186982416 -41.562320539108185 22.339367794591283 -41.417978862782505 59.15837915892409 236.8605706436938 -999.0 6231.0 -999.0 -1 -999 {-999.0 -999.0 -999.0 -999.0 -999.0} "" -999.0 -999.0 -999.0 -999.0 -999 -999 "" "" "" "" 0 0 0.0 0.0 -999 ""
FIBERMAP 1273 R+2C9 APOGEE 1 1 0 1 0 0 -90.63179608484052 59.21750246474677 143.1 -87.27056234428709 -64.05849558954442 145.80734 50.60167 22.549835285662134 -41.863515497133946 8.011843 -39.158005 2.9659956 22.54986936539447 -41.863607182038386 22.515108445854082 -41.7193663253542 59.21988908542455 236.22993368323273 16000.0 16600.0 2016.0 2 32 {-999.0 12.227399 11.778064 11.641522 -999.0} sdss_psfmag_from_g3xp 12.138099 11.805426 11.308439 10.437 63050395808839349 1103516180 bright_flexible_2x1 mwm_tess_2min_apogee mwm_planet science 0 0 0.0 0.0 -999 ""
FIBERMAP 1273 R+2C9 BOSS 0 0 0 1 0 0 -89.93189371469263 59.4677121986181 143.1 -87.25903169288418 -63.3153407988679 145.80734 50.60167 -999.0 -999.0 -999.0 -999.0 -999.0 22.549692658524215 -41.8614161977367 22.51510205416173 -41.71714672089894 59.220388103975694 236.23416001497642 -999.0 5400.0 -999.0 1 54 {-999.0 -999.0 -999.0 -999.0 -999.0} "" -999.0 -999.0 -999.0 -999.0 -999 -999 "" "" "" "" 0 0 0.0 0.0 -999 ""
FIBERMAP 1273 R+2C9 METROLOGY 0 0 0 1 0 0 -90.06914967681605 58.72356180870809 143.1 -86.61051907664292 -63.70517678928267 145.80734 50.60167 -999.0 -999.0 -999.0 -999.0 -999.0 22.552365993530003 -41.86260413634203 22.517719603292562 -41.71834487016581 59.22201906836703 236.23101328380062 -999.0 6231.0 -999.0 -1 -999 {-999.0 -999.0 -999.0 -999.0 -999.0} "" -999.0 -999.0 -999.0 -999.0 -999 -999 "" "" "" "" 0 0 0.0 0.0 -999 ""
FIBERMAP 1275 R-6C7 APOGEE 0 0 0 1 0 0 -82.78839595874574 -104.90349629918983 143.1 69.14284726421656 -114.35082311853301 62.51604 113.09704 -999.0 -999.0 -999.0 -999.0 -999.0 23.18816613451967 -42.01577353847252 23.15155112139837 -41.87205087036076 59.645400343368365 235.7194714069166 -999.0 16600.0 -999.0 2 246 {-999.0 -999.0 -999.0 -999.0 -999.0} "" -999.0 -999.0 -999.0 -999.0 -999 -999 "" ops_sky_apogee_best_unassigned ops_sky sky_apogee 0 0 0.0 0.0 -999 ""
FIBERMAP 1275 R-6C7 BOSS 1 1 0 1 0 0 -82.04556016029349 -104.95294424223766 143.1 69.45001097041391 -113.67270501753406 62.51604 113.09704 23.1893063443327 -42.01378738145761 -1.3832763 1.0870644 -1.3894217 23.189291838421145 -42.013799695032425 23.15284060909869 -41.87004814566325 59.646815944979295 235.72285810018963 5400.0 5400.0 2016.0 1 505 {-999.0 21.150005 20.89037 20.655983 20.465176} sdss_psfmag_from_gaiadr2 20.705908 20.928812 19.872013 -999.0 63050395808838207 1130401384 dark_flexible_3x1 bhm_gua_dark_d3 bhm_filler science 0 0 0.0 0.0 -999 ""
FIBERMAP 1275 R-6C7 METROLOGY 0 0 0 1 0 0 -82.46220775340944 -105.57142294680717 143.1 69.88274664520237 -114.27998942368075 62.51604 113.09704 -999.0 -999.0 -999.0 -999.0 -999.0 23.191123477719934 -42.01563594810413 23.154618384543426 -41.87189417825536 59.64765452943013 235.71868019937745 -999.0 6231.0 -999.0 -1 -999 {-999.0 -999.0 -999.0 -999.0 -999.0} "" -999.0 -999.0 -999.0 -999.0 -999 -999 "" "" "" "" 0 0 0.0 0.0 -999 ""
FIBERMAP 1278 R+2C4 APOGEE 0 0 0 1 0 0 -216.96681369283797 42.53638689685691 143.1 -116.01892244898954 -188.19823545757353 184.9455 96.911705 -999.0 -999.0 -999.0 -999.0 -999.0 22.431520192674284 -42.23881460385877 22.396502478408593 -42.094387459916625 59.047313257230996 235.55852381669024 -999.0 16600.0 -999.0 2 -999 {-999.0 -999.0 -999.0 -999.0 -999.0} "" -999.0 -999.0 -999.0 -999.0 -999 -999 "" "" "" "" 0 0 0.0 0.0 -999 ""
FIBERMAP 1278 R+2C4 BOSS 1 1 0 1 0 0 -217.1501754571309 43.201987615411824 143.1 -116.70648661306937 -188.13616411067596 184.9455 96.911705 22.428478365398668 -42.238668243016185 -999.0 -999.0 -999.0 22.42851308828164 -42.23867956615614 22.393671727481376 -42.09421964977327 59.04531122535336 235.5598021118826 5400.0 5400.0 2016.0 1 35 {-999.0 -999.0 -999.0 -999.0 -999.0} "" -999.0 -999.0 -999.0 -999.0 63050397329930207 1116313218 dark_1x1 openfibertargets_bhm_morexray_boss open_fiber science 0 0 0.0 0.0 -999 ""
FIBERMAP 1278 R+2C4 METROLOGY 0 0 0 1 0 0 -216.41531249936097 43.041703283281834 143.1 -116.29835175935912 -187.50443395726268 184.9455 96.911705 -999.0 -999.0 -999.0 -999.0 -999.0 22.430207803281615 -42.23680356695252 22.395317144895387 -42.092354091939455 59.04693693825932 235.56276865840448 -999.0 6231.0 -999.0 -1 -999 {-999.0 -999.0 -999.0 -999.0 -999.0} "" -999.0 -999.0 -999.0 -999.0 -999 -999 "" "" "" "" 0 0 0.0 0.0 -999 ""
FIBERMAP 1279 R-5C22 APOGEE 0 0 0 1 0 0 244.31572213694068 -98.80082777636908 143.1 178.3010874310222 194.04491197318328 308.34506 150.56139 -999.0 -999.0 -999.0 -999.0 -999.0 23.61990160894319 -41.079620044832765 23.583653239110845 -40.93649744387556 60.17759689605995 237.38492605533338 -999.0 16600.0 -999.0 2 236 {-999.0 -999.0 -999.0 -999.0 -999.0} "" -999.0 -999.0 -999.0 -999.0 -999 -999 "" ops_sky_apogee_best_unassigned ops_sky sky_apogee 0 0 0.0 0.0 -999 ""
FIBERMAP 1279 R-5C22 BOSS 1 1 0 1 0 0 244.459304809982 -99.5324398207864 143.1 179.03648542108704 193.92241553488284 308.34506 150.56139 23.622689620124657 -41.0799900091781 2.8325088 -1.3570509 0.43446517 23.622690650546655 -41.08000331435124 23.586593424293028 -40.93685585548383 60.17968300606384 237.38323171217084 5400.0 5400.0 2016.0 1 346 {-999.0 16.831995 16.499315 16.400171 -999.0} sdss_psfmag_gaia 16.793114 16.514868 16.077127 15.199 63050395808842044 975972650 "" ops_std_boss ops_std standard_boss 0 0 0.0 0.0 -999 ""
FIBERMAP 1279 R-5C22 METROLOGY 0 0 0 1 0 0 243.74844047569547 -99.27701653920431 143.1 178.54770412211076 193.34656493460167 308.34506 150.56139 -999.0 -999.0 -999.0 -999.0 -999.0 23.620856949090125 -41.08170052287326 23.584716679693997 -40.93855874870506 60.17792252942891 237.3805259478961 -999.0 6231.0 -999.0 -1 -999 {-999.0 -999.0 -999.0 -999.0 -999.0} "" -999.0 -999.0 -999.0 -999.0 -999 -999 "" "" "" "" 0 0 0.0 0.0 -999 ""
FIBERMAP 1282 R+11C4 APOGEE 0 0 0 1 0 0 -91.92064218552841 219.76990678105034 143.1 -238.0410427882091 -8.882652376920852 18.163172 134.50189 -999.0 -999.0 -999.0 -999.0 -999.0 21.940241454169104 -41.69311201228599 21.9072781540616 -41.54839907555192 58.81426082744842 236.74784480824064 -999.0 16600.0 -999.0 2 148 {-999.0 -999.0 -999.0 -999.0 -999.0} "" -999.0 -999.0 -999.0 -999.0 -999 -999 "" ops_sky_apogee_best_unassigned ops_sky sky_apogee 0 0 0.0 0.0 -999 ""
FIBERMAP 1282 R+11C4 BOSS 1 1 0 1 0 0 -91.27750005020508 219.44993799165547 143.1 -237.51561305645112 -8.392873956885717 18.163172 134.50189 21.94166811138578 -41.69160519082436 30.275629 -21.926743 2.548808 21.942167254703744 -41.69167421986964 21.909370528384272 -41.54693562725688 58.81610199640761 236.74996386266048 5400.0 5400.0 2016.0 1 151 {-999.0 17.409925 16.003777 15.338924 -999.0} sdss_psfmag_gaia 16.845865 15.9056 14.947036 13.05 63050395809334211 1126936040 bright_1x1 openfibertargets_mwm_snc_further_ext_boss open_fiber science 0 0 0.938010573387146 0.0 -999 ""
FIBERMAP 1282 R+11C4 METROLOGY 0 0 0 1 0 0 -91.88775590002355 219.03466183566758 143.1 -237.34111765565788 -9.110064571070637 18.163172 134.50189 -999.0 -999.0 -999.0 -999.0 -999.0 21.942836679173215 -41.693843805597275 21.909987140136764 -41.549113077312484 58.81609013180252 236.74566521644653 -999.0 6231.0 -999.0 -1 -999 {-999.0 -999.0 -999.0 -999.0 -999.0} "" -999.0 -999.0 -999.0 -999.0 -999 -999 "" "" "" "" 0 0 0.0 0.0 -999 ""
FIBERMAP 1283 R+3C24 APOGEE 0 0 0 1 0 0 261.6959843495881 78.27692474291837 143.1 18.614866975364976 272.50313132965834 133.37248 48.73515 -999.0 -999.0 -999.0 -999.0 -999.0 22.97844091656124 -40.84531339610203 22.944123538443534 -40.701675499758046 59.75491117615034 238.04974070266468 -999.0 16600.0 -999.0 2 85 {-999.0 -999.0 -999.0 -999.0 -999.0} "" -999.0 -999.0 -999.0 -999.0 -999 -999 "" ops_sky_apogee_best_unassigned ops_sky sky_apogee 0 0 0.0 0.0 -999 ""
FIBERMAP 1283 R+3C24 BOSS 1 1 0 1 0 0 262.4346909187025 78.3132262721777 143.1 18.84029728050935 273.2074967817427 133.37248 48.73515 22.978742641212733 -40.84325656656376 0.85394657 3.970684 3.4874196 22.97917204630931 -40.84323836726556 22.94501732010434 -40.69957596211275 59.756004836958766 238.05354464306225 5400.0 5400.0 2016.0 1 258 {-999.0 16.40406 15.144656 14.590074 -999.0} sdss_psfmag_gaia 15.872932 15.106868 14.152114 -999.0 63050395809809387 1078733846 bright_flexible_2x1 mwm_snc_ext_filler_boss mwm_snc science 0 0 1.1450010538101196 0.0 -999 ""
FIBERMAP 1283 R+3C24 METROLOGY 0 0 0 1 0 0 262.12046491730524 77.64168916706393 143.1 19.358677353648414 272.67747206040536 133.37248 48.73515 -999.0 -999.0 -999.0 -999.0 -999.0 22.9813002616614 -40.84476394507543 22.9470923153454 -40.701110303112536 59.75722993180638 238.049922674319 -999.0 6231.0 -999.0 -1 -999 {-999.0 -999.0 -999.0 -999.0 -999.0} "" -999.0 -999.0 -999.0 -999.0 -999 -999 "" "" "" "" 0 0 0.0 0.0 -999 ""
FIBERMAP 1284 R+4C21 APOGEE 0 0 0 1 0 0 220.3727693032784 74.56952282770438 143.1 7.574118564872397 232.51213764367895 32.66373 67.84102 -999.0 -999.0 -999.0 -999.0 -999.0 22.934576419560727 -40.96545008215622 22.900188475612765 -40.82174637522917 59.697564926518645 237.8303224611073 -999.0 16600.0 -999.0 2 116 {-999.0 -999.0 -999.0 -999.0 -999.0} "" -999.0 -999.0 -999.0 -999.0 -999 -999 "" ops_sky_apogee_best_unassigned ops_sky sky_apogee 0 0 0.0 0.0 -999 ""
FIBERMAP 1284 R+4C21 BOSS 1 1 0 1 0 0 220.53226720586147 73.84185763234257 143.1 8.311410385151031 232.40592795414753 32.66373 67.84102 22.936980415535174 -40.96578366604424 26.975689 11.447327 0.8038363 22.9373726241134 -40.96575877107478 22.903139261522256 -40.82203139050395 59.69968993527135 237.8288501464865 5400.0 5400.0 2016.0 1 201 {-999.0 16.689215 16.140009 15.952558 -999.0} sdss_psfmag_gaia 16.566587 16.178175 15.618822 14.648 63050395809809085 1136529820 dark_flexible_3x1 mwm_halo_local_high_boss_triple mwm_halo science 0 0 0.7649191617965698 0.0 -999 ""
FIBERMAP 1284 R+4C21 METROLOGY 0 0 0 1 0 0 219.82202549584127 74.07258221872216 143.1 7.845971995882246 231.82198664106784 32.66373 67.84102 -999.0 -999.0 -999.0 -999.0 -999.0 22.935557889706242 -40.96747186245437 22.90128057416564 -40.82374988428738 59.69795692155181 237.82609796139553 -999.0 6231.0 -999.0 -1 -999 {-999.0 -999.0 -999.0 -999.0 -999.0} "" -999.0 -999.0 -999.0 -999.0 -999 -999 "" "" "" "" 0 0 0.0 0.0 -999 ""
FIBERMAP 1288 R-12C5 APOGEE 0 0 0 1 0 0 -60.50929194501543 -221.5784376235139 143.1 186.20419240435442 -134.46563314159246 59.588097 117.41397 -999.0 -999.0 -999.0 -999.0 -999.0 23.66546022813689 -42.073402485842976 23.62754163515666 -41.93009214090323 59.974458694675526 235.43403196532995 -999.0 16600.0 -999.0 2 -999 {-999.0 -999.0 -999.0 -999.0 -999.0} "" -999.0 -999.0 -999.0 -999.0 -999 -999 "" "" "" "" 0 0 0.0 0.0 -999 ""
FIBERMAP 1288 R-12C5 BOSS 1 1 0 1 0 0 -59.78123219944307 -221.60611602315342 143.1 186.48578525364704 -133.79370418975557 59.588097 117.41397 23.666427329422735 -42.071425454566004 3.60887 -3.3849807 2.3109038 23.66646362616933 -42.07141370573552 23.628706834562138 -41.928073612838666 59.97580471067208 235.43750163085483 5400.0 5400.0 2016.0 1 427 {-999.0 22.277819 20.38053 19.014757 -999.0} sdss_psfmag_gaia 21.185575 19.727942 18.469582 16.148 63050395808834680 1094360746 bright_1x1 mwm_bin_vis_boss mwm_filler science 0 0 0.0 0.0 -999 ""
FIBERMAP 1288 R-12C5 METROLOGY 0 0 0 1 0 0 -60.16612617041666 -222.24306945237868 143.1 186.9469691524007 -134.37774705686337 59.588097 117.41397 -999.0 -999.0 -999.0 -999.0 -999.0 23.66843961654199 -42.07317228855568 23.630629328454063 -41.92984238424846 59.97674491218817 235.43336199669065 -999.0 6231.0 -999.0 -1 -999 {-999.0 -999.0 -999.0 -999.0 -999.0} "" -999.0 -999.0 -999.0 -999.0 -999 -999 "" "" "" "" 0 0 0.0 0.0 -999 ""
FIBERMAP 1292 R-8C6 APOGEE 0 0 0 1 0 0 -80.05738494758108 -147.47769383768144 143.1 109.96219122272427 -126.74503961627768 33.571815 123.21741 -999.0 -999.0 -999.0 -999.0 -999.0 23.3549136441006 -42.0524730581173 23.317817415844843 -41.90888946770022 59.756477392155986 235.588914084343 -999.0 16600.0 -999.0 2 -999 {-999.0 -999.0 -999.0 -999.0 -999.0} "" -999.0 -999.0 -999.0 -999.0 -999 -999 "" "" "" "" 0 0 0.0 0.0 -999 ""
FIBERMAP 1292 R-8C6 BOSS 1 1 0 1 0 0 -79.33801587990592 -147.76360200420396 143.1 110.48250080214265 -126.17193205554155 33.571815 123.21741 23.35693124320989 -42.050808048970495 -0.13116358 0.06915814 0.2195691 23.3569190954288 -42.05080526379349 23.31998316939314 -41.907193171266144 59.75845614936638 235.5913937780237 5400.0 5400.0 2016.0 1 363 {-999.0 19.026434 19.08249 19.057903 19.028063} sdss_psfmag_from_lsdr10 19.0442 19.043522 18.652134 -999.0 63050395808838394 1131340244 dark_flexible_3x1 bhm_spiders_agn_lsdr10_d3 bhm_spiders science 0 0 0.0 0.0 -999 ""
FIBERMAP 1292 R-8C6 METROLOGY 0 0 0 1 0 0 -79.95893545357657 -148.21918282204086 143.1 110.69098674344868 -126.91326075139227 33.571815 123.21741 -999.0 -999.0 -999.0 -999.0 -999.0 23.357848084252016 -42.053050523928036 23.32086015295016 -41.90944742459824 59.75853562121273 235.58673676050046 -999.0 6231.0 -999.0 -1 -999 {-999.0 -999.0 -999.0 -999.0 -999.0} "" -999.0 -999.0 -999.0 -999.0 -999 -999 "" "" "" "" 0 0 0.0 0.0 -999 ""
FIBERMAP 1293 R+1C5 APOGEE 0 0 0 1 0 0 -206.69867103525812 12.585481670528914 143.1 -84.37131158244001 -189.1027535155486 234.73027 79.73266 -999.0 -999.0 -999.0 -999.0 -999.0 22.560850264423816 -42.24210145107377 22.52549473788895 -42.09778336784143 59.13951016982898 235.50803096676322 -999.0 16600.0 -999.0 2 39 {-999.0 -999.0 -999.0 -999.0 -999.0} "" -999.0 -999.0 -999.0 -999.0 -999 -999 "" ops_sky_apogee_best_unassigned ops_sky sky_apogee 0 0 0.0 0.0 -999 ""
FIBERMAP 1293 R+1C5 BOSS 1 1 0 1 0 0 -207.22580633086807 13.09476599798726 143.1 -85.03324969276461 -189.41743652162586 234.73027 79.73266 22.557926110867072 -42.243098011801095 1.7800761 -7.726697 1.0903399 22.557945621836577 -42.243118606602536 22.522763753636127 -42.09876738065711 59.137308027594706 235.5071061302727 5400.0 5400.0 2016.0 1 65 {-999.0 20.084063 20.499674 20.765263 -999.0} sdss_psfmag_gaia 20.292095 20.312769 20.524248 -999.0 63050395808352892 1092749255 dark_flexible_2x1 mwm_cb_swiftuvot_boss mwm_cb science 0 0 0.0 0.0 -999 ""
FIBERMAP 1293 R+1C5 METROLOGY 0 0 0 1 0 0 -206.53042516460528 13.324230147958453 143.1 -85.00388364993994 -188.68580012738278 234.73027 79.73266 -999.0 -999.0 -999.0 -999.0 -999.0 22.558099345794737 -42.24093083180112 22.522872839358513 -42.09658886820958 59.137904142761734 235.51119388852092 -999.0 6231.0 -999.0 -1 -999 {-999.0 -999.0 -999.0 -999.0 -999.0} "" -999.0 -999.0 -999.0 -999.0 -999 -999 "" "" "" "" 0 0 0.0 0.0 -999 ""
FIBERMAP 1294 R+13C4 APOGEE 0 0 0 1 0 0 -64.12050322556357 266.3132164984332 143.1 -271.8546054399083 33.490348353332074 95.42521 54.940765 -999.0 -999.0 -999.0 -999.0 -999.0 21.806347334039156 -41.56387003092963 21.773907500253756 -41.41907656137653 58.74368478143971 237.0322096104274 -999.0 16600.0 -999.0 2 53 {-999.0 -999.0 -999.0 -999.0 -999.0} "" -999.0 -999.0 -999.0 -999.0 -999 -999 "" ops_sky_apogee_best_unassigned ops_sky sky_apogee 0 0 0.0 0.0 -999 ""
FIBERMAP 1294 R+13C4 BOSS 1 1 0 1 0 0 -63.51049630000479 265.8741336677312 143.1 -271.2292910534639 33.90727351924803 95.42521 54.940765 21.808114092848175 -41.562715457500644 52.02564 18.90179 4.345355 21.808717824323715 -41.562657766864454 21.77644345439711 -41.417839600394316 58.745801230551436 237.03378390622083 5400.0 5400.0 2016.0 1 90 {-999.0 17.175991 15.6296835 14.836538 -999.0} sdss_psfmag_gaia 16.503166 15.448154 14.419726 12.429 63050395809335198 1092649262 bright_flexible_2x1 mwm_cb_galex_vol_boss mwm_cb science 0 0 1.0755102634429932 0.0 -999 ""
FIBERMAP 1294 R+13C4 METROLOGY 0 0 0 1 0 0 -64.21320850551498 265.5645021844298 143.1 -271.18617459477395 33.14062037556744 95.42521 54.940765 -999.0 -999.0 -999.0 -999.0 -999.0 21.80882927371759 -41.564962068819064 21.77650325685454 -41.42015108926146 58.745366877290905 237.0294072989355 -999.0 6231.0 -999.0 -1 -999 {-999.0 -999.0 -999.0 -999.0 -999.0} "" -999.0 -999.0 -999.0 -999.0 -999 -999 "" "" "" "" 0 0 0.0 0.0 -999 ""
FIBERMAP 1295 R-12C3 APOGEE 0 0 0 1 0 0 -121.96849591050236 -250.21431383411021 143.1 191.43150951243035 -202.06337220453304 291.5121 55.690186 -999.0 -999.0 -999.0 -999.0 -999.0 23.688465686492897 -42.27701678856199 23.650163948042916 -42.13368032744872 59.93895398978149 235.03221434905475 -999.0 16600.0 -999.0 2 -999 {-999.0 -999.0 -999.0 -999.0 -999.0} "" -999.0 -999.0 -999.0 -999.0 -999 -999 "" "" "" "" 0 0 0.0 0.0 -999 ""
FIBERMAP 1295 R-12C3 BOSS 1 1 0 1 0 0 -122.73384905323461 -250.0699930104366 143.1 191.02761306753231 -202.72925496098787 291.5121 55.690186 23.686642664311766 -42.2790666883487 4.5266986 -3.9367766 3.0567083 23.686658991467493 -42.279057420773555 23.648520305411807 -42.13568692992018 59.93725986240284 235.02896954501819 5400.0 5400.0 2016.0 1 425 {-999.0 22.26491 20.41672 19.17968 -999.0} sdss_psfmag_gaia 21.155802 19.879578 18.561922 16.076 63050395808834361 1121037658 dark_1x1 openfibertargets_mwm_snc_further_ext_boss open_fiber science 0 0 0.0 0.0 -999 ""
FIBERMAP 1295 R-12C3 METROLOGY 0 0 0 1 0 0 -122.18659412578944 -249.49882002890664 143.1 190.68503404552214 -202.0163016337765 291.5121 55.690186 -999.0 -999.0 -999.0 -999.0 -999.0 23.685347124596642 -42.27695884703235 23.64716932522714 -42.13359670974265 59.93682948395521 235.03351610826027 -999.0 6231.0 -999.0 -1 -999 {-999.0 -999.0 -999.0 -999.0 -999.0} "" -999.0 -999.0 -999.0 -999.0 -999 -999 "" "" "" "" 0 0 0.0 0.0 -999 ""
FIBERMAP 1297 R+11C13 APOGEE 0 0 0 1 0 0 102.7675158456183 225.23656255249887 143.1 -174.788953327202 175.31472779881645 72.13063 126.07267 -999.0 -999.0 -999.0 -999.0 -999.0 22.202081503283946 -41.1373349520307 22.169256581849595 -40.992966371392036 59.1218109315824 237.7229668989692 -999.0 16600.0 -999.0 2 123 {-999.0 -999.0 -999.0 -999.0 -999.0} "" -999.0 -999.0 -999.0 -999.0 -999 -999 "" ops_sky_apogee_best_unassigned ops_sky sky_apogee 0 0 0.0 0.0 -999 ""
FIBERMAP 1297 R+11C13 BOSS 1 1 0 1 0 0 103.46174233801415 225.47466773734396 143.1 -174.76808298619702 176.04831766927947 72.13063 126.07267 22.20199584960937 -41.135111468402926 -999.0 -999.0 -999.0 22.202011253559125 -41.13513528107375 22.169356015122048 -40.99074136154467 59.122332041800675 237.72718432369726 5400.0 5400.0 2015.5 1 104 {-999.0 -999.0 -999.0 -999.0 -999.0} "" -999.0 -999.0 -999.0 -999.0 27021603161556658 821851325 "" ops_sky_boss_good ops_sky sky_boss 0 0 0.0 0.0 -999 ""
FIBERMAP 1297 R+11C13 METROLOGY 0 0 0 1 0 0 103.34262451281178 224.7511601860166 143.1 -174.13252759336387 175.68271290434197 72.13063 126.07267 -999.0 -999.0 -999.0 -999.0 -999.0 22.204547309452803 -41.13620545181618 22.171837073565314 -40.99182071239506 59.12394935250803 237.7243900270235 -999.0 6231.0 -999.0 -1 -999 {-999.0 -999.0 -999.0 -999.0 -999.0} "" -999.0 -999.0 -999.0 -999.0 -999 -999 "" "" "" "" 0 0 0.0 0.0 -999 ""
FIBERMAP 1298 R+9C18 APOGEE 0 0 0 1 0 0 186.3309767570545 192.47174250128103 143.1 -114.76707282934987 242.04507452969227 140.49379 73.76452 -999.0 -999.0 -999.0 -999.0 -999.0 22.444672693243255 -40.93685975160487 22.41153495666248 -40.79274146057006 59.34134539759245 238.03473612910415 -999.0 16600.0 -999.0 2 102 {-999.0 -999.0 -999.0 -999.0 -999.0} "" -999.0 -999.0 -999.0 -999.0 -999 -999 "" ops_sky_apogee_best_unassigned ops_sky sky_apogee 0 0 0.0 0.0 -999 ""
FIBERMAP 1298 R+9C18 BOSS 1 1 0 1 0 0 186.9556979114824 192.8569605974373 143.1 -114.90834634285453 242.76525260601665 140.49379 73.76452 22.443952992411536 -40.93469256694467 -999.0 -999.0 -999.0 22.44396692545854 -40.93472584190635 22.410998498011622 -40.790582119358376 59.34137773468217 238.0390445662306 5400.0 5400.0 2016.0 1 176 {-999.0 22.04434 21.731157 21.475706 21.254025} sdss_psfmag_from_lsdr10 1e+20 1e+20 1e+20 -999.0 63050398759975879 1131350145 dark_flexible_3x1 bhm_spiders_agn_lsdr10_d3 bhm_spiders science 0 0 0.0 0.0 -999 ""
FIBERMAP 1298 R+9C18 METROLOGY 0 0 0 1 0 0 186.9808441316333 192.11497624043682 143.1 -114.20482955125092 242.5282270074885 140.49379 73.76452 -999.0 -999.0 -999.0 -999.0 -999.0 22.446790059079767 -40.93538567397025 22.413767085055042 -40.791251367387865 59.34329841014635 238.03693918677237 -999.0 6231.0 -999.0 -1 -999 {-999.0 -999.0 -999.0 -999.0 -999.0} "" -999.0 -999.0 -999.0 -999.0 -999 -999 "" "" "" "" 0 0 0.0 0.0 -999 ""
FIBERMAP 1299 R+7C16 APOGEE 0 0 0 1 0 0 118.44139929988447 147.66526346567795 143.1 -96.65816868395461 162.74810531119255 109.45803 120.66787 -999.0 -999.0 -999.0 -999.0 -999.0 22.515293697234316 -41.17584112241628 22.481633740844075 -41.031728173476985 59.34464077629323 237.55470658256536 -999.0 16600.0 -999.0 2 62 {-999.0 -999.0 -999.0 -999.0 -999.0} "" -999.0 -999.0 -999.0 -999.0 -999 -999 "" ops_sky_apogee_best_unassigned ops_sky sky_apogee 0 0 0.0 0.0 -999 ""
FIBERMAP 1299 R+7C16 BOSS 1 1 0 1 0 0 118.94023061263673 148.21311158654422 143.1 -96.99591503263392 163.40753063852253 109.45803 120.66787 22.513732910156246 -41.17381602900164 -999.0 -999.0 -999.0 22.513743883706816 -41.17382266830667 22.480255514883254 -41.0296825485122 59.344047351942365 237.5590539203351 5400.0 5400.0 2015.5 1 209 {-999.0 -999.0 -999.0 -999.0 -999.0} "" -999.0 -999.0 -999.0 -999.0 27021603161556183 814091326 "" ops_sky_boss_good ops_sky sky_boss 0 0 0.0 0.0 -999 ""
FIBERMAP 1299 R+7C16 METROLOGY 0 0 0 1 0 0 119.17047012145045 147.52582705086206 143.1 -96.27158685366437 163.38173389017135 109.45803 120.66787 -999.0 -999.0 -999.0 -999.0 -999.0 22.516686584034254 -41.17387410851186 22.4831441116836 -41.02974393655749 59.34616645851735 237.55805097688298 -999.0 6231.0 -999.0 -1 -999 {-999.0 -999.0 -999.0 -999.0 -999.0} "" -999.0 -999.0 -999.0 -999.0 -999 -999 "" "" "" "" 0 0 0.0 0.0 -999 ""
FIBERMAP 1305 R+6C10 APOGEE 0 0 0 1 0 0 -11.534044598387473 104.84881349341362 143.1 -102.21565069366181 26.021836978390546 333.01505 95.81077 -999.0 -999.0 -999.0 -999.0 -999.0 22.490297285534627 -41.59005201121024 22.45609236247458 -41.4458230405066 59.23776215192754 236.770395523231 -999.0 16600.0 -999.0 2 -999 {-999.0 -999.0 -999.0 -999.0 -999.0} "" -999.0 -999.0 -999.0 -999.0 -999 -999 "" "" "" "" 0 0 0.0 0.0 -999 ""
FIBERMAP 1305 R+6C10 BOSS 1 1 0 1 0 0 -11.803469605099226 104.15899274527953 143.1 -101.66441934259015 25.52733655739161 333.01505 95.81077 22.492286981354148 -41.591576175009685 -0.18538053 -0.114479564 0.44869825 22.492282688441914 -41.591572159712314 22.458236634725097 -41.44731665460507 59.239004402227195 236.76685939971176 5400.0 5400.0 2016.0 1 133 {-999.0 20.265383 19.816591 19.717695 19.671818} sdss_psfmag_from_lsdr10 20.174814 19.927382 19.356966 -999.0 63050395809808291 1131345267 dark_flexible_3x1 bhm_spiders_agn_lsdr10_d3 bhm_spiders science 0 0 0.0 0.0 -999 ""
FIBERMAP 1305 R+6C10 METROLOGY 0 0 0 1 0 0 -12.272166173672987 104.72767408242724 143.1 -102.36144573710845 25.288226000669 333.01505 95.81077 -999.0 -999.0 -999.0 -999.0 -999.0 22.489486862634323 -41.59228053529291 22.455399750324887 -41.44803039220018 59.236773428197665 236.76640580923748 -999.0 6231.0 -999.0 -1 -999 {-999.0 -999.0 -999.0 -999.0 -999.0} "" -999.0 -999.0 -999.0 -999.0 -999 -999 "" "" "" "" 0 0 0.0 0.0 -999 ""
FIBERMAP 1307 R+1C13 APOGEE 0 0 0 1 0 0 -10.922959332206531 11.372142902190111 143.1 -14.483123744442125 -6.233016187587445 206.19485 164.78683 -999.0 -999.0 -999.0 -999.0 -999.0 22.846384323740725 -41.688387061585864 22.811134904155494 -41.54444100787232 59.47506716680702 236.4656199795198 -999.0 16600.0 -999.0 2 11 {-999.0 -999.0 -999.0 -999.0 -999.0} "" -999.0 -999.0 -999.0 -999.0 -999 -999 "" "" "" "" 0 0 0.0 0.0 -999 ""
FIBERMAP 1307 R+1C13 BOSS 1 1 0 1 0 0 -11.655503160543887 11.208040456966874 143.1 -14.586735681860395 -6.976492664317175 206.19485 164.78683 22.84579637510364 -41.69068228742907 -0.23024537 -1.1913555 0.72115207 22.845786674970483 -41.69067865653698 22.81069980639063 -41.54670287844084 59.47423686303543 236.4614283453659 5400.0 5400.0 2016.0 1 13 {-999.0 20.171001 20.023567 19.893707 19.820692} sdss_psfmag_from_gaiadr2 19.860886 20.014317 19.359207 -999.0 63050395808839471 1130401428 dark_flexible_3x1 bhm_gua_dark_d3 bhm_filler science 0 0 0.0 0.0 -999 ""
FIBERMAP 1307 R+1C13 METROLOGY 0 0 0 1 0 0 -11.432312867555101 11.922578357539278 143.1 -15.177345202294019 -6.516599559834146 206.19485 164.78683 -999.0 -999.0 -999.0 -999.0 -999.0 22.843428197957348 -41.68927474414386 22.80830278421098 -41.54530538009375 59.47280668837841 236.4649091898754 -999.0 6231.0 -999.0 -1 -999 {-999.0 -999.0 -999.0 -999.0 -999.0} "" -999.0 -999.0 -999.0 -999.0 -999 -999 "" "" "" "" 0 0 0.0 0.0 -999 ""
FIBERMAP 1310 R+2C13 APOGEE 0 0 0 1 0 0 7.761390222619858 48.15698680883 143.1 -42.36154964713949 24.178326205365707 41.4058 124.967926 -999.0 -999.0 -999.0 -999.0 -999.0 22.733121963332525 -41.59601651729157 22.698296506718293 -41.45199385149414 59.413480838246926 236.680164466679 -999.0 16600.0 -999.0 2 -999 {-999.0 -999.0 -999.0 -999.0 -999.0} "" -999.0 -999.0 -999.0 -999.0 -999 -999 "" "" "" "" 0 0 0.0 0.0 -999 ""
FIBERMAP 1310 R+2C13 BOSS 1 1 0 1 0 0 8.497158282327623 47.99163100882201 143.1 -41.948348758024 24.8091227744886 41.4058 124.967926 22.734240428024165 -41.594102333467845 -4.662398 -2.6301458 2.171644 22.73460148421101 -41.59411456164342 22.699939955984973 -41.4500654255619 59.41511069832425 236.6833210419486 5400.0 5400.0 2016.0 1 110 {-999.0 16.61861 15.467584 14.983361 -999.0} sdss_psfmag_gaia 16.21067 15.461349 14.614667 12.987 63050395808839561 1124946248 bright_1x1 openfibertargets_mwm_snc_further_ext_boss open_fiber science 0 0 1.0349280834197998 0.0 -999 ""
FIBERMAP 1310 R+2C13 METROLOGY 0 0 0 1 0 0 7.98921771380732 47.444531300706636 143.1 -41.61450208748369 24.141431694398815 41.4058 124.967926 -999.0 -999.0 -999.0 -999.0 -999.0 22.735996719820783 -41.596133109608715 22.701281957474464 -41.45209269136122 59.41564040760595 236.67899679952265 -999.0 6231.0 -999.0 -1 -999 {-999.0 -999.0 -999.0 -999.0 -999.0} "" -999.0 -999.0 -999.0 -999.0 -999 -999 "" "" "" "" 0 0 0.0 0.0 -999 ""
FIBERMAP 1311 R-8C9 APOGEE 0 0 0 1 0 0 -30.229870460396945 -158.68331658023322 143.1 137.95184782733492 -84.0289913300701 154.18185 156.26094 -999.0 -999.0 -999.0 -999.0 -999.0 23.467942802088004 -41.92238690181975 23.43076323993506 -41.77893393189203 59.8698379546907 235.79861001298752 -999.0 16600.0 -999.0 2 -999 {-999.0 -999.0 -999.0 -999.0 -999.0} "" -999.0 -999.0 -999.0 -999.0 -999 -999 "" "" "" "" 0 0 0.0 0.0 -999 ""
FIBERMAP 1311 R-8C9 BOSS 1 1 0 1 0 0 -30.707220254339788 -158.11522679610937 143.1 137.25233645129455 -84.27641124615808 154.18185 156.26094 23.464225442283496 -41.92324752061304 84.89143 9.681351 2.4931393 23.465017713023308 -41.92322009982214 23.42800608984868 -41.77973401578116 59.86764894329612 235.79806186698227 5400.0 5400.0 2016.0 1 387 {-999.0 15.877837 14.859485 14.489764 -999.0} sdss_psfmag_from_g3xp 15.525614 14.899271 14.133713 12.558 63050395808838469 1136003985 dark_flexible_3x1 mwm_halo_local_high_boss_triple mwm_halo science 0 0 1.1739003658294678 0.0 -999 ""
FIBERMAP 1311 R-8C9 METROLOGY 0 0 0 1 0 0 -29.98156759193569 -157.97773603748138 143.1 137.37844366412313 -83.54873210117543 154.18185 156.26094 -999.0 -999.0 -999.0 -999.0 -999.0 23.46558023792427 -41.921012767844914 23.42852477670789 -41.77753628886026 59.86855934479054 235.80212039066316 -999.0 6231.0 -999.0 -1 -999 {-999.0 -999.0 -999.0 -999.0 -999.0} "" -999.0 -999.0 -999.0 -999.0 -999 -999 "" "" "" "" 0 0 0.0 0.0 -999 ""
FIBERMAP 1313 R+6C17 APOGEE 1 1 0 1 0 0 141.56964355227515 120.61649491225677 143.1 -63.21150606651817 174.9030792125428 331.8988 161.55367 22.650061714543842 -41.13898436690336 -1.9542711 -76.073265 0.8419479 22.650047737125206 -41.13922324645391 22.616106611677367 -40.99523382554506 59.451475246492386 237.58343094760139 16000.0 16600.0 2016.0 2 63 {-999.0 12.523629 11.971862 11.742278 -999.0} sdss_psfmag_from_g3xp 12.39105 11.983514 11.401179 10.235 63050395809809156 1135905532 dark_flexible_3x1 mwm_halo_local_high_apogee_triple mwm_halo science 0 0 0.0 0.0 -999 ""
FIBERMAP 1313 R+6C17 BOSS 0 0 0 1 0 0 142.02638410706868 120.01007915185697 143.1 -62.48334935247568 175.11774438789251 331.8988 161.55367 -999.0 -999.0 -999.0 -999.0 -999.0 22.652788495766835 -41.13854526018707 22.619005502651248 -40.99453199599235 59.453761426207166 237.58388497494218 -999.0 5400.0 -999.0 1 215 {-999.0 -999.0 -999.0 -999.0 -999.0} "" -999.0 -999.0 -999.0 -999.0 -999 -999 "" "" "" "" 0 0 0.0 0.0 -999 ""
FIBERMAP 1313 R+6C17 METROLOGY 0 0 0 1 0 0 141.27706880015285 119.93419158146693 143.1 -62.67544261887377 174.38954469911292 331.8988 161.55367 -999.0 -999.0 -999.0 -999.0 -999.0 22.65204206988478 -41.140713541185306 22.61821129157505 -40.996706602074724 59.45272216226779 237.57994582064836 -999.0 6231.0 -999.0 -1 -999 {-999.0 -999.0 -999.0 -999.0 -999.0} "" -999.0 -999.0 -999.0 -999.0 -999 -999 "" "" "" "" 0 0 0.0 0.0 -999 ""
FIBERMAP 1315 R+3C7 APOGEE 0 0 0 1 0 0 -141.7697684130844 46.485733019474274 143.1 -93.30893901270966 -116.40775980116659 284.38876 22.886576 -999.0 -999.0 -999.0 -999.0 -999.0 22.52479224364215 -42.02221594824831 22.4898587569931 -41.8779174613905 59.165266365858216 235.93699326650875 -999.0 16600.0 -999.0 2 26 {-999.0 -999.0 -999.0 -999.0 -999.0} "" -999.0 -999.0 -999.0 -999.0 -999 -999 "" ops_sky_apogee_best_unassigned ops_sky sky_apogee 0 0 0.0 0.0 -999 ""
FIBERMAP 1315 R+3C7 BOSS 1 1 0 1 0 0 -142.23630879778875 47.06105190554935 143.1 -94.01142263527579 -116.64252065807057 284.38876 22.886576 22.52171068083935 -42.02299600594744 0.19121961 -0.29510224 0.61883324 22.521701266851263 -42.022998086439934 22.486941753783697 -41.87866723965178 59.16298002972054 235.93654851223272 5400.0 5400.0 2016.0 1 44 {-999.0 19.96638 19.791212 19.641916 19.538599} sdss_psfmag_from_gaiadr2 19.869589 19.788328 19.269802 -999.0 63050395808353261 1130389888 dark_flexible_3x1 bhm_gua_dark_d3 bhm_filler science 0 0 0.0 0.0 -999 ""
FIBERMAP 1315 R+3C7 METROLOGY 0 0 0 1 0 0 -141.50336451136536 47.18618580333785 143.1 -93.87118559877868 -115.9123541615351 284.38876 22.886576 -999.0 -999.0 -999.0 -999.0 -999.0 22.52231229122441 -42.02079345486206 22.48750710585955 -41.87647201220886 59.163896444756716 235.9405258082681 -999.0 6231.0 -999.0 -1 -999 {-999.0 -999.0 -999.0 -999.0 -999.0} "" -999.0 -999.0 -999.0 -999.0 -999 -999 "" "" "" "" 0 0 0.0 0.0 -999 ""
FIBERMAP 1319 R0C9 APOGEE 0 0 0 1 0 0 -93.29751569793858 -0.27568794781777767 143.1 -32.505954997173056 -87.44700814308528 39.90897 70.48925 -999.0 -999.0 -999.0 -999.0 -999.0 22.773010953285162 -41.93491898702518 22.73757563877996 -41.79085305633658 59.364986166721366 236.01902240257942 -999.0 16600.0 -999.0 2 276 {-999.0 -999.0 -999.0 -999.0 -999.0} "" -999.0 -999.0 -999.0 -999.0 -999 -999 "" ops_sky_apogee_best_unassigned ops_sky sky_apogee 0 0 0.0 0.0 -999 ""
FIBERMAP 1319 R0C9 BOSS 1 1 0 1 0 0 -93.04737514975182 -0.9637861090472821 143.1 -31.773876243389356 -87.45445818709162 39.90897 70.48925 22.775834951884143 -41.93503819848233 -999.0 -999.0 -999.0 22.77580777183738 -41.93502276529626 22.74053078215036 -41.790929694974864 59.367111229494874 236.01787049161067 5400.0 5400.0 2016.0 1 449 {-999.0 21.230927 20.758883 20.326202 19.957264} sdss_psfmag_from_gaiadr2 21.08217 20.917906 19.813587 -999.0 63050395808839096 1130401413 dark_flexible_3x1 bhm_gua_dark_d3 bhm_filler science 0 0 0.0 0.0 -999 ""
FIBERMAP 1319 R0C9 METROLOGY 0 0 0 1 0 0 -93.78499066419764 -0.8468397069511351 143.1 -32.142402415705234 -88.10398477670228 39.90897 70.48925 -999.0 -999.0 -999.0 -999.0 -999.0 22.774346590010836 -41.9369920585239 22.739023425292032 -41.79290564091117 59.3655585917325 236.01461204929478 -999.0 6231.0 -999.0 -1 -999 {-999.0 -999.0 -999.0 -999.0 -999.0} "" -999.0 -999.0 -999.0 -999.0 -999 -999 "" "" "" "" 0 0 0.0 0.0 -999 ""
FIBERMAP 1320 R+5C8 APOGEE 0 0 0 1 0 0 -75.10262852333703 112.20549400846576 143.1 -131.42728520258117 -30.911010751506655 95.466156 97.60487 -999.0 -999.0 -999.0 -999.0 -999.0 22.370794735959592 -41.76242969576537 22.33663827121495 -41.618060113015524 59.112665797116534 236.4808500666752 -999.0 16600.0 -999.0 2 -999 {-999.0 -999.0 -999.0 -999.0 -999.0} "" -999.0 -999.0 -999.0 -999.0 -999 -999 "" "" "" "" 0 0 0.0 0.0 -999 ""
FIBERMAP 1320 R+5C8 BOSS 1 1 0 1 0 0 -74.39800531058755 112.39876524039937 143.1 -131.36078778084877 -30.18343162204052 95.466156 97.60487 22.370892959840337 -41.760239927387566 -17.115 -9.418771 2.1300135 22.370825852193434 -41.760266351244695 22.336839762743068 -41.61586892334667 59.113297469407144 236.4849478163842 5400.0 5400.0 2016.0 1 67 {-999.0 18.912607 17.434261 16.706762 -999.0} sdss_psfmag_gaia 18.300993 17.296907 16.3093 14.408 63050395809333979 1124957024 dark_1x1 openfibertargets_mwm_snc_further_ext_boss open_fiber science 0 0 0.0 0.0 -999 ""
FIBERMAP 1320 R+5C8 METROLOGY 0 0 0 1 0 0 -74.58418059851752 111.66631874378234 143.1 -130.74041239290034 -30.614958383422366 95.466156 97.60487 -999.0 -999.0 -999.0 -999.0 -999.0 22.37336493228552 -41.76158114599308 22.339323058059335 -41.61719359356659 59.114814911984894 236.4816310648357 -999.0 6231.0 -999.0 -1 -999 {-999.0 -999.0 -999.0 -999.0 -999.0} "" -999.0 -999.0 -999.0 -999.0 -999 -999 "" "" "" "" 0 0 0.0 0.0 -999 ""
FIBERMAP 1321 R-6C21 APOGEE 0 0 0 1 0 0 240.82049784122657 -110.10337819891545 143.1 187.65570077337588 186.8032823120014 55.31743 77.26297 -999.0 -999.0 -999.0 -999.0 -999.0 23.65769475312346 -41.10127279909125 23.621319876527252 -40.95817931912866 60.20050659576583 237.32966794283357 -999.0 16600.0 -999.0 2 195 {-999.0 -999.0 -999.0 -999.0 -999.0} "" -999.0 -999.0 -999.0 -999.0 -999 -999 "" ops_sky_apogee_best_unassigned ops_sky sky_apogee 0 0 0.0 0.0 -999 ""
FIBERMAP 1321 R-6C21 BOSS 1 1 0 1 0 0 241.33881664168865 -110.65614702962726 143.1 188.3552552708931 187.09444002057216 55.31743 77.26297 23.660336113930487 -41.10040529861711 1.4334083 -0.36731467 0.044490375 23.660315668633586 -41.10041163115484 23.624094128427487 -40.95729331117574 60.20274660919831 237.3304647111637 5400.0 5400.0 2016.0 1 268 {-999.0 19.777395 19.405613 19.05191 18.924767} sdss_fiber2mag_from_lsdr10 18.976553 19.777805 18.0071 -999.0 63050395808841974 1058561907 dark_flexible_2x1 bhm_spiders_agn_lsdr10 bhm_spiders science 0 0 0.0 0.0 -999 ""
FIBERMAP 1321 R-6C21 METROLOGY 0 0 0 1 0 0 240.6165712763155 -110.82697869160054 143.1 188.26156018841715 186.35824236788594 55.31743 77.26297 -999.0 -999.0 -999.0 -999.0 -999.0 23.660074240771355 -41.10258710255871 23.623805027391484 -40.959475824244414 60.202046500406 237.3262817481226 -999.0 6231.0 -999.0 -1 -999 {-999.0 -999.0 -999.0 -999.0 -999.0} "" -999.0 -999.0 -999.0 -999.0 -999 -999 "" "" "" "" 0 0 0.0 0.0 -999 ""
FIBERMAP 1322 R+4C3 APOGEE 0 0 0 1 0 0 -204.13322662767257 85.41233025328229 143.1 -151.65482710106676 -161.12563177327425 48.46763 162.18475 -999.0 -999.0 -999.0 -999.0 -999.0 22.286421909723522 -42.15626439668802 22.251900179279176 -42.011733812779404 58.9621642939372 235.7632028203649 -999.0 16600.0 -999.0 2 20 {-999.0 -999.0 -999.0 -999.0 -999.0} "" -999.0 -999.0 -999.0 -999.0 -999 -999 "" ops_sky_apogee_best_unassigned ops_sky sky_apogee 0 0 0.0 0.0 -999 ""
FIBERMAP 1322 R+4C3 BOSS 1 1 0 1 0 0 -203.5033712146834 85.77730386309938 143.1 -151.77534358834103 -160.40775615132955 48.46763 162.18475 22.285701118348285 -42.15414962160767 -999.0 -999.0 -999.0 22.285730740067578 -42.15415478536971 22.251382835492564 -42.00959434277389 58.96228391560781 235.7674123255713 5400.0 5400.0 2015.5 1 29 {-999.0 -999.0 -999.0 -999.0 -999.0} "" -999.0 -999.0 -999.0 -999.0 27021603160526556 813930599 "" ops_sky_boss_good ops_sky sky_boss 0 0 0.0 0.0 -999 ""
FIBERMAP 1322 R+4C3 METROLOGY 0 0 0 1 0 0 -203.47845647097262 85.05534301636594 143.1 -151.09065518218026 -160.6379666470581 48.46763 162.18475 -999.0 -999.0 -999.0 -999.0 -999.0 22.28853365002265 -42.15488462071733 22.254129579403354 -42.01033479420633 58.96409890958346 235.76510161738463 -999.0 6231.0 -999.0 -1 -999 {-999.0 -999.0 -999.0 -999.0 -999.0} "" -999.0 -999.0 -999.0 -999.0 -999 -999 "" "" "" "" 0 0 0.0 0.0 -999 ""
FIBERMAP 1327 R+4C12 APOGEE 0 0 0 1 0 0 16.80398154881207 65.49299730815174 143.1 -55.41690014639452 38.732522285366784 22.216148 44.20352 -999.0 -999.0 -999.0 -999.0 -999.0 22.6802205696785 -41.55178848877762 22.645594127406696 -41.4077304790082 59.384746182817295 236.7821436790001 -999.0 16600.0 -999.0 2 -999 {-999.0 -999.0 -999.0 -999.0 -999.0} "" -999.0 -999.0 -999.0 -999.0 -999 -999 "" "" "" "" 0 0 0.0 0.0 -999 ""
FIBERMAP 1327 R+4C12 BOSS 1 1 0 1 0 0 16.538221510493585 64.8160117706008 143.1 -54.876398757749044 38.24596065474511 22.216148 44.20352 22.68222834200274 -41.553290224315724 0.59179276 -0.3262469 0.29776073 22.682199457876862 -41.55327223594975 22.64773080791008 -41.4091876248004 59.3859881957697 236.77865924246424 5400.0 5400.0 2016.0 1 120 {-999.0 20.68509 20.54105 20.262157 20.002937} sdss_psfmag_from_lsdr10 19.965446 19.77955 19.514128 -999.0 63050395809808335 1131345270 dark_flexible_3x1 bhm_spiders_agn_lsdr10_d3 bhm_spiders science 0 0 0.0 0.0 -999 ""
FIBERMAP 1327 R+4C12 METROLOGY 0 0 0 1 0 0 16.06273381045412 65.39274758408568 143.1 -55.58335108814626 38.003320430379326 22.216148 44.20352 -999.0 -999.0 -999.0 -999.0 -999.0 22.679369932043755 -41.55399518577058 22.644860582093997 -41.40991590435932 59.38372794515479 236.77819600907736 -999.0 6231.0 -999.0 -1 -999 {-999.0 -999.0 -999.0 -999.0 -999.0} "" -999.0 -999.0 -999.0 -999.0 -999 -999 "" "" "" "" 0 0 0.0 0.0 -999 ""
FIBERMAP 1337 R-5C21 APOGEE 0 0 0 1 0 0 201.05692614242693 -86.28552254304154 143.1 151.39202689055455 157.93878623099266 158.99742 93.782936 -999.0 -999.0 -999.0 -999.0 -999.0 23.513867951166016 -41.188932481545926 23.47771252554986 -41.04568936870756 60.07532173233818 237.20696437859277 -999.0 16600.0 -999.0 2 -999 {-999.0 -999.0 -999.0 -999.0 -999.0} "" -999.0 -999.0 -999.0 -999.0 -999 -999 "" "" "" "" 0 0 0.0 0.0 -999 ""
FIBERMAP 1337 R-5C21 BOSS 1 1 0 1 0 0 201.25285362030837 -85.61202540342988 143.1 150.83026784480734 158.35874178254278 158.99742 93.782936 23.511453719306033 -41.18765759849778 0.14233734 -0.15980531 0.41939676 23.51147533174236 -41.18766868653933 23.475487254293796 -41.04439615594304 60.07397475774436 237.21024268144495 5400.0 5400.0 2016.0 1 277 {-999.0 19.615755 19.438248 19.405287 19.403027} sdss_psfmag_from_lsdr10 19.56507 19.487415 19.181313 -999.0 63050395808841872 1131347772 dark_flexible_3x1 bhm_spiders_agn_lsdr10_d3 bhm_spiders science 0 0 0.0 0.0 -999 ""
FIBERMAP 1337 R-5C21 METROLOGY 0 0 0 1 0 0 201.78442011754208 -86.11159516461238 143.1 151.48466679363085 158.68098506532561 158.99742 93.782936 -999.0 -999.0 -999.0 -999.0 -999.0 23.514163236830008 -41.18665312411505 23.478124870551483 -41.04339104910631 60.07613831139681 237.21131585861838 -999.0 6231.0 -999.0 -1 -999 {-999.0 -999.0 -999.0 -999.0 -999.0} "" -999.0 -999.0 -999.0 -999.0 -999 -999 "" "" "" "" 0 0 0.0 0.0 -999 ""
FIBERMAP 1343 R+6C1 APOGEE 0 0 0 1 0 0 -206.10382409753 113.9046628595634 143.1 -179.02292485069748 -152.96472119082895 27.360126 74.59195 -999.0 -999.0 -999.0 -999.0 -999.0 22.175141450457748 -42.13082023612959 22.1409432460826 -41.98620230846899 58.88776714070408 235.8480131182983 -999.0 16600.0 -999.0 2 50 {-999.0 -999.0 -999.0 -999.0 -999.0} "" -999.0 -999.0 -999.0 -999.0 -999 -999 "" ops_sky_apogee_best_unassigned ops_sky sky_apogee 0 0 0.0 0.0 -999 ""
FIBERMAP 1343 R+6C1 BOSS 1 1 0 1 0 0 -205.95167514814807 113.16338790044065 143.1 -178.2754716250744 -153.08259082336747 27.360126 74.59195 22.177593487222506 -42.13126418962553 90.10705 1.152484 2.545019 22.177976328456346 -42.13125024590076 22.14393965564051 -41.9866050472945 58.889843616713534 235.84627016569382 5400.0 5400.0 2016.0 1 87 {-999.0 21.631556 19.71927 18.305277 -999.0} sdss_psfmag_gaia 20.558134 19.022467 17.798622 15.432 63050395808353150 1136521269 dark_flexible_3x1 mwm_halo_local_high_boss_triple mwm_halo science 0 0 0.0 0.0 -999 ""
FIBERMAP 1343 R+6C1 METROLOGY 0 0 0 1 0 0 -206.64324527871761 113.37564436781228 143.1 -178.71706210530402 -153.6555363952837 27.360126 74.59195 -999.0 -999.0 -999.0 -999.0 -999.0 22.176179700896288 -42.13298210225993 22.142097093002974 -41.98834337674506 58.88811330819796 235.84359997906847 -999.0 6231.0 -999.0 -1 -999 {-999.0 -999.0 -999.0 -999.0 -999.0} "" -999.0 -999.0 -999.0 -999.0 -999 -999 "" "" "" "" 0 0 0.0 0.0 -999 ""
FIBERMAP 1344 R-6C18 APOGEE 0 0 0 1 0 0 168.90671031997 -126.23997930502755 143.1 177.509095298857 113.80687030095862 338.31177 99.35608 -999.0 -999.0 -999.0 -999.0 -999.0 23.620788960582345 -41.32181812545786 23.584163249028506 -41.17864054850683 60.12337056376883 236.91077926344485 -999.0 16600.0 -999.0 2 -999 {-999.0 -999.0 -999.0 -999.0 -999.0} "" -999.0 -999.0 -999.0 -999.0 -999 -999 "" "" "" "" 0 0 0.0 0.0 -999 ""
FIBERMAP 1344 R-6C18 BOSS 1 1 0 1 0 0 168.75174710007988 -126.89861684854925 143.1 178.07132774623912 113.43048607735206 338.31177 99.35608 23.62299334863844 -41.322975763608646 0.12441285 0.85731465 -1.2759683 23.622961767790606 -41.32294591184787 23.58648818832239 -41.17974182540037 60.124821713593654 236.90782263430688 5400.0 5400.0 2016.0 1 314 {-999.0 20.828568 20.672398 20.476583 20.293047} sdss_psfmag_from_lsdr10 20.597748 20.711485 20.156836 -999.0 63050395808841784 1131347773 dark_flexible_3x1 bhm_spiders_agn_lsdr10_d3 bhm_spiders science 0 0 0.0 0.0 -999 ""
FIBERMAP 1344 R-6C18 METROLOGY 0 0 0 1 0 0 168.19343090855554 -126.46521406710556 143.1 177.46948399731758 113.05996186874117 338.31177 99.35608 -999.0 -999.0 -999.0 -999.0 -999.0 23.620640951474307 -41.32405423772565 23.58412628069226 -41.18085579695809 60.1228361469182 236.906463192302 -999.0 6231.0 -999.0 -1 -999 {-999.0 -999.0 -999.0 -999.0 -999.0} "" -999.0 -999.0 -999.0 -999.0 -999 -999 "" "" "" "" 0 0 0.0 0.0 -999 ""
FIBERMAP 1352 R+7C11 APOGEE 0 0 0 1 0 0 -3.4557050993232714 145.99781741472205 143.1 -137.90464108163403 48.03585630952857 178.9122 78.50029 -999.0 -999.0 -999.0 -999.0 -999.0 22.346268228356855 -41.522838845188716 22.312524723639115 -41.37850332731297 59.147200623797914 236.94420070080264 -999.0 16600.0 -999.0 2 141 {-999.0 -999.0 -999.0 -999.0 -999.0} "" -999.0 -999.0 -999.0 -999.0 -999 -999 "" ops_sky_apogee_best_unassigned ops_sky sky_apogee 0 0 0.0 0.0 -999 ""
FIBERMAP 1352 R+7C11 BOSS 1 1 0 1 0 0 -3.3118079884881393 146.73131017214345 143.1 -138.5408432167706 48.428167373480086 178.9122 78.50029 22.34344482421875 -41.52163682864918 -999.0 -999.0 -999.0 22.343456055512497 -41.52164592993321 22.309888086505964 -41.37728088880001 59.14552991318571 236.9473552756584 5400.0 5400.0 2015.5 1 141 {-999.0 -999.0 -999.0 -999.0 -999.0} "" -999.0 -999.0 -999.0 -999.0 27021603161556027 814091329 "" ops_sky_boss_good ops_sky sky_boss 0 0 0.0 0.0 -999 ""
FIBERMAP 1352 R+7C11 METROLOGY 0 0 0 1 0 0 -2.7495348456782054 146.2226782698903 143.1 -137.867176290574 48.775977454788524 178.9122 78.50029 -999.0 -999.0 -999.0 -999.0 -999.0 22.346214876214344 -41.520586851678 22.312594248673918 -41.376232151071754 59.14773803812344 236.94850484401542 -999.0 6231.0 -999.0 -1 -999 {-999.0 -999.0 -999.0 -999.0 -999.0} "" -999.0 -999.0 -999.0 -999.0 -999 -999 "" "" "" "" 0 0 0.0 0.0 -999 ""
FIBERMAP 1360 R-3C11 APOGEE 0 0 0 1 0 0 -26.088041196901564 -45.14072201110768 143.1 33.10163568987522 -40.277483522654435 75.0684 101.67267 -999.0 -999.0 -999.0 -999.0 -999.0 23.04028113586322 -41.791536517773466 23.004385672486933 -41.64773552434613 59.59197498754146 236.20183310332305 -999.0 16600.0 -999.0 2 151 {-999.0 -999.0 -999.0 -999.0 -999.0} "" -999.0 -999.0 -999.0 -999.0 -999 -999 "" ops_sky_apogee_best_unassigned ops_sky sky_apogee 0 0 0.0 0.0 -999 ""
FIBERMAP 1360 R-3C11 BOSS 1 1 0 1 0 0 -25.328935376328246 -45.1646015777082 143.1 33.390574575567385 -39.57515348420437 75.0684 101.67267 23.041334641381148 -41.789462541167644 -0.5613281 0.07810515 -0.01374183 23.04131475599209 -41.7894558682963 23.00558358449092 -41.645626962428686 59.59333653781242 236.2054726712613 5400.0 5400.0 2016.0 1 432 {-999.0 20.572584 20.395193 20.133827 19.89306} sdss_psfmag_from_lsdr10 20.412237 20.26609 19.80538 -999.0 63050395808839236 1131342766 dark_flexible_3x1 bhm_spiders_agn_lsdr10_d3 bhm_spiders science 0 0 0.0 0.0 -999 ""
FIBERMAP 1360 R-3C11 METROLOGY 0 0 0 1 0 0 -25.734311357297564 -45.809336089492724 143.1 33.851850706901644 -40.18110526739103 75.0684 101.67267 -999.0 -999.0 -999.0 -999.0 -999.0 23.043250429359336 -41.79128696703722 23.007465167478017 -41.64746762878833 59.594275239846866 236.2012889378636 -999.0 6231.0 -999.0 -1 -999 {-999.0 -999.0 -999.0 -999.0 -999.0} "" -999.0 -999.0 -999.0 -999.0 -999 -999 "" "" "" "" 0 0 0.0 0.0 -999 ""
FIBERMAP 1361 R+12C3 APOGEE 0 0 0 1 0 0 -122.13439939499393 250.37341922694088 143.1 -277.30412821893714 -26.423118516005385 173.68762 53.309193 -999.0 -999.0 -999.0 -999.0 -999.0 21.78161169967442 -41.74481405030638 21.74897778995893 -41.59995913809514 58.687598608159675 236.69910181231302 -999.0 16600.0 -999.0 2 -999 {-999.0 -999.0 -999.0 -999.0 -999.0} "" -999.0 -999.0 -999.0 -999.0 -999 -999 "" "" "" "" 0 0 0.0 0.0 -999 ""
FIBERMAP 1361 R+12C3 BOSS 1 1 0 1 0 0 -121.6386743490409 250.92067097255014 143.1 -277.6424070624623 -25.766810878152604 173.68762 53.309193 21.78011265788321 -41.74281728813543 -0.21023408 0.20250228 0.04223866 21.780136614260847 -41.742843469255256 21.74767970137026 -41.597960238827426 58.68707237485026 236.70325593497535 5400.0 5400.0 2016.0 1 99 {-999.0 19.204252 18.983353 18.913864 18.873053} sdss_psfmag_from_lsdr10 19.129457 18.911146 18.56383 -999.0 63050395809335070 1131342750 dark_flexible_3x1 bhm_spiders_agn_lsdr10_d3 bhm_spiders science 0 0 0.0 0.0 -999 ""
FIBERMAP 1361 R+12C3 METROLOGY 0 0 0 1 0 0 -121.40890316878205 250.19133835878495 143.1 -276.87887565993026 -25.807812476391536 173.68762 53.309193 -999.0 -999.0 -999.0 -999.0 -999.0 21.783174017977256 -41.742993212474076 21.750660849357928 -41.59812023735257 58.68921754335242 236.70204825076684 -999.0 6231.0 -999.0 -1 -999 {-999.0 -999.0 -999.0 -999.0 -999.0} "" -999.0 -999.0 -999.0 -999.0 -999 -999 "" "" "" "" 0 0 0.0 0.0 -999 ""
FIBERMAP 1366 R+3C11 APOGEE 0 0 0 1 0 0 -18.44464114071065 52.62785363760028 143.1 -55.75040881042177 1.2128905347806895 2.6780672 92.33551 -999.0 -999.0 -999.0 -999.0 -999.0 22.67861994628195 -41.665711268298125 22.6438278393278 -41.52162579934723 59.35817934873058 236.56473834163918 -999.0 16600.0 -999.0 2 12 {-999.0 -999.0 -999.0 -999.0 -999.0} "" -999.0 -999.0 -999.0 -999.0 -999 -999 "" ops_sky_apogee_best_unassigned ops_sky sky_apogee 0 0 0.0 0.0 -999 ""
FIBERMAP 1366 R+3C11 BOSS 1 1 0 1 0 0 -18.35689227100646 51.878773413319394 143.1 -55.01826378705316 1.0319850158189638 2.6780672 92.33551 22.681291716235076 -41.66628657562384 29.77869 -1.5495882 0.73886967 22.681382358610655 -41.6662916662932 22.646747725381374 -41.522180046019955 59.36018626002232 236.5627195169073 5400.0 5400.0 2016.0 1 14 {-999.0 16.963793 16.395563 16.200148 -999.0} sdss_psfmag_gaia 16.83591 16.434896 15.867988 14.803 63050395808839427 1136525221 dark_flexible_3x1 mwm_halo_local_high_boss_triple mwm_halo science 0 0 0.0 0.0 -999 ""
FIBERMAP 1366 R+3C11 METROLOGY 0 0 0 1 0 0 -19.036685263668105 52.172143665801805 143.1 -55.53166151461084 0.4985512453486162 2.6780672 92.33551 -999.0 -999.0 -999.0 -999.0 -999.0 22.679332980830615 -41.66790148493998 22.644654282053523 -41.52379577983743 59.35829735753062 236.56031706755505 -999.0 6231.0 -999.0 -1 -999 {-999.0 -999.0 -999.0 -999.0 -999.0} "" -999.0 -999.0 -999.0 -999.0 -999 -999 "" "" "" "" 0 0 0.0 0.0 -999 ""
FIBERMAP 1367 R-10C9 APOGEE 0 0 0 1 0 0 3.7543956716017766 -179.83118385263865 143.1 169.6861667484906 -59.63775230236058 87.96551 104.38296 -999.0 -999.0 -999.0 -999.0 -999.0 23.59611799614643 -41.84754476089563 23.558732007340097 -41.704223935340245 59.98064547165999 235.8967870423715 -999.0 16600.0 -999.0 2 -999 {-999.0 -999.0 -999.0 -999.0 -999.0} "" -999.0 -999.0 -999.0 -999.0 -999 -999 "" "" "" "" 0 0 0.0 0.0 -999 ""
FIBERMAP 1367 R-10C9 BOSS 1 1 0 1 0 0 4.488264599441117 -179.6718569209598 143.1 169.79471512687903 -58.89471225267178 87.96551 104.38296 23.59642764351053 -41.84533581234195 0.18450035 -0.30663288 0.24755566 23.59645235890079 -41.84534016733665 23.55922990133257 -41.70198998337562 59.981550136876926 235.90093692584708 5400.0 5400.0 2016.0 1 404 {-999.0 20.17399 20.033365 19.852268 19.681051} sdss_psfmag_from_lsdr10 20.216822 20.120739 19.465351 -999.0 63050395808838588 1131342780 dark_flexible_3x1 bhm_spiders_agn_lsdr10_d3 bhm_spiders science 0 0 0.0 0.0 -999 ""
FIBERMAP 1367 R-10C9 METROLOGY 0 0 0 1 0 0 4.2605206768266894 -180.3819430521825 143.1 170.37955752328048 -59.357305347013494 87.96551 104.38296 -999.0 -999.0 -999.0 -999.0 -999.0 23.598914351370148 -41.84672238094083 23.561637902115194 -41.7033826368277 59.982954584461346 235.89736158005775 -999.0 6231.0 -999.0 -1 -999 {-999.0 -999.0 -999.0 -999.0 -999.0} "" -999.0 -999.0 -999.0 -999.0 -999 -999 "" "" "" "" 0 0 0.0 0.0 -999 ""
FIBERMAP 1371 R-4C4 APOGEE 0 0 0 1 0 0 -175.92961354817191 -68.83398488959278 143.1 2.66343461802129 -188.88784882047398 31.589226 147.21878 -999.0 -999.0 -999.0 -999.0 -999.0 22.917041360279395 -42.241897460163074 22.88077076222197 -42.0978857992802 59.39536254220577 235.3837682123759 -999.0 16600.0 -999.0 2 -999 {-999.0 -999.0 -999.0 -999.0 -999.0} "" -999.0 -999.0 -999.0 -999.0 -999 -999 "" "" "" "" 0 0 0.0 0.0 -999 ""
FIBERMAP 1371 R-4C4 BOSS 1 1 0 1 0 0 -175.16066930637618 -68.8356260615929 143.1 2.9350077536681924 -188.16849787561546 31.589226 147.21878 22.918072021615558 -42.23981987607817 -18.082302 7.0646405 8.199256 22.917984916933914 -42.23981620525812 22.881880832649358 -42.095774978913994 59.396675257307294 235.38739585145197 5400.0 5400.0 2016.0 1 493 {-999.0 19.372847 18.857687 18.684378 -999.0} sdss_psfmag_gaia 18.930761 18.893423 18.019123 16.171 63050395808838001 1143600700 dark_1x3 mwm_wd_pwd_boss_1x3 mwm_wd science 0 0 0.0 0.0 -999 ""
FIBERMAP 1371 R-4C4 METROLOGY 0 0 0 1 0 0 -175.5450124831201 -69.4755300848496 143.1 3.3991475855431057 -188.75306124409016 31.589226 147.21878 -999.0 -999.0 -999.0 -999.0 -999.0 22.919936002969717 -42.241594869440775 22.883777208299534 -42.09756366896512 59.39760463740534 235.38331513825688 -999.0 6231.0 -999.0 -1 -999 {-999.0 -999.0 -999.0 -999.0 -999.0} "" -999.0 -999.0 -999.0 -999.0 -999 -999 "" "" "" "" 0 0 0.0 0.0 -999 ""
FIBERMAP 1375 R+7C1 APOGEE 0 0 0 1 0 0 -228.6769981426454 132.21573970956985 143.1 -204.09395811693327 -167.66849655429095 213.06203 93.293365 -999.0 -999.0 -999.0 -999.0 -999.0 22.0729910631327 -42.17430467370072 22.03899197130147 -42.02959181432425 58.804113382742834 235.79974550834322 -999.0 16600.0 -999.0 2 49 {-999.0 -999.0 -999.0 -999.0 -999.0} "" -999.0 -999.0 -999.0 -999.0 -999 -999 "" ops_sky_apogee_best_unassigned ops_sky sky_apogee 0 0 0.0 0.0 -999 ""
FIBERMAP 1375 R+7C1 BOSS 1 1 0 1 0 0 -229.12981922811247 132.8144727020125 143.1 -204.8135453742494 -167.88219013184386 213.06203 93.293365 22.069229839429408 -42.17493487921569 13.913087 -4.010437 1.9341096 22.069893655818948 -42.17495158816515 22.03607177271988 -42.030206440705214 58.8018612908546 235.79954406142073 5400.0 5400.0 2016.0 1 36 {-999.0 14.5922575 13.800905 13.363619 12.989133} sdss_psfmag_from_gdr3 15.090563 14.432501 13.633918 11.989 63050395808353130 1059554259 bright_flexible_2x1 bhm_spiders_agn_gaiadr3 bhm_spiders science 0 0 1.5366746187210083 0.0 -999 ""
FIBERMAP 1375 R+7C1 METROLOGY 0 0 0 1 0 0 -228.3858815449867 132.9054258019271 143.1 -204.63744577852782 -167.15373457799174 213.06203 93.293365 -999.0 -999.0 -999.0 -999.0 -999.0 22.070618085093987 -42.17278510588547 22.036749268491747 -42.028049438884246 58.80284258914624 235.8033775013372 -999.0 6231.0 -999.0 -1 -999 {-999.0 -999.0 -999.0 -999.0 -999.0} "" -999.0 -999.0 -999.0 -999.0 -999 -999 "" "" "" "" 0 0 0.0 0.0 -999 ""
FIBERMAP 1377 R-3C22 APOGEE 0 0 0 1 0 0 219.19733395230443 -74.0440265905802 143.1 146.30139343477165 179.22176807069476 321.1837 84.72153 -999.0 -999.0 -999.0 -999.0 -999.0 23.49250852461478 -41.12478317953872 23.456504493738635 -40.98153568615459 60.073983355571876 237.33947530809743 -999.0 16600.0 -999.0 2 202 {-999.0 -999.0 -999.0 -999.0 -999.0} "" -999.0 -999.0 -999.0 -999.0 -999 -999 "" ops_sky_apogee_best_unassigned ops_sky sky_apogee 0 0 0.0 0.0 -999 ""
FIBERMAP 1377 R-3C22 BOSS 1 1 0 1 0 0 218.68770887080012 -74.56218804672933 143.1 146.6075549803631 178.56266234622532 321.1837 84.72153 23.493631660506914 -41.12677430541544 -999.0 -999.0 -999.0 23.493634837642034 -41.126766513183775 23.457784396276622 -40.98349226157747 60.07449266571538 237.33522200893063 5400.0 5400.0 2016.0 1 285 {-999.0 21.294464 19.94499 19.416353 19.060518} sdss_fiber2mag_from_lsdr10 19.777447 20.981354 18.140802 16.01 63050395808841923 1162134472 dark_flexible_3x1 bhm_colr_galaxies_lsdr10_d3 bhm_filler science 0 0 0.0 0.0 -999 ""
FIBERMAP 1377 R-3C22 METROLOGY 0 0 0 1 0 0 218.4790431865814 -73.86694105090496 143.1 145.88334817495166 178.61145392256108 321.1837 84.72153 -999.0 -999.0 -999.0 -999.0 -999.0 23.490805304950086 -41.12659295962481 23.454916944507545 -40.98332395568357 60.072418939015705 237.33651117296694 -999.0 6231.0 -999.0 -1 -999 {-999.0 -999.0 -999.0 -999.0 -999.0} "" -999.0 -999.0 -999.0 -999.0 -999 -999 "" "" "" "" 0 0 0.0 0.0 -999 ""
FIBERMAP 1379 R-4C9 APOGEE 0 0 0 1 0 0 -78.44324143179905 -70.45210706453503 143.1 38.41351307600017 -98.18407133367135 147.79129 116.053856 -999.0 -999.0 -999.0 -999.0 -999.0 23.062537596151827 -41.96718904926446 23.026316892761486 -41.82336722479895 59.566513412435604 235.85711749044606 -999.0 16600.0 -999.0 2 292 {-999.0 -999.0 -999.0 -999.0 -999.0} "" -999.0 -999.0 -999.0 -999.0 -999 -999 "" ops_sky_apogee_best_unassigned ops_sky sky_apogee 0 0 0.0 0.0 -999 ""
FIBERMAP 1379 R-4C9 BOSS 1 1 0 1 0 0 -78.3101658368982 -69.72099820294642 143.1 37.77574259111952 -97.80272913228713 147.79129 116.053856 23.059803130155963 -41.966110224463556 -999.0 -999.0 -999.0 23.059794102221986 -41.96612330108544 23.023746159674715 -41.8222693310902 59.56491423928047 235.8601231560324 5400.0 5400.0 2016.0 1 480 {-999.0 -999.0 -999.0 -999.0 -999.0} "" -999.0 -999.0 -999.0 -999.0 63050398759871737 1128045757 dark_flexible_3x1 bhm_csc_boss_d3 bhm_csc science 0 0 0.0 0.0 -999 ""
FIBERMAP 1379 R-4C9 METROLOGY 0 0 0 1 0 0 -77.73675015569528 -70.21969730934367 143.1 38.44402291372257 -97.4409986194147 147.79129 116.053856 -999.0 -999.0 -999.0 -999.0 -999.0 23.062570283896548 -41.965020382917196 23.026470445639234 -41.82117759485815 59.567146000949464 235.861262101095 -999.0 6231.0 -999.0 -1 -999 {-999.0 -999.0 -999.0 -999.0 -999.0} "" -999.0 -999.0 -999.0 -999.0 -999 -999 "" "" "" "" 0 0 0.0 0.0 -999 ""
FIBERMAP 1385 R-13C3 APOGEE 0 0 0 1 0 0 -90.94045695993245 -263.41365248581195 143.1 214.68582196664727 -177.64856205818205 325.99313 103.51673 -999.0 -999.0 -999.0 -999.0 -999.0 23.782340717444047 -42.20244057328656 23.743918787558584 -42.059206278259715 60.02532603779915 235.1403396241959 -999.0 16600.0 -999.0 2 156 {-999.0 -999.0 -999.0 -999.0 -999.0} "" -999.0 -999.0 -999.0 -999.0 -999 -999 "" ops_sky_apogee_best_unassigned ops_sky sky_apogee 0 0 0.0 0.0 -999 ""
FIBERMAP 1385 R-13C3 BOSS 1 1 0 1 0 0 -91.19956428811079 -264.13305833792685 143.1 215.2683758415547 -178.14379215758308 325.99313 103.51673 23.78453101393376 -42.20392478298504 -0.05739153 -1.2825212 0.18551594 23.784537497324266 -42.20392409181136 23.746268535628076 -42.06065969291558 60.02663885156706 235.13663135553858 5400.0 5400.0 2016.0 1 437 {-999.0 20.88691 20.738132 20.60756 20.533066} sdss_psfmag_from_gaiadr2 20.572575 20.72902 20.06571 -999.0 63050395808834480 1130401284 dark_flexible_3x1 bhm_gua_dark_d3 bhm_filler science 0 0 0.0 0.0 -999 ""
FIBERMAP 1385 R-13C3 METROLOGY 0 0 0 1 0 0 -91.68004257299641 -263.5395304267587 143.1 214.54394925346494 -178.38520781665034 325.99313 103.51673 -999.0 -999.0 -999.0 -999.0 -999.0 23.781708284754764 -42.20471211475906 23.743399672272346 -42.061453966186264 60.02437636982631 235.13618980921734 -999.0 6231.0 -999.0 -1 -999 {-999.0 -999.0 -999.0 -999.0 -999.0} "" -999.0 -999.0 -999.0 -999.0 -999 -999 "" "" "" "" 0 0 0.0 0.0 -999 ""
FIBERMAP 1386 R-3C2 APOGEE 0 0 0 1 0 0 -256.1059700661934 -60.04725961910024 143.1 -33.71937574544285 -260.8675928955095 245.12985 43.778572 -999.0 -999.0 -999.0 -999.0 -999.0 22.76821625842692 -42.45854308435903 22.73199720880973 -42.31435309280836 59.23544757573643 235.02548049075685 -999.0 16600.0 -999.0 2 -999 {-999.0 -999.0 -999.0 -999.0 -999.0} "" -999.0 -999.0 -999.0 -999.0 -999 -999 "" "" "" "" 0 0 0.0 0.0 -999 ""
FIBERMAP 1386 R-3C2 BOSS 1 1 0 1 0 0 -256.349853488642 -59.348444201383344 143.1 -34.45929120862176 -260.8505209225369 245.12985 43.778572 22.764967700058726 -42.45852995509239 -999.0 -999.0 -999.0 22.765014781568553 -42.45852273834212 22.728971293603934 -42.31429848371144 59.23329279857884 235.02666407925915 5400.0 5400.0 2015.5 1 514 {-999.0 -999.0 -999.0 -999.0 -999.0} "" -999.0 -999.0 -999.0 -999.0 27021603160525466 813930387 "" ops_sky_boss_good ops_sky sky_boss 0 0 0.0 0.0 -999 ""
FIBERMAP 1386 R-3C2 METROLOGY 0 0 0 1 0 0 -255.60816846961995 -59.488965980192326 143.1 -34.067263368480454 -260.2054634043491 245.12985 43.778572 -999.0 -999.0 -999.0 -999.0 -999.0 22.76665926337399 -42.45662889862043 22.730567012242716 -42.312415427387485 59.23490117398249 235.02966180532223 -999.0 6231.0 -999.0 -1 -999 {-999.0 -999.0 -999.0 -999.0 -999.0} "" -999.0 -999.0 -999.0 -999.0 -999 -999 "" "" "" "" 0 0 0.0 0.0 -999 ""
FIBERMAP 1389 R+2C3 APOGEE 0 0 0 1 0 0 -237.6026910372047 33.47113013693879 143.1 -114.77841124165381 -210.70218468634863 212.69232 106.36188 -999.0 -999.0 -999.0 -999.0 -999.0 22.436436412630812 -42.30665629811928 22.401304572709535 -42.16221780752754 59.03474144791264 235.42876666297553 -999.0 16600.0 -999.0 2 37 {-999.0 -999.0 -999.0 -999.0 -999.0} "" -999.0 -999.0 -999.0 -999.0 -999 -999 "" ops_sky_apogee_best_unassigned ops_sky sky_apogee 0 0 0.0 0.0 -999 ""
FIBERMAP 1389 R+2C3 BOSS 1 1 0 1 0 0 -238.17303967917908 33.923148255399305 143.1 -115.40190921463011 -211.07743702381987 212.69232 106.36188 22.433589757330736 -42.30782088059572 23.009113 -3.707816 0.7076171 22.433699494312723 -42.30782696814867 22.398741558156757 -42.16335536477566 59.032625943569485 235.4274952494421 5400.0 5400.0 2016.0 1 61 {-999.0 18.39668 17.410898 17.020882 -999.0} sdss_psfmag_gaia 18.069464 17.436214 16.656582 15.002 63050395808352857 1074707214 dark_flexible_2x1 mwm_halo_local_high_boss mwm_halo science 0 0 0.0 0.0 -999 ""
FIBERMAP 1389 R+2C3 METROLOGY 0 0 0 1 0 0 -237.46981547468746 34.198623090059314 143.1 -115.4128665640286 -210.3222995949501 212.69232 106.36188 -999.0 -999.0 -999.0 -999.0 -999.0 22.433680425628236 -42.30557995467676 22.398678119299746 -42.16111750662611 59.03311127998494 235.43174190661563 -999.0 6231.0 -999.0 -1 -999 {-999.0 -999.0 -999.0 -999.0 -999.0} "" -999.0 -999.0 -999.0 -999.0 -999 -999 "" "" "" "" 0 0 0.0 0.0 -999 ""
FIBERMAP 1390 R+5C10 APOGEE 0 0 0 1 0 0 -32.748694834830964 112.22613098684975 143.1 -116.57282148587254 8.750285527841928 102.254456 100.97133 -999.0 -999.0 -999.0 -999.0 -999.0 22.43179425558847 -41.64230479787355 22.39766003425433 -41.49801424829538 59.18362809373927 236.68960380958825 -999.0 16600.0 -999.0 2 138 {-999.0 -999.0 -999.0 -999.0 -999.0} "" -999.0 -999.0 -999.0 -999.0 -999 -999 "" ops_sky_apogee_best_unassigned ops_sky sky_apogee 0 0 0.0 0.0 -999 ""
FIBERMAP 1390 R+5C10 BOSS 1 1 0 1 0 0 -32.07182366153477 112.53381165672332 143.1 -116.6231862987014 9.49205981267299 102.254456 100.97133 22.43133544921875 -41.640072344555165 -999.0 -999.0 -999.0 22.431354943007648 -41.64007599776193 22.397391696979298 -41.495757602380195 59.183925894214234 236.69398792396362 5400.0 5400.0 2015.5 1 134 {-999.0 -999.0 -999.0 -999.0 -999.0} "" -999.0 -999.0 -999.0 -999.0 27021603161555866 814091303 "" ops_sky_boss_good ops_sky sky_boss 0 0 0.0 0.0 -999 ""
FIBERMAP 1390 R+5C10 METROLOGY 0 0 0 1 0 0 -32.15205427183342 111.77264344778912 143.1 -115.93871460783112 9.14963775851849 102.254456 100.97133 -999.0 -999.0 -999.0 -999.0 -999.0 22.434155905649323 -41.64111505983942 22.40013683853755 -41.496806724229884 59.18570252509741 236.6911111065243 -999.0 6231.0 -999.0 -1 -999 {-999.0 -999.0 -999.0 -999.0 -999.0} "" -999.0 -999.0 -999.0 -999.0 -999 -999 "" "" "" "" 0 0 0.0 0.0 -999 ""
FIBERMAP 1394 R+6C7 APOGEE 0 0 0 1 0 0 -108.30541964984818 126.18654226018455 143.1 -156.17720247917066 -57.08742229427213 214.17455 40.137215 -999.0 -999.0 -999.0 -999.0 -999.0 22.269809137451613 -41.8413281759939 22.23579345387418 -41.696855572950724 59.021736730732144 236.36384400149234 -999.0 16600.0 -999.0 2 41 {-999.0 -999.0 -999.0 -999.0 -999.0} "" -999.0 -999.0 -999.0 -999.0 -999 -999 "" ops_sky_apogee_best_unassigned ops_sky sky_apogee 0 0 0.0 0.0 -999 ""
FIBERMAP 1394 R+6C7 BOSS 1 1 0 1 0 0 -108.1028692890694 126.90729151242748 143.1 -156.78087570144126 -56.64467212103494 214.17455 40.137215 22.26709212495038 -41.8400278693787 -999.0 -999.0 -999.0 22.267117795889217 -41.84002328899353 22.233278949751764 -41.695520184370494 59.02020213746857 236.36718278676906 5400.0 5400.0 2015.5 1 68 {-999.0 -999.0 -999.0 -999.0 -999.0} "" -999.0 -999.0 -999.0 -999.0 27021603161215519 814039713 "" ops_sky_boss_good ops_sky sky_boss 0 0 0.0 0.0 -999 ""
FIBERMAP 1394 R+6C7 METROLOGY 0 0 0 1 0 0 -107.58188390688655 126.35490333308437 143.1 -156.0807411445649 -56.350884137558126 214.17455 40.137215 -999.0 -999.0 -999.0 -999.0 -999.0 22.269987575038417 -41.83914684087562 22.236095065636675 -41.69465443293581 59.02244455230458 236.36791691635375 -999.0 6231.0 -999.0 -1 -999 {-999.0 -999.0 -999.0 -999.0 -999.0} "" -999.0 -999.0 -999.0 -999.0 -999 -999 "" "" "" "" 0 0 0.0 0.0 -999 ""
FIBERMAP 1397 R-3C19 APOGEE 0 0 0 1 0 0 156.73186856000413 -67.23001083475313 143.1 117.98522245750546 123.13114759598474 329.56622 109.197525 -999.0 -999.0 -999.0 -999.0 -999.0 23.38086614492361 -41.29468521001736 23.344877620749003 -41.151298911956346 59.954117217727074 237.045855657029 -999.0 16600.0 -999.0 2 -999 {-999.0 -999.0 -999.0 -999.0 -999.0} "" -999.0 -999.0 -999.0 -999.0 -999 -999 "" "" "" "" 0 0 0.0 0.0 -999 ""
FIBERMAP 1397 R-3C19 BOSS 1 1 0 1 0 0 156.58775234732607 -67.9551795586465 143.1 118.61355423732272 122.74155461749157 329.56622 109.197525 23.383235562138736 -41.2958522496756 16.52765 3.358019 0.52684265 23.383309216101114 -41.29583622043289 23.347473336994824 -41.15242401030889 59.9557694597196 237.04278999169946 5400.0 5400.0 2016.0 1 305 {-999.0 17.374197 16.82287 16.634533 -999.0} sdss_psfmag_gaia 17.252584 16.861174 16.30257 15.254 63050395808839950 1136525216 dark_flexible_3x1 mwm_halo_local_high_boss_triple mwm_halo science 0 0 0.0 0.0 -999 ""
FIBERMAP 1397 R-3C19 METROLOGY 0 0 0 1 0 0 156.02300784145467 -67.46878834310273 143.1 117.95984235860625 122.3836202641051 329.56622 109.197525 -999.0 -999.0 -999.0 -999.0 -999.0 23.38075223419134 -41.29690602977827 23.344875596438442 -41.153499180457395 59.95362209909838 237.04157395057632 -999.0 6231.0 -999.0 -1 -999 {-999.0 -999.0 -999.0 -999.0 -999.0} "" -999.0 -999.0 -999.0 -999.0 -999 -999 "" "" "" "" 0 0 0.0 0.0 -999 ""
FIBERMAP 1399 R+5C21 APOGEE 0 0 1 1 0 0 213.7506532192118 104.7671212612518 143.1 -23.0240542071898 236.91689677322296 10.015881 170.06453 -999.0 -999.0 -999.0 -999.0 -999.0 22.811902953322065 -40.95229548128051 22.777836751869074 -40.80848831394819 59.60970462940037 237.8938715261952 -999.0 16600.0 -999.0 2 -999 {-999.0 -999.0 -999.0 -999.0 -999.0} "" -999.0 -999.0 -999.0 -999.0 -999 -999 "" "" "" "" 0 0 0.0 0.0 -999 ""
FIBERMAP 1399 R+5C21 BOSS 1 0 1 1 0 0 214.47365332491833 104.78609002527735 143.1 -22.787911797640447 237.6004700905569 10.015881 170.06453 22.77053833007812 -40.99287477554685 -999.0 -999.0 -999.0 22.812684398133943 -40.95023684884079 22.778781858919103 -40.806405001003874 59.610832782562696 237.89761130978633 5400.0 5400.0 2015.5 1 247 {-999.0 -999.0 -999.0 -999.0 -999.0} "" -999.0 -999.0 -999.0 -999.0 27021603161556447 821851323 "" ops_sky_boss_good ops_sky sky_boss 0 0 0.0 0.0 -999 ""
FIBERMAP 1399 R+5C21 METROLOGY 0 0 1 1 0 0 214.1247363769547 104.11938674164581 143.1 -22.286240120135854 237.03966335773157 10.015881 170.06453 -999.0 -999.0 -999.0 -999.0 -999.0 22.814735049649933 -40.95187473255542 22.780778970430447 -40.808051596943095 59.611973811990694 237.89381170194693 -999.0 6231.0 -999.0 -1 -999 {-999.0 -999.0 -999.0 -999.0 -999.0} "" -999.0 -999.0 -999.0 -999.0 -999 -999 "" "" "" "" 0 0 0.0 0.0 -999 ""
FIBERMAP 1401 R-2C6 APOGEE 0 0 1 1 0 0 -156.0878429159258 -31.12232317214248 143.1 -25.676267127033572 -157.06738769978446 10.34553 169.79137 -999.0 -999.0 -999.0 -999.0 -999.0 22.800960847518716 -42.14579954643167 22.765134646747413 -42.001709419090766 59.33522212259543 235.60757722993574 -999.0 16600.0 -999.0 2 -999 {-999.0 -999.0 -999.0 -999.0 -999.0} "" -999.0 -999.0 -999.0 -999.0 -999 -999 "" "" "" "" 0 0 0.0 0.0 -999 ""
FIBERMAP 1401 R-2C6 BOSS 1 0 1 1 0 0 -155.34319034185071 -31.09988589244281 143.1 -25.43576825147544 -156.3623240999711 10.34553 169.79137 22.893076294232444 -42.197270084577106 -20.686056 -40.249443 4.714665 22.8017626770169 -42.143763319729175 22.766103602938983 -41.999643996529485 59.336414654895364 235.6111726176855 5400.0 5400.0 2016.0 1 470 {-999.0 22.182476 20.207134 18.109367 -999.0} sdss_psfmag_gaia 20.75394 18.844658 17.472874 14.932 63050395808838024 1077991556 bright_flexible_2x1 mwm_snc_ext_main_boss mwm_snc science 0 0 0.0 0.0 -999 ""
FIBERMAP 1401 R-2C6 METROLOGY 0 0 1 1 0 0 -155.70140860397345 -31.7627657842023 143.1 -24.94094266103069 -156.9304965348952 10.34553 169.79137 -999.0 -999.0 -999.0 -999.0 -999.0 22.803831032839767 -42.145492117094676 22.768116962256897 -42.001382778860794 59.33745222674642 235.60716108702604 -999.0 6231.0 -999.0 -1 -999 {-999.0 -999.0 -999.0 -999.0 -999.0} "" -999.0 -999.0 -999.0 -999.0 -999 -999 "" "" "" "" 0 0 0.0 0.0 -999 ""
