#%yanny
#
# confSummaryS-10023432.par
#
# Created by pydl.pydlutils.yanny.yanny
#
# 2026-09-15 14:05:12 UTC
#
configuration_id 10023432
robostrategy_run iota-1
fps_calibrations_version 2025.12.04+ccda1c9
jaeger_version 1.11.1
coordio_version 1.18.1
kaiju_version 1.4.1
design_id 744164
field_id 109989
focal_scale 0.99996
instruments BOSS APOGEE
epoch 2461298.471444939
obstime Mon Sep 14 23:33:39 2026
MJD 61298
observatory LCO
temperature 11.3
raCen 276.514225126284
decCen -28.9228660799993
pa 267.7166
is_dithered 0
parent_configuration -999
dither_radius -999.0
cloned_from -999

typedef enum {
    BOSS,
    APOGEE,
    METROLOGY,
    NONE
} FIBERTYPE;

typedef struct {
    short positionerId;
    char holeId[28];
    FIBERTYPE fiberType;
    short assigned;
    short on_target;
    short disabled;
    short valid;
    short decollided;
    short too;
    double xwok;
    double ywok;
    double zwok;
    double xFocal;
    double yFocal;
    float alpha;
    float beta;
    double racat;
    double deccat;
    float pmra;
    float pmdec;
    float parallax;
    double ra;
    double dec;
    double ra_observed;
    double dec_observed;
    double alt_observed;
    double az_observed;
    float lambda_design;
    float lambda_eff;
    float coord_epoch;
    short spectrographId;
    short fiberId;
    float mag[5];
    char optical_prov[92];
    float bp_mag;
    float gaia_g_mag;
    float rp_mag;
    float h_mag;
    long catalogid;
    long carton_to_target_pk;
    char cadence[40];
    char firstcarton[152];
    char program[48];
    char category[60];
    long sdssv_boss_target0;
    long sdssv_apogee_target0;
    double delta_ra;
    double delta_dec;
    long too_id;
    char too_program[4];
} FIBERMAP;

FIBERMAP 4 R+1C12 APOGEE 0 0 0 1 0 0 -12.479770405798408 21.177208386823782 143.1 -20.662343988915367 -13.313077359683941 67.01992 39.083603 -999.0 -999.0 -999.0 -999.0 -999.0 276.44236066928454 -28.963089387367955 276.5254635570973 -28.94855895696215 86.45667072031856 89.89191853616154 -999.0 16600.0 -999.0 2 -999 {-999.0 -999.0 -999.0 -999.0 -999.0} "" -999.0 -999.0 -999.0 -999.0 -999 -999 "" "" "" "" 0 0 0.0 0.0 -999 ""
FIBERMAP 4 R+1C12 BOSS 1 1 0 1 0 0 -12.273258307562555 20.46896418443871 143.1 -19.9629180413916 -13.078520541059163 67.01992 39.083603 276.4447924417514 -28.962378813661626 -0.34792438 -4.7113466 -0.015017077 276.4447912594367 -28.962392821477327 276.5278759642233 -28.94785662817774 86.45453565443138 89.88180289281944 5400.0 5400.0 2016.0 1 22 {-999.0 16.947392 15.723065 15.144803 -999.0} sdss_psfmag_ps1 16.282192 15.488927 14.54764 12.515 63050395263683691 1093353589 bright_3x1 mwm_astar_core_boss mwm_ob science 0 0 0.0 0.0 -999 ""
FIBERMAP 4 R+1C12 METROLOGY 0 0 0 1 0 0 -12.995749436362033 20.63566997007505 143.1 -20.10070023983759 -13.807050797184194 67.01992 39.083603 -999.0 -999.0 -999.0 -999.0 -999.0 276.4442979456961 -28.964605303608963 276.5273946130146 -28.950069991002355 86.4550363307899 89.91732824096562 -999.0 6231.0 -999.0 -1 -999 {-999.0 -999.0 -999.0 -999.0 -999.0} "" -999.0 -999.0 -999.0 -999.0 -999 -999 "" "" "" "" 0 0 0.0 0.0 -999 ""
FIBERMAP 6 R+3C2 APOGEE 0 0 0 1 0 0 -241.2425731731949 69.27972819070358 143.1 -59.610675325968835 -243.80153306448318 113.93462 121.889946 -999.0 -999.0 -999.0 -999.0 -999.0 276.30414327003086 -29.6598116976983 276.3896677964136 -29.64555905276812 86.53012479476347 101.40828997473375 -999.0 16600.0 -999.0 2 -999 {-999.0 -999.0 -999.0 -999.0 -999.0} "" -999.0 -999.0 -999.0 -999.0 -999 -999 "" "" "" "" 0 0 0.0 0.0 -999 ""
FIBERMAP 6 R+3C2 BOSS 1 1 0 1 0 0 -240.8448198602384 69.87483109811694 143.1 -60.22112869752867 -243.4278207928928 113.93462 121.889946 276.3020324707031 -29.65869636180483 -999.0 -999.0 -999.0 276.3020324707031 -29.65869636180483 276.38753894332734 -29.644447205722305 86.53213290546866 101.39520406481974 5400.0 5400.0 2015.5 1 75 {-999.0 -999.0 -999.0 -999.0 -999.0} "" -999.0 -999.0 -999.0 -999.0 27021603147060952 852450531 "" ops_sky_boss_fallback ops_sky sky_boss 0 0 0.0 0.0 -999 ""
FIBERMAP 6 R+3C2 METROLOGY 0 0 0 1 0 0 -240.4961000398987 69.23201993079992 143.1 -59.59274687074817 -243.0537817499893 113.93462 121.889946 -999.0 -999.0 -999.0 -999.0 -999.0 276.30420703267123 -29.657626362340654 276.3897134312758 -29.643372278463662 86.53044555823544 101.37254227108491 -999.0 6231.0 -999.0 -1 -999 {-999.0 -999.0 -999.0 -999.0 -999.0} "" -999.0 -999.0 -999.0 -999.0 -999 -999 "" "" "" "" 0 0 0.0 0.0 -999 ""
FIBERMAP 13 R-1C1 APOGEE 1 1 0 1 0 0 -300.50521955720075 -14.43364353827706 143.1 26.39394613054904 -299.679555295359 227.89795 41.334934 276.60301865752615 -29.828295888057262 -2.5288398 -5.731141 0.1378248 276.6030099905559 -29.828312927934213 276.68903713244913 -29.813262242781605 86.24421609116786 103.28502746621245 16000.0 16600.0 2016.0 2 255 {-999.0 16.012285 14.429069 12.960761 -999.0} sdss_psfmag_from_g3xp 15.342727 13.680228 12.442837 9.607 63050395244612670 1155740840 bright_1x1 mwm_galactic_core_dist_apogee_extra mwm_galactic science 0 0 0.0 0.0 -999 ""
FIBERMAP 13 R-1C1 BOSS 0 0 0 1 0 0 -300.5022230483433 -13.694773568988534 143.1 25.65557298684017 -299.7059983867044 227.89795 41.334934 -999.0 -999.0 -999.0 -999.0 -999.0 276.60044975299263 -29.828338696601286 276.6864618170324 -29.813291930949465 86.24640209474025 103.29211095783415 -999.0 5400.0 -999.0 1 525 {-999.0 -999.0 -999.0 -999.0 -999.0} "" -999.0 -999.0 -999.0 -999.0 -999 -999 "" "" "" "" 0 0 0.0 0.0 -999 ""
FIBERMAP 13 R-1C1 METROLOGY 0 0 0 1 0 0 -299.8585972060651 -14.052874153941296 143.1 25.9877324123441 -299.0486423404947 227.89795 41.334934 -999.0 -999.0 -999.0 -999.0 -999.0 276.6016151887488 -29.826440562074566 276.6876248806592 -29.811391768387548 86.24578150783009 103.26064578523778 -999.0 6231.0 -999.0 -1 -999 {-999.0 -999.0 -999.0 -999.0 -999.0} "" -999.0 -999.0 -999.0 -999.0 -999 -999 "" "" "" "" 0 0 0.0 0.0 -999 ""
FIBERMAP 15 R-1C25 APOGEE 0 0 0 1 0 0 242.09362385847186 -8.254585460734239 143.1 -1.3974796339499298 242.22058921929187 189.48196 64.139305 -999.0 -999.0 -999.0 -999.0 -999.0 276.5118895358235 -28.189805764338 276.59236444449255 -28.175185399458584 86.28897382351526 77.89712230302035 -999.0 16600.0 -999.0 2 -999 {-999.0 -999.0 -999.0 -999.0 -999.0} "" -999.0 -999.0 -999.0 -999.0 -999 -999 "" "" "" "" 0 0 0.0 0.0 -999 ""
FIBERMAP 15 R-1C25 BOSS 1 1 0 1 0 0 242.2671007878725 -7.57109737547933 143.1 -2.0873091417438174 242.36669082323763 189.48196 64.139305 276.5095441323565 -28.189311326841636 -1.910332 -6.5774775 0.11920688 276.5095376882104 -28.189330883053163 276.58999626453095 -28.174720081988134 86.29088545893613 77.88229835069914 5400.0 5400.0 2016.0 1 336 {-999.0 16.466963 15.364632 15.049159 -999.0} sdss_psfmag_ps1 15.977287 15.298117 14.489042 12.783 63050395264326198 1093503886 bright_1x1 mwm_astar_core_boss_single mwm_ob science 0 0 0.0 0.0 -999 ""
FIBERMAP 15 R-1C25 METROLOGY 0 0 0 1 0 0 242.8213066454152 -8.08144973830106 143.1 -1.5994623591959702 242.94076727820234 189.48196 64.139305 -999.0 -999.0 -999.0 -999.0 -999.0 276.51121420677816 -28.187571204726463 276.59167083414115 -28.172955290664284 86.28902387816814 77.8614034130535 -999.0 6231.0 -999.0 -1 -999 {-999.0 -999.0 -999.0 -999.0 -999.0} "" -999.0 -999.0 -999.0 -999.0 -999 -999 "" "" "" "" 0 0 0.0 0.0 -999 ""
FIBERMAP 24 R+3C10 APOGEE 0 0 0 1 0 0 -76.56363066819641 52.46643802937119 143.1 -49.37233256263866 -78.59007745485904 261.18546 34.95171 -999.0 -999.0 -999.0 -999.0 -999.0 276.3417901591867 -29.16085687234091 276.4255929089919 -29.146565005070006 86.54550825471787 93.12587202397731 -999.0 16600.0 -999.0 2 -999 {-999.0 -999.0 -999.0 -999.0 -999.0} "" -999.0 -999.0 -999.0 -999.0 -999 -999 "" "" "" "" 0 0 0.0 0.0 -999 ""
FIBERMAP 24 R+3C10 BOSS 1 1 0 1 0 0 -76.88202371514741 53.140052279130614 143.1 -50.03270002252348 -78.93504223308427 261.18546 34.95171 276.3394679398069 -29.161928987082483 1.3108488 -3.337431 0.11470471 276.3394724029559 -29.161938909960387 276.4232645903299 -29.147652676466542 86.54751821195697 93.14464006656254 5400.0 5400.0 2016.0 1 24 {-999.0 14.97031 14.274319 13.983287 -999.0} sdss_psfmag_from_g3xp 14.756474 14.296836 13.605403 12.427 63050395263615120 1093127541 bright_3x1 mwm_astar_core_boss mwm_ob science 0 0 0.0 0.0 -999 ""
FIBERMAP 24 R+3C10 METROLOGY 0 0 0 1 0 0 -76.1454578902524 53.08662327958494 143.1 -50.00866088452805 -78.19696204611067 261.18546 34.95171 -999.0 -999.0 -999.0 -999.0 -999.0 276.33955673915887 -29.15970714304674 276.42334552476973 -29.1454210350128 86.54749454248822 93.10756599096817 -999.0 6231.0 -999.0 -1 -999 {-999.0 -999.0 -999.0 -999.0 -999.0} "" -999.0 -999.0 -999.0 -999.0 -999 -999 "" "" "" "" 0 0 0.0 0.0 -999 ""
FIBERMAP 27 R-2C1 APOGEE 1 1 0 1 0 0 -256.85737559885837 -54.61002730816318 143.1 64.79786236818077 -254.46745762014402 356.72217 57.469418 276.73717724238435 -29.692908904593423 0.6642824 -0.5943213 0.22953498 276.73717951597285 -29.692910671634554 276.8227028244148 -29.67752680599857 86.15354070212724 100.96392692282907 16000.0 16600.0 2016.0 2 256 {-999.0 19.311275 19.297768 13.096188 -999.0} sdss_psfmag_gaia 16.717043 13.497118 11.707635 7.802 63050395245122931 1154354289 bright_1x1 mwm_galactic_core_dist_apogee_sparse mwm_galactic science 0 0 0.0 0.0 -999 ""
FIBERMAP 27 R-2C1 BOSS 0 0 0 1 0 0 -257.2703850938617 -55.23225367879869 143.1 65.43602439938503 -254.85533273238872 356.72217 57.469418 -999.0 -999.0 -999.0 -999.0 -999.0 276.7394132900068 -29.69407798931926 276.8249236845734 -29.67868595026594 86.15145599188531 100.9765782223825 -999.0 5400.0 -999.0 1 526 {-999.0 -999.0 -999.0 -999.0 -999.0} "" -999.0 -999.0 -999.0 -999.0 -999 -999 "" "" "" "" 0 0 0.0 0.0 -999 ""
FIBERMAP 27 R-2C1 METROLOGY 0 0 0 1 0 0 -257.6018605901614 -54.55716449040944 143.1 64.7747044449684 -255.2134278119545 356.72217 57.469418 -999.0 -999.0 -999.0 -999.0 -999.0 276.73711728534585 -29.695201021903397 276.82263683233043 -29.679815449992883 86.1532452793113 100.99776762032457 -999.0 6231.0 -999.0 -1 -999 {-999.0 -999.0 -999.0 -999.0 -999.0} "" -999.0 -999.0 -999.0 -999.0 -999 -999 "" "" "" "" 0 0 0.0 0.0 -999 ""
FIBERMAP 34 R-11C16 APOGEE 1 1 0 1 0 0 167.39629569141624 -192.0216017911605 143.1 185.1922715136156 174.90696537267803 156.45177 35.22806 277.1528584990256 -28.393880105966407 2.817772 -2.7756174 0.4892292 277.1528680225336 -28.393888358455122 277.2338581665867 -28.377576741910087 85.77779590450997 82.45216302525462 16000.0 16600.0 2016.0 2 235 {-999.0 16.052101 14.900865 14.362221 -999.0} sdss_psfmag_from_g3xp 15.598693 14.8518505 13.946091 11.903 63050395266291293 917003935 bright_3x1 mwm_yso_variable_apogee mwm_yso science 0 0 0.0 0.0 -999 ""
FIBERMAP 34 R-11C16 BOSS 0 0 0 1 0 0 168.13710185327955 -191.86993817125804 143.1 185.01122013890608 175.64111132549488 156.45177 35.22806 -999.0 -999.0 -999.0 -999.0 -999.0 277.1522598992923 -28.391663673645684 277.2332251657675 -28.375356602477964 85.7779648816169 82.42115804413913 -999.0 5400.0 -999.0 1 345 {-999.0 -999.0 -999.0 -999.0 -999.0} "" -999.0 -999.0 -999.0 -999.0 -999 -999 "" "" "" "" 0 0 0.0 0.0 -999 ""
FIBERMAP 34 R-11C16 METROLOGY 0 0 0 1 0 0 167.90858953862923 -192.57518485340512 143.1 185.72498274578405 175.4408871130041 156.45177 35.22806 -999.0 -999.0 -999.0 -999.0 -999.0 277.15474115610937 -28.39223984997387 277.23571269798697 -28.37592549159411 85.77590594822179 82.43385807375506 -999.0 6231.0 -999.0 -1 -999 {-999.0 -999.0 -999.0 -999.0 -999.0} "" -999.0 -999.0 -999.0 -999.0 -999 -999 "" "" "" "" 0 0 0.0 0.0 -999 ""
FIBERMAP 38 R+13C14 APOGEE 1 1 0 1 0 0 147.25992485298295 236.14144560434593 143.1 -241.81144585613384 137.7290699717229 296.65314 94.03065 275.68380682522087 -28.501733437192474 1.3338815 -18.535051 6.239554 275.68381133807674 -28.501788545764054 275.7655371393817 -28.489288801867193 87.06795234361708 80.44654672039236 16000.0 16600.0 2016.0 2 57 {-999.0 15.355116 13.907797 13.291436 -999.0} sdss_psfmag_from_g3xp 14.753174 13.844846 12.905995 10.986 63050395265362278 1069132603 bright_8x1 mwm_bin_rv_short_mdwarf_apogee_08epoch mwm_bin science 0 0 0.0 0.0 -999 ""
FIBERMAP 38 R+13C14 BOSS 0 0 0 1 0 0 146.57058762726132 235.872911342069 143.1 -241.51567186649865 137.0510062394703 296.65314 94.03065 -999.0 -999.0 -999.0 -999.0 -999.0 275.68481627283967 -28.503845275330434 275.76653844344514 -28.491344674970016 87.06748515533145 80.48929793322134 -999.0 5400.0 -999.0 1 95 {-999.0 -999.0 -999.0 -999.0 -999.0} "" -999.0 -999.0 -999.0 -999.0 -999 -999 "" "" "" "" 0 0 0.0 0.0 -999 ""
FIBERMAP 38 R+13C14 METROLOGY 0 0 0 1 0 0 146.69109159491228 236.62090865087242 143.1 -242.26784631773958 137.14160896747129 296.65314 94.03065 -999.0 -999.0 -999.0 -999.0 -999.0 275.6821942246176 -28.503531882759656 275.7639194404695 -28.491037557002322 87.0696847728732 80.47473890093818 -999.0 6231.0 -999.0 -1 -999 {-999.0 -999.0 -999.0 -999.0 -999.0} "" -999.0 -999.0 -999.0 -999.0 -999 -999 "" "" "" "" 0 0 0.0 0.0 -999 ""
FIBERMAP 41 R+10C10 APOGEE 0 0 0 1 0 0 38.71862056698417 192.82252015097396 143.1 -194.20428567912893 31.004144388469953 18.786541 91.43087 -999.0 -999.0 -999.0 -999.0 -999.0 275.8428799754306 -28.82551096701467 275.9256656425605 -28.812558396509537 86.97310868898444 86.9823304741725 -999.0 16600.0 -999.0 2 -999 {-999.0 -999.0 -999.0 -999.0 -999.0} "" -999.0 -999.0 -999.0 -999.0 -999 -999 "" "" "" "" 0 0 0.0 0.0 -999 ""
FIBERMAP 41 R+10C10 BOSS 1 1 0 1 0 0 38.97070718771632 192.12726511605442 143.1 -193.51965378741 31.28372022339012 18.786541 91.43087 275.84521094607186 -28.824656316877757 -4.90781 -4.510887 0.50567925 275.84519429048834 -28.824669728684608 275.92796346802817 -28.81171216387193 86.97103282886472 86.96948260048465 5400.0 5400.0 2016.0 1 127 {-999.0 18.91655 18.215862 17.934021 -999.0} sdss_psfmag_ps1 18.609854 18.131113 17.452774 -999.0 63050395264038352 979783657 "" ops_std_boss ops_std standard_boss 0 0 0.0 0.0 -999 ""
FIBERMAP 41 R+10C10 METROLOGY 0 0 0 1 0 0 38.248413103319194 192.2407958538109 143.1 -193.60431313571027 30.557505378779016 18.786541 91.43087 -999.0 -999.0 -999.0 -999.0 -999.0 275.8448459001107 -28.826863908005233 275.92762643502977 -28.81390671464568 86.97150620077467 87.01042273715149 -999.0 6231.0 -999.0 -1 -999 {-999.0 -999.0 -999.0 -999.0 -999.0} "" -999.0 -999.0 -999.0 -999.0 -999 -999 "" "" "" "" 0 0 0.0 0.0 -999 ""
FIBERMAP 47 R-6C12 APOGEE 0 0 0 1 0 0 1.025525017519758 -111.46996250527066 143.1 111.33614026564787 5.465711735826943 238.77896 24.920336 -999.0 -999.0 -999.0 -999.0 -999.0 276.90022261175795 -28.90673456933378 276.98301289482777 -28.89101933656496 86.05405304546537 89.27793436589008 -999.0 16600.0 -999.0 2 -999 {-999.0 -999.0 -999.0 -999.0 -999.0} "" -999.0 -999.0 -999.0 -999.0 -999 -999 "" "" "" "" 0 0 0.0 0.0 -999 ""
FIBERMAP 47 R-6C12 BOSS 1 1 0 1 0 0 1.0649672584952823 -110.74203360108336 143.1 110.6072470386295 5.4761198810573815 238.77896 24.920336 276.8977877334571 -28.90668320651235 -0.86836094 -5.5614066 0.09252317 276.8977847841831 -28.906699741733565 276.98055870662927 -28.890991605088253 86.05619761239176 89.27594864611973 5400.0 5400.0 2016.0 1 391 {-999.0 13.687523 13.422684 13.350861 -999.0} sdss_psfmag_gaia 13.664849 13.427798 13.022962 12.385 63050395245667182 1093406041 bright_3x1 mwm_astar_core_boss mwm_ob science 0 0 0.0 0.0 -999 ""
FIBERMAP 47 R-6C12 METROLOGY 0 0 0 1 0 0 1.7076818185251277 -111.16310697633526 143.1 111.002363042016 6.135074285435575 238.77896 24.920336 -999.0 -999.0 -999.0 -999.0 -999.0 276.8991590497371 -28.904699082503026 276.98193062329403 -28.888987398693374 86.05489589192292 89.24774065479937 -999.0 6231.0 -999.0 -1 -999 {-999.0 -999.0 -999.0 -999.0 -999.0} "" -999.0 -999.0 -999.0 -999.0 -999 -999 "" "" "" "" 0 0 0.0 0.0 -999 ""
FIBERMAP 48 R-6C4 APOGEE 0 0 0 1 1 0 -141.46112071854938 -124.80662615740405 143.1 130.33844985037777 -136.37075976863463 3.051191 81.44508 -999.0 -999.0 -999.0 -999.0 -999.0 276.9658973739445 -29.33655765640215 277.050134320917 -29.320620889540272 85.99405061754226 95.47419691051147 -999.0 16600.0 -999.0 2 -999 {-999.0 -999.0 -999.0 -999.0 -999.0} "" -999.0 -999.0 -999.0 -999.0 -999 -999 "" "" "" "" 0 0 0.0 0.0 -999 ""
FIBERMAP 48 R-6C4 BOSS 1 0 0 1 1 0 -141.54249076381635 -125.53317419512479 143.1 131.06763379587562 -136.4231157655702 3.051191 81.44508 276.87832344913795 -29.363291002859167 -3.377876 -4.6621456 0.113031186 276.9684915168489 -29.33675326843424 277.0527112102095 -29.320808881804012 85.99179681027879 95.47506369945756 5400.0 5400.0 2016.0 1 491 {-999.0 16.546995 15.449026 15.0783415 -999.0} sdss_psfmag_ps1 16.079216 15.477719 14.552688 12.528 63050395245410939 1093352948 bright_3x1 mwm_astar_core_boss mwm_ob science 0 0 0.0 0.0 -999 ""
FIBERMAP 48 R-6C4 METROLOGY 0 0 0 1 1 0 -142.13840475086803 -125.12409199235684 143.1 130.68263439661604 -137.034830891305 3.051191 81.44508 -999.0 -999.0 -999.0 -999.0 -999.0 276.96716830705566 -29.338624685482614 277.05139964792227 -29.32268375484977 85.99283195802136 95.50277601418765 -999.0 6231.0 -999.0 -1 -999 {-999.0 -999.0 -999.0 -999.0 -999.0} "" -999.0 -999.0 -999.0 -999.0 -999 -999 "" "" "" "" 0 0 0.0 0.0 -999 ""
FIBERMAP 50 R-4C21 APOGEE 1 1 0 1 0 0 184.65128086498243 -73.30462948004863 143.1 65.88685693018218 187.41779211739942 197.4643 79.6529 276.74295436710287 -28.3554155312179 4.735785 -4.6986957 0.147717 276.7429703673112 -28.355429501418694 276.8239410945739 -28.34018831338559 86.12576607682477 81.003764929532 16000.0 16600.0 2016.0 2 225 {-999.0 15.197062 13.934396 13.370021 -999.0} sdss_psfmag_from_g3xp 14.713094 13.876471 12.976367 10.884 63050395263997540 1152039750 bright_1x1 mwm_galactic_core_dist_apogee_sparse mwm_galactic science 0 0 0.0 0.0 -999 ""
FIBERMAP 50 R-4C21 BOSS 0 0 0 1 0 0 184.53347732107562 -72.59056471332819 143.1 65.17808106117866 187.27163797585158 197.4643 79.6529 -999.0 -999.0 -999.0 -999.0 -999.0 276.74056874782684 -28.35580939838492 276.8215252480044 -28.340577201178874 86.12792747347292 81.00336339598329 -999.0 5400.0 -999.0 1 323 {-999.0 -999.0 -999.0 -999.0 -999.0} "" -999.0 -999.0 -999.0 -999.0 -999 -999 "" "" "" "" 0 0 0.0 0.0 -999 ""
FIBERMAP 50 R-4C21 METROLOGY 0 0 0 1 0 0 185.23755214701256 -72.846325365984 143.1 65.4055775744696 187.98531529685428 197.4643 79.6529 -999.0 -999.0 -999.0 -999.0 -999.0 276.741356407129 -28.35363256694667 276.82230997318106 -28.338397792157934 86.12683020024772 80.97366621664713 -999.0 6231.0 -999.0 -1 -999 {-999.0 -999.0 -999.0 -999.0 -999.0} "" -999.0 -999.0 -999.0 -999.0 -999 -999 "" "" "" "" 0 0 0.0 0.0 -999 ""
FIBERMAP 51 R+5C4 APOGEE 0 0 0 1 0 0 -157.45223637170417 101.20790767935107 143.1 -94.85049326596922 -161.3531175984987 6.9704065 130.55862 -999.0 -999.0 -999.0 -999.0 -999.0 276.1825681150279 -29.410599891600807 276.26726664014166 -29.396693299167897 86.66854113041066 97.48487000361081 -999.0 16600.0 -999.0 2 -999 {-999.0 -999.0 -999.0 -999.0 -999.0} "" -999.0 -999.0 -999.0 -999.0 -999 -999 "" "" "" "" 0 0 0.0 0.0 -999 ""
FIBERMAP 51 R+5C4 BOSS 1 1 0 1 0 0 -156.90214280125898 100.76025626523007 143.1 -94.42513130386925 -160.78564805109116 6.9704065 130.55862 276.1840381844411 -29.40893469579269 -1.6692489 -4.837893 0.120238766 276.18403248726094 -29.40894907985704 276.2687106629497 -29.395037650319026 86.66745116040867 97.45440168099195 5400.0 5400.0 2016.0 1 38 {-999.0 15.016497 14.76057 14.687868 -999.0} sdss_psfmag_from_g3xp 15.001408 14.757472 14.328793 13.652 63050395263014919 1093127532 bright_3x1 mwm_astar_core_boss mwm_ob science 0 0 0.0 0.0 -999 ""
FIBERMAP 51 R+5C4 METROLOGY 0 0 0 1 0 0 -157.60156459583104 100.47496886998482 143.1 -94.11221637683401 -161.4731204851422 6.9704065 130.55862 -999.0 -999.0 -999.0 -999.0 -999.0 276.1850925562579 -29.411053704553236 276.26978176855584 -29.397139603135017 86.66631661379122 97.48880877060469 -999.0 6231.0 -999.0 -1 -999 {-999.0 -999.0 -999.0 -999.0 -999.0} "" -999.0 -999.0 -999.0 -999.0 -999 -999 "" "" "" "" 0 0 0.0 0.0 -999 ""
FIBERMAP 60 R-3C7 APOGEE 1 1 0 1 0 0 -141.18498715064257 -70.52351138807609 143.1 76.08960518521151 -138.25753410407782 283.33807 30.141369 276.7774745840185 -29.342542616327737 -0.009599815 -2.0747192 0.8798026 276.7774745512754 -29.34254878490041 276.8617831444029 -29.327101455041902 86.15759213262238 95.71137219299388 16000.0 16600.0 2016.0 2 290 {-999.0 10.481829 10.53312 10.618922 -999.0} sdss_psfmag_from_g3xp 10.562068 10.469111 10.280144 9.952 63050395245426707 975028838 "" ops_std_apogee ops_std standard_apogee 0 0 0.0 0.0 -999 ""
FIBERMAP 60 R-3C7 BOSS 0 0 0 1 0 0 -141.59856140871915 -69.91405429093066 143.1 75.49713345829268 -138.69504464720188 283.33807 30.141369 -999.0 -999.0 -999.0 -999.0 -999.0 276.7754642031902 -29.343932225839435 276.8597618726466 -29.328489041696315 86.15926415636808 95.7336868918162 -999.0 5400.0 -999.0 1 476 {-999.0 -999.0 -999.0 -999.0 -999.0} "" -999.0 -999.0 -999.0 -999.0 -999 -999 "" "" "" "" 0 0 0.0 0.0 -999 ""
FIBERMAP 60 R-3C7 METROLOGY 0 0 0 1 0 0 -140.86099842315573 -69.85039681031692 143.1 75.40414403725048 -137.96063293920164 283.33807 30.141369 -999.0 -999.0 -999.0 -999.0 -999.0 276.7751516121494 -29.34172627121622 276.8594464865498 -29.326284422504727 86.15967623075764 95.70109268353326 -999.0 6231.0 -999.0 -1 -999 {-999.0 -999.0 -999.0 -999.0 -999.0} "" -999.0 -999.0 -999.0 -999.0 -999 -999 "" "" "" "" 0 0 0.0 0.0 -999 ""
FIBERMAP 73 R-11C14 APOGEE 1 1 0 1 0 0 129.6388068046849 -220.16956763027412 143.1 214.82104730061116 138.30240060339878 273.963 149.83496 277.2549453121798 -28.504374230324043 3.643007 -2.4284327 0.39572784 277.2551471658147 -28.50438145056017 277.3364807008252 -28.48779097941006 85.70596568570724 84.10898913289141 16000.0 16600.0 2016.0 2 232 {-999.0 12.850569 11.211579 10.091294 -999.0} sdss_psfmag_from_g3xp 12.139742 10.769863 9.627998 6.954 63050395247146629 1152012479 bright_1x1 mwm_galactic_core_dist_apogee_sparse mwm_galactic science 0 0 0.5995931625366211 0.0 -999 ""
FIBERMAP 73 R-11C14 BOSS 0 0 0 1 0 0 129.21633231554057 -220.75106692158818 143.1 215.418893310433 137.90344579511387 273.963 149.83496 -999.0 -999.0 -999.0 -999.0 -999.0 277.2572321562093 -28.50557767235728 277.3385511270975 -28.48898393471358 85.70433525488603 84.12822970673955 -999.0 5400.0 -999.0 1 341 {-999.0 -999.0 -999.0 -999.0 -999.0} "" -999.0 -999.0 -999.0 -999.0 -999 -999 "" "" "" "" 0 0 0.0 0.0 -999 ""
FIBERMAP 73 R-11C14 METROLOGY 0 0 0 1 0 0 128.89956827626708 -220.0700791857437 143.1 214.7510936130454 137.5598149011028 273.963 149.83496 -999.0 -999.0 -999.0 -999.0 -999.0 277.25499301361685 -28.506589790770906 277.33632115594594 -28.490001097303697 85.70642031204854 84.1379375462526 -999.0 6231.0 -999.0 -1 -999 {-999.0 -999.0 -999.0 -999.0 -999.0} "" -999.0 -999.0 -999.0 -999.0 -999 -999 "" "" "" "" 0 0 0.0 0.0 -999 ""
FIBERMAP 85 R+2C11 APOGEE 1 1 0 1 0 0 -29.4580193519714 33.296063141495296 143.1 -32.09466634236411 -30.75999038003977 4.0364747 91.46567 276.40246718389204 -29.015915170492317 -4.264283 -6.1731176 0.1203721 276.4024526855244 -29.015933524457186 276.48574564864384 -29.001500774948653 86.49291912719748 90.73641600371317 16000.0 16600.0 2016.0 2 15 {-999.0 17.832966 16.613993 12.336832 -999.0} sdss_psfmag_gaia 15.559134 12.934064 11.19751 7.591 63050395263680125 1154372961 bright_1x1 mwm_galactic_core_dist_apogee_sparse mwm_galactic science 0 0 0.0 0.0 -999 ""
FIBERMAP 85 R+2C11 BOSS 0 0 0 1 0 0 -29.369826099314672 32.5766657176125 143.1 -31.379382568664187 -30.643209378291946 4.0364747 91.46567 -999.0 -999.0 -999.0 -999.0 -999.0 276.40492971176786 -29.015606878741224 276.48820593288247 -29.00116799473738 86.49076079100584 90.73172256091186 -999.0 5400.0 -999.0 1 23 {-999.0 -999.0 -999.0 -999.0 -999.0} "" -999.0 -999.0 -999.0 -999.0 -999 -999 "" "" "" "" 0 0 0.0 0.0 -999 ""
FIBERMAP 85 R+2C11 METROLOGY 0 0 0 1 0 0 -30.06216720114952 32.86697572507241 143.1 -31.641867102866833 -31.34653923166043 4.0364747 91.46567 -999.0 -999.0 -999.0 -999.0 -999.0 276.40400165198537 -29.01774221594239 276.487289645176 -29.00330541193036 86.49160666550614 90.76636522677154 -999.0 6231.0 -999.0 -1 -999 {-999.0 -999.0 -999.0 -999.0 -999.0} "" -999.0 -999.0 -999.0 -999.0 -999 -999 "" "" "" "" 0 0 0.0 0.0 -999 ""
FIBERMAP 89 R-9C1 APOGEE 1 1 0 1 0 0 -182.1007072435337 -178.6984343854832 143.1 185.80442277790897 -174.8293656880723 296.94696 148.89386 277.1579129400818 -29.451896753996742 3.0138273 -2.6582928 0.22673295 277.15792323068655 -29.45190465765493 277.2425016626708 -29.435454980494026 85.81895470338341 96.91874083990899 16000.0 16600.0 2016.0 2 258 {-999.0 14.80354 13.463381 12.91466 -999.0} sdss_psfmag_from_g3xp 14.269088 13.42383 12.520682 10.465 63050395245159909 1152010481 bright_1x1 mwm_galactic_core_dist_apogee_sparse mwm_galactic science 0 0 0.0 0.0 -999 ""
FIBERMAP 89 R-9C1 BOSS 0 0 0 1 0 0 -182.1439156602821 -179.4306589164994 143.1 186.5377580963568 -174.84336572732542 296.94696 148.89386 -999.0 -999.0 -999.0 -999.0 -999.0 277.1604879569111 -29.451941955217748 277.2450479181663 -29.435484347058672 85.81674190893855 96.91670964180781 -999.0 5400.0 -999.0 1 352 {-999.0 -999.0 -999.0 -999.0 -999.0} "" -999.0 -999.0 -999.0 -999.0 -999 -999 "" "" "" "" 0 0 0.0 0.0 -999 ""
FIBERMAP 89 R-9C1 METROLOGY 0 0 0 1 0 0 -182.76727329709342 -179.02747424888886 143.1 186.15974468816088 -175.4822666531845 296.94696 148.89386 -999.0 -999.0 -999.0 -999.0 -999.0 277.15921036754 -29.453905957811436 277.24378251152257 -29.437451788787214 85.81768257327204 96.94480871806695 -999.0 6231.0 -999.0 -1 -999 {-999.0 -999.0 -999.0 -999.0 -999.0} "" -999.0 -999.0 -999.0 -999.0 -999 -999 "" "" "" "" 0 0 0.0 0.0 -999 ""
FIBERMAP 92 R-1C26 APOGEE 1 1 0 1 0 0 290.66579494745974 -19.23153316564029 143.1 7.635163845812263 291.1895810510056 338.4943 137.78772 276.5433335877003 -28.043033338488474 -4.492211 -4.111856 0.13520922 276.5433184547289 -28.043045563892683 276.6232942631483 -28.02836067731219 86.22434909843847 75.8347955498474 16000.0 16600.0 2016.0 2 229 {-999.0 15.955224 14.290487 13.907659 -999.0} sdss_psfmag_ps1 15.171579 13.95501 12.878257 10.373 63050395266710848 1153379778 bright_1x1 mwm_galactic_core_dist_apogee_sparse mwm_galactic science 0 0 0.0 0.0 -999 ""
FIBERMAP 92 R-1C26 BOSS 0 0 0 1 0 0 291.0365210704196 -19.93298238956961 143.1 8.32125807914503 291.58794422510783 338.4943 137.78772 -999.0 -999.0 -999.0 -999.0 -999.0 276.54568460854085 -28.04189417121168 276.6256406049871 -28.02720720008893 86.22203882301783 75.82672186645067 -999.0 5400.0 -999.0 1 338 {-999.0 -999.0 -999.0 -999.0 -999.0} "" -999.0 -999.0 -999.0 -999.0 -999 -999 "" "" "" "" 0 0 0.0 0.0 -999 ""
FIBERMAP 92 R-1C26 METROLOGY 0 0 0 1 0 0 290.2585928651454 -19.86901294728451 143.1 8.288335195444134 290.80811621480007 338.4943 137.78772 -999.0 -999.0 -999.0 -999.0 -999.0 276.5455633069592 -28.044165829536468 276.62553129141986 -28.02947778386282 86.22276267800393 75.85941995310986 -999.0 6231.0 -999.0 -1 -999 {-999.0 -999.0 -999.0 -999.0 -999.0} "" -999.0 -999.0 -999.0 -999.0 -999 -999 "" "" "" "" 0 0 0.0 0.0 -999 ""
FIBERMAP 101 R-9C6 APOGEE 1 1 0 1 0 0 -81.27228033884823 -184.30141024638854 143.1 187.38565012130854 -73.86180195706288 224.4118 142.4196 277.16343592198865 -29.146777405398083 9.087919 2.7872157 5.3416977 277.1634668597646 -29.14676911842117 277.24699938723495 -29.130341192368693 85.82835153157095 92.72985138376522 16000.0 16600.0 2016.0 2 181 {-999.0 15.570168 14.163757 13.559279 -999.0} sdss_psfmag_from_g3xp 14.999441 14.112069 13.181787 11.274 63050395245557950 1069178012 bright_8x1 mwm_bin_rv_short_mdwarf_apogee_08epoch mwm_bin science 0 0 0.0 0.0 -999 ""
FIBERMAP 101 R-9C6 BOSS 0 0 0 1 0 0 -82.02276325586546 -184.38500929652415 143.1 187.49907922003447 -74.60832833524387 224.4118 142.4196 -999.0 -999.0 -999.0 -999.0 -999.0 277.16393526028753 -29.14904814418287 277.247459165774 -29.132618495728266 85.8279330114432 92.76111336341853 -999.0 5400.0 -999.0 1 374 {-999.0 -999.0 -999.0 -999.0 -999.0} "" -999.0 -999.0 -999.0 -999.0 -999 -999 "" "" "" "" 0 0 0.0 0.0 -999 ""
FIBERMAP 101 R-9C6 METROLOGY 0 0 0 1 0 0 -81.73861949644859 -183.72474974390877 143.1 186.8280498279367 -74.35072675494055 224.4118 142.4196 -999.0 -999.0 -999.0 -999.0 -999.0 277.16164192165326 -29.148287189344018 277.2451689559332 -29.131863628060643 85.829939200554 92.75094486419101 -999.0 6231.0 -999.0 -1 -999 {-999.0 -999.0 -999.0 -999.0 -999.0} "" -999.0 -999.0 -999.0 -999.0 -999 -999 "" "" "" "" 0 0 0.0 0.0 -999 ""
FIBERMAP 105 R-2C23 APOGEE 1 1 0 1 0 0 205.4105327397181 -43.17742365591156 143.1 34.95771358209544 206.95944188036356 237.37946 64.3051 276.63659220894846 -28.296234459269034 -2.123936 -5.5877037 0.14028348 276.6365850370639 -28.296251072676828 276.7173847865528 -28.28129365732137 86.20578238872508 79.85828345029965 16000.0 16600.0 2016.0 2 203 {-999.0 15.032153 13.788957 13.222028 -999.0} sdss_psfmag_from_g3xp 14.553663 13.726134 12.823234 10.773 63050395264294535 1152040150 bright_1x1 mwm_galactic_core_dist_apogee_sparse mwm_galactic science 0 0 0.0 0.0 -999 ""
FIBERMAP 105 R-2C23 BOSS 0 0 0 1 0 0 205.0339663549675 -42.55059528385463 143.1 34.346410647900576 206.55821626259223 237.37946 64.3051 -999.0 -999.0 -999.0 -999.0 -999.0 276.63450617922837 -28.297402362994827 276.715294601221 -28.282453214256368 86.20782615367187 79.86955167666684 -999.0 5400.0 -999.0 1 286 {-999.0 -999.0 -999.0 -999.0 -999.0} "" -999.0 -999.0 -999.0 -999.0 -999 -999 "" "" "" "" 0 0 0.0 0.0 -999 ""
FIBERMAP 105 R-2C23 METROLOGY 0 0 0 1 0 0 205.77698572426317 -42.535365438789654 143.1 34.30159108816588 207.30000919495245 237.37946 64.3051 -999.0 -999.0 -999.0 -999.0 -999.0 276.63435609183415 -28.295137203382822 276.7151414226945 -28.280187869172504 86.20748002594681 79.83564201088598 -999.0 6231.0 -999.0 -1 -999 {-999.0 -999.0 -999.0 -999.0 -999.0} "" -999.0 -999.0 -999.0 -999.0 -999 -999 "" "" "" "" 0 0 0.0 0.0 -999 ""
FIBERMAP 109 R-5C5 APOGEE 1 0 1 1 0 0 -148.37506439158838 -89.7899551656369 143.1 95.62643873476173 -144.67402618722969 10.008891 171.48161 276.90122435536944 -29.396629785734394 -3.4964786 -5.2996264 0.24694686 276.8453319196286 -29.36189930763713 276.9296886239963 -29.346273140634835 86.09728945497788 95.93856448695573 16000.0 16600.0 2016.0 2 295 {-999.0 14.32749 12.992974 12.3928585 -999.0} sdss_psfmag_from_g3xp 13.801099 12.916949 11.992699 9.807 63050395245406565 1152010827 bright_1x1 mwm_galactic_core_dist_apogee_sparse mwm_galactic science 0 0 0.0 0.0 -999 ""
FIBERMAP 109 R-5C5 BOSS 0 0 1 1 0 0 -147.64721419673106 -89.59823140683763 143.1 95.40587680569739 -143.95442142051164 10.008891 171.48161 -999.0 -999.0 -999.0 -999.0 -999.0 276.844627368456 -29.359778553724837 276.92896025741175 -29.344153516732923 86.0980616636251 95.90809611350534 -999.0 5400.0 -999.0 1 486 {-999.0 -999.0 -999.0 -999.0 -999.0} "" -999.0 -999.0 -999.0 -999.0 -999 -999 "" "" "" "" 0 0 0.0 0.0 -999 ""
FIBERMAP 109 R-5C5 METROLOGY 0 0 1 1 0 0 -147.8443645451154 -90.31823160712314 143.1 96.13313114358363 -144.12272203165932 10.008891 171.48161 -999.0 -999.0 -999.0 -999.0 -999.0 276.8471623830792 -29.36030189702008 276.9315011121298 -29.344670472713624 86.09581783615049 95.91355328387323 -999.0 6231.0 -999.0 -1 -999 {-999.0 -999.0 -999.0 -999.0 -999.0} "" -999.0 -999.0 -999.0 -999.0 -999 -999 "" "" "" "" 0 0 0.0 0.0 -999 ""
FIBERMAP 111 R+1C26 APOGEE 1 0 1 1 0 0 280.84191406863266 27.093686136724784 143.1 -38.260030435613174 279.52826373152755 9.9943 170.19429 276.34563742645616 -28.08313798833963 -0.3716824 -6.3746686 0.12689689 276.3859953027004 -28.077550592596165 276.46612632270114 -28.063271160524195 86.36729769021437 75.75667715337897 16000.0 16600.0 2016.0 2 107 {-999.0 16.289537 14.719056 13.10997 -999.0} sdss_psfmag_from_g3xp 15.632576 13.828193 12.557269 9.613 63050395264423943 1152040241 bright_1x1 mwm_galactic_core_dist_apogee_sparse mwm_galactic science 0 0 0.0 0.0 -999 ""
FIBERMAP 111 R+1C26 BOSS 0 0 1 1 0 0 281.5867585500803 27.093647548400774 143.1 -38.28966700940395 280.2724885590827 9.9943 170.19429 -999.0 -999.0 -999.0 -999.0 -999.0 276.3859256756763 -28.0753420188464 276.4660345062673 -28.06106682367502 86.3667617208361 75.72290888243413 -999.0 5400.0 -999.0 1 183 {-999.0 -999.0 -999.0 -999.0 -999.0} "" -999.0 -999.0 -999.0 -999.0 -999 -999 "" "" "" "" 0 0 0.0 0.0 -999 ""
FIBERMAP 111 R+1C26 METROLOGY 0 0 1 1 0 0 281.2259163309103 26.44160873423538 143.1 -37.62379577898121 279.9379249645901 9.9943 170.19429 -999.0 -999.0 -999.0 -999.0 -999.0 276.38818758756696 -28.07629352119449 276.4683032257784 -28.062011247218535 86.36510200048185 75.74601717208105 -999.0 6231.0 -999.0 -1 -999 {-999.0 -999.0 -999.0 -999.0 -999.0} "" -999.0 -999.0 -999.0 -999.0 -999 -999 "" "" "" "" 0 0 0.0 0.0 -999 ""
FIBERMAP 112 R-4C23 APOGEE 1 1 0 1 0 0 244.86560691085637 -60.81295790801576 143.1 51.006622005539995 247.08422313105325 122.924385 86.491486 276.6917995271837 -28.17564756616393 -1.2181414 -4.65375 0.0987182 276.6917954185376 -28.17566140273262 276.7721766051826 -28.16057453215718 86.13160313070344 78.26015225401278 16000.0 16600.0 2016.0 2 237 {-999.0 16.082401 14.472594 13.642795 -999.0} sdss_psfmag_from_g3xp 15.3819065 14.256317 13.213453 10.849 63050395266616526 1152043178 bright_1x1 mwm_galactic_core_dist_apogee_sparse mwm_galactic science 0 0 0.0 0.0 -999 ""
FIBERMAP 112 R-4C23 BOSS 0 0 0 1 0 0 245.50599292265895 -60.46940782913641 143.1 50.6378450125027 247.71038779101875 122.924385 86.491486 -999.0 -999.0 -999.0 -999.0 -999.0 276.6905494792171 -28.173759561294915 276.77090868887854 -28.15867961990221 86.13223626976628 78.22891882149975 -999.0 5400.0 -999.0 1 347 {-999.0 -999.0 -999.0 -999.0 -999.0} "" -999.0 -999.0 -999.0 -999.0 -999 -999 "" "" "" "" 0 0 0.0 0.0 -999 ""
FIBERMAP 112 R-4C23 METROLOGY 0 0 0 1 0 0 245.50602004311648 -61.19494829006443 143.1 51.36277930097333 247.73932093298637 122.924385 86.491486 -999.0 -999.0 -999.0 -999.0 -999.0 276.6930425494425 -28.173636412109925 276.7734052185988 -28.15854901721703 86.13006777304922 78.23483430353116 -999.0 6231.0 -999.0 -1 -999 {-999.0 -999.0 -999.0 -999.0 -999.0} "" -999.0 -999.0 -999.0 -999.0 -999 -999 "" "" "" "" 0 0 0.0 0.0 -999 ""
FIBERMAP 113 R-7C11 APOGEE 1 1 0 1 0 0 13.600667482494343 -143.6984903607808 143.1 143.03678736646583 19.3143739843924 224.85158 163.20259 277.00980040985644 -28.86471955373069 3.958096 17.862791 10.427863 277.00981384757046 -28.864666443928343 277.09242846929124 -28.8486713935541 85.95602281597803 88.74770665278363 16000.0 16600.0 2016.0 2 167 {-999.0 16.164183 14.771696 13.651773 -999.0} sdss_psfmag_from_g3xp 15.606804 14.337454 13.21902 11.112 63050395245683456 1069132628 bright_8x1 mwm_bin_rv_short_mdwarf_apogee_08epoch mwm_bin science 0 0 0.0 0.0 -999 ""
FIBERMAP 113 R-7C11 BOSS 0 0 0 1 0 0 12.943822311074321 -144.06763843946786 143.1 143.43179675542672 18.672783733931443 224.85158 163.20259 -999.0 -999.0 -999.0 -999.0 -999.0 277.01127064969285 -28.866602066296803 277.0938773649772 -28.850603697065647 85.95487313614134 88.7761423747728 -999.0 5400.0 -999.0 1 400 {-999.0 -999.0 -999.0 -999.0 -999.0} "" -999.0 -999.0 -999.0 -999.0 -999 -999 "" "" "" "" 0 0 0.0 0.0 -999 ""
FIBERMAP 113 R-7C11 METROLOGY 0 0 0 1 0 0 12.964980564044705 -143.31088614535642 143.1 142.67483262383135 18.663774795580103 224.85158 163.20259 -999.0 -999.0 -999.0 -999.0 -999.0 277.00866848058917 -28.86662954546957 277.0912809043481 -28.850637679561334 85.95714523270215 88.77467757141898 -999.0 6231.0 -999.0 -1 -999 {-999.0 -999.0 -999.0 -999.0 -999.0} "" -999.0 -999.0 -999.0 -999.0 -999 -999 "" "" "" "" 0 0 0.0 0.0 -999 ""
FIBERMAP 116 R+4C14 APOGEE 0 0 0 1 0 0 47.94309174397122 68.39840007332222 143.1 -70.25144325435559 45.17806724407173 257.96695 143.81607 -999.0 -999.0 -999.0 -999.0 -999.0 276.2713567585825 -28.78487124200741 276.35389832297665 -28.77080707761339 86.59562476187975 86.80936950033254 -999.0 16600.0 -999.0 2 -999 {-999.0 -999.0 -999.0 -999.0 -999.0} "" -999.0 -999.0 -999.0 -999.0 -999 -999 "" "" "" "" 0 0 0.0 0.0 -999 ""
FIBERMAP 116 R+4C14 BOSS 1 1 0 1 0 0 47.38174804891741 67.87746923419492 143.1 -69.70858253617247 44.637945955222676 257.96695 143.81607 276.273193359375 -28.786490319731186 -999.0 -999.0 -999.0 276.273193359375 -28.786490319731186 276.35572543509437 -28.77242230221447 86.59417163464461 86.83883237454901 5400.0 5400.0 2015.5 1 165 {-999.0 -999.0 -999.0 -999.0 -999.0} "" -999.0 -999.0 -999.0 -999.0 27021603147108998 852461938 "" ops_sky_boss_fallback ops_sky sky_boss 0 0 0.0 0.0 -999 ""
FIBERMAP 116 R+4C14 METROLOGY 0 0 0 1 0 0 47.229718046238744 68.62333602905092 143.1 -70.44777030452694 44.45632688410495 257.96695 143.81607 -999.0 -999.0 -999.0 -999.0 -999.0 276.27061966774863 -28.787027654046316 276.3531583417421 -28.77296595678923 86.59646081063215 86.84462727143489 -999.0 6231.0 -999.0 -1 -999 {-999.0 -999.0 -999.0 -999.0 -999.0} "" -999.0 -999.0 -999.0 -999.0 -999 -999 "" "" "" "" 0 0 0.0 0.0 -999 ""
FIBERMAP 121 R+6C3 APOGEE 1 1 0 1 0 0 -195.98214221798457 122.5452335919993 143.1 -114.63496545968209 -200.7009840963917 194.36682 78.62206 276.1133724301451 -29.528793901390323 -19.8701 -9.695777 6.9289627 276.1133045328744 -29.528822728939197 276.198424810577 -29.515082786995073 86.71420780143785 99.64386236570597 16000.0 16600.0 2016.0 2 18 {-999.0 16.319948 14.882897 14.192025 -999.0} sdss_psfmag_gaia 15.447868 14.768831 13.5098 11.456 63050395244967946 1069091487 bright_8x1 mwm_bin_rv_short_mdwarf_apogee_08epoch mwm_bin science 0 0 0.0 0.0 -999 ""
FIBERMAP 121 R+6C3 BOSS 0 0 0 1 0 0 -196.02346954903382 123.27066397426775 143.1 -115.35814433175327 -200.77117861946397 194.36682 78.62206 -999.0 -999.0 -999.0 -999.0 -999.0 276.11078316620006 -29.52904640078466 276.19589300725727 -29.51531118866353 86.71635940186817 99.6530490329007 -999.0 5400.0 -999.0 1 26 {-999.0 -999.0 -999.0 -999.0 -999.0} "" -999.0 -999.0 -999.0 -999.0 -999 -999 "" "" "" "" 0 0 0.0 0.0 -999 ""
FIBERMAP 121 R+6C3 METROLOGY 0 0 0 1 0 0 -195.3533806075106 122.94297441796297 143.1 -115.05742488102209 -200.08859314076236 194.36682 78.62206 -999.0 -999.0 -999.0 -999.0 -999.0 276.1118105839104 -29.527030227155763 276.1969171939569 -29.513293056555423 86.71575081523413 99.61603048993459 -999.0 6231.0 -999.0 -1 -999 {-999.0 -999.0 -999.0 -999.0 -999.0} "" -999.0 -999.0 -999.0 -999.0 -999 -999 "" "" "" "" 0 0 0.0 0.0 -999 ""
FIBERMAP 127 R-1C2 APOGEE 0 0 0 1 0 0 -268.46387839169034 -10.889622041172691 143.1 21.576330654185856 -267.8061325386069 146.4373 113.159096 -999.0 -999.0 -999.0 -999.0 -999.0 276.586575731134 -29.732875071597597 276.67227765872167 -29.71787843158014 86.27594040937825 101.88798911263916 -999.0 16600.0 -999.0 2 -999 {-999.0 -999.0 -999.0 -999.0 -999.0} "" -999.0 -999.0 -999.0 -999.0 -999 -999 "" "" "" "" 0 0 0.0 0.0 -999 ""
FIBERMAP 127 R-1C2 BOSS 1 1 0 1 0 0 -268.32636964885097 -10.167522791784469 143.1 20.849355181444853 -267.69750742022535 146.4373 113.159096 276.5840430614815 -29.732521601380814 5.3697367 -7.844275 1.4657073 276.58406144732544 -29.732544924044404 276.66974661955913 -29.717552516200257 86.27816192591757 101.88882313576467 5400.0 5400.0 2016.0 1 512 {-999.0 20.441036 18.688576 17.71036 -999.0} sdss_psfmag_ps1 19.519787 18.137344 16.973286 14.556 63050395244886234 1096382684 bright_1x1 mwm_bin_vis_boss mwm_filler science 0 0 0.0 0.0 -999 ""
FIBERMAP 127 R-1C2 METROLOGY 0 0 0 1 0 0 -267.7588289861539 -10.639815010549425 143.1 21.29864229358472 -267.1116236241784 146.4373 113.159096 -999.0 -999.0 -999.0 -999.0 -999.0 276.58563160815646 -29.73084000606245 276.67131541920753 -29.71584436152259 86.27711061295955 101.85931948087568 -999.0 6231.0 -999.0 -1 -999 {-999.0 -999.0 -999.0 -999.0 -999.0} "" -999.0 -999.0 -999.0 -999.0 -999 -999 "" "" "" "" 0 0 0.0 0.0 -999 ""
FIBERMAP 133 R-7C18 APOGEE 1 1 0 1 0 0 156.5462293237338 -144.7748972271532 143.1 138.41724443236697 162.18360576730922 229.23451 105.5761 276.9926153504134 -28.43203936266549 -4.206316 -6.6005316 0.13190602 276.9926011287783 -28.432058987421147 277.07376308181193 -28.41615950593483 85.92311433591222 82.64992350464104 16000.0 16600.0 2016.0 2 222 {-999.0 14.964828 13.509946 12.844653 -999.0} sdss_psfmag_from_g3xp 14.365236 13.396367 12.430122 10.109 63050395266267881 1152042726 bright_1x1 mwm_galactic_core_dist_apogee_sparse mwm_galactic science 0 0 0.0 0.0 -999 ""
FIBERMAP 133 R-7C18 BOSS 0 0 0 1 0 0 155.86197842692647 -144.447015718775 143.1 138.11689741194365 161.4868624967166 229.23451 105.5761 -999.0 -999.0 -999.0 -999.0 -999.0 276.9916307917563 -28.434121776034267 277.07278285341783 -28.41822710266737 85.9243074378347 82.67659556770974 -999.0 5400.0 -999.0 1 320 {-999.0 -999.0 -999.0 -999.0 -999.0} "" -999.0 -999.0 -999.0 -999.0 -999 -999 "" "" "" "" 0 0 0.0 0.0 -999 ""
FIBERMAP 133 R-7C18 METROLOGY 0 0 0 1 0 0 156.47581442817904 -144.029111901836 143.1 137.67488646212612 162.0835369831082 229.23451 105.5761 -999.0 -999.0 -999.0 -999.0 -999.0 276.9901225173108 -28.432294577982653 277.07127370146077 -28.416403329354978 85.92531387172905 82.64818996978215 -999.0 6231.0 -999.0 -1 -999 {-999.0 -999.0 -999.0 -999.0 -999.0} "" -999.0 -999.0 -999.0 -999.0 -999 -999 "" "" "" "" 0 0 0.0 0.0 -999 ""
FIBERMAP 135 R-9C8 APOGEE 1 1 0 1 0 0 -42.30067889340249 -157.44887868597937 143.1 159.00285713512372 -35.992526168121074 161.22977 63.681107 277.0652543407251 -29.03228934076203 -3.357475 -7.5134735 0.15106897 277.06524292365293 -29.032311679884636 277.14841469338745 -29.0161525086607 85.91380250425512 91.13636902835908 16000.0 16600.0 2016.0 2 189 {-999.0 17.269564 15.45144 17.992243 -999.0} sdss_psfmag_ps1 16.479021 13.993208 12.581586 9.085 63050395245581862 1153377087 bright_1x1 mwm_galactic_core_dist_apogee_sparse mwm_galactic science 0 0 0.0 0.0 -999 ""
FIBERMAP 135 R-9C8 BOSS 0 0 0 1 0 0 -41.80302201866892 -156.9141974678716 143.1 158.44879483348828 -35.51658641036036 161.22977 63.681107 -999.0 -999.0 -999.0 -999.0 -999.0 277.0634162364896 -29.03088670790959 277.14656620771916 -29.01473275856966 85.91539039981653 91.11599299515859 -999.0 5400.0 -999.0 1 386 {-999.0 -999.0 -999.0 -999.0 -999.0} "" -999.0 -999.0 -999.0 -999.0 -999 -999 "" "" "" "" 0 0 0.0 0.0 -999 ""
FIBERMAP 135 R-9C8 METROLOGY 0 0 0 1 0 0 -41.580305727414896 -157.6405044664094 143.1 159.16562292652299 -35.26511927826878 161.22977 63.681107 -999.0 -999.0 -999.0 -999.0 -999.0 277.0659107050636 -29.030123383879005 277.1490623488887 -29.013962954255835 85.91319243777916 91.10580901300915 -999.0 6231.0 -999.0 -1 -999 {-999.0 -999.0 -999.0 -999.0 -999.0} "" -999.0 -999.0 -999.0 -999.0 -999 -999 "" "" "" "" 0 0 0.0 0.0 -999 ""
FIBERMAP 137 R-11C13 APOGEE 1 1 0 1 0 0 87.9595511655066 -210.61457550821348 143.1 206.93455489267106 96.27722732766266 168.75499 117.66407 277.22899871814116 -28.63133430947193 -3.3282998 -8.593617 0.097076826 277.2289874437945 -28.63135986008762 277.3107560914616 -28.61482237786251 85.7447409362894 85.76006003626283 16000.0 16600.0 2016.0 2 184 {-999.0 15.952581 14.333383 13.806978 -999.0} sdss_psfmag_ps1 15.204563 14.026115 12.960522 10.357 63050395247097636 1153377334 bright_1x1 mwm_galactic_core_dist_apogee_sparse mwm_galactic science 0 0 0.0 0.0 -999 ""
FIBERMAP 137 R-11C13 BOSS 0 0 0 1 0 0 87.87742342783028 -209.88805048182365 143.1 206.21190780639978 96.16622281361387 168.75499 117.66407 -999.0 -999.0 -999.0 -999.0 -999.0 277.22656684462027 -28.631678973164224 277.30831922578716 -28.615149566670283 85.74690355179978 85.76114195584125 -999.0 5400.0 -999.0 1 377 {-999.0 -999.0 -999.0 -999.0 -999.0} "" -999.0 -999.0 -999.0 -999.0 -999 -999 "" "" "" "" 0 0 0.0 0.0 -999 ""
FIBERMAP 137 R-11C13 METROLOGY 0 0 0 1 0 0 88.56611108118463 -210.19073243322651 143.1 206.4868995224604 96.86639517241379 168.75499 117.66407 -999.0 -999.0 -999.0 -999.0 -999.0 277.22752947332685 -28.62954607791757 277.3092795064258 -28.613013910164263 85.7458212690187 85.7338414351351 -999.0 6231.0 -999.0 -1 -999 {-999.0 -999.0 -999.0 -999.0 -999.0} "" -999.0 -999.0 -999.0 -999.0 -999 -999 "" "" "" "" 0 0 0.0 0.0 -999 ""
FIBERMAP 139 R+9C14 APOGEE 1 1 0 1 0 0 80.85439079806328 176.89515976556052 143.1 -179.9689273494067 73.73933117838298 224.80714 54.709064 275.8932972378407 -28.696374978625535 -1.5840192 -3.0067332 0.63903695 275.8932918687737 -28.696383918269973 275.9756271848701 -28.683315148124827 86.9163251070061 84.65391574980308 16000.0 16600.0 2016.0 2 95 {-999.0 12.287678 11.983163 11.916259 -999.0} sdss_psfmag_from_g3xp 12.257517 11.996152 11.576777 10.914 63050395264127571 975029423 "" ops_std_apogee ops_std standard_apogee 0 0 0.0 0.0 -999 ""
FIBERMAP 139 R+9C14 BOSS 0 0 0 1 0 0 80.82995209172674 177.61673101899595 143.1 -180.68892316584194 73.68616494553179 224.80714 54.709064 -999.0 -999.0 -999.0 -999.0 -999.0 275.8907649931068 -28.696506978028022 275.9730884826423 -28.68344618192058 86.91855155811363 84.65126079086411 -999.0 5400.0 -999.0 1 169 {-999.0 -999.0 -999.0 -999.0 -999.0} "" -999.0 -999.0 -999.0 -999.0 -999 -999 "" "" "" "" 0 0 0.0 0.0 -999 ""
FIBERMAP 139 R+9C14 METROLOGY 0 0 0 1 0 0 81.49270780690286 177.2698931258699 143.1 -180.3687791868563 74.3621861969642 224.80714 54.709064 -999.0 -999.0 -999.0 -999.0 -999.0 275.8918575736264 -28.69445618804265 275.9741775506865 -28.681392390251634 86.9173511112416 84.61553381211633 -999.0 6231.0 -999.0 -1 -999 {-999.0 -999.0 -999.0 -999.0 -999.0} "" -999.0 -999.0 -999.0 -999.0 -999 -999 "" "" "" "" 0 0 0.0 0.0 -999 ""
FIBERMAP 141 R-12C15 APOGEE 1 1 0 1 0 0 166.3131139672927 -251.9944946942532 143.1 245.15830247472306 176.21404939760407 359.4968 36.26074 277.35779240189464 -28.390159002549414 -7.903467 -5.1897883 0.09326221 277.3577656906852 -28.390174432869465 277.43868704750804 -28.373330802864626 85.59944100863817 82.8007635136352 16000.0 16600.0 2016.0 2 234 {-999.0 15.188461 13.60046 12.722005 -999.0} sdss_psfmag_from_g3xp 14.496408 13.347127 12.283205 9.76 63050395247162624 1152012564 bright_1x1 mwm_galactic_core_dist_apogee_sparse mwm_galactic science 0 0 0.0 0.0 -999 ""
FIBERMAP 141 R-12C15 BOSS 0 0 0 1 0 0 165.7292806439885 -252.42072626045479 143.1 245.6074389006925 175.6476843506999 359.4968 36.26074 -999.0 -999.0 -999.0 -999.0 -999.0 277.3592821414539 -28.391909892363618 277.4401904357271 -28.375064857329892 85.59842498345095 82.82591232007383 -999.0 5400.0 -999.0 1 344 {-999.0 -999.0 -999.0 -999.0 -999.0} "" -999.0 -999.0 -999.0 -999.0 -999 -999 "" "" "" "" 0 0 0.0 0.0 -999 ""
FIBERMAP 141 R-12C15 METROLOGY 0 0 0 1 0 0 165.6137054992578 -251.7111727747045 143.1 244.90308176930924 175.50393648248868 359.4968 36.26074 -999.0 -999.0 -999.0 -999.0 -999.0 277.3569416951924 -28.392302003706867 277.4378572060382 -28.37546222454922 85.60051536763652 82.82657656039106 -999.0 6231.0 -999.0 -1 -999 {-999.0 -999.0 -999.0 -999.0 -999.0} "" -999.0 -999.0 -999.0 -999.0 -999 -999 "" "" "" "" 0 0 0.0 0.0 -999 ""
FIBERMAP 143 R-8C14 APOGEE 0 0 0 1 0 0 91.63356004616763 -167.9793221454665 143.1 164.18848370766284 98.24955353886328 277.12085 119.45601 -999.0 -999.0 -999.0 -999.0 -999.0 277.0820471411489 -28.62542932023956 277.1638361913183 -28.60927447403535 85.87220006446975 85.4795135765421 -999.0 16600.0 -999.0 2 -999 {-999.0 -999.0 -999.0 -999.0 -999.0} "" -999.0 -999.0 -999.0 -999.0 -999 -999 "" "" "" "" 0 0 0.0 0.0 -999 ""
FIBERMAP 143 R-8C14 BOSS 1 1 0 1 0 0 91.0225014223889 -168.43790121846448 143.1 164.67102533818914 97.65727464456072 277.12085 119.45601 277.0838263878485 -28.62718893435408 -10.403577 -0.33392957 0.1353901 277.083791147972 -28.627189927191743 277.16556809991175 -28.611032163385666 85.87089736084502 85.50624720795456 5400.0 5400.0 2016.0 1 273 {-999.0 16.10587 15.260488 14.912711 -999.0} sdss_psfmag_ps1 15.684028 15.240726 14.403625 12.869 63050395247107922 1093352884 bright_3x1 mwm_astar_core_boss mwm_ob science 0 0 0.0 0.0 -999 ""
FIBERMAP 143 R-8C14 METROLOGY 0 0 0 1 0 0 90.94546182540844 -167.6860320921334 143.1 163.92285257353203 97.55034430092779 277.12085 119.45601 -999.0 -999.0 -999.0 -999.0 -999.0 277.0812374144774 -28.627500854323404 277.1630211310445 -28.611349172791424 85.87315508979533 85.5069673059981 -999.0 6231.0 -999.0 -1 -999 {-999.0 -999.0 -999.0 -999.0 -999.0} "" -999.0 -999.0 -999.0 -999.0 -999 -999 "" "" "" "" 0 0 0.0 0.0 -999 ""
FIBERMAP 145 R-10C1 APOGEE 1 1 0 1 0 0 -175.6133868489221 -206.4211794662122 143.1 213.2455880009477 -167.24296190639302 284.4317 119.82536 277.2528063155667 -29.428444350304574 -0.6189825 -7.3362656 0.06965769 277.2528042025612 -29.42846616255147 277.3372755685005 -29.411772631278897 85.73844661666864 96.5125995216228 16000.0 16600.0 2016.0 2 259 {-999.0 15.598255 14.092258 12.7068 -999.0} sdss_psfmag_from_g3xp 14.974203 13.416823 12.2028475 9.381 63050395245272647 1152010638 bright_1x1 mwm_galactic_core_dist_apogee_sparse mwm_galactic science 0 0 0.0 0.0 -999 ""
FIBERMAP 145 R-10C1 BOSS 0 0 0 1 0 0 -176.14495772752537 -206.9216145965712 143.1 213.7667839335112 -167.75415177246535 284.4317 119.82536 -999.0 -999.0 -999.0 -999.0 -999.0 277.25461295109653 -29.429990951898237 277.3390707504162 -29.41329137913124 85.7367770804845 96.53145840562286 -999.0 5400.0 -999.0 1 353 {-999.0 -999.0 -999.0 -999.0 -999.0} "" -999.0 -999.0 -999.0 -999.0 -999 -999 "" "" "" "" 0 0 0.0 0.0 -999 ""
FIBERMAP 145 R-10C1 METROLOGY 0 0 0 1 0 0 -176.320384934734 -206.19048003157192 143.1 213.04324826965686 -167.95856159269064 284.4317 119.82536 -999.0 -999.0 -999.0 -999.0 -999.0 277.2521564337652 -29.430655515708644 277.33662240038143 -29.413962575158756 85.73885548435018 96.54254869784313 -999.0 6231.0 -999.0 -1 -999 {-999.0 -999.0 -999.0 -999.0 -999.0} "" -999.0 -999.0 -999.0 -999.0 -999 -999 "" "" "" "" 0 0 0.0 0.0 -999 ""
FIBERMAP 149 R-10C17 APOGEE 1 1 0 1 0 0 177.19743856651272 -214.93548516341062 143.1 207.69656053373586 185.6128395019388 324.8514 42.23428 277.2296164750635 -28.361707631349503 -0.53493696 -10.321425 0.09464868 277.229614667631 -28.36173831909903 277.310475988315 -28.34523102552456 85.70578636569422 82.18061752109216 16000.0 16600.0 2016.0 2 191 {-999.0 14.645925 13.203634 12.551331 -999.0} sdss_psfmag_from_g3xp 14.060817 13.100845 12.13811 9.882 63050395266290055 1152042845 bright_1x1 mwm_galactic_core_dist_apogee_sparse mwm_galactic science 0 0 0.0 0.0 -999 ""
FIBERMAP 149 R-10C17 BOSS 0 0 0 1 0 0 176.4347921043568 -215.06778737385122 143.1 207.8591367791455 184.85610009115499 324.8514 42.23428 -999.0 -999.0 -999.0 -999.0 -999.0 277.23019323862974 -28.364026125406905 277.31104409972534 -28.347519883332534 85.70569656057529 82.21188282847561 -999.0 5400.0 -999.0 1 264 {-999.0 -999.0 -999.0 -999.0 -999.0} "" -999.0 -999.0 -999.0 -999.0 -999 -999 "" "" "" "" 0 0 0.0 0.0 -999 ""
FIBERMAP 149 R-10C17 METROLOGY 0 0 0 1 0 0 176.69570559943804 -214.38363949789476 143.1 207.16516449640866 185.08953905321698 324.8514 42.23428 -999.0 -999.0 -999.0 -999.0 -999.0 277.22785693275966 -28.363283905258214 277.3087110558739 -28.3467830228101 85.70758848475785 82.1973754018606 -999.0 6231.0 -999.0 -1 -999 {-999.0 -999.0 -999.0 -999.0 -999.0} "" -999.0 -999.0 -999.0 -999.0 -999 -999 "" "" "" "" 0 0 0.0 0.0 -999 ""
FIBERMAP 152 R+6C16 APOGEE 0 0 0 1 0 0 110.21178174670452 102.22194876241275 143.1 -106.5276120790696 106.04727185723266 272.2828 108.073524 -999.0 -999.0 -999.0 -999.0 -999.0 276.1473275708618 -28.599786904808298 276.22927383677245 -28.58606757083126 86.68267603331968 83.46140976368423 -999.0 16600.0 -999.0 2 -999 {-999.0 -999.0 -999.0 -999.0 -999.0} "" -999.0 -999.0 -999.0 -999.0 -999 -999 "" "" "" "" 0 0 0.0 0.0 -999 ""
FIBERMAP 152 R+6C16 BOSS 1 1 0 1 0 0 109.52963389821133 101.97269416396158 143.1 -106.25138810411781 105.37562339093847 272.2828 108.073524 276.1482238769531 -28.601776191222882 -999.0 -999.0 -999.0 276.1482238769531 -28.601776191222886 276.23016262399 -28.58805608583221 86.68219190427004 83.49736271963887 5400.0 5400.0 2015.5 1 223 {-999.0 -999.0 -999.0 -999.0 -999.0} "" -999.0 -999.0 -999.0 -999.0 27021603147109777 852462136 "" ops_sky_boss_fallback ops_sky sky_boss 0 0 0.0 0.0 -999 ""
FIBERMAP 152 R+6C16 METROLOGY 0 0 0 1 0 0 109.63750104080574 102.70121892383376 143.1 -106.98360278626681 105.45437563293726 272.2828 108.073524 -999.0 -999.0 -999.0 -999.0 -999.0 276.14568245775354 -28.601516108207253 276.22762494278777 -28.587802144724968 86.68436004477846 83.48744880412062 -999.0 6231.0 -999.0 -1 -999 {-999.0 -999.0 -999.0 -999.0 -999.0} "" -999.0 -999.0 -999.0 -999.0 -999 -999 "" "" "" "" 0 0 0.0 0.0 -999 ""
FIBERMAP 154 R-11C7 APOGEE 1 1 0 1 0 0 -50.769084439610474 -204.813869043946 143.1 206.6657329195261 -42.56681451545343 196.28114 64.34116 277.22984794864846 -29.051753863932724 -1.7107034 -4.2859497 0.085903086 277.2298421303158 -29.051766606954565 277.31303435054184 -29.035177265917927 85.77022069036595 91.43414620709595 16000.0 16600.0 2016.0 2 172 {-999.0 16.235952 14.627592 13.777946 -999.0} sdss_psfmag_from_g3xp 15.53222 14.398476 13.313856 10.88 63050395245592285 1152011017 bright_1x1 mwm_galactic_core_dist_apogee_sparse mwm_galactic science 0 0 0.0 0.0 -999 ""
FIBERMAP 154 R-11C7 BOSS 0 0 0 1 0 0 -50.65129215602384 -204.0785100210781 143.1 205.92629424945056 -42.47841769177194 196.28114 64.34116 -999.0 -999.0 -999.0 -999.0 -999.0 277.22736643849225 -29.05151780512836 277.310540409345 -29.03493517953474 85.77239706058975 91.4303911132136 -999.0 5400.0 -999.0 1 414 {-999.0 -999.0 -999.0 -999.0 -999.0} "" -999.0 -999.0 -999.0 -999.0 -999 -999 "" "" "" "" 0 0 0.0 0.0 -999 ""
FIBERMAP 154 R-11C7 METROLOGY 0 0 0 1 0 0 -50.07533909369165 -204.54087519159157 143.1 206.36532743643713 -41.88452401253926 196.28114 64.34116 -999.0 -999.0 -999.0 -999.0 -999.0 277.2289052902358 -29.049719874296972 277.31207785057427 -29.033133394703164 85.77102378836824 91.40625254196794 -999.0 6231.0 -999.0 -1 -999 {-999.0 -999.0 -999.0 -999.0 -999.0} "" -999.0 -999.0 -999.0 -999.0 -999 -999 "" "" "" "" 0 0 0.0 0.0 -999 ""
FIBERMAP 156 R-6C19 APOGEE 1 1 0 1 0 0 198.09909839229366 -126.00932964007383 143.1 118.01183146523654 202.9541867867731 35.446766 39.285072 276.92203636248394 -28.30898058327973 -1.5602101 2.698618 0.17453271 276.92203109349987 -28.308972559725927 277.00279852446226 -28.293271097884755 85.96218643692707 80.78149722855487 16000.0 16600.0 2016.0 2 223 {-999.0 14.634502 13.2028675 12.54989 -999.0} sdss_psfmag_from_g3xp 14.047546 13.097878 12.141001 9.86 63050395266349657 1152042906 bright_1x1 mwm_galactic_core_dist_apogee_sparse mwm_galactic science 0 0 0.0 0.0 -999 ""
FIBERMAP 156 R-6C19 BOSS 0 0 0 1 0 0 197.94542597738737 -126.71665360990329 143.1 118.72468795292824 202.82882281906382 35.446766 39.285072 -999.0 -999.0 -999.0 -999.0 -999.0 276.92451458594314 -28.309324668886187 277.0052657330126 -28.293619692579163 85.96012555590146 80.79243813472306 -999.0 5400.0 -999.0 1 321 {-999.0 -999.0 -999.0 -999.0 -999.0} "" -999.0 -999.0 -999.0 -999.0 -999 -999 "" "" "" "" 0 0 0.0 0.0 -999 ""
FIBERMAP 156 R-6C19 METROLOGY 0 0 0 1 0 0 197.3794810173554 -126.20670943540405 143.1 118.23771671240866 202.24303331439 35.446766 39.285072 -999.0 -999.0 -999.0 -999.0 -999.0 276.9228671294776 -28.311052984963297 277.00362929744415 -28.295351237360297 85.96187956713662 80.8125059467622 -999.0 6231.0 -999.0 -1 -999 {-999.0 -999.0 -999.0 -999.0 -999.0} "" -999.0 -999.0 -999.0 -999.0 -999 -999 "" "" "" "" 0 0 0.0 0.0 -999 ""
FIBERMAP 161 R-11C9 APOGEE 1 1 0 1 0 0 20.200261692272104 -210.72819643228556 143.1 209.74765898271005 28.57897501920831 341.81094 147.39929 277.23974880524827 -28.836208659886598 -4.812999 -14.061228 4.746815 277.239732469608 -28.836250466847204 277.3221891753609 -28.819660971808748 85.75330811441849 88.52462542566975 16000.0 16600.0 2016.0 2 174 {-999.0 11.4954195 10.891531 10.676655 -999.0} sdss_psfmag_from_g3xp 11.344755 10.923895 10.333688 9.303 63050395245628522 917142375 bright_3x1 mwm_yso_pms_apogee_zari18pms mwm_yso science 0 0 0.0 0.0 -999 ""
FIBERMAP 161 R-11C9 BOSS 0 0 0 1 0 0 20.654185911419344 -211.2888603228961 143.1 210.289770625105 29.054857916232187 341.81094 147.39929 -999.0 -999.0 -999.0 -999.0 -999.0 277.2416625499733 -28.834797553066423 277.3240971198426 -28.818204178957853 85.75154291365925 88.50650797806856 -999.0 5400.0 -999.0 1 416 {-999.0 -999.0 -999.0 -999.0 -999.0} "" -999.0 -999.0 -999.0 -999.0 -999 -999 "" "" "" "" 0 0 0.0 0.0 -999 ""
FIBERMAP 161 R-11C9 METROLOGY 0 0 0 1 0 0 19.947291901751036 -211.42764745942222 143.1 210.45660517118714 28.354082825098693 341.81094 147.39929 -999.0 -999.0 -999.0 -999.0 -999.0 277.24227624083585 -28.836914724115324 277.3247229486449 -28.82031919723571 85.75113690300441 88.53548656522071 -999.0 6231.0 -999.0 -1 -999 {-999.0 -999.0 -999.0 -999.0 -999.0} "" -999.0 -999.0 -999.0 -999.0 -999 -999 "" "" "" "" 0 0 0.0 0.0 -999 ""
FIBERMAP 163 R+5C6 APOGEE 0 0 0 1 0 0 -115.29341741182516 90.18220119950007 143.1 -85.51361919942937 -118.79018665386106 295.51044 137.85739 -999.0 -999.0 -999.0 -999.0 -999.0 276.2156259897074 -29.28205896835788 276.2998754693648 -29.268081408651582 86.65030751120844 95.246074794523 -999.0 16600.0 -999.0 2 -999 {-999.0 -999.0 -999.0 -999.0 -999.0} "" -999.0 -999.0 -999.0 -999.0 -999 -999 "" "" "" "" 0 0 0.0 0.0 -999 ""
FIBERMAP 163 R+5C6 BOSS 1 1 0 1 0 0 -115.49806849220721 89.47365824621342 143.1 -84.79751371887913 -118.96643820629497 295.51044 137.85739 276.2180647080922 -29.282653559194213 4.831436 -2.7835798 0.08922092 276.2180811774588 -29.282661835356325 276.30231768538175 -29.268677068386125 86.64814559793014 95.25409500002553 5400.0 5400.0 2016.0 1 51 {-999.0 16.96149 16.241049 15.815277 -999.0} sdss_psfmag_ps1 16.673832 16.092268 15.36417 13.936 63050395263032930 1076105061 bright_1x1 mwm_halo_mp_xp_boss_single mwm_halo science 0 0 0.0 0.0 -999 ""
FIBERMAP 163 R+5C6 METROLOGY 0 0 0 1 0 0 -116.01699218900129 89.99262863125612 143.1 -85.29537700251196 -119.50560527349475 295.51044 137.85739 -999.0 -999.0 -999.0 -999.0 -999.0 276.21632849965073 -29.28429701572117 276.3005751656458 -29.270316825660597 86.64956557826152 95.28364152204239 -999.0 6231.0 -999.0 -1 -999 {-999.0 -999.0 -999.0 -999.0 -999.0} "" -999.0 -999.0 -999.0 -999.0 -999 -999 "" "" "" "" 0 0 0.0 0.0 -999 ""
FIBERMAP 165 R-3C3 APOGEE 1 1 0 1 0 0 -211.17120235087216 -67.02135411655604 143.1 75.37866888786023 -208.32491006615496 238.67354 152.07162 276.7744445800781 -29.5541192500896 -999.0 -999.0 -999.0 276.7744445800781 -29.5541192500896 276.8594800407713 -29.53865480848338 86.14063147285341 98.85175971446823 16000.0 16600.0 2015.5 2 241 {-999.0 -999.0 -999.0 -999.0 -999.0} "" -999.0 -999.0 -999.0 -999.0 27021603147062537 848836143 "" ops_sky_apogee_good ops_sky sky_apogee 0 0 0.0 0.0 -999 ""
FIBERMAP 165 R-3C3 BOSS 0 0 0 1 0 0 -211.85556174810114 -67.33640866151869 143.1 75.72072604262762 -208.99614672046232 238.67354 152.07162 -999.0 -999.0 -999.0 -999.0 -999.0 276.77566139136627 -29.556181621556718 276.86068709715516 -29.54071207313743 86.13934777113865 98.88028400352903 -999.0 5400.0 -999.0 1 498 {-999.0 -999.0 -999.0 -999.0 -999.0} "" -999.0 -999.0 -999.0 -999.0 -999 -999 "" "" "" "" 0 0 0.0 0.0 -999 ""
FIBERMAP 165 R-3C3 METROLOGY 0 0 0 1 0 0 -211.77988420453806 -66.59819666172801 143.1 74.9801146559492 -208.9499431782357 238.67354 152.07162 -999.0 -999.0 -999.0 -999.0 -999.0 276.7730940767622 -29.55607700968032 276.8581248100238 -29.540614634391538 86.14157301551735 98.88273137785126 -999.0 6231.0 -999.0 -1 -999 {-999.0 -999.0 -999.0 -999.0 -999.0} "" -999.0 -999.0 -999.0 -999.0 -999 -999 "" "" "" "" 0 0 0.0 0.0 -999 ""
FIBERMAP 166 R-4C1 APOGEE 1 1 0 1 0 0 -238.55799272863084 -66.32412359607554 143.1 75.7731289103972 -235.7166383484674 60.166348 111.81813 276.7755623139749 -29.63654077739247 -1.2930984 -3.1726573 0.31467074 276.77555789066463 -29.63655021036381 276.86087654432043 -29.621073143847457 86.12893880746972 100.06220129002214 16000.0 16600.0 2016.0 2 272 {-999.0 14.13848 12.682173 12.033332 -999.0} sdss_psfmag_from_g3xp 13.52888 12.593428 11.62984 9.454 63050395245129918 1152010575 bright_1x1 mwm_galactic_core_dist_apogee_sparse mwm_galactic science 0 0 0.0 0.0 -999 ""
FIBERMAP 166 R-4C1 BOSS 0 0 0 1 0 0 -237.82307119444454 -66.38484338196787 143.1 75.80451826401432 -234.97991061080924 60.166348 111.81813 -999.0 -999.0 -999.0 -999.0 -999.0 276.77569815623406 -29.634357288782503 276.8609927908768 -29.61887811972115 86.12914032585006 100.0297897793078 -999.0 5400.0 -999.0 1 444 {-999.0 -999.0 -999.0 -999.0 -999.0} "" -999.0 -999.0 -999.0 -999.0 -999 -999 "" "" "" "" 0 0 0.0 0.0 -999 ""
FIBERMAP 166 R-4C1 METROLOGY 0 0 0 1 0 0 -238.2465728866675 -67.00236081020554 143.1 76.43839329656545 -235.37845677749738 60.166348 111.81813 -999.0 -999.0 -999.0 -999.0 -999.0 276.7779097482792 -29.63559239981735 276.8632127121647 -29.620107891456456 86.12705997694768 100.04390713447134 -999.0 6231.0 -999.0 -1 -999 {-999.0 -999.0 -999.0 -999.0 -999.0} "" -999.0 -999.0 -999.0 -999.0 -999 -999 "" "" "" "" 0 0 0.0 0.0 -999 ""
FIBERMAP 168 R+5C2 APOGEE 0 0 0 1 0 0 -196.9923244602592 92.3307507140202 143.1 -84.40543472094397 -200.50655753240255 8.388008 89.08069 -999.0 -999.0 -999.0 -999.0 -999.0 276.21837152080553 -29.528995053451535 276.30346768758795 -29.514981241043017 86.6236325723629 99.4315760622718 -999.0 16600.0 -999.0 2 -999 {-999.0 -999.0 -999.0 -999.0 -999.0} "" -999.0 -999.0 -999.0 -999.0 -999 -999 "" "" "" "" 0 0 0.0 0.0 -999 ""
FIBERMAP 168 R+5C2 BOSS 1 1 0 1 0 0 -196.8916383763805 91.56645720882433 143.1 -83.64579003193386 -200.3755054267307 8.388008 89.08069 276.22100830078125 -29.528661740317318 -999.0 -999.0 -999.0 276.22100830078125 -29.528661740317318 276.30608821243015 -29.514639435717875 86.62141683179995 99.42073627949947 5400.0 5400.0 2015.5 1 73 {-999.0 -999.0 -999.0 -999.0 -999.0} "" -999.0 -999.0 -999.0 -999.0 27021603147061125 852450566 "" ops_sky_boss_fallback ops_sky sky_boss 0 0 0.0 0.0 -999 ""
FIBERMAP 168 R+5C2 METROLOGY 0 0 0 1 0 0 -197.57989279110663 91.86786663200697 143.1 -83.91952754158015 -201.0751942097956 8.388008 89.08069 -999.0 -999.0 -999.0 -999.0 -999.0 276.22002958603264 -29.53079319375102 276.3051211785872 -29.51677365277354 86.62197001084918 99.45851850062365 -999.0 6231.0 -999.0 -1 -999 {-999.0 -999.0 -999.0 -999.0 -999.0} "" -999.0 -999.0 -999.0 -999.0 -999 -999 "" "" "" "" 0 0 0.0 0.0 -999 ""
FIBERMAP 172 R-5C1 APOGEE 1 1 0 1 0 0 -251.70229523411228 -105.70409383949067 143.1 115.643935025948 -247.28105285168087 246.99194 71.86606 276.91406292555877 -29.670964630676533 -0.1390939 -4.9892273 0.06539455 276.91406244959654 -29.670979464689392 276.9994617128051 -29.65513801019273 86.0049154039072 100.30950450504923 16000.0 16600.0 2016.0 2 273 {-999.0 15.075616 13.661597 12.990224 -999.0} sdss_psfmag_gaia 14.511646 13.559491 12.602891 10.323 63050395245115708 1154354288 bright_1x1 mwm_galactic_core_dist_apogee_sparse mwm_galactic science 0 0 0.0 0.0 -999 ""
FIBERMAP 172 R-5C1 BOSS 0 0 0 1 0 0 -252.2597364543611 -105.2134921829257 143.1 115.17595137694111 -247.85757508901895 246.99194 71.86606 -999.0 -999.0 -999.0 -999.0 -999.0 276.9124426097685 -29.67270797544323 276.9978312434415 -29.656868413429674 86.00607414670344 100.33696485526417 -999.0 5400.0 -999.0 1 445 {-999.0 -999.0 -999.0 -999.0 -999.0} "" -999.0 -999.0 -999.0 -999.0 -999 -999 "" "" "" "" 0 0 0.0 0.0 -999 ""
FIBERMAP 172 R-5C1 METROLOGY 0 0 0 1 0 0 -251.57067690551105 -104.96158389485788 143.1 114.89680055849645 -247.17912641150988 246.99194 71.86606 -999.0 -999.0 -999.0 -999.0 -999.0 276.9115008674681 -29.670722676199084 276.99688776026403 -29.65488640299325 86.00716537118464 100.31044934820716 -999.0 6231.0 -999.0 -1 -999 {-999.0 -999.0 -999.0 -999.0 -999.0} "" -999.0 -999.0 -999.0 -999.0 -999 -999 "" "" "" "" 0 0 0.0 0.0 -999 ""
FIBERMAP 173 R-1C17 APOGEE 0 0 0 1 0 0 71.14745700943246 -24.643267185600717 143.1 21.788150088341556 72.06992605232871 173.63551 151.96024 -999.0 -999.0 -999.0 -999.0 -999.0 276.59036887954323 -28.704248511082103 276.67255541618033 -28.689363306140134 86.30959625032469 85.93816572323914 -999.0 16600.0 -999.0 2 -999 {-999.0 -999.0 -999.0 -999.0 -999.0} "" -999.0 -999.0 -999.0 -999.0 -999 -999 "" "" "" "" 0 0 0.0 0.0 -999 ""
FIBERMAP 173 R-1C17 BOSS 1 1 0 1 0 0 70.54358875645433 -24.238939032721408 143.1 21.408217677720064 71.45045269913244 173.63551 151.96024 276.58908460390546 -28.706077844065014 -1.3688519 -0.873404 0.2931563 276.58907996372267 -28.706080440877184 276.67125726088653 -28.691199840423042 86.31092296875227 85.96467113195501 5400.0 5400.0 2016.0 1 315 {-999.0 16.844475 16.53834 16.385784 -999.0} sdss_psfmag_ps1 16.677309 16.454378 15.909595 15.216 63050395263916130 979783634 "" ops_std_boss ops_std standard_boss 0 0 0.0 0.0 -999 ""
FIBERMAP 173 R-1C17 METROLOGY 0 0 0 1 0 0 71.20624898019793 -23.89758513474418 143.1 21.04074761366934 72.09896049201335 173.63551 151.96024 -999.0 -999.0 -999.0 -999.0 -999.0 276.5878102427707 -28.704103990160817 276.66998572841567 -28.68922651275577 86.31182323707468 85.93233502601771 -999.0 6231.0 -999.0 -1 -999 {-999.0 -999.0 -999.0 -999.0 -999.0} "" -999.0 -999.0 -999.0 -999.0 -999 -999 "" "" "" "" 0 0 0.0 0.0 -999 ""
FIBERMAP 174 R-8C12 APOGEE 0 0 0 1 0 0 37.0630757677427 -161.46037496124924 143.1 159.8490998618595 43.46486092596483 188.61082 142.15375 -999.0 -999.0 -999.0 -999.0 -999.0 277.0676819539501 -28.791393429919097 277.1500357743871 -28.775256348300136 85.90055831295552 87.76572884414549 -999.0 16600.0 -999.0 2 -999 {-999.0 -999.0 -999.0 -999.0 -999.0} "" -999.0 -999.0 -999.0 -999.0 -999 -999 "" "" "" "" 0 0 0.0 0.0 -999 ""
FIBERMAP 174 R-8C12 BOSS 1 1 0 1 0 0 36.41173790731182 -161.1648616955265 143.1 159.57978281076637 42.80229281631126 188.61082 142.15375 277.0668506525484 -28.793376391164095 -0.5442575 -2.6378593 0.1358183 277.06684880606196 -28.79338423406983 277.14919206426333 -28.777250283311897 85.90145132706238 87.79273043425033 5400.0 5400.0 2016.0 1 395 {-999.0 16.556948 15.775406 15.454416 -999.0} sdss_psfmag_ps1 16.252722 15.778443 15.040454 13.818 63050395245692165 1093353038 bright_3x1 mwm_astar_core_boss mwm_ob science 0 0 0.0 0.0 -999 ""
FIBERMAP 174 R-8C12 METROLOGY 0 0 0 1 0 0 37.03375164327628 -160.71295385335867 143.1 159.10347038794166 43.40578347291421 188.61082 142.15375 -999.0 -999.0 -999.0 -999.0 -999.0 277.0652168781376 -28.791551049869675 277.1475593851386 -28.775421220955042 85.90273514790213 87.7656491968981 -999.0 6231.0 -999.0 -1 -999 {-999.0 -999.0 -999.0 -999.0 -999.0} "" -999.0 -999.0 -999.0 -999.0 -999 -999 "" "" "" "" 0 0 0.0 0.0 -999 ""
FIBERMAP 175 R-9C10 APOGEE 1 1 0 1 0 0 31.15699949435858 -167.50225685211223 143.1 166.1212451442619 37.80442308822422 83.94163 36.73125 277.0893599132313 -28.808531233900695 1.2371114 -0.36626717 0.083718605 277.08936411095283 -28.808532322889292 277.1717699736924 -28.79233685129979 85.88286655110961 88.0237143439004 16000.0 16600.0 2016.0 2 165 {-999.0 15.864585 14.250836 13.384449 -999.0} sdss_psfmag_gaia 15.145844 14.016785 12.966009 10.444 63050395245691867 1154354352 bright_1x1 mwm_galactic_core_dist_apogee_sparse mwm_galactic science 0 0 0.0 0.0 -999 ""
FIBERMAP 175 R-9C10 BOSS 0 0 0 1 0 0 31.53894486244949 -168.15014291926056 143.1 166.75337390919208 38.211862156766095 83.94163 36.73125 -999.0 -999.0 -999.0 -999.0 -999.0 277.0916295204125 -28.807279561588604 277.17401297731215 -28.791079494952964 85.88081296074361 88.00828512852041 -999.0 5400.0 -999.0 1 398 {-999.0 -999.0 -999.0 -999.0 -999.0} "" -999.0 -999.0 -999.0 -999.0 -999 -999 "" "" "" "" 0 0 0.0 0.0 -999 ""
FIBERMAP 175 R-9C10 METROLOGY 0 0 0 1 0 0 30.788120951170274 -168.14662469426426 143.1 166.77977197299083 37.461524254970165 83.94163 36.73125 -999.0 -999.0 -999.0 -999.0 -999.0 277.09174615690904 -28.809549688665385 277.1741422477156 -28.793348719403312 85.8808680712176 88.03990633362122 -999.0 6231.0 -999.0 -1 -999 {-999.0 -999.0 -999.0 -999.0 -999.0} "" -999.0 -999.0 -999.0 -999.0 -999 -999 "" "" "" "" 0 0 0.0 0.0 -999 ""
FIBERMAP 176 R-7C19 APOGEE 0 0 0 1 0 0 169.28301678659943 -135.43764605406722 143.1 128.5803378101781 174.5377682256773 241.31242 38.648632 -999.0 -999.0 -999.0 -999.0 -999.0 276.9586502571489 -28.39471636332587 277.03969585769653 -28.378909563470717 85.94627097917288 82.0599367961558 -999.0 16600.0 -999.0 2 -999 {-999.0 -999.0 -999.0 -999.0 -999.0} "" -999.0 -999.0 -999.0 -999.0 -999 -999 "" "" "" "" 0 0 0.0 0.0 -999 ""
FIBERMAP 176 R-7C19 BOSS 1 1 0 1 0 0 169.12569810087174 -134.6992667281622 143.1 127.84884197118218 174.35116318825663 241.31242 38.648632 276.95620333467144 -28.395235193018895 -4.5998864 0.19414689 0.36548287 276.9561877877738 -28.395234615778843 277.0372186738047 -28.379436837209802 85.94850921780645 82.06185662761682 5400.0 5400.0 2016.0 1 276 {-999.0 17.78877 17.388824 17.257715 17.125057} sdss_psfmag_from_ps1dr2 17.6542 17.3557 16.8313 -999.0 63050395266273276 1039872564 "" ops_std_boss_ps1dr2 ops_std standard_boss 0 0 0.0 0.0 -999 ""
FIBERMAP 176 R-7C19 METROLOGY 0 0 0 1 0 0 169.8545423740277 -134.95509375668288 143.1 128.07541797271915 175.0895919435206 241.31242 38.648632 -999.0 -999.0 -999.0 -999.0 -999.0 276.95697391295533 -28.392982945199176 277.03800195631266 -28.37718262949462 85.94743380365612 82.03217198964114 -999.0 6231.0 -999.0 -1 -999 {-999.0 -999.0 -999.0 -999.0 -999.0} "" -999.0 -999.0 -999.0 -999.0 -999 -999 "" "" "" "" 0 0 0.0 0.0 -999 ""
FIBERMAP 180 R-4C11 APOGEE 0 0 0 1 0 0 -34.572018919519465 -74.71742338959284 143.1 76.03248360162002 -31.566391382882625 163.30591 121.92207 -999.0 -999.0 -999.0 -999.0 -999.0 276.7778324678598 -29.019120757100517 276.8610375448967 -29.003710636362914 86.16481232922976 90.8807739929913 -999.0 16600.0 -999.0 2 -999 {-999.0 -999.0 -999.0 -999.0 -999.0} "" -999.0 -999.0 -999.0 -999.0 -999 -999 "" "" "" "" 0 0 0.0 0.0 -999 ""
FIBERMAP 180 R-4C11 BOSS 1 1 0 1 0 0 -34.773362044546744 -74.00186473222249 143.1 75.32554336373641 -31.79607495220984 163.30591 121.92207 276.7755175867364 -29.01978466043574 -20.75865 -17.119663 0.6858758 276.7754470056107 -29.019835560745044 276.85863850884004 -29.00443188577931 86.1669256161425 90.89087787970747 5400.0 5400.0 2016.0 1 422 {-999.0 17.45455 16.797388 16.378525 -999.0} sdss_psfmag_ps1 17.185556 16.667738 15.956777 14.583 63050395245653393 1072869692 bright_1x1 mwm_halo_local_high_boss_single mwm_halo science 0 0 0.0 0.0 -999 ""
FIBERMAP 180 R-4C11 METROLOGY 0 0 0 1 0 0 -34.03986023628748 -74.19177583404169 143.1 75.48607285217035 -31.05561868322083 163.30591 121.92207 -999.0 -999.0 -999.0 -999.0 -999.0 276.77600929811837 -29.01759061266845 276.85919788617525 -29.002185643744507 86.16638741518648 90.85744691868791 -999.0 6231.0 -999.0 -1 -999 {-999.0 -999.0 -999.0 -999.0 -999.0} "" -999.0 -999.0 -999.0 -999.0 -999 -999 "" "" "" "" 0 0 0.0 0.0 -999 ""
FIBERMAP 182 R+7C8 APOGEE 1 1 0 1 0 0 -45.64299912636315 134.93239342823207 143.1 -133.0014121409831 -50.980735221802746 330.3632 139.48643 276.0520935058594 -29.07551363880593 -999.0 -999.0 -999.0 276.0520935058594 -29.075513638805933 276.1356784918074 -29.061986434299325 86.79966523234006 91.7121358009264 16000.0 16600.0 2015.5 2 124 {-999.0 -999.0 -999.0 -999.0 -999.0} "" -999.0 -999.0 -999.0 -999.0 27021603147107477 848843637 "" ops_sky_apogee_good ops_sky sky_apogee 0 0 0.0 0.0 -999 ""
FIBERMAP 182 R+7C8 BOSS 0 0 0 1 0 0 -45.386677803490045 134.22889830670584 143.1 -132.30871574831252 -50.696599925564776 330.3632 139.48643 -999.0 -999.0 -999.0 -999.0 -999.0 276.05444194862764 -29.07469122724502 276.13800982267196 -29.061158017449426 86.7976263727663 91.69734810525671 -999.0 5400.0 -999.0 1 109 {-999.0 -999.0 -999.0 -999.0 -999.0} "" -999.0 -999.0 -999.0 -999.0 -999 -999 "" "" "" "" 0 0 0.0 0.0 -999 ""
FIBERMAP 182 R+7C8 METROLOGY 0 0 0 1 0 0 -46.12748508682909 134.3700428115992 143.1 -132.42022825528778 -51.442412681309555 330.3632 139.48643 -999.0 -999.0 -999.0 -999.0 -999.0 276.0540194101144 -29.076956023279827 276.1375990054589 -29.06342363694491 86.79798786049633 91.73790037826774 -999.0 6231.0 -999.0 -1 -999 {-999.0 -999.0 -999.0 -999.0 -999.0} "" -999.0 -999.0 -999.0 -999.0 -999 -999 "" "" "" "" 0 0 0.0 0.0 -999 ""
FIBERMAP 183 R+12C1 APOGEE 1 1 0 1 0 0 -174.23234874905356 225.98663576120381 143.1 -218.85662587715143 -183.090508174397 242.40976 69.9564 275.7525604082041 -29.472101339131115 -0.28031504 -3.2178407 0.097416684 275.75255945088776 -29.472110906442254 275.83757671244797 -29.4593177258543 87.03297544229322 99.41210796405511 16000.0 16600.0 2016.0 2 8 {-999.0 15.579436 14.078126 13.363762 -999.0} sdss_psfmag_from_g3xp 14.947673 13.943459 12.950377 10.566 63050395262924134 1152038558 bright_1x1 mwm_galactic_core_dist_apogee_sparse mwm_galactic science 0 0 0.0 0.0 -999 ""
FIBERMAP 183 R+12C1 BOSS 0 0 0 1 0 0 -174.74853370258592 226.53019003114292 143.1 -219.37916165648315 -183.627918221742 242.40976 69.9564 -999.0 -999.0 -999.0 -999.0 -999.0 275.75078556985466 -29.473689390473613 275.83579608809794 -29.46089913826152 87.03429726760473 99.44644433585569 -999.0 5400.0 -999.0 1 8 {-999.0 -999.0 -999.0 -999.0 -999.0} "" -999.0 -999.0 -999.0 -999.0 -999 -999 "" "" "" "" 0 0 0.0 0.0 -999 ""
FIBERMAP 183 R+12C1 METROLOGY 0 0 0 1 0 0 -174.01250095147785 226.70358893941722 143.1 -219.58174001654314 -182.89940764794548 242.40976 69.9564 -999.0 -999.0 -999.0 -999.0 -999.0 275.7500424129703 -29.47152460742788 275.835049252576 -29.458736980952775 87.0352344246256 99.40673536126934 -999.0 6231.0 -999.0 -1 -999 {-999.0 -999.0 -999.0 -999.0 -999.0} "" -999.0 -999.0 -999.0 -999.0 -999 -999 "" "" "" "" 0 0 0.0 0.0 -999 ""
FIBERMAP 186 R+12C12 APOGEE 0 0 0 1 0 0 82.36244963515045 223.2302680725681 143.1 -226.325474865754 73.40010888938302 225.1352 125.995224 -999.0 -999.0 -999.0 -999.0 -999.0 275.73401767193485 -28.6964182568942 275.8163916839826 -28.683764642261515 87.05498762697557 84.33136998114247 -999.0 16600.0 -999.0 2 -999 {-999.0 -999.0 -999.0 -999.0 -999.0} "" -999.0 -999.0 -999.0 -999.0 -999 -999 "" "" "" "" 0 0 0.0 0.0 -999 ""
FIBERMAP 186 R+12C12 BOSS 1 1 0 1 0 0 81.63020519857672 223.36460830220136 143.1 -226.43052992201208 72.66312292622258 225.1352 125.995224 275.73362826866105 -28.69861715382939 -6.0754457 -5.6575103 0.07655368 275.7336076753649 -28.69863397478532 275.81597678744674 -28.68598256002439 87.05562896422624 84.3733022174397 5400.0 5400.0 2016.0 1 106 {-999.0 16.879276 15.755865 15.201744 -999.0} sdss_psfmag_ps1 16.365843 15.622175 14.717193 12.751 63050395264122689 1093353327 bright_3x1 mwm_astar_core_boss mwm_ob science 0 0 0.0 0.0 -999 ""
FIBERMAP 186 R+12C12 METROLOGY 0 0 0 1 0 0 82.09842288003821 223.93011669147148 143.1 -227.01422080708105 73.1084198663817 225.1352 125.995224 -999.0 -999.0 -999.0 -999.0 -999.0 275.73157873184795 -28.69726213234469 275.81394725199675 -28.684615776584035 87.05722259145514 84.3425217037771 -999.0 6231.0 -999.0 -1 -999 {-999.0 -999.0 -999.0 -999.0 -999.0} "" -999.0 -999.0 -999.0 -999.0 -999 -999 "" "" "" "" 0 0 0.0 0.0 -999 ""
FIBERMAP 193 R+4C23 APOGEE 1 1 0 1 0 0 238.62747607272877 73.17077096803678 143.1 -82.61683452683039 235.5132884798952 166.57521 152.05666 276.2329700222341 -28.20920643957001 -3.3110642 -9.216536 0.06545737 276.23295885090016 -28.20923384225117 276.31356908395685 -28.195337412362505 86.53205142427757 77.23699069827882 16000.0 16600.0 2016.0 2 86 {-999.0 15.891824 14.359476 13.757727 -999.0} sdss_psfmag_ps1 15.245258 14.0782 13.00084 10.502 63050395264374350 1153378978 bright_1x1 mwm_galactic_core_dist_apogee_sparse mwm_galactic science 0 0 0.0 0.0 -999 ""
FIBERMAP 193 R+4C23 BOSS 0 0 0 1 0 0 238.14835913204675 73.72523545821221 143.1 -83.15174824320545 235.01248086025078 166.57521 152.05666 -999.0 -999.0 -999.0 -999.0 -999.0 276.2311180615071 -28.210713671173856 276.31171947776045 -28.196825130718313 86.53400378599504 77.25400710166878 -999.0 5400.0 -999.0 1 259 {-999.0 -999.0 -999.0 -999.0 -999.0} "" -999.0 -999.0 -999.0 -999.0 -999 -999 "" "" "" "" 0 0 0.0 0.0 -999 ""
FIBERMAP 193 R+4C23 METROLOGY 0 0 0 1 0 0 238.86036766544535 73.88388767228071 143.1 -83.33863506583161 235.7175747709515 166.57521 152.05666 -999.0 -999.0 -999.0 -999.0 -999.0 276.2304752637765 -28.208552811436732 276.31107363694935 -28.19466527807897 86.5340101137071 77.2170614780394 -999.0 6231.0 -999.0 -1 -999 {-999.0 -999.0 -999.0 -999.0 -999.0} "" -999.0 -999.0 -999.0 -999.0 -999 -999 "" "" "" "" 0 0 0.0 0.0 -999 ""
FIBERMAP 197 R0C13 APOGEE 1 1 0 1 0 0 -4.522383041001697 6.548661943580324 143.1 -6.363025506073552 -4.779514742890099 61.825752 67.241516 276.49220048554724 -28.93716209309764 -33.325172 -53.694443 9.30801 276.492087267542 -28.937321737822256 276.5750867759977 -28.922665072470082 86.41224756052159 89.50362426032146 16000.0 16600.0 2016.0 2 250 {-999.0 15.369471 13.947634 13.162161 -999.0} sdss_psfmag_from_g3xp 14.788235 13.771135 12.7728195 10.901 63050395263692731 1069132605 bright_8x1 mwm_bin_rv_short_mdwarf_apogee_08epoch mwm_bin science 0 0 0.0 0.0 -999 ""
FIBERMAP 197 R0C13 BOSS 0 0 0 1 0 0 -4.106457443627139 5.942199108483624 143.1 -5.773639223042616 -4.339774114970274 61.825752 67.241516 -999.0 -999.0 -999.0 -999.0 -999.0 276.4941454431744 -28.93599441833784 276.57712742749106 -28.921332955056183 86.41040517113366 89.48360356694013 -999.0 5400.0 -999.0 1 518 {-999.0 -999.0 -999.0 -999.0 -999.0} "" -999.0 -999.0 -999.0 -999.0 -999 -999 "" "" "" "" 0 0 0.0 0.0 -999 ""
FIBERMAP 197 R0C13 METROLOGY 0 0 0 1 0 0 -4.849303605922184 5.880784335349329 143.1 -5.682680153598552 -5.079553944645845 61.825752 67.241516 -999.0 -999.0 -999.0 -999.0 -999.0 276.49444820607044 -28.93824293969585 276.57744210406474 -28.923580250777356 86.41022746785154 89.5196536719452 -999.0 6231.0 -999.0 -1 -999 {-999.0 -999.0 -999.0 -999.0 -999.0} "" -999.0 -999.0 -999.0 -999.0 -999 -999 "" "" "" "" 0 0 0.0 0.0 -999 ""
FIBERMAP 213 R+3C1 APOGEE 1 1 0 1 0 0 -250.41283457957775 67.7637631047376 143.1 -57.73062484873686 -252.90374946473415 42.943024 126.258644 276.3105954122221 -29.687156339075262 -1.1528553 -9.337581 0.11194092 276.3105914666573 -29.687184101649173 276.3962086841233 -29.672911436112315 86.51991220240235 101.83729617708583 16000.0 16600.0 2016.0 2 3 {-999.0 15.639711 14.048918 13.133889 -999.0} sdss_psfmag_from_g3xp 14.944475 13.763999 12.690978 10.17 63050395244874144 1152010293 bright_1x1 mwm_galactic_core_dist_apogee_sparse mwm_galactic science 0 0 0.0 0.0 -999 ""
FIBERMAP 213 R+3C1 BOSS 0 0 0 1 0 0 -249.67183876321212 67.59947576519235 143.1 -57.59599631924244 -252.1568263063278 42.943024 126.258644 -999.0 -999.0 -999.0 -999.0 -999.0 276.3110803738717 -29.68495449276772 276.39667502517693 -29.670678577206417 86.51989680466869 101.79991222654542 -999.0 5400.0 -999.0 1 3 {-999.0 -999.0 -999.0 -999.0 -999.0} "" -999.0 -999.0 -999.0 -999.0 -999 -999 "" "" "" "" 0 0 0.0 0.0 -999 ""
FIBERMAP 213 R+3C1 METROLOGY 0 0 0 1 0 0 -250.17970839500236 67.05254602282537 143.1 -57.02928882501832 -252.64248231397661 42.943024 126.258644 -999.0 -999.0 -999.0 -999.0 -999.0 276.3130314429063 -29.68646840126569 276.3986349940021 -29.672187855870824 86.51795996919527 101.81958407785453 -999.0 6231.0 -999.0 -1 -999 {-999.0 -999.0 -999.0 -999.0 -999.0} "" -999.0 -999.0 -999.0 -999.0 -999 -999 "" "" "" "" 0 0 0.0 0.0 -999 ""
FIBERMAP 216 R-9C18 APOGEE 1 1 0 1 0 0 179.1570450521265 -193.26974639266416 143.1 185.97081862109638 186.70763337282543 308.75122 27.607857 277.1552708128387 -28.35832361076796 1.978951 -3.9295096 0.11470101 277.1552774990575 -28.35833529401914 277.23614773138974 -28.342021601230833 85.76959596744032 81.98191539635184 16000.0 16600.0 2016.0 2 192 {-999.0 15.26609 13.759444 13.062946 -999.0} sdss_psfmag_from_g3xp 14.62415 13.629224 12.639535 10.26 63050395266293557 1152042855 bright_1x1 mwm_galactic_core_dist_apogee_sparse mwm_galactic science 0 0 0.0 0.0 -999 ""
FIBERMAP 216 R-9C18 BOSS 0 0 0 1 0 0 178.52761205485513 -192.82732220452573 143.1 185.55384046430686 186.06109882308604 308.75122 27.607857 -999.0 -999.0 -999.0 -999.0 -999.0 277.1538847208267 -28.360275528521477 277.2347441582086 -28.343968054658358 85.77115917584575 82.0048894735778 -999.0 5400.0 -999.0 1 265 {-999.0 -999.0 -999.0 -999.0 -999.0} "" -999.0 -999.0 -999.0 -999.0 -999 -999 "" "" "" "" 0 0 0.0 0.0 -999 ""
FIBERMAP 216 R-9C18 METROLOGY 0 0 0 1 0 0 179.1978150053764 -192.52580370200164 143.1 185.22587206591254 186.7187301224768 308.75122 27.607857 -999.0 -999.0 -999.0 -999.0 -999.0 277.1527811970068 -28.35825933746954 277.2336391954535 -28.341954172993578 85.77175612390604 81.9756597107006 -999.0 6231.0 -999.0 -1 -999 {-999.0 -999.0 -999.0 -999.0 -999.0} "" -999.0 -999.0 -999.0 -999.0 -999 -999 "" "" "" "" 0 0 0.0 0.0 -999 ""
FIBERMAP 223 R-7C9 APOGEE 1 1 0 1 0 0 -50.00755589297437 -137.50950435371493 143.1 139.38715941962653 -44.48737447435616 210.71031 89.28641 276.99739176244464 -29.058178849825936 2.0572777 -4.681109 0.12645313 276.9973987599592 -29.058192767738543 277.08067721746016 -29.04220694711308 85.97344916500776 91.49093705250907 16000.0 16600.0 2016.0 2 186 {-999.0 15.476804 13.904362 13.059668 -999.0} sdss_psfmag_from_g3xp 14.797782 13.692743 12.629922 10.204 63050395245583170 1152011136 bright_1x1 mwm_galactic_core_dist_apogee_sparse mwm_galactic science 0 0 0.0 0.0 -999 ""
FIBERMAP 223 R-7C9 BOSS 0 0 0 1 0 0 -50.39484489874559 -136.85918088316188 143.1 138.75280817835383 -44.90024983192145 210.71031 89.28641 -999.0 -999.0 -999.0 -999.0 -999.0 276.9952922111284 -29.059468335621627 277.0785583731807 -29.043488030738565 85.97531787219602 91.50884535842715 -999.0 5400.0 -999.0 1 380 {-999.0 -999.0 -999.0 -999.0 -999.0} "" -999.0 -999.0 -999.0 -999.0 -999 -999 "" "" "" "" 0 0 0.0 0.0 -999 ""
FIBERMAP 223 R-7C9 METROLOGY 0 0 0 1 0 0 -49.640434459478584 -136.85480748486532 143.1 138.71838218297367 -44.14664280110139 210.71031 89.28641 -999.0 -999.0 -999.0 -999.0 -999.0 276.99518508757086 -29.057188000690996 277.0784484112651 -29.041208195451198 85.97538447599545 91.47634740504361 -999.0 6231.0 -999.0 -1 -999 {-999.0 -999.0 -999.0 -999.0 -999.0} "" -999.0 -999.0 -999.0 -999.0 -999 -999 "" "" "" "" 0 0 0.0 0.0 -999 ""
FIBERMAP 224 R+2C5 APOGEE 1 1 0 1 0 0 -188.11036451428504 21.574862055784116 143.1 -14.06241917119781 -188.81304048218058 289.23093 62.701015 276.4633206439028 -29.494872621424822 -6.376111 -14.9726515 0.07838139 276.4632988636628 -29.49491713823725 276.5482141133487 -29.48026950362161 86.4164242042462 98.43611990038565 16000.0 16600.0 2016.0 2 23 {-999.0 15.005645 13.412525 12.571323 -999.0} sdss_psfmag_from_g3xp 14.316637 13.190017 12.142952 9.615 63050395244983992 1155740921 bright_1x1 mwm_galactic_core_dist_apogee_extra mwm_galactic science 0 0 0.0 0.0 -999 ""
FIBERMAP 224 R+2C5 BOSS 0 0 0 1 0 0 -188.87155618455247 21.691134889422912 143.1 -14.148268621226455 -189.578229719582 289.23093 62.701015 -999.0 -999.0 -999.0 -999.0 -999.0 276.4630017621961 -29.497285980483706 276.54790992981964 -29.482637321630193 86.41642073109108 98.47423840591318 -999.0 5400.0 -999.0 1 34 {-999.0 -999.0 -999.0 -999.0 -999.0} "" -999.0 -999.0 -999.0 -999.0 -999 -999 "" "" "" "" 0 0 0.0 0.0 -999 ""
FIBERMAP 224 R+2C5 METROLOGY 0 0 0 1 0 0 -188.3866772333878 22.27169480762342 143.1 -14.747662279179231 -189.11688506855447 289.23093 62.701015 -999.0 -999.0 -999.0 -999.0 -999.0 276.4609129358225 -29.49591217261304 276.5458212834245 -29.48126954750489 86.4183815660958 98.45577049108192 -999.0 6231.0 -999.0 -1 -999 {-999.0 -999.0 -999.0 -999.0 -999.0} "" -999.0 -999.0 -999.0 -999.0 -999 -999 "" "" "" "" 0 0 0.0 0.0 -999 ""
FIBERMAP 226 R-2C25 APOGEE 1 1 0 1 0 0 258.9122854524946 -31.386734826131374 143.1 21.04531044863692 259.9468254130814 139.27432 122.2641 276.58905029296875 -28.13677431833726 -999.0 -999.0 -999.0 276.58905029296875 -28.13677431833726 276.66932786205973 -28.121959378078632 86.21003337341025 77.36607596107312 16000.0 16600.0 2015.5 2 239 {-999.0 -999.0 -999.0 -999.0 -999.0} "" -999.0 -999.0 -999.0 -999.0 27021603147115684 848845009 "" ops_sky_apogee_good ops_sky sky_apogee 0 0 0.0 0.0 -999 ""
FIBERMAP 226 R-2C25 BOSS 0 0 0 1 0 0 258.9970822362531 -30.609861050314702 143.1 20.265706212418852 260.00060027771906 139.27432 122.2641 -999.0 -999.0 -999.0 -999.0 -999.0 276.586392840905 -28.136596849226073 276.6666549294763 -28.121792436768114 86.2122719624437 77.35461178101235 -999.0 5400.0 -999.0 1 349 {-999.0 -999.0 -999.0 -999.0 -999.0} "" -999.0 -999.0 -999.0 -999.0 -999 -999 "" "" "" "" 0 0 0.0 0.0 -999 ""
FIBERMAP 226 R-2C25 METROLOGY 0 0 0 1 0 0 259.5907829601803 -31.100722207721788 143.1 20.732504541624856 260.61336211744526 139.27432 122.2641 -999.0 -999.0 -999.0 -999.0 -999.0 276.58799741546875 -28.134716302113087 276.66825720870315 -28.11990692282221 86.21042758928817 77.33241880761898 -999.0 6231.0 -999.0 -1 -999 {-999.0 -999.0 -999.0 -999.0 -999.0} "" -999.0 -999.0 -999.0 -999.0 -999 -999 "" "" "" "" 0 0 0.0 0.0 -999 ""
FIBERMAP 229 R+9C7 APOGEE 1 1 0 1 0 0 -40.741994948051605 172.09066771360943 143.1 -170.32395634165866 -47.56423029948675 8.173848 97.70122 275.9230386977578 -29.064203164721295 1.7111653 -5.386917 0.15872008 275.9230445183644 -29.06421918114876 276.006622920265 -29.05102959756359 86.91245189060399 91.5074788487707 16000.0 16600.0 2016.0 2 133 {-999.0 15.882164 14.269237 12.500141 -999.0} sdss_psfmag_from_g3xp 15.168036 13.227826 11.902739 8.819 63050395263156276 1152038837 bright_1x1 mwm_galactic_core_dist_apogee_sparse mwm_galactic science 0 0 0.0 0.0 -999 ""
FIBERMAP 229 R+9C7 BOSS 0 0 0 1 0 0 -40.51893974216325 171.38318132798923 143.1 -169.6259466679765 -47.313174361915785 8.173848 97.70122 -999.0 -999.0 -999.0 -999.0 -999.0 275.9254061023842 -29.0634937385185 276.00896826268036 -29.050298127218536 86.91039890277993 91.49404506550502 -999.0 5400.0 -999.0 1 123 {-999.0 -999.0 -999.0 -999.0 -999.0} "" -999.0 -999.0 -999.0 -999.0 -999 -999 "" "" "" "" 0 0 0.0 0.0 -999 ""
FIBERMAP 229 R+9C7 METROLOGY 0 0 0 1 0 0 -41.247297202086486 171.54452892731135 143.1 -169.75814142999772 -48.04735258279032 8.173848 97.70122 -999.0 -999.0 -999.0 -999.0 -999.0 275.9249030233705 -29.06572118320675 276.0084766587697 -29.052526602277386 86.9108364512454 91.53536630790074 -999.0 6231.0 -999.0 -1 -999 {-999.0 -999.0 -999.0 -999.0 -999.0} "" -999.0 -999.0 -999.0 -999.0 -999 -999 "" "" "" "" 0 0 0.0 0.0 -999 ""
FIBERMAP 230 R+10C2 APOGEE 0 0 0 1 0 0 -162.13637543079543 203.34072609771576 143.1 -196.71151474375972 -170.10239372449914 98.39935 135.21024 -999.0 -999.0 -999.0 -999.0 -999.0 275.8292709609949 -29.43388310133817 275.91413802792283 -29.42089443148161 86.97172610605084 98.52118843532179 -999.0 16600.0 -999.0 2 -999 {-999.0 -999.0 -999.0 -999.0 -999.0} "" -999.0 -999.0 -999.0 -999.0 -999 -999 "" "" "" "" 0 0 0.0 0.0 -999 ""
FIBERMAP 230 R+10C2 BOSS 1 1 0 1 0 0 -161.73124067491412 203.94215776175443 143.1 -197.3285856757352 -169.72155830814944 98.39935 135.21024 275.8271689426137 -29.432705645519697 -5.257687 -3.9411337 0.15122063 275.8271509938237 -29.432717363330703 275.9120015979139 -29.419733012374746 86.97371199347982 98.50354577584842 5400.0 5400.0 2016.0 1 18 {-999.0 18.50748 17.2981 16.85608 -999.0} sdss_psfmag_ps1 17.94779 17.263048 16.334871 14.472 63050395263060010 980263405 "" ops_std_boss_red ops_std standard_boss 0 0 0.0 0.0 -999 ""
FIBERMAP 230 R+10C2 METROLOGY 0 0 0 1 0 0 -161.39049115796098 203.28455788308898 143.1 -196.68510992869926 -169.35489372879638 98.39935 135.21024 -999.0 -999.0 -999.0 -999.0 -999.0 275.82933651290244 -29.431666847342825 275.91418668051824 -29.418677304817713 86.97194736428227 98.47942052372218 -999.0 6231.0 -999.0 -1 -999 {-999.0 -999.0 -999.0 -999.0 -999.0} "" -999.0 -999.0 -999.0 -999.0 -999 -999 "" "" "" "" 0 0 0.0 0.0 -999 ""
FIBERMAP 231 R+2C20 APOGEE 0 0 0 1 0 0 169.17273458024576 23.87551850460651 143.1 -30.59556777734251 168.0804290568849 353.54895 63.192364 -999.0 -999.0 -999.0 -999.0 -999.0 276.4104806409707 -28.41299265295046 276.4917308177738 -28.39860999818102 86.42385518986951 81.02856090849798 -999.0 16600.0 -999.0 2 -999 {-999.0 -999.0 -999.0 -999.0 -999.0} "" -999.0 -999.0 -999.0 -999.0 -999 -999 "" "" "" "" 0 0 0.0 0.0 -999 ""
FIBERMAP 231 R+2C20 BOSS 1 1 0 1 0 0 168.7869127296167 23.24139237271992 143.1 -29.9465990840878 167.72019300973665 353.54895 63.192364 276.41271278990433 -28.414008431064193 0.37662482 -4.1650214 0.08503481 276.4127140630631 -28.414020814541146 276.4939521282379 -28.399634757031762 86.42213000331147 81.05060746425798 5400.0 5400.0 2016.0 1 230 {-999.0 17.047087 15.951121 15.6329365 -999.0} sdss_psfmag_ps1 16.202417 15.864281 14.809676 12.623 63050395264250561 1093353384 bright_3x1 mwm_astar_core_boss mwm_ob science 0 0 0.0 0.0 -999 ""
FIBERMAP 231 R+2C20 METROLOGY 0 0 0 1 0 0 168.42502870166325 23.896354433413876 143.1 -30.586597199223213 167.3325166378396 353.54895 63.192364 -999.0 -999.0 -999.0 -999.0 -999.0 276.4104937320042 -28.415166588634087 276.4917404992125 -28.40078545455819 86.42425760473462 81.06283827687605 -999.0 6231.0 -999.0 -1 -999 {-999.0 -999.0 -999.0 -999.0 -999.0} "" -999.0 -999.0 -999.0 -999.0 -999 -999 "" "" "" "" 0 0 0.0 0.0 -999 ""
FIBERMAP 232 R+13C3 APOGEE 1 1 0 1 0 0 -97.35577153914785 232.75973400826814 143.1 -228.6868925461272 -106.54789011437407 328.37427 58.80132 275.72018344262966 -29.240830740298417 0.8896259 -2.120503 0.18325952 275.7201864739403 -29.240837044995715 275.80441795161266 -29.228155484959032 87.084201025532 94.98208388804777 16000.0 16600.0 2016.0 2 54 {-999.0 15.436102 13.867806 13.02182 -999.0} sdss_psfmag_from_g3xp 14.757346 13.637973 12.583835 9.987 63050395263097312 1152038752 bright_1x1 mwm_galactic_core_dist_apogee_sparse mwm_galactic science 0 0 0.0 0.0 -999 ""
FIBERMAP 232 R+13C3 BOSS 0 0 0 1 0 0 -98.04963791277996 232.52139739899002 143.1 -228.42111058056395 -107.23168231309485 328.37427 58.80132 -999.0 -999.0 -999.0 -999.0 -999.0 275.7210827321701 -29.242920036889707 275.80530868928963 -29.230235243397974 87.08330239608992 95.02199041987438 -999.0 5400.0 -999.0 1 91 {-999.0 -999.0 -999.0 -999.0 -999.0} "" -999.0 -999.0 -999.0 -999.0 -999 -999 "" "" "" "" 0 0 0.0 0.0 -999 ""
FIBERMAP 232 R+13C3 METROLOGY 0 0 0 1 0 0 -97.91798919111552 233.23372560558104 143.1 -229.13808969205888 -107.12852304345901 328.37427 58.80132 -999.0 -999.0 -999.0 -999.0 -999.0 275.71856504177157 -29.242599296575623 275.8027940591345 -29.229921289537074 87.08551158430717 95.01838745612804 -999.0 6231.0 -999.0 -1 -999 {-999.0 -999.0 -999.0 -999.0 -999.0} "" -999.0 -999.0 -999.0 -999.0 -999 -999 "" "" "" "" 0 0 0.0 0.0 -999 ""
FIBERMAP 234 R+3C20 APOGEE 1 1 0 1 0 0 184.77311709773062 61.66915336515634 143.1 -68.97921345597409 182.16207595257146 39.85515 86.038475 276.27855275477606 -28.370061205110353 -3.12144 -5.107333 0.12709114 276.27854220729927 -28.37007639027623 276.3596812512537 -28.35604233025702 86.52934122636631 79.97603878181627 16000.0 16600.0 2016.0 2 69 {-999.0 16.443747 14.80129 13.418438 -999.0} sdss_psfmag_from_g3xp 15.564176 14.153364 12.809634 9.944 63050395264273806 1152040051 bright_1x1 mwm_galactic_core_dist_apogee_sparse mwm_galactic science 0 0 0.0 0.0 -999 ""
FIBERMAP 234 R+3C20 BOSS 0 0 0 1 0 0 185.19348677107322 61.04927800544229 143.1 -68.37660288933259 182.6067913146025 39.85515 86.038475 -999.0 -999.0 -999.0 -999.0 -999.0 276.28061780699636 -28.368683916123018 276.36173722219564 -28.354647297555807 86.52728320088387 79.95965619992916 -999.0 5400.0 -999.0 1 224 {-999.0 -999.0 -999.0 -999.0 -999.0} "" -999.0 -999.0 -999.0 -999.0 -999 -999 "" "" "" "" 0 0 0.0 0.0 -999 ""
FIBERMAP 234 R+3C20 METROLOGY 0 0 0 1 0 0 184.45332751978452 60.98743975360325 143.1 -68.2853277427911 181.86971302677262 39.85515 86.038475 -999.0 -999.0 -999.0 -999.0 -999.0 276.28090098991635 -28.37088497778862 276.3620318373246 -28.35684659597851 86.52748255920388 79.99606830545821 -999.0 6231.0 -999.0 -1 -999 {-999.0 -999.0 -999.0 -999.0 -999.0} "" -999.0 -999.0 -999.0 -999.0 -999 -999 "" "" "" "" 0 0 0.0 0.0 -999 ""
FIBERMAP 243 R-11C12 APOGEE 1 1 0 1 0 0 74.26312458174473 -197.52545761904173 143.1 194.40202847284453 82.0707437014105 129.24368 89.45837 277.1862048666642 -28.674358628442672 -4.8986998 -2.7425485 0.15166104 277.18618826590694 -28.674366782609987 277.26811385660915 -28.657935459321465 85.78667233667208 86.28482560789304 16000.0 16600.0 2016.0 2 183 {-999.0 16.437342 14.7909565 13.571447 -999.0} sdss_psfmag_from_g3xp 15.722494 14.264581 13.08933 10.355 63050395247090260 1152012412 bright_1x1 mwm_galactic_core_dist_apogee_sparse mwm_galactic science 0 0 0.0 0.0 -999 ""
FIBERMAP 243 R-11C12 BOSS 0 0 0 1 0 0 74.83312697581532 -197.0237479849006 143.1 193.8780279607143 82.62028225440123 129.24368 89.45837 -999.0 -999.0 -999.0 -999.0 -999.0 277.1844485861917 -28.67268367424908 277.2663511288574 -28.656258733231397 85.78803413505372 86.25991116221076 -999.0 5400.0 -999.0 1 376 {-999.0 -999.0 -999.0 -999.0 -999.0} "" -999.0 -999.0 -999.0 -999.0 -999 -999 "" "" "" "" 0 0 0.0 0.0 -999 ""
FIBERMAP 243 R-11C12 METROLOGY 0 0 0 1 0 0 74.98157861774929 -197.74990179906007 143.1 194.59766175317753 82.79754057001729 129.24368 89.45837 -999.0 -999.0 -999.0 -999.0 -999.0 277.18694633845837 -28.672133869047677 277.2688514016297 -28.655702030815913 85.78579362827381 86.25552574617728 -999.0 6231.0 -999.0 -1 -999 {-999.0 -999.0 -999.0 -999.0 -999.0} "" -999.0 -999.0 -999.0 -999.0 -999 -999 "" "" "" "" 0 0 0.0 0.0 -999 ""
FIBERMAP 244 R-4C15 APOGEE 1 1 0 1 0 0 70.7844856669531 -98.09949914858674 143.1 95.19758147782198 74.63380555830506 337.48242 46.471092 276.84430051164384 -28.696850008117302 -5.644436 -5.520257 0.832063 276.8442813796191 -28.696866420990816 276.9263756357666 -28.681321458980513 86.08731523382797 86.17051702920902 16000.0 16600.0 2016.0 2 199 {-999.0 16.349697 15.434812 15.048801 -999.0} sdss_psfmag_ps1 15.927055 15.340943 14.521786 12.929 63050395263866110 916996466 bright_3x1 mwm_yso_variable_apogee mwm_yso science 0 0 0.0 0.0 -999 ""
FIBERMAP 244 R-4C15 BOSS 0 0 0 1 0 0 70.0920548809986 -98.3839401360103 143.1 95.50937217621106 73.95328458096989 337.48242 46.471092 -999.0 -999.0 -999.0 -999.0 -999.0 276.8454327528677 -28.698891362631166 276.9275171750686 -28.68334467035067 86.08652936571207 86.20152823438883 -999.0 5400.0 -999.0 1 280 {-999.0 -999.0 -999.0 -999.0 -999.0} "" -999.0 -999.0 -999.0 -999.0 -999 -999 "" "" "" "" 0 0 0.0 0.0 -999 ""
FIBERMAP 244 R-4C15 METROLOGY 0 0 0 1 0 0 70.1965161317004 -97.6384394834587 143.1 94.76033145220882 74.0279574400009 337.48242 46.471092 -999.0 -999.0 -999.0 -999.0 -999.0 276.8428502822835 -28.698655324010232 276.9249393177794 -28.683114946476735 86.08875488666895 86.1947434756596 -999.0 6231.0 -999.0 -1 -999 {-999.0 -999.0 -999.0 -999.0 -999.0} "" -999.0 -999.0 -999.0 -999.0 -999 -999 "" "" "" "" 0 0 0.0 0.0 -999 ""
FIBERMAP 249 R+8C6 APOGEE 0 0 0 1 0 0 -81.78204812484393 152.25231006657282 143.1 -148.86707895561997 -87.7796823961476 290.3813 156.91861 -999.0 -999.0 -999.0 -999.0 -999.0 275.99638420915835 -29.186638523239875 276.0803625311904 -29.17324340199837 86.84613125304574 93.73396902739205 -999.0 16600.0 -999.0 2 -999 {-999.0 -999.0 -999.0 -999.0 -999.0} "" -999.0 -999.0 -999.0 -999.0 -999 -999 "" "" "" "" 0 0 0.0 0.0 -999 ""
FIBERMAP 249 R+8C6 BOSS 1 1 0 1 0 0 -81.80918952286775 151.5326780443284 143.1 -148.1469657653119 -87.77813051081385 290.3813 156.91861 275.9988258591822 -29.186672155090232 0.50256014 -4.744186 0.13450159 275.9988275707005 -29.186686260543997 276.08279186361756 -29.173284360777075 86.84400992730765 93.7333813508683 5400.0 5400.0 2016.0 1 79 {-999.0 17.719557 16.575048 18.520168 -999.0} sdss_psfmag_ps1 -999.0 15.685607 -999.0 12.46 63050395263120527 1093353430 bright_3x1 mwm_astar_core_boss mwm_ob science 0 0 0.0 0.0 -999 ""
FIBERMAP 249 R+8C6 METROLOGY 0 0 0 1 0 0 -82.45396464387085 151.92363635564533 143.1 -148.51190972615836 -88.43794395227675 290.3813 156.91861 -999.0 -999.0 -999.0 -999.0 -999.0 275.9975259609911 -29.18868535862151 276.0815012996874 -29.175286723073857 86.84506629327767 93.7704494295117 -999.0 6231.0 -999.0 -1 -999 {-999.0 -999.0 -999.0 -999.0 -999.0} "" -999.0 -999.0 -999.0 -999.0 -999 -999 "" "" "" "" 0 0 0.0 0.0 -999 ""
FIBERMAP 253 R+5C3 APOGEE 1 1 0 1 0 0 -202.7969142468274 98.82284840081297 143.1 -90.6608591222718 -206.56495611603935 166.30801 121.39084 276.19654722437224 -29.547086503255816 0.070621684 -6.269467 0.112846464 276.1965474657342 -29.547105143687833 276.2817115064433 -29.533146048688927 86.63994503030253 99.78132844967978 16000.0 16600.0 2016.0 2 19 {-999.0 16.185162 14.562668 13.44221 -999.0} sdss_psfmag_from_g3xp 15.488896 14.120848 12.976788 10.33 63050395244962890 1152010339 bright_1x1 mwm_galactic_core_dist_apogee_sparse mwm_galactic science 0 0 0.0 0.0 -999 ""
FIBERMAP 253 R+5C3 BOSS 0 0 0 1 0 0 -203.05467649091364 99.51828576900047 143.1 -91.34544707435407 -206.8502101051985 166.30801 121.39084 -999.0 -999.0 -999.0 -999.0 -999.0 276.19415962928224 -29.547985779591507 276.27931303022433 -29.5340310603364 86.64188981570203 99.80120194418618 -999.0 5400.0 -999.0 1 28 {-999.0 -999.0 -999.0 -999.0 -999.0} "" -999.0 -999.0 -999.0 -999.0 -999 -999 "" "" "" "" 0 0 0.0 0.0 -999 ""
FIBERMAP 253 R+5C3 METROLOGY 0 0 0 1 0 0 -202.30717984147807 99.38513832745163 143.1 -91.24219147033669 -206.09803217085638 166.30801 121.39084 -999.0 -999.0 -999.0 -999.0 -999.0 276.19450662219043 -29.545754607336807 276.2796563148107 -29.531799745867055 86.64190148598173 99.76277033731333 -999.0 6231.0 -999.0 -1 -999 {-999.0 -999.0 -999.0 -999.0 -999.0} "" -999.0 -999.0 -999.0 -999.0 -999 -999 "" "" "" "" 0 0 0.0 0.0 -999 ""
FIBERMAP 255 R-5C11 APOGEE 1 1 0 1 0 0 -10.450877102897662 -82.81257387375516 143.1 83.15987951101597 -7.142849796744755 96.97655 108.82794 276.80261449302174 -28.944977263852437 0.8538363 -5.302537 0.124916434 276.80261739403596 -28.94499302940022 276.8855638014003 -28.92952717472521 86.14103471460291 89.78567410238738 16000.0 16600.0 2016.0 2 170 {-999.0 15.41309 13.761235 12.662724 -999.0} sdss_psfmag_from_g3xp 14.68224 13.331453 12.192526 9.467 63050395245657608 1152011110 bright_1x1 mwm_galactic_core_dist_apogee_sparse mwm_galactic science 0 0 0.0 0.0 -999 ""
FIBERMAP 255 R-5C11 BOSS 0 0 0 1 0 0 -9.751077642053719 -82.4969940721055 143.1 82.81668239458558 -6.4562068822457 96.97655 108.82794 -999.0 -999.0 -999.0 -999.0 -999.0 276.8015014676309 -28.942911424858828 276.8844246383095 -28.92744931732488 86.14194508450863 89.75421072916555 -999.0 5400.0 -999.0 1 409 {-999.0 -999.0 -999.0 -999.0 -999.0} "" -999.0 -999.0 -999.0 -999.0 -999 -999 "" "" "" "" 0 0 0.0 0.0 -999 ""
FIBERMAP 255 R-5C11 METROLOGY 0 0 0 1 0 0 -9.823112245309728 -83.23349153453543 143.1 83.55543553649323 -6.498838830712125 96.97655 108.82794 -999.0 -999.0 -999.0 -999.0 -999.0 276.8040663461545 -28.9430426737115 276.88699394709874 -28.927573707796125 86.13970345231017 89.75744550437582 -999.0 6231.0 -999.0 -1 -999 {-999.0 -999.0 -999.0 -999.0 -999.0} "" -999.0 -999.0 -999.0 -999.0 -999 -999 "" "" "" "" 0 0 0.0 0.0 -999 ""
FIBERMAP 266 R-11C1 APOGEE 1 1 0 1 0 0 -172.48954211683625 -199.91427175076547 143.1 206.61965078847348 -164.3809622196507 115.13633 109.65662 277.2299344670735 -29.419967206310915 -1.7129022 -6.120682 0.49124715 277.22992862026905 -29.419985404373648 277.3143772892612 -29.40335233961346 85.75894508463281 96.41852983837103 16000.0 16600.0 2016.0 2 260 {-999.0 12.980484 11.485876 10.750826 -999.0} sdss_psfmag_from_g3xp 12.355659 11.335559 10.340206 8.084 63050395245273139 1152010639 bright_1x1 mwm_galactic_core_dist_apogee_sparse mwm_galactic science 0 0 0.0 0.0 -999 ""
FIBERMAP 266 R-11C1 BOSS 0 0 0 1 0 0 -171.87808412995307 -199.4679099490695 143.1 206.1493003292848 -163.7877975505947 115.13633 109.65662 -999.0 -999.0 -999.0 -999.0 -999.0 277.22832583419324 -29.41820990239472 277.3127508310431 -29.401580083983262 85.76048353875734 96.3959723920164 -999.0 5400.0 -999.0 1 354 {-999.0 -999.0 -999.0 -999.0 -999.0} "" -999.0 -999.0 -999.0 -999.0 -999 -999 "" "" "" "" 0 0 0.0 0.0 -999 ""
FIBERMAP 266 R-11C1 METROLOGY 0 0 0 1 0 0 -171.8145101563466 -200.22371912127397 143.1 206.9019463338055 -163.69416462596007 115.13633 109.65662 -999.0 -999.0 -999.0 -999.0 -999.0 277.2309647404532 -29.417941101036856 277.3153932216362 -29.401304773546205 85.75820653020897 96.39007018655178 -999.0 6231.0 -999.0 -1 -999 {-999.0 -999.0 -999.0 -999.0 -999.0} "" -999.0 -999.0 -999.0 -999.0 -999 -999 "" "" "" "" 0 0 0.0 0.0 -999 ""
FIBERMAP 267 R-9C2 APOGEE 0 0 0 1 0 0 -178.18706798820463 -162.7975318186278 143.1 169.7608592206569 -171.5524935433327 147.3227 98.23504 -999.0 -999.0 -999.0 -999.0 -999.0 277.10240045605326 -29.442309849896013 277.18696165581594 -29.42600564552335 85.867925978388 96.84190856734085 -999.0 16600.0 -999.0 2 -999 {-999.0 -999.0 -999.0 -999.0 -999.0} "" -999.0 -999.0 -999.0 -999.0 -999 -999 "" "" "" "" 0 0 0.0 0.0 -999 ""
FIBERMAP 267 R-9C2 BOSS 1 1 0 1 0 0 -177.92760707769824 -162.13079943575417 143.1 169.08434577868735 -171.31981210886946 147.3227 98.23504 277.10010730570934 -29.44161733411558 -2.5046568 -7.708571 0.043494165 277.10009875451385 -29.441640253303767 277.184640558466 -29.42534088873533 85.86999389080349 96.83492998086658 5400.0 5400.0 2016.0 1 457 {-999.0 16.491869 15.868275 15.646072 -999.0} sdss_psfmag_ps1 16.187496 15.951663 15.135729 14.158 63050395245164371 1093352868 bright_3x1 mwm_astar_core_boss mwm_ob science 0 0 0.0 0.0 -999 ""
FIBERMAP 267 R-9C2 METROLOGY 0 0 0 1 0 0 -177.44446869839362 -162.7078406174524 143.1 169.64165714094437 -170.8140869331062 147.3227 98.23504 -999.0 -999.0 -999.0 -999.0 -999.0 277.1020584649573 -29.4401333509599 277.18659959425474 -29.423829419690808 85.868412082554 96.81214441526123 -999.0 6231.0 -999.0 -1 -999 {-999.0 -999.0 -999.0 -999.0 -999.0} "" -999.0 -999.0 -999.0 -999.0 -999 -999 "" "" "" "" 0 0 0.0 0.0 -999 ""
FIBERMAP 274 R+2C17 APOGEE 1 1 0 1 0 0 68.43722741505952 43.242249506812264 143.1 -45.93277344492714 66.65734985066206 236.68248 29.158848 276.35592141548415 -28.71999411508327 -5.4857235 -4.7554936 0.09965998 276.3559028173073 -28.720008254155967 276.43820312016254 -28.70573156166621 86.51574011229933 85.85058327511422 16000.0 16600.0 2016.0 2 61 {-999.0 15.358817 13.955483 13.321317 -999.0} sdss_psfmag_from_g3xp 14.790601 13.862647 12.915424 10.677 63050395263800278 1152039532 bright_1x1 mwm_galactic_core_dist_apogee_sparse mwm_galactic science 0 0 0.0 0.0 -999 ""
FIBERMAP 274 R+2C17 BOSS 0 0 0 1 0 0 68.56995330071085 43.985628936023986 143.1 -46.6808207976727 66.76034828331453 236.68248 29.158848 -999.0 -999.0 -999.0 -999.0 -999.0 276.35329927953114 -28.719645855372978 276.4355842620007 -28.705377363126516 86.51798681621695 85.84078996882215 -999.0 5400.0 -999.0 1 207 {-999.0 -999.0 -999.0 -999.0 -999.0} "" -999.0 -999.0 -999.0 -999.0 -999 -999 "" "" "" "" 0 0 0.0 0.0 -999 ""
FIBERMAP 274 R+2C17 METROLOGY 0 0 0 1 0 0 69.1399082967419 43.489175796817 143.1 -46.20748910375023 67.34960698729644 236.68248 29.158848 -999.0 -999.0 -999.0 -999.0 -999.0 276.3549382385206 -28.71785763543631 276.4372209381245 -28.703584699881038 86.51636933013727 85.81395199756724 -999.0 6231.0 -999.0 -1 -999 {-999.0 -999.0 -999.0 -999.0 -999.0} "" -999.0 -999.0 -999.0 -999.0 -999 -999 "" "" "" "" 0 0 0.0 0.0 -999 ""
FIBERMAP 280 R-3C15 APOGEE 0 0 0 1 0 0 39.98104211592705 -53.63574008341031 143.1 51.998135584789466 42.08458415773567 191.48643 87.658 -999.0 -999.0 -999.0 -999.0 -999.0 276.6947932727485 -28.795444210354123 276.7772611131892 -28.780276515561873 86.22666004522807 87.4605122489669 -999.0 16600.0 -999.0 2 -999 {-999.0 -999.0 -999.0 -999.0 -999.0} "" -999.0 -999.0 -999.0 -999.0 -999 -999 "" "" "" "" 0 0 0.0 0.0 -999 ""
FIBERMAP 280 R-3C15 BOSS 1 1 0 1 0 0 39.878745531537 -52.87064603360109 143.1 51.23775518228775 41.95189100042789 191.48643 87.658 276.6922447484537 -28.795785936043746 -9.564224 -10.126368 2.888907 276.6922122994359 -28.795816043841697 276.7746651089693 -28.780656216343232 86.22895854176693 87.46348106346379 5400.0 5400.0 2016.0 1 328 {-999.0 15.143035 14.149875 13.769869 -999.0} sdss_psfmag_from_g3xp 14.809615 14.170895 13.399865 11.851 63050395263828315 1096091080 bright_1x1 mwm_bin_vis_boss mwm_filler science 0 0 0.0 0.0 -999 ""
FIBERMAP 280 R-3C15 METROLOGY 0 0 0 1 0 0 40.56240118061805 -53.165081125461235 143.1 51.50470739518902 42.646706990879444 191.48643 87.658 -999.0 -999.0 -999.0 -999.0 -999.0 276.6931393608074 -28.793704806186707 276.7755902228781 -28.778542440733133 86.22797970396716 87.43244617824655 -999.0 6231.0 -999.0 -1 -999 {-999.0 -999.0 -999.0 -999.0 -999.0} "" -999.0 -999.0 -999.0 -999.0 -999 -999 "" "" "" "" 0 0 0.0 0.0 -999 ""
FIBERMAP 284 R-1C5 APOGEE 1 1 0 1 0 0 -193.90887009494247 -0.934838743917483 143.1 8.659525366140107 -193.7099078097556 140.83354 69.94883 276.5423583984375 -29.509907674545204 -999.0 -999.0 -999.0 276.5423583984375 -29.509907674545207 276.62730427749756 -29.495052451490224 86.3463506009951 98.5457295899116 16000.0 16600.0 2015.5 2 281 {-999.0 -999.0 -999.0 -999.0 -999.0} "" -999.0 -999.0 -999.0 -999.0 27021603147062589 848836136 "" ops_sky_apogee_good ops_sky sky_apogee 0 0 0.0 0.0 -999 ""
FIBERMAP 284 R-1C5 BOSS 0 0 0 1 0 0 -193.20182050301543 -0.6911942332098526 143.1 8.387914697149869 -193.01315485792415 140.83354 69.94883 -999.0 -999.0 -999.0 -999.0 -999.0 276.5414381552724 -29.507863384028678 276.626361632603 -29.493009251108546 86.34739714987943 98.51532641816232 -999.0 5400.0 -999.0 1 462 {-999.0 -999.0 -999.0 -999.0 -999.0} "" -999.0 -999.0 -999.0 -999.0 -999 -999 "" "" "" "" 0 0 0.0 0.0 -999 ""
FIBERMAP 284 R-1C5 METROLOGY 0 0 0 1 0 0 -193.3323750248718 -1.402943438658248 143.1 9.104271696689361 -193.11524390811556 140.83354 69.94883 -999.0 -999.0 -999.0 -999.0 -999.0 276.5439284456168 -29.508202764798874 276.6288568501502 -29.493342546912025 86.3452015283632 98.5166731306644 -999.0 6231.0 -999.0 -1 -999 {-999.0 -999.0 -999.0 -999.0 -999.0} "" -999.0 -999.0 -999.0 -999.0 -999 -999 "" "" "" "" 0 0 0.0 0.0 -999 ""
FIBERMAP 286 R-5C13 APOGEE 1 0 1 1 0 0 34.42610815995948 -89.33684671333462 143.1 87.89078041414864 37.956640239260494 10.00439 169.99794 276.8060979987693 -28.859075145968202 -3.7175057 -5.238194 0.12190265 276.8190522078071 -28.8081099561817 276.901529921966 -28.792617487484495 86.11904947359957 87.77267044983284 16000.0 16600.0 2016.0 2 162 {-999.0 14.751739 13.256602 12.540226 -999.0} sdss_psfmag_from_g3xp 14.123446 13.121658 12.120509 9.736 63050395245672281 1152011167 bright_1x1 mwm_galactic_core_dist_apogee_sparse mwm_galactic science 0 0 0.0 0.0 -999 ""
FIBERMAP 286 R-5C13 BOSS 0 0 1 1 0 0 35.16528136953809 -89.31870017721593 143.1 87.84319982956342 38.69447401652382 10.00439 169.99794 -999.0 -999.0 -999.0 -999.0 -999.0 276.81896089248227 -28.805847783614777 276.90141441474555 -28.790356935636243 86.11897760176392 87.73925533457549 -999.0 5400.0 -999.0 1 392 {-999.0 -999.0 -999.0 -999.0 -999.0} "" -999.0 -999.0 -999.0 -999.0 -999 -999 "" "" "" "" 0 0 0.0 0.0 -999 ""
FIBERMAP 286 R-5C13 METROLOGY 0 0 1 1 0 0 34.809490928261035 -89.97444492562535 143.1 88.51257263712854 38.36510563383883 10.00439 169.99794 -999.0 -999.0 -999.0 -999.0 -999.0 276.82128258068605 -28.806845832623473 276.90374354741436 -28.791348508685317 86.11701833491112 87.75616783350586 -999.0 6231.0 -999.0 -1 -999 {-999.0 -999.0 -999.0 -999.0 -999.0} "" -999.0 -999.0 -999.0 -999.0 -999 -999 "" "" "" "" 0 0 0.0 0.0 -999 ""
FIBERMAP 290 R+8C13 APOGEE 0 0 0 1 0 0 60.14045128637867 147.64245467561693 143.1 -149.91536068902028 54.20811526194043 203.32425 138.74715 -999.0 -999.0 -999.0 -999.0 -999.0 275.99623218998147 -28.756147668710074 276.0787450553132 -28.742803596506405 86.83310813767515 85.92388639524597 -999.0 16600.0 -999.0 2 -999 {-999.0 -999.0 -999.0 -999.0 -999.0} "" -999.0 -999.0 -999.0 -999.0 -999 -999 "" "" "" "" 0 0 0.0 0.0 -999 ""
FIBERMAP 290 R+8C13 BOSS 1 1 0 1 0 0 59.41916601707458 147.87668039437426 143.1 -150.12065455207414 53.47809981784016 203.32425 138.74715 275.9954284872769 -28.75835414761989 5.0942926 7.254685 1.1642796 275.995445764727 -28.75833257792812 276.07795240290704 -28.744991513810614 86.83402056928237 85.96202276022193 5400.0 5400.0 2016.0 1 157 {-999.0 17.914078 16.898115 16.491877 -999.0} sdss_psfmag_gaia 16.419563 16.918982 14.973737 13.289 63050395264046294 1095366539 bright_1x1 mwm_bin_vis_boss mwm_filler science 0 0 0.0 0.0 -999 ""
FIBERMAP 290 R+8C13 METROLOGY 0 0 0 1 0 0 59.984052681278726 148.37391738356513 143.1 -150.63998233509673 54.02270510075331 203.32425 138.74715 -999.0 -999.0 -999.0 -999.0 -999.0 275.993646160442 -28.756665657193285 276.07615177622733 -28.74332912286248 86.83542342294315 85.92918316161041 -999.0 6231.0 -999.0 -1 -999 {-999.0 -999.0 -999.0 -999.0 -999.0} "" -999.0 -999.0 -999.0 -999.0 -999 -999 "" "" "" "" 0 0 0.0 0.0 -999 ""
FIBERMAP 294 R+11C8 APOGEE 1 1 0 1 0 0 -12.666820900681017 192.6024448116595 143.1 -191.93716161851393 -20.32967428633916 326.202 42.552505 275.8491503483978 -28.981088796360424 -2.8806736 -5.544088 0.22362216 275.8491405575386 -28.981105280089132 275.9324537618338 -28.968118097795607 86.97590069617237 89.93163648033223 16000.0 16600.0 2016.0 2 129 {-999.0 14.62297 13.149901 12.484718 -999.0} sdss_psfmag_from_g3xp 14.003663 13.043368 12.067885 9.803 63050395263464251 1152039285 bright_1x1 mwm_galactic_core_dist_apogee_sparse mwm_galactic science 0 0 0.0 0.0 -999 ""
FIBERMAP 294 R+11C8 BOSS 0 0 0 1 0 0 -13.384229832865971 192.4750745118501 143.1 -191.78131546570933 -21.04141038550527 326.202 42.552505 -999.0 -999.0 -999.0 -999.0 -999.0 275.84960455680425 -28.98327159374963 275.9329121559265 -28.97028327993365 86.97556497778388 89.97288574429729 -999.0 5400.0 -999.0 1 116 {-999.0 -999.0 -999.0 -999.0 -999.0} "" -999.0 -999.0 -999.0 -999.0 -999 -999 "" "" "" "" 0 0 0.0 0.0 -999 ""
FIBERMAP 294 R+11C8 METROLOGY 0 0 0 1 0 0 -13.145944521682699 193.1755479225722 143.1 -192.4906981450936 -20.831231156539243 326.202 42.552505 -999.0 -999.0 -999.0 -999.0 -999.0 275.8471304423826 -28.982617950965498 275.930440093795 -28.969636069089272 86.97770744989494 89.95939694720363 -999.0 6231.0 -999.0 -1 -999 {-999.0 -999.0 -999.0 -999.0 -999.0} "" -999.0 -999.0 -999.0 -999.0 -999 -999 "" "" "" "" 0 0 0.0 0.0 -999 ""
FIBERMAP 300 R-4C2 APOGEE 0 0 0 1 0 0 -211.04378372053023 -83.08327431944436 143.1 91.42211719560599 -207.557679462286 345.10312 108.74765 -999.0 -999.0 -999.0 -999.0 -999.0 276.83024739291034 -29.551734304189885 276.91525944487125 -29.53612496335198 86.09271858583642 98.73187882710499 -999.0 16600.0 -999.0 2 -999 {-999.0 -999.0 -999.0 -999.0 -999.0} "" -999.0 -999.0 -999.0 -999.0 -999 -999 "" "" "" "" 0 0 0.0 0.0 -999 ""
FIBERMAP 300 R-4C2 BOSS 1 1 0 1 0 0 -210.98298297323788 -83.8437922610444 143.1 92.1795785297596 -207.46662985043162 345.10312 108.74765 276.83296489027526 -29.551454707194768 -14.007023 -12.991574 0.16983461 276.8329170167418 -29.551493333844892 276.9179107145823 -29.53587540787042 86.09045542517316 98.72437796432585 5400.0 5400.0 2016.0 1 453 {-999.0 14.995399 14.515164 14.266397 -999.0} sdss_psfmag_from_g3xp 14.784105 14.453341 13.883493 12.771 63050395245139415 1093127581 bright_3x1 mwm_astar_core_boss mwm_ob science 0 0 0.0 0.0 -999 ""
FIBERMAP 300 R-4C2 METROLOGY 0 0 0 1 0 0 -211.65527198237714 -83.51406466569125 143.1 91.8769103919268 -208.15149475883385 345.10312 108.74765 -999.0 -999.0 -999.0 -999.0 -999.0 276.8318699385061 -29.55358949204917 276.9168759323903 -29.537974507003316 86.09110974775284 98.75647577953646 -999.0 6231.0 -999.0 -1 -999 {-999.0 -999.0 -999.0 -999.0 -999.0} "" -999.0 -999.0 -999.0 -999.0 -999 -999 "" "" "" "" 0 0 0.0 0.0 -999 ""
FIBERMAP 303 R-1C21 APOGEE 0 0 0 1 0 0 170.73045397523057 -5.5460943871862955 143.1 -1.260552794753537 170.8090271593184 87.3127 108.982124 -999.0 -999.0 -999.0 -999.0 -999.0 276.5116205828221 -28.405024450842593 276.59281811151106 -28.390379448598384 86.33497063616404 81.16579836137976 -999.0 16600.0 -999.0 2 -999 {-999.0 -999.0 -999.0 -999.0 -999.0} "" -999.0 -999.0 -999.0 -999.0 -999 -999 "" "" "" "" 0 0 0.0 0.0 -999 ""
FIBERMAP 303 R-1C21 BOSS 1 1 0 1 0 0 171.45056084204248 -5.322111549530991 143.1 -1.513038399337351 171.51960983135933 87.3127 108.982124 276.5107727050781 -28.40280791195866 -999.0 -999.0 -999.0 276.5107727050781 -28.40280791195866 276.59194765274196 -28.38816796292174 86.33530722829241 81.12956599796769 5400.0 5400.0 2015.5 1 324 {-999.0 -999.0 -999.0 -999.0 -999.0} "" -999.0 -999.0 -999.0 -999.0 27021603147110184 852462240 "" ops_sky_boss_fallback ops_sky sky_boss 0 0 0.0 0.0 -999 ""
FIBERMAP 303 R-1C21 METROLOGY 0 0 0 1 0 0 171.27918301005136 -6.054419738846782 143.1 -0.7745131323807963 171.37755060160953 87.3127 108.982124 -999.0 -999.0 -999.0 -999.0 -999.0 276.5133124447203 -28.403223776114945 276.5944924854996 -28.388576433883937 86.33318523188927 81.1424275066949 -999.0 6231.0 -999.0 -1 -999 {-999.0 -999.0 -999.0 -999.0 -999.0} "" -999.0 -999.0 -999.0 -999.0 -999 -999 "" "" "" "" 0 0 0.0 0.0 -999 ""
FIBERMAP 306 R+4C10 APOGEE 0 0 0 1 0 0 -28.28489228773373 76.47729482302098 143.1 -75.28662360988523 -31.30821244174009 21.211523 89.32355 -999.0 -999.0 -999.0 -999.0 -999.0 276.2525391573122 -29.016975210030466 276.33587413740065 -29.002932727228387 86.6239985123889 90.71517478503978 -999.0 16600.0 -999.0 2 -999 {-999.0 -999.0 -999.0 -999.0 -999.0} "" -999.0 -999.0 -999.0 -999.0 -999 -999 "" "" "" "" 0 0 0.0 0.0 -999 ""
FIBERMAP 306 R+4C10 BOSS 1 1 0 1 0 0 -28.028521738479515 75.78722817311686 143.1 -74.60734645086778 -31.024562959963912 21.211523 89.32355 276.2548753554322 -29.016131711047485 -3.344847 -3.973195 0.09452633 276.2548639830825 -29.01614352418426 276.33818103185405 -29.002095345097494 86.6219642941217 90.70165843049209 5400.0 5400.0 2016.0 1 76 {-999.0 16.984076 16.048616 15.596988 -999.0} sdss_psfmag_ps1 16.4776 15.861502 15.021941 12.944 63050395263717341 1093353598 bright_3x1 mwm_astar_core_boss mwm_ob science 0 0 0.0 0.0 -999 ""
FIBERMAP 306 R+4C10 METROLOGY 0 0 0 1 0 0 -28.754147973469337 75.89480248985178 143.1 -74.68592159049771 -31.75386986817627 21.211523 89.32355 -999.0 -999.0 -999.0 -999.0 -999.0 276.2545674919328 -29.018359085976762 276.337896299014 -29.004311337004534 86.62225787865297 90.73917519617589 -999.0 6231.0 -999.0 -1 -999 {-999.0 -999.0 -999.0 -999.0 -999.0} "" -999.0 -999.0 -999.0 -999.0 -999 -999 "" "" "" "" 0 0 0.0 0.0 -999 ""
FIBERMAP 313 R-10C2 APOGEE 0 0 0 1 0 0 -177.99448881943167 -192.44464960393634 143.1 199.37557917868668 -170.17891288254873 239.15076 38.81118 -999.0 -999.0 -999.0 -999.0 -999.0 277.20487599439036 -29.437616302266186 277.2893923017697 -29.421046259205625 85.7793581105514 96.67929013626997 -999.0 16600.0 -999.0 2 -999 {-999.0 -999.0 -999.0 -999.0 -999.0} "" -999.0 -999.0 -999.0 -999.0 -999 -999 "" "" "" "" 0 0 0.0 0.0 -999 ""
FIBERMAP 313 R-10C2 BOSS 1 1 0 1 0 0 -178.04606737905775 -191.6384747691333 143.1 198.57213161015954 -170.2625670007845 239.15076 38.81118 277.202125679171 -29.437831608444245 -1.0257763 -19.609829 2.6274836 277.2021221771785 -29.437889912553732 277.2866212724406 -29.421325857058562 85.7817437441136 96.68555734634093 5400.0 5400.0 2016.0 1 515 {-999.0 18.651672 17.16881 16.244183 -999.0} sdss_psfmag_ps1 17.801702 16.768896 15.619422 13.358 63050395245271480 1096342390 bright_1x1 mwm_bin_vis_boss mwm_filler science 0 0 0.0 0.0 -999 ""
FIBERMAP 313 R-10C2 METROLOGY 0 0 0 1 0 0 -177.39897448741903 -191.99203398648194 143.1 198.89961532581103 -169.6019277279826 239.15076 38.81118 -999.0 -999.0 -999.0 -999.0 -999.0 277.2032921630751 -29.435922000071443 277.2877901330353 -29.419355422481072 85.78087700991291 96.65780506589454 -999.0 6231.0 -999.0 -1 -999 {-999.0 -999.0 -999.0 -999.0 -999.0} "" -999.0 -999.0 -999.0 -999.0 -999 -999 "" "" "" "" 0 0 0.0 0.0 -999 ""
FIBERMAP 316 R-2C11 APOGEE 1 1 0 1 0 0 -40.3197990928488 -46.74661039225297 143.1 48.31399354314587 -38.42375491178042 256.58386 151.32826 276.681612205894 -29.039839855442587 -3.3864622 -7.04049 0.13703589 276.6816006894088 -29.039860788287044 276.7649019713106 -29.02469861047656 86.24926282057616 91.17409779912721 16000.0 16600.0 2016.0 2 299 {-999.0 15.886309 14.341539 13.642181 -999.0} sdss_psfmag_from_g3xp 15.225053 14.218631 13.217589 10.891 63050395245540412 1152010922 bright_1x1 mwm_galactic_core_dist_apogee_sparse mwm_galactic science 0 0 0.0 0.0 -999 ""
FIBERMAP 316 R-2C11 BOSS 0 0 0 1 0 0 -40.81094613654154 -47.317978501024164 143.1 48.90445278275811 -38.891728635998966 256.58386 151.32826 -999.0 -999.0 -999.0 -999.0 -999.0 276.6836983174889 -29.041307650677435 276.7669879311221 -29.026140058614512 86.24746163976508 91.19656125839873 -999.0 5400.0 -999.0 1 495 {-999.0 -999.0 -999.0 -999.0 -999.0} "" -999.0 -999.0 -999.0 -999.0 -999 -999 "" "" "" "" 0 0 0.0 0.0 -999 ""
FIBERMAP 316 R-2C11 METROLOGY 0 0 0 1 0 0 -41.05580679891387 -46.600717441379274 143.1 48.19754533179005 -39.16496127448038 256.58386 151.32826 -999.0 -999.0 -999.0 -999.0 -999.0 276.6812420684621 -29.042137864535206 276.76453972570687 -29.026976502066 86.24961492406273 91.20884164651517 -999.0 6231.0 -999.0 -1 -999 {-999.0 -999.0 -999.0 -999.0 -999.0} "" -999.0 -999.0 -999.0 -999.0 -999 -999 "" "" "" "" 0 0 0.0 0.0 -999 ""
FIBERMAP 318 R-5C18 APOGEE 1 1 0 1 0 0 134.38045576452262 -95.01828873187043 143.1 89.58523241168982 138.05397978881 155.8176 129.3624 276.8247324792038 -28.50471257299521 -3.2460058 -8.337521 2.0547976 276.82472149684463 -28.504737362181636 276.90617230196335 -28.489265951645926 86.08023413794606 83.3481341982649 16000.0 16600.0 2016.0 2 216 {-999.0 10.508607 10.509379 10.54818 -999.0} sdss_psfmag_gaia 10.5758 10.459063 10.237025 9.903 63050395263902441 975474766 "" ops_std_apogee ops_std standard_apogee 0 0 0.0 0.0 -999 ""
FIBERMAP 318 R-5C18 BOSS 0 0 0 1 0 0 134.1611549371581 -94.30753117789105 143.1 88.88380472067267 137.8065447730001 155.8176 129.3624 -999.0 -999.0 -999.0 -999.0 -999.0 276.8223608294642 -28.505424908402293 276.9037986989367 -28.489961757466485 86.08240207936159 83.35353637078367 -999.0 5400.0 -999.0 1 308 {-999.0 -999.0 -999.0 -999.0 -999.0} "" -999.0 -999.0 -999.0 -999.0 -999 -999 "" "" "" "" 0 0 0.0 0.0 -999 ""
FIBERMAP 318 R-5C18 METROLOGY 0 0 0 1 0 0 134.8871719363854 -94.4478479123559 143.1 88.99507940292955 138.5375466005928 155.8176 129.3624 -999.0 -999.0 -999.0 -999.0 -999.0 276.8227491632713 -28.50319793926209 276.9041841084355 -28.48773341154406 86.08172667280364 83.322064881387 -999.0 6231.0 -999.0 -1 -999 {-999.0 -999.0 -999.0 -999.0 -999.0} "" -999.0 -999.0 -999.0 -999.0 -999 -999 "" "" "" "" 0 0 0.0 0.0 -999 ""
FIBERMAP 342 R+6C13 APOGEE 0 0 0 1 0 0 32.34924517974204 110.70933213500543 143.1 -111.90581865607933 27.911528358094294 208.76395 112.62794 -999.0 -999.0 -999.0 -999.0 -999.0 276.12685669348974 -28.836605324175782 276.209610109535 -28.822911453257742 86.72589690519811 87.52404973041757 -999.0 16600.0 -999.0 2 -999 {-999.0 -999.0 -999.0 -999.0 -999.0} "" -999.0 -999.0 -999.0 -999.0 -999 -999 "" "" "" "" 0 0 0.0 0.0 -999 ""
FIBERMAP 342 R+6C13 BOSS 1 1 0 1 0 0 31.749366401855866 111.1676432442726 143.1 -112.33984794546058 27.293890433726553 208.76395 112.62794 276.12529904218457 -28.838447758008105 -3.3794434 -2.7187252 0.78062695 276.12528757188414 -28.838455841344423 276.2080334546111 -28.82476676411564 86.7274124174211 87.5546524791371 5400.0 5400.0 2016.0 1 155 {-999.0 15.5639515 15.279482 15.283625 -999.0} sdss_psfmag_ps1 15.46416 15.2420025 14.745013 14.05 63050395263754792 976411356 "" ops_std_boss ops_std standard_boss 0 0 0.0 0.0 -999 ""
FIBERMAP 342 R+6C13 METROLOGY 0 0 0 1 0 0 32.44730627038463 111.45087258521572 143.1 -112.6506474936064 27.9799641719789 208.76395 112.62794 -999.0 -999.0 -999.0 -999.0 -999.0 276.1242116688045 -28.836365820594434 276.2069549326179 -28.822679525375488 86.72819931290532 87.5169543282206 -999.0 6231.0 -999.0 -1 -999 {-999.0 -999.0 -999.0 -999.0 -999.0} "" -999.0 -999.0 -999.0 -999.0 -999 -999 "" "" "" "" 0 0 0.0 0.0 -999 ""
FIBERMAP 351 R0C11 APOGEE 1 1 0 1 0 0 -77.87027985417288 -17.943067421001416 143.1 21.030510038683374 -77.09047251145614 298.97372 43.203094 276.5865225556428 -29.15704111654763 0.3059596 -7.0416203 1.8503276 276.5865235973178 -29.157062052752607 276.67024896688764 -29.142133525366063 86.33194780028948 92.98983275719335 16000.0 16600.0 2016.0 2 251 {-999.0 9.668258 9.739682 9.827658 -999.0} sdss_psfmag_from_g3xp 9.753221 9.672152 9.494172 9.239 63050395245522257 975028839 "" ops_std_apogee ops_std standard_apogee 0 0 0.0 0.0 -999 ""
FIBERMAP 351 R0C11 BOSS 0 0 0 1 0 0 -78.5916155614088 -17.71565332199353 143.1 20.832024124053383 -77.82026697168442 298.97372 43.203094 -999.0 -999.0 -999.0 -999.0 -999.0 276.58585634959815 -29.159321067681567 276.6695744455118 -29.14439373652919 86.33249865878186 93.0253151075591 -999.0 5400.0 -999.0 1 519 {-999.0 -999.0 -999.0 -999.0 -999.0} "" -999.0 -999.0 -999.0 -999.0 -999 -999 "" "" "" "" 0 0 0.0 0.0 -999 ""
FIBERMAP 351 R0C11 METROLOGY 0 0 0 1 0 0 -78.03614360401231 -17.21994187424211 143.1 20.314595698752278 -77.28500776517957 298.97372 43.203094 -999.0 -999.0 -999.0 -999.0 -999.0 276.5840597889476 -29.157700546506124 276.6677772941305 -29.142778153675902 86.33409553485461 93.00047375490834 -999.0 6231.0 -999.0 -1 -999 {-999.0 -999.0 -999.0 -999.0 -999.0} "" -999.0 -999.0 -999.0 -999.0 -999 -999 "" "" "" "" 0 0 0.0 0.0 -999 ""
FIBERMAP 357 R-9C9 APOGEE 1 1 0 1 0 0 3.2728698159993375 -161.7846646774572 143.1 161.51934478226676 9.715755528049895 88.33051 61.78875 277.07370527749316 -28.893684955760687 -0.082561925 -7.425693 -0.20156288 277.0737049971175 -28.893707033894113 277.1564037956669 -28.87754221931195 85.90173649023639 89.19882076837912 16000.0 16600.0 2016.0 2 166 {-999.0 17.29148 15.409031 16.410921 -999.0} sdss_psfmag_ps1 16.242472 14.1285715 12.28095 7.518 63050395245678373 1153377120 bright_1x1 mwm_galactic_core_dist_apogee_sparse mwm_galactic science 0 0 0.0 0.0 -999 ""
FIBERMAP 357 R-9C9 BOSS 0 0 0 1 0 0 3.915601892068924 -162.1376488505965 143.1 161.8464276712594 10.372014711982784 88.33051 61.78875 -999.0 -999.0 -999.0 -999.0 -999.0 277.07492214306666 -28.891710557937675 277.15759631939727 -28.875543644328147 85.90058632027518 89.17168555861713 -999.0 5400.0 -999.0 1 399 {-999.0 -999.0 -999.0 -999.0 -999.0} "" -999.0 -999.0 -999.0 -999.0 -999 -999 "" "" "" "" 0 0 0.0 0.0 -999 ""
FIBERMAP 357 R-9C9 METROLOGY 0 0 0 1 0 0 3.2865447323930645 -162.5287058916405 143.1 162.26222065676427 9.759062166926679 88.33051 61.78875 -999.0 -999.0 -999.0 -999.0 -999.0 277.0763790851517 -28.89356638153179 277.1590641177979 -28.87739522101482 85.89940244448923 89.19851179404827 -999.0 6231.0 -999.0 -1 -999 {-999.0 -999.0 -999.0 -999.0 -999.0} "" -999.0 -999.0 -999.0 -999.0 -999 -999 "" "" "" "" 0 0 0.0 0.0 -999 ""
FIBERMAP 374 R+10C5 APOGEE 0 0 0 1 0 0 -92.94096364143728 215.43231141507346 143.1 -211.54980987665985 -101.44642736531357 166.72556 30.474796 -999.0 -999.0 -999.0 -999.0 -999.0 275.7793923263626 -29.22604626350917 275.8635588630468 -29.213212082346647 87.0334924286224 94.63559425869403 -999.0 16600.0 -999.0 2 -999 {-999.0 -999.0 -999.0 -999.0 -999.0} "" -999.0 -999.0 -999.0 -999.0 -999 -999 "" "" "" "" 0 0 0.0 0.0 -999 ""
FIBERMAP 374 R+10C5 BOSS 1 1 0 1 0 0 -92.20955651503888 215.66060866698857 143.1 -211.8070565076531 -100.72472574727554 166.72556 30.474796 275.7785487442825 -29.223838970930135 -14.420623 -10.416785 0.099254906 275.7784996156053 -29.223869942195268 275.8626461706249 -29.211037775185098 87.03440048993333 94.59442701254692 5400.0 5400.0 2016.0 1 152 {-999.0 15.798511 15.596094 15.513777 -999.0} sdss_psfmag_ps1 15.70853 15.509877 15.052246 14.305 63050395263105594 1093353426 bright_3x1 mwm_astar_core_boss mwm_ob science 0 0 0.0 0.0 -999 ""
FIBERMAP 374 R+10C5 METROLOGY 0 0 0 1 0 0 -92.38651711746277 214.9302284848232 143.1 -211.07023521839739 -100.87243990466101 166.72556 30.474796 -999.0 -999.0 -999.0 -999.0 -999.0 275.780995455039 -29.22435837909001 275.8651467077634 -29.211519806838222 87.0321960534948 94.60155879401725 -999.0 6231.0 -999.0 -1 -999 {-999.0 -999.0 -999.0 -999.0 -999.0} "" -999.0 -999.0 -999.0 -999.0 -999 -999 "" "" "" "" 0 0 0.0 0.0 -999 ""
FIBERMAP 391 R+1C10 APOGEE 0 0 0 1 0 0 -81.72286756930428 8.900109102337005 143.1 -5.636789786320914 -82.00929831658637 234.5983 133.37794 -999.0 -999.0 -999.0 -999.0 -999.0 276.49376908802407 -29.17176578553507 276.5775696087187 -29.157076928200638 86.41258693381843 93.25058684618239 -999.0 16600.0 -999.0 2 -999 {-999.0 -999.0 -999.0 -999.0 -999.0} "" -999.0 -999.0 -999.0 -999.0 -999 -999 "" "" "" "" 0 0 0.0 0.0 -999 ""
FIBERMAP 391 R+1C10 BOSS 1 1 0 1 0 0 -82.46706492051712 8.786154009110701 143.1 -5.493280382455317 -82.74833496486343 234.5983 133.37794 276.49427355103177 -29.174037311333016 -0.5618099 -7.028605 0.21619503 276.49427163796804 -29.174058208840876 276.5780643842309 -29.159367474169414 86.41210403807683 93.28702883213123 5400.0 5400.0 2016.0 1 30 {-999.0 16.580704 16.396404 16.391312 -999.0} sdss_psfmag_ps1 16.40613 16.276491 15.738474 14.505 63050395245495042 979783046 "" ops_std_boss ops_std standard_boss 0 0 0.0 0.0 -999 ""
FIBERMAP 391 R+1C10 METROLOGY 0 0 0 1 0 0 -82.1958588780698 9.479572162961569 143.1 -6.196925274139736 -82.50498137371049 234.5983 133.37794 -999.0 -999.0 -999.0 -999.0 -999.0 276.49182238088093 -29.173320142660888 276.57561769188646 -29.158635954406527 86.41425656121852 93.27610597157366 -999.0 6231.0 -999.0 -1 -999 {-999.0 -999.0 -999.0 -999.0 -999.0} "" -999.0 -999.0 -999.0 -999.0 -999 -999 "" "" "" "" 0 0 0.0 0.0 -999 ""
FIBERMAP 398 R-5C4 APOGEE 0 0 0 1 0 0 -153.8694346619002 -83.04844846482112 143.1 89.10945395899454 -150.43240060510885 94.80801 56.96853 -999.0 -999.0 -999.0 -999.0 -999.0 276.82264801825363 -29.37933716485872 276.90707061603143 -29.363767949901597 86.11576462836939 96.2154097772684 -999.0 16600.0 -999.0 2 -999 {-999.0 -999.0 -999.0 -999.0 -999.0} "" -999.0 -999.0 -999.0 -999.0 -999 -999 "" "" "" "" 0 0 0.0 0.0 -999 ""
FIBERMAP 398 R-5C4 BOSS 1 1 0 1 0 0 -153.22066185748585 -83.41298685086448 143.1 89.44784075793613 -149.7696454027272 94.80801 56.96853 276.8238830566406 -29.37738854730597 -999.0 -999.0 -999.0 276.8238830566406 -29.37738854730597 276.9082819658853 -29.36181532763806 86.11484901392606 96.1855624562674 5400.0 5400.0 2015.5 1 492 {-999.0 -999.0 -999.0 -999.0 -999.0} "" -999.0 -999.0 -999.0 -999.0 27021603147062678 852450876 "" ops_sky_boss_fallback ops_sky sky_boss 0 0 0.0 0.0 -999 ""
FIBERMAP 398 R-5C4 METROLOGY 0 0 0 1 0 0 -153.84779558552268 -83.79613153081206 143.1 89.85565135028367 -150.38099135431446 94.80801 56.96853 -999.0 -999.0 -999.0 -999.0 -999.0 276.82530413270433 -29.379253301493414 276.9097137703168 -29.363676449469487 86.1134732728278 96.21166136593797 -999.0 6231.0 -999.0 -1 -999 {-999.0 -999.0 -999.0 -999.0 -999.0} "" -999.0 -999.0 -999.0 -999.0 -999 -999 "" "" "" "" 0 0 0.0 0.0 -999 ""
FIBERMAP 400 R-2C24 APOGEE 0 0 0 1 0 0 243.62683267639295 -46.70408463228923 143.1 36.95886899925025 245.2843745484295 198.01224 158.29518 -999.0 -999.0 -999.0 -999.0 -999.0 276.64358658127475 -28.18094211406667 276.72399797604317 -28.165980056767225 86.17413920318646 78.18714687623395 -999.0 16600.0 -999.0 2 -999 {-999.0 -999.0 -999.0 -999.0 -999.0} "" -999.0 -999.0 -999.0 -999.0 -999 -999 "" "" "" "" 0 0 0.0 0.0 -999 ""
FIBERMAP 400 R-2C24 BOSS 1 1 0 1 0 0 242.8121963098973 -46.58929606820351 143.1 36.87663185533662 244.46584432137615 198.01224 158.29518 276.64332215761215 -28.183370526752295 0.039417744 -1.8380992 2.5474572 276.6433222905731 -28.183375991804525 276.7237253229288 -28.168417807862006 86.17495529594218 78.22176512472646 5400.0 5400.0 2016.0 1 335 {-999.0 15.7375 14.885892 14.55076 -999.0} sdss_psfmag_ps1 15.233312 15.371526 13.874267 12.211 63050395266615002 916954251 bright_3x1 mwm_yso_disk_boss mwm_yso science 0 0 0.0 0.0 -999 ""
FIBERMAP 400 R-2C24 METROLOGY 0 0 0 1 0 0 243.2948094495977 -46.033816929304386 143.1 36.30238833114717 244.92592428655075 198.01224 158.29518 -999.0 -999.0 -999.0 -999.0 -999.0 276.64135432943436 -28.18194846094336 276.7217583577374 -28.166994550504185 86.17629898371048 78.1948321407508 -999.0 6231.0 -999.0 -1 -999 {-999.0 -999.0 -999.0 -999.0 -999.0} "" -999.0 -999.0 -999.0 -999.0 -999 -999 "" "" "" "" 0 0 0.0 0.0 -999 ""
FIBERMAP 401 R+11C3 APOGEE 1 1 0 1 0 0 -136.011705339223 197.9599635640972 143.1 -192.37606499900465 -143.78513791379027 280.96185 54.205082 275.8447265625 -29.354650111863748 -999.0 -999.0 -999.0 275.8447265625 -29.354650111863748 275.92931777665166 -29.34163048002714 86.96696948117334 97.00385930325022 16000.0 16600.0 2015.5 2 5 {-999.0 -999.0 -999.0 -999.0 -999.0} "" -999.0 -999.0 -999.0 -999.0 27021603147107314 848843580 "" ops_sky_apogee_good ops_sky sky_apogee 0 0 0.0 0.0 -999 ""
FIBERMAP 401 R+11C3 BOSS 0 0 0 1 0 0 -136.65834401109834 198.29567778246997 143.1 -192.6857366946293 -144.44461238828643 280.96185 54.205082 -999.0 -999.0 -999.0 -999.0 -999.0 275.84363186035694 -29.356646960916514 275.92821722561337 -29.343628886461335 86.96773871632783 97.04315637879057 -999.0 5400.0 -999.0 1 5 {-999.0 -999.0 -999.0 -999.0 -999.0} "" -999.0 -999.0 -999.0 -999.0 -999 -999 "" "" "" "" 0 0 0.0 0.0 -999 ""
FIBERMAP 401 R+11C3 METROLOGY 0 0 0 1 0 0 -136.05623885183599 198.69641777332276 143.1 -193.110130767758 -143.8589751415575 280.96185 54.205082 -999.0 -999.0 -999.0 -999.0 -999.0 275.8421344928581 -29.354887165923735 275.9267178704953 -29.341873507151572 86.96920352690213 97.01241044679483 -999.0 6231.0 -999.0 -1 -999 {-999.0 -999.0 -999.0 -999.0 -999.0} "" -999.0 -999.0 -999.0 -999.0 -999 -999 "" "" "" "" 0 0 0.0 0.0 -999 ""
FIBERMAP 403 R-11C5 APOGEE 1 1 0 1 0 0 -86.3017937003874 -222.3497231646868 143.1 225.6026105700376 -77.37124912008274 218.96942 126.506874 277.2953183449424 -29.156807906338795 1.8260034 -4.6004663 0.66599053 277.29532456176855 -29.156821584483872 277.37885575332695 -29.140049669496758 85.71310764055396 92.84955945907811 16000.0 16600.0 2016.0 2 188 {-999.0 16.367708 15.198673 14.75429 -999.0} sdss_psfmag_ps1 15.837609 15.141118 14.226393 12.365 63050395245336709 916995920 bright_3x1 mwm_yso_variable_apogee mwm_yso science 0 0 0.0 0.0 -999 ""
FIBERMAP 403 R-11C5 BOSS 0 0 0 1 0 0 -87.04782850587881 -222.18466613614154 143.1 225.4674137503383 -78.12323773011204 218.96942 126.506874 -999.0 -999.0 -999.0 -999.0 -999.0 277.29491242309695 -29.159107834955613 277.3784333278377 -29.142336567035986 85.71345740118035 92.88019474761666 -999.0 5400.0 -999.0 1 385 {-999.0 -999.0 -999.0 -999.0 -999.0} "" -999.0 -999.0 -999.0 -999.0 -999 -999 "" "" "" "" 0 0 0.0 0.0 -999 ""
FIBERMAP 403 R-11C5 METROLOGY 0 0 0 1 0 0 -86.51322832235874 -221.63833385856688 143.1 224.90023825857787 -77.61084966027076 218.96942 126.506874 -999.0 -999.0 -999.0 -999.0 -999.0 277.29299394040015 -29.15758072710598 277.37651540544243 -29.140814668397784 85.71514541415425 92.86002048362946 -999.0 6231.0 -999.0 -1 -999 {-999.0 -999.0 -999.0 -999.0 -999.0} "" -999.0 -999.0 -999.0 -999.0 -999 -999 "" "" "" "" 0 0 0.0 0.0 -999 ""
FIBERMAP 405 R+10C6 APOGEE 0 0 0 1 0 0 -87.16912660601804 189.44186175765145 143.1 -185.81099000142484 -94.64392611087433 248.6945 49.70272 -999.0 -999.0 -999.0 -999.0 -999.0 275.8684239834507 -29.206335212988233 275.9525013015922 -29.19327126621507 86.95689644853576 94.18482244445227 -999.0 16600.0 -999.0 2 -999 {-999.0 -999.0 -999.0 -999.0 -999.0} "" -999.0 -999.0 -999.0 -999.0 -999 -999 "" "" "" "" 0 0 0.0 0.0 -999 ""
FIBERMAP 405 R+10C6 BOSS 1 1 0 1 0 0 -87.51009387082934 190.0950769533878 143.1 -186.45007604707578 -95.01063356762336 248.6945 49.70272 275.866179553622 -29.207430953749746 -3.4656227 -5.695103 0.08408143 275.86616774871106 -29.207447886478207 275.9502363541589 -29.19438919096939 86.95882293348389 94.20749562746246 5400.0 5400.0 2016.0 1 124 {-999.0 15.265741 14.109662 13.556512 -999.0} sdss_psfmag_from_g3xp 14.843966 14.044484 13.164154 11.209 63050395263102171 1076161623 bright_1x1 mwm_halo_mp_xp_boss_single mwm_halo science 0 0 0.0 0.0 -999 ""
FIBERMAP 405 R+10C6 METROLOGY 0 0 0 1 0 0 -86.77111129187558 190.07517212903676 143.1 -186.4596294107065 -94.27147426893937 248.6945 49.70272 -999.0 -999.0 -999.0 -999.0 -999.0 275.8661166169487 -29.205224036864884 275.9501813568436 -29.192165882503485 86.95896773077543 94.1656669981623 -999.0 6231.0 -999.0 -1 -999 {-999.0 -999.0 -999.0 -999.0 -999.0} "" -999.0 -999.0 -999.0 -999.0 -999 -999 "" "" "" "" 0 0 0.0 0.0 -999 ""
FIBERMAP 406 R-1C24 APOGEE 1 1 0 1 0 0 221.14414882897114 -26.414140797370685 143.1 17.581572726998687 222.01207530188756 225.35843 96.49165 276.57692621808803 -28.2507423502948 -2.3731759 -6.279706 0.019096028 276.5769182080175 -28.250761021169637 276.6575807756629 -28.23596423303814 86.24731823078412 79.01165327778116 16000.0 16600.0 2016.0 2 204 {-999.0 15.986253 14.472848 13.679374 -999.0} sdss_psfmag_from_g3xp 15.32889 14.282123 13.248059 10.861 63050395264302272 1152040008 bright_1x1 mwm_galactic_core_dist_apogee_sparse mwm_galactic science 0 0 0.0 0.0 -999 ""
FIBERMAP 406 R-1C24 BOSS 0 0 0 1 0 0 220.543482951938 -25.978535802348443 143.1 17.17026197382366 221.39455556242393 225.35843 96.49165 -999.0 -999.0 -999.0 -999.0 -999.0 276.57551958294005 -28.252571092528875 276.6561730408241 -28.237780886505877 86.24893482721397 79.03444876685967 -999.0 5400.0 -999.0 1 287 {-999.0 -999.0 -999.0 -999.0 -999.0} "" -999.0 -999.0 -999.0 -999.0 -999 -999 "" "" "" "" 0 0 0.0 0.0 -999 ""
FIBERMAP 406 R-1C24 METROLOGY 0 0 0 1 0 0 221.22998098683547 -25.67411390843358 143.1 16.83874339776743 222.0683526831253 225.35843 96.49165 -999.0 -999.0 -999.0 -999.0 -999.0 276.5743832381756 -28.25050656929102 276.6550344749801 -28.235718674830377 86.2494488416159 79.0002853431281 -999.0 6231.0 -999.0 -1 -999 {-999.0 -999.0 -999.0 -999.0 -999.0} "" -999.0 -999.0 -999.0 -999.0 -999 -999 "" "" "" "" 0 0 0.0 0.0 -999 ""
FIBERMAP 407 R-6C15 APOGEE 1 1 0 1 0 0 84.23212311760152 -103.08579136876169 143.1 99.64395182183227 88.26888524406559 123.64546 106.61066 276.8596093737929 -28.655530328708064 -2.0855293 -4.9139714 -0.039254088 276.85960230760173 -28.65554493896934 276.94155309834525 -28.639964981170472 86.06955957915471 85.59069406273244 16000.0 16600.0 2016.0 2 200 {-999.0 18.87229 16.274132 14.134121 -999.0} sdss_psfmag_ps1 17.573996 14.359602 12.832583 8.539 63050395263868227 1153378835 bright_1x1 mwm_galactic_core_dist_apogee_sparse mwm_galactic science 0 0 0.0 0.0 -999 ""
FIBERMAP 407 R-6C15 BOSS 0 0 0 1 0 0 84.70708078746699 -102.52077351016976 143.1 99.060482532449 88.72093609464844 123.64546 106.61066 -999.0 -999.0 -999.0 -999.0 -999.0 276.85765757553 -28.654128111911824 276.93958743839687 -28.638555068695457 86.07111197462004 85.56737390129331 -999.0 5400.0 -999.0 1 282 {-999.0 -999.0 -999.0 -999.0 -999.0} "" -999.0 -999.0 -999.0 -999.0 -999 -999 "" "" "" "" 0 0 0.0 0.0 -999 ""
FIBERMAP 407 R-6C15 METROLOGY 0 0 0 1 0 0 84.96938798662956 -103.21411333553215 143.1 99.74279361681293 89.01064768085963 123.64546 106.61066 -999.0 -999.0 -999.0 -999.0 -999.0 276.8600202898208 -28.653243288745447 276.9419512510492 -28.63766372819142 86.06894874026487 85.55792922060277 -999.0 6231.0 -999.0 -1 -999 {-999.0 -999.0 -999.0 -999.0 -999.0} "" -999.0 -999.0 -999.0 -999.0 -999 -999 "" "" "" "" 0 0 0.0 0.0 -999 ""
FIBERMAP 408 R+13C11 APOGEE 1 1 0 1 0 0 67.63769065590006 247.25914132862067 143.1 -249.74766354040472 57.730302908130696 195.89523 126.213554 275.6531162362652 -28.743226078340424 -1.4166402 -4.7044377 0.11208433 275.6531114323808 -28.743240065614447 275.73566337439354 -28.730791892929226 87.13092211678529 85.08458180365663 16000.0 16600.0 2016.0 2 96 {-999.0 16.524853 14.998981 13.985855 -999.0} sdss_psfmag_ps1 15.779265 14.5414 13.434136 10.898 63050395263593745 1153378741 bright_1x1 mwm_galactic_core_dist_apogee_sparse mwm_galactic science 0 0 0.0 0.0 -999 ""
FIBERMAP 408 R+13C11 BOSS 0 0 0 1 0 0 67.08178225006193 247.73841459294022 143.1 -250.20438931331626 57.15576353799849 195.89523 126.213554 -999.0 -999.0 -999.0 -999.0 -999.0 275.651524310178 -28.74496197656595 275.7340703369582 -28.73251894620645 87.1325048511327 85.11572744705268 -999.0 5400.0 -999.0 1 170 {-999.0 -999.0 -999.0 -999.0 -999.0} "" -999.0 -999.0 -999.0 -999.0 -999 -999 "" "" "" "" 0 0 0.0 0.0 -999 ""
FIBERMAP 408 R+13C11 METROLOGY 0 0 0 1 0 0 67.7764028952432 247.99131171899128 143.1 -250.48474970306873 57.839729277948464 195.89523 126.213554 -999.0 -999.0 -999.0 -999.0 -999.0 275.65053796054764 -28.74287626510517 275.7330805999238 -28.73043571477729 87.13313209939729 85.07238826429915 -999.0 6231.0 -999.0 -1 -999 {-999.0 -999.0 -999.0 -999.0 -999.0} "" -999.0 -999.0 -999.0 -999.0 -999 -999 "" "" "" "" 0 0 0.0 0.0 -999 ""
FIBERMAP 418 R-5C2 APOGEE 0 0 0 1 0 0 -232.44844884317604 -96.24893159749708 143.1 105.42957144311652 -228.4199642736962 224.75684 60.61295 -999.0 -999.0 -999.0 -999.0 -999.0 276.878752671855 -29.614418444275696 276.96396698378487 -29.598675518002896 86.04308304282586 99.56243373732866 -999.0 16600.0 -999.0 2 -999 {-999.0 -999.0 -999.0 -999.0 -999.0} "" -999.0 -999.0 -999.0 -999.0 -999 -999 "" "" "" "" 0 0 0.0 0.0 -999 ""
FIBERMAP 418 R-5C2 BOSS 1 1 0 1 0 0 -232.63845879852167 -95.54762532658229 143.1 104.73642018389046 -228.6377562999308 224.75684 60.61295 276.8763823753626 -29.615049419735225 -4.6070704 -15.983294 0.041473787 276.87636661928224 -29.61509694139801 276.96156699075095 -29.59935823823375 86.0450649912379 99.5761291002622 5400.0 5400.0 2016.0 1 454 {-999.0 18.180689 17.627811 17.34142 17.178705} sdss_psfmag_from_ps1dr2 17.9907 17.5704 16.9149 15.705 63050395245133182 1039869390 "" ops_std_boss_ps1dr2 ops_std standard_boss 0 0 0.0 0.0 -999 ""
FIBERMAP 418 R-5C2 METROLOGY 0 0 0 1 0 0 -231.92867791773787 -95.71103160505864 143.1 104.87141201217868 -227.9220571463229 224.75684 60.61295 -999.0 -999.0 -999.0 -999.0 -999.0 276.87685875252265 -29.612982787344276 276.9620565255499 -29.59724359826063 86.04491387648798 99.54493212560442 -999.0 6231.0 -999.0 -1 -999 {-999.0 -999.0 -999.0 -999.0 -999.0} "" -999.0 -999.0 -999.0 -999.0 -999 -999 "" "" "" "" 0 0 0.0 0.0 -999 ""
FIBERMAP 420 R+1C6 APOGEE 0 0 0 1 0 0 -162.96519752078154 6.40963321828233 143.1 0.08836084588418194 -163.08465083133686 297.74765 109.90883 -999.0 -999.0 -999.0 -999.0 -999.0 276.5128331228873 -29.41735581136447 276.59746906848443 -29.402588366526626 86.38157628004232 97.13674888169703 -999.0 16600.0 -999.0 2 -999 {-999.0 -999.0 -999.0 -999.0 -999.0} "" -999.0 -999.0 -999.0 -999.0 -999 -999 "" "" "" "" 0 0 0.0 0.0 -999 ""
FIBERMAP 420 R+1C6 BOSS 1 1 0 1 0 0 -163.46386138492872 5.840444311532828 143.1 0.6769421763359235 -163.56022192801947 297.74765 109.90883 276.51489257812494 -29.41886583906998 -999.0 -999.0 -999.0 276.51489257812494 -29.41886583906998 276.5995176390648 -29.404091638070746 86.37966421516386 97.15793624399574 5400.0 5400.0 2015.5 1 20 {-999.0 -999.0 -999.0 -999.0 -999.0} "" -999.0 -999.0 -999.0 -999.0 27021603147062833 852450907 "" ops_sky_boss_fallback ops_sky sky_boss 0 0 0.0 0.0 -999 ""
FIBERMAP 420 R+1C6 METROLOGY 0 0 0 1 0 0 -163.70055220227584 6.546570098634271 143.1 -0.01916478116411863 -163.82484789790888 297.74765 109.90883 -999.0 -999.0 -999.0 -999.0 -999.0 276.51246197020197 -29.41967812190996 276.59709486951647 -29.404910494987025 86.38169279830865 97.17385848674411 -999.0 6231.0 -999.0 -1 -999 {-999.0 -999.0 -999.0 -999.0 -999.0} "" -999.0 -999.0 -999.0 -999.0 -999 -999 "" "" "" "" 0 0 0.0 0.0 -999 ""
FIBERMAP 426 R+3C15 APOGEE 0 0 0 1 0 0 47.923850248675734 41.64630979798496 143.1 -43.52089730362572 46.22466395703574 281.34927 72.78727 -999.0 -999.0 -999.0 -999.0 -999.0 276.3639293649885 -28.782045444413797 276.4464377971992 -28.767740545714673 86.51455308585989 86.8774457609311 -999.0 16600.0 -999.0 2 -999 {-999.0 -999.0 -999.0 -999.0 -999.0} "" -999.0 -999.0 -999.0 -999.0 -999 -999 "" "" "" "" 0 0 0.0 0.0 -999 ""
FIBERMAP 426 R+3C15 BOSS 1 1 0 1 0 0 47.17901017064849 41.70881765857468 143.1 -43.55367807891937 45.477954709323996 281.34927 72.78727 276.36378760709334 -28.784277128686 0.2323737 -1.6843293 -0.3148933 276.36378839539185 -28.78428213654805 276.4462895926108 -28.769978481197796 86.51487845685777 86.91393012650165 5400.0 5400.0 2016.0 1 205 {-999.0 16.710367 15.567672 15.088546 -999.0} sdss_psfmag_gaia 15.6136055 15.563477 14.0270195 12.074 63050395263777830 1093406009 bright_3x1 mwm_astar_core_boss mwm_ob science 0 0 0.0 0.0 -999 ""
FIBERMAP 426 R+3C15 METROLOGY 0 0 0 1 0 0 47.60626454813876 42.32353763232917 143.1 -44.18490749966059 45.88036188414668 281.34927 72.78727 -999.0 -999.0 -999.0 -999.0 -999.0 276.3615997188038 -28.78304928865209 276.4441015173495 -28.768751157551094 86.51668179193283 86.89105298712184 -999.0 6231.0 -999.0 -1 -999 {-999.0 -999.0 -999.0 -999.0 -999.0} "" -999.0 -999.0 -999.0 -999.0 -999 -999 "" "" "" "" 0 0 0.0 0.0 -999 ""
FIBERMAP 427 R+3C22 APOGEE 1 1 0 1 0 0 206.72883741032777 75.25480856671669 143.1 -83.42826978157153 203.55822336682454 146.32593 75.433334 276.2293669288483 -28.305389204805063 -3.629534 -3.8166206 0.09534247 276.229354671964 -28.30540055241318 276.3102885945189 -28.291502198006416 86.55785190287963 78.77497981804387 16000.0 16600.0 2016.0 2 115 {-999.0 14.836537 13.45349 12.80738 -999.0} sdss_psfmag_gaia 14.28762 13.366399 12.417672 10.164 63050395264346060 1154373034 bright_1x1 mwm_galactic_core_dist_apogee_sparse mwm_galactic science 0 0 0.0 0.0 -999 ""
FIBERMAP 427 R+3C22 BOSS 0 0 0 1 0 0 207.31033467998066 75.71563747392813 143.1 -83.91188162476085 204.12087592582944 146.32593 75.433334 -999.0 -999.0 -999.0 -999.0 -999.0 276.2277027403264 -28.303657192615713 276.30861698867864 -28.289766266157624 86.55889276739168 78.74126379079797 -999.0 5400.0 -999.0 1 200 {-999.0 -999.0 -999.0 -999.0 -999.0} "" -999.0 -999.0 -999.0 -999.0 -999 -999 "" "" "" "" 0 0 0.0 0.0 -999 ""
FIBERMAP 427 R+3C22 METROLOGY 0 0 0 1 0 0 207.42710462509316 74.98801586548592 143.1 -83.18951904097183 204.2665374447359 146.32593 75.433334 -999.0 -999.0 -999.0 -999.0 -999.0 276.2301704834752 -28.303194781383716 276.31108660001564 -28.289296655629297 86.55666827052302 78.74185347324351 -999.0 6231.0 -999.0 -1 -999 {-999.0 -999.0 -999.0 -999.0 -999.0} "" -999.0 -999.0 -999.0 -999.0 -999 -999 "" "" "" "" 0 0 0.0 0.0 -999 ""
FIBERMAP 429 R-3C5 APOGEE 1 1 0 1 0 0 -147.702516289092 -55.96682954006689 143.1 61.804726395256495 -145.34957618264676 62.760296 48.55069 276.7277526855468 -29.364012382123462 -999.0 -999.0 -999.0 276.7277526855468 -29.364012382123473 276.81214846487023 -29.348691871574374 86.19934909018849 96.07727073500041 16000.0 16600.0 2015.5 2 289 {-999.0 -999.0 -999.0 -999.0 -999.0} "" -999.0 -999.0 -999.0 -999.0 27021603147062641 848836129 "" ops_sky_apogee_good ops_sky sky_apogee 0 0 0.0 0.0 -999 ""
FIBERMAP 429 R-3C5 BOSS 0 0 0 1 0 0 -147.4326668560942 -56.64781103574777 143.1 62.474388968716106 -145.05282101731035 62.760296 48.55069 -999.0 -999.0 -999.0 -999.0 -999.0 276.7301300651089 -29.36317649126339 276.8145060333096 -29.347848912366565 86.19735712367782 96.06244998084293 -999.0 5400.0 -999.0 1 474 {-999.0 -999.0 -999.0 -999.0 -999.0} "" -999.0 -999.0 -999.0 -999.0 -999 -999 "" "" "" "" 0 0 0.0 0.0 -999 ""
FIBERMAP 429 R-3C5 METROLOGY 0 0 0 1 0 0 -148.16239963174155 -56.5646424527353 143.1 62.42036281620086 -145.78525869971537 62.760296 48.55069 -999.0 -999.0 -999.0 -999.0 -999.0 276.7299402064901 -29.36540893709707 276.8143284959267 -29.350081860751278 86.19735718485435 96.0962000844952 -999.0 6231.0 -999.0 -1 -999 {-999.0 -999.0 -999.0 -999.0 -999.0} "" -999.0 -999.0 -999.0 -999.0 -999 -999 "" "" "" "" 0 0 0.0 0.0 -999 ""
FIBERMAP 434 R+1C15 APOGEE 0 0 0 1 0 0 16.24488548500612 16.01245165343635 143.1 -16.646305167761852 15.593390070020883 224.04353 78.23932 -999.0 -999.0 -999.0 -999.0 -999.0 276.4566466156346 -28.875350337022397 276.53944769960844 -28.860793050465865 86.44019124223756 88.48632397244802 -999.0 16600.0 -999.0 2 -999 {-999.0 -999.0 -999.0 -999.0 -999.0} "" -999.0 -999.0 -999.0 -999.0 -999 -999 "" "" "" "" 0 0 0.0 0.0 -999 ""
FIBERMAP 434 R+1C15 BOSS 1 1 0 1 0 0 15.823137263739904 16.70040352326397 143.1 -17.31688054720937 15.144585093539783 224.04353 78.23932 276.45432263241315 -28.876684557411863 -1.3450902 -3.6801548 0.10517194 276.4543180653109 -28.876695499279215 276.53710908083946 -28.862144923157235 86.44231744933244 88.50606585450937 5400.0 5400.0 2016.0 1 197 {-999.0 18.754242 15.670345 15.3871565 -999.0} sdss_psfmag_ps1 -999.0 15.53599 -999.0 12.257 63050395263699551 1093353593 bright_3x1 mwm_astar_core_boss mwm_ob science 0 0 0.0 0.0 -999 ""
FIBERMAP 434 R+1C15 METROLOGY 0 0 0 1 0 0 16.575799650777757 16.683267598154238 143.1 -17.329745514063717 15.897302476613195 224.04353 78.23932 -999.0 -999.0 -999.0 -999.0 -999.0 276.4542767509873 -28.874408097816666 276.5370643587506 -28.85985767470895 86.4422177819522 88.4692366006364 -999.0 6231.0 -999.0 -1 -999 {-999.0 -999.0 -999.0 -999.0 -999.0} "" -999.0 -999.0 -999.0 -999.0 -999 -999 "" "" "" "" 0 0 0.0 0.0 -999 ""
FIBERMAP 435 R-5C3 APOGEE 1 1 0 1 0 0 -210.28959691504426 -98.18233309214146 143.1 106.47853620139611 -206.2025644794123 231.64525 58.582664 276.8825997488613 -29.5475297694504 -1.2085071 -5.2570934 0.08118821 276.88259561855864 -29.547545399885045 276.9675788927689 -29.531800378699533 86.04797589766724 98.59423430332414 16000.0 16600.0 2016.0 2 243 {-999.0 17.195646 15.233719 13.589205 -999.0} sdss_psfmag_gaia 16.025484 14.319562 13.072168 10.203 63050395245137871 1154354290 bright_1x1 mwm_galactic_core_dist_apogee_sparse mwm_galactic science 0 0 0.0 0.0 -999 ""
FIBERMAP 435 R-5C3 BOSS 0 0 0 1 0 0 -210.55200156233752 -97.48771919915234 143.1 105.79495599436473 -206.49242419223728 231.64525 58.582664 -999.0 -999.0 -999.0 -999.0 -999.0 276.8802527098992 -29.548456650152897 276.9652228771314 -29.53271595951352 86.04991087702348 98.61075817728931 -999.0 5400.0 -999.0 1 500 {-999.0 -999.0 -999.0 -999.0 -999.0} "" -999.0 -999.0 -999.0 -999.0 -999 -999 "" "" "" "" 0 0 0.0 0.0 -999 ""
FIBERMAP 435 R-5C3 METROLOGY 0 0 0 1 0 0 -209.81387011452236 -97.6063313068773 143.1 105.88406150309417 -205.75018274701094 231.64525 58.582664 -999.0 -999.0 -999.0 -999.0 -999.0 276.88058379953634 -29.546253371273668 276.965551097412 -29.530512554452958 86.04987262032085 98.57851000658093 -999.0 6231.0 -999.0 -1 -999 {-999.0 -999.0 -999.0 -999.0 -999.0} "" -999.0 -999.0 -999.0 -999.0 -999 -999 "" "" "" "" 0 0 0.0 0.0 -999 ""
FIBERMAP 438 R+12C2 APOGEE 1 1 0 1 0 0 -125.61785887720855 215.62558845962056 143.1 -210.44105515741546 -134.1037707600161 342.26395 62.694077 275.7825009645035 -29.324725016177943 2.393535 -10.100816 0.38435146 275.7825091269339 -29.324755048008704 275.86701293543746 -29.311901133938086 87.02371702147092 96.53103197415015 16000.0 16600.0 2016.0 2 6 {-999.0 13.272181 11.682829 10.759908 -999.0} sdss_psfmag_from_g3xp 12.590862 11.397468 10.321448 7.734 63050395263088535 1152038686 bright_1x1 mwm_galactic_core_dist_apogee_sparse mwm_galactic science 0 0 0.0 0.0 -999 ""
FIBERMAP 438 R+12C2 BOSS 0 0 0 1 0 0 -126.10808943898924 215.0852734438155 143.1 -209.88165962615216 -134.5720659438018 342.26395 62.694077 -999.0 -999.0 -999.0 -999.0 -999.0 275.78442549042995 -29.326200785309137 275.86892116576166 -29.313340744570798 87.02193646703648 96.55591813003349 -999.0 5400.0 -999.0 1 6 {-999.0 -999.0 -999.0 -999.0 -999.0} "" -999.0 -999.0 -999.0 -999.0 -999 -999 "" "" "" "" 0 0 0.0 0.0 -999 ""
FIBERMAP 438 R+12C2 METROLOGY 0 0 0 1 0 0 -126.3435957756293 215.8061660926974 143.1 -210.59256832059623 -134.8360967430241 342.26395 62.694077 -999.0 -999.0 -999.0 -999.0 -999.0 275.7819205707742 -29.326993700730483 275.8664231966832 -29.31414036489018 87.02403811064863 96.57484901380218 -999.0 6231.0 -999.0 -1 -999 {-999.0 -999.0 -999.0 -999.0 -999.0} "" -999.0 -999.0 -999.0 -999.0 -999 -999 "" "" "" "" 0 0 0.0 0.0 -999 ""
FIBERMAP 439 R-6C3 APOGEE 1 1 0 1 0 0 -183.48503590896235 -98.50147743126881 143.1 105.72950174597118 -179.4076432168898 140.05179 73.54275 276.88020180422285 -29.466746728953613 0.25322935 -7.0141244 0.12566543 276.880202668992 -29.46676758340767 276.9649092298211 -29.45103832823368 86.05847334622598 97.43031822425208 16000.0 16600.0 2016.0 2 244 {-999.0 15.426024 13.993423 13.363747 -999.0} sdss_psfmag_from_g3xp 14.835546 13.909511 12.954286 10.67 63050395245173331 1152010551 bright_1x1 mwm_galactic_core_dist_apogee_sparse mwm_galactic science 0 0 0.0 0.0 -999 ""
FIBERMAP 439 R-6C3 BOSS 0 0 0 1 0 0 -182.83614941152075 -98.12118097460619 143.1 105.32367035583633 -178.7744491622178 140.05179 73.54275 -999.0 -999.0 -999.0 -999.0 -999.0 276.878844075778 -29.46490548221197 276.9635277726451 -29.44917863623775 86.05984064962155 97.40496519524282 -999.0 5400.0 -999.0 1 501 {-999.0 -999.0 -999.0 -999.0 -999.0} "" -999.0 -999.0 -999.0 -999.0 -999 -999 "" "" "" "" 0 0 0.0 0.0 -999 ""
FIBERMAP 439 R-6C3 METROLOGY 0 0 0 1 0 0 -182.83736034336542 -98.88150831357478 143.1 106.08341183539012 -178.74536710625426 140.05179 73.54275 -999.0 -999.0 -999.0 -999.0 -999.0 276.88149703744796 -29.464837662550007 276.9661845548528 -29.449104304448337 86.05754344956368 97.40083206163263 -999.0 6231.0 -999.0 -1 -999 {-999.0 -999.0 -999.0 -999.0 -999.0} "" -999.0 -999.0 -999.0 -999.0 -999 -999 "" "" "" "" 0 0 0.0 0.0 -999 ""
FIBERMAP 441 R-2C4 APOGEE 0 0 0 1 0 0 -189.77219744870223 -48.33963544347855 143.1 55.859979080916666 -187.68804453447524 337.0899 100.48551 -999.0 -999.0 -999.0 -999.0 -999.0 276.70671936934417 -29.49192701072743 276.7915595051188 -29.47664613389903 86.2062023539866 98.02560421687156 -999.0 16600.0 -999.0 2 -999 {-999.0 -999.0 -999.0 -999.0 -999.0} "" -999.0 -999.0 -999.0 -999.0 -999 -999 "" "" "" "" 0 0 0.0 0.0 -999 ""
FIBERMAP 441 R-2C4 BOSS 1 1 0 1 0 0 -189.90531944506287 -49.04521897935976 143.1 56.57027784297939 -187.79294456255624 337.0899 100.48551 276.7092223699805 -29.49228564952574 0.95017654 -4.9973936 0.77425265 276.70922561561696 -29.492300507818705 276.79404985213694 -29.477011614472293 86.20400823938276 98.0277203693804 5400.0 5400.0 2016.0 1 472 {-999.0 14.986217 13.909721 13.484225 -999.0} sdss_psfmag_from_g3xp 14.608113 13.916224 13.105636 11.376 63050395245373521 917046040 bright_3x1 mwm_yso_variable_boss mwm_yso science 0 0 0.0 0.0 -999 ""
FIBERMAP 441 R-2C4 METROLOGY 0 0 0 1 0 0 -190.48257929574348 -48.573848697139326 143.1 56.122299117810236 -188.38850271029884 337.0899 100.48551 -999.0 -999.0 -999.0 -999.0 -999.0 276.7076650020327 -29.494122220343847 276.7925007737458 -29.47883756741829 86.20516085476694 98.05726301572975 -999.0 6231.0 -999.0 -1 -999 {-999.0 -999.0 -999.0 -999.0 -999.0} "" -999.0 -999.0 -999.0 -999.0 -999 -999 "" "" "" "" 0 0 0.0 0.0 -999 ""
FIBERMAP 442 R+13C12 APOGEE 1 1 0 1 0 0 91.05209310060964 233.03222458081703 143.1 -236.465458190715 81.69198843084163 310.68857 32.09741 275.6996082587716 -28.671084177471638 -2.8998008 -10.340736 0.09089174 275.69959843220596 -28.671114922636306 275.78189490487284 -28.658554017945498 87.0816772878633 83.76490836217064 16000.0 16600.0 2016.0 2 59 {-999.0 16.0283 14.499929 13.763772 -999.0} sdss_psfmag_from_g3xp 15.370673 14.355404 13.338962 10.955 63050395264142647 1152039976 bright_1x1 mwm_galactic_core_dist_apogee_sparse mwm_galactic science 0 0 0.0 0.0 -999 ""
FIBERMAP 442 R+13C12 BOSS 0 0 0 1 0 0 90.33250877746451 233.2414304859301 143.1 -236.6458208732419 80.9646693213691 310.68857 32.09741 -999.0 -999.0 -999.0 -999.0 -999.0 275.6989437166778 -28.673302240381616 275.7812354464985 -28.660744265300124 87.08254820405844 83.80599104801877 -999.0 5400.0 -999.0 1 97 {-999.0 -999.0 -999.0 -999.0 -999.0} "" -999.0 -999.0 -999.0 -999.0 -999 -999 "" "" "" "" 0 0 0.0 0.0 -999 ""
FIBERMAP 442 R+13C12 METROLOGY 0 0 0 1 0 0 90.8816371287853 233.7612305270086 143.1 -237.1870650685308 81.4926305057264 310.68857 32.09741 -999.0 -999.0 -999.0 -999.0 -999.0 275.69706158628406 -28.671679808106333 275.77935177171366 -28.659126515193268 87.0839660446379 83.77008123566412 -999.0 6231.0 -999.0 -1 -999 {-999.0 -999.0 -999.0 -999.0 -999.0} "" -999.0 -999.0 -999.0 -999.0 -999 -999 "" "" "" "" 0 0 0.0 0.0 -999 ""
FIBERMAP 445 R-4C10 APOGEE 0 0 0 1 0 0 -60.97564111708474 -87.41424927850632 143.1 89.77065943836186 -57.44214277303669 251.54819 69.175514 -999.0 -999.0 -999.0 -999.0 -999.0 276.82540938188953 -29.097646017072385 276.90886897999303 -29.0821028618058 86.12391729950238 92.05383064023789 -999.0 16600.0 -999.0 2 -999 {-999.0 -999.0 -999.0 -999.0 -999.0} "" -999.0 -999.0 -999.0 -999.0 -999 -999 "" "" "" "" 0 0 0.0 0.0 -999 ""
FIBERMAP 445 R-4C10 BOSS 1 1 0 1 0 0 -61.56531951687158 -86.93007543391438 143.1 89.31038259259996 -58.05061921592898 251.54819 69.175514 276.8238830566406 -29.099524241932855 -999.0 -999.0 -999.0 276.8238830566406 -29.09952424193286 276.9073328360029 -29.08398485370741 86.1252625593521 92.08164641913626 5400.0 5400.0 2015.5 1 360 {-999.0 -999.0 -999.0 -999.0 -999.0} "" -999.0 -999.0 -999.0 -999.0 27021603147063461 852451030 "" ops_sky_boss_fallback ops_sky sky_boss 0 0 0.0 0.0 -999 ""
FIBERMAP 445 R-4C10 METROLOGY 0 0 0 1 0 0 -60.865177231579494 -86.67445474838652 143.1 89.02708092874653 -57.3612449493813 251.54819 69.175514 -999.0 -999.0 -999.0 -999.0 -999.0 276.82290703838316 -29.09743816229284 276.90635469503513 -29.08190155955954 86.12611423904123 92.05079482083136 -999.0 6231.0 -999.0 -1 -999 {-999.0 -999.0 -999.0 -999.0 -999.0} "" -999.0 -999.0 -999.0 -999.0 -999 -999 "" "" "" "" 0 0 0.0 0.0 -999 ""
FIBERMAP 449 R-10C16 APOGEE 0 0 0 1 0 0 147.8901403059955 -193.7491214513703 143.1 187.6954894434538 155.48590348739177 137.05746 150.07466 -999.0 -999.0 -999.0 -999.0 -999.0 277.16184726341027 -28.452470225759466 277.2430319720322 -28.436128349114814 85.77943492661058 83.25480434075627 -999.0 16600.0 -999.0 2 -999 {-999.0 -999.0 -999.0 -999.0 -999.0} "" -999.0 -999.0 -999.0 -999.0 -999 -999 "" "" "" "" 0 0 0.0 0.0 -999 ""
FIBERMAP 449 R-10C16 BOSS 1 1 0 1 0 0 147.68274407872406 -192.88643595687577 143.1 186.84178623031303 155.24431022698533 137.05746 150.07466 277.15896606445307 -28.45317775991785 -999.0 -999.0 -999.0 277.15896606445307 -28.45317775991785 277.24013616846446 -28.436845771668565 85.7820623998049 83.25899940400802 5400.0 5400.0 2015.5 1 333 {-999.0 -999.0 -999.0 -999.0 -999.0} "" -999.0 -999.0 -999.0 -999.0 27021603147114658 852463368 "" ops_sky_boss_fallback ops_sky sky_boss 0 0 0.0 0.0 -999 ""
FIBERMAP 449 R-10C16 METROLOGY 0 0 0 1 0 0 148.3858909313027 -193.18900580768266 143.1 187.1160898745642 155.9589252600456 137.05746 150.07466 -999.0 -999.0 -999.0 -999.0 -999.0 277.15992162294447 -28.450997267636414 277.24108917341755 -28.43466235521381 85.78089150773698 83.23147789262191 -999.0 6231.0 -999.0 -1 -999 {-999.0 -999.0 -999.0 -999.0 -999.0} "" -999.0 -999.0 -999.0 -999.0 -999 -999 "" "" "" "" 0 0 0.0 0.0 -999 ""
FIBERMAP 453 R+7C19 APOGEE 0 0 0 1 0 0 183.52516667921194 132.2072945837906 143.1 -139.40880749332908 178.10487696999863 142.3913 166.5937 -999.0 -999.0 -999.0 -999.0 -999.0 276.0362880249082 -28.38151832221969 276.117525585997 -28.368113934984045 86.74022159621676 79.41547074938018 -999.0 16600.0 -999.0 2 -999 {-999.0 -999.0 -999.0 -999.0 -999.0} "" -999.0 -999.0 -999.0 -999.0 -999 -999 "" "" "" "" 0 0 0.0 0.0 -999 ""
FIBERMAP 453 R+7C19 BOSS 1 1 0 1 0 0 183.06321809064573 132.78942229127685 143.1 -139.9720453554943 177.62012126216698 142.3913 166.5937 276.0343388508057 -28.38292244435443 -4.605026 -5.662597 0.009960251 276.0343232883429 -28.382939280435448 276.11555254737215 -28.369542448982745 86.74222257877192 79.43350274249059 5400.0 5400.0 2016.0 1 249 {-999.0 18.934694 18.386023 18.377684 -999.0} sdss_psfmag_ps1 18.584358 18.25561 17.675863 -999.0 63050395264215219 978465286 "" ops_std_boss ops_std standard_boss 0 0 0.0 0.0 -999 ""
FIBERMAP 453 R+7C19 METROLOGY 0 0 0 1 0 0 183.80731501011937 132.90003590359348 143.1 -140.11221206393344 178.3591906894219 142.3913 166.5937 -999.0 -999.0 -999.0 -999.0 -999.0 276.033839453011 -28.380681816753224 276.1150650853609 -28.367285779258044 86.74215953193001 79.3930971032421 -999.0 6231.0 -999.0 -1 -999 {-999.0 -999.0 -999.0 -999.0 -999.0} "" -999.0 -999.0 -999.0 -999.0 -999 -999 "" "" "" "" 0 0 0.0 0.0 -999 ""
FIBERMAP 454 R+10C8 APOGEE 0 0 0 1 0 0 -17.523586897380007 185.14501855719215 143.1 -184.29245778150602 -24.885280672769685 271.38803 141.09805 -999.0 -999.0 -999.0 -999.0 -999.0 275.8753876191773 -28.995116583650045 275.9587422185091 -28.982059336195054 86.95330428380971 90.20703522788767 -999.0 16600.0 -999.0 2 -999 {-999.0 -999.0 -999.0 -999.0 -999.0} "" -999.0 -999.0 -999.0 -999.0 -999 -999 "" "" "" "" 0 0 0.0 0.0 -999 ""
FIBERMAP 454 R+10C8 BOSS 1 1 0 1 0 0 -17.943841529468187 184.56115501716775 143.1 -183.69233793540081 -25.281923281994803 271.38803 141.09805 275.8774032184396 -28.99633159362067 -3.5185447 -3.603308 0.5315613 275.8773912578165 -28.996342307005893 275.9607363186869 -28.983279993702293 86.95159180887646 90.23082966614739 5400.0 5400.0 2016.0 1 125 {-999.0 17.445715 16.288885 15.84049 -999.0} sdss_psfmag_ps1 16.918753 16.281416 15.3434515 13.577 63050395263460124 980263413 "" ops_std_boss_red ops_std standard_boss 0 0 0.0 0.0 -999 ""
FIBERMAP 454 R+10C8 METROLOGY 0 0 0 1 0 0 -18.266887163405347 185.22870207601608 143.1 -184.34645790198846 -25.631295045836207 271.38803 141.09805 -999.0 -999.0 -999.0 -999.0 -999.0 275.8750936572933 -28.997386642760468 275.95844671425743 -28.98433009994135 86.95362058135925 90.24962340475145 -999.0 6231.0 -999.0 -1 -999 {-999.0 -999.0 -999.0 -999.0 -999.0} "" -999.0 -999.0 -999.0 -999.0 -999 -999 "" "" "" "" 0 0 0.0 0.0 -999 ""
FIBERMAP 458 R-13C8 APOGEE 1 1 0 1 0 0 17.726147163718288 -265.5328838892411 143.1 264.60521046324243 28.290381307568918 309.0141 104.55203 277.42801285072676 -28.83658585676867 -1.5498246 -6.9128933 0.12244291 277.4280075905002 -28.83660641024147 277.5104140194987 -28.81952758561136 85.58874898527148 88.66743728834764 16000.0 16600.0 2016.0 2 265 {-999.0 15.488937 13.780768 12.793312 -999.0} sdss_psfmag_gaia 14.686917 13.453689 12.359665 9.753 63050395247013071 1154354584 bright_1x1 mwm_galactic_core_dist_apogee_sparse mwm_galactic science 0 0 0.0 0.0 -999 ""
FIBERMAP 458 R-13C8 BOSS 0 0 0 1 0 0 17.221858556241408 -266.08487534261235 143.1 265.17683277652867 27.808504999842036 309.0141 104.55203 -999.0 -999.0 -999.0 -999.0 -999.0 277.42999088171854 -28.83805603248438 277.512382849357 -28.820972964228137 85.58712249393103 88.68765532877694 -999.0 5400.0 -999.0 1 359 {-999.0 -999.0 -999.0 -999.0 -999.0} "" -999.0 -999.0 -999.0 -999.0 -999 -999 "" "" "" "" 0 0 0.0 0.0 -999 ""
FIBERMAP 458 R-13C8 METROLOGY 0 0 0 1 0 0 16.986565963401347 -265.39014666706385 143.1 264.4920577192771 27.545730157326947 309.0141 104.55203 -999.0 -999.0 -999.0 -999.0 -999.0 277.42770375350017 -28.838853341128356 277.5101044163391 -28.821775810816213 85.58916685898167 88.69637510362588 -999.0 6231.0 -999.0 -1 -999 {-999.0 -999.0 -999.0 -999.0 -999.0} "" -999.0 -999.0 -999.0 -999.0 -999 -999 "" "" "" "" 0 0 0.0 0.0 -999 ""
FIBERMAP 461 R+11C5 APOGEE 1 1 0 1 0 0 -69.65807497959716 214.43806207606792 143.1 -211.48399644943055 -78.14334475518262 322.02246 153.67049 275.7801818847656 -29.15557078073769 -999.0 -999.0 -999.0 275.7801818847656 -29.155570780737694 275.8641071841088 -29.14274283212028 87.0358505475198 93.27408583482345 16000.0 16600.0 2015.5 2 147 {-999.0 -999.0 -999.0 -999.0 -999.0} "" -999.0 -999.0 -999.0 -999.0 27021603147108088 848843689 "" ops_sky_apogee_good ops_sky sky_apogee 0 0 0.0 0.0 -999 ""
FIBERMAP 461 R+11C5 BOSS 0 0 0 1 0 0 -69.33492141795402 213.79699172215624 143.1 -210.8563354064442 -77.79492000426042 322.02246 153.67049 -999.0 -999.0 -999.0 -999.0 -999.0 275.78232438802786 -29.154551634349296 275.8662329729285 -29.141717908965504 87.03402349982905 93.25326750413751 -999.0 5400.0 -999.0 1 150 {-999.0 -999.0 -999.0 -999.0 -999.0} "" -999.0 -999.0 -999.0 -999.0 -999 -999 "" "" "" "" 0 0 0.0 0.0 -999 ""
FIBERMAP 461 R+11C5 METROLOGY 0 0 0 1 0 0 -70.08690553230502 213.8066031259235 143.1 -210.8359792164697 -78.5466598980763 322.02246 153.67049 -999.0 -999.0 -999.0 -999.0 -999.0 275.78233436473545 -29.15683870043253 275.86625436777797 -29.144004762067954 87.03393989234195 93.2974352411938 -999.0 6231.0 -999.0 -1 -999 {-999.0 -999.0 -999.0 -999.0 -999.0} "" -999.0 -999.0 -999.0 -999.0 -999 -999 "" "" "" "" 0 0 0.0 0.0 -999 ""
FIBERMAP 462 R+11C9 APOGEE 1 1 0 1 0 0 4.112781626116487 207.7099227714579 143.1 -207.70055133414652 -4.165958331282382 179.0113 150.49348 275.7952841093939 -28.931688361646497 3.49624 -5.6334257 0.067316435 275.7952959867775 -28.931705110995022 275.87845413858776 -28.918864091374996 87.0212156023929 88.95674068099713 16000.0 16600.0 2016.0 2 128 {-999.0 16.138393 14.548253 13.792645 -999.0} sdss_psfmag_from_g3xp 15.451141 14.385114 13.370842 10.974 63050395263485213 1152039157 bright_1x1 mwm_galactic_core_dist_apogee_sparse mwm_galactic science 0 0 0.0 0.0 -999 ""
FIBERMAP 462 R+11C9 BOSS 0 0 0 1 0 0 3.4798855098276906 208.1150686364 143.1 -208.08014428430354 -4.81446791712862 179.0113 150.49348 -999.0 -999.0 -999.0 -999.0 -999.0 275.7939231166345 -28.93365917024687 275.87707554704264 -28.92082201510137 87.02251228793813 88.99330153939405 -999.0 5400.0 -999.0 1 115 {-999.0 -999.0 -999.0 -999.0 -999.0} "" -999.0 -999.0 -999.0 -999.0 -999 -999 "" "" "" "" 0 0 0.0 0.0 -999 ""
FIBERMAP 462 R+11C9 METROLOGY 0 0 0 1 0 0 4.135935828095432 208.45319153265717 143.1 -208.44412269795038 -4.172435791753108 179.0113 150.49348 -999.0 -999.0 -999.0 -999.0 -999.0 275.7926515708229 -28.931704752298362 275.87580126945977 -28.918871000390773 87.02353544083158 88.95477394842692 -999.0 6231.0 -999.0 -1 -999 {-999.0 -999.0 -999.0 -999.0 -999.0} "" -999.0 -999.0 -999.0 -999.0 -999 -999 "" "" "" "" 0 0 0.0 0.0 -999 ""
FIBERMAP 465 R+5C7 APOGEE 1 1 0 1 0 0 -93.70327716447103 86.26781166253643 143.1 -82.46266064405076 -97.06210027969789 302.63074 118.75364 276.2265704263506 -29.216282055483518 -4.2609916 -5.5612555 0.053920038 276.2265559109299 -29.21629859025456 276.310577605885 -29.202300308793635 86.64421110217933 94.11477926223323 16000.0 16600.0 2016.0 2 33 {-999.0 16.020548 14.380702 13.436203 -999.0} sdss_psfmag_from_g3xp 15.297989 14.081898 12.992209 10.48 63050395263050637 1152038726 bright_1x1 mwm_galactic_core_dist_apogee_sparse mwm_galactic science 0 0 0.0 0.0 -999 ""
FIBERMAP 465 R+5C7 BOSS 0 0 0 1 0 0 -94.06401738144305 85.6195760568202 143.1 -81.80059351408696 -97.39671347957048 302.63074 118.75364 -999.0 -999.0 -999.0 -999.0 -999.0 276.2288175460627 -29.21737440682166 276.31282796148537 -29.203369609494754 86.64220620011308 94.13170619710968 -999.0 5400.0 -999.0 1 55 {-999.0 -999.0 -999.0 -999.0 -999.0} "" -999.0 -999.0 -999.0 -999.0 -999 -999 "" "" "" "" 0 0 0.0 0.0 -999 ""
FIBERMAP 465 R+5C7 METROLOGY 0 0 0 1 0 0 -94.4461263837313 86.26994210450877 143.1 -82.43519367198172 -97.80441485001612 302.63074 118.75364 -999.0 -999.0 -999.0 -999.0 -999.0 276.226592747667 -29.21860784140173 276.31061203569107 -29.20460883113251 86.64408971405582 94.15416493153003 -999.0 6231.0 -999.0 -1 -999 {-999.0 -999.0 -999.0 -999.0 -999.0} "" -999.0 -999.0 -999.0 -999.0 -999 -999 "" "" "" "" 0 0 0.0 0.0 -999 ""
FIBERMAP 468 R-2C9 APOGEE 1 1 0 1 0 0 -76.53684802566642 -42.05107640371319 143.1 45.06528836848676 -74.79767265303988 350.4573 115.30317 276.67007446289057 -29.15023169834417 -999.0 -999.0 -999.0 276.67007446289057 -29.150231698344164 276.7537549483765 -29.135086496204796 86.25912493195165 92.86369117131504 16000.0 16600.0 2015.5 2 300 {-999.0 -999.0 -999.0 -999.0 -999.0} "" -999.0 -999.0 -999.0 -999.0 27021603147063055 848836119 "" ops_sky_apogee_good ops_sky sky_apogee 0 0 0.0 0.0 -999 ""
FIBERMAP 468 R-2C9 BOSS 0 0 0 1 0 0 -76.36033457373878 -42.76805757903944 143.1 45.77463916966727 -74.59274137504606 350.4573 115.30317 -999.0 -999.0 -999.0 -999.0 -999.0 276.67258726061283 -29.14965635316427 276.75624905990753 -29.134504490511173 86.25695449916837 92.85432058000788 -999.0 5400.0 -999.0 1 496 {-999.0 -999.0 -999.0 -999.0 -999.0} "" -999.0 -999.0 -999.0 -999.0 -999 -999 "" "" "" "" 0 0 0.0 0.0 -999 ""
FIBERMAP 468 R-2C9 METROLOGY 0 0 0 1 0 0 -77.0668647925845 -42.56767858119856 143.1 45.602575948148484 -75.30666559696739 350.4573 115.30317 -999.0 -999.0 -999.0 -999.0 -999.0 276.6719843953263 -29.151828617697255 276.75565831844733 -29.136678115454497 86.25744047261202 92.8877244965982 -999.0 6231.0 -999.0 -1 -999 {-999.0 -999.0 -999.0 -999.0 -999.0} "" -999.0 -999.0 -999.0 -999.0 -999 -999 "" "" "" "" 0 0 0.0 0.0 -999 ""
FIBERMAP 470 R+2C23 APOGEE 1 1 0 1 0 0 241.6187614607043 40.03529353258664 143.1 -49.6281665997708 239.8222199837058 36.408604 80.659515 276.34627412889284 -28.196533528723283 -2.0882638 -16.215508 7.241224 276.3462670840494 -28.19658174080737 276.4268044015317 -28.18239187423073 86.43218964354904 77.44073596070017 16000.0 16600.0 2016.0 2 74 {-999.0 15.0791855 13.7068405 13.069221 -999.0} sdss_psfmag_gaia 14.533081 13.624668 12.6763935 10.707 63050395264389044 1069091488 bright_8x1 mwm_bin_rv_short_mdwarf_apogee_08epoch mwm_bin science 0 0 0.0 0.0 -999 ""
FIBERMAP 470 R+2C23 BOSS 0 0 0 1 0 0 241.98912414746945 39.37831162939503 143.1 -48.98648812241412 240.21844841526664 36.408604 80.659515 -999.0 -999.0 -999.0 -999.0 -999.0 276.34848489809264 -28.195371257359486 276.4290051288277 -28.181178966105048 86.43000842363816 77.42964818160016 -999.0 5400.0 -999.0 1 233 {-999.0 -999.0 -999.0 -999.0 -999.0} "" -999.0 -999.0 -999.0 -999.0 -999 -999 "" "" "" "" 0 0 0.0 0.0 -999 ""
FIBERMAP 470 R+2C23 METROLOGY 0 0 0 1 0 0 241.2438133019263 39.38861012995653 143.1 -48.96708432394349 239.47334885041195 36.408604 80.659515 -999.0 -999.0 -999.0 -999.0 -999.0 276.3485232630779 -28.197570155159738 276.4290550202285 -28.183376552321285 86.43051407525203 77.46400341688923 -999.0 6231.0 -999.0 -1 -999 {-999.0 -999.0 -999.0 -999.0 -999.0} "" -999.0 -999.0 -999.0 -999.0 -999 -999 "" "" "" "" 0 0 0.0 0.0 -999 ""
FIBERMAP 472 R-1C15 APOGEE 0 0 0 1 0 0 44.28108898734813 -38.58145776802115 143.1 36.78509145577184 45.781271607748735 12.650133 24.355804 -999.0 -999.0 -999.0 -999.0 -999.0 276.6421202019845 -28.784135067452922 276.72456361006516 -28.76910576961131 86.2717745841229 87.23222242242986 -999.0 16600.0 -999.0 2 -999 {-999.0 -999.0 -999.0 -999.0 -999.0} "" -999.0 -999.0 -999.0 -999.0 -999 -999 "" "" "" "" 0 0 0.0 0.0 -999 ""
FIBERMAP 472 R-1C15 BOSS 1 1 0 1 0 0 43.67414554050187 -39.018448628859645 143.1 37.245898926892316 45.19224436875917 12.650133 24.355804 276.64375831722225 -28.785893971391005 -0.82261026 -0.88733304 0.25441653 276.64375552657714 -28.785896609617073 276.7261884937231 -28.77086402190979 86.27050264161947 87.26099828965552 5400.0 5400.0 2016.0 1 326 {-999.0 17.021156 16.429121 16.179308 16.03832} sdss_psfmag_from_ps1dr2 16.8241 16.4072 15.7717 -999.0 63050395263838162 1039872115 "" ops_std_boss_ps1dr2 ops_std standard_boss 0 0 0.0 0.0 -999 ""
FIBERMAP 472 R-1C15 METROLOGY 0 0 0 1 0 0 43.59736992272122 -38.27809913956004 143.1 36.50922567491119 45.086036734641745 12.650133 24.355804 -999.0 -999.0 -999.0 -999.0 -999.0 276.6412015058759 -28.78621103065363 276.72364080544764 -28.77118471501661 86.2727548087275 87.26304384570318 -999.0 6231.0 -999.0 -1 -999 {-999.0 -999.0 -999.0 -999.0 -999.0} "" -999.0 -999.0 -999.0 -999.0 -999 -999 "" "" "" "" 0 0 0.0 0.0 -999 ""
FIBERMAP 474 R-3C8 APOGEE 0 0 0 1 0 0 -92.30362612356994 -52.10278631831026 143.1 55.736774848042025 -90.15083423034082 11.724072 137.2049 -999.0 -999.0 -999.0 -999.0 -999.0 276.7070529270928 -29.19682643736704 276.79088256443674 -29.181579514511373 86.22579598035688 93.56329940071078 -999.0 16600.0 -999.0 2 -999 {-999.0 -999.0 -999.0 -999.0 -999.0} "" -999.0 -999.0 -999.0 -999.0 -999 -999 "" "" "" "" 0 0 0.0 0.0 -999 ""
FIBERMAP 474 R-3C8 BOSS 1 1 0 1 0 0 -91.61632350309874 -52.54420720437382 143.1 56.15044497285951 -89.44651829222958 11.724072 137.2049 276.7085619144833 -29.194737299686423 -4.364275 -1.4735795 0.6114111 276.7085470503457 -29.19474168094473 276.79235276998855 -29.179490775327185 86.22456552610755 93.53109032253433 5400.0 5400.0 2016.0 1 477 {-999.0 16.713331 15.949354 15.060929 -999.0} sdss_psfmag_ps1 16.244072 15.513895 14.54548 12.638 63050395245505412 980263347 "" ops_std_boss_red ops_std standard_boss 0 0 0.0 0.0 -999 ""
FIBERMAP 474 R-3C8 METROLOGY 0 0 0 1 0 0 -92.29365413061886 -52.85071597820662 143.1 56.48368345241984 -90.11107250829129 11.724072 137.2049 -999.0 -999.0 -999.0 -999.0 -999.0 276.7097020560353 -29.196765869054715 276.79351916204337 -29.181511801489698 86.22349649946779 93.56137922734905 -999.0 6231.0 -999.0 -1 -999 {-999.0 -999.0 -999.0 -999.0 -999.0} "" -999.0 -999.0 -999.0 -999.0 -999 -999 "" "" "" "" 0 0 0.0 0.0 -999 ""
FIBERMAP 477 R-7C14 APOGEE 1 1 0 1 0 0 59.34115190485408 -142.26101877917614 143.1 139.77818143079148 64.95944151405739 251.3391 51.707993 276.99827466324194 -28.726252106206058 -2.2038612 -4.526756 0.15104637 276.9982671910727 -28.726265565194563 277.0804195623328 -28.710316652725727 85.95574482316118 86.78015006841721 16000.0 16600.0 2016.0 2 197 {-999.0 15.401812 13.783003 12.859014 -999.0} sdss_psfmag_from_g3xp 14.694072 13.495678 12.40269 9.854 63050395245713327 1152011094 bright_1x1 mwm_galactic_core_dist_apogee_sparse mwm_galactic science 0 0 0.0 0.0 -999 ""
FIBERMAP 477 R-7C14 BOSS 0 0 0 1 0 0 58.92197905399851 -141.64062469598997 143.1 139.17500489103426 64.51590131006856 251.3391 51.707993 -999.0 -999.0 -999.0 -999.0 -999.0 276.9962747846638 -28.727580805184274 277.07841499331676 -28.711638348523945 85.95762022906396 86.79644871164123 -999.0 5400.0 -999.0 1 272 {-999.0 -999.0 -999.0 -999.0 -999.0} "" -999.0 -999.0 -999.0 -999.0 -999 -999 "" "" "" "" 0 0 0.0 0.0 -999 ""
FIBERMAP 477 R-7C14 METROLOGY 0 0 0 1 0 0 59.66716732719519 -141.57869557102066 143.1 139.08343858736674 65.25800080521344 251.3391 51.707993 -999.0 -999.0 -999.0 -999.0 -999.0 276.9959666839144 -28.72532395714558 277.0781042221399 -28.709382167681444 85.95767757407462 86.76422089976933 -999.0 6231.0 -999.0 -1 -999 {-999.0 -999.0 -999.0 -999.0 -999.0} "" -999.0 -999.0 -999.0 -999.0 -999 -999 "" "" "" "" 0 0 0.0 0.0 -999 ""
FIBERMAP 479 R-1C14 APOGEE 1 1 0 1 0 0 33.00864846599522 -21.753750691287955 143.1 20.42052047066007 33.847804436547605 68.362404 21.667757 276.5853598050664 -28.82023157402671 -6.3838534 -6.3747525 0.0077242274 276.58533814117015 -28.820250527493172 276.66791881401286 -28.8053647480971 86.32414441671588 87.73089555011232 16000.0 16600.0 2016.0 2 230 {-999.0 16.315197 14.676215 12.908596 -999.0} sdss_psfmag_from_g3xp 15.623479 13.626695 12.311402 9.219 63050395263835052 1152039555 bright_1x1 mwm_galactic_core_dist_apogee_sparse mwm_galactic science 0 0 0.0 0.0 -999 ""
FIBERMAP 479 R-1C14 BOSS 0 0 0 1 0 0 32.8765444042576 -22.474982245359044 143.1 21.14641364542102 33.74454492223526 68.362404 21.667757 -999.0 -999.0 -999.0 -999.0 -999.0 276.58788424908596 -28.82054689555398 276.67044958268923 -28.80565548583713 86.3219548020086 87.73800526851846 -999.0 5400.0 -999.0 1 339 {-999.0 -999.0 -999.0 -999.0 -999.0} "" -999.0 -999.0 -999.0 -999.0 -999 -999 "" "" "" "" 0 0 0.0 0.0 -999 ""
FIBERMAP 479 R-1C14 METROLOGY 0 0 0 1 0 0 32.307586056791514 -22.0003897037039 143.1 20.694884610394354 33.1571529772635 68.362404 21.667757 -999.0 -999.0 -999.0 -999.0 -999.0 276.5863119260543 -28.82232487109933 276.6688881490859 -28.80743704682996 86.32345207733788 87.76411428952662 -999.0 6231.0 -999.0 -1 -999 {-999.0 -999.0 -999.0 -999.0 -999.0} "" -999.0 -999.0 -999.0 -999.0 -999 -999 "" "" "" "" 0 0 0.0 0.0 -999 ""
FIBERMAP 480 R+9C15 APOGEE 0 0 0 1 0 0 115.01886802674639 186.3700788514657 143.1 -190.79708135729135 107.49782818193286 135.70592 106.74131 -999.0 -999.0 -999.0 -999.0 -999.0 275.85727002625407 -28.59402087044713 275.9392678977367 -28.581058006701536 86.93367918038727 82.6832640240533 -999.0 16600.0 -999.0 2 -999 {-999.0 -999.0 -999.0 -999.0 -999.0} "" -999.0 -999.0 -999.0 -999.0 -999 -999 "" "" "" "" 0 0 0.0 0.0 -999 ""
FIBERMAP 480 R+9C15 BOSS 1 1 0 1 0 0 115.34299784308661 187.0431029833433 143.1 -191.48245775588111 107.7948739214238 135.70592 106.74131 275.8548992369162 -28.59307233476167 -0.84100366 -4.6026835 0.17396317 275.8548963891221 -28.593086019499335 275.9368786989852 -28.580131253089313 86.9356064994812 82.66001121499035 5400.0 5400.0 2016.0 1 237 {-999.0 17.792469 15.926871 15.409434 -999.0} sdss_psfmag_ps1 15.996655 15.515481 14.288408 11.977 63050395264139673 1093353353 bright_3x1 mwm_astar_core_boss mwm_ob science 0 0 0.0 0.0 -999 ""
FIBERMAP 480 R+9C15 METROLOGY 0 0 0 1 0 0 115.76597290773786 186.4065824621748 143.1 -190.86331971027718 108.24285565688103 135.70592 106.74131 -999.0 -999.0 -999.0 -999.0 -999.0 275.85700322985156 -28.59172660244672 275.9389841504742 -28.57876599578638 86.9335664462528 82.64021606019833 -999.0 6231.0 -999.0 -1 -999 {-999.0 -999.0 -999.0 -999.0 -999.0} "" -999.0 -999.0 -999.0 -999.0 -999 -999 "" "" "" "" 0 0 0.0 0.0 -999 ""
FIBERMAP 482 R+7C10 APOGEE 1 1 0 1 0 0 -25.365274402339583 134.2698180492521 143.1 -133.1472682090607 -30.69352440385088 194.72006 108.57837 276.0520440025617 -29.01395869129173 -4.7255826 -8.927217 0.118091404 276.0520279361001 -29.01398523376658 276.1354031720727 -29.000465444080643 86.79924551493019 90.61022146133115 16000.0 16600.0 2016.0 2 137 {-999.0 16.919428 16.207157 13.4135275 -999.0} sdss_psfmag_ps1 16.231606 13.6587925 12.225956 8.712 63050395263730722 1153378747 bright_1x1 mwm_galactic_core_dist_apogee_sparse mwm_galactic science 0 0 0.0 0.0 -999 ""
FIBERMAP 482 R+7C10 BOSS 0 0 0 1 0 0 -25.816754506560496 134.87654404778476 143.1 -133.7355009194015 -31.16880037120592 194.72006 108.57837 -999.0 -999.0 -999.0 -999.0 -999.0 276.04992218221224 -29.015427806274197 276.13328919845515 -29.001913569465934 86.80112316271068 90.63549385244443 -999.0 5400.0 -999.0 1 132 {-999.0 -999.0 -999.0 -999.0 -999.0} "" -999.0 -999.0 -999.0 -999.0 -999 -999 "" "" "" "" 0 0 0.0 0.0 -999 ""
FIBERMAP 482 R+7C10 METROLOGY 0 0 0 1 0 0 -25.052125389703413 134.95000475172128 143.1 -133.83936372177388 -30.407735672075138 194.72006 108.57837 -999.0 -999.0 -999.0 -999.0 -999.0 276.0495589796478 -29.013120021030215 276.13292210882514 -28.999606940819476 86.80139748454027 90.59404811814727 -999.0 6231.0 -999.0 -1 -999 {-999.0 -999.0 -999.0 -999.0 -999.0} "" -999.0 -999.0 -999.0 -999.0 -999 -999 "" "" "" "" 0 0 0.0 0.0 -999 ""
FIBERMAP 486 R-1C9 APOGEE 1 1 0 1 0 0 -120.79648521345088 -17.870853876530614 143.1 22.668567042901977 -119.98375497382311 225.76901 55.734444 276.5918129960577 -29.287102676805976 6.04918 0.13860495 2.5415795 276.5918336173576 -29.28710226470297 276.67600166741755 -29.272144595916412 86.3224817906903 95.01564404494506 16000.0 16600.0 2016.0 2 279 {-999.0 10.167354 10.168501 10.218304 -999.0} sdss_psfmag_from_g3xp 10.232589 10.114215 9.889876 9.571 63050395245468595 975028861 "" ops_std_apogee ops_std standard_apogee 0 0 0.0 0.0 -999 ""
FIBERMAP 486 R-1C9 BOSS 0 0 0 1 0 0 -120.86197048711736 -17.125468001120723 143.1 21.926411789816147 -120.07888233301449 225.76901 55.734444 -999.0 -999.0 -999.0 -999.0 -999.0 276.58927874581536 -29.287448220438037 276.6734336784947 -29.272496393027087 86.32470060292133 95.02293529008648 -999.0 5400.0 -999.0 1 458 {-999.0 -999.0 -999.0 -999.0 -999.0} "" -999.0 -999.0 -999.0 -999.0 -999 -999 "" "" "" "" 0 0 0.0 0.0 -999 ""
FIBERMAP 486 R-1C9 METROLOGY 0 0 0 1 0 0 -120.173574779194 -17.454602532527968 143.1 22.22784565606177 -119.37794778670614 225.76901 55.734444 -999.0 -999.0 -999.0 -999.0 -999.0 276.59033209254284 -29.285338737884857 276.6744839965389 -29.270384626204624 86.32389469504449 94.98930089492546 -999.0 6231.0 -999.0 -1 -999 {-999.0 -999.0 -999.0 -999.0 -999.0} "" -999.0 -999.0 -999.0 -999.0 -999 -999 "" "" "" "" 0 0 0.0 0.0 -999 ""
FIBERMAP 491 R+1C18 APOGEE 1 1 0 1 0 0 80.29291991391182 11.007076241032888 143.1 -14.19682308151581 79.78742690350171 278.7401 17.62957 276.4659166179374 -28.680509535731975 -1.5778557 -3.56274 0.26661292 276.4659112705719 -28.680520128500877 276.54804971796796 -28.665961675932227 86.41558082952434 85.38154492800518 16000.0 16600.0 2016.0 2 79 {-999.0 14.238799 12.896981 12.302018 -999.0} sdss_psfmag_from_g3xp 13.706774 12.828154 11.903328 9.736 63050395263912685 1152039764 bright_1x1 mwm_galactic_core_dist_apogee_sparse mwm_galactic science 0 0 0.0 0.0 -999 ""
FIBERMAP 491 R+1C18 BOSS 0 0 0 1 0 0 79.953836680401 11.674108117586847 143.1 -14.849789346176804 79.42205144047675 278.7401 17.62957 -999.0 -999.0 -999.0 -999.0 -999.0 276.4636527440438 -28.681573463386112 276.5457802224229 -28.66702229722206 86.41768052179148 85.39475396581207 -999.0 5400.0 -999.0 1 240 {-999.0 -999.0 -999.0 -999.0 -999.0} "" -999.0 -999.0 -999.0 -999.0 -999 -999 "" "" "" "" 0 0 0.0 0.0 -999 ""
FIBERMAP 491 R+1C18 METROLOGY 0 0 0 1 0 0 80.70696790864181 11.626457573257316 143.1 -14.83218382159878 80.17645299771549 278.7401 17.62957 -999.0 -999.0 -999.0 -999.0 -999.0 276.463717111223 -28.67927803967921 276.54584111803183 -28.66472654711426 86.4173640707647 85.35835399378243 -999.0 6231.0 -999.0 -1 -999 {-999.0 -999.0 -999.0 -999.0 -999.0} "" -999.0 -999.0 -999.0 -999.0 -999 -999 "" "" "" "" 0 0 0.0 0.0 -999 ""
FIBERMAP 492 R-4C12 APOGEE 0 0 0 1 0 0 10.545501822910571 -79.51978913928394 143.1 79.03333036122552 13.70483153504883 328.27304 136.61882 -999.0 -999.0 -999.0 -999.0 -999.0 276.78835898603364 -28.881698599976577 276.87109438791833 -28.866277299935387 86.15057410081457 88.83655678305053 -999.0 16600.0 -999.0 2 -999 {-999.0 -999.0 -999.0 -999.0 -999.0} "" -999.0 -999.0 -999.0 -999.0 -999 -999 "" "" "" "" 0 0 0.0 0.0 -999 ""
FIBERMAP 492 R-4C12 BOSS 1 1 0 1 0 0 10.755236552054308 -80.24863222993329 143.1 79.75320962589993 13.943428971195706 328.27304 136.61882 276.79092407226557 -28.880966942771124 -999.0 -999.0 -999.0 276.79092407226557 -28.88096694277113 276.8736398384826 -28.8655398875158 86.14830619658063 88.82750290651992 5400.0 5400.0 2015.5 1 408 {-999.0 -999.0 -999.0 -999.0 -999.0} "" -999.0 -999.0 -999.0 -999.0 27021603147063603 852088819 "" ops_sky_boss_fallback ops_sky sky_boss 0 0 0.0 0.0 -999 ""
FIBERMAP 492 R-4C12 METROLOGY 0 0 0 1 0 0 10.027628278967914 -80.05951611589376 143.1 79.5932396596339 13.20889299511692 328.27304 136.61882 -999.0 -999.0 -999.0 -999.0 -999.0 276.79037165916685 -28.883195877825933 276.87309980840007 -28.86776975513315 86.1489061381671 88.86024278688097 -999.0 6231.0 -999.0 -1 -999 {-999.0 -999.0 -999.0 -999.0 -999.0} "" -999.0 -999.0 -999.0 -999.0 -999 -999 "" "" "" "" 0 0 0.0 0.0 -999 ""
FIBERMAP 494 R+10C13 APOGEE 0 0 0 1 0 0 86.58800519449247 183.48701865383222 143.1 -186.7837199521412 79.20553949847584 235.27818 133.58078 -999.0 -999.0 -999.0 -999.0 -999.0 275.8700363566826 -28.679698290512228 275.95232101362114 -28.666692081385378 86.93452594645558 84.29860956183973 -999.0 16600.0 -999.0 2 -999 {-999.0 -999.0 -999.0 -999.0 -999.0} "" -999.0 -999.0 -999.0 -999.0 -999 -999 "" "" "" "" 0 0 0.0 0.0 -999 ""
FIBERMAP 494 R+10C13 BOSS 1 1 0 1 0 0 85.84751768646203 183.34552211320903 143.1 -186.61283987288357 78.4713068701229 235.27818 133.58078 275.87056422464764 -28.681887271901328 -3.0425365 -4.6810904 0.025193477 275.8705539133313 -28.68190118975843 275.9528329053347 -28.668894840115218 86.93436260875644 84.34053559514071 5400.0 5400.0 2016.0 1 103 {-999.0 16.207384 16.043394 16.011284 -999.0} sdss_psfmag_ps1 16.176935 15.948865 15.536 15.016 63050395264128894 1093353343 bright_3x1 mwm_astar_core_boss mwm_ob science 0 0 0.0 0.0 -999 ""
FIBERMAP 494 R+10C13 METROLOGY 0 0 0 1 0 0 86.10405289148638 184.05735924086002 143.1 -187.33430388064778 78.69926803423533 235.27818 133.58078 -999.0 -999.0 -999.0 -999.0 -999.0 275.86804802757536 -28.681186065128973 275.95032890627465 -28.66818591635365 86.93645097183652 84.32212954608752 -999.0 6231.0 -999.0 -1 -999 {-999.0 -999.0 -999.0 -999.0 -999.0} "" -999.0 -999.0 -999.0 -999.0 -999 -999 "" "" "" "" 0 0 0.0 0.0 -999 ""
FIBERMAP 496 R-9C5 APOGEE 1 0 1 1 0 0 -99.41199045317998 -167.15854594605946 143.1 170.97978161815445 -92.66936758781453 10.023541 169.97693 277.15389164787655 -29.18684556982442 -5.0978703 -5.1490993 0.19764414 277.10678612985515 -29.20390656580533 277.1905308993696 -29.18761912320536 85.87683646483032 93.53155575088726 16000.0 16600.0 2016.0 2 268 {-999.0 14.779534 13.224213 11.801559 -999.0} sdss_psfmag_from_g3xp 14.155198 12.5266285 11.299274 8.41 63050395245555267 1152010984 bright_1x1 mwm_galactic_core_dist_apogee_sparse mwm_galactic science 0 0 0.0 0.0 -999 ""
FIBERMAP 496 R-9C5 BOSS 0 0 1 1 0 0 -98.65951855467031 -167.20431466070255 143.1 170.99553315063113 -91.91569978385706 10.023541 169.97693 -999.0 -999.0 -999.0 -999.0 -999.0 277.10691616689496 -29.2016526146365 277.19063550621775 -29.185364774779462 85.87679322251255 93.50018231769695 -999.0 5400.0 -999.0 1 364 {-999.0 -999.0 -999.0 -999.0 -999.0} "" -999.0 -999.0 -999.0 -999.0 -999 -999 "" "" "" "" 0 0 0.0 0.0 -999 ""
FIBERMAP 496 R-9C5 METROLOGY 0 0 1 1 0 0 -99.07697303804363 -167.83724914545002 143.1 171.64457145698427 -92.30758955858008 10.023541 169.97693 -999.0 -999.0 -999.0 -999.0 -999.0 277.109183390095 -29.20284361173127 277.19291117309297 -29.18654982620584 85.87478182251239 93.5160712622523 -999.0 6231.0 -999.0 -1 -999 {-999.0 -999.0 -999.0 -999.0 -999.0} "" -999.0 -999.0 -999.0 -999.0 -999 -999 "" "" "" "" 0 0 0.0 0.0 -999 ""
FIBERMAP 499 R+7C3 APOGEE 1 1 0 1 0 0 -185.92789335161598 131.6832549714201 143.1 -124.16593421213126 -191.0191855741951 230.34218 74.07066 276.0803471438202 -29.49935594676309 -5.235795 -7.1453795 0.08616095 276.0803292580128 -29.49937719146487 276.16535874358505 -29.485726502020118 86.74662139944381 99.20050455038839 16000.0 16600.0 2016.0 2 17 {-999.0 16.026276 14.429622 13.603397 -999.0} sdss_psfmag_from_g3xp 15.33522 14.212428 13.169565 10.648 63050395262977165 1152038548 bright_1x1 mwm_galactic_core_dist_apogee_sparse mwm_galactic science 0 0 0.0 0.0 -999 ""
FIBERMAP 499 R+7C3 BOSS 0 0 0 1 0 0 -186.32916831621515 132.2885041630934 143.1 -124.75469155545451 -191.44423943537913 230.34218 74.07066 -999.0 -999.0 -999.0 -999.0 -999.0 276.0782694928309 -29.50067453201177 276.16329011432344 -29.4870274802735 86.74823924391883 99.22733635323465 -999.0 5400.0 -999.0 1 27 {-999.0 -999.0 -999.0 -999.0 -999.0} "" -999.0 -999.0 -999.0 -999.0 -999 -999 "" "" "" "" 0 0 0.0 0.0 -999 ""
FIBERMAP 499 R+7C3 METROLOGY 0 0 0 1 0 0 -185.5641957417481 132.3380781209062 143.1 -124.83470121655384 -190.68187990025046 230.34218 74.07066 -999.0 -999.0 -999.0 -999.0 -999.0 276.0779746012887 -29.498404171455462 276.1629914245797 -29.484758607891575 86.74878950885679 99.18825862852327 -999.0 6231.0 -999.0 -1 -999 {-999.0 -999.0 -999.0 -999.0 -999.0} "" -999.0 -999.0 -999.0 -999.0 -999 -999 "" "" "" "" 0 0 0.0 0.0 -999 ""
FIBERMAP 500 R-7C10 APOGEE 1 1 0 1 0 0 1.628630167868231 -140.4225199777202 143.1 140.24052352080997 7.2218042313285915 344.0223 113.90863 277.0002155091743 -28.901323833911004 -3.0907273 -9.874679 0.09269402 277.0002050124652 -28.901353193388694 277.0829498450981 -28.885378584028714 85.96637774613174 89.26141635576316 16000.0 16600.0 2016.0 2 190 {-999.0 15.493443 13.704781 12.5884285 -999.0} sdss_psfmag_gaia 14.612134 13.271825 12.141677 9.39 63050395245680639 1154354347 bright_1x1 mwm_galactic_core_dist_apogee_sparse mwm_galactic science 0 0 0.0 0.0 -999 ""
FIBERMAP 500 R-7C10 BOSS 0 0 0 1 0 0 1.7372177118486647 -141.12615890799844 143.1 140.93924942033533 7.358334686298846 344.0223 113.90863 -999.0 -999.0 -999.0 -999.0 -999.0 277.00271178600246 -28.900932678003095 277.0854372849417 -28.884952383431944 85.9641806041164 89.25697241658327 -999.0 5400.0 -999.0 1 388 {-999.0 -999.0 -999.0 -999.0 -999.0} "" -999.0 -999.0 -999.0 -999.0 -999 -999 "" "" "" "" 0 0 0.0 0.0 -999 ""
FIBERMAP 500 R-7C10 METROLOGY 0 0 0 1 0 0 1.0443324151349245 -140.88785340911278 143.1 140.72874770468462 6.656532988235408 344.0223 113.90863 -999.0 -999.0 -999.0 -999.0 -999.0 277.002000012488 -28.90306186918374 277.0847378213639 -28.887082945812562 85.96490226019105 89.28675748351827 -999.0 6231.0 -999.0 -1 -999 {-999.0 -999.0 -999.0 -999.0 -999.0} "" -999.0 -999.0 -999.0 -999.0 -999 -999 "" "" "" "" 0 0 0.0 0.0 -999 ""
FIBERMAP 502 R+1C22 APOGEE 1 1 0 1 0 0 171.23879620027122 7.933652977101977 143.1 -14.749310926047633 170.77990278264318 296.82852 4.1784434 276.46515615217834 -28.404936264933053 -6.9347234 -17.586893 4.2079425 276.46513271173893 -28.404988554430524 276.5463407277245 -28.39046464605295 86.37514173859502 81.04592554797688 16000.0 16600.0 2016.0 2 81 {-999.0 10.653798 10.324841 10.209148 -999.0} sdss_psfmag_from_g3xp 10.601898 10.325037 9.881276 9.176 63050395264284570 975029120 "" ops_std_apogee ops_std standard_apogee 0 0 0.0 0.0 -999 ""
FIBERMAP 502 R+1C22 BOSS 0 0 0 1 0 0 170.84470593640472 8.59022470455147 143.1 -15.389634246322581 170.35998290418402 296.82852 4.1784434 -999.0 -999.0 -999.0 -999.0 -999.0 276.46292808318276 -28.406184574877177 276.5441268282052 -28.391668751106714 86.37728195742193 81.05880406129597 -999.0 5400.0 -999.0 1 245 {-999.0 -999.0 -999.0 -999.0 -999.0} "" -999.0 -999.0 -999.0 -999.0 -999 -999 "" "" "" "" 0 0 0.0 0.0 -999 ""
FIBERMAP 502 R+1C22 METROLOGY 0 0 0 1 0 0 171.60348288749242 8.590925149851317 143.1 -15.420564316817623 171.11809913824695 296.82852 4.1784434 -999.0 -999.0 -999.0 -999.0 -999.0 276.4628247831186 -28.40387337766916 276.544020074536 -28.38935737369461 86.37693654636476 81.02260563106165 -999.0 6231.0 -999.0 -1 -999 {-999.0 -999.0 -999.0 -999.0 -999.0} "" -999.0 -999.0 -999.0 -999.0 -999 -999 "" "" "" "" 0 0 0.0 0.0 -999 ""
FIBERMAP 504 R+7C15 APOGEE 0 0 0 1 0 0 101.49224813676304 147.5426596642834 143.1 -151.4631336826036 95.5294011181563 76.15125 127.94456 -999.0 -999.0 -999.0 -999.0 -999.0 275.9921354075387 -28.630933475566252 276.0742252897975 -28.617614804411783 86.82191301542657 83.66957227267903 -999.0 16600.0 -999.0 2 -999 {-999.0 -999.0 -999.0 -999.0 -999.0} "" -999.0 -999.0 -999.0 -999.0 -999 -999 "" "" "" "" 0 0 0.0 0.0 -999 ""
FIBERMAP 504 R+7C15 BOSS 1 1 0 1 0 0 102.16867778785678 147.8377552832698 143.1 -151.7849326302136 96.19350981734077 76.15125 127.94456 275.99103003587885 -28.62883076065375 -8.573771 -17.026709 0.523887 275.9910009936062 -28.628881384604888 276.07307061818744 -28.615567598720265 86.82262864066408 83.63043680966929 5400.0 5400.0 2016.0 1 195 {-999.0 16.214205 15.561661 15.377946 -999.0} sdss_psfmag_ps1 15.999937 15.536984 14.888873 13.662 63050395264095380 1073322607 bright_1x1 mwm_halo_local_high_boss_single mwm_halo science 0 0 0.0 0.0 -999 ""
FIBERMAP 504 R+7C15 METROLOGY 0 0 0 1 0 0 102.09726831783676 147.10283151910664 143.1 -151.04777677987684 96.15143978350694 76.15125 127.94456 -999.0 -999.0 -999.0 -999.0 -999.0 275.99351299623623 -28.629009498575233 276.0755864053692 -28.615688666642175 86.82045925421674 83.63821135237708 -999.0 6231.0 -999.0 -1 -999 {-999.0 -999.0 -999.0 -999.0 -999.0} "" -999.0 -999.0 -999.0 -999.0 -999 -999 "" "" "" "" 0 0 0.0 0.0 -999 ""
FIBERMAP 508 R-3C10 APOGEE 0 0 0 1 0 0 -69.19245064863568 -44.5174281930676 143.1 47.23697727434244 -67.3611392181867 175.93484 66.95205 -999.0 -999.0 -999.0 -999.0 -999.0 276.67767200425317 -29.127679171337455 276.76127355934534 -29.112516858135308 86.25279715078977 92.51700739034231 -999.0 16600.0 -999.0 2 -999 {-999.0 -999.0 -999.0 -999.0 -999.0} "" -999.0 -999.0 -999.0 -999.0 -999 -999 "" "" "" "" 0 0 0.0 0.0 -999 ""
FIBERMAP 508 R-3C10 BOSS 1 1 0 1 0 0 -68.85596675207607 -43.82185887479485 143.1 46.52858229649322 -67.05264791777049 175.93484 66.95205 276.67527463344896 -29.126760197174757 -3.9751415 -6.8628182 1.3834386 276.6752611036056 -29.126780601763404 276.75884373441215 -29.111624593145947 86.25492661717502 92.50359397079612 5400.0 5400.0 2016.0 1 494 {-999.0 18.24593 16.949799 16.4965 -999.0} sdss_psfmag_ps1 17.622911 16.852167 15.965907 14.193 63050395245531446 1096275589 bright_1x1 mwm_bin_vis_boss mwm_filler science 0 0 0.0 0.0 -999 ""
FIBERMAP 508 R-3C10 METROLOGY 0 0 0 1 0 0 -68.4457925349932 -44.472708196109544 143.1 47.16254718700087 -66.61688548461711 175.93484 66.95205 -999.0 -999.0 -999.0 -999.0 -999.0 276.67746671273045 -29.125466319164577 276.76104925721086 -29.110304730774953 86.25300922860195 92.4831810064967 -999.0 6231.0 -999.0 -1 -999 {-999.0 -999.0 -999.0 -999.0 -999.0} "" -999.0 -999.0 -999.0 -999.0 -999 -999 "" "" "" "" 0 0 0.0 0.0 -999 ""
FIBERMAP 510 R-3C24 APOGEE 1 1 0 1 0 0 243.19463644905483 -54.561953664868724 143.1 44.827403666991316 245.16560181670272 179.82016 101.17126 276.6706016988725 -28.18135525864569 -3.2205315 -4.7923946 0.17922749 276.6705908358233 -28.1813695074336 276.7509966118092 -28.16633713783278 86.15111075864417 78.27721141603558 16000.0 16600.0 2016.0 2 238 {-999.0 15.557778 13.91045 12.209376 -999.0} sdss_psfmag_from_g3xp 14.878459 12.94964 11.649628 8.579 63050395266616132 1152043171 bright_1x1 mwm_galactic_core_dist_apogee_sparse mwm_galactic science 0 0 0.0 0.0 -999 ""
FIBERMAP 510 R-3C24 BOSS 0 0 0 1 0 0 242.99108176850672 -53.85262392614774 143.1 44.126775262847445 244.9339567007812 179.82016 101.17126 -999.0 -999.0 -999.0 -999.0 -999.0 276.6682057832061 -28.18203723236171 276.7485985873974 -28.167014417957354 86.1533252549784 78.2795166619793 -999.0 5400.0 -999.0 1 348 {-999.0 -999.0 -999.0 -999.0 -999.0} "" -999.0 -999.0 -999.0 -999.0 -999 -999 "" "" "" "" 0 0 0.0 0.0 -999 ""
FIBERMAP 510 R-3C24 METROLOGY 0 0 0 1 0 0 243.71907491288178 -54.04749468594173 143.1 44.29247974201923 245.6691064963198 179.82016 101.17126 -999.0 -999.0 -999.0 -999.0 -999.0 276.6687796608324 -28.17978890844953 276.749169288212 -28.164763899258674 86.15230049088541 78.24872671352728 -999.0 6231.0 -999.0 -1 -999 {-999.0 -999.0 -999.0 -999.0 -999.0} "" -999.0 -999.0 -999.0 -999.0 -999 -999 "" "" "" "" 0 0 0.0 0.0 -999 ""
FIBERMAP 511 R-1C13 APOGEE 1 1 0 1 0 0 -6.388268398840268 -36.216271879417704 143.1 36.4405810697339 -4.940058823313813 317.94708 80.951256 276.64061847437813 -28.938115030929975 -3.3937948 -7.6316633 0.025815722 276.64060694430424 -28.93813772145552 276.72357318577184 -28.923094211166354 86.28242098813571 89.59831868800818 16000.0 16600.0 2016.0 2 180 {-999.0 16.092682 14.447273 12.778767 -999.0} sdss_psfmag_from_g3xp 15.379394 13.507562 12.219623 9.171 63050395263672013 1155755522 bright_1x1 mwm_galactic_core_dist_apogee_extra mwm_galactic science 0 0 0.0 0.0 -999 ""
FIBERMAP 511 R-1C13 BOSS 0 0 0 1 0 0 -6.969763714010502 -36.67861069501357 143.1 36.925701484194384 -5.502649273650181 317.94708 80.951256 -999.0 -999.0 -999.0 -999.0 -999.0 276.64232920767773 -28.939851881730323 276.72528492058973 -28.924804278797545 86.28099714732718 89.6256501403613 -999.0 5400.0 -999.0 1 431 {-999.0 -999.0 -999.0 -999.0 -999.0} "" -999.0 -999.0 -999.0 -999.0 -999 -999 "" "" "" "" 0 0 0.0 0.0 -999 ""
FIBERMAP 511 R-1C13 METROLOGY 0 0 0 1 0 0 -7.082140822178258 -35.94198660396148 143.1 36.194168912032154 -5.644280284446833 317.94708 80.951256 -999.0 -999.0 -999.0 -999.0 -999.0 276.63978868191407 -28.940278509442603 276.72275103113805 -28.925237298494295 86.28323130972025 89.63087170648885 -999.0 6231.0 -999.0 -1 -999 {-999.0 -999.0 -999.0 -999.0 -999.0} "" -999.0 -999.0 -999.0 -999.0 -999 -999 "" "" "" "" 0 0 0.0 0.0 -999 ""
FIBERMAP 512 R+9C8 APOGEE 1 1 0 1 0 0 -49.1968082608515 175.95852049018816 143.1 -173.85173764515275 -56.16609038532596 193.6803 96.707794 275.91064453125 -29.09018611998374 -999.0 -999.0 -999.0 275.91064453125 -29.09018611998374 275.99431462550734 -29.077025795771128 86.92319326108212 91.99109844298201 16000.0 16600.0 2015.5 2 134 {-999.0 -999.0 -999.0 -999.0 -999.0} "" -999.0 -999.0 -999.0 -999.0 27021603147107499 848843638 "" ops_sky_apogee_good ops_sky sky_apogee 0 0 0.0 0.0 -999 ""
FIBERMAP 512 R+9C8 BOSS 0 0 0 1 0 0 -49.479712898124575 176.64844624559234 143.1 -174.52981689037722 -56.47624621267654 193.6803 96.707794 -999.0 -999.0 -999.0 -999.0 -999.0 275.90823972314814 -29.09112540572028 275.99190044006934 -29.077971178079455 86.92529833639767 92.00891763176372 -999.0 5400.0 -999.0 1 129 {-999.0 -999.0 -999.0 -999.0 -999.0} "" -999.0 -999.0 -999.0 -999.0 -999 -999 "" "" "" "" 0 0 0.0 0.0 -999 ""
FIBERMAP 512 R+9C8 METROLOGY 0 0 0 1 0 0 -48.732206765282626 176.54292322366396 143.1 -174.45416304537446 -55.72515937921504 193.6803 96.707794 -999.0 -999.0 -999.0 -999.0 -999.0 275.9084891594515 -29.088858893790594 275.99214581535034 -29.075704305977396 86.92509496623185 91.96663749952415 -999.0 6231.0 -999.0 -1 -999 {-999.0 -999.0 -999.0 -999.0 -999.0} "" -999.0 -999.0 -999.0 -999.0 -999 -999 "" "" "" "" 0 0 0.0 0.0 -999 ""
FIBERMAP 513 R+2C25 APOGEE 1 1 0 1 0 0 256.6547069870953 32.9660609666795 143.1 -43.163872371992476 255.12726892924408 209.77141 113.69405 276.36874385348614 -28.150655830103723 -1.3775398 -4.2994647 0.04838903 276.36873920829333 -28.15066861330851 276.4491192493348 -28.136425505614607 86.40144599210694 76.80981002839724 16000.0 16600.0 2016.0 2 108 {-999.0 16.14937 14.610735 13.840511 -999.0} sdss_psfmag_ps1 15.466803 14.3955 13.266879 10.886 63050395264403130 1153378964 bright_1x1 mwm_galactic_core_dist_apogee_sparse mwm_galactic science 0 0 0.0 0.0 -999 ""
FIBERMAP 513 R+2C25 BOSS 0 0 0 1 0 0 256.06060751695287 33.38027139867436 143.1 -43.554068015232424 254.51716249486088 209.77141 113.69405 -999.0 -999.0 -999.0 -999.0 -999.0 276.3674026136229 -28.152484652536366 276.4477743315865 -28.138248314953668 86.40306536059242 76.83294093446574 -999.0 5400.0 -999.0 1 184 {-999.0 -999.0 -999.0 -999.0 -999.0} "" -999.0 -999.0 -999.0 -999.0 -999 -999 "" "" "" "" 0 0 0.0 0.0 -999 ""
FIBERMAP 513 R+2C25 METROLOGY 0 0 0 1 0 0 256.7418062084045 33.706965500992645 143.1 -43.90762909535622 255.18477735119978 209.77141 113.69405 -999.0 -999.0 -999.0 -999.0 -999.0 276.3661896079253 -28.150432893412432 276.4465589462501 -28.136198967616384 86.40356681421171 76.79695242639002 -999.0 6231.0 -999.0 -1 -999 {-999.0 -999.0 -999.0 -999.0 -999.0} "" -999.0 -999.0 -999.0 -999.0 -999 -999 "" "" "" "" 0 0 0.0 0.0 -999 ""
FIBERMAP 516 R+10C9 APOGEE 0 0 0 1 0 0 -3.9048664098289594 204.27990016374986 143.1 -203.95396056628655 -12.040265223875647 92.83788 134.67665 -999.0 -999.0 -999.0 -999.0 -999.0 275.807960160012 -28.955660739088025 275.89119680914587 -28.94278388847674 87.01110047697078 89.42503380051454 -999.0 16600.0 -999.0 2 -999 {-999.0 -999.0 -999.0 -999.0 -999.0} "" -999.0 -999.0 -999.0 -999.0 -999 -999 "" "" "" "" 0 0 0.0 0.0 -999 ""
FIBERMAP 516 R+10C9 BOSS 1 1 0 1 0 0 -3.4131818390181503 204.8212370669382 143.1 -204.51443506143764 -11.57055795640045 92.83788 134.67665 275.8059834691451 -28.954219443141465 3.3788183 -1.6897641 -1.1862696 275.8059949501205 -28.95422446716204 275.8892143980618 -28.941353349358316 87.01277795063072 89.39630879258719 5400.0 5400.0 2016.0 1 126 {-999.0 15.02705 14.629072 14.217384 -999.0} sdss_psfmag_from_g3xp 14.904472 14.790059 13.829458 12.619 63050395263483382 1093127472 bright_3x1 mwm_astar_core_boss mwm_ob science 0 0 0.0 0.0 -999 ""
FIBERMAP 516 R+10C9 METROLOGY 0 0 0 1 0 0 -3.174378294945714 204.11901097576504 143.1 -203.8223087200908 -11.303976388412831 92.83788 134.67665 -999.0 -999.0 -999.0 -999.0 -999.0 275.8083508244086 -28.953437575779034 275.89157064650135 -28.940560286511573 87.01068622273577 89.3826714131003 -999.0 6231.0 -999.0 -1 -999 {-999.0 -999.0 -999.0 -999.0 -999.0} "" -999.0 -999.0 -999.0 -999.0 -999 -999 "" "" "" "" 0 0 0.0 0.0 -999 ""
FIBERMAP 517 R+13C10 APOGEE 1 1 0 1 0 0 43.7376858139435 261.8266534874493 143.1 -263.3508335063737 33.2698504130879 159.76215 97.66631 275.6055334145885 -28.81681317640222 1.2800823 -5.9625897 0.12977251 275.60553775846336 -28.816830904424474 275.6883507306975 -28.804498136825366 87.17961439336894 86.47798758725969 16000.0 16600.0 2016.0 2 97 {-999.0 16.391663 14.675784 13.783036 -999.0} sdss_psfmag_from_g3xp 15.61626 14.4166155 13.338439 10.816 63050395263580981 1152039380 bright_1x1 mwm_galactic_core_dist_apogee_sparse mwm_galactic science 0 0 0.0 0.0 -999 ""
FIBERMAP 517 R+13C10 BOSS 0 0 0 1 0 0 43.94075174386054 262.5512205673361 143.1 -264.08288659608303 33.44387972453777 159.76215 97.66631 -999.0 -999.0 -999.0 -999.0 -999.0 275.60305206613424 -28.81628289270557 275.68585181061087 -28.80395760569393 87.18174763675765 86.46309750118036 -999.0 5400.0 -999.0 1 171 {-999.0 -999.0 -999.0 -999.0 -999.0} "" -999.0 -999.0 -999.0 -999.0 -999 -999 "" "" "" "" 0 0 0.0 0.0 -999 ""
FIBERMAP 517 R+13C10 METROLOGY 0 0 0 1 0 0 44.459121427515086 262.0120658819381 143.1 -263.5648337732825 33.983297397412706 159.76215 97.66631 -999.0 -999.0 -999.0 -999.0 -999.0 275.6047868245278 -28.81466013647891 275.6875840437575 -28.802330255468434 87.18009093882043 86.43288677953944 -999.0 6231.0 -999.0 -1 -999 {-999.0 -999.0 -999.0 -999.0 -999.0} "" -999.0 -999.0 -999.0 -999.0 -999 -999 "" "" "" "" 0 0 0.0 0.0 -999 ""
FIBERMAP 519 R-5C15 APOGEE 0 0 0 1 0 0 83.3667923319235 -112.25305370011561 143.1 108.83804415674877 87.76950633631044 310.2122 93.52256 -999.0 -999.0 -999.0 -999.0 -999.0 276.89134719168027 -28.657086757604375 276.973294698014 -28.64142405135268 86.04204907868181 85.65788040506118 -999.0 16600.0 -999.0 2 -999 {-999.0 -999.0 -999.0 -999.0 -999.0} "" -999.0 -999.0 -999.0 -999.0 -999 -999 "" "" "" "" 0 0 0.0 0.0 -999 ""
FIBERMAP 519 R-5C15 BOSS 1 1 0 1 0 0 82.85863882330058 -112.7586074411603 143.1 109.3634214665881 87.28191823947841 310.2122 93.52256 276.8932461504501 -28.658508474067908 -2.2197776 -4.923291 0.15934381 276.8932386291853 -28.65852311203882 276.9751736173043 -28.64285699808401 86.04057290763477 85.68120731718092 5400.0 5400.0 2016.0 1 281 {-999.0 15.482723 15.248119 15.055087 -999.0} sdss_psfmag_ps1 15.272761 15.147265 14.4874735 13.092 63050395263874220 1093353265 bright_3x1 mwm_astar_core_boss mwm_ob science 0 0 0.0 0.0 -999 ""
FIBERMAP 519 R-5C15 METROLOGY 0 0 0 1 0 0 82.64863692087042 -112.0438862495616 143.1 108.65766296784385 87.04361647929134 310.2122 93.52256 -999.0 -999.0 -999.0 -999.0 -999.0 276.8908114996082 -28.659234599330738 276.9727543669393 -28.643574233213545 86.04276352562577 85.68805682403718 -999.0 6231.0 -999.0 -1 -999 {-999.0 -999.0 -999.0 -999.0 -999.0} "" -999.0 -999.0 -999.0 -999.0 -999 -999 "" "" "" "" 0 0 0.0 0.0 -999 ""
FIBERMAP 520 R+1C14 APOGEE 1 1 0 1 0 0 -8.044243151176191 18.290676200150283 143.1 -17.95493367203262 -8.76624780114123 227.88385 64.87534 276.45182240170493 -28.949299328053677 -2.9395747 -3.999214 0.7602253 276.4518124137205 -28.94931121855005 276.5348657649707 -28.934757819254617 86.4479231880279 89.67411061392178 16000.0 16600.0 2016.0 2 121 {-999.0 16.770271 15.525881 15.069796 -999.0} sdss_psfmag_ps1 16.105148 15.456163 14.492457 12.63 63050395263684312 916996464 bright_3x1 mwm_yso_variable_apogee mwm_yso science 0 0 0.0 0.0 -999 ""
FIBERMAP 520 R+1C14 BOSS 0 0 0 1 0 0 -8.289617887833924 18.99820858692789 143.1 -18.652100082646346 -9.03960648798173 227.88385 64.87534 -999.0 -999.0 -999.0 -999.0 -999.0 276.44939079296205 -28.950139231239806 276.53243263717695 -28.93559255318775 86.45008419553818 89.68620544781851 -999.0 5400.0 -999.0 1 101 {-999.0 -999.0 -999.0 -999.0 -999.0} "" -999.0 -999.0 -999.0 -999.0 -999 -999 "" "" "" "" 0 0 0.0 0.0 -999 ""
FIBERMAP 520 R+1C14 METROLOGY 0 0 0 1 0 0 -7.552622936345983 18.859871435320425 143.1 -18.543240701666218 -8.2977147315861 227.88385 64.87534 -999.0 -999.0 -999.0 -999.0 -999.0 276.449771624132 -28.947887778166827 276.5328100198491 -28.933340229977265 86.44966387736912 89.65007485524018 -999.0 6231.0 -999.0 -1 -999 {-999.0 -999.0 -999.0 -999.0 -999.0} "" -999.0 -999.0 -999.0 -999.0 -999 -999 "" "" "" "" 0 0 0.0 0.0 -999 ""
FIBERMAP 521 R+12C7 APOGEE 0 0 0 1 0 0 -7.241526231784382 244.39812990450147 143.1 -243.90579730652314 -16.972480904594427 80.36568 66.34099 -999.0 -999.0 -999.0 -999.0 -999.0 275.67037178808226 -28.969402094104495 275.75368835342454 -28.956882334327158 87.13186278338276 89.61439866730046 -999.0 16600.0 -999.0 2 -999 {-999.0 -999.0 -999.0 -999.0 -999.0} "" -999.0 -999.0 -999.0 -999.0 -999 -999 "" "" "" "" 0 0 0.0 0.0 -999 ""
FIBERMAP 521 R+12C7 BOSS 1 1 0 1 0 0 -6.635847978376174 243.99070883518786 143.1 -243.52284667061704 -16.351075836512457 80.36568 66.34099 275.67169189453125 -28.967535027128207 -999.0 -999.0 -999.0 275.67169189453125 -28.9675350271282 275.7549895000827 -28.955012422107156 87.13065993688647 89.57785009258058 5400.0 5400.0 2015.5 1 162 {-999.0 -999.0 -999.0 -999.0 -999.0} "" -999.0 -999.0 -999.0 -999.0 27021603147108240 852461741 "" ops_sky_boss_fallback ops_sky sky_boss 0 0 0.0 0.0 -999 ""
FIBERMAP 521 R+12C7 METROLOGY 0 0 0 1 0 0 -7.2816525151189975 243.6512108337971 143.1 -243.15790249782617 -16.98281594006156 80.36568 66.34099 -999.0 -999.0 -999.0 -999.0 -999.0 275.6728742784881 -28.9694608075466 275.7561816440441 -28.956934781136763 87.12968429483969 89.61694698280724 -999.0 6231.0 -999.0 -1 -999 {-999.0 -999.0 -999.0 -999.0 -999.0} "" -999.0 -999.0 -999.0 -999.0 -999 -999 "" "" "" "" 0 0 0.0 0.0 -999 ""
FIBERMAP 522 R-4C13 APOGEE 0 0 0 1 0 0 36.3892540246303 -71.6710893755471 143.1 70.16154298702655 39.21433262131303 37.919075 102.49941 -999.0 -999.0 -999.0 -999.0 -999.0 276.757682187731 -28.804237888840838 276.8401631511832 -28.78890553032117 86.17238560601548 87.65607916766567 -999.0 16600.0 -999.0 2 -999 {-999.0 -999.0 -999.0 -999.0 -999.0} "" -999.0 -999.0 -999.0 -999.0 -999 -999 "" "" "" "" 0 0 0.0 0.0 -999 ""
FIBERMAP 522 R-4C13 BOSS 1 1 0 1 0 0 36.951272926572905 -72.15329980562969 143.1 70.62096002966221 39.79509441022733 37.919075 102.49941 276.7593383789062 -28.80245218083961 -999.0 -999.0 -999.0 276.7593383789062 -28.80245218083962 276.84179651618086 -28.787116845281677 86.17081913864789 87.63104106272635 5400.0 5400.0 2015.5 1 406 {-999.0 -999.0 -999.0 -999.0 -999.0} "" -999.0 -999.0 -999.0 -999.0 27021603147109115 852461964 "" ops_sky_boss_fallback ops_sky sky_boss 0 0 0.0 0.0 -999 ""
FIBERMAP 522 R-4C13 METROLOGY 0 0 0 1 0 0 36.266133690472984 -72.40888311373759 143.1 70.9036266151974 39.12070919136766 37.919075 102.49941 -999.0 -999.0 -999.0 -999.0 -999.0 276.7603182490545 -28.804497431599454 276.8427876864987 -28.789158982472934 86.17011207795957 87.66253702514928 -999.0 6231.0 -999.0 -1 -999 {-999.0 -999.0 -999.0 -999.0 -999.0} "" -999.0 -999.0 -999.0 -999.0 -999 -999 "" "" "" "" 0 0 0.0 0.0 -999 ""
FIBERMAP 525 R+2C1 APOGEE 1 1 0 1 0 0 -282.68269531353366 56.04585722887343 143.1 -44.736837533291826 -284.6798478837181 204.23064 19.709717 276.3554970313238 -29.78266405817732 1.201004 -5.0230417 0.12706035 276.3555011455892 -29.782678992727472 276.4414363749946 -29.76827810026258 86.4637427380617 103.25101540858643 16000.0 16600.0 2016.0 2 4 {-999.0 15.569005 13.898462 11.990718 -999.0} sdss_psfmag_from_g3xp 14.869134 12.73299 11.386765 8.127 63050395244864384 1152010233 bright_1x1 mwm_galactic_core_dist_apogee_sparse mwm_galactic science 0 0 0.0 0.0 -999 ""
FIBERMAP 525 R+2C1 BOSS 0 0 0 1 0 0 -282.1609497074311 56.59768986793607 143.1 -45.3089966638669 -284.18052280901685 204.23064 19.709717 -999.0 -999.0 -999.0 -999.0 -999.0 276.3535351885995 -29.781145663473563 276.4394507163919 -29.766747476761367 86.46573279409812 103.23214856715549 -999.0 5400.0 -999.0 1 4 {-999.0 -999.0 -999.0 -999.0 -999.0} "" -999.0 -999.0 -999.0 -999.0 -999 -999 "" "" "" "" 0 0 0.0 0.0 -999 ""
FIBERMAP 525 R+2C1 METROLOGY 0 0 0 1 0 0 -281.96706958902274 55.852816937911214 143.1 -44.57246926962533 -283.9571281209356 204.23064 19.709717 -999.0 -999.0 -999.0 -999.0 -999.0 276.3560858927621 -29.780548109999728 276.44200291969116 -29.766144087670984 86.46367810798318 103.2155263380775 -999.0 6231.0 -999.0 -1 -999 {-999.0 -999.0 -999.0 -999.0 -999.0} "" -999.0 -999.0 -999.0 -999.0 -999 -999 "" "" "" "" 0 0 0.0 0.0 -999 ""
FIBERMAP 526 R+6C6 APOGEE 0 0 0 1 0 0 -101.34268743453121 122.78185367283628 143.1 -118.64189088756284 -106.14988458334108 25.16129 122.631294 -999.0 -999.0 -999.0 -999.0 -999.0 276.100811189422 -29.24304546587527 276.1849562694241 -29.22937160436002 86.75253673441559 94.66926142525665 -999.0 16600.0 -999.0 2 -999 {-999.0 -999.0 -999.0 -999.0 -999.0} "" -999.0 -999.0 -999.0 -999.0 -999 -999 "" "" "" "" 0 0 0.0 0.0 -999 ""
FIBERMAP 526 R+6C6 BOSS 1 1 0 1 0 0 -100.70568731585097 122.36542900380459 143.1 -118.2511920460546 -105.49682506227498 25.16129 122.631294 276.10216912996935 -29.241085900851598 -10.067486 -12.05813 0.11459521 276.10213482593025 -29.241121752182256 276.1862590162401 -29.22744407031717 86.75149694186298 94.6342864735556 5400.0 5400.0 2016.0 1 56 {-999.0 16.612055 15.763984 15.351972 -999.0} sdss_psfmag_ps1 16.265974 15.663613 14.88268 13.322 63050395263053051 1093353407 bright_3x1 mwm_astar_core_boss mwm_ob science 0 0 0.0 0.0 -999 ""
FIBERMAP 526 R+6C6 METROLOGY 0 0 0 1 0 0 -101.36662984885962 122.03424082008947 143.1 -117.89394765219478 -106.14402160618647 25.16129 122.631294 -999.0 -999.0 -999.0 -999.0 -999.0 276.1033437780308 -29.24310232183287 276.1874784272302 -29.229421419706462 86.75033597709708 94.66819988757777 -999.0 6231.0 -999.0 -1 -999 {-999.0 -999.0 -999.0 -999.0 -999.0} "" -999.0 -999.0 -999.0 -999.0 -999 -999 "" "" "" "" 0 0 0.0 0.0 -999 ""
FIBERMAP 527 R0C23 APOGEE 1 1 0 1 0 0 201.77382126471545 19.02728514374547 143.1 -27.050228091278655 200.84748386931278 134.26675 62.108566 276.4231905513035 -28.3141132529196 -1.3625481 -3.3007452 0.12619492 276.4231859496207 -28.314123066723255 276.5041004412201 -28.299718974478886 86.39320773224567 79.51752980681515 16000.0 16600.0 2016.0 2 84 {-999.0 15.256614 13.840625 13.1966505 -999.0} sdss_psfmag_from_g3xp 14.682078 13.739405 12.7892885 10.517 63050395264306212 1152040044 bright_1x1 mwm_galactic_core_dist_apogee_sparse mwm_galactic science 0 0 0.0 0.0 -999 ""
FIBERMAP 527 R0C23 BOSS 0 0 0 1 0 0 202.4621475121123 19.279496305187116 143.1 -27.32965231525688 201.52518779024413 134.26675 62.108566 -999.0 -999.0 -999.0 -999.0 -999.0 276.4222416862226 -28.31202107608569 276.50313441194 -28.297622601307964 86.39358703737548 79.48207447330066 -999.0 5400.0 -999.0 1 257 {-999.0 -999.0 -999.0 -999.0 -999.0} "" -999.0 -999.0 -999.0 -999.0 -999 -999 "" "" "" "" 0 0 0.0 0.0 -999 ""
FIBERMAP 527 R0C23 METROLOGY 0 0 0 1 0 0 202.33582394150696 18.545030753855976 143.1 -26.59076647907655 201.42823119799726 134.26675 62.108566 -999.0 -999.0 -999.0 -999.0 -999.0 276.4247743164559 -28.312292264501984 276.50567155166686 -28.29788633811685 86.39146242042486 79.49381868224657 -999.0 6231.0 -999.0 -1 -999 {-999.0 -999.0 -999.0 -999.0 -999.0} "" -999.0 -999.0 -999.0 -999.0 -999 -999 "" "" "" "" 0 0 0.0 0.0 -999 ""
FIBERMAP 529 R-10C15 APOGEE 1 1 0 1 0 0 143.99985959329504 -213.8540912892369 143.1 207.93868350969055 152.3998634123011 9.684412 22.694103 277.2312512794884 -28.461814831484443 2.0347784 -6.08872 0.2618537 277.23125816105016 -28.461832934517677 277.3124552118267 -28.445309562085416 85.72055513724347 83.50504728302775 16000.0 16600.0 2016.0 2 228 {-999.0 13.6588545 12.102848 11.290172 -999.0} sdss_psfmag_from_g3xp 12.992609 11.894417 10.859338 8.415 63050395247152053 1152012500 bright_1x1 mwm_galactic_core_dist_apogee_sparse mwm_galactic science 0 0 0.0 0.0 -999 ""
FIBERMAP 529 R-10C15 BOSS 0 0 0 1 0 0 143.379113236762 -214.25620914626418 143.1 208.3651969783282 151.7956554099953 9.684412 22.694103 -999.0 -999.0 -999.0 -999.0 -999.0 277.23275856240286 -28.463648746180297 277.31394335041966 -28.447123709299436 85.71953990298475 83.53175394796335 -999.0 5400.0 -999.0 1 330 {-999.0 -999.0 -999.0 -999.0 -999.0} "" -999.0 -999.0 -999.0 -999.0 -999 -999 "" "" "" "" 0 0 0.0 0.0 -999 ""
FIBERMAP 529 R-10C15 METROLOGY 0 0 0 1 0 0 143.34414317435355 -213.50738370733563 143.1 207.6183892827206 151.73088077810667 9.684412 22.694103 -999.0 -999.0 -999.0 -999.0 -999.0 277.2302415571887 -28.463815307620678 277.3114327181379 -28.447296095883505 85.72174779175701 83.5295133213449 -999.0 6231.0 -999.0 -1 -999 {-999.0 -999.0 -999.0 -999.0 -999.0} "" -999.0 -999.0 -999.0 -999.0 -999 -999 "" "" "" "" 0 0 0.0 0.0 -999 ""
FIBERMAP 530 R+6C5 APOGEE 1 1 0 1 0 0 -129.41556607738144 125.88499162838554 143.1 -120.62399756162917 -134.322981992002 39.692234 136.0738 276.093461157751 -29.3282634820671 0.30213448 0.8463144 0.15736786 276.0934621881251 -29.328260965798034 276.17790087625536 -29.314596218366376 86.7533007095821 96.17778337754983 16000.0 16600.0 2016.0 2 30 {-999.0 15.3384 13.872044 13.19641 -999.0} sdss_psfmag_from_g3xp 14.734476 13.7538595 12.78195 10.444 63050395263037914 1155755060 bright_1x1 mwm_galactic_core_dist_apogee_extra mwm_galactic science 0 0 0.0 0.0 -999 ""
FIBERMAP 530 R+6C5 BOSS 0 0 0 1 0 0 -128.67262885281912 125.84762571717964 143.1 -120.61626195661269 -133.5791756838098 39.692234 136.0738 -999.0 -999.0 -999.0 -999.0 -999.0 276.0934664861259 -29.326058534125863 276.1778837690631 -29.31239311246314 86.75348283108875 96.1390146458217 -999.0 5400.0 -999.0 1 50 {-999.0 -999.0 -999.0 -999.0 -999.0} "" -999.0 -999.0 -999.0 -999.0 -999 -999 "" "" "" "" 0 0 0.0 0.0 -999 ""
FIBERMAP 530 R+6C5 METROLOGY 0 0 0 1 0 0 -129.0774951282451 125.2139735464718 143.1 -119.96700808593134 -133.9584591558832 39.692234 136.0738 -999.0 -999.0 -999.0 -999.0 -999.0 276.0956920119702 -29.327239414686044 276.18011671656586 -29.313568313018997 86.75145239459177 96.15709753151589 -999.0 6231.0 -999.0 -1 -999 {-999.0 -999.0 -999.0 -999.0 -999.0} "" -999.0 -999.0 -999.0 -999.0 -999 -999 "" "" "" "" 0 0 0.0 0.0 -999 ""
FIBERMAP 531 R-4C14 APOGEE 0 0 0 1 0 0 53.51449883069969 -85.6119336739438 143.1 83.40847894815866 56.880708258377105 304.90308 128.24554 -999.0 -999.0 -999.0 -999.0 -999.0 276.80354362887925 -28.75067525901765 276.88583101704 -28.735229905488183 86.1279671207446 86.90976518942495 -999.0 16600.0 -999.0 2 -999 {-999.0 -999.0 -999.0 -999.0 -999.0} "" -999.0 -999.0 -999.0 -999.0 -999 -999 "" "" "" "" 0 0 0.0 0.0 -999 ""
FIBERMAP 531 R-4C14 BOSS 1 1 0 1 0 0 53.34380116316966 -86.30793875081174 143.1 84.11070428079131 56.73788228421291 304.90308 128.24554 276.8060424892686 -28.75107331578595 0.11042352 -1.5313249 0.05476467 276.80604286374734 -28.751077868734004 276.8883144287039 -28.735627287094015 86.12583469220492 86.9185552695425 5400.0 5400.0 2016.0 1 270 {-999.0 15.448105 14.962001 14.673237 -999.0} sdss_psfmag_from_g3xp 15.31713 15.046976 14.322787 13.36 63050395263863024 1093127586 bright_3x1 mwm_astar_core_boss mwm_ob science 0 0 0.0 0.0 -999 ""
FIBERMAP 531 R-4C14 METROLOGY 0 0 0 1 0 0 52.7900218286347 -85.7980285160943 143.1 83.62328226464057 56.16424961123664 304.90308 128.24554 -999.0 -999.0 -999.0 -999.0 -999.0 276.8043608073996 -28.752812080688628 276.88664339263937 -28.73736529033367 86.12745144995945 86.94221165757608 -999.0 6231.0 -999.0 -1 -999 {-999.0 -999.0 -999.0 -999.0 -999.0} "" -999.0 -999.0 -999.0 -999.0 -999 -999 "" "" "" "" 0 0 0.0 0.0 -999 ""
FIBERMAP 534 R-5C9 APOGEE 1 1 0 1 0 0 -56.952009156128696 -111.43919945300712 143.1 113.61526875768388 -52.46469549805813 276.3092 106.35622 276.90814585830105 -29.08248802936878 -7.765024 -3.8075023 0.09509965 276.9081194405324 -29.082499349864197 276.99150501237625 -29.06674284305798 86.05163309356533 91.8329534777713 16000.0 16600.0 2016.0 2 266 {-999.0 15.779596 14.203559 13.314382 -999.0} sdss_psfmag_from_g3xp 15.110607 13.941981 12.887334 10.408 63050395245633141 1155741382 bright_1x1 mwm_galactic_core_dist_apogee_extra mwm_galactic science 0 0 0.0 0.0 -999 ""
FIBERMAP 534 R-5C9 BOSS 0 0 0 1 0 0 -57.63838574756284 -111.72037376822637 143.1 113.92355430485033 -53.13929747652443 276.3092 106.35622 -999.0 -999.0 -999.0 -999.0 -999.0 276.9092698922045 -29.084571146803597 276.992645301946 -29.068811486773644 86.05064892537237 91.86307885350317 -999.0 5400.0 -999.0 1 361 {-999.0 -999.0 -999.0 -999.0 -999.0} "" -999.0 -999.0 -999.0 -999.0 -999 -999 "" "" "" "" 0 0 0.0 0.0 -999 ""
FIBERMAP 534 R-5C9 METROLOGY 0 0 0 1 0 0 -57.54797791558459 -110.97296607894626 143.1 113.17316803268747 -53.07874229352538 276.3092 106.35622 -999.0 -999.0 -999.0 -999.0 -999.0 276.9066771433449 -29.084395490265678 276.9900574676159 -29.068642570452276 86.0529097748869 91.86043567170924 -999.0 6231.0 -999.0 -1 -999 {-999.0 -999.0 -999.0 -999.0 -999.0} "" -999.0 -999.0 -999.0 -999.0 -999 -999 "" "" "" "" 0 0 0.0 0.0 -999 ""
FIBERMAP 536 R+4C9 APOGEE 1 1 0 1 0 0 -50.60010475867225 73.19099608080522 143.1 -71.11401178369802 -53.473885833966364 14.865445 83.699394 276.2666691962986 -29.084293580844296 -4.9247904 -7.2008915 0.05182743 276.266652441133 -29.084314990594837 276.3502132712304 -29.070227820376207 86.61215531604698 91.8580840288782 16000.0 16600.0 2016.0 2 40 {-999.0 17.45475 15.692623 13.859303 -999.0} sdss_psfmag_ps1 16.60516 14.135503 12.710058 9.192 63050395263639456 1153378736 bright_1x1 mwm_galactic_core_dist_apogee_sparse mwm_galactic science 0 0 0.0 0.0 -999 ""
FIBERMAP 536 R+4C9 BOSS 0 0 0 1 0 0 -50.485812624520165 72.44885706626116 143.1 -70.37704518341026 -53.3301216758489 14.865445 83.699394 -999.0 -999.0 -999.0 -999.0 -999.0 276.2691806403886 -29.08392181248787 276.352724972116 -29.069828109962415 86.60995983724972 91.85134015349593 -999.0 5400.0 -999.0 1 66 {-999.0 -999.0 -999.0 -999.0 -999.0} "" -999.0 -999.0 -999.0 -999.0 -999 -999 "" "" "" "" 0 0 0.0 0.0 -999 ""
FIBERMAP 536 R+4C9 METROLOGY 0 0 0 1 0 0 -51.183422253094335 72.72725878450049 143.1 -70.62742145793696 -54.0382412274205 14.865445 83.699394 -999.0 -999.0 -999.0 -999.0 -999.0 276.26828845988257 -29.086071663108388 276.3518444713769 -29.07198002319055 86.61072990476431 91.8877324656217 -999.0 6231.0 -999.0 -1 -999 {-999.0 -999.0 -999.0 -999.0 -999.0} "" -999.0 -999.0 -999.0 -999.0 -999 -999 "" "" "" "" 0 0 0.0 0.0 -999 ""
FIBERMAP 537 R-10C13 APOGEE 0 0 0 1 0 0 73.71931236158981 -180.78897110837642 143.1 177.70116585200822 80.86059157705694 198.75793 43.906654 -999.0 -999.0 -999.0 -999.0 -999.0 277.128773259225 -28.678062495895045 277.21072718177754 -28.661779971018195 85.83715353796191 86.26481555730538 -999.0 16600.0 -999.0 2 -999 {-999.0 -999.0 -999.0 -999.0 -999.0} "" -999.0 -999.0 -999.0 -999.0 -999 -999 "" "" "" "" 0 0 0.0 0.0 -999 ""
FIBERMAP 537 R-10C13 BOSS 1 1 0 1 0 0 74.13557228168717 -180.07038664460902 143.1 176.96659658992476 81.24787542913016 198.75793 43.906654 277.1263443697545 -28.676797198977475 -7.5758014 -22.791853 0.5378815 277.12631869619935 -28.676864963905302 277.20825139426256 -28.660590613450275 85.83918901888572 86.24537373683411 5400.0 5400.0 2016.0 1 378 {-999.0 15.507338 14.536554 14.071463 -999.0} sdss_psfmag_from_g3xp 15.114311 14.573319 13.653182 11.862 63050395247102566 1072566753 bright_1x1 mwm_halo_local_high_boss_single mwm_halo science 0 0 0.0 0.0 -999 ""
FIBERMAP 537 R-10C13 METROLOGY 0 0 0 1 0 0 74.46604434845317 -180.7455020781227 143.1 177.62798274491868 81.60496896163458 198.75793 43.906654 -999.0 -999.0 -999.0 -999.0 -999.0 277.12861124435324 -28.675772455188852 277.2105448010899 -28.659491801016756 85.83707207803769 86.23323760127778 -999.0 6231.0 -999.0 -1 -999 {-999.0 -999.0 -999.0 -999.0 -999.0} "" -999.0 -999.0 -999.0 -999.0 -999 -999 "" "" "" "" 0 0 0.0 0.0 -999 ""
FIBERMAP 538 R+13C9 APOGEE 1 1 0 1 0 0 36.78631742405928 236.69299865254982 143.1 -237.9611924115965 27.325621930942145 301.88065 95.44337 275.69235146930146 -28.83551274245139 -4.907297 -4.3007617 0.11851457 275.6923348137222 -28.835525529511482 275.77519067585047 -28.822964242393148 87.1053580366082 86.97606367823626 16000.0 16600.0 2016.0 2 98 {-999.0 16.078417 14.475616 13.280705 -999.0} sdss_psfmag_from_g3xp 15.3754225 13.970052 12.79712 10.06 63050395263565983 1152039291 bright_1x1 mwm_galactic_core_dist_apogee_sparse mwm_galactic science 0 0 0.0 0.0 -999 ""
FIBERMAP 538 R+13C9 BOSS 0 0 0 1 0 0 36.19289745106514 236.259831242016 143.1 -237.504743986814 26.74995455843211 301.88065 95.44337 -999.0 -999.0 -999.0 -999.0 -999.0 275.69386008992257 -28.837275798520302 275.7767092342783 -28.82471119382525 87.10417208038047 87.0126518653671 -999.0 5400.0 -999.0 1 172 {-999.0 -999.0 -999.0 -999.0 -999.0} "" -999.0 -999.0 -999.0 -999.0 -999 -999 "" "" "" "" 0 0 0.0 0.0 -999 ""
FIBERMAP 538 R+13C9 METROLOGY 0 0 0 1 0 0 36.10172026005387 236.96741362784653 143.1 -238.2081036938499 26.63066282635453 301.88065 95.44337 -999.0 -999.0 -999.0 -999.0 -999.0 275.69139359112586 -28.83761292764527 275.7742479743358 -28.825054467382138 87.10634891464602 87.01601658083678 -999.0 6231.0 -999.0 -1 -999 {-999.0 -999.0 -999.0 -999.0 -999.0} "" -999.0 -999.0 -999.0 -999.0 -999 -999 "" "" "" "" 0 0 0.0 0.0 -999 ""
FIBERMAP 539 R-12C10 APOGEE 0 0 0 1 0 0 45.93410381825837 -214.9590082900989 143.1 212.94968795863693 54.45991396343846 120.75594 76.51214 -999.0 -999.0 -999.0 -999.0 -999.0 277.25036202057436 -28.757866551506716 277.3325520045764 -28.741258585530453 85.7383130142213 87.48001878574064 -999.0 16600.0 -999.0 2 -999 {-999.0 -999.0 -999.0 -999.0 -999.0} "" -999.0 -999.0 -999.0 -999.0 -999 -999 "" "" "" "" 0 0 0.0 0.0 -999 ""
FIBERMAP 539 R-12C10 BOSS 1 1 0 1 0 0 46.58780013289126 -214.74734516660828 143.1 212.7121576370039 55.10463229500565 120.75594 76.51214 277.2496032714844 -28.75590357881464 -999.0 -999.0 -999.0 277.2496032714844 -28.75590357881463 277.33176866403954 -28.739299179533536 85.73883066753987 87.4529591257733 5400.0 5400.0 2015.5 1 368 {-999.0 -999.0 -999.0 -999.0 -999.0} "" -999.0 -999.0 -999.0 -999.0 27021603147070426 852452429 "" ops_sky_boss_fallback ops_sky sky_boss 0 0 0.0 0.0 -999 ""
FIBERMAP 539 R-12C10 METROLOGY 0 0 0 1 0 0 46.49938307631448 -215.44886293916088 143.1 213.41661295017684 55.04423794044899 120.75594 76.51214 -999.0 -999.0 -999.0 -999.0 -999.0 277.25205530985477 -28.75607467838913 277.33422574523127 -28.739463500166817 85.73669812511977 87.45763387455924 -999.0 6231.0 -999.0 -1 -999 {-999.0 -999.0 -999.0 -999.0 -999.0} "" -999.0 -999.0 -999.0 -999.0 -999 -999 "" "" "" "" 0 0 0.0 0.0 -999 ""
FIBERMAP 540 R-12C4 APOGEE 0 0 0 1 0 0 -71.24139573155557 -238.88378847824552 143.1 241.52286978699257 -61.664682507176444 26.98587 63.216034 -999.0 -999.0 -999.0 -999.0 -999.0 277.35001795982436 -29.109040964502523 277.43337118545185 -29.092132563183572 85.66559208363806 92.21058126333173 -999.0 16600.0 -999.0 2 -999 {-999.0 -999.0 -999.0 -999.0 -999.0} "" -999.0 -999.0 -999.0 -999.0 -999 -999 "" "" "" "" 0 0 0.0 0.0 -999 ""
FIBERMAP 540 R-12C4 BOSS 1 1 0 1 0 0 -71.21495270709093 -239.62495966830096 143.1 242.26236934048896 -61.60873275246351 26.98587 63.216034 277.35260009765625 -29.108863211041097 -999.0 -999.0 -999.0 277.35260009765625 -29.108863211041097 277.43593336684114 -29.09194817898979 85.66335251113442 92.2082456775853 5400.0 5400.0 2015.5 1 426 {-999.0 -999.0 -999.0 -999.0 -999.0} "" -999.0 -999.0 -999.0 -999.0 27021603147062469 852450833 "" ops_sky_boss_fallback ops_sky sky_boss 0 0 0.0 0.0 -999 ""
FIBERMAP 540 R-12C4 METROLOGY 0 0 0 1 0 0 -71.88573587852476 -239.2636884542916 143.1 241.9281238973588 -62.2933497990449 26.98587 63.216034 -999.0 -999.0 -999.0 -999.0 -999.0 277.3514984090311 -29.110950158497268 277.43484437751954 -29.09403772032885 85.66431095728001 92.23584070119136 -999.0 6231.0 -999.0 -1 -999 {-999.0 -999.0 -999.0 -999.0 -999.0} "" -999.0 -999.0 -999.0 -999.0 -999 -999 "" "" "" "" 0 0 0.0 0.0 -999 ""
FIBERMAP 541 R-13C2 APOGEE 1 1 0 1 0 0 -119.67526421238314 -244.70535598327714 143.1 249.2692216853493 -109.82622236925931 10.333537 159.8736 277.3769729892558 -29.254415607873355 -5.347394 -4.210802 0.12805334 277.3769547661291 -29.25442812746453 277.4607957519199 -29.237432557886606 85.63974454127536 94.12320260315158 16000.0 16600.0 2016.0 2 155 {-999.0 15.415291 13.920847 13.2085495 -999.0} sdss_psfmag_from_g3xp 14.7847395 13.785367 12.791618 10.444 63050395245316388 1152010759 bright_1x1 mwm_galactic_core_dist_apogee_sparse mwm_galactic science 0 0 0.0 0.0 -999 ""
FIBERMAP 541 R-13C2 BOSS 0 0 0 1 0 0 -118.92034413561042 -244.83018936484845 143.1 249.36387440862913 -109.06695843664701 10.333537 159.8736 -999.0 -999.0 -999.0 -999.0 -999.0 277.3772866508561 -29.2521305152554 277.46110101481725 -29.235133876973048 85.63954568636159 94.0928786533658 -999.0 5400.0 -999.0 1 436 {-999.0 -999.0 -999.0 -999.0 -999.0} "" -999.0 -999.0 -999.0 -999.0 -999 -999 "" "" "" "" 0 0 0.0 0.0 -999 ""
FIBERMAP 541 R-13C2 METROLOGY 0 0 0 1 0 0 -119.40223170612586 -245.39689442889753 143.1 249.94930558849435 -109.52586618897018 10.333537 159.8736 -999.0 -999.0 -999.0 -999.0 -999.0 277.3793515145028 -29.253523175732102 277.4631753443398 -29.236521139145218 85.63769585503016 94.11041802577438 -999.0 6231.0 -999.0 -1 -999 {-999.0 -999.0 -999.0 -999.0 -999.0} "" -999.0 -999.0 -999.0 -999.0 -999 -999 "" "" "" "" 0 0 0.0 0.0 -999 ""
FIBERMAP 542 R+1C25 APOGEE 0 0 0 1 0 0 261.7426915176882 26.98605732640936 143.1 -37.39156487769768 260.44925770870725 15.055081 155.3472 -999.0 -999.0 -999.0 -999.0 -999.0 276.38863171240484 -28.13474785313052 276.4689534608757 -28.12045482704829 86.38038228411222 76.63772681743484 -999.0 16600.0 -999.0 2 -999 {-999.0 -999.0 -999.0 -999.0 -999.0} "" -999.0 -999.0 -999.0 -999.0 -999 -999 "" "" "" "" 0 0 0.0 0.0 -999 ""
FIBERMAP 542 R+1C25 BOSS 1 1 0 1 0 0 262.4996719921399 26.870632832117224 143.1 -37.30639528249694 261.2102054639408 15.055081 155.3472 276.3889423552085 -28.13244894523906 2.7409754 -3.4992924 0.06261835 276.3889515964625 -28.132459349364467 276.4692507362638 -28.11816934323897 86.37952669311872 76.60390577737756 5400.0 5400.0 2016.0 1 192 {-999.0 16.76095 15.941627 15.586972 -999.0} sdss_psfmag_ps1 16.449469 15.860793 15.068323 13.488 63050395264403708 1093353438 bright_3x1 mwm_astar_core_boss mwm_ob science 0 0 0.0 0.0 -999 ""
FIBERMAP 542 R+1C25 METROLOGY 0 0 0 1 0 0 262.0053135824811 26.285680379415822 143.1 -36.70223508504583 260.73956426184805 15.055081 155.3472 -999.0 -999.0 -999.0 -999.0 -999.0 276.39100333861256 -28.1338295803312 276.4713107753844 -28.119533051460593 86.37813382020796 76.63232012943672 -999.0 6231.0 -999.0 -1 -999 {-999.0 -999.0 -999.0 -999.0 -999.0} "" -999.0 -999.0 -999.0 -999.0 -999 -999 "" "" "" "" 0 0 0.0 0.0 -999 ""
FIBERMAP 545 R-11C6 APOGEE 1 1 0 1 0 0 -74.19263120824672 -204.76104982899145 143.1 207.54616839329 -65.9729306845173 207.60101 52.260715 277.23303623110695 -29.122595974485627 -4.196992 -7.287016 0.13306451 277.233021946749 -29.12261764030231 277.31645435023216 -29.10601166699047 85.7677706494176 92.3945416939342 16000.0 16600.0 2016.0 2 171 {-999.0 16.056843 14.463191 13.145659 -999.0} sdss_psfmag_from_g3xp 15.376642 13.849921 12.653037 9.826 63050395245341756 1152010881 bright_1x1 mwm_galactic_core_dist_apogee_sparse mwm_galactic science 0 0 0.0 0.0 -999 ""
FIBERMAP 545 R-11C6 BOSS 0 0 0 1 0 0 -74.08629690026788 -204.04026114154885 143.1 206.82174440099297 -65.89540178818201 207.60101 52.260715 -999.0 -999.0 -999.0 -999.0 -999.0 277.2305910324823 -29.122407085885232 277.31400529376356 -29.1058074412831 85.76991059656996 92.39179453845145 -999.0 5400.0 -999.0 1 413 {-999.0 -999.0 -999.0 -999.0 -999.0} "" -999.0 -999.0 -999.0 -999.0 -999 -999 "" "" "" "" 0 0 0.0 0.0 -999 ""
FIBERMAP 545 R-11C6 METROLOGY 0 0 0 1 0 0 -73.49687574424676 -204.4805393598198 143.1 207.23817247762796 -65.2889312072562 207.60101 52.260715 -999.0 -999.0 -999.0 -999.0 -999.0 277.23205495833605 -29.120575102491625 277.3154677122578 -29.103971877797353 85.7686337231043 92.36690495690038 -999.0 6231.0 -999.0 -1 -999 {-999.0 -999.0 -999.0 -999.0 -999.0} "" -999.0 -999.0 -999.0 -999.0 -999 -999 "" "" "" "" 0 0 0.0 0.0 -999 ""
FIBERMAP 549 R+8C4 APOGEE 0 0 0 1 0 0 -132.2735968007242 135.31738736801097 143.1 -129.93466083589476 -137.55442245699865 328.1649 53.822884 -999.0 -999.0 -999.0 -999.0 -999.0 276.061102621508 -29.337788400333768 276.1455821771883 -29.32420684160604 86.78064168866042 96.38674496563516 -999.0 16600.0 -999.0 2 -999 {-999.0 -999.0 -999.0 -999.0 -999.0} "" -999.0 -999.0 -999.0 -999.0 -999 -999 "" "" "" "" 0 0 0.0 0.0 -999 ""
FIBERMAP 549 R+8C4 BOSS 1 1 0 1 0 0 -132.9014356701026 135.01235569975086 143.1 -129.6048700166 -138.1695850393744 328.1649 53.822884 276.0622051624677 -29.339705570862428 -0.6836771 1.1933968 -1.6923932 276.06220283065096 -29.33970202264491 276.14667486582147 -29.32611639789637 86.77953851472488 96.41926757231353 5400.0 5400.0 2016.0 1 58 {-999.0 16.238474 15.474002 15.261119 -999.0} sdss_psfmag_ps1 15.945578 15.737145 14.66175 13.296 63050395263036819 1093353405 bright_3x1 mwm_astar_core_boss mwm_ob science 0 0 0.0 0.0 -999 ""
FIBERMAP 549 R+8C4 METROLOGY 0 0 0 1 0 0 -132.8666103288751 135.7732746043163 143.1 -130.36654179019055 -138.16510428835647 328.1649 53.822884 -999.0 -999.0 -999.0 -999.0 -999.0 276.059536867281 -29.33968527796384 276.1440134404569 -29.32610687747033 86.78185206600449 96.42243499881044 -999.0 6231.0 -999.0 -1 -999 {-999.0 -999.0 -999.0 -999.0 -999.0} "" -999.0 -999.0 -999.0 -999.0 -999 -999 "" "" "" "" 0 0 0.0 0.0 -999 ""
FIBERMAP 551 R-1C12 APOGEE 0 0 0 1 0 0 -21.656673901554665 -21.031719031539637 143.1 21.87699600838778 -20.80069396507362 344.52066 125.061485 -999.0 -999.0 -999.0 -999.0 -999.0 276.58994669250654 -28.98620843075221 276.67308969713815 -28.971291098224867 86.32832439673012 90.32080707963894 -999.0 16600.0 -999.0 2 -999 {-999.0 -999.0 -999.0 -999.0 -999.0} "" -999.0 -999.0 -999.0 -999.0 -999 -999 "" "" "" "" 0 0 0.0 0.0 -999 ""
FIBERMAP 551 R-1C12 BOSS 1 1 0 1 0 0 -21.402272156906022 -21.746092163096712 143.1 22.580637816312066 -20.518043258556617 344.52066 125.061485 276.5924269707064 -28.985350399354743 -0.83861417 -5.9186416 0.0596829 276.5924241202997 -28.98536799670996 276.67554785651026 -28.97044473177342 86.32614937850683 90.30860892240209 5400.0 5400.0 2016.0 1 507 {-999.0 15.949424 15.689403 15.589166 -999.0} sdss_psfmag_ps1 15.835988 15.633204 15.215723 14.714 63050395263669050 1093353588 bright_3x1 mwm_astar_core_boss mwm_ob science 0 0 0.0 0.0 -999 ""
FIBERMAP 551 R-1C12 METROLOGY 0 0 0 1 0 0 -22.13540441083468 -21.606449678260862 143.1 22.470320298138187 -21.256127544233227 344.52066 125.061485 -999.0 -999.0 -999.0 -999.0 -999.0 276.59203251843394 -28.987610710318855 276.67516847005356 -28.972688075303992 86.32654810716406 90.34345079544596 -999.0 6231.0 -999.0 -1 -999 {-999.0 -999.0 -999.0 -999.0 -999.0} "" -999.0 -999.0 -999.0 -999.0 -999 -999 "" "" "" "" 0 0 0.0 0.0 -999 ""
FIBERMAP 553 R+3C6 APOGEE 0 0 0 1 0 0 -160.91333291239033 66.2083738439298 143.1 -59.742256088578955 -163.4169214921225 183.49348 82.567345 -999.0 -999.0 -999.0 -999.0 -999.0 276.3046122169971 -29.417553906355693 276.38930325126853 -29.403328606728394 86.56207929359338 97.42185119775695 -999.0 16600.0 -999.0 2 -999 {-999.0 -999.0 -999.0 -999.0 -999.0} "" -999.0 -999.0 -999.0 -999.0 -999 -999 "" "" "" "" 0 0 0.0 0.0 -999 ""
FIBERMAP 553 R+3C6 BOSS 1 1 0 1 0 0 -160.85921920991933 66.94527960002289 143.1 -60.4807032023 -163.39221176533462 183.49348 82.567345 276.3020324707031 -29.417527597751885 -999.0 -999.0 -999.0 276.3020324707031 -29.41752759775189 276.3867093632063 -29.403307782251517 86.56433059094051 97.42512725234245 5400.0 5400.0 2015.5 1 40 {-999.0 -999.0 -999.0 -999.0 -999.0} "" -999.0 -999.0 -999.0 -999.0 27021603147061200 852450578 "" ops_sky_boss_fallback ops_sky sky_boss 0 0 0.0 0.0 -999 ""
FIBERMAP 553 R+3C6 METROLOGY 0 0 0 1 0 0 -160.2414463296239 66.53710874730116 143.1 -60.097485266768935 -162.75869228523752 183.49348 82.567345 -999.0 -999.0 -999.0 -999.0 -999.0 276.30336079500654 -29.415639578883663 276.3880350377689 -29.401416882372065 86.56336219110081 97.39187743514049 -999.0 6231.0 -999.0 -1 -999 {-999.0 -999.0 -999.0 -999.0 -999.0} "" -999.0 -999.0 -999.0 -999.0 -999 -999 "" "" "" "" 0 0 0.0 0.0 -999 ""
FIBERMAP 555 R-12C1 APOGEE 1 1 0 1 0 0 -139.11583341049587 -244.55806395906245 143.1 249.8965785010065 -129.25644658627576 29.4056 38.217896 277.37909478037926 -29.313007088208792 22.832996 -15.621932 8.288483 277.3791726365114 -29.313053535446844 277.4632106548718 -29.296045454372038 85.63551361433998 94.89226854381867 16000.0 16600.0 2016.0 2 249 {-999.0 8.022708 7.9922323 8.018282 -999.0} sdss_psfmag_from_g3xp 8.082659 7.953742 7.701268 7.415 63050395245284443 975028766 "" ops_std_apogee ops_std standard_apogee 0 0 0.0 0.0 -999 ""
FIBERMAP 555 R-12C1 BOSS 0 0 0 1 0 0 -139.40606818141669 -245.24041139827975 143.1 250.5899200288742 -129.51925410125895 29.4056 38.217896 -999.0 -999.0 -999.0 -999.0 -999.0 277.38155152533045 -29.313819693072883 277.4655752823576 -29.296804450682767 85.63342069496696 94.9010653374491 -999.0 5400.0 -999.0 1 517 {-999.0 -999.0 -999.0 -999.0 -999.0} "" -999.0 -999.0 -999.0 -999.0 -999 -999 "" "" "" "" 0 0 0.0 0.0 -999 ""
FIBERMAP 555 R-12C1 METROLOGY 0 0 0 1 0 0 -139.85727819765657 -244.65418234356773 143.1 250.02215640765527 -129.99344359317226 29.4056 38.217896 -999.0 -999.0 -999.0 -999.0 -999.0 277.37965173006756 -29.315289977155263 277.46368637564376 -29.29827969264965 85.63500263388418 94.92136283686523 -999.0 6231.0 -999.0 -1 -999 {-999.0 -999.0 -999.0 -999.0 -999.0} "" -999.0 -999.0 -999.0 -999.0 -999 -999 "" "" "" "" 0 0 0.0 0.0 -999 ""
FIBERMAP 557 R+4C13 APOGEE 0 0 0 1 1 0 7.01434032873439 84.52591092541053 143.1 -84.7348736093545 3.6409184950435507 182.32379 86.60057 -999.0 -999.0 -999.0 -999.0 -999.0 276.22041215197424 -28.91073029649174 276.30339382575255 -28.89678400050365 86.64858782350576 88.88972306957146 -999.0 16600.0 -999.0 2 -999 {-999.0 -999.0 -999.0 -999.0 -999.0} "" -999.0 -999.0 -999.0 -999.0 -999 -999 "" "" "" "" 0 0 0.0 0.0 -999 ""
FIBERMAP 557 R+4C13 BOSS 1 0 0 1 1 0 7.007215251795653 85.27431062708376 143.1 -85.48236528664363 3.6039825879166694 182.32379 86.60057 276.29456570750705 -28.822235806998215 -3.1015432 -5.516267 0.36883014 276.2177788722693 -28.910827118330193 276.30074722440713 -28.89688831849462 86.65090719422759 88.88945582690002 5400.0 5400.0 2016.0 1 112 {-999.0 16.823843 16.48918 16.448732 -999.0} sdss_psfmag_ps1 16.718449 16.496206 16.035929 15.54 63050395263785155 978465236 "" ops_std_boss ops_std standard_boss 0 0 0.0 0.0 -999 ""
FIBERMAP 557 R+4C13 METROLOGY 0 0 0 1 1 0 7.661129660283068 84.90162594692406 143.1 -85.13604383263211 4.272199660443991 182.32379 86.60057 -999.0 -999.0 -999.0 -999.0 -999.0 276.21897876554846 -28.908803788294797 276.3019439919044 -28.894861923015835 86.64975548816 88.85575397627895 -999.0 6231.0 -999.0 -1 -999 {-999.0 -999.0 -999.0 -999.0 -999.0} "" -999.0 -999.0 -999.0 -999.0 -999 -999 "" "" "" "" 0 0 0.0 0.0 -999 ""
FIBERMAP 558 R+4C15 APOGEE 1 1 0 1 0 0 74.55599593534096 85.30243159441733 143.1 -88.20165390709168 71.09530804709505 25.44851 136.81444 276.209799606096 -28.70597007577441 -3.6204078 -5.0327725 0.102859914 276.20978733352007 -28.705985039255804 276.29207713569735 -28.692090518116604 86.64166559487172 85.38924385473887 16000.0 16600.0 2016.0 2 67 {-999.0 15.167467 13.677136 13.023201 -999.0} sdss_psfmag_from_g3xp 14.548323 13.581187 12.616599 10.457 63050395264063666 1152039784 bright_1x1 mwm_galactic_core_dist_apogee_sparse mwm_galactic science 0 0 0.0 0.0 -999 ""
FIBERMAP 558 R+4C15 BOSS 0 0 0 1 0 0 75.2572113050669 85.10551809685353 143.1 -88.03284154832399 71.80378378443906 25.44851 136.81444 -999.0 -999.0 -999.0 -999.0 -999.0 276.2103473690401 -28.703799134672533 276.29261541142114 -28.689904832846207 86.64095008332957 85.3530830423914 -999.0 5400.0 -999.0 1 220 {-999.0 -999.0 -999.0 -999.0 -999.0} "" -999.0 -999.0 -999.0 -999.0 -999 -999 "" "" "" "" 0 0 0.0 0.0 -999 ""
FIBERMAP 558 R+4C15 METROLOGY 0 0 0 1 0 0 74.73409142829769 84.58151909498977 143.1 -87.48843809011794 71.30197667344225 25.44851 136.81444 -999.0 -999.0 -999.0 -999.0 -999.0 276.2122045094098 -28.705322246285185 276.29448127699993 -28.691422520955026 86.63949490581518 85.38196424658122 -999.0 6231.0 -999.0 -1 -999 {-999.0 -999.0 -999.0 -999.0 -999.0} "" -999.0 -999.0 -999.0 -999.0 -999 -999 "" "" "" "" 0 0 0.0 0.0 -999 ""
FIBERMAP 560 R+6C18 APOGEE 0 0 0 1 0 0 162.39818083465275 103.78523465109859 143.1 -110.16873718471652 158.12786570689778 299.44366 111.85017 -999.0 -999.0 -999.0 -999.0 -999.0 276.1361782826468 -28.44218513193404 276.2175955621466 -28.428513379383677 86.66625139336635 80.75413092047796 -999.0 16600.0 -999.0 2 -999 {-999.0 -999.0 -999.0 -999.0 -999.0} "" -999.0 -999.0 -999.0 -999.0 -999 -999 "" "" "" "" 0 0 0.0 0.0 -999 ""
FIBERMAP 560 R+6C18 BOSS 1 1 0 1 0 0 161.93843491786868 103.20585951118825 143.1 -109.5715286347945 157.69158592720106 299.44366 111.85017 276.1382118556682 -28.44345121727913 -4.3986506 -2.7223766 0.0860568 276.13819698214326 -28.443459311471443 276.21960407069855 -28.429784540900943 86.66476096731763 80.78139223247747 5400.0 5400.0 2016.0 1 211 {-999.0 16.60435 15.633235 15.11863 -999.0} sdss_psfmag_ps1 16.00523 15.594356 14.485392 12.438 63050395264329912 1093353415 bright_3x1 mwm_astar_core_boss mwm_ob science 0 0 0.0 0.0 -999 ""
FIBERMAP 560 R+6C18 METROLOGY 0 0 0 1 0 0 161.65843297938417 103.89601067477527 143.1 -110.24994874578293 157.3843213974023 299.44366 111.85017 -999.0 -999.0 -999.0 -999.0 -999.0 276.13583312046944 -28.444359217917903 276.21724781920625 -28.430689818015544 86.66696783783006 80.78986462449723 -999.0 6231.0 -999.0 -1 -999 {-999.0 -999.0 -999.0 -999.0 -999.0} "" -999.0 -999.0 -999.0 -999.0 -999 -999 "" "" "" "" 0 0 0.0 0.0 -999 ""
FIBERMAP 562 R+5C17 APOGEE 0 0 0 1 0 0 141.20794857455905 87.78290390576896 143.1 -93.33551837786698 137.59284999699574 24.037794 53.783 -999.0 -999.0 -999.0 -999.0 -999.0 276.19360811384195 -28.504476198673792 276.2752210997413 -28.49064752652235 86.62770806755707 81.9560808756068 -999.0 16600.0 -999.0 2 -999 {-999.0 -999.0 -999.0 -999.0 -999.0} "" -999.0 -999.0 -999.0 -999.0 -999 -999 "" "" "" "" 0 0 0.0 0.0 -999 ""
FIBERMAP 562 R+5C17 BOSS 1 1 0 1 0 0 141.02169901868146 87.00279614356621 143.1 -92.54864090231078 137.43783581492306 24.037794 53.783 276.19628906249994 -28.50489809413311 -999.0 -999.0 -999.0 276.19628906249994 -28.50489809413311 276.277888619285 -28.491064554960758 86.6254697246764 81.9698900587712 5400.0 5400.0 2015.5 1 214 {-999.0 -999.0 -999.0 -999.0 -999.0} "" -999.0 -999.0 -999.0 -999.0 27021603147109791 852462140 "" ops_sky_boss_fallback ops_sky sky_boss 0 0 0.0 0.0 -999 ""
FIBERMAP 562 R+5C17 METROLOGY 0 0 0 1 0 0 140.50003603864383 87.54132977989826 143.1 -93.06594198674014 136.89515233526754 24.037794 53.783 -999.0 -999.0 -999.0 -999.0 -999.0 276.19447608520727 -28.506517890777758 276.27608558650024 -28.492688265003462 86.62730875231756 81.99246992753814 -999.0 6231.0 -999.0 -1 -999 {-999.0 -999.0 -999.0 -999.0 -999.0} "" -999.0 -999.0 -999.0 -999.0 -999 -999 "" "" "" "" 0 0 0.0 0.0 -999 ""
FIBERMAP 563 R-1C20 APOGEE 1 1 0 1 0 0 137.8683728116456 -35.94238981709439 143.1 30.419641003983692 139.18536244043153 276.71667 78.36892 276.6206359863281 -28.500918707301494 -999.0 -999.0 -999.0 276.6206359863281 -28.500918707301498 276.70212818527074 -28.485978686488373 86.25686914979977 82.88115979245254 16000.0 16600.0 2015.5 2 226 {-999.0 -999.0 -999.0 -999.0 -999.0} "" -999.0 -999.0 -999.0 -999.0 27021603147109493 848843843 "" ops_sky_apogee_good ops_sky sky_apogee 0 0 0.0 0.0 -999 ""
FIBERMAP 563 R-1C20 BOSS 0 0 0 1 0 0 137.14260392351912 -35.84951894596159 143.1 30.355762730861958 138.45649879370558 276.71667 78.36892 -999.0 -999.0 -999.0 -999.0 -999.0 276.6204434679052 -28.503057744460524 276.7019271713226 -28.488120196507285 86.25738363988532 82.91311928515427 -999.0 5400.0 -999.0 1 325 {-999.0 -999.0 -999.0 -999.0 -999.0} "" -999.0 -999.0 -999.0 -999.0 -999 -999 "" "" "" "" 0 0 0.0 0.0 -999 ""
FIBERMAP 563 R-1C20 METROLOGY 0 0 0 1 0 0 137.58600101488145 -35.24457766714878 143.1 29.73366071263331 138.87542480968176 276.71667 78.36892 -999.0 -999.0 -999.0 -999.0 -999.0 276.61829772962267 -28.50177020365636 276.6997821250503 -28.48683776434854 86.25904153393088 82.88913219074072 -999.0 6231.0 -999.0 -1 -999 {-999.0 -999.0 -999.0 -999.0 -999.0} "" -999.0 -999.0 -999.0 -999.0 -999 -999 "" "" "" "" 0 0 0.0 0.0 -999 ""
FIBERMAP 564 R+1C4 APOGEE 0 0 0 1 0 0 -226.92134717802784 12.472336122413058 143.1 -3.4212276879287553 -227.22900419759165 219.48982 100.15964 -999.0 -999.0 -999.0 -999.0 -999.0 276.49994656499007 -29.610798170625024 276.5852507576301 -29.596041451312182 86.36971803126289 100.19624336578119 -999.0 16600.0 -999.0 2 -999 {-999.0 -999.0 -999.0 -999.0 -999.0} "" -999.0 -999.0 -999.0 -999.0 -999 -999 "" "" "" "" 0 0 0.0 0.0 -999 ""
FIBERMAP 564 R+1C4 BOSS 1 1 0 1 0 0 -227.5121540846895 12.927931847967697 143.1 -3.8529052879480967 -227.83746963376177 219.48982 100.15964 276.4984628420789 -29.6126493009461 -3.2830527 -5.5307064 0.11369281 276.49845161438117 -29.612665744888755 276.5837471080907 -29.59791075533926 86.37074548447342 100.22841378919577 5400.0 5400.0 2016.0 1 63 {-999.0 16.781456 16.25885 16.212084 -999.0} sdss_psfmag_ps1 16.604929 16.276182 15.78949 15.076 63050395244910561 978464550 "" ops_std_boss ops_std standard_boss 0 0 0.0 0.0 -999 ""
FIBERMAP 564 R+1C4 METROLOGY 0 0 0 1 0 0 -226.82083548116498 13.213548383233025 143.1 -4.165826243653181 -227.1581067459657 219.48982 100.15964 -999.0 -999.0 -999.0 -999.0 -999.0 276.49736362016404 -29.610653428057855 276.5826569062855 -29.595902062354305 86.37197032868723 100.1991371998015 -999.0 6231.0 -999.0 -1 -999 {-999.0 -999.0 -999.0 -999.0 -999.0} "" -999.0 -999.0 -999.0 -999.0 -999 -999 "" "" "" "" 0 0 0.0 0.0 -999 ""
FIBERMAP 568 R-13C13 APOGEE 1 1 0 1 0 0 125.06971455469565 -263.87436897304013 143.1 258.6714352288543 135.47834905808836 268.76392 128.4369 277.4051024722511 -28.512882890659625 -1.9533718 -4.408444 0.046712574 277.4050958628082 -28.512895997882293 277.48641642629406 -28.49591492228042 85.5766443023525 84.45887784201047 16000.0 16600.0 2016.0 2 179 {-999.0 16.526064 14.835464 13.297025 -999.0} sdss_psfmag_ps1 15.711294 13.333789 11.92402 8.454 63050395247132287 1156423353 bright_1x1 mwm_galactic_core_dist_apogee_extra mwm_galactic science 0 0 0.0 0.0 -999 ""
FIBERMAP 568 R-13C13 BOSS 0 0 0 1 0 0 124.47013452994223 -264.3126760501827 143.1 259.1332644546363 134.89673153917343 268.76392 128.4369 -999.0 -999.0 -999.0 -999.0 -999.0 277.406668371354 -28.514664818053102 277.4879757642575 -28.497681736744823 85.57553112162151 84.48401808237372 -999.0 5400.0 -999.0 1 430 {-999.0 -999.0 -999.0 -999.0 -999.0} "" -999.0 -999.0 -999.0 -999.0 -999 -999 "" "" "" "" 0 0 0.0 0.0 -999 ""
FIBERMAP 568 R-13C13 METROLOGY 0 0 0 1 0 0 124.38668464944034 -263.5679351239908 143.1 258.3924693355063 134.7836802506433 268.76392 128.4369 -999.0 -999.0 -999.0 -999.0 -999.0 277.4042016404869 -28.51497816067223 277.4855160853556 -28.49800080040112 85.5777161210591 84.48424965985322 -999.0 6231.0 -999.0 -1 -999 {-999.0 -999.0 -999.0 -999.0 -999.0} "" -999.0 -999.0 -999.0 -999.0 -999 -999 "" "" "" "" 0 0 0.0 0.0 -999 ""
FIBERMAP 569 R+13C1 APOGEE 1 1 0 1 0 0 -152.44035378958094 239.40373888813286 143.1 -233.13074776486337 -161.8512343346708 253.13791 105.7724 275.7036999865556 -29.407520335566804 -1.0403862 -4.0227785 0.3231824 275.7036964357461 -29.4075322961259 275.78850355513714 -29.394874121340077 87.0834716538448 98.27088028664473 16000.0 16600.0 2016.0 2 7 {-999.0 16.80033 14.868203 12.46352 -999.0} sdss_psfmag_from_g3xp 15.890509 13.04249 11.567289 7.685 63050395262950115 1152038590 bright_1x1 mwm_galactic_core_dist_apogee_sparse mwm_galactic science 0 0 0.0 0.0 -999 ""
FIBERMAP 569 R+13C1 BOSS 0 0 0 1 0 0 -153.18322985556443 239.39836196309858 143.1 -233.09577861724847 -162.59327663052136 253.13791 105.7724 -999.0 -999.0 -999.0 -999.0 -999.0 275.7038402852028 -29.409756094680926 275.7886426591166 -29.39709600274014 87.08309300579266 98.3139727374209 -999.0 5400.0 -999.0 1 7 {-999.0 -999.0 -999.0 -999.0 -999.0} "" -999.0 -999.0 -999.0 -999.0 -999 -999 "" "" "" "" 0 0 0.0 0.0 -999 ""
FIBERMAP 569 R+13C1 METROLOGY 0 0 0 1 0 0 -152.81457307261647 240.0546563473992 143.1 -233.76621320644975 -162.25107453442052 253.13791 105.7724 -999.0 -999.0 -999.0 -999.0 -999.0 275.70147790345317 -29.40872803050791 275.78628085570574 -29.396074583013522 87.08525569077196 98.29874233148723 -999.0 6231.0 -999.0 -1 -999 {-999.0 -999.0 -999.0 -999.0 -999.0} "" -999.0 -999.0 -999.0 -999.0 -999 -999 "" "" "" "" 0 0 0.0 0.0 -999 ""
FIBERMAP 570 R+1C20 APOGEE 1 1 0 1 0 0 146.37878816419675 4.35945935063307 143.1 -10.187657864748083 146.08302608938465 286.2669 101.880035 276.4805603027343 -28.47969784438544 -999.0 -999.0 -999.0 276.4805603027343 -28.479697844385434 276.56201718671497 -28.465124900003644 86.3749462388173 82.24676816947785 16000.0 16600.0 2015.5 2 80 {-999.0 -999.0 -999.0 -999.0 -999.0} "" -999.0 -999.0 -999.0 -999.0 27021603147110084 848844023 "" ops_sky_apogee_good ops_sky sky_apogee 0 0 0.0 0.0 -999 ""
FIBERMAP 570 R+1C20 BOSS 0 0 0 1 0 0 145.73039860279863 3.981305362332119 143.1 -9.783986954464993 145.45024319886556 286.2669 101.880035 -999.0 -999.0 -999.0 -999.0 -999.0 276.4819562036805 -28.481548040252758 276.56340373080013 -28.466973531345538 86.37405635017366 82.27883325546821 -999.0 5400.0 -999.0 1 242 {-999.0 -999.0 -999.0 -999.0 -999.0} "" -999.0 -999.0 -999.0 -999.0 -999 -999 "" "" "" "" 0 0 0.0 0.0 -999 ""
FIBERMAP 570 R+1C20 METROLOGY 0 0 0 1 0 0 145.71866756711492 4.718064656993082 143.1 -10.519664428052566 145.40916893633994 286.2669 101.880035 -999.0 -999.0 -999.0 -999.0 -999.0 276.47941118882284 -28.48164975661016 276.56086403690654 -28.467081212043166 86.37627524927603 82.27456883473155 -999.0 6231.0 -999.0 -1 -999 {-999.0 -999.0 -999.0 -999.0 -999.0} "" -999.0 -999.0 -999.0 -999.0 -999 -999 "" "" "" "" 0 0 0.0 0.0 -999 ""
FIBERMAP 571 R+11C2 APOGEE 0 0 0 1 0 0 -138.49560127550026 210.34584300124027 143.1 -204.65265459516777 -146.7604244910007 263.64087 169.2282 -999.0 -999.0 -999.0 -999.0 -999.0 275.8022478907782 -29.363177951548494 275.8868788014794 -29.350268050106813 87.00297609514254 97.23407438473225 -999.0 16600.0 -999.0 2 -999 {-999.0 -999.0 -999.0 -999.0 -999.0} "" -999.0 -999.0 -999.0 -999.0 -999 -999 "" "" "" "" 0 0 0.0 0.0 -999 ""
FIBERMAP 571 R+11C2 BOSS 1 1 0 1 0 0 -138.78929735780557 209.58640442138997 143.1 -203.882148318656 -147.02361906521452 263.64087 169.2282 275.8049011230469 -29.364012382123462 -999.0 -999.0 -999.0 275.8049011230469 -29.364012382123473 275.8895214083764 -29.351094372958617 87.00060331339888 97.24551940420835 5400.0 5400.0 2015.5 1 17 {-999.0 -999.0 -999.0 -999.0 -999.0} "" -999.0 -999.0 -999.0 -999.0 27021603147107289 852461502 "" ops_sky_boss_fallback ops_sky sky_boss 0 0 0.0 0.0 -999 ""
FIBERMAP 571 R+11C2 METROLOGY 0 0 0 1 0 0 -139.22379631741748 210.1748745897623 143.1 -204.4528169647661 -147.481200724869 263.64087 169.2282 -999.0 -999.0 -999.0 -999.0 -999.0 275.8028775728137 -29.36539602370676 275.8875067510229 -29.35248343272019 87.00221553545123 97.27521979341066 -999.0 6231.0 -999.0 -1 -999 {-999.0 -999.0 -999.0 -999.0 -999.0} "" -999.0 -999.0 -999.0 -999.0 -999 -999 "" "" "" "" 0 0 0.0 0.0 -999 ""
FIBERMAP 573 R-6C13 APOGEE 0 0 0 1 0 0 47.256803471574884 -105.80538642285038 143.1 103.8344016024496 51.43275315364804 58.54879 134.40514 -999.0 -999.0 -999.0 -999.0 -999.0 276.87418675802456 -28.767254614133602 276.95651134990715 -28.75162354977601 86.06768989708905 87.23031610711331 -999.0 16600.0 -999.0 2 -999 {-999.0 -999.0 -999.0 -999.0 -999.0} "" -999.0 -999.0 -999.0 -999.0 -999 -999 "" "" "" "" 0 0 0.0 0.0 -999 ""
FIBERMAP 573 R-6C13 BOSS 1 1 0 1 0 0 47.963176894193026 -105.6281513260832 143.1 103.6291719018153 52.13147629801794 58.54879 134.40514 276.87356206069904 -28.765091674262692 -2.0919154 -4.761751 0.064603254 276.87355496544336 -28.76510583194143 276.9558556768418 -28.74947794179987 86.06807742226408 87.19842070540365 5400.0 5400.0 2016.0 1 393 {-999.0 16.281788 15.841462 15.735836 -999.0} sdss_psfmag_ps1 16.110174 15.782499 15.264572 14.539 63050395263858003 1093353263 bright_3x1 mwm_astar_core_boss mwm_ob science 0 0 0.0 0.0 -999 ""
FIBERMAP 573 R-6C13 METROLOGY 0 0 0 1 0 0 47.76941726014357 -106.35011141820617 143.1 104.35824940856028 51.966641656864766 58.54879 134.40514 -999.0 -999.0 -999.0 -999.0 -999.0 276.8760829687941 -28.765602604236026 276.95838944947707 -28.749967716138993 86.06590668734096 87.20833599051662 -999.0 6231.0 -999.0 -1 -999 {-999.0 -999.0 -999.0 -999.0 -999.0} "" -999.0 -999.0 -999.0 -999.0 -999 -999 "" "" "" "" 0 0 0.0 0.0 -999 ""
FIBERMAP 574 R-2C2 APOGEE 0 0 1 1 0 0 -244.9686770788934 -31.029208803265647 143.1 40.76305583902519 -243.52815058591554 9.997399 170.09077 -999.0 -999.0 -999.0 -999.0 -999.0 276.65363343447876 -29.660067232675225 276.73906625118684 -29.644904654938404 86.23031421375434 100.64378185276536 -999.0 16600.0 -999.0 2 -999 {-999.0 -999.0 -999.0 -999.0 -999.0} "" -999.0 -999.0 -999.0 -999.0 -999 -999 "" "" "" "" 0 0 0.0 0.0 -999 ""
FIBERMAP 574 R-2C2 BOSS 1 0 1 1 0 0 -244.1512695659468 -31.10987528500751 143.1 40.81108895356769 -242.70821097136147 9.997399 170.09077 276.71196121499224 -29.671974099456346 6.0612226 -1.9009587 1.5464181 276.6538291941304 -29.657626927783895 276.739237471038 -29.642462035886957 86.23052960943204 100.60670399948066 5400.0 5400.0 2016.0 1 513 {-999.0 17.187763 15.979723 15.632992 -999.0} sdss_psfmag_ps1 16.721851 15.995854 15.169802 13.491 63050395245127186 1096283509 bright_1x1 mwm_bin_vis_boss mwm_filler science 0 0 0.0 0.0 -999 ""
FIBERMAP 574 R-2C2 METROLOGY 0 0 1 1 0 0 -244.62669339117957 -31.694449642461315 143.1 41.414117003888464 -243.15994844382396 9.997399 170.09077 -999.0 -999.0 -999.0 -999.0 -999.0 276.65592751431257 -29.65902628986423 276.74134459780873 -29.643856361286396 86.22851179039115 100.62354451241708 -999.0 6231.0 -999.0 -1 -999 {-999.0 -999.0 -999.0 -999.0 -999.0} "" -999.0 -999.0 -999.0 -999.0 -999 -999 "" "" "" "" 0 0 0.0 0.0 -999 ""
FIBERMAP 576 R+4C19 APOGEE 0 0 0 1 0 0 145.09519191847497 89.24652128899135 143.1 -94.95278564077192 141.4185398773045 160.60266 89.95965 -999.0 -999.0 -999.0 -999.0 -999.0 276.1881299967916 -28.492884175211874 276.26970525663137 -28.47907113538611 86.6304776729863 81.7478957377291 -999.0 16600.0 -999.0 2 65 {-999.0 -999.0 -999.0 -999.0 -999.0} "" -999.0 -999.0 -999.0 -999.0 -999 -999 "" "" "" "" 0 0 0.0 0.0 -999 ""
FIBERMAP 576 R+4C19 BOSS 1 1 0 1 0 0 145.3771025521934 89.9322921827206 143.1 -95.64921612852977 141.6728938044706 160.60266 89.95965 276.18572052627354 -28.492034550498374 -3.1389832 -5.1578455 0.42380673 276.1857099072853 -28.49204988584788 276.2672686845288 -28.478245467965813 86.6324416856901 81.72767704734471 5400.0 5400.0 2016.0 1 217 {-999.0 17.256897 16.20029 15.786151 -999.0} sdss_psfmag_ps1 16.752115 16.227617 15.203753 12.972 63050395264258364 917065741 bright_5x1 mwm_yso_variable_boss mwm_yso science 0 0 0.0 0.0 -999 ""
FIBERMAP 576 R+4C19 METROLOGY 0 0 0 1 0 0 145.8417221691415 89.35313198707689 143.1 -95.08904971899443 142.16020008531225 160.60266 89.95965 -999.0 -999.0 -999.0 -999.0 -999.0 276.1876355398341 -28.49056641435645 276.2691929735282 -28.476756524633203 86.63051519322288 81.70778164824861 -999.0 6231.0 -999.0 -1 -999 {-999.0 -999.0 -999.0 -999.0 -999.0} "" -999.0 -999.0 -999.0 -999.0 -999 -999 "" "" "" "" 0 0 0.0 0.0 -999 ""
FIBERMAP 578 R+9C13 APOGEE 1 1 0 1 0 0 87.30656429341273 166.59764543513555 143.1 -169.93706016794204 80.59638387918572 308.29825 126.36734 275.9280611762464 -28.675805957532567 -4.194162 -3.4760606 0.257271 275.9280469628367 -28.675816292584727 276.01030429348475 -28.662659356491368 86.88355196511641 84.3454644311627 16000.0 16600.0 2016.0 2 92 {-999.0 14.681484 13.28405 12.66538 -999.0} sdss_psfmag_from_g3xp 14.116023 13.201677 12.263676 10.085 63050395264128252 1152039911 bright_1x1 mwm_galactic_core_dist_apogee_sparse mwm_galactic science 0 0 0.0 0.0 -999 ""
FIBERMAP 578 R+9C13 BOSS 0 0 0 1 0 0 87.12730265591915 165.88574667808788 143.1 -169.2186132156578 80.44563429274305 308.29825 126.36734 -999.0 -999.0 -999.0 -999.0 -999.0 275.93046649919296 -28.67625861740213 276.0127116167538 -28.663096813615645 86.88151301976099 84.35841399397941 -999.0 5400.0 -999.0 1 159 {-999.0 -999.0 -999.0 -999.0 -999.0} "" -999.0 -999.0 -999.0 -999.0 -999 -999 "" "" "" "" 0 0 0.0 0.0 -999 ""
FIBERMAP 578 R+9C13 METROLOGY 0 0 0 1 0 0 86.58449588417463 166.39106825312948 143.1 -169.7018875536665 79.88314784701339 308.29825 126.36734 -999.0 -999.0 -999.0 -999.0 -999.0 275.92875490216073 -28.67794253154047 276.01100988500923 -28.664784562117852 86.8832094378172 84.38568790227805 -999.0 6231.0 -999.0 -1 -999 {-999.0 -999.0 -999.0 -999.0 -999.0} "" -999.0 -999.0 -999.0 -999.0 -999 -999 "" "" "" "" 0 0 0.0 0.0 -999 ""
FIBERMAP 579 R+10C17 APOGEE 1 1 0 1 0 0 171.4831527899869 194.1160497305329 143.1 -200.78616915399812 163.6064174676118 109.59618 167.65263 275.8252917771584 -28.424399912008834 -1.7822915 -6.8625746 0.115860716 275.8252857516314 -28.42442031587356 275.9067188255856 -28.41156075153927 86.93067139907747 79.47144539829729 16000.0 16600.0 2016.0 2 103 {-999.0 15.97638 14.477897 13.720659 -999.0} sdss_psfmag_from_g3xp 15.345595 14.319897 13.2992935 10.945 63050395265402605 1152041743 bright_1x1 mwm_galactic_core_dist_apogee_sparse mwm_galactic science 0 0 0.0 0.0 -999 ""
FIBERMAP 579 R+10C17 BOSS 0 0 0 1 0 0 171.3596128069366 194.8464456555731 143.1 -201.51103401754824 163.4538810261655 109.59618 167.65263 -999.0 -999.0 -999.0 -999.0 -999.0 275.822804431376 -28.424862684083383 275.9042268614754 -28.412011957185683 86.93290907354441 79.47104793530929 -999.0 5400.0 -999.0 1 177 {-999.0 -999.0 -999.0 -999.0 -999.0} "" -999.0 -999.0 -999.0 -999.0 -999 -999 "" "" "" "" 0 0 0.0 0.0 -999 ""
FIBERMAP 579 R+10C17 METROLOGY 0 0 0 1 0 0 172.06357083569313 194.59081887695305 143.1 -201.28366661336162 164.1674363137591 109.59618 167.65263 -999.0 -999.0 -999.0 -999.0 -999.0 275.82356880315933 -28.422685215063705 275.9049873298434 -28.40983207067521 86.93179479823439 79.43387339958264 -999.0 6231.0 -999.0 -1 -999 {-999.0 -999.0 -999.0 -999.0 -999.0} "" -999.0 -999.0 -999.0 -999.0 -999 -999 "" "" "" "" 0 0 0.0 0.0 -999 ""
FIBERMAP 583 R+3C18 APOGEE 1 1 0 1 0 0 112.22450233584775 54.40299790462217 143.1 -58.8287298563471 109.96345461973242 187.32877 129.03836 276.31202254497447 -28.588481271191693 15.931955 -22.143183 18.044243 276.31207649119546 -28.58854710747954 276.3939378970953 -28.57440035194246 86.53790811930457 83.61952996281549 16000.0 16600.0 2016.0 2 70 {-999.0 14.730595 13.292039 12.379599 -999.0} sdss_psfmag_from_g3xp 14.138811 13.025361 11.973665 10.007 63050395264226438 1069132597 bright_8x1 mwm_bin_rv_short_mdwarf_apogee_08epoch mwm_bin science 0 0 0.0 0.0 -999 ""
FIBERMAP 583 R+3C18 BOSS 0 0 0 1 0 0 111.68564275140183 54.92022230147764 143.1 -59.324054348088744 109.40443785257158 187.32877 129.03836 -999.0 -999.0 -999.0 -999.0 -999.0 276.31033030929177 -28.59017783277526 276.39218860867254 -28.576036950016228 86.53966343481078 83.64270305954233 -999.0 5400.0 -999.0 1 226 {-999.0 -999.0 -999.0 -999.0 -999.0} "" -999.0 -999.0 -999.0 -999.0 -999 -999 "" "" "" "" 0 0 0.0 0.0 -999 ""
FIBERMAP 583 R+3C18 METROLOGY 0 0 0 1 0 0 112.39189805088887 55.13211207431411 143.1 -59.56390511710319 110.10166230556601 187.32877 129.03836 -999.0 -999.0 -999.0 -999.0 -999.0 276.3095038632859 -28.58805146095265 276.3913593345202 -28.573912459197484 86.5400788257416 83.60613383147961 -999.0 6231.0 -999.0 -1 -999 {-999.0 -999.0 -999.0 -999.0 -999.0} "" -999.0 -999.0 -999.0 -999.0 -999 -999 "" "" "" "" 0 0 0.0 0.0 -999 ""
FIBERMAP 584 R+9C4 APOGEE 0 0 0 1 0 0 -115.37634938010203 184.9845744789044 143.1 -180.23362437927207 -122.65004293109082 51.507046 118.59756 -999.0 -999.0 -999.0 -999.0 -999.0 275.8871211575614 -29.291217806213222 275.97148445913115 -29.278095135179957 86.9355129869084 95.75675130145805 -999.0 16600.0 -999.0 2 -999 {-999.0 -999.0 -999.0 -999.0 -999.0} "" -999.0 -999.0 -999.0 -999.0 -999 -999 "" "" "" "" 0 0 0.0 0.0 -999 ""
FIBERMAP 584 R+9C4 BOSS 1 1 0 1 0 0 -114.62554019628057 184.85678868156833 143.1 -180.13585792162942 -121.89476883666664 51.507046 118.59756 275.8874499865382 -29.288942370075787 -1.964426 -7.375563 0.31780973 275.88744328980295 -29.288964299162437 275.9717855540682 -29.275840256561963 86.93540955728514 95.71433207395192 5400.0 5400.0 2016.0 1 15 {-999.0 17.047342 15.85059 15.474269 -999.0} sdss_psfmag_ps1 16.476751 15.75206 14.826636 12.879 63050395263081814 916965790 bright_4x1 mwm_yso_disk_boss mwm_yso science 0 0 0.0 0.0 -999 ""
FIBERMAP 584 R+9C4 METROLOGY 0 0 0 1 0 0 -115.11232841716101 184.28472367485844 143.1 -179.54487602386067 -122.3583596083725 51.507046 118.59756 -999.0 -999.0 -999.0 -999.0 -999.0 275.8894438318804 -29.290402955237365 275.9737943528826 -29.277273746855162 86.93356110286427 95.73877279016159 -999.0 6231.0 -999.0 -1 -999 {-999.0 -999.0 -999.0 -999.0 -999.0} "" -999.0 -999.0 -999.0 -999.0 -999 -999 "" "" "" "" 0 0 0.0 0.0 -999 ""
FIBERMAP 585 R+12C4 APOGEE 0 0 0 1 0 0 -91.35469845299052 245.6444942976475 143.1 -241.7999940893983 -101.06515979589169 96.7395 119.17063 -999.0 -999.0 -999.0 -999.0 -999.0 275.6751633909043 -29.223769480847707 275.75934737055036 -29.21120731775704 87.12442844280912 94.69096090601732 -999.0 16600.0 -999.0 2 -999 {-999.0 -999.0 -999.0 -999.0 -999.0} "" -999.0 -999.0 -999.0 -999.0 -999 -999 "" "" "" "" 0 0 0.0 0.0 -999 ""
FIBERMAP 585 R+12C4 BOSS 1 1 0 1 0 0 -90.79697605315403 246.0804473944195 143.1 -242.25780366067653 -100.5252712089017 96.7395 119.17063 275.673627126357 -29.22209309300707 -5.3991575 -10.088653 0.08854154 275.67360873263397 -29.222123088673207 275.7577750979482 -29.209564599393516 87.12588698578578 94.65972396939733 5400.0 5400.0 2016.0 1 98 {-999.0 15.223636 14.008919 13.42632 -999.0} sdss_psfmag_from_g3xp 14.763986 13.934067 13.0280905 10.984 63050395263396175 1076161627 bright_1x1 mwm_halo_mp_xp_boss_single mwm_halo science 0 0 0.0 0.0 -999 ""
FIBERMAP 585 R+12C4 METROLOGY 0 0 0 1 0 0 -90.67276534752925 245.33714196485656 143.1 -241.520066781035 -100.37155028048234 96.7395 119.17063 -999.0 -999.0 -999.0 -999.0 -999.0 275.6760969828658 -29.221705250049148 275.7602648377558 -29.209140484491062 87.12373954638164 94.64897080914318 -999.0 6231.0 -999.0 -1 -999 {-999.0 -999.0 -999.0 -999.0 -999.0} "" -999.0 -999.0 -999.0 -999.0 -999 -999 "" "" "" "" 0 0 0.0 0.0 -999 ""
FIBERMAP 586 R-5C20 APOGEE 1 1 0 1 0 0 189.28057804170427 -78.14139967342744 143.1 70.53515884840685 192.23592885514884 136.94139 66.73942 276.7589692193519 -28.340911247766606 -4.5658484 -6.308326 -0.020544898 276.75895379539344 -28.340930003733344 276.83987167042335 -28.325648939803727 86.10919239317116 80.83323425938936 16000.0 16600.0 2016.0 2 224 {-999.0 16.50108 14.917558 13.967918 -999.0} sdss_psfmag_from_g3xp 15.823431 14.60986 13.5243435 10.977 63050395266356598 1152042946 bright_1x1 mwm_galactic_core_dist_apogee_sparse mwm_galactic science 0 0 0.0 0.0 -999 ""
FIBERMAP 586 R-5C20 BOSS 0 0 0 1 0 0 189.95025096254744 -77.87919905342298 143.1 70.24649665865071 192.89459701909422 136.94139 66.73942 -999.0 -999.0 -999.0 -999.0 -999.0 276.75799614697155 -28.338888878843136 276.83889118218883 -28.32361340252884 86.1096407702484 80.80132593951765 -999.0 5400.0 -999.0 1 322 {-999.0 -999.0 -999.0 -999.0 -999.0} "" -999.0 -999.0 -999.0 -999.0 -999 -999 "" "" "" "" 0 0 0.0 0.0 -999 ""
FIBERMAP 586 R-5C20 METROLOGY 0 0 0 1 0 0 189.87714118207853 -78.6034797009744 143.1 70.97308601017468 192.85040406357098 136.94139 66.73942 -999.0 -999.0 -999.0 -999.0 -999.0 276.7605027098848 -28.339000901794392 276.84140206099744 -28.323718082033217 86.10749375135157 80.80921434814525 -999.0 6231.0 -999.0 -1 -999 {-999.0 -999.0 -999.0 -999.0 -999.0} "" -999.0 -999.0 -999.0 -999.0 -999 -999 "" "" "" "" 0 0 0.0 0.0 -999 ""
FIBERMAP 590 R+11C14 APOGEE 1 1 0 1 0 0 120.46867872510867 200.90294930169048 143.1 -205.53495587481953 112.36409398655435 254.80638 119.662056 275.8068815317515 -28.57901524705556 -0.7299887 -7.4182115 0.11450507 275.8068790602049 -28.579037302944684 275.8888383700682 -28.56620754720841 86.97503119071348 82.27438754214496 16000.0 16600.0 2016.0 2 55 {-999.0 16.043869 14.416097 13.459114 -999.0} sdss_psfmag_from_g3xp 15.327925 14.105032 13.013174 10.488 63050395264157163 1152039841 bright_1x1 mwm_galactic_core_dist_apogee_sparse mwm_galactic science 0 0 0.0 0.0 -999 ""
FIBERMAP 590 R+11C14 BOSS 0 0 0 1 0 0 119.75561325135645 200.65970211827437 143.1 -205.26350252477607 111.66131434027054 254.80638 119.662056 -999.0 -999.0 -999.0 -999.0 -999.0 275.80776161810957 -28.58114845543239 275.88971515832816 -28.568317986415877 86.97461422750133 82.31621623234594 -999.0 5400.0 -999.0 1 92 {-999.0 -999.0 -999.0 -999.0 -999.0} "" -999.0 -999.0 -999.0 -999.0 -999 -999 "" "" "" "" 0 0 0.0 0.0 -999 ""
FIBERMAP 590 R+11C14 METROLOGY 0 0 0 1 0 0 119.90876616294729 201.39840923874692 143.1 -206.00769529256445 111.78490891104862 254.80638 119.662056 -999.0 -999.0 -999.0 -999.0 -999.0 275.8051728660048 -28.580743257651154 275.8871292741527 -28.567919064397522 86.97679049175083 82.30177282174577 -999.0 6231.0 -999.0 -1 -999 {-999.0 -999.0 -999.0 -999.0 -999.0} "" -999.0 -999.0 -999.0 -999.0 -999 -999 "" "" "" "" 0 0 0.0 0.0 -999 ""
FIBERMAP 591 R+11C1 APOGEE 1 1 0 1 0 0 -170.76692097183926 192.8145279780726 143.1 -185.8502483191654 -178.30637033144984 320.98187 44.721977 275.86669921875 -29.459021281196428 -999.0 -999.0 -999.0 275.86669921875 -29.459021281196428 275.95164344085146 -29.44593208646802 86.93624302110629 98.91360758452223 16000.0 16600.0 2015.5 2 9 {-999.0 -999.0 -999.0 -999.0 -999.0} "" -999.0 -999.0 -999.0 -999.0 27021603147107100 848843563 "" ops_sky_apogee_good ops_sky sky_apogee 0 0 0.0 0.0 -999 ""
FIBERMAP 591 R+11C1 BOSS 0 0 0 1 0 0 -171.50999140957668 192.76540330985688 143.1 -185.77156016954925 -179.0468638959804 320.98187 44.721977 -999.0 -999.0 -999.0 -999.0 -999.0 275.8669654878905 -29.46126326916568 275.95190427967793 -29.44817166617606 86.93573560258902 98.9546378598659 -999.0 5400.0 -999.0 1 9 {-999.0 -999.0 -999.0 -999.0 -999.0} "" -999.0 -999.0 -999.0 -999.0 -999 -999 "" "" "" "" 0 0 0.0 0.0 -999 ""
FIBERMAP 591 R+11C1 METROLOGY 0 0 0 1 0 0 -171.19534856189665 193.4249928489284 143.1 -186.44313521209233 -178.7587619694717 320.98187 44.721977 -999.0 -999.0 -999.0 -999.0 -999.0 275.8646039391808 -29.460401446584928 275.9495440651565 -29.44731651388744 86.93788239124329 98.94361781216998 -999.0 6231.0 -999.0 -1 -999 {-999.0 -999.0 -999.0 -999.0 -999.0} "" -999.0 -999.0 -999.0 -999.0 -999 -999 "" "" "" "" 0 0 0.0 0.0 -999 ""
FIBERMAP 593 R-1C22 APOGEE 1 1 0 1 0 0 174.77437246824599 -4.809177455494124 143.1 -2.1579677140439815 174.8202137825221 203.20305 33.771877 276.50858763889914 -28.392891533897124 -5.2524943 -2.6279128 0.13705076 276.50856988667977 -28.392899347228454 276.5897273638341 -28.37826371590876 86.33534787321477 80.9716274116583 16000.0 16600.0 2016.0 2 205 {-999.0 15.444663 13.8774605 13.021043 -999.0} sdss_psfmag_from_g3xp 14.767652 13.637732 12.584562 10.094 63050395264281149 1152040098 bright_1x1 mwm_galactic_core_dist_apogee_sparse mwm_galactic science 0 0 0.0 0.0 -999 ""
FIBERMAP 593 R-1C22 BOSS 0 0 0 1 0 0 175.1951080626607 -4.1895848840451375 143.1 -2.793805955872826 175.21591348312364 203.20305 33.771877 -999.0 -999.0 -999.0 -999.0 -999.0 276.506397444418 -28.391632223528855 276.58753594927816 -28.377005020016444 86.33699989940243 80.94652740242145 -999.0 5400.0 -999.0 1 289 {-999.0 -999.0 -999.0 -999.0 -999.0} "" -999.0 -999.0 -999.0 -999.0 -999 -999 "" "" "" "" 0 0 0.0 0.0 -999 ""
FIBERMAP 593 R-1C22 METROLOGY 0 0 0 1 0 0 175.5146019395265 -4.868465805509905 143.1 -2.1282200744639845 175.56218800110335 203.20305 33.771877 -999.0 -999.0 -999.0 -999.0 -999.0 276.50869026177185 -28.390570910086232 276.5898289437133 -28.3759371222207 86.33481532694083 80.93616836717229 -999.0 6231.0 -999.0 -1 -999 {-999.0 -999.0 -999.0 -999.0 -999.0} "" -999.0 -999.0 -999.0 -999.0 -999 -999 "" "" "" "" 0 0 0.0 0.0 -999 ""
FIBERMAP 595 R-3C1 APOGEE 1 1 0 1 0 0 -264.32383681908163 -42.96651152358165 143.1 53.461526220427196 -262.3915777902264 139.3251 88.93431 276.6976579952464 -29.71669057159169 -4.6501265 -5.121565 0.23028454 276.69764207584274 -29.716705799070773 276.783258175693 -29.701422007693942 86.18361774546013 101.39780787620312 16000.0 16600.0 2016.0 2 271 {-999.0 15.71326 14.202247 13.483779 -999.0} sdss_psfmag_ps1 15.040763 13.899917 12.847787 10.464 63050395244627804 1153376900 bright_1x1 mwm_galactic_core_dist_apogee_sparse mwm_galactic science 0 0 0.0 0.0 -999 ""
FIBERMAP 595 R-3C1 BOSS 0 0 0 1 0 0 -263.829127136597 -42.39895488463183 143.1 52.87473333387228 -261.9198925467653 139.3251 88.93431 -999.0 -999.0 -999.0 -999.0 -999.0 276.6956202298618 -29.715291317277583 276.78121583086374 -29.700010646323193 86.18559610644988 101.38117316617627 -999.0 5400.0 -999.0 1 443 {-999.0 -999.0 -999.0 -999.0 -999.0} "" -999.0 -999.0 -999.0 -999.0 -999 -999 "" "" "" "" 0 0 0.0 0.0 -999 ""
FIBERMAP 595 R-3C1 METROLOGY 0 0 0 1 0 0 -263.5987250619828 -43.122815340396365 143.1 53.58881071748623 -261.6608435131549 139.3251 88.93431 -999.0 -999.0 -999.0 -999.0 -999.0 276.6981154611208 -29.71456261533505 276.78371246965924 -29.699276191939234 86.18357389924411 101.36503487945674 -999.0 6231.0 -999.0 -1 -999 {-999.0 -999.0 -999.0 -999.0 -999.0} "" -999.0 -999.0 -999.0 -999.0 -999 -999 "" "" "" "" 0 0 0.0 0.0 -999 ""
FIBERMAP 596 R-5C10 APOGEE 1 1 0 1 0 0 -32.15782458036277 -114.84700217753804 143.1 116.03241160009276 -27.555419705867983 307.7591 77.58882 276.9165113191663 -29.00691691650827 -0.88711953 -3.5895114 0.15024777 276.9165083032634 -29.006927588873918 276.9996344487677 -28.99115818214467 86.04332728698395 90.73816358746139 16000.0 16600.0 2016.0 2 269 {-999.0 15.735688 13.911005 12.182048 -999.0} sdss_psfmag_from_g3xp 14.902818 12.923633 11.60526 8.499 63050395245643333 1152011020 bright_1x1 mwm_galactic_core_dist_apogee_sparse mwm_galactic science 0 0 0.0 0.0 -999 ""
FIBERMAP 596 R-5C10 BOSS 0 0 0 1 0 0 -32.82298458327743 -115.18927352586005 143.1 116.40089794231255 -28.206388641265036 307.7591 77.58882 -999.0 -999.0 -999.0 -999.0 -999.0 276.9178706693439 -29.00891598072672 277.0009862995913 -28.993143162729183 86.04219517835135 90.76734853725873 -999.0 5400.0 -999.0 1 370 {-999.0 -999.0 -999.0 -999.0 -999.0} "" -999.0 -999.0 -999.0 -999.0 -999 -999 "" "" "" "" 0 0 0.0 0.0 -999 ""
FIBERMAP 596 R-5C10 METROLOGY 0 0 0 1 0 0 -32.792465321241295 -114.45089369854065 143.1 115.66191800588518 -28.205312405472572 307.7591 77.58882 -999.0 -999.0 -999.0 -999.0 -999.0 276.91531919995066 -29.008917536521675 276.9984403412518 -28.993151249231676 86.04442158154264 90.7666616557105 -999.0 6231.0 -999.0 -1 -999 {-999.0 -999.0 -999.0 -999.0 -999.0} "" -999.0 -999.0 -999.0 -999.0 -999 -999 "" "" "" "" 0 0 0.0 0.0 -999 ""
FIBERMAP 601 R+5C20 APOGEE 1 1 0 1 0 0 174.25528084730246 95.11345348100738 143.1 -101.97658340964551 170.32056692500493 211.25003 90.75929 276.16470336914057 -28.40545835925296 -999.0 -999.0 -999.0 276.16470336914057 -28.40545835925296 276.2459898881755 -28.3917166230369 86.63454063635386 80.22048599195543 16000.0 16600.0 2015.5 2 117 {-999.0 -999.0 -999.0 -999.0 -999.0} "" -999.0 -999.0 -999.0 -999.0 27021603147110311 848843968 "" ops_sky_apogee_good ops_sky sky_apogee 0 0 0.0 0.0 -999 ""
FIBERMAP 601 R+5C20 BOSS 0 0 0 1 0 0 173.8528379137112 95.74128762837158 143.1 -102.58786034037094 169.89344626832312 211.25003 90.75929 -999.0 -999.0 -999.0 -999.0 -999.0 276.16257021664836 -28.40669024436911 276.24384738262415 -28.392956448817465 86.63663599327046 80.23473327275303 -999.0 5400.0 -999.0 1 202 {-999.0 -999.0 -999.0 -999.0 -999.0} "" -999.0 -999.0 -999.0 -999.0 -999 -999 "" "" "" "" 0 0 0.0 0.0 -999 ""
FIBERMAP 601 R+5C20 METROLOGY 0 0 0 1 0 0 174.59688341169672 95.78442121953321 143.1 -102.66060125650728 170.63515276865232 211.25003 90.75929 -999.0 -999.0 -999.0 -999.0 -999.0 276.1623203750112 -28.404426845757047 276.2435939617735 -28.390693256504385 86.63639950057386 80.19618186278962 -999.0 6231.0 -999.0 -1 -999 {-999.0 -999.0 -999.0 -999.0 -999.0} "" -999.0 -999.0 -999.0 -999.0 -999 -999 "" "" "" "" 0 0 0.0 0.0 -999 ""
FIBERMAP 602 R+3C5 APOGEE 1 1 0 1 0 0 -185.20952163594268 47.87499092439729 143.1 -40.456185678790455 -186.96243257127233 261.30936 55.618683 276.3714553793779 -29.48895619928749 -4.5673413 -8.159859 0.38361883 276.3714397786519 -29.488980460247596 276.45635860873466 -29.474572714106348 86.49652012952278 98.49089959949735 16000.0 16600.0 2016.0 2 24 {-999.0 13.847848 12.356307 11.659475 -999.0} sdss_psfmag_from_g3xp 13.222669 12.229224 11.249946 8.967 63050395244986881 1155740929 bright_1x1 mwm_galactic_core_dist_apogee_extra mwm_galactic science 0 0 0.0 0.0 -999 ""
FIBERMAP 602 R+3C5 BOSS 0 0 0 1 0 0 -185.737951928717 48.39537382641979 143.1 -40.95508155188639 -187.51115458174002 261.30936 55.618683 -999.0 -999.0 -999.0 -999.0 -999.0 276.36969725908295 -29.490687520621687 276.45460755756017 -29.476282599667783 86.49783918161539 98.52155332121964 -999.0 5400.0 -999.0 1 41 {-999.0 -999.0 -999.0 -999.0 -999.0} "" -999.0 -999.0 -999.0 -999.0 -999 -999 "" "" "" "" 0 0 0.0 0.0 -999 ""
FIBERMAP 602 R+3C5 METROLOGY 0 0 0 1 0 0 -185.0304607126434 48.612207444900456 143.1 -41.19992128322688 -186.81289220919882 261.30936 55.618683 -999.0 -999.0 -999.0 -999.0 -999.0 276.36884210235024 -29.48860159666081 276.4537497033373 -29.47419958011952 86.49881911421322 98.48906930330122 -999.0 6231.0 -999.0 -1 -999 {-999.0 -999.0 -999.0 -999.0 -999.0} "" -999.0 -999.0 -999.0 -999.0 -999 -999 "" "" "" "" 0 0 0.0 0.0 -999 ""
FIBERMAP 603 R-11C2 APOGEE 0 0 0 1 0 0 -144.11809606728053 -222.5599696943928 143.1 228.11612405597404 -135.13095702071075 241.47815 149.11513 -999.0 -999.0 -999.0 -999.0 -999.0 277.30415773795613 -29.331288166894815 277.3882820236346 -29.314472663965567 85.69994252891615 95.17550070499243 -999.0 16600.0 -999.0 2 -999 {-999.0 -999.0 -999.0 -999.0 -999.0} "" -999.0 -999.0 -999.0 -999.0 -999 -999 "" "" "" "" 0 0 0.0 0.0 -999 ""
FIBERMAP 603 R-11C2 BOSS 1 1 0 1 0 0 -144.76061428271146 -222.93723032873513 143.1 228.51866843877696 -135.75790905374643 241.47815 149.11513 277.3055675710049 -29.333165751492356 -0.7799036 -2.15026 1.038103 277.30556491115885 -29.33317214466349 277.3896764314808 -29.316351996256188 85.6986365886819 95.19974196995977 5400.0 5400.0 2016.0 1 516 {-999.0 17.845686 17.080124 16.856665 -999.0} sdss_psfmag_ps1 17.462898 17.142181 16.227888 14.859 63050395245283243 1096622135 bright_1x1 mwm_bin_vis_boss mwm_filler science 0 0 0.0 0.0 -999 ""
FIBERMAP 603 R-11C2 METROLOGY 0 0 0 1 0 0 -144.77221347511443 -222.19716308810683 143.1 227.77968052527956 -135.79898337384944 241.47815 149.11513 -999.0 -999.0 -999.0 -999.0 -999.0 277.30306025061907 -29.333337397165934 277.38717861838757 -29.316523937831743 85.70080348083623 95.20345424099798 -999.0 6231.0 -999.0 -1 -999 {-999.0 -999.0 -999.0 -999.0 -999.0} "" -999.0 -999.0 -999.0 -999.0 -999 -999 "" "" "" "" 0 0 0.0 0.0 -999 ""
FIBERMAP 606 R-1C4 APOGEE 0 0 0 1 0 0 -229.21489208517556 -13.829231896868231 143.1 22.94978159022885 -228.47276327968132 189.97649 84.01885 -999.0 -999.0 -999.0 -999.0 -999.0 276.59176450709117 -29.61473569101017 276.6770578010386 -29.599739492459108 86.29016616391822 100.0776772853394 -999.0 16600.0 -999.0 2 -999 {-999.0 -999.0 -999.0 -999.0 -999.0} "" -999.0 -999.0 -999.0 -999.0 -999 -999 "" "" "" "" 0 0 0.0 0.0 -999 ""
FIBERMAP 606 R-1C4 BOSS 1 1 0 1 0 0 -229.28906304365304 -13.06197521266921 143.1 22.186119812157763 -228.57744042838868 189.97649 84.01885 276.58910518494724 -29.615077328133573 5.664312 -2.883208 1.1000111 276.5891245567681 -29.61508590051072 276.6744035875793 -29.600094613178648 86.29240179541408 100.08809513485429 5400.0 5400.0 2016.0 1 510 {-999.0 16.404743 15.653465 15.341101 -999.0} sdss_psfmag_ps1 16.157755 15.619661 14.924628 13.628 63050395244896281 1096399672 bright_1x1 mwm_bin_vis_boss mwm_filler science 0 0 0.0 0.0 -999 ""
FIBERMAP 606 R-1C4 METROLOGY 0 0 0 1 0 0 -228.60240305251247 -13.399865617727052 143.1 22.496371401943264 -227.87789131110924 189.97649 84.01885 -999.0 -999.0 -999.0 -999.0 -999.0 276.5902112110761 -29.613018129507374 276.6754876626742 -29.598024790844974 86.29175699703394 100.0543697286189 -999.0 6231.0 -999.0 -1 -999 {-999.0 -999.0 -999.0 -999.0 -999.0} "" -999.0 -999.0 -999.0 -999.0 -999 -999 "" "" "" "" 0 0 0.0 0.0 -999 ""
FIBERMAP 609 R+3C17 APOGEE 0 0 0 1 0 0 88.1588373826626 64.03637322426042 143.1 -67.49527797773261 85.53405966670819 160.22215 110.63028 -999.0 -999.0 -999.0 -999.0 -999.0 276.2816591244189 -28.66248437253828 276.36378366283157 -28.648407783764693 86.57403656934012 84.7815443040605 -999.0 16600.0 -999.0 2 -999 {-999.0 -999.0 -999.0 -999.0 -999.0} "" -999.0 -999.0 -999.0 -999.0 -999 -999 "" "" "" "" 0 0 0.0 0.0 -999 ""
FIBERMAP 609 R+3C17 BOSS 1 1 0 1 0 0 88.18484156906715 64.8865707389344 143.1 -68.34580246311688 85.52616969679026 160.22215 110.63028 276.27868973651215 -28.662431370560242 0.51297575 -5.953942 0.066857904 276.27869147469124 -28.662449072870483 276.36080210852367 -28.648381803459365 86.57662985773017 84.77570152220687 5400.0 5400.0 2016.0 1 227 {-999.0 15.290663 14.288487 13.799693 -999.0} sdss_psfmag_from_g3xp 14.947224 14.243889 13.417853 11.58 63050395264075936 1076161598 bright_1x1 mwm_halo_mp_xp_boss_single mwm_halo science 0 0 0.0 0.0 -999 ""
FIBERMAP 609 R+3C17 METROLOGY 0 0 0 1 0 0 88.78903480175423 64.43929930900346 143.1 -67.92297553703784 86.14767864913809 160.22215 110.63028 -999.0 -999.0 -999.0 -999.0 -999.0 276.28015401833636 -28.66056208050662 276.36226203584374 -28.646490778968726 86.57512434443764 84.74694022043934 -999.0 6231.0 -999.0 -1 -999 {-999.0 -999.0 -999.0 -999.0 -999.0} "" -999.0 -999.0 -999.0 -999.0 -999 -999 "" "" "" "" 0 0 0.0 0.0 -999 ""
FIBERMAP 616 R+10C3 APOGEE 1 1 0 1 0 0 -134.7463468815578 184.14043294497495 143.1 -178.61847247526543 -141.9702548945734 239.57231 142.91913 275.89233912951653 -29.34963594297303 0.7226764 -4.8349576 0.12431855 275.8923415945888 -29.349650318309898 275.97690387476445 -29.336507164380716 86.92612583771059 96.83716342683468 16000.0 16600.0 2016.0 2 13 {-999.0 15.969862 14.412106 13.649434 -999.0} sdss_psfmag_from_g3xp 15.308065 14.239807 13.225269 10.782 63050395263074198 1152038828 bright_1x1 mwm_galactic_core_dist_apogee_sparse mwm_galactic science 0 0 0.0 0.0 -999 ""
FIBERMAP 616 R+10C3 BOSS 0 0 0 1 0 0 -135.41929852819464 183.84775813915797 143.1 -178.29923088804867 -142.63098493682014 239.57231 142.91913 -999.0 -999.0 -999.0 -999.0 -999.0 275.89341333935766 -29.351681063392544 275.9779692030751 -29.338533837308 86.92501905634265 96.87324515783706 -999.0 5400.0 -999.0 1 16 {-999.0 -999.0 -999.0 -999.0 -999.0} "" -999.0 -999.0 -999.0 -999.0 -999 -999 "" "" "" "" 0 0 0.0 0.0 -999 ""
FIBERMAP 616 R+10C3 METROLOGY 0 0 0 1 0 0 -135.3464841062395 184.59648469403817 143.1 -179.050233992019 -142.58806103568975 239.57231 142.91913 -999.0 -999.0 -999.0 -999.0 -999.0 275.8907791726001 -29.351547790941307 275.975338967831 -29.33840774054067 86.92731397819327 96.87475380429544 -999.0 6231.0 -999.0 -1 -999 {-999.0 -999.0 -999.0 -999.0 -999.0} "" -999.0 -999.0 -999.0 -999.0 -999 -999 "" "" "" "" 0 0 0.0 0.0 -999 ""
FIBERMAP 617 R-4C3 APOGEE 1 1 0 1 0 0 -195.95656634882633 -66.93708600338763 143.1 74.68830921482225 -193.126320187423 54.328747 125.207855 276.7721405232317 -29.508287168216125 11.134922 -7.3559113 4.6349845 276.77217856418616 -29.508309038868365 276.8570557996166 -29.49285600007346 86.14781080157802 98.17837318115045 16000.0 16600.0 2016.0 2 242 {-999.0 8.005586 8.160211 8.270481 -999.0} sdss_psfmag_gaia 8.10621 8.067073 7.958573 7.866 63050395245368743 975474726 "" ops_std_apogee ops_std standard_apogee 0 0 0.0 0.0 -999 ""
FIBERMAP 617 R-4C3 BOSS 0 0 0 1 0 0 -195.19883537529114 -66.96208186017324 143.1 74.68309568849193 -192.36822529976567 54.328747 125.207855 -999.0 -999.0 -999.0 -999.0 -999.0 276.7722036297962 -29.506072944481996 276.8570581228835 -29.490618496365414 86.14804344748481 98.14524794669921 -999.0 5400.0 -999.0 1 499 {-999.0 -999.0 -999.0 -999.0 -999.0} "" -999.0 -999.0 -999.0 -999.0 -999 -999 "" "" "" "" 0 0 0.0 0.0 -999 ""
FIBERMAP 617 R-4C3 METROLOGY 0 0 0 1 0 0 -195.58954089286678 -67.59870751993707 143.1 75.33475639378645 -192.73324135798632 54.328747 125.207855 -999.0 -999.0 -999.0 -999.0 -999.0 276.77447504383196 -29.507199174324224 276.85933745723014 -29.491739108592704 86.14595302664817 98.15874179607664 -999.0 6231.0 -999.0 -1 -999 {-999.0 -999.0 -999.0 -999.0 -999.0} "" -999.0 -999.0 -999.0 -999.0 -999 -999 "" "" "" "" 0 0 0.0 0.0 -999 ""
FIBERMAP 618 R+8C5 APOGEE 1 1 0 1 0 0 -122.33258019609403 136.3807595438132 143.1 -131.39320329115037 -127.6640620379732 308.4146 32.506977 276.05621048432846 -29.307823167586946 -0.7177219 -4.8204775 0.1447405 276.05620803715976 -29.307837499871418 276.1405861256799 -29.294272224733803 86.78724898660955 95.86055953912852 16000.0 16600.0 2016.0 2 42 {-999.0 15.948897 14.538882 13.814812 -999.0} sdss_psfmag_ps1 15.238805 14.095353 13.039553 10.614 63050395263041481 1153378576 bright_1x1 mwm_galactic_core_dist_apogee_sparse mwm_galactic science 0 0 0.0 0.0 -999 ""
FIBERMAP 618 R+8C5 BOSS 0 0 0 1 0 0 -123.03321742839941 136.6195594387404 143.1 -131.60389014793617 -128.37362890369516 308.4146 32.506977 -999.0 -999.0 -999.0 -999.0 -999.0 276.0554281892921 -29.310021748299782 276.1398002431399 -29.296457381491116 86.78777659270453 95.90032672104428 -999.0 5400.0 -999.0 1 70 {-999.0 -999.0 -999.0 -999.0 -999.0} "" -999.0 -999.0 -999.0 -999.0 -999 -999 "" "" "" "" 0 0 0.0 0.0 -999 ""
FIBERMAP 618 R+8C5 METROLOGY 0 0 0 1 0 0 -122.47787128207699 137.1078423467721 143.1 -132.11389121642773 -127.83819944507319 308.4146 32.506977 -999.0 -999.0 -999.0 -999.0 -999.0 276.0536442249009 -29.308404675438904 276.1380150926608 -29.294845396379174 86.78944474676064 95.87361303287321 -999.0 6231.0 -999.0 -1 -999 {-999.0 -999.0 -999.0 -999.0 -999.0} "" -999.0 -999.0 -999.0 -999.0 -999 -999 "" "" "" "" 0 0 0.0 0.0 -999 ""
FIBERMAP 621 R-1C10 APOGEE 0 0 0 1 0 0 -66.47585138864756 -2.2186434326336766 143.1 4.865237956037829 -66.33201901299604 115.00084 42.918198 -999.0 -999.0 -999.0 -999.0 -999.0 276.5304374243414 -29.12429820818729 276.61406636325796 -29.109519492796245 86.3814286728122 92.48623508543619 -999.0 16600.0 -999.0 2 -999 {-999.0 -999.0 -999.0 -999.0 -999.0} "" -999.0 -999.0 -999.0 -999.0 -999 -999 "" "" "" "" 0 0 0.0 0.0 -999 ""
FIBERMAP 621 R-1C10 BOSS 1 1 0 1 0 0 -65.78321842612121 -2.5079147216004367 143.1 5.126673010089989 -65.62843892562233 115.00084 42.918198 276.5313720703125 -29.122206065992486 -999.0 -999.0 -999.0 276.5313720703125 -29.122206065992486 276.6149780951375 -29.10742505978152 86.3806488651089 92.45295385342442 5400.0 5400.0 2015.5 1 509 {-999.0 -999.0 -999.0 -999.0 -999.0} "" -999.0 -999.0 -999.0 -999.0 27021603147063076 852450954 "" ops_sky_boss_fallback ops_sky sky_boss 0 0 0.0 0.0 -999 ""
FIBERMAP 621 R-1C10 METROLOGY 0 0 0 1 0 0 -66.37167507387866 -2.959349522953765 143.1 5.6011758485281185 -66.1984193265035 115.00084 42.918198 -999.0 -999.0 -999.0 -999.0 -999.0 276.5330119562411 -29.1239454475167 276.6166278854888 -29.109159992665266 86.37919372331604 92.48024925945327 -999.0 6231.0 -999.0 -1 -999 {-999.0 -999.0 -999.0 -999.0 -999.0} "" -999.0 -999.0 -999.0 -999.0 -999 -999 "" "" "" "" 0 0 0.0 0.0 -999 ""
FIBERMAP 622 R-9C14 APOGEE 1 1 0 1 0 0 79.47671607342645 -178.0249630571872 143.1 174.7100839219886 86.50307365201634 258.6806 29.49873 277.118416827785 -28.660932969525987 -3.2191784 -17.044325 0.18325172 277.11840591999766 -28.660983645856643 277.20030495718015 -28.644730089844195 85.844423024702 86.01759517227097 16000.0 16600.0 2016.0 2 198 {-999.0 14.688356 13.571091 13.038697 -999.0} sdss_psfmag_from_g3xp 14.284314 13.515285 12.648538 10.732 63050395247103504 1152012471 bright_1x1 mwm_galactic_core_dist_apogee_sparse mwm_galactic science 0 0 0.0 0.0 -999 ""
FIBERMAP 622 R-9C14 BOSS 0 0 0 1 0 0 79.25306554925925 -177.31940610094432 143.1 174.01402578646352 86.25149976248318 258.6806 29.49873 -999.0 -999.0 -999.0 -999.0 -999.0 277.1160908254888 -28.661718491593035 277.1979754001237 -28.645472559671482 85.8465362123459 86.02470662366306 -999.0 5400.0 -999.0 1 274 {-999.0 -999.0 -999.0 -999.0 -999.0} "" -999.0 -999.0 -999.0 -999.0 -999 -999 "" "" "" "" 0 0 0.0 0.0 -999 ""
FIBERMAP 622 R-9C14 METROLOGY 0 0 0 1 0 0 79.97867173279374 -177.47313584126925 143.1 174.1387186554832 86.98262550062019 258.6806 29.49873 -999.0 -999.0 -999.0 -999.0 -999.0 277.11653212449045 -28.659493364262627 277.1984140647794 -28.64324607296233 85.84591042461355 85.99473243564489 -999.0 6231.0 -999.0 -1 -999 {-999.0 -999.0 -999.0 -999.0 -999.0} "" -999.0 -999.0 -999.0 -999.0 -999 -999 "" "" "" "" 0 0 0.0 0.0 -999 ""
FIBERMAP 625 R+1C2 APOGEE 0 0 0 1 0 0 -274.70632911696214 32.52727688206283 143.1 -21.555655457568935 -275.7731370370007 207.44267 33.462975 -999.0 -999.0 -999.0 -999.0 -999.0 276.4362958678583 -29.756362944403467 276.52211892705657 -29.741754765425163 86.40002277119285 102.61847698247982 -999.0 16600.0 -999.0 2 -999 {-999.0 -999.0 -999.0 -999.0 -999.0} "" -999.0 -999.0 -999.0 -999.0 -999 -999 "" "" "" "" 0 0 0.0 0.0 -999 ""
FIBERMAP 625 R+1C2 BOSS 1 1 0 1 0 0 -274.3811599950997 33.17128765724241 143.1 -22.212084102914506 -275.4738969461441 207.44267 33.462975 276.43404132438104 -29.755429905827118 -3.3605754 -5.6098065 0.07704904 276.43402981522655 -29.755446584950935 276.5198350129835 -29.74084192959438 86.4021401742616 102.61001131492272 5400.0 5400.0 2016.0 1 11 {-999.0 -999.0 -999.0 -999.0 -999.0} "" -999.0 15.837562 -999.0 12.404 63050395244882008 1093123874 bright_3x1 mwm_astar_core_boss mwm_ob science 0 0 0.0 0.0 -999 ""
FIBERMAP 625 R+1C2 METROLOGY 0 0 0 1 0 0 -273.9588936434267 32.55623253258043 143.1 -21.61436531631099 -275.0274785291565 207.44267 33.462975 -999.0 -999.0 -999.0 -999.0 -999.0 276.4361061722581 -29.754169595684345 276.5219107617934 -29.739560391303673 86.40060467407189 102.58465492528467 -999.0 6231.0 -999.0 -1 -999 {-999.0 -999.0 -999.0 -999.0 -999.0} "" -999.0 -999.0 -999.0 -999.0 -999 -999 "" "" "" "" 0 0 0.0 0.0 -999 ""
FIBERMAP 628 R-7C16 APOGEE 1 1 0 1 0 0 110.7786114841988 -126.53712635805441 143.1 122.0180978457986 115.7275519012622 161.49396 97.638626 276.93664826634574 -28.5724357477002 -3.6678221 -3.3086865 0.07132076 276.9366358488585 -28.572445585114348 277.0182855443034 -28.5566750785693 85.99238455372117 84.51723778897122 16000.0 16600.0 2016.0 2 207 {-999.0 17.073996 15.304893 13.998625 -999.0} sdss_psfmag_ps1 16.275982 13.96593 12.582666 9.209 63050395263879678 1153378812 bright_1x1 mwm_galactic_core_dist_apogee_sparse mwm_galactic science 0 0 0.0 0.0 -999 ""
FIBERMAP 628 R-7C16 BOSS 0 0 0 1 0 0 110.91804347437707 -125.78916676870107 143.1 121.26520697677125 115.83706836881844 161.49396 97.638626 -999.0 -999.0 -999.0 -999.0 -999.0 276.9341107734457 -28.572064725651604 277.01574294794386 -28.5563028360147 85.99454811397234 84.50768884151069 -999.0 5400.0 -999.0 1 292 {-999.0 -999.0 -999.0 -999.0 -999.0} "" -999.0 -999.0 -999.0 -999.0 -999 -999 "" "" "" "" 0 0 0.0 0.0 -999 ""
FIBERMAP 628 R-7C16 METROLOGY 0 0 0 1 0 0 111.48278639795811 -126.27945216936774 143.1 121.73258372861834 116.42087362009836 161.49396 97.638626 -999.0 -999.0 -999.0 -999.0 -999.0 276.9357291030144 -28.570285393923175 277.0173596412784 -28.55451894173929 85.99290211169189 84.48510556329518 -999.0 6231.0 -999.0 -1 -999 {-999.0 -999.0 -999.0 -999.0 -999.0} "" -999.0 -999.0 -999.0 -999.0 -999 -999 "" "" "" "" 0 0 0.0 0.0 -999 ""
FIBERMAP 629 R0C19 APOGEE 1 1 0 1 0 0 125.18698381580332 0.9195723658435958 143.1 -5.90634325934679 125.04594297493531 5.233068 116.7481 276.495122323099 -28.54339791462319 -6.824448 -6.0243783 0.08739031 276.49509922515983 -28.543415826353822 276.57676714316256 -28.52879753520772 86.37234160979357 83.27329502082338 16000.0 16600.0 2016.0 2 90 {-999.0 16.630316 15.100372 13.84645 -999.0} sdss_psfmag_ps1 15.9070425 14.225787 12.977253 10.156 63050395263949473 1153378872 bright_1x1 mwm_galactic_core_dist_apogee_sparse mwm_galactic science 0 0 0.0 0.0 -999 ""
FIBERMAP 629 R0C19 BOSS 0 0 0 1 0 0 125.58398914772363 0.2908079633095595 143.1 -5.293920211384058 125.46766762686275 5.233068 116.7481 -999.0 -999.0 -999.0 -999.0 -999.0 276.49723154378285 -28.54207906191681 276.5788791322302 -28.527457438307714 86.37030451874233 83.25680518330921 -999.0 5400.0 -999.0 1 253 {-999.0 -999.0 -999.0 -999.0 -999.0} "" -999.0 -999.0 -999.0 -999.0 -999 -999 "" "" "" "" 0 0 0.0 0.0 -999 ""
FIBERMAP 629 R0C19 METROLOGY 0 0 0 1 0 0 124.84195596965996 0.24890781237668522 143.1 -5.222491879048461 124.72792262707553 5.233068 116.7481 -999.0 -999.0 -999.0 -999.0 -999.0 276.4974652178262 -28.54430777386248 276.5791246002384 -28.52968468914982 86.37042828728066 83.29209753682 -999.0 6231.0 -999.0 -1 -999 {-999.0 -999.0 -999.0 -999.0 -999.0} "" -999.0 -999.0 -999.0 -999.0 -999 -999 "" "" "" "" 0 0 0.0 0.0 -999 ""
FIBERMAP 632 R-6C1 APOGEE 1 1 0 1 0 0 -231.26007598099372 -128.45393677356518 143.1 137.56037242110986 -225.94951236010448 245.83827 109.66928 276.9903789229713 -29.60659990759893 -1.998935 -5.514747 0.12500599 276.9903720872323 -29.60661630409167 277.0755286310443 -29.590583987659464 85.94785181972775 99.27355404276175 16000.0 16600.0 2016.0 2 274 {-999.0 15.499183 13.941007 12.994803 -999.0} sdss_psfmag_from_g3xp 14.831998 13.636968 12.556343 10.07 63050395245149197 1152010700 bright_1x1 mwm_galactic_core_dist_apogee_sparse mwm_galactic science 0 0 0.0 0.0 -999 ""
FIBERMAP 632 R-6C1 BOSS 0 0 0 1 0 0 -232.01509291354105 -128.40107399513062 143.1 137.53763413715765 -226.70600570808125 245.83827 109.66928 -999.0 -999.0 -999.0 -999.0 -999.0 276.990303785116 -29.608892729597823 277.0754508824151 -29.592858453348587 85.94764027198813 99.30561483876812 -999.0 5400.0 -999.0 1 446 {-999.0 -999.0 -999.0 -999.0 -999.0} "" -999.0 -999.0 -999.0 -999.0 -999 -999 "" "" "" "" 0 0 0.0 0.0 -999 ""
FIBERMAP 632 R-6C1 METROLOGY 0 0 0 1 0 0 -231.61357286340137 -127.7894418071311 143.1 136.9105152007632 -226.3291883789276 245.83827 109.66928 -999.0 -999.0 -999.0 -999.0 -999.0 276.98815559263056 -29.607811314489542 277.0733044879951 -29.591783284067642 85.94962451103754 99.29375310749975 -999.0 6231.0 -999.0 -1 -999 {-999.0 -999.0 -999.0 -999.0 -999.0} "" -999.0 -999.0 -999.0 -999.0 -999 -999 "" "" "" "" 0 0 0.0 0.0 -999 ""
FIBERMAP 633 R+7C5 APOGEE 1 1 0 1 0 0 -113.1389205370909 123.81277113384245 143.1 -119.20197832202746 -117.97735224970702 331.0788 96.02072 276.09867627478656 -29.278814847996152 -3.0215554 -8.406631 0.20729348 276.09866597531425 -29.278839842663643 276.1829340386052 -29.26516735885801 86.75231292617923 95.3018891130016 16000.0 16600.0 2016.0 2 34 {-999.0 15.878482 14.309038 13.136805 -999.0} sdss_psfmag_from_g3xp 15.189474 13.826727 12.659772 9.938 63050395263044457 1152038688 bright_1x1 mwm_galactic_core_dist_apogee_sparse mwm_galactic science 0 0 0.0 0.0 -999 ""
FIBERMAP 633 R+7C5 BOSS 0 0 0 1 0 0 -113.45214704070932 123.13671644579964 143.1 -118.51400829039521 -118.26338303021004 331.0788 96.02072 -999.0 -999.0 -999.0 -999.0 -999.0 276.1010092023694 -29.27976895335426 276.18526599395375 -29.26608950575713 86.75022608601765 95.3159377595266 -999.0 5400.0 -999.0 1 57 {-999.0 -999.0 -999.0 -999.0 -999.0} "" -999.0 -999.0 -999.0 -999.0 -999 -999 "" "" "" "" 0 0 0.0 0.0 -999 ""
FIBERMAP 633 R+7C5 METROLOGY 0 0 0 1 0 0 -113.87840495734096 123.72465406644315 143.1 -119.08447316188463 -118.7127093027369 331.0788 96.02072 -999.0 -999.0 -999.0 -999.0 -999.0 276.09900136459464 -29.281129066611296 276.1832672734761 -29.26745489744926 86.75188249555849 95.34187423072592 -999.0 6231.0 -999.0 -1 -999 {-999.0 -999.0 -999.0 -999.0 -999.0} "" -999.0 -999.0 -999.0 -999.0 -999 -999 "" "" "" "" 0 0 0.0 0.0 -999 ""
FIBERMAP 634 R+2C21 APOGEE 1 1 0 1 0 0 187.37680367370768 45.1712444269375 143.1 -52.59879628519549 185.42087942357625 12.937558 140.19005 276.3349914550781 -28.360409764751935 -999.0 -999.0 -999.0 276.3349914550781 -28.360409764751935 276.41608384569366 -28.346229846033783 86.47874725527177 79.9863932055079 16000.0 16600.0 2015.5 2 73 {-999.0 -999.0 -999.0 -999.0 -999.0} "" -999.0 -999.0 -999.0 -999.0 27021603147110173 848843903 "" ops_sky_apogee_good ops_sky sky_apogee 0 0 0.0 0.0 -999 ""
FIBERMAP 634 R+2C21 BOSS 0 0 0 1 0 0 188.02186936331978 44.79281674917214 143.1 -52.24638408396242 186.08048396203125 12.937558 140.19005 -999.0 -999.0 -999.0 -999.0 -999.0 276.33621436490756 -28.358363959485672 276.4172848987165 -28.34418382760397 86.47729039998009 79.95735978151185 -999.0 5400.0 -999.0 1 231 {-999.0 -999.0 -999.0 -999.0 -999.0} "" -999.0 -999.0 -999.0 -999.0 -999 -999 "" "" "" "" 0 0 0.0 0.0 -999 ""
FIBERMAP 634 R+2C21 METROLOGY 0 0 0 1 0 0 187.3783854038118 44.42814845196511 143.1 -51.85638306051237 185.4520653027369 12.937558 140.19005 -999.0 -999.0 -999.0 -999.0 -999.0 276.3375327242421 -28.360239523346998 276.41861338787066 -28.34605495928984 86.47653282376619 79.99108206559549 -999.0 6231.0 -999.0 -1 -999 {-999.0 -999.0 -999.0 -999.0 -999.0} "" -999.0 -999.0 -999.0 -999.0 -999 -999 "" "" "" "" 0 0 0.0 0.0 -999 ""
FIBERMAP 636 R-3C16 APOGEE 1 1 0 1 0 0 69.9683259266839 -76.36758451097032 143.1 73.5163073740591 72.9525116654806 295.89246 55.568493 276.7693380753608 -28.701871096326265 -0.3557752 -4.0883512 0.0601045 276.7693368693897 -28.70188325184682 276.85146828653495 -28.6865326395429 86.15321555383446 86.14606673892777 16000.0 16600.0 2016.0 2 220 {-999.0 15.856082 14.310821 13.549463 -999.0} sdss_psfmag_from_g3xp 15.200852 14.139257 13.125997 10.737 63050395263880180 1152039587 bright_1x1 mwm_galactic_core_dist_apogee_sparse mwm_galactic science 0 0 0.0 0.0 -999 ""
FIBERMAP 636 R-3C16 BOSS 0 0 0 1 0 0 69.22079609045699 -76.26733732654858 143.1 73.44592591093794 72.20161134149298 295.89246 55.568493 -999.0 -999.0 -999.0 -999.0 -999.0 276.769155667448 -28.704119122182743 276.8512783690903 -28.688770207082065 86.15361321003007 86.1789837502082 -999.0 5400.0 -999.0 1 317 {-999.0 -999.0 -999.0 -999.0 -999.0} "" -999.0 -999.0 -999.0 -999.0 -999 -999 "" "" "" "" 0 0 0.0 0.0 -999 ""
FIBERMAP 636 R-3C16 METROLOGY 0 0 0 1 0 0 69.6809903998683 -75.67379620995416 143.1 72.83454533430607 72.63777475735192 295.89246 55.568493 -999.0 -999.0 -999.0 -999.0 -999.0 276.76704485651885 -28.702786639078266 276.84916825188054 -28.687442953433912 86.15531689993709 86.15644185264108 -999.0 6231.0 -999.0 -1 -999 {-999.0 -999.0 -999.0 -999.0 -999.0} "" -999.0 -999.0 -999.0 -999.0 -999 -999 "" "" "" "" 0 0 0.0 0.0 -999 ""
FIBERMAP 642 R-2C18 APOGEE 0 0 0 1 0 0 124.85876643510382 -28.293154203286118 143.1 23.29509666168412 125.88185497157018 65.134346 88.63509 -999.0 -999.0 -999.0 -999.0 -999.0 276.595959312459 -28.541135935553186 276.6775934976197 -28.52625539626316 86.28438037991916 83.44189112343588 -999.0 16600.0 -999.0 2 -999 {-999.0 -999.0 -999.0 -999.0 -999.0} "" -999.0 -999.0 -999.0 -999.0 -999 -999 "" "" "" "" 0 0 0.0 0.0 -999 ""
FIBERMAP 642 R-2C18 BOSS 1 1 0 1 0 0 125.53455641235615 -28.634506027013185 143.1 23.60923985238413 126.57068104578458 65.134346 88.63509 276.597099029008 -28.538973042374923 -6.196101 -4.773342 0.06466441 276.59707805864537 -28.538987234514572 276.67868900199664 -28.524106124480564 86.28310739298746 83.41132365599267 5400.0 5400.0 2016.0 1 299 {-999.0 16.579655 15.415229 15.071859 -999.0} sdss_psfmag_ps1 16.1241 15.409903 14.366857 12.371 63050395263979345 1093353286 bright_3x1 mwm_astar_core_boss mwm_ob science 0 0 0.0 0.0 -999 ""
FIBERMAP 642 R-2C18 METROLOGY 0 0 0 1 0 0 124.90999322071026 -29.039394133357224 143.1 24.038673325389414 125.96276976024852 65.134346 88.63509 -999.0 -999.0 -999.0 -999.0 -999.0 276.5985556200713 -28.54081954616985 276.68017682403024 -28.52593377767292 86.28208808983334 83.44221002998313 -999.0 6231.0 -999.0 -1 -999 {-999.0 -999.0 -999.0 -999.0 -999.0} "" -999.0 -999.0 -999.0 -999.0 -999 -999 "" "" "" "" 0 0 0.0 0.0 -999 ""
FIBERMAP 643 R+9C3 APOGEE 1 1 0 1 0 0 -137.42399592755982 180.6995019169315 143.1 -175.07373171386823 -144.50858169255514 9.653709 139.94789 275.9045726486982 -29.35742118300201 -3.0391474 -5.080041 -0.018796103 275.90456228127715 -29.35743628702233 275.98914828131626 -29.344260361772708 86.91479455241027 96.96292072806207 16000.0 16600.0 2016.0 2 35 {-999.0 17.317118 15.297536 16.406147 -999.0} sdss_psfmag_ps1 16.506317 14.3777075 13.030245 9.879 63050395263072829 1153378614 bright_1x1 mwm_galactic_core_dist_apogee_sparse mwm_galactic science 0 0 0.0 0.0 -999 ""
FIBERMAP 643 R+9C3 BOSS 0 0 0 1 0 0 -136.7533421092001 180.31118480861784 143.1 -174.71245777886435 -143.82301636364792 9.653709 139.94789 -999.0 -999.0 -999.0 -999.0 -999.0 275.905803192252 -29.355403635008482 275.9903687120981 -29.34222366468593 86.91392076731947 96.92344019172936 -999.0 5400.0 -999.0 1 59 {-999.0 -999.0 -999.0 -999.0 -999.0} "" -999.0 -999.0 -999.0 -999.0 -999 -999 "" "" "" "" 0 0 0.0 0.0 -999 ""
FIBERMAP 643 R+9C3 METROLOGY 0 0 0 1 0 0 -137.42794667275098 179.95781439605182 143.1 -174.332505350923 -144.48297978847756 9.653709 139.94789 -999.0 -999.0 -999.0 -999.0 -999.0 275.9070710377609 -29.357431926723567 275.99164694145077 -29.344248705270097 86.91262669083784 96.95900575448258 -999.0 6231.0 -999.0 -1 -999 {-999.0 -999.0 -999.0 -999.0 -999.0} "" -999.0 -999.0 -999.0 -999.0 -999 -999 "" "" "" "" 0 0 0.0 0.0 -999 ""
FIBERMAP 646 R-9C11 APOGEE 1 1 0 1 0 0 37.356696577088464 -191.6196718095403 143.1 189.9715461614485 44.95980453523735 311.03024 82.84302 277.17147089657306 -28.786751236956903 -0.71956754 -0.6075731 1.720869 277.17146845547273 -28.78675304339834 277.25377748628017 -28.770346747668636 85.80952029029865 87.79679870558815 16000.0 16600.0 2016.0 2 164 {-999.0 10.335206 10.076167 10.006684 -999.0} sdss_psfmag_gaia 10.318761 10.080318 9.683255 9.073 63050395245690406 975474728 "" ops_std_apogee ops_std standard_apogee 0 0 0.0 0.0 -999 ""
FIBERMAP 646 R-9C11 BOSS 0 0 0 1 0 0 36.75410094751206 -192.05724907206755 143.1 190.43276632509657 44.3751448501479 311.03024 82.84302 -999.0 -999.0 -999.0 -999.0 -999.0 277.1731444142318 -28.78850765913718 277.25544157656 -28.77209799383137 85.80820356229765 87.8222531209716 -999.0 5400.0 -999.0 1 397 {-999.0 -999.0 -999.0 -999.0 -999.0} "" -999.0 -999.0 -999.0 -999.0 -999 -999 "" "" "" "" 0 0 0.0 0.0 -999 ""
FIBERMAP 646 R-9C11 METROLOGY 0 0 0 1 0 0 36.67733008562796 -191.30223536986534 143.1 189.6814409005106 44.26835773536705 311.03024 82.84302 -999.0 -999.0 -999.0 -999.0 -999.0 277.1705842004769 -28.78882879818424 277.2528882303717 -28.77242539984468 85.81046042570537 87.82432380238765 -999.0 6231.0 -999.0 -1 -999 {-999.0 -999.0 -999.0 -999.0 -999.0} "" -999.0 -999.0 -999.0 -999.0 -999 -999 "" "" "" "" 0 0 0.0 0.0 -999 ""
FIBERMAP 651 R-2C19 APOGEE 1 1 0 1 0 0 146.74106068853246 -31.86553800189604 143.1 25.99269508551777 147.88822594886375 38.14066 106.505356 276.6054260737093 -28.474530129034637 -4.514071 -7.243125 0.06746156 276.6054108054136 -28.474551664354273 276.6868181200053 -28.45965437212932 86.26586472460653 82.44923989167953 16000.0 16600.0 2016.0 2 240 {-999.0 15.257477 13.602903 12.687263 -999.0} sdss_psfmag_gaia 14.504313 13.331861 12.262833 9.803 63050395263982086 1154372967 bright_1x1 mwm_galactic_core_dist_apogee_sparse mwm_galactic science 0 0 0.0 0.0 -999 ""
FIBERMAP 651 R-2C19 BOSS 0 0 0 1 0 0 147.34893671420448 -32.27128597300195 143.1 26.373886457761408 148.51176029888043 38.14066 106.505356 -999.0 -999.0 -999.0 -999.0 -999.0 276.60675859674006 -28.47260128555872 276.68814331651254 -28.457703050322355 86.26439087036114 82.42268217717259 -999.0 5400.0 -999.0 1 303 {-999.0 -999.0 -999.0 -999.0 -999.0} "" -999.0 -999.0 -999.0 -999.0 -999 -999 "" "" "" "" 0 0 0.0 0.0 -999 ""
FIBERMAP 651 R-2C19 METROLOGY 0 0 0 1 0 0 146.68094310306338 -32.610192257131715 143.1 26.73912343516378 147.85782605191906 38.14066 106.505356 -999.0 -999.0 -999.0 -999.0 -999.0 276.6080140083749 -28.474566148067577 276.6894094662357 -28.459663747141875 86.26361983194076 82.45519807656012 -999.0 6231.0 -999.0 -1 -999 {-999.0 -999.0 -999.0 -999.0 -999.0} "" -999.0 -999.0 -999.0 -999.0 -999 -999 "" "" "" "" 0 0 0.0 0.0 -999 ""
FIBERMAP 652 R-4C22 APOGEE 0 0 0 1 0 0 242.83241276534164 -77.0215620014304 143.1 67.28271220940758 245.6984868737028 41.92167 69.09938 -999.0 -999.0 -999.0 -999.0 -999.0 276.7476346027924 -28.179969977358052 276.8280157165228 -28.16473732286904 86.08475964254214 78.49145282764812 -999.0 16600.0 -999.0 2 -999 {-999.0 -999.0 -999.0 -999.0 -999.0} "" -999.0 -999.0 -999.0 -999.0 -999 -999 "" "" "" "" 0 0 0.0 0.0 -999 ""
FIBERMAP 652 R-4C22 BOSS 1 1 0 1 0 0 243.14020642831863 -77.72584456944256 143.1 67.97414469747879 246.03408295516013 41.92167 69.09938 276.75004345205036 -28.178940802172097 -5.3633423 -3.872053 0.1728218 276.75002536157837 -28.178952314591417 276.8303861917637 -28.16371701749698 86.08248853937178 78.48412589783463 5400.0 5400.0 2016.0 1 278 {-999.0 16.96468 15.8022785 15.582438 -999.0} sdss_psfmag_ps1 16.507614 15.838775 14.973442 13.252 63050395266620227 1093353824 bright_3x1 mwm_astar_core_boss mwm_ob science 0 0 0.0 0.0 -999 ""
FIBERMAP 652 R-4C22 METROLOGY 0 0 0 1 0 0 242.37557359983228 -77.61384250393984 143.1 67.89269955198989 245.2656255798414 41.92167 69.09938 -999.0 -999.0 -999.0 -999.0 -999.0 276.7497576315265 -28.18121719828767 276.83013076399857 -28.165981342670875 86.0832392897351 78.51557027815005 -999.0 6231.0 -999.0 -1 -999 {-999.0 -999.0 -999.0 -999.0 -999.0} "" -999.0 -999.0 -999.0 -999.0 -999 -999 "" "" "" "" 0 0 0.0 0.0 -999 ""
FIBERMAP 653 R+5C11 APOGEE 1 1 0 1 0 0 5.189099784133746 90.76236661652139 143.1 -90.89340930018403 1.5687353818580754 10.966332 81.022964 276.1990356445312 -28.91691721882158 -999.0 -999.0 -999.0 276.1990356445312 -28.916917218821578 276.2820437391861 -28.903025873943253 86.66757220536918 88.98036115603985 16000.0 16600.0 2015.5 2 142 {-999.0 -999.0 -999.0 -999.0 -999.0} "" -999.0 -999.0 -999.0 -999.0 27021603147108885 848843906 "" ops_sky_apogee_good ops_sky sky_apogee 0 0 0.0 0.0 -999 ""
FIBERMAP 653 R+5C11 BOSS 0 0 0 1 0 0 5.186412336613717 90.01891780501981 143.1 -90.15047344618293 1.5956697010934633 10.966332 81.022964 -999.0 -999.0 -999.0 -999.0 -999.0 276.2015648235473 -28.916846296030368 276.2845577896352 -28.902948995972015 86.66537022048131 88.98093162763422 -999.0 5400.0 -999.0 1 143 {-999.0 -999.0 -999.0 -999.0 -999.0} "" -999.0 -999.0 -999.0 -999.0 -999 -999 "" "" "" "" 0 0 0.0 0.0 -999 ""
FIBERMAP 653 R+5C11 METROLOGY 0 0 0 1 0 0 4.5431561873528725 90.39045304036111 143.1 -90.49607104657044 0.9381477936265404 10.966332 81.022964 -999.0 -999.0 -999.0 -999.0 -999.0 276.2003408783411 -28.91883664949537 276.2833449623448 -28.904942120823847 86.66652965415965 89.01425380640387 -999.0 6231.0 -999.0 -1 -999 {-999.0 -999.0 -999.0 -999.0 -999.0} "" -999.0 -999.0 -999.0 -999.0 -999 -999 "" "" "" "" 0 0 0.0 0.0 -999 ""
FIBERMAP 656 R+4C4 APOGEE 0 0 0 1 0 0 -176.94303893646295 70.22778846043046 143.1 -63.11968375846078 -179.59339525112486 217.41269 167.82664 -999.0 -999.0 -999.0 -999.0 -999.0 276.2926629181496 -29.466351082801307 276.377524586905 -29.452151151554578 86.56724163769981 98.24994971455675 -999.0 16600.0 -999.0 2 -999 {-999.0 -999.0 -999.0 -999.0 -999.0} "" -999.0 -999.0 -999.0 -999.0 -999 -999 "" "" "" "" 0 0 0.0 0.0 -999 ""
FIBERMAP 656 R+4C4 BOSS 1 1 0 1 0 0 -177.61093015909475 69.92472393200042 143.1 -62.79026272439837 -180.24865515581575 217.41269 167.82664 276.2937927246093 -29.468393171078375 -999.0 -999.0 -999.0 276.2937927246093 -29.46839317107837 276.3786464207844 -29.454188627605404 86.5660451174073 98.28195536000885 5400.0 5400.0 2015.5 1 37 {-999.0 -999.0 -999.0 -999.0 -999.0} "" -999.0 -999.0 -999.0 -999.0 27021603147061144 852450569 "" ops_sky_boss_fallback ops_sky sky_boss 0 0 0.0 0.0 -999 ""
FIBERMAP 656 R+4C4 METROLOGY 0 0 0 1 0 0 -177.5607383020449 70.6496245785566 143.1 -63.51655849160846 -180.22738571163893 217.41269 167.82664 -999.0 -999.0 -999.0 -999.0 -999.0 276.2912521925095 -29.468338392243965 276.3761105340777 -29.454140876803187 86.56824488515917 98.28525893957533 -999.0 6231.0 -999.0 -1 -999 {-999.0 -999.0 -999.0 -999.0 -999.0} "" -999.0 -999.0 -999.0 -999.0 -999 -999 "" "" "" "" 0 0 0.0 0.0 -999 ""
FIBERMAP 657 R-1C7 APOGEE 1 0 0 1 1 0 -146.29940062095199 -40.623779598728845 143.1 46.41857125309929 -144.5589086364298 331.91428 36.93666 276.64439000365905 -29.392806042101057 3.3201532 -5.512394 0.09206444 276.6742405044276 -29.361598995817644 276.75864239763075 -29.346418018621343 86.24603364952462 96.09200598482545 16000.0 16600.0 2016.0 2 280 {-999.0 15.579018 14.179443 13.819944 -999.0} sdss_psfmag_ps1 14.926939 13.9227495 12.933022 10.592 63050395245396624 1153377009 bright_1x1 mwm_galactic_core_dist_apogee_sparse mwm_galactic science 0 0 0.0 0.0 -999 ""
FIBERMAP 657 R-1C7 BOSS 0 0 0 1 1 0 -147.04973460254217 -40.73780155040616 143.1 46.56239194734289 -145.3040741335209 331.91428 36.93666 -999.0 -999.0 -999.0 -999.0 -999.0 276.6747737013713 -29.36391751555009 276.7591672870104 -29.348733886308505 86.24541489165016 96.12679794765853 -999.0 5400.0 -999.0 1 460 {-999.0 -999.0 -999.0 -999.0 -999.0} "" -999.0 -999.0 -999.0 -999.0 -999 -999 "" "" "" "" 0 0 0.0 0.0 -999 ""
FIBERMAP 657 R-1C7 METROLOGY 0 0 0 1 1 0 -146.77410602104678 -40.03928500086597 143.1 45.85347671489183 -145.05650481534718 331.91428 36.93666 -999.0 -999.0 -999.0 -999.0 -999.0 276.6723107225501 -29.363183291283526 276.75670702409593 -29.3480064407411 86.24760525122895 96.11801756586692 -999.0 6231.0 -999.0 -1 -999 {-999.0 -999.0 -999.0 -999.0 -999.0} "" -999.0 -999.0 -999.0 -999.0 -999 -999 "" "" "" "" 0 0 0.0 0.0 -999 ""
FIBERMAP 658 R-3C12 APOGEE 1 1 0 1 0 0 6.533419730646655 -53.96666719262157 143.1 53.66136359157426 8.67804105416007 50.954124 74.88088 276.7004143360251 -28.89684531976455 -1.3976375 -9.519809 0.14445965 276.7004095895822 -28.896873624140543 276.7832198475494 -28.88167936216763 86.22826172799205 89.00358575485413 16000.0 16600.0 2016.0 2 177 {-999.0 15.245141 13.662876 12.834174 -999.0} sdss_psfmag_from_g3xp 14.560283 13.448023 12.397104 9.89 63050395263812948 1152039622 bright_1x1 mwm_galactic_core_dist_apogee_sparse mwm_galactic science 0 0 0.0 0.0 -999 ""
FIBERMAP 658 R-3C12 BOSS 0 0 0 1 0 0 6.934965630713165 -54.57616772185556 143.1 54.254357932633845 9.103535001144047 50.954124 74.88088 -999.0 -999.0 -999.0 -999.0 -999.0 276.70252231903856 -28.895577936283292 276.7853115389788 -28.880379092117057 86.22636273118047 88.98535442182407 -999.0 5400.0 -999.0 1 421 {-999.0 -999.0 -999.0 -999.0 -999.0} "" -999.0 -999.0 -999.0 -999.0 -999 -999 "" "" "" "" 0 0 0.0 0.0 -999 ""
FIBERMAP 658 R-3C12 METROLOGY 0 0 0 1 0 0 6.184403132210367 -54.63185250780266 143.1 54.33989921791219 8.355816983857306 50.954124 74.88088 -999.0 -999.0 -999.0 -999.0 -999.0 276.7028162232719 -28.897848580384437 276.7856176430523 -28.88264848083226 86.22621719163878 89.0200043677961 -999.0 6231.0 -999.0 -1 -999 {-999.0 -999.0 -999.0 -999.0 -999.0} "" -999.0 -999.0 -999.0 -999.0 -999 -999 "" "" "" "" 0 0 0.0 0.0 -999 ""
FIBERMAP 659 R+7C14 APOGEE 1 1 0 1 0 0 94.71625093650417 144.83973840079784 143.1 -148.4925061110342 88.86674130866662 67.76508 70.59548 276.0021794376773 -28.651147149091354 -4.9023476 -4.329842 0.14686286 276.00216282823624 -28.65116002261352 276.08431861913 -28.63781284705149 86.81590522962169 84.05199985231022 16000.0 16600.0 2016.0 2 94 {-999.0 15.845105 14.270607 13.3773985 -999.0} sdss_psfmag_from_g3xp 15.153263 14.009457 12.93988 10.544 63050395264093532 1152039910 bright_1x1 mwm_galactic_core_dist_apogee_sparse mwm_galactic science 0 0 0.0 0.0 -999 ""
FIBERMAP 659 R+7C14 BOSS 0 0 0 1 0 0 95.27698834703179 144.34112893271978 143.1 -148.0166526514796 89.4468760241642 67.76508 70.59548 -999.0 -999.0 -999.0 -999.0 -999.0 276.00377124426706 -28.649376182904184 276.0859071800036 -28.63602662647038 86.81428415236213 84.02350342530974 -999.0 5400.0 -999.0 1 167 {-999.0 -999.0 -999.0 -999.0 -999.0} "" -999.0 -999.0 -999.0 -999.0 -999 -999 "" "" "" "" 0 0 0.0 0.0 -999 ""
FIBERMAP 659 R+7C14 METROLOGY 0 0 0 1 0 0 94.56840388642128 144.09929867048237 143.1 -147.7467935676465 88.74851720277144 67.76508 70.59548 -999.0 -999.0 -999.0 -999.0 -999.0 276.00465482104136 -28.651485159469118 276.0868014918743 -28.638132592822913 86.8137884207893 84.0629466061826 -999.0 6231.0 -999.0 -1 -999 {-999.0 -999.0 -999.0 -999.0 -999.0} "" -999.0 -999.0 -999.0 -999.0 -999 -999 "" "" "" "" 0 0 0.0 0.0 -999 ""
FIBERMAP 662 R+12C15 APOGEE 1 1 0 1 0 0 151.05233080101038 253.28414167656183 143.1 -259.0909372574567 140.8353359864256 169.90779 35.457222 275.62498812878664 -28.49209924663667 -1.89088 -3.587987 0.099835545 275.6249817320517 -28.4921099144697 275.7066906161406 -28.47976458991067 87.11680178716027 80.06238984971435 16000.0 16600.0 2016.0 2 109 {-999.0 15.972156 14.286157 13.025437 -999.0} sdss_psfmag_from_g3xp 15.221596 13.718813 12.531983 9.754 63050395265359332 1152041615 bright_1x1 mwm_galactic_core_dist_apogee_sparse mwm_galactic science 0 0 0.0 0.0 -999 ""
FIBERMAP 662 R+12C15 BOSS 0 0 0 1 0 0 151.71799797179256 253.63073083841923 143.1 -259.46375801813355 141.48663964197908 169.90779 35.457222 -999.0 -999.0 -999.0 -999.0 -999.0 275.623799250086 -28.490159685393504 275.70548982920513 -28.477819830644506 87.11744789384396 80.02031178128465 -999.0 5400.0 -999.0 1 187 {-999.0 -999.0 -999.0 -999.0 -999.0} "" -999.0 -999.0 -999.0 -999.0 -999 -999 "" "" "" "" 0 0 0.0 0.0 -999 ""
FIBERMAP 662 R+12C15 METROLOGY 0 0 0 1 0 0 151.67997703497608 252.8685248289488 143.1 -258.7006728982838 141.4790172396282 169.90779 35.457222 -999.0 -999.0 -999.0 -999.0 -999.0 275.626334535407 -28.490166069752135 275.7080279452406 -28.477818991788663 87.11526173659256 80.02915935089118 -999.0 6231.0 -999.0 -1 -999 {-999.0 -999.0 -999.0 -999.0 -999.0} "" -999.0 -999.0 -999.0 -999.0 -999 -999 "" "" "" "" 0 0 0.0 0.0 -999 ""
FIBERMAP 666 R-7C1 APOGEE 1 1 0 1 0 0 -226.10204554153253 -140.67212973126945 143.1 149.5628759800277 -220.30900222321822 208.25658 109.30586 277.0320724687603 -29.58945542313845 -2.2039187 -6.805997 0.10189688 277.03206493332107 -29.58947565878585 277.1171509264317 -29.573336946068704 85.91397409544288 98.97130795995037 16000.0 16600.0 2016.0 2 275 {-999.0 15.459488 13.90346 13.039179 -999.0} sdss_psfmag_from_g3xp 14.794203 13.663966 12.613222 10.165 63050395245146407 1152010686 bright_1x1 mwm_galactic_core_dist_apogee_sparse mwm_galactic science 0 0 0.0 0.0 -999 ""
FIBERMAP 666 R-7C1 BOSS 0 0 0 1 0 0 -226.66103828081424 -140.17255309647757 143.1 149.0859866514306 -220.88743225510916 208.25658 109.30586 -999.0 -999.0 -999.0 -999.0 -999.0 277.0304223952219 -29.591223116961213 277.11549740374574 -29.575086672657815 85.9151978071294 98.998058978833 -999.0 5400.0 -999.0 1 447 {-999.0 -999.0 -999.0 -999.0 -999.0} "" -999.0 -999.0 -999.0 -999.0 -999 -999 "" "" "" "" 0 0 0.0 0.0 -999 ""
FIBERMAP 666 R-7C1 METROLOGY 0 0 0 1 0 0 -225.9429159580555 -139.94439999854728 143.1 148.82941333015435 -220.17899861814888 208.25658 109.30586 -999.0 -999.0 -999.0 -999.0 -999.0 277.02956626848174 -29.589138554756367 277.1146393080252 -29.573005096976573 85.91618231957827 98.9702585590228 -999.0 6231.0 -999.0 -1 -999 {-999.0 -999.0 -999.0 -999.0 -999.0} "" -999.0 -999.0 -999.0 -999.0 -999 -999 "" "" "" "" 0 0 0.0 0.0 -999 ""
FIBERMAP 670 R+9C6 APOGEE 1 1 0 1 0 0 -73.56994659728184 186.70252418099074 143.1 -183.6157379304526 -80.9469505108255 66.91026 118.93988 275.87633515123537 -29.164928333796595 -4.6412125 -7.1022887 0.070461586 275.87631934847485 -29.164949450380654 275.9602531913718 -29.151869795457966 86.95164946071266 93.40146596106077 16000.0 16600.0 2016.0 2 149 {-999.0 16.026825 14.474277 13.703269 -999.0} sdss_psfmag_from_g3xp 15.362649 14.2958975 13.280675 10.89 63050395263137921 1152038734 bright_1x1 mwm_galactic_core_dist_apogee_sparse mwm_galactic science 0 0 0.0 0.0 -999 ""
FIBERMAP 670 R+9C6 BOSS 0 0 0 1 0 0 -72.84523705257537 186.7536469203282 143.1 -183.6956909738839 -80.22488213112734 66.91026 118.93988 -999.0 -999.0 -999.0 -999.0 -999.0 275.8760147128841 -29.16278312561031 275.95992818493517 -29.14970418612202 86.95199693778494 93.36091515340809 -999.0 5400.0 -999.0 1 153 {-999.0 -999.0 -999.0 -999.0 -999.0} "" -999.0 -999.0 -999.0 -999.0 -999 -999 "" "" "" "" 0 0 0.0 0.0 -999 ""
FIBERMAP 670 R+9C6 METROLOGY 0 0 0 1 0 0 -73.13728499890004 186.1019138665291 143.1 -183.0328660612196 -80.49072100807406 66.91026 118.93988 -999.0 -999.0 -999.0 -999.0 -999.0 275.87826555574253 -29.16361934450657 275.96218503081695 -29.150534531893687 86.95000252090982 93.37543726653104 -999.0 6231.0 -999.0 -1 -999 {-999.0 -999.0 -999.0 -999.0 -999.0} "" -999.0 -999.0 -999.0 -999.0 -999 -999 "" "" "" "" 0 0 0.0 0.0 -999 ""
FIBERMAP 679 R+6C12 APOGEE 0 0 0 1 0 0 6.822043018815505 118.14814751858171 143.1 -118.32140840374952 2.1092479186731787 191.44847 97.65292 -999.0 -999.0 -999.0 -999.0 -999.0 276.10407533927844 -28.91477702452741 276.1871000074159 -28.901133303746455 86.75048896860275 88.87435257131756 -999.0 16600.0 -999.0 2 -999 {-999.0 -999.0 -999.0 -999.0 -999.0} "" -999.0 -999.0 -999.0 -999.0 -999 -999 "" "" "" "" 0 0 0.0 0.0 -999 ""
FIBERMAP 679 R+6C12 BOSS 1 1 0 1 0 0 6.579118226147375 118.87507245448694 143.1 -119.03804879783769 1.8375645197520558 191.44847 97.65292 276.1015319824218 -28.915585504996386 -999.0 -999.0 -999.0 276.1015319824218 -28.91558550499638 276.1845461460485 -28.901948932854896 86.75276334743421 88.88672041559667 5400.0 5400.0 2015.5 1 122 {-999.0 -999.0 -999.0 -999.0 -999.0} "" -999.0 -999.0 -999.0 -999.0 27021603147108902 852461912 "" ops_sky_boss_fallback ops_sky sky_boss 0 0 0.0 0.0 -999 ""
FIBERMAP 679 R+6C12 METROLOGY 0 0 0 1 0 0 7.305088544937268 118.71925629674035 143.1 -118.91128575884883 2.569137213802975 191.44847 97.65292 -999.0 -999.0 -999.0 -999.0 -999.0 276.1019699676193 -28.91336764672044 276.1849804217426 -28.89973002544955 86.75227027301464 88.84794508799308 -999.0 6231.0 -999.0 -1 -999 {-999.0 -999.0 -999.0 -999.0 -999.0} "" -999.0 -999.0 -999.0 -999.0 -999 -999 "" "" "" "" 0 0 0.0 0.0 -999 ""
FIBERMAP 680 R-6C10 APOGEE 0 0 0 1 0 0 -7.555736737393989 -103.97168569211475 143.1 104.18600045045899 -3.4071299920192986 86.09119 62.54519 -999.0 -999.0 -999.0 -999.0 -999.0 276.87547181237903 -28.933665226901777 276.9583601968077 -28.918011193230583 86.07688708627373 89.6559935587037 -999.0 16600.0 -999.0 2 -999 {-999.0 -999.0 -999.0 -999.0 -999.0} "" -999.0 -999.0 -999.0 -999.0 -999 -999 "" "" "" "" 0 0 0.0 0.0 -999 ""
FIBERMAP 680 R-6C10 BOSS 1 1 0 1 0 0 -6.9281965297593215 -104.36252361090536 143.1 104.55151077029993 -2.7645418867389933 86.09119 62.54519 276.8768252632148 -28.93169963140768 -1.3851329 -5.443919 0.07448761 276.87682055765765 -28.931715817314217 276.959685137507 -28.91605916013567 86.07564229032037 89.62824297764737 5400.0 5400.0 2016.0 1 411 {-999.0 16.345556 15.852709 15.735988 -999.0} sdss_psfmag_ps1 16.109463 15.859812 15.202379 14.333 63050395245664762 1093353017 bright_3x1 mwm_astar_core_boss mwm_ob science 0 0 0.0 0.0 -999 ""
FIBERMAP 680 R-6C10 METROLOGY 0 0 0 1 0 0 -7.5757594078514146 -104.7194137907334 143.1 104.93390267022244 -3.397345948535753 86.09119 62.54519 -999.0 -999.0 -999.0 -999.0 -999.0 276.87815148538 -28.93363699797461 276.9610270138063 -28.91797646073358 86.07455351316922 89.65698391262129 -999.0 6231.0 -999.0 -1 -999 {-999.0 -999.0 -999.0 -999.0 -999.0} "" -999.0 -999.0 -999.0 -999.0 -999 -999 "" "" "" "" 0 0 0.0 0.0 -999 ""
FIBERMAP 682 R-8C1 APOGEE 1 1 0 1 0 0 -182.13879102869043 -153.79310583228087 143.1 160.92138225203882 -175.85966358224493 51.650925 60.804085 277.0717609059348 -29.45543750556354 -1.6508737 -0.9173775 1.0099791 277.0717552688898 -29.455440233117894 277.1563697238654 -29.439214176079798 85.89340981164376 97.05527743046342 16000.0 16600.0 2016.0 2 257 {-999.0 10.998702 11.020955 11.012537 -999.0} sdss_psfmag_from_g3xp 11.022731 11.027455 10.654018 10.176 63050395245162636 975028765 "" ops_std_apogee ops_std standard_apogee 0 0 0.0 0.0 -999 ""
FIBERMAP 682 R-8C1 BOSS 0 0 0 1 0 0 -181.86545352687907 -154.47746287796357 143.1 161.59427859320863 -175.55928877280724 51.650925 60.804085 -999.0 -999.0 -999.0 -999.0 -999.0 277.0741284962841 -29.454546584221934 277.158721915627 -29.438313163851525 85.89144318289576 97.04036852650972 -999.0 5400.0 -999.0 1 527 {-999.0 -999.0 -999.0 -999.0 -999.0} "" -999.0 -999.0 -999.0 -999.0 -999 -999 "" "" "" "" 0 0 0.0 0.0 -999 ""
FIBERMAP 682 R-8C1 METROLOGY 0 0 0 1 0 0 -182.59566318061246 -154.38893199621984 143.1 161.53491361321392 -176.29241657335447 51.650925 60.804085 -999.0 -999.0 -999.0 -999.0 -999.0 277.0739444493027 -29.45678704775025 277.1585505976208 -29.44055419687365 85.89140557309118 97.07171230063341 -999.0 6231.0 -999.0 -1 -999 {-999.0 -999.0 -999.0 -999.0 -999.0} "" -999.0 -999.0 -999.0 -999.0 -999 -999 "" "" "" "" 0 0 0.0 0.0 -999 ""
FIBERMAP 684 R-12C13 APOGEE 0 0 0 1 0 0 110.79631203718846 -218.67188958869502 143.1 214.07531659698998 119.4159516979851 104.43128 108.710594 -999.0 -999.0 -999.0 -999.0 -999.0 277.25301378422085 -28.56141137436885 277.3345400375325 -28.544819707778483 85.71544889190616 84.86121839837568 -999.0 16600.0 -999.0 2 -999 {-999.0 -999.0 -999.0 -999.0 -999.0} "" -999.0 -999.0 -999.0 -999.0 -999 -999 "" "" "" "" 0 0 0.0 0.0 -999 ""
FIBERMAP 684 R-12C13 BOSS 1 1 0 1 0 0 111.41386337631069 -218.26489788217012 143.1 213.64406063533522 120.01677316988143 104.43128 108.710594 277.2515903899561 -28.559526068146862 -7.396771 -19.096441 2.207116 277.2515653510964 -28.5595828458455 277.3330670330201 -28.54299730367342 85.71649417723476 84.83477200676326 5400.0 5400.0 2016.0 1 429 {-999.0 16.599993 15.408951 14.927181 -999.0} sdss_psfmag_ps1 16.11897 15.386475 14.532515 12.723 63050395247115563 1096436581 bright_1x1 mwm_bin_vis_boss mwm_filler science 0 0 0.0 0.0 -999 ""
FIBERMAP 684 R-12C13 METROLOGY 0 0 0 1 0 0 111.459988023539 -219.01690031597423 143.1 214.39359826970977 120.09281965751977 104.43128 108.710594 -999.0 -999.0 -999.0 -999.0 -999.0 277.254166568766 -28.559333415436743 277.33567250470355 -28.542740502910107 85.71419144700772 84.83536572669033 -999.0 6231.0 -999.0 -1 -999 {-999.0 -999.0 -999.0 -999.0 -999.0} "" -999.0 -999.0 -999.0 -999.0 -999 -999 "" "" "" "" 0 0 0.0 0.0 -999 ""
FIBERMAP 686 R+8C2 APOGEE 0 0 0 1 0 0 -171.74736883053544 163.5508317557375 143.1 -156.57189593034454 -178.12011419352692 32.68369 131.39326 -999.0 -999.0 -999.0 -999.0 -999.0 275.96809194041253 -29.459488556516497 276.05301256444795 -29.44613503832666 86.84861908058942 98.71627555644142 -999.0 16600.0 -999.0 2 -999 {-999.0 -999.0 -999.0 -999.0 -999.0} "" -999.0 -999.0 -999.0 -999.0 -999 -999 "" "" "" "" 0 0 0.0 0.0 -999 ""
FIBERMAP 686 R+8C2 BOSS 1 1 0 1 0 0 -170.99978935718346 163.31939264513014 143.1 -156.37043393109377 -177.36393749486237 32.68369 131.39326 275.96880099655465 -29.457224042357172 -3.002812 -5.369813 -0.012172765 275.9687907430225 -29.457240007930174 276.0536899923518 -29.443883509437544 86.84830583395747 98.67432425743 5400.0 5400.0 2016.0 1 71 {-999.0 16.678823 15.494248 15.061453 -999.0} sdss_psfmag_ps1 16.1998 15.486098 14.48244 12.189 63050395262998445 1093353376 bright_3x1 mwm_astar_core_boss mwm_ob science 0 0 0.0 0.0 -999 ""
FIBERMAP 686 R+8C2 METROLOGY 0 0 0 1 0 0 -171.5551348938222 162.82795947768844 143.1 -155.85728525476065 -177.89924083575045 32.68369 131.39326 -999.0 -999.0 -999.0 -999.0 -999.0 275.9705285589365 -29.458899152620454 276.05543689621425 -29.44553832883444 86.84659579331823 98.70085233765309 -999.0 6231.0 -999.0 -1 -999 {-999.0 -999.0 -999.0 -999.0 -999.0} "" -999.0 -999.0 -999.0 -999.0 -999 -999 "" "" "" "" 0 0 0.0 0.0 -999 ""
FIBERMAP 696 R+9C5 APOGEE 1 1 0 1 0 0 -108.9588298192961 184.31718624065834 143.1 -179.82247124421693 -116.21128628536582 126.20045 120.75034 275.88867187499994 -29.271764647322584 -999.0 -999.0 -999.0 275.88867187499994 -29.271764647322584 275.9729681496659 -29.25864022408283 86.93553509674999 95.39202914001913 16000.0 16600.0 2015.5 2 45 {-999.0 -999.0 -999.0 -999.0 -999.0} "" -999.0 -999.0 -999.0 -999.0 27021603147107336 848843633 "" ops_sky_apogee_good ops_sky sky_apogee 0 0 0.0 0.0 -999 ""
FIBERMAP 696 R+9C5 BOSS 0 0 0 1 0 0 -108.70679240805313 185.02671952883853 143.1 -180.5414541386053 -115.98772737733839 126.20045 120.75034 -999.0 -999.0 -999.0 -999.0 -999.0 275.88615702359687 -29.271091352485715 275.970438495685 -29.2579728269406 86.93778036233346 95.38222000304211 -999.0 5400.0 -999.0 1 80 {-999.0 -999.0 -999.0 -999.0 -999.0} "" -999.0 -999.0 -999.0 -999.0 -999 -999 "" "" "" "" 0 0 0.0 0.0 -999 ""
FIBERMAP 696 R+9C5 METROLOGY 0 0 0 1 0 0 -108.22336942770909 184.44261594377545 143.1 -179.97709760164867 -115.4814364667541 126.20045 120.75034 -999.0 -999.0 -999.0 -999.0 -999.0 275.8880838871153 -29.26959579049012 275.97236347626665 -29.25647263150826 86.93620026373654 95.35219294666155 -999.0 6231.0 -999.0 -1 -999 {-999.0 -999.0 -999.0 -999.0 -999.0} "" -999.0 -999.0 -999.0 -999.0 -999 -999 "" "" "" "" 0 0 0.0 0.0 -999 ""
FIBERMAP 697 R-7C20 APOGEE 1 1 0 1 0 0 211.43706960834467 -128.17633074253786 143.1 119.64563112639141 216.3673691499581 33.548683 166.82472 276.92747076059993 -28.268611572751727 3.243764 3.620052 2.1898746 276.92748171095855 -28.268600809581724 277.0081116777876 -28.25288997234557 85.94943923981538 80.23416222913102 16000.0 16600.0 2016.0 2 194 {-999.0 14.136738 14.213746 13.6432085 -999.0} sdss_psfmag_ps1 13.92883 13.372406 12.655169 11.236 63050395266352307 917159470 bright_3x1 mwm_yso_pms_apogee_zari18pms mwm_yso science 0 0 0.0 0.0 -999 ""
FIBERMAP 697 R-7C20 BOSS 0 0 0 1 0 0 212.10056117720444 -127.91476671973696 143.1 119.35785127235097 217.01988647957472 33.548683 166.82472 -999.0 -999.0 -999.0 -999.0 -999.0 276.92651401216756 -28.26661437296758 277.00712138986216 -28.250909391777885 85.94988243186052 80.20417182349331 -999.0 5400.0 -999.0 1 267 {-999.0 -999.0 -999.0 -999.0 -999.0} "" -999.0 -999.0 -999.0 -999.0 -999 -999 "" "" "" "" 0 0 0.0 0.0 -999 ""
FIBERMAP 697 R-7C20 METROLOGY 0 0 0 1 0 0 212.0224867426838 -128.63411750202027 143.1 120.07971266537676 216.97053660114886 33.548683 166.82472 -999.0 -999.0 -999.0 -999.0 -999.0 276.9290091235542 -28.266731998526993 277.0096210038604 -28.251019622462195 85.94775125386577 80.21215954024728 -999.0 6231.0 -999.0 -1 -999 {-999.0 -999.0 -999.0 -999.0 -999.0} "" -999.0 -999.0 -999.0 -999.0 -999 -999 "" "" "" "" 0 0 0.0 0.0 -999 ""
FIBERMAP 700 R+2C2 APOGEE 0 0 0 1 0 0 -265.3574576099375 48.25276139600132 143.1 -37.64049074811794 -267.05857677939383 214.21614 40.25898 -999.0 -999.0 -999.0 -999.0 -999.0 276.38038000444203 -29.73000871107516 276.4661267990484 -29.715549243378327 86.45261025128097 102.34741794518419 -999.0 16600.0 -999.0 2 -999 {-999.0 -999.0 -999.0 -999.0 -999.0} "" -999.0 -999.0 -999.0 -999.0 -999 -999 "" "" "" "" 0 0 0.0 0.0 -999 ""
FIBERMAP 700 R+2C2 BOSS 1 1 0 1 0 0 -265.14436942406724 48.973954113031866 143.1 -38.369571582900775 -266.87439913343263 214.21614 40.25898 276.3778848691695 -29.729416863729508 -7.43263 -8.674715 0.05283148 276.37785942081723 -29.729442655463316 276.46358985195906 -29.714987423516735 86.45487877477561 102.34490761092752 5400.0 5400.0 2016.0 1 10 {-999.0 17.13173 16.14415 15.894807 -999.0} sdss_psfmag_ps1 16.73482 16.082752 15.271015 13.649 63050395244868649 1076054397 bright_1x1 mwm_halo_mp_xp_boss_single mwm_halo science 0 0 0.0 0.0 -999 ""
FIBERMAP 700 R+2C2 METROLOGY 0 0 0 1 0 0 -264.6368314834586 48.4532513025604 143.1 -37.8695237020973 -266.34653930578344 214.21614 40.25898 -999.0 -999.0 -999.0 -999.0 -999.0 276.37959289644596 -29.72791750841639 276.4653218900247 -29.713458624460024 86.4536743702514 102.31621195107368 -999.0 6231.0 -999.0 -1 -999 {-999.0 -999.0 -999.0 -999.0 -999.0} "" -999.0 -999.0 -999.0 -999.0 -999 -999 "" "" "" "" 0 0 0.0 0.0 -999 ""
FIBERMAP 701 R+2C8 APOGEE 0 0 0 1 0 0 -104.5375562881474 25.461624737414127 143.1 -21.275540014261818 -105.46478233509774 314.73575 100.81979 -999.0 -999.0 -999.0 -999.0 -999.0 276.43912625274373 -29.242716874177226 276.5231834589024 -29.228161911975665 86.45774600570444 94.41793230654059 -999.0 16600.0 -999.0 2 -999 {-999.0 -999.0 -999.0 -999.0 -999.0} "" -999.0 -999.0 -999.0 -999.0 -999 -999 "" "" "" "" 0 0 0.0 0.0 -999 ""
FIBERMAP 701 R+2C8 BOSS 1 1 0 1 0 0 -104.98874132733863 24.83186090329786 143.1 -20.628325865101193 -105.89050085572289 314.73575 100.81979 276.4413614978946 -29.244064097192116 3.761638 -3.0672126 0.18074313 276.4413743157022 -29.24407321665393 276.52542030203426 -29.22951167345586 86.45573788930119 94.43839820921568 5400.0 5400.0 2016.0 1 45 {-999.0 18.079006 17.513548 17.251692 -999.0} sdss_psfmag_ps1 17.581968 17.520168 16.464624 -999.0 63050395245491189 979783043 "" ops_std_boss ops_std standard_boss 0 0 0.0 0.0 -999 ""
FIBERMAP 701 R+2C8 METROLOGY 0 0 0 1 0 0 -105.28348392583555 25.517214090073388 143.1 -21.30136472243224 -106.21230259721901 314.73575 100.81979 -999.0 -999.0 -999.0 -999.0 -999.0 276.4390227348356 -29.245050496644602 276.52307705515784 -29.23049511634978 86.45773837526217 94.45572547359416 -999.0 6231.0 -999.0 -1 -999 {-999.0 -999.0 -999.0 -999.0 -999.0} "" -999.0 -999.0 -999.0 -999.0 -999 -999 "" "" "" "" 0 0 0.0 0.0 -999 ""
FIBERMAP 702 R-4C16 APOGEE 0 0 0 1 0 0 93.68931678677367 -92.98843739163188 143.1 89.17823764396685 97.31590601797747 306.20993 94.67624 -999.0 -999.0 -999.0 -999.0 -999.0 276.8234383534847 -28.62808691518687 276.90530608335587 -28.612604261417545 86.09792302154521 85.13788664215241 -999.0 16600.0 -999.0 2 -999 {-999.0 -999.0 -999.0 -999.0 -999.0} "" -999.0 -999.0 -999.0 -999.0 -999 -999 "" "" "" "" 0 0 0.0 0.0 -999 ""
FIBERMAP 702 R-4C16 BOSS 1 1 0 1 0 0 93.13426134898995 -93.47350810448994 143.1 89.68501761418327 96.78063904932358 306.20993 94.67624 276.8252563476562 -28.629661767588274 -999.0 -999.0 -999.0 276.8252563476562 -28.629661767588274 276.9071123563143 -28.614175975821926 86.0965402635841 85.16364050406409 5400.0 5400.0 2015.5 1 318 {-999.0 -999.0 -999.0 -999.0 -999.0} "" -999.0 -999.0 -999.0 -999.0 27021603147109263 852462005 "" ops_sky_boss_fallback ops_sky sky_boss 0 0 0.0 0.0 -999 ""
FIBERMAP 702 R-4C16 METROLOGY 0 0 0 1 0 0 92.98325172364454 -92.7415156562084 143.1 88.95965196881295 96.60059226831831 306.20993 94.67624 -999.0 -999.0 -999.0 -999.0 -999.0 276.82275740363707 -28.63019489175808 276.90462058067965 -28.614715032294864 86.09877695724474 85.16760198828615 -999.0 6231.0 -999.0 -1 -999 {-999.0 -999.0 -999.0 -999.0 -999.0} "" -999.0 -999.0 -999.0 -999.0 -999 -999 "" "" "" "" 0 0 0.0 0.0 -999 ""
FIBERMAP 703 R0C3 APOGEE 1 1 0 1 0 0 -225.63482099840525 5.702704398727336 143.1 3.291502133703954 -225.67384405861583 82.32604 30.274513 276.52333973602657 -29.606176056228247 -0.31007415 -0.97438693 0.15536974 276.5233386756735 -29.606178953283717 276.6086206991468 -29.591361885112967 86.35026129782098 100.07806739319236 16000.0 16600.0 2016.0 2 252 {-999.0 14.281397 12.888193 12.253805 -999.0} sdss_psfmag_from_g3xp 13.71873 12.796183 11.852656 9.649 63050395244910023 1152010313 bright_1x1 mwm_galactic_core_dist_apogee_sparse mwm_galactic science 0 0 0.0 0.0 -999 ""
FIBERMAP 703 R0C3 BOSS 0 0 0 1 0 0 -225.4313904554663 4.980437704813365 143.1 4.005061649506802 -225.44180755934704 82.32604 30.274513 -999.0 -999.0 -999.0 -999.0 -999.0 276.52584213068025 -29.605528439139356 276.6111057182111 -29.590703013375222 86.34821389871517 100.0630715788136 -999.0 5400.0 -999.0 1 521 {-999.0 -999.0 -999.0 -999.0 -999.0} "" -999.0 -999.0 -999.0 -999.0 -999 -999 "" "" "" "" 0 0 0.0 0.0 -999 ""
FIBERMAP 703 R0C3 METROLOGY 0 0 0 1 0 0 -226.1590143856505 5.173651643885849 143.1 3.8409978995341096 -226.1765224397078 82.32604 30.274513 -999.0 -999.0 -999.0 -999.0 -999.0 276.5252593393205 -29.607772790764344 276.61053522739064 -29.592949153627163 86.34839029247964 100.09908131333015 -999.0 6231.0 -999.0 -1 -999 {-999.0 -999.0 -999.0 -999.0 -999.0} "" -999.0 -999.0 -999.0 -999.0 -999 -999 "" "" "" "" 0 0 0.0 0.0 -999 ""
FIBERMAP 708 R+12C13 APOGEE 0 0 0 1 0 0 103.55754750757613 250.61006920210642 143.1 -254.52686923370558 93.48669970220043 164.0 58.179974 -999.0 -999.0 -999.0 -999.0 -999.0 275.6383005426792 -28.63506669809305 275.7204895316536 -28.6226698512475 87.12986900452572 82.90852905806332 -999.0 16600.0 -999.0 2 -999 {-999.0 -999.0 -999.0 -999.0 -999.0} "" -999.0 -999.0 -999.0 -999.0 -999 -999 "" "" "" "" 0 0 0.0 0.0 -999 ""
FIBERMAP 708 R+12C13 BOSS 1 1 0 1 0 0 104.10373347509848 251.12617082049823 143.1 -255.06430086410003 94.01186830444232 164.0 58.179974 275.63651309281573 -28.633462680181324 -1.6513993 -2.299598 1.0318666 275.63650749872164 -28.6334695173654 275.71867907657935 -28.621079175601245 87.13120015457521 82.87233002384116 5400.0 5400.0 2016.0 1 105 {-999.0 16.555168 15.390506 14.930204 -999.0} sdss_psfmag_ps1 15.966219 15.4336815 14.350743 12.47 63050395264149986 917055568 bright_3x1 mwm_yso_variable_boss mwm_yso science 0 0 0.0 0.0 -999 ""
FIBERMAP 708 R+12C13 METROLOGY 0 0 0 1 0 0 104.27295823817694 250.39169863784164 143.1 -254.3371832563686 94.21021382634429 164.0 58.179974 -999.0 -999.0 -999.0 -999.0 -999.0 275.6389432991312 -28.63286883061436 275.72111601801 -28.620471731604972 87.1289937473118 82.8667958592676 -999.0 6231.0 -999.0 -1 -999 {-999.0 -999.0 -999.0 -999.0 -999.0} "" -999.0 -999.0 -999.0 -999.0 -999 -999 "" "" "" "" 0 0 0.0 0.0 -999 ""
FIBERMAP 711 R-8C15 APOGEE 1 1 0 1 0 0 132.64285370696575 -150.40289188392083 143.1 144.9928727678947 138.52438855634455 75.223694 38.76347 277.01550305374565 -28.50354462144431 -0.30430368 -6.187351 0.17572476 277.01550202419264 -28.50356301772938 277.09689836023847 -28.487595559928394 85.91426174153139 83.68610467110474 16000.0 16600.0 2016.0 2 201 {-999.0 15.270174 13.8216095 13.148491 -999.0} sdss_psfmag_from_g3xp 14.674517 13.703762 12.733358 10.45 63050395266249975 1152042794 bright_1x1 mwm_galactic_core_dist_apogee_sparse mwm_galactic science 0 0 0.0 0.0 -999 ""
FIBERMAP 711 R-8C15 BOSS 0 0 0 1 0 0 132.99299695924782 -151.05615209095438 143.1 145.63163820948571 138.90026614118378 75.223694 38.76347 -999.0 -999.0 -999.0 -999.0 -999.0 277.0177562157704 -28.502388988177056 277.0991308059513 -28.486418083299984 85.91214642657054 83.67385678965132 -999.0 5400.0 -999.0 1 284 {-999.0 -999.0 -999.0 -999.0 -999.0} "" -999.0 -999.0 -999.0 -999.0 -999 -999 "" "" "" "" 0 0 0.0 0.0 -999 ""
FIBERMAP 711 R-8C15 METROLOGY 0 0 0 1 0 0 132.23071511420204 -151.0283447044247 143.1 145.6342238607872 138.13751216405788 75.223694 38.76347 -999.0 -999.0 -999.0 -999.0 -999.0 277.01779341247465 -28.504675660057547 277.0991805776637 -28.488703736783965 85.9124423989764 83.70565705822366 -999.0 6231.0 -999.0 -1 -999 {-999.0 -999.0 -999.0 -999.0 -999.0} "" -999.0 -999.0 -999.0 -999.0 -999 -999 "" "" "" "" 0 0 0.0 0.0 -999 ""
FIBERMAP 712 R-7C5 APOGEE 1 1 0 1 0 0 -136.43841720348712 -143.00302600838924 143.1 148.31956607061088 -130.62728771243823 221.85474 102.25824 277.02828132749175 -29.319004419881843 -3.0205894 -1.9106442 0.18234417 277.02827102726087 -29.319010100624887 277.1124306658046 -29.302913209240756 85.94076070439583 95.18122541378816 16000.0 16600.0 2016.0 2 298 {-999.0 14.935157 13.374415 12.486711 -999.0} sdss_psfmag_from_g3xp 14.26864 13.114227 12.055094 9.602 63050395245188355 1155741164 bright_1x1 mwm_galactic_core_dist_apogee_extra mwm_galactic science 0 0 0.0 0.0 -999 ""
FIBERMAP 712 R-7C5 BOSS 0 0 0 1 0 0 -137.0248099522556 -142.562932587204 143.1 147.90320198306034 -131.23072504932006 221.85474 102.25824 -999.0 -999.0 -999.0 -999.0 -999.0 277.0268917903979 -29.32087751038512 277.11104083475766 -29.304783198183195 85.94187535945701 95.20848794241635 -999.0 5400.0 -999.0 1 489 {-999.0 -999.0 -999.0 -999.0 -999.0} "" -999.0 -999.0 -999.0 -999.0 -999 -999 "" "" "" "" 0 0 0.0 0.0 -999 ""
FIBERMAP 712 R-7C5 METROLOGY 0 0 0 1 0 0 -136.35218059671382 -142.26718501406677 143.1 147.58090303147878 -130.57043945060065 221.85474 102.25824 -999.0 -999.0 -999.0 -999.0 -999.0 277.02579566123853 -29.318902537627253 277.10994319640986 -29.30281153595229 85.94293225810277 95.18135289053737 -999.0 6231.0 -999.0 -1 -999 {-999.0 -999.0 -999.0 -999.0 -999.0} "" -999.0 -999.0 -999.0 -999.0 -999 -999 "" "" "" "" 0 0 0.0 0.0 -999 ""
FIBERMAP 713 R+3C9 APOGEE 1 1 0 1 0 0 -78.64339976856277 78.13382120864678 143.1 -74.93544998605118 -81.69071871765337 140.76773 55.697704 276.25292789737034 -29.1698288289548 3.02374 -4.226877 0.28240532 276.25293819332586 -29.169841396341532 276.33679432870576 -29.15577987554581 86.62282680260972 93.31045142478646 16000.0 16600.0 2016.0 2 22 {-999.0 14.3062935 13.0872135 12.578774 -999.0} sdss_psfmag_from_g3xp 13.847693 13.057452 12.186935 10.238 63050395263631025 1152039480 bright_1x1 mwm_galactic_core_dist_apogee_sparse mwm_galactic science 0 0 0.0 0.0 -999 ""
FIBERMAP 713 R+3C9 BOSS 0 0 0 1 0 0 -77.93051911822118 78.37851032536477 143.1 -75.20833670334643 -80.98818118828032 140.76773 55.697704 -999.0 -999.0 -999.0 -999.0 -999.0 276.25196918560357 -29.16774991677951 276.33580403575445 -29.1536908519258 86.62374298061819 93.27535808397278 -999.0 5400.0 -999.0 1 32 {-999.0 -999.0 -999.0 -999.0 -999.0} "" -999.0 -999.0 -999.0 -999.0 -999 -999 "" "" "" "" 0 0 0.0 0.0 -999 ""
FIBERMAP 713 R+3C9 METROLOGY 0 0 0 1 0 0 -78.09071264248605 77.64348715133951 143.1 -74.46754430665969 -81.11895727097371 140.76773 55.697704 -999.0 -999.0 -999.0 -999.0 -999.0 276.25452776571996 -29.168167735758615 276.3383674869193 -29.15410204430203 86.62149489977327 93.28140686517503 -999.0 6231.0 -999.0 -1 -999 {-999.0 -999.0 -999.0 -999.0 -999.0} "" -999.0 -999.0 -999.0 -999.0 -999 -999 "" "" "" "" 0 0 0.0 0.0 -999 ""
FIBERMAP 718 R+2C7 APOGEE 1 1 0 1 0 0 -131.27298285320407 47.889179990882134 143.1 -42.61923269110708 -133.07144151121437 35.910995 146.68497 276.36456890574306 -29.326044960867893 -3.9139361 -2.75961 0.13968624 276.36455555827183 -29.32605316576287 276.4489173046289 -29.311682550581672 86.51781095456371 95.83777865020328 16000.0 16600.0 2016.0 2 29 {-999.0 15.612934 13.968667 13.051088 -999.0} sdss_psfmag_from_g3xp 14.884051 13.6914015 12.611478 10.135 63050395245477617 1152010907 bright_1x1 mwm_galactic_core_dist_apogee_sparse mwm_galactic science 0 0 0.0 0.0 -999 ""
FIBERMAP 718 R+2C7 BOSS 0 0 0 1 0 0 -130.50023573270124 47.94459319976316 143.1 -42.705386476812116 -132.3015465538117 35.910995 146.68497 -999.0 -999.0 -999.0 -999.0 -999.0 276.36425700046414 -29.323784406918325 276.44859617322095 -29.30941395444591 86.51824394563924 95.80082387749616 -999.0 5400.0 -999.0 1 48 {-999.0 -999.0 -999.0 -999.0 -999.0} "" -999.0 -999.0 -999.0 -999.0 -999 -999 "" "" "" "" 0 0 0.0 0.0 -999 ""
FIBERMAP 718 R+2C7 METROLOGY 0 0 0 1 0 0 -130.852404807931 47.27287793936011 143.1 -42.02020075424665 -132.6266603141533 35.910995 146.68497 -999.0 -999.0 -999.0 -999.0 -999.0 276.3666271423327 -29.324793098514732 276.4509733795777 -29.31041660195917 86.51610810422358 95.81498754473466 -999.0 6231.0 -999.0 -1 -999 {-999.0 -999.0 -999.0 -999.0 -999.0} "" -999.0 -999.0 -999.0 -999.0 -999 -999 "" "" "" "" 0 0 0.0 0.0 -999 ""
FIBERMAP 720 R-7C15 APOGEE 0 0 0 1 0 0 102.51204660108694 -156.19470519600745 143.1 151.98028840248665 108.6494601095952 329.2414 50.704067 -999.0 -999.0 -999.0 -999.0 -999.0 277.0399024160808 -28.593941580131556 277.1215967274982 -28.57790001772078 85.90517626845794 84.98196338568317 -999.0 16600.0 -999.0 2 -999 {-999.0 -999.0 -999.0 -999.0 -999.0} "" -999.0 -999.0 -999.0 -999.0 -999 -999 "" "" "" "" 0 0 0.0 0.0 -999 ""
FIBERMAP 720 R-7C15 BOSS 1 1 0 1 0 0 101.75462665192693 -156.43218996220924 143.1 152.2477512547124 107.90213340022946 329.2414 50.704067 277.0409229227174 -28.59614746700399 -4.993596 -6.338553 -0.048351243 277.0409060129811 -28.596166312842268 277.12259019535725 -28.58012381031391 85.90459109819069 85.01439503203403 5400.0 5400.0 2016.0 1 283 {-999.0 19.153894 17.92956 17.432634 -999.0} sdss_psfmag_ps1 18.360628 17.791203 16.847488 -999.0 63050395266240892 978465396 "" ops_std_boss ops_std standard_boss 0 0 0.0 0.0 -999 ""
FIBERMAP 720 R-7C15 METROLOGY 0 0 0 1 0 0 101.94133189662669 -155.71119413831698 143.1 151.5199182638615 108.05995795243524 329.2414 50.704067 -999.0 -999.0 -999.0 -999.0 -999.0 277.03841600896374 -28.595673959117345 277.12010414104736 -28.57963744203952 85.90669566762985 85.00378914726326 -999.0 6231.0 -999.0 -1 -999 {-999.0 -999.0 -999.0 -999.0 -999.0} "" -999.0 -999.0 -999.0 -999.0 -999 -999 "" "" "" "" 0 0 0.0 0.0 -999 ""
FIBERMAP 722 R-4C20 APOGEE 0 0 0 1 0 0 172.72098560653149 -84.60688365825648 143.1 77.65499655004662 175.94773636554842 192.30542 146.00177 -999.0 -999.0 -999.0 -999.0 -999.0 276.78349658666014 -28.390135017829788 276.8645733324938 -28.374784309451776 86.0971211790186 81.60363202660108 -999.0 16600.0 -999.0 2 -999 {-999.0 -999.0 -999.0 -999.0 -999.0} "" -999.0 -999.0 -999.0 -999.0 -999 -999 "" "" "" "" 0 0 0.0 0.0 -999 ""
FIBERMAP 722 R-4C20 BOSS 1 1 0 1 0 0 172.0257864200216 -84.32964645887495 143.1 77.4056877894697 175.24207164101497 192.30542 146.00177 276.7826843261719 -28.392206785670425 -999.0 -999.0 -999.0 276.7826843261719 -28.392206785670425 276.86375189421244 -28.376860605913603 86.09820986955826 81.63169720012233 5400.0 5400.0 2015.5 1 312 {-999.0 -999.0 -999.0 -999.0 -999.0} "" -999.0 -999.0 -999.0 -999.0 27021603147109487 852462066 "" ops_sky_boss_fallback ops_sky sky_boss 0 0 0.0 0.0 -999 ""
FIBERMAP 722 R-4C20 METROLOGY 0 0 0 1 0 0 172.6022029192649 -83.86837916266974 143.1 76.92184034437739 175.7996302011843 192.30542 146.00177 -999.0 -999.0 -999.0 -999.0 -999.0 276.7810238392105 -28.390497551745792 276.86209074431883 -28.375155143626895 86.09933649977258 81.60313819581427 -999.0 6231.0 -999.0 -1 -999 {-999.0 -999.0 -999.0 -999.0 -999.0} "" -999.0 -999.0 -999.0 -999.0 -999 -999 "" "" "" "" 0 0 0.0 0.0 -999 ""
FIBERMAP 725 R-11C8 APOGEE 1 1 0 1 0 0 5.652797476556948 -207.1885781031761 143.1 206.79057389595394 13.902622319624685 55.22624 77.25856 277.2297399529183 -28.880715489217586 0.026639206 -3.187734 0.09648686 277.2297400433722 -28.880724967014984 277.31235163040867 -28.864156090516826 85.76464255037493 89.11800715642521 16000.0 16600.0 2016.0 2 173 {-999.0 16.561089 14.914814 13.941106 -999.0} sdss_psfmag_from_g3xp 15.8393755 14.586906 13.492029 10.984 63050395245624418 1152011163 bright_1x1 mwm_galactic_core_dist_apogee_sparse mwm_galactic science 0 0 0.0 0.0 -999 ""
FIBERMAP 725 R-11C8 BOSS 0 0 0 1 0 0 6.139109910750761 -207.76219320028102 143.1 207.34433557434332 14.411382405525057 55.22624 77.25856 -999.0 -999.0 -999.0 -999.0 -999.0 277.23171657545527 -28.8791748137115 277.31430428050714 -28.862601880557992 85.7628475239795 89.09830660125715 -999.0 5400.0 -999.0 1 415 {-999.0 -999.0 -999.0 -999.0 -999.0} "" -999.0 -999.0 -999.0 -999.0 -999 -999 "" "" "" "" 0 0 0.0 0.0 -999 ""
FIBERMAP 725 R-11C8 METROLOGY 0 0 0 1 0 0 5.4284004772737084 -207.9021736660203 143.1 207.51251446359436 13.70684261567831 55.22624 77.25856 -999.0 -999.0 -999.0 -999.0 -999.0 277.2323330773889 -28.88130580802174 277.31493296440806 -28.86473076053625 85.76241775886936 89.1274926798477 -999.0 6231.0 -999.0 -1 -999 {-999.0 -999.0 -999.0 -999.0 -999.0} "" -999.0 -999.0 -999.0 -999.0 -999 -999 "" "" "" "" 0 0 0.0 0.0 -999 ""
FIBERMAP 727 R+5C12 APOGEE 1 1 0 1 0 0 14.776367192389593 110.3970999042488 143.1 -110.8937309593703 10.36574549068318 81.53512 111.7103 276.12997504620506 -28.889853811930426 -3.0700712 -3.379842 0.18578303 276.12996462080196 -28.889863860905017 276.21289807342436 -28.876155629354017 86.72656783027476 88.45770809428001 16000.0 16600.0 2016.0 2 132 {-999.0 14.350485 12.869993 12.17066 -999.0} sdss_psfmag_from_g3xp 13.737272 12.739945 11.759444 9.419 63050395263749797 1152039441 bright_1x1 mwm_galactic_core_dist_apogee_sparse mwm_galactic science 0 0 0.0 0.0 -999 ""
FIBERMAP 727 R+5C12 BOSS 0 0 0 1 0 0 15.502377855336317 110.57514749510884 143.1 -111.100554838004 11.084057127822792 81.53512 111.7103 -999.0 -999.0 -999.0 -999.0 -999.0 276.1292107038883 -28.887673325835436 276.21212298546516 -28.87396803786357 86.7271167569982 88.41876134250413 -999.0 5400.0 -999.0 1 121 {-999.0 -999.0 -999.0 -999.0 -999.0} "" -999.0 -999.0 -999.0 -999.0 -999 -999 "" "" "" "" 0 0 0.0 0.0 -999 ""
FIBERMAP 727 R+5C12 METROLOGY 0 0 0 1 0 0 15.283574975478228 109.85671589273127 143.1 -110.37400513769546 10.894059549102513 81.53512 111.7103 -999.0 -999.0 -999.0 -999.0 -999.0 276.13170482310505 -28.88826237735728 276.21462243712506 -28.874550315705186 86.72496622725677 88.43120182693269 -999.0 6231.0 -999.0 -1 -999 {-999.0 -999.0 -999.0 -999.0 -999.0} "" -999.0 -999.0 -999.0 -999.0 -999 -999 "" "" "" "" 0 0 0.0 0.0 -999 ""
FIBERMAP 728 R+7C12 APOGEE 1 1 0 1 0 0 44.51237770954669 145.69269195595507 143.1 -147.344590564574 38.670755232343964 53.78019 105.12217 276.00466791957416 -28.803286205743124 -0.12634012 -5.128986 0.1228436 276.004667490903 -28.80330145528739 276.087338163191 -28.789929858792316 86.83003446122207 86.78555988192382 16000.0 16600.0 2016.0 2 143 {-999.0 17.030407 15.428717 13.978143 -999.0} sdss_psfmag_ps1 16.266346 14.387734 13.089366 10.107 63050395264026584 1153378845 bright_1x1 mwm_galactic_core_dist_apogee_sparse mwm_galactic science 0 0 0.0 0.0 -999 ""
FIBERMAP 728 R+7C12 BOSS 0 0 0 1 0 0 45.20754106632251 145.41464255266948 143.1 -147.09446884997934 39.37641651580181 53.78019 105.12217 -999.0 -999.0 -999.0 -999.0 -999.0 276.00549108995256 -28.80114829986656 276.08814079313254 -28.787775843532835 86.82914672480382 86.74786355888682 -999.0 5400.0 -999.0 1 144 {-999.0 -999.0 -999.0 -999.0 -999.0} "" -999.0 -999.0 -999.0 -999.0 -999 -999 "" "" "" "" 0 0 0.0 0.0 -999 ""
FIBERMAP 728 R+7C12 METROLOGY 0 0 0 1 0 0 44.65109586030555 144.9314720953631 143.1 -146.58953218117702 38.83968523044197 53.78019 105.12217 -999.0 -999.0 -999.0 -999.0 -999.0 276.0071963386919 -28.802781612323084 276.08985498584207 -28.78940422284723 86.8277915287934 86.77954381939173 -999.0 6231.0 -999.0 -1 -999 {-999.0 -999.0 -999.0 -999.0 -999.0} "" -999.0 -999.0 -999.0 -999.0 -999 -999 "" "" "" "" 0 0 0.0 0.0 -999 ""
FIBERMAP 729 R-8C19 APOGEE 1 1 0 1 0 0 180.73861629644307 -148.97759104278722 143.1 141.65259147765343 186.52325487054634 237.30635 22.348925 277.0033899198438 -28.35862184233181 -2.5424583 -7.3596697 0.045571268 277.00338132969574 -28.358643724163787 277.08429374156856 -28.342724867738728 85.90116652835584 81.65829886310576 16000.0 16600.0 2016.0 2 193 {-999.0 15.925358 14.249228 13.029474 -999.0} sdss_psfmag_from_g3xp 15.185847 13.721165 12.543478 9.77 63050395266281906 1152042795 bright_1x1 mwm_galactic_core_dist_apogee_sparse mwm_galactic science 0 0 0.0 0.0 -999 ""
FIBERMAP 729 R-8C19 BOSS 0 0 0 1 0 0 180.88268950016226 -148.25150986845892 143.1 140.92137586809417 186.63828033242638 237.30635 22.348925 -999.0 -999.0 -999.0 -999.0 -999.0 277.00091010939514 -28.35826335465235 277.0818047719183 -28.342353783744137 85.90325204137437 81.64757614765841 -999.0 5400.0 -999.0 1 266 {-999.0 -999.0 -999.0 -999.0 -999.0} "" -999.0 -999.0 -999.0 -999.0 -999 -999 "" "" "" "" 0 0 0.0 0.0 -999 ""
FIBERMAP 729 R-8C19 METROLOGY 0 0 0 1 0 0 181.44837620814172 -148.72564205059444 143.1 141.3725752719621 187.22238502537098 237.30635 22.348925 -999.0 -999.0 -999.0 -999.0 -999.0 277.00247102254946 -28.356475888801526 277.0833641224855 -28.340561676999723 85.901574024337 81.62644692056 -999.0 6231.0 -999.0 -1 -999 {-999.0 -999.0 -999.0 -999.0 -999.0} "" -999.0 -999.0 -999.0 -999.0 -999 -999 "" "" "" "" 0 0 0.0 0.0 -999 ""
FIBERMAP 731 R0C27 APOGEE 0 0 0 1 1 0 274.03216492719883 -6.988846959344991 143.1 -3.9346165466066263 274.08206601610414 241.17233 70.759834 -999.0 -999.0 -999.0 -999.0 -999.0 276.5035235825391 -28.09416307062197 276.58368045248244 -28.0795757391807 86.2719569553843 76.4420061321166 -999.0 16600.0 -999.0 2 -999 {-999.0 -999.0 -999.0 -999.0 -999.0} "" -999.0 -999.0 -999.0 -999.0 -999 -999 "" "" "" "" 0 0 0.0 0.0 -999 ""
FIBERMAP 731 R0C27 BOSS 1 0 0 1 1 0 273.5047645160461 -6.432483702250198 143.1 -4.469503798805188 273.5329395456043 241.17233 70.759834 276.4436078008481 -28.079091745576967 -0.18497752 -3.9145129 0.18647064 276.50169988142466 -28.095811175020376 276.58184747295354 -28.0812321296821 86.2739582617651 76.45990559904396 5400.0 5400.0 2016.0 1 182 {-999.0 17.238493 15.917262 15.318626 -999.0} sdss_psfmag_gaia 16.740555 15.856801 14.946218 12.92 63050395264407264 1093499545 bright_1x1 mwm_astar_core_boss_single mwm_ob science 0 0 0.0 0.0 -999 ""
FIBERMAP 731 R0C27 METROLOGY 0 0 0 1 1 0 274.2580390344108 -6.27576975140233 143.1 -4.6560980406698125 274.2793422477142 241.17233 70.759834 -999.0 -999.0 -999.0 -999.0 -999.0 276.50106343707955 -28.09352149378937 276.5812078571711 -28.078943322636196 86.27388953417366 76.42364653102663 -999.0 6231.0 -999.0 -1 -999 {-999.0 -999.0 -999.0 -999.0 -999.0} "" -999.0 -999.0 -999.0 -999.0 -999 -999 "" "" "" "" 0 0 0.0 0.0 -999 ""
FIBERMAP 732 R-10C12 APOGEE 0 0 0 1 0 0 73.87489713951241 -208.1547107725086 143.1 205.03788421323685 82.10631698507368 312.40994 98.20052 -999.0 -999.0 -999.0 -999.0 -999.0 277.2227284405939 -28.67423043301769 277.3046435260394 -28.657704154810514 85.75476983871712 86.32725654947865 -999.0 16600.0 -999.0 2 -999 {-999.0 -999.0 -999.0 -999.0 -999.0} "" -999.0 -999.0 -999.0 -999.0 -999 -999 "" "" "" "" 0 0 0.0 0.0 -999 ""
FIBERMAP 732 R-10C12 BOSS 1 1 0 1 0 0 73.40512228830184 -208.75961785247733 143.1 205.6610029697155 81.6610338454755 312.40994 98.20052 277.22492161957763 -28.675558428159963 5.522775 0.1628448 -1.1563288 277.22494033541994 -28.675557943987116 277.3068412291786 -28.659027421080516 85.75299006627358 86.34775049625313 5400.0 5400.0 2016.0 1 402 {-999.0 15.580488 15.025516 14.906531 -999.0} sdss_psfmag_ps1 15.282525 15.324292 14.245192 13.185 63050395247089743 1093352875 bright_3x1 mwm_astar_core_boss mwm_ob science 0 0 0.0 0.0 -999 ""
FIBERMAP 732 R-10C12 METROLOGY 0 0 0 1 0 0 73.13516170962862 -208.04385180547962 143.1 204.9565892829558 81.36278178607867 312.40994 98.20052 -999.0 -999.0 -999.0 -999.0 -999.0 277.22255664594365 -28.676450500987748 277.3044663445413 -28.65992559432326 85.75515621489018 86.35688416030052 -999.0 6231.0 -999.0 -1 -999 {-999.0 -999.0 -999.0 -999.0 -999.0} "" -999.0 -999.0 -999.0 -999.0 -999 -999 "" "" "" "" 0 0 0.0 0.0 -999 ""
FIBERMAP 736 R+11C12 APOGEE 1 1 0 1 0 0 86.99594681090302 213.64140014945667 143.1 -216.92920574068887 78.41176905151144 310.90317 156.98814 275.7664489746094 -28.681468936978334 -999.0 -999.0 -999.0 275.7664489746094 -28.681468936978337 275.84876458033676 -28.66873253232918 87.02488631888869 84.11351329847352 16000.0 16600.0 2015.5 2 145 {-999.0 -999.0 -999.0 -999.0 -999.0} "" -999.0 -999.0 -999.0 -999.0 27021603147109825 848843857 "" ops_sky_apogee_good ops_sky sky_apogee 0 0 0.0 0.0 -999 ""
FIBERMAP 736 R+11C12 BOSS 0 0 0 1 0 0 87.22965804503006 212.91904595724276 143.1 -216.21676520367092 78.67406447423255 310.90317 156.98814 -999.0 -999.0 -999.0 -999.0 -999.0 275.76887788229084 -28.68067691411051 275.8511776269942 -28.667935731542684 87.02268302390102 84.10363541198399 -999.0 5400.0 -999.0 1 148 {-999.0 -999.0 -999.0 -999.0 -999.0} "" -999.0 -999.0 -999.0 -999.0 -999 -999 "" "" "" "" 0 0 0.0 0.0 -999 ""
FIBERMAP 736 R+11C12 METROLOGY 0 0 0 1 0 0 86.49564406998081 213.07627758551791 143.1 -216.3446220677596 77.93439843888913 310.90317 156.98814 -999.0 -999.0 -999.0 -999.0 -999.0 275.7683673063914 -28.68289925384394 275.8506782730517 -28.670158721103448 87.02340773573226 84.14497086911115 -999.0 6231.0 -999.0 -1 -999 {-999.0 -999.0 -999.0 -999.0 -999.0} "" -999.0 -999.0 -999.0 -999.0 -999 -999 "" "" "" "" 0 0 0.0 0.0 -999 ""
FIBERMAP 738 R-6C11 APOGEE 0 0 0 1 0 0 -11.221389741098907 -127.44922783969109 143.1 127.79000481544301 -6.134364033359062 243.82878 96.03202 -999.0 -999.0 -999.0 -999.0 -999.0 276.9571884812291 -28.941906015418596 277.04008270207055 -28.926038480682397 86.00576667428562 89.81655527534826 -999.0 16600.0 -999.0 2 -999 {-999.0 -999.0 -999.0 -999.0 -999.0} "" -999.0 -999.0 -999.0 -999.0 -999 -999 "" "" "" "" 0 0 0.0 0.0 -999 ""
FIBERMAP 738 R-6C11 BOSS 1 1 0 1 0 0 -11.936442633959507 -127.20369364617493 143.1 127.57316360648436 -6.858602836359463 243.82878 96.03202 276.9565468132418 -28.944089086897566 -4.899354 -5.9165797 -0.057092458 276.9565301672241 -28.944106678121496 277.03941493571324 -28.928241213539845 86.00644207302255 89.8478052630233 5400.0 5400.0 2016.0 1 389 {-999.0 17.638317 17.032001 16.748644 16.586304} sdss_psfmag_from_ps1dr2 17.4695 17.0024 16.3297 15.329 63050395245649651 1039869692 "" ops_std_boss_ps1dr2 ops_std standard_boss 0 0 0.0 0.0 -999 ""
FIBERMAP 738 R-6C11 METROLOGY 0 0 0 1 0 0 -11.361164273420208 -126.71440725144491 143.1 127.06136577470552 -6.303297766364361 243.82878 96.03202 -999.0 -999.0 -999.0 -999.0 -999.0 276.9547675542654 -28.942423756817906 277.0376519476674 -28.92656290367571 86.00791420475433 89.82280460587589 -999.0 6231.0 -999.0 -1 -999 {-999.0 -999.0 -999.0 -999.0 -999.0} "" -999.0 -999.0 -999.0 -999.0 -999 -999 "" "" "" "" 0 0 0.0 0.0 -999 ""
FIBERMAP 740 R-10C6 APOGEE 0 0 0 1 0 0 -57.063180352532676 -202.3477238566021 143.1 204.452405691631 -48.95391419373166 321.5836 117.50343 -999.0 -999.0 -999.0 -999.0 -999.0 277.22225382414223 -29.071135294363366 277.30551407754604 -29.054563385823542 85.77705912550032 91.69595637344389 -999.0 16600.0 -999.0 2 -999 {-999.0 -999.0 -999.0 -999.0 -999.0} "" -999.0 -999.0 -999.0 -999.0 -999 -999 "" "" "" "" 0 0 0.0 0.0 -999 ""
FIBERMAP 740 R-10C6 BOSS 1 1 0 1 0 0 -57.255206658977464 -203.09116092390863 143.1 205.20287320502698 -49.11616129500233 321.5836 117.50343 277.2249255275427 -29.071618655402688 -2.5296679 -3.3036177 0.11808318 277.2249169221439 -29.071628477746582 277.30815993962403 -29.05504977007061 85.77475186006285 91.70291360375658 5400.0 5400.0 2016.0 1 384 {-999.0 17.505356 17.184378 17.089943 -999.0} sdss_psfmag_gaia 17.10516 17.19824 16.401888 -999.0 63050395245591659 978637149 "" ops_std_boss ops_std standard_boss 0 0 0.0 0.0 -999 ""
FIBERMAP 740 R-10C6 METROLOGY 0 0 0 1 0 0 -57.76986028179503 -202.59288032576788 143.1 204.72551233050282 -49.65023755370034 321.5836 117.50343 -999.0 -999.0 -999.0 -999.0 -999.0 277.22330281455316 -29.07325899773461 277.30655701465787 -29.05668423502369 85.77617101179376 91.72489003005796 -999.0 6231.0 -999.0 -1 -999 {-999.0 -999.0 -999.0 -999.0 -999.0} "" -999.0 -999.0 -999.0 -999.0 -999 -999 "" "" "" "" 0 0 0.0 0.0 -999 ""
FIBERMAP 745 R+1C8 APOGEE 0 0 0 1 0 0 -121.90398227600522 6.420059898368953 143.1 -1.5579649392719221 -122.05809554918105 274.95193 117.6309 -999.0 -999.0 -999.0 -999.0 -999.0 276.5075307471279 -29.293199959564753 276.5917427163946 -29.278460960336766 86.39553546151835 95.17695429049377 -999.0 16600.0 -999.0 2 -999 {-999.0 -999.0 -999.0 -999.0 -999.0} "" -999.0 -999.0 -999.0 -999.0 -999 -999 "" "" "" "" 0 0 0.0 0.0 -999 ""
FIBERMAP 745 R+1C8 BOSS 1 1 0 1 0 0 -122.50256204540496 6.013439096788378 143.1 -1.1278354139611442 -122.63997605052911 274.95193 117.6309 276.50904633630665 -29.295021666525802 -3.1026175 -2.8835778 0.15993497 276.50903575884456 -29.2950302400034 276.59323806813325 -29.280286356227368 86.39413173919978 95.20478659823502 5400.0 5400.0 2016.0 1 47 {-999.0 17.91642 16.405529 15.72231 -999.0} sdss_psfmag_ps1 16.4723 15.760984 14.712589 12.24 63050395245483582 1093352974 bright_3x1 mwm_astar_core_boss mwm_ob science 0 0 0.0 0.0 -999 ""
FIBERMAP 745 R+1C8 METROLOGY 0 0 0 1 0 0 -122.573612988625 6.753365952188007 143.1 -1.864314459589434 -122.74044694636228 274.95193 117.6309 -999.0 -999.0 -999.0 -999.0 -999.0 276.50646730929475 -29.295339664951005 276.5906758007534 -29.280602640359493 86.39634548780315 95.2117950668312 -999.0 6231.0 -999.0 -1 -999 {-999.0 -999.0 -999.0 -999.0 -999.0} "" -999.0 -999.0 -999.0 -999.0 -999 -999 "" "" "" "" 0 0 0.0 0.0 -999 ""
FIBERMAP 746 R-9C7 APOGEE 1 1 0 1 0 0 -66.1173361545411 -162.35432876919808 143.1 164.85308857002445 -59.59388403137508 149.00403 94.41237 277.08556070411464 -29.1037835163356 -5.1804056 -4.626596 0.1368113 277.08554307595745 -29.103797272168784 277.16895249129567 -29.087576882380056 85.89664205680515 92.139360994937 16000.0 16600.0 2016.0 2 187 {-999.0 15.7101 14.09054 13.057193 -999.0} sdss_psfmag_from_g3xp 15.008605 13.716404 12.604001 10.055 63050395245564570 1152011035 bright_1x1 mwm_galactic_core_dist_apogee_sparse mwm_galactic science 0 0 0.0 0.0 -999 ""
FIBERMAP 746 R-9C7 BOSS 0 0 0 1 0 0 -65.78604602085011 -161.65717914775882 143.1 164.14332153014144 -59.29064512268584 149.00403 94.41237 -999.0 -999.0 -999.0 -999.0 -999.0 277.0831739761793 -29.102906436629695 277.16656346546836 -29.0866923492607 85.89872752100682 92.12692189249913 -999.0 5400.0 -999.0 1 383 {-999.0 -999.0 -999.0 -999.0 -999.0} "" -999.0 -999.0 -999.0 -999.0 -999 -999 "" "" "" "" 0 0 0.0 0.0 -999 ""
FIBERMAP 746 R-9C7 METROLOGY 0 0 0 1 0 0 -65.37468425672822 -162.29232122999943 143.1 164.76154496850987 -58.85432192038588 149.00403 94.41237 -999.0 -999.0 -999.0 -999.0 -999.0 277.0853297832282 -29.1015858814259 277.16871916106334 -29.08536633734452 85.89683994204168 92.10846003838827 -999.0 6231.0 -999.0 -1 -999 {-999.0 -999.0 -999.0 -999.0 -999.0} "" -999.0 -999.0 -999.0 -999.0 -999 -999 "" "" "" "" 0 0 0.0 0.0 -999 ""
FIBERMAP 749 R-2C15 APOGEE 1 1 0 1 0 0 37.41465552627096 -20.15912384664467 143.1 18.651685093979467 38.186605881134575 164.97766 52.542736 276.5790602448969 -28.806898581972526 54.788925 -55.62228 9.868423 276.5792461500636 -28.80706395847956 276.6617806809656 -28.792195783641315 86.32849706078824 87.51953209155366 16000.0 16600.0 2016.0 2 227 {-999.0 16.722128 15.344759 14.190046 -999.0} sdss_psfmag_ps1 16.076962 14.759782 13.595541 11.301 63050395263839525 1069091478 bright_8x1 mwm_bin_rv_short_mdwarf_apogee_08epoch mwm_bin science 0 0 0.0 0.0 -999 ""
FIBERMAP 749 R-2C15 BOSS 0 0 0 1 0 0 38.01157799723934 -19.710127177517936 143.1 18.179281070022363 38.765142181741616 164.97766 52.542736 -999.0 -999.0 -999.0 -999.0 -999.0 276.577639776687 -28.80527837494271 276.66015607301347 -28.790415482992028 86.32977614721239 87.49006002763326 -999.0 5400.0 -999.0 1 327 {-999.0 -999.0 -999.0 -999.0 -999.0} "" -999.0 -999.0 -999.0 -999.0 -999 -999 "" "" "" "" 0 0 0.0 0.0 -999 ""
FIBERMAP 749 R-2C15 METROLOGY 0 0 0 1 0 0 38.11212179730987 -20.4286537190629 143.1 18.89320263316245 38.89422873412913 164.97766 52.542736 -999.0 -999.0 -999.0 -999.0 -999.0 276.5801125859916 -28.804888900623844 276.6626313441758 -28.79001931178102 86.32758231181178 87.4865714082805 -999.0 6231.0 -999.0 -1 -999 {-999.0 -999.0 -999.0 -999.0 -999.0} "" -999.0 -999.0 -999.0 -999.0 -999 -999 "" "" "" "" 0 0 0.0 0.0 -999 ""
FIBERMAP 750 R+11C10 APOGEE 1 1 0 1 0 0 19.44483277176886 202.46108757551517 143.1 -203.066933343863 11.36242336876363 253.03012 76.63042 275.81173178650556 -28.884787359246076 1.5528576 -1.516465 0.18535596 275.81173705946986 -28.884791868012403 275.8947316276691 -28.87191350871149 87.00441581886793 88.07210413687912 16000.0 16600.0 2016.0 2 127 {-999.0 14.551887 12.906753 11.865105 -999.0} sdss_psfmag_from_g3xp 13.829361 12.526514 11.406093 8.717 63050395263488616 1152039174 bright_1x1 mwm_galactic_core_dist_apogee_sparse mwm_galactic science 0 0 0.0 0.0 -999 ""
FIBERMAP 750 R+11C10 BOSS 0 0 0 1 0 0 18.83030567108188 202.86662524857996 143.1 -203.4476496099279 10.732251869070428 253.03012 76.63042 -999.0 -999.0 -999.0 -999.0 -999.0 275.8103580366418 -28.886686930948727 275.8933466595645 -28.873812634344375 87.00574438546802 88.10693895386902 -999.0 5400.0 -999.0 1 114 {-999.0 -999.0 -999.0 -999.0 -999.0} "" -999.0 -999.0 -999.0 -999.0 -999 -999 "" "" "" "" 0 0 0.0 0.0 -999 ""
FIBERMAP 750 R+11C10 METROLOGY 0 0 0 1 0 0 19.447978985261464 203.2266158440137 143.1 -203.83194851842146 11.335067771742727 253.03012 76.63042 -999.0 -999.0 -999.0 -999.0 -999.0 275.8090173955656 -28.884849017383022 275.8920037217289 -28.871978239677055 87.00680403073827 88.07048284278505 -999.0 6231.0 -999.0 -1 -999 {-999.0 -999.0 -999.0 -999.0 -999.0} "" -999.0 -999.0 -999.0 -999.0 -999 -999 "" "" "" "" 0 0 0.0 0.0 -999 ""
FIBERMAP 752 R-8C5 APOGEE 1 1 0 1 0 0 -124.90199405039132 -171.3715887272524 143.1 176.20485050959311 -117.97026223224725 287.511 46.520203 277.1248618922685 -29.280374534749235 -0.40007508 -3.8320081 0.14142673 277.1248605285257 -29.28038592810824 277.2088613090939 -29.26404246637389 85.8585015886713 94.58480808791293 16000.0 16600.0 2016.0 2 285 {-999.0 16.335485 14.790446 13.5344095 -999.0} sdss_psfmag_from_g3xp 15.683807 14.234743 13.048571 10.386 63050395245300644 1152010839 bright_1x1 mwm_galactic_core_dist_apogee_sparse mwm_galactic science 0 0 0.0 0.0 -999 ""
FIBERMAP 752 R-8C5 BOSS 0 0 0 1 0 0 -125.59035979959326 -171.08636428658124 143.1 175.94728892002297 -118.66941743580799 287.511 46.520203 -999.0 -999.0 -999.0 -999.0 -999.0 277.1240330292457 -29.28253152095671 277.208023637378 -29.26618932828986 85.85914583015739 94.61491839012012 -999.0 5400.0 -999.0 1 468 {-999.0 -999.0 -999.0 -999.0 -999.0} "" -999.0 -999.0 -999.0 -999.0 -999 -999 "" "" "" "" 0 0 0.0 0.0 -999 ""
FIBERMAP 752 R-8C5 METROLOGY 0 0 0 1 0 0 -124.97863313063654 -170.63120128279544 143.1 175.46813389435698 -118.07633495486014 287.511 46.520203 -999.0 -999.0 -999.0 -999.0 -999.0 277.12240094733875 -29.280762291557906 277.2063910109043 -29.264424732705933 85.8606396843714 94.5912871773595 -999.0 6231.0 -999.0 -1 -999 {-999.0 -999.0 -999.0 -999.0 -999.0} "" -999.0 -999.0 -999.0 -999.0 -999 -999 "" "" "" "" 0 0 0.0 0.0 -999 ""
FIBERMAP 754 R+8C15 APOGEE 1 1 0 1 0 0 101.75889044613392 168.82609900891782 143.1 -172.7394461143648 94.94787380342831 156.52467 84.890526 275.91888427734375 -28.632317923065997 -999.0 -999.0 -999.0 275.91888427734375 -28.632317923065994 276.00099671853127 -28.619189975327906 86.88577372761878 83.53262263891638 16000.0 16600.0 2015.5 2 78 {-999.0 -999.0 -999.0 -999.0 -999.0} "" -999.0 -999.0 -999.0 -999.0 27021603147109840 848843974 "" ops_sky_apogee_good ops_sky sky_apogee 0 0 0.0 0.0 -999 ""
FIBERMAP 754 R+8C15 BOSS 0 0 0 1 0 0 102.1263865895208 169.4610336728463 143.1 -173.38849255624268 95.28976721426503 156.52467 84.890526 -999.0 -999.0 -999.0 -999.0 -999.0 275.91662063039104 -28.63124221946792 275.9987168412804 -28.618121958942147 86.88760277244762 83.50791528081868 -999.0 5400.0 -999.0 1 238 {-999.0 -999.0 -999.0 -999.0 -999.0} "" -999.0 -999.0 -999.0 -999.0 -999 -999 "" "" "" "" 0 0 0.0 0.0 -999 ""
FIBERMAP 754 R+8C15 METROLOGY 0 0 0 1 0 0 102.50830906396773 168.82162313095006 143.1 -172.7648313359802 95.69684573734695 156.52467 84.890526 -999.0 -999.0 -999.0 -999.0 -999.0 275.9187487257487 -28.6300082990006 276.0008439661508 -28.616882170139178 86.88557776270899 83.49022539038032 -999.0 6231.0 -999.0 -1 -999 {-999.0 -999.0 -999.0 -999.0 -999.0} "" -999.0 -999.0 -999.0 -999.0 -999 -999 "" "" "" "" 0 0 0.0 0.0 -999 ""
FIBERMAP 755 R-9C15 APOGEE 0 0 0 1 0 0 113.88822283737841 -188.50746719857923 143.1 183.81286706101818 121.3035120006751 260.85773 88.91854 -999.0 -999.0 -999.0 -999.0 -999.0 277.14916480639533 -28.555704126736064 277.2307004308061 -28.539383034548194 85.8051568567189 84.6257313228324 -999.0 16600.0 -999.0 2 -999 {-999.0 -999.0 -999.0 -999.0 -999.0} "" -999.0 -999.0 -999.0 -999.0 -999 -999 "" "" "" "" 0 0 0.0 0.0 -999 ""
FIBERMAP 755 R-9C15 BOSS 1 1 0 1 0 0 113.12884544302759 -188.35429660274542 143.1 183.6900783390482 120.53866549321388 260.85773 88.91854 277.148826000423 -28.55797734368389 -2.7286096 -4.0467615 0.63505834 277.14881676392804 -28.557989375549184 277.23034223603804 -28.54167102097856 85.80577326901772 84.6561613061216 5400.0 5400.0 2016.0 1 329 {-999.0 16.756248 15.725587 15.242456 -999.0} sdss_psfmag_ps1 16.200335 15.966661 14.660426 12.913 63050395247119413 917060232 bright_3x1 mwm_yso_variable_boss mwm_yso science 0 0 0.0 0.0 -999 ""
FIBERMAP 755 R-9C15 METROLOGY 0 0 0 1 0 0 113.62800204742743 -187.8061945288755 143.1 183.12254662419323 121.01556903351704 260.85773 88.91854 -999.0 -999.0 -999.0 -999.0 -999.0 277.14688558556037 -28.55652953249541 277.22841190433667 -28.540215768267984 85.80726035445763 84.63335219625566 -999.0 6231.0 -999.0 -1 -999 {-999.0 -999.0 -999.0 -999.0 -999.0} "" -999.0 -999.0 -999.0 -999.0 -999 -999 "" "" "" "" 0 0 0.0 0.0 -999 ""
FIBERMAP 764 R-10C8 APOGEE 0 0 0 1 0 0 -7.404528313563528 -177.93443681860424 143.1 178.08104328774027 -0.309319458402378 123.0982 18.400158 -999.0 -999.0 -999.0 -999.0 -999.0 277.1309394130591 -28.92400459245234 277.21372522172885 -28.907687409319458 85.853113664358 89.6523982898812 -999.0 16600.0 -999.0 2 -999 {-999.0 -999.0 -999.0 -999.0 -999.0} "" -999.0 -999.0 -999.0 -999.0 -999 -999 "" "" "" "" 0 0 0.0 0.0 -999 ""
FIBERMAP 764 R-10C8 BOSS 1 1 0 1 0 0 -6.786765626127339 -178.42166382616404 143.1 178.54325185232423 0.3273394903513023 123.0982 18.400158 277.1326424714352 -28.922062379766658 -6.765165 -2.8101916 0.0457296 277.1326194910351 -28.92207073505027 277.2153805029584 -28.905750138299396 85.8515763868764 89.62657068761224 5400.0 5400.0 2016.0 1 405 {-999.0 16.165804 15.129372 14.720065 -999.0} sdss_psfmag_ps1 15.521807 15.557456 14.021538 12.242 63050395245618261 1093353002 bright_3x1 mwm_astar_core_boss mwm_ob science 0 0 0.0 0.0 -999 ""
FIBERMAP 764 R-10C8 METROLOGY 0 0 0 1 0 0 -7.505088003729131 -178.6756425697354 143.1 178.82563725129194 -0.38026512265583373 123.0982 18.400158 -999.0 -999.0 -999.0 -999.0 -999.0 277.1336195568312 -28.924214087250018 277.2163926124982 -28.907890425841607 85.85079047118259 89.65668971508893 -999.0 6231.0 -999.0 -1 -999 {-999.0 -999.0 -999.0 -999.0 -999.0} "" -999.0 -999.0 -999.0 -999.0 -999 -999 "" "" "" "" 0 0 0.0 0.0 -999 ""
FIBERMAP 767 R+3C3 APOGEE 1 1 0 1 0 0 -201.25620534491838 53.86420313660784 143.1 -45.80109175408737 -203.23434798270318 333.31778 123.513176 276.35265552466325 -29.537963594918505 -1.1144543 -3.1310804 1.269695 276.35265171616453 -29.53797290427318 276.43774360047877 -29.523608324323927 86.5066572114217 99.32075867995991 16000.0 16600.0 2016.0 2 36 {-999.0 16.21632 15.334832 15.064353 -999.0} sdss_psfmag_ps1 15.858428 15.278414 14.506386 12.953 63050395244978739 916995815 bright_3x1 mwm_yso_variable_apogee mwm_yso science 0 0 0.0 0.0 -999 ""
FIBERMAP 767 R+3C3 BOSS 0 0 0 1 0 0 -201.16619827210664 53.140954343654464 143.1 -45.082032087187415 -203.11560123224191 333.31778 123.513176 -999.0 -999.0 -999.0 -999.0 -999.0 276.35515738755123 -29.537678460388857 276.4402330762624 -29.523305683420222 86.50454778415813 99.31127083907086 -999.0 5400.0 -999.0 1 60 {-999.0 -999.0 -999.0 -999.0 -999.0} "" -999.0 -999.0 -999.0 -999.0 -999 -999 "" "" "" "" 0 0 0.0 0.0 -999 ""
FIBERMAP 767 R+3C3 METROLOGY 0 0 0 1 0 0 -201.8509518862952 53.412812061496275 143.1 -45.326382011621966 -203.81061477359293 333.31778 123.513176 -999.0 -999.0 -999.0 -999.0 -999.0 276.3542871445049 -29.53979830962652 276.4393745850209 -29.525428019504307 86.50501559615964 99.34736998788742 -999.0 6231.0 -999.0 -1 -999 {-999.0 -999.0 -999.0 -999.0 -999.0} "" -999.0 -999.0 -999.0 -999.0 -999 -999 "" "" "" "" 0 0 0.0 0.0 -999 ""
FIBERMAP 768 R+6C11 APOGEE 0 0 0 1 0 0 13.305279034566722 100.13831242196112 143.1 -100.58488999096396 9.304601537626347 8.314614 43.36998 -999.0 -999.0 -999.0 -999.0 -999.0 276.1656272320691 -28.893269848445296 276.24856337797644 -28.879468310759542 86.69558133120783 88.54683801132694 -999.0 16600.0 -999.0 2 -999 {-999.0 -999.0 -999.0 -999.0 -999.0} "" -999.0 -999.0 -999.0 -999.0 -999 -999 "" "" "" "" 0 0 0.0 0.0 -999 ""
FIBERMAP 768 R+6C11 BOSS 1 1 0 1 0 0 12.812454008470215 99.53650090002515 143.1 -99.96394587562143 8.836164117491776 8.314614 43.36998 276.16772191715626 -28.894681966044068 -1.3112891 -4.8836913 0.1334442 276.16771746404993 -28.89469648627637 276.2506437577679 -28.880890041698304 86.6938436682971 88.57325741921808 5400.0 5400.0 2016.0 1 142 {-999.0 17.243864 17.066862 16.93008 -999.0} sdss_psfmag_ps1 17.204493 16.923273 16.487728 15.595 63050395263747219 978465233 "" ops_std_boss ops_std standard_boss 0 0 0.0 0.0 -999 ""
FIBERMAP 768 R+6C11 METROLOGY 0 0 0 1 0 0 12.564145423205654 100.23940241606043 143.1 -100.65636839098342 8.560058525998002 8.314614 43.36998 -999.0 -999.0 -999.0 -999.0 -999.0 276.1652993490324 -28.895521790387928 276.24823311281045 -28.88172134338289 86.6959981954452 88.58557914523067 -999.0 6231.0 -999.0 -1 -999 {-999.0 -999.0 -999.0 -999.0 -999.0} "" -999.0 -999.0 -999.0 -999.0 -999 -999 "" "" "" "" 0 0 0.0 0.0 -999 ""
FIBERMAP 769 R-5C12 APOGEE 1 1 0 1 0 0 26.830940248383595 -96.93602551428432 143.1 95.78621844308019 30.670563253508327 18.0462 98.66764 276.84638451083663 -28.83022401121678 -1.7942619 -4.3571196 0.15108538 276.84637842134333 -28.83023696584142 276.9289237337069 -28.814670808880233 86.09672424446798 88.12259267137635 16000.0 16600.0 2016.0 2 161 {-999.0 15.216197 13.74066 13.068427 -999.0} sdss_psfmag_from_g3xp 14.600927 13.627369 12.6543865 10.35 63050395245674750 1152011174 bright_1x1 mwm_galactic_core_dist_apogee_sparse mwm_galactic science 0 0 0.0 0.0 -999 ""
FIBERMAP 769 R-5C12 BOSS 0 0 0 1 0 0 27.138854896536905 -97.61695966213512 143.1 96.45431716315488 31.005350001700723 18.0462 98.66764 -999.0 -999.0 -999.0 -999.0 -999.0 276.84876816430534 -28.829203801930806 276.9312927188794 -28.813632580599805 86.09458060726513 88.10952984134411 -999.0 5400.0 -999.0 1 390 {-999.0 -999.0 -999.0 -999.0 -999.0} "" -999.0 -999.0 -999.0 -999.0 -999 -999 "" "" "" "" 0 0 0.0 0.0 -999 ""
FIBERMAP 769 R-5C12 METROLOGY 0 0 0 1 0 0 26.409475865987567 -97.54806563695082 143.1 96.41453957020501 30.27383447783501 18.0462 98.66764 -999.0 -999.0 -999.0 -999.0 -999.0 276.8486368488504 -28.831421443120536 276.9311736778968 -28.815850003135463 86.09484047285581 88.1418994749859 -999.0 6231.0 -999.0 -1 -999 {-999.0 -999.0 -999.0 -999.0 -999.0} "" -999.0 -999.0 -999.0 -999.0 -999 -999 "" "" "" "" 0 0 0.0 0.0 -999 ""
FIBERMAP 770 R-13C4 APOGEE 1 1 0 1 0 0 -75.64953179871993 -268.68215148487235 143.1 271.47200457233913 -64.88195442514815 304.60898 89.22838 277.4529240168215 -29.118178684872234 -2.3290296 -2.3490567 0.14009921 277.4529160903687 -29.11818566910734 277.5362710621066 -29.10100886578614 85.57570371194535 92.33018856698725 16000.0 16600.0 2016.0 2 261 {-999.0 14.42346 12.658611 11.758596 -999.0} sdss_psfmag_from_g3xp 13.603466 12.377528 11.298517 8.701 63050395245331829 1152010831 bright_1x1 mwm_galactic_core_dist_apogee_sparse mwm_galactic science 0 0 0.0 0.0 -999 ""
FIBERMAP 770 R-13C4 BOSS 0 0 0 1 0 0 -76.24945684725755 -269.0508501501792 143.1 271.86429718484914 -65.46668992836626 304.60898 89.22838 -999.0 -999.0 -999.0 -999.0 -999.0 277.4542648443405 -29.119939575005315 277.53760645194586 -29.10275908870405 85.57454052311651 92.35290509608205 -999.0 5400.0 -999.0 1 355 {-999.0 -999.0 -999.0 -999.0 -999.0} "" -999.0 -999.0 -999.0 -999.0 -999 -999 "" "" "" "" 0 0 0.0 0.0 -999 ""
FIBERMAP 770 R-13C4 METROLOGY 0 0 0 1 0 0 -76.33527695451069 -268.35917644725356 143.1 271.17661946307067 -65.57999523127171 304.60898 89.22838 -999.0 -999.0 -999.0 -999.0 -999.0 277.4519644909388 -29.120309443863963 277.53531340566235 -29.103134879280297 85.5765447456394 92.35772912989779 -999.0 6231.0 -999.0 -1 -999 {-999.0 -999.0 -999.0 -999.0 -999.0} "" -999.0 -999.0 -999.0 -999.0 -999 -999 "" "" "" "" 0 0 0.0 0.0 -999 ""
FIBERMAP 771 R-13C5 APOGEE 1 1 0 1 0 0 -48.42230421427379 -234.34680189624862 143.1 236.0805382826401 -39.04537858403786 114.42323 61.00388 277.3310995139806 -29.040688394087947 -0.8191442 -4.541894 0.10178564 277.3310967282596 -29.04070189808551 277.4142228457072 -29.023850737113268 85.68155956913893 91.30299613228306 16000.0 16600.0 2016.0 2 262 {-999.0 16.168402 14.548064 13.502262 -999.0} sdss_psfmag_from_g3xp 15.463475 14.169323 13.049247 10.458 63050395245351853 1152010752 bright_1x1 mwm_galactic_core_dist_apogee_sparse mwm_galactic science 0 0 0.0 0.0 -999 ""
FIBERMAP 771 R-13C5 BOSS 0 0 0 1 0 0 -47.66422799651944 -234.4061078478525 143.1 236.109592482151 -38.285571801693536 114.42323 61.00388 -999.0 -999.0 -999.0 -999.0 -999.0 277.3312396596819 -29.038406436725325 277.41433945521214 -29.021555491164776 85.68141319524446 91.27254708146279 -999.0 5400.0 -999.0 1 356 {-999.0 -999.0 -999.0 -999.0 -999.0} "" -999.0 -999.0 -999.0 -999.0 -999 -999 "" "" "" "" 0 0 0.0 0.0 -999 ""
FIBERMAP 771 R-13C5 METROLOGY 0 0 0 1 0 0 -48.09753498146941 -235.03175113293733 143.1 236.75197724446696 -38.69359134374032 114.42323 61.00388 -999.0 -999.0 -999.0 -999.0 -999.0 277.33349225514974 -29.03963774302517 277.4166008406711 -29.02278070582219 85.67946001923247 91.28932258008092 -999.0 6231.0 -999.0 -1 -999 {-999.0 -999.0 -999.0 -999.0 -999.0} "" -999.0 -999.0 -999.0 -999.0 -999 -999 "" "" "" "" 0 0 0.0 0.0 -999 ""
FIBERMAP 773 R+3C12 APOGEE 1 1 0 1 0 0 -22.41140529497485 67.06124511577464 143.1 -66.11243064201403 -25.0644817988122 150.5259 108.26554 276.28447999638047 -28.99816304077777 -2.7652845 -2.1587486 0.14259368 276.2844705961557 -28.99816945918714 276.3677333627722 -28.98404603075565 86.59570451570276 90.40672382609418 16000.0 16600.0 2016.0 2 131 {-999.0 15.693473 14.149519 13.407685 -999.0} sdss_psfmag_from_g3xp 15.037535 13.99343 12.991193 10.692 63050395263719328 1152039514 bright_1x1 mwm_galactic_core_dist_apogee_sparse mwm_galactic science 0 0 0.0 0.0 -999 ""
FIBERMAP 773 R+3C12 BOSS 0 0 0 1 0 0 -22.261993988372417 67.8010318122752 143.1 -66.85755301729309 -24.944668723640294 150.5259 108.26554 -999.0 -999.0 -999.0 -999.0 -999.0 276.2818556684045 -28.997808782213735 276.3651033554685 -28.98369253440139 86.59799521271873 90.39976732152843 -999.0 5400.0 -999.0 1 119 {-999.0 -999.0 -999.0 -999.0 -999.0} "" -999.0 -999.0 -999.0 -999.0 -999 -999 "" "" "" "" 0 0 0.0 0.0 -999 ""
FIBERMAP 773 R+3C12 METROLOGY 0 0 0 1 0 0 -21.70548263916396 67.30857368430041 143.1 -66.38767739843242 -24.369001618709905 150.5259 108.26554 -999.0 -999.0 -999.0 -999.0 -999.0 276.28348466909375 -28.99607039993503 276.3667301481522 -28.98195002543257 86.59652698777786 90.37104768325793 -999.0 6231.0 -999.0 -1 -999 {-999.0 -999.0 -999.0 -999.0 -999.0} "" -999.0 -999.0 -999.0 -999.0 -999 -999 "" "" "" "" 0 0 0.0 0.0 -999 ""
FIBERMAP 774 R-6C6 APOGEE 0 0 0 1 0 0 -116.56538074555131 -124.13501289576323 143.1 128.67553285143734 -111.52254008776565 195.55457 152.87297 -999.0 -999.0 -999.0 -999.0 -999.0 276.96021983676417 -29.261391149647995 277.044201355632 -29.24547802361004 86.00277334262196 94.40210221903868 -999.0 16600.0 -999.0 2 -999 {-999.0 -999.0 -999.0 -999.0 -999.0} "" -999.0 -999.0 -999.0 -999.0 -999 -999 "" "" "" "" 0 0 0.0 0.0 -999 ""
FIBERMAP 774 R-6C6 BOSS 1 1 0 1 0 0 -117.32319525836131 -123.97435667094125 143.1 128.54520247709928 -112.28612324985339 195.55457 152.87297 276.9598388671875 -29.263747042608614 -999.0 -999.0 -999.0 276.9598388671875 -29.263747042608617 277.0438113698689 -29.247834051019026 86.00302315765337 94.43606381341975 5400.0 5400.0 2015.5 1 483 {-999.0 -999.0 -999.0 -999.0 -999.0} "" -999.0 -999.0 -999.0 -999.0 27021603147062731 852450890 "" ops_sky_boss_fallback ops_sky sky_boss 0 0 0.0 0.0 -999 ""
FIBERMAP 774 R-6C6 METROLOGY 0 0 0 1 0 0 -116.80966336531493 -123.42803042180965 143.1 127.978872384319 -111.79478565960922 195.55457 152.87297 -999.0 -999.0 -999.0 -999.0 -999.0 276.9578889484044 -29.26227722622181 277.041861841172 -29.246369646852433 86.00477916938216 94.41600346478191 -999.0 6231.0 -999.0 -1 -999 {-999.0 -999.0 -999.0 -999.0 -999.0} "" -999.0 -999.0 -999.0 -999.0 -999 -999 "" "" "" "" 0 0 0.0 0.0 -999 ""
FIBERMAP 775 R-7C2 APOGEE 0 0 0 1 0 0 -172.9898685509477 -126.39402656363124 143.1 133.1806539539269 -167.80996985436292 78.97807 55.338345 -999.0 -999.0 -999.0 -999.0 -999.0 276.97560056013924 -29.43151676112004 277.06016002496506 -29.415543544696572 85.97885689861619 96.81873843606593 -999.0 16600.0 -999.0 2 -999 {-999.0 -999.0 -999.0 -999.0 -999.0} "" -999.0 -999.0 -999.0 -999.0 -999 -999 "" "" "" "" 0 0 0.0 0.0 -999 ""
FIBERMAP 775 R-7C2 BOSS 1 1 0 1 0 0 -172.46416366693398 -126.8835029382186 143.1 133.64877765746627 -167.2652023175681 78.97807 55.338345 276.9772924820025 -29.429889212113856 -3.5984805 -5.7434506 0.1043418 276.977280197783 -29.429906288589397 277.06181638021195 -29.413927698913376 85.97754731431793 96.7941346859862 5400.0 5400.0 2016.0 1 455 {-999.0 16.303461 15.357173 15.000675 -999.0} sdss_psfmag_ps1 15.970473 15.310398 14.521117 12.89 63050395245183304 1093352878 bright_3x1 mwm_astar_core_boss mwm_ob science 0 0 0.0 0.0 -999 ""
FIBERMAP 775 R-7C2 METROLOGY 0 0 0 1 0 0 -173.18259075225208 -127.11676882053926 143.1 133.9104716410881 -167.97373676598014 78.97807 55.338345 -999.0 -999.0 -999.0 -999.0 -999.0 276.97820136020886 -29.43206605687827 277.0627496185018 -29.41608514793569 85.97656510330066 96.82386604773109 -999.0 6231.0 -999.0 -1 -999 {-999.0 -999.0 -999.0 -999.0 -999.0} "" -999.0 -999.0 -999.0 -999.0 -999 -999 "" "" "" "" 0 0 0.0 0.0 -999 ""
FIBERMAP 777 R+4C22 APOGEE 0 0 0 1 0 0 219.9877448823972 87.45880162596546 143.1 -96.15032909163742 216.31985737222993 92.14192 135.8563 -999.0 -999.0 -999.0 -999.0 -999.0 276.1859967284592 -28.266838535905215 276.2668119327527 -28.253057640994047 86.58615810381552 78.00078965423148 -999.0 16600.0 -999.0 2 -999 {-999.0 -999.0 -999.0 -999.0 -999.0} "" -999.0 -999.0 -999.0 -999.0 -999 -999 "" "" "" "" 0 0 0.0 0.0 -999 ""
FIBERMAP 777 R+4C22 BOSS 1 1 0 1 0 0 220.5847768956725 88.04241706651837 143.1 -96.75724398083818 216.89313981690484 92.14192 135.8563 276.1839294433594 -28.2650757645752 -999.0 -999.0 -999.0 276.1839294433594 -28.265075764575204 276.26472513765685 -28.25130352318494 86.58752354511043 77.96479828631995 5400.0 5400.0 2015.5 1 246 {-999.0 -999.0 -999.0 -999.0 -999.0} "" -999.0 -999.0 -999.0 -999.0 27021603147110355 852462284 "" ops_sky_boss_fallback ops_sky sky_boss 0 0 0.0 0.0 -999 ""
FIBERMAP 777 R+4C22 METROLOGY 0 0 0 1 0 0 220.72057124740044 87.30892255620499 143.1 -96.02977133889607 217.05804385685826 92.14192 135.8563 -999.0 -999.0 -999.0 -999.0 -999.0 276.1864099063342 -28.264552140056175 276.2672072238879 -28.2507726335537 86.58527360983108 77.96493291818342 -999.0 6231.0 -999.0 -1 -999 {-999.0 -999.0 -999.0 -999.0 -999.0} "" -999.0 -999.0 -999.0 -999.0 -999 -999 "" "" "" "" 0 0 0.0 0.0 -999 ""
FIBERMAP 778 R-4C7 APOGEE 1 1 0 1 0 0 -105.82220988063573 -64.89227992910405 143.1 69.05419209578429 -103.14860119858204 71.11684 109.19176 276.75324968985086 -29.23622848962428 0.043163516 -4.477534 0.108299136 276.75324983691957 -29.236241802265756 276.83720165297916 -29.22087002876849 86.18418904528244 94.13811572898652 16000.0 16600.0 2016.0 2 297 {-999.0 15.846216 14.201896 13.087485 -999.0} sdss_psfmag_from_g3xp 15.114987 13.767738 12.622364 10.004 63050395245499697 1152010880 bright_1x1 mwm_galactic_core_dist_apogee_sparse mwm_galactic science 0 0 0.0 0.0 -999 ""
FIBERMAP 778 R-4C7 BOSS 0 0 0 1 0 0 -105.09168445724644 -65.00835886808521 143.1 69.14106957778426 -102.41406035768026 71.11684 109.19176 -999.0 -999.0 -999.0 -999.0 -999.0 276.75361288789543 -29.234068603979644 276.8375408415301 -29.21869564529777 86.1839690262163 94.10530813187142 -999.0 5400.0 -999.0 1 488 {-999.0 -999.0 -999.0 -999.0 -999.0} "" -999.0 -999.0 -999.0 -999.0 -999 -999 "" "" "" "" 0 0 0.0 0.0 -999 ""
FIBERMAP 778 R-4C7 METROLOGY 0 0 0 1 0 0 -105.54397597398689 -65.5898089633179 143.1 69.74005436398119 -102.84280928652792 71.11684 109.19176 -999.0 -999.0 -999.0 -999.0 -999.0 276.75569557439724 -29.23537859673055 276.8396320794044 -29.220000201562076 86.18209966793964 94.1239408580418 -999.0 6231.0 -999.0 -1 -999 {-999.0 -999.0 -999.0 -999.0 -999.0} "" -999.0 -999.0 -999.0 -999.0 -999 -999 "" "" "" "" 0 0 0.0 0.0 -999 ""
FIBERMAP 782 R-9C4 APOGEE 0 0 0 1 0 0 -113.04179860518636 -161.69759502592782 143.1 166.0664062431337 -106.50537678444557 76.19172 90.1992 -999.0 -999.0 -999.0 -999.0 -999.0 277.08978469127555 -29.24583895403751 277.1736772989434 -29.22959075986503 85.89041720838789 94.12154624803571 -999.0 16600.0 -999.0 2 -999 {-999.0 -999.0 -999.0 -999.0 -999.0} "" -999.0 -999.0 -999.0 -999.0 -999 -999 "" "" "" "" 0 0 0.0 0.0 -999 ""
FIBERMAP 782 R-9C4 BOSS 1 1 0 1 0 0 -112.33264446988655 -161.85403922675766 143.1 166.1944667700464 -105.79058122771156 76.19172 90.1992 277.0903015136719 -29.2437057803549 -999.0 -999.0 -999.0 277.0903015136719 -29.2437057803549 277.17416903699603 -29.22745600935913 85.89005604828711 94.09158428736413 5400.0 5400.0 2015.5 1 466 {-999.0 -999.0 -999.0 -999.0 -999.0} "" -999.0 -999.0 -999.0 -999.0 27021603147063167 852450973 "" ops_sky_boss_fallback ops_sky sky_boss 0 0 0.0 0.0 -999 ""
FIBERMAP 782 R-9C4 METROLOGY 0 0 0 1 0 0 -112.8240569668735 -162.41319742652536 143.1 166.77273685941805 -106.25930663523324 76.19172 90.1992 -999.0 -999.0 -999.0 -999.0 -999.0 277.0923232806803 -29.245131117822883 277.1762001120536 -29.22887605596414 85.88823953524917 94.11060133868943 -999.0 6231.0 -999.0 -1 -999 {-999.0 -999.0 -999.0 -999.0 -999.0} "" -999.0 -999.0 -999.0 -999.0 -999 -999 "" "" "" "" 0 0 0.0 0.0 -999 ""
FIBERMAP 783 R+5C15 APOGEE 0 0 0 1 0 0 90.08215848955783 85.76832356770285 143.1 -89.2857306083159 86.58996050464722 338.37125 91.88469 -999.0 -999.0 -999.0 -999.0 -999.0 276.20638252274415 -28.65898910258314 276.2885141859964 -28.645108978104396 86.6391636149147 84.58689731088208 -999.0 16600.0 -999.0 2 -999 {-999.0 -999.0 -999.0 -999.0 -999.0} "" -999.0 -999.0 -999.0 -999.0 -999 -999 "" "" "" "" 0 0 0.0 0.0 -999 ""
FIBERMAP 783 R+5C15 BOSS 1 1 0 1 0 0 89.76127718259409 84.99499351253031 143.1 -88.5002613632634 86.3001568241061 338.37125 91.88469 276.2090513527084 -28.659804585031992 0.2822512 -9.438973 0.027375977 276.2090523090711 -28.659832649067734 276.2911718941691 -28.645947059175736 86.63695548184928 84.60608922772256 5400.0 5400.0 2016.0 1 221 {-999.0 16.898054 16.064795 15.676004 -999.0} sdss_psfmag_ps1 16.54444 16.001196 15.194065 13.624 63050395264079445 1076105093 bright_1x1 mwm_halo_mp_xp_boss_single mwm_halo science 0 0 0.0 0.0 -999 ""
FIBERMAP 783 R+5C15 METROLOGY 0 0 0 1 0 0 89.34970241607576 85.6166452330096 143.1 -89.10499720450305 85.86415826258664 338.37125 91.88469 -999.0 -999.0 -999.0 -999.0 -999.0 276.20693911383364 -28.66113793364268 276.2890677023486 -28.64725724025192 86.63895222517608 84.62429257981586 -999.0 6231.0 -999.0 -1 -999 {-999.0 -999.0 -999.0 -999.0 -999.0} "" -999.0 -999.0 -999.0 -999.0 -999 -999 "" "" "" "" 0 0 0.0 0.0 -999 ""
FIBERMAP 785 R+5C13 APOGEE 1 1 0 1 0 0 50.016621938509736 105.52965119542435 143.1 -107.4343382692967 45.770532883581524 65.27886 72.11233 276.1427307128906 -28.78250023624817 -999.0 -999.0 -999.0 276.1427307128906 -28.782500236248172 276.2252965928104 -28.768771379440096 86.70771691569797 86.60181423936046 16000.0 16600.0 2015.5 2 150 {-999.0 -999.0 -999.0 -999.0 -999.0} "" -999.0 -999.0 -999.0 -999.0 27021603147109675 848843988 "" ops_sky_apogee_good ops_sky sky_apogee 0 0 0.0 0.0 -999 ""
FIBERMAP 785 R+5C13 BOSS 0 0 0 1 0 0 50.587305355754 105.03593782970754 143.1 -106.96377308474182 46.3604102467723 65.27886 72.11233 -999.0 -999.0 -999.0 -999.0 -999.0 276.1443214398932 -28.780692895540568 276.22686677910247 -28.766961234894687 86.70618139434 86.57261539344995 -999.0 5400.0 -999.0 1 154 {-999.0 -999.0 -999.0 -999.0 -999.0} "" -999.0 -999.0 -999.0 -999.0 -999 -999 "" "" "" "" 0 0 0.0 0.0 -999 ""
FIBERMAP 785 R+5C13 METROLOGY 0 0 0 1 0 0 49.875395093578845 104.79241860615905 143.1 -106.69209394588886 45.65879568690401 65.27886 72.11233 -999.0 -999.0 -999.0 -999.0 -999.0 276.1452283923864 -28.782821820340356 276.2277846946888 -28.76908722145429 86.70557359296573 86.61073459990666 -999.0 6231.0 -999.0 -1 -999 {-999.0 -999.0 -999.0 -999.0 -999.0} "" -999.0 -999.0 -999.0 -999.0 -999 -999 "" "" "" "" 0 0 0.0 0.0 -999 ""
FIBERMAP 788 R+7C6 APOGEE 0 0 0 1 0 0 -90.73233062386458 126.33276852574012 143.1 -122.6125684257488 -95.68984763613841 322.8062 110.06054 -999.0 -999.0 -999.0 -999.0 -999.0 276.08722333799284 -29.211268962078005 276.1712631468823 -29.197634244399303 86.76591115009357 94.11798792312777 -999.0 16600.0 -999.0 2 -999 {-999.0 -999.0 -999.0 -999.0 -999.0} "" -999.0 -999.0 -999.0 -999.0 -999 -999 "" "" "" "" 0 0 0.0 0.0 -999 ""
FIBERMAP 788 R+7C6 BOSS 1 1 0 1 0 0 -90.92193758150785 125.59281129600066 143.1 -121.86567423634162 -95.84981604550028 322.8062 110.06054 276.089783708128 -29.211786421997843 -5.6331863 -8.896481 0.27156204 276.08976451905227 -29.211812873087837 276.17379157683337 -29.198170983455388 86.76368403440081 94.1259055952014 5400.0 5400.0 2016.0 1 69 {-999.0 18.319687 18.142612 18.155474 -999.0} sdss_psfmag_ps1 18.324032 18.023087 17.660246 -999.0 63050395263054543 979783683 "" ops_std_boss ops_std standard_boss 0 0 0.0 0.0 -999 ""
FIBERMAP 788 R+7C6 METROLOGY 0 0 0 1 0 0 -91.45702603867144 126.14752605611174 143.1 -122.39860806920287 -96.40655847299014 322.8062 110.06054 -999.0 -999.0 -999.0 -999.0 -999.0 276.087886274563 -29.213497163216907 276.1719235939695 -29.199860098499357 86.76524426268278 94.15698859883094 -999.0 6231.0 -999.0 -1 -999 {-999.0 -999.0 -999.0 -999.0 -999.0} "" -999.0 -999.0 -999.0 -999.0 -999 -999 "" "" "" "" 0 0 0.0 0.0 -999 ""
FIBERMAP 794 R-11C15 APOGEE 0 0 0 1 0 0 156.01260331239283 -196.40349683295614 143.1 190.02404644822488 163.7073446469397 109.65041 55.075455 -999.0 -999.0 -999.0 -999.0 -999.0 277.1696564201042 -28.427675625506506 277.25075564677945 -28.41131637703068 85.76876355767975 82.93715583016524 -999.0 16600.0 -999.0 2 -999 {-999.0 -999.0 -999.0 -999.0 -999.0} "" -999.0 -999.0 -999.0 -999.0 -999 -999 "" "" "" "" 0 0 0.0 0.0 -999 ""
FIBERMAP 794 R-11C15 BOSS 1 1 0 1 0 0 156.6955402517645 -196.55653859832879 143.1 190.14975188886305 164.39580931713917 109.65041 55.075455 277.17010872180254 -28.425572252245676 -1.1040995 -4.5954914 -0.035609588 277.17010498904915 -28.42558591559961 277.25117925993055 -28.409228335907866 85.76805591490347 82.91005798842683 5400.0 5400.0 2016.0 1 332 {-999.0 16.843662 15.710274 15.213053 -999.0} sdss_psfmag_ps1 16.297443 15.60395 14.662629 12.709 63050395266256515 1093353759 bright_3x1 mwm_astar_core_boss mwm_ob science 0 0 0.0 0.0 -999 ""
FIBERMAP 794 R-11C15 METROLOGY 0 0 0 1 0 0 156.21074372735796 -197.12477250338566 143.1 190.73682652947767 163.9340559470622 109.65041 55.075455 -999.0 -999.0 -999.0 -999.0 -999.0 277.17215804785883 -28.426953111609635 277.25324139990335 -28.410589297469333 85.76648804639852 82.93225392304072 -999.0 6231.0 -999.0 -1 -999 {-999.0 -999.0 -999.0 -999.0 -999.0} "" -999.0 -999.0 -999.0 -999.0 -999 -999 "" "" "" "" 0 0 0.0 0.0 -999 ""
FIBERMAP 797 R0C6 APOGEE 0 0 0 1 0 0 -165.32917055233503 -1.5577753573262374 143.1 8.14330705353853 -165.12922515609603 359.41736 109.145424 -999.0 -999.0 -999.0 -999.0 -999.0 276.5408506268295 -29.423603402231226 276.6255005952047 -29.408762286009097 86.3567006572608 97.19924059778839 -999.0 16600.0 -999.0 2 -999 {-999.0 -999.0 -999.0 -999.0 -999.0} "" -999.0 -999.0 -999.0 -999.0 -999 -999 "" "" "" "" 0 0 0.0 0.0 -999 ""
FIBERMAP 797 R0C6 BOSS 1 1 0 1 0 0 -165.09864931461317 -2.3889600552393753 143.1 8.964614424640349 -164.86578118519034 359.41736 109.145424 276.54373168945307 -29.42288066878693 -999.0 -999.0 -999.0 276.54373168945307 -29.422880668786934 276.62836278537924 -29.40803090994653 86.35428324196802 97.18425033205511 5400.0 5400.0 2015.5 1 451 {-999.0 -999.0 -999.0 -999.0 -999.0} "" -999.0 -999.0 -999.0 -999.0 27021603147062839 852450909 "" ops_sky_boss_fallback ops_sky sky_boss 0 0 0.0 0.0 -999 ""
FIBERMAP 797 R0C6 METROLOGY 0 0 0 1 0 0 -165.79896425399326 -2.1398338549691953 143.1 8.743597034147514 -165.5754374340697 359.41736 109.145424 -999.0 -999.0 -999.0 -999.0 -999.0 276.5429517781248 -29.425042726956487 276.62759493400097 -29.410195085426974 86.35475424612399 97.21909757254161 -999.0 6231.0 -999.0 -1 -999 {-999.0 -999.0 -999.0 -999.0 -999.0} "" -999.0 -999.0 -999.0 -999.0 -999 -999 "" "" "" "" 0 0 0.0 0.0 -999 ""
FIBERMAP 798 R+9C9 APOGEE 1 1 0 1 0 0 7.339364470439574 185.27950412249285 143.1 -185.4173887209253 -0.048422705194532394 95.15349 34.359627 275.87222717536605 -28.919803957312897 -6.5121408 -5.124132 0.26637152 275.8722050549368 -28.919819192424224 275.95530402158835 -28.906779101309006 86.95343540195822 88.78946197109414 16000.0 16600.0 2016.0 2 135 {-999.0 15.973284 14.174227 12.874591 -999.0} sdss_psfmag_ps1 15.153629 12.982383 11.65731 8.483 63050395263469043 1153378730 bright_1x1 mwm_galactic_core_dist_apogee_sparse mwm_galactic science 0 0 0.0 0.0 -999 ""
FIBERMAP 798 R+9C9 BOSS 0 0 0 1 0 0 7.814475713687635 184.72589857947062 143.1 -184.88317364553842 0.44834833665814827 95.15349 34.359627 -999.0 -999.0 -999.0 -999.0 -999.0 275.8740047802738 -28.918325998552966 275.9570852890614 -28.905281969777057 86.9518020751922 88.76282541627569 -999.0 5400.0 -999.0 1 130 {-999.0 -999.0 -999.0 -999.0 -999.0} "" -999.0 -999.0 -999.0 -999.0 -999 -999 "" "" "" "" 0 0 0.0 0.0 -999 ""
FIBERMAP 798 R+9C9 METROLOGY 0 0 0 1 0 0 7.10636215005465 184.54798867504175 143.1 -184.6772003715774 -0.25208661265645915 95.15349 34.359627 -999.0 -999.0 -999.0 -999.0 -999.0 275.87466319375494 -28.920454167764124 275.9577544714515 -28.90740800186895 86.95132470481475 88.80330997900973 -999.0 6231.0 -999.0 -1 -999 {-999.0 -999.0 -999.0 -999.0 -999.0} "" -999.0 -999.0 -999.0 -999.0 -999 -999 "" "" "" "" 0 0 0.0 0.0 -999 ""
FIBERMAP 801 R+7C20 APOGEE 1 1 0 1 0 0 218.29565838015534 118.38886964086547 143.1 -126.98718788362206 213.39690630614461 324.2127 74.48671 276.0801098588044 -28.27530632619122 -2.2378755 -6.235659 0.090934545 276.0801023036659 -28.275324866105535 276.16097204806243 -28.261818817260135 86.67875745491861 77.76403915368155 16000.0 16600.0 2016.0 2 89 {-999.0 15.697806 14.159856 13.368176 -999.0} sdss_psfmag_from_g3xp 15.047352 13.965563 12.942589 10.478 63050395264366735 1152040171 bright_1x1 mwm_galactic_core_dist_apogee_sparse mwm_galactic science 0 0 0.0 0.0 -999 ""
FIBERMAP 801 R+7C20 BOSS 0 0 0 1 0 0 217.72625071155466 117.92821674552242 143.1 -126.50423356374941 212.84632625317394 324.2127 74.48671 -999.0 -999.0 -999.0 -999.0 -999.0 276.08174220300185 -28.276966442740243 276.1626033776838 -28.263458932644266 86.67775961501667 77.79749915974901 -999.0 5400.0 -999.0 1 263 {-999.0 -999.0 -999.0 -999.0 -999.0} "" -999.0 -999.0 -999.0 -999.0 -999 -999 "" "" "" "" 0 0 0.0 0.0 -999 ""
FIBERMAP 801 R+7C20 METROLOGY 0 0 0 1 0 0 217.60660770198152 118.65578129911985 143.1 -127.22642467536048 212.69779633901308 324.2127 74.48671 -999.0 -999.0 -999.0 -999.0 -999.0 276.07923201489064 -28.277370040455157 276.16009905402666 -28.263868169293396 86.67999891998363 77.79516193450252 -999.0 6231.0 -999.0 -1 -999 {-999.0 -999.0 -999.0 -999.0 -999.0} "" -999.0 -999.0 -999.0 -999.0 -999 -999 "" "" "" "" 0 0 0.0 0.0 -999 ""
FIBERMAP 803 R-5C19 APOGEE 0 0 0 1 0 0 152.62128834668775 -87.58202914332702 143.1 81.42844692717742 155.98333390614712 184.85526 74.04261 -999.0 -999.0 -999.0 -999.0 -999.0 276.79655161261974 -28.450471504425213 276.87782782757824 -28.43507972522853 86.09617169112428 82.50567713486646 -999.0 16600.0 -999.0 2 -999 {-999.0 -999.0 -999.0 -999.0 -999.0} "" -999.0 -999.0 -999.0 -999.0 -999 -999 "" "" "" "" 0 0 0.0 0.0 -999 ""
FIBERMAP 803 R-5C19 BOSS 1 1 0 1 0 0 152.74871474316316 -86.85607799811912 143.1 80.69802445884757 156.081731624471 184.85526 74.04261 276.79409268117973 -28.450088185840503 -2.2728384 -7.355001 0.072646774 276.7940849953582 -28.450110053791477 276.87534421611093 -28.43472717964886 86.09826609782058 82.49521047362182 5400.0 5400.0 2016.0 1 313 {-999.0 16.542406 15.4552 15.063753 -999.0} sdss_psfmag_ps1 16.077408 15.430183 14.54225 12.12 63050395263972312 1093353285 bright_3x1 mwm_astar_core_boss mwm_ob science 0 0 0.0 0.0 -999 ""
FIBERMAP 803 R-5C19 METROLOGY 0 0 0 1 0 0 153.32506241003279 -87.32865139260902 143.1 81.14724163495205 156.67642628199496 184.85526 74.04261 -999.0 -999.0 -999.0 -999.0 -999.0 276.7956374297265 -28.448296969294702 276.8768948126666 -28.432909581225665 86.09661765928935 82.47223325294595 -999.0 6231.0 -999.0 -1 -999 {-999.0 -999.0 -999.0 -999.0 -999.0} "" -999.0 -999.0 -999.0 -999.0 -999 -999 "" "" "" "" 0 0 0.0 0.0 -999 ""
FIBERMAP 810 R+10C16 APOGEE 0 0 0 1 0 0 142.4302087889108 201.13073355317047 143.1 -206.6375130175547 134.29823331483013 174.69759 93.22823 -999.0 -999.0 -999.0 -999.0 -999.0 275.8039979270871 -28.51275798308833 275.8857340898303 -28.49994352430996 86.96622102394457 81.03056012398423 -999.0 16600.0 -999.0 2 -999 {-999.0 -999.0 -999.0 -999.0 -999.0} "" -999.0 -999.0 -999.0 -999.0 -999 -999 "" "" "" "" 0 0 0.0 0.0 -999 ""
FIBERMAP 810 R+10C16 BOSS 1 1 0 1 0 0 142.4427505587479 201.8775166986811 143.1 -207.38417302792806 134.28101225730566 174.69759 93.22823 275.80143334429164 -28.512767818662955 -0.6359982 -5.194654 0.1392633 275.8014311923258 -28.512783263452175 275.8831553018687 -28.499977587332836 86.96845480336269 81.023303138437 5400.0 5400.0 2016.0 1 185 {-999.0 16.926378 15.821458 15.390913 -999.0} sdss_psfmag_ps1 16.352821 15.844399 14.736729 12.749 63050395264165479 1093353369 bright_3x1 mwm_astar_core_boss mwm_ob science 0 0 0.0 0.0 -999 ""
FIBERMAP 810 R+10C16 METROLOGY 0 0 0 1 0 0 143.0822936251732 201.49718079782207 143.1 -207.02963416983002 134.93517480332986 174.69759 93.22823 -999.0 -999.0 -999.0 -999.0 -999.0 275.80263028425446 -28.510791708403765 275.88435103076154 -28.497982550640362 86.96705387988642 80.98990166095155 -999.0 6231.0 -999.0 -1 -999 {-999.0 -999.0 -999.0 -999.0 -999.0} "" -999.0 -999.0 -999.0 -999.0 -999 -999 "" "" "" "" 0 0 0.0 0.0 -999 ""
FIBERMAP 811 R-13C1 APOGEE 1 1 0 1 0 0 -135.87140581125544 -259.6770208826501 143.1 264.87366611176606 -125.41237488393885 316.0442 124.04482 277.4306524751857 -29.301065872215563 1.9028673 -4.2225165 0.18997616 277.43065896283656 -29.301078426637343 277.51464381280454 -29.283937819628953 85.59119192614342 94.70997936100906 16000.0 16600.0 2016.0 2 154 {-999.0 13.810858 12.225481 11.437826 -999.0} sdss_psfmag_from_g3xp 13.12361 12.039918 11.017044 8.515 63050395245257268 1152010565 bright_1x1 mwm_galactic_core_dist_apogee_sparse mwm_galactic science 0 0 0.0 0.0 -999 ""
FIBERMAP 811 R-13C1 BOSS 0 0 0 1 0 0 -135.99934403929083 -260.408651559685 143.1 265.60978376699273 -125.51105773040413 316.0442 124.04482 -999.0 -999.0 -999.0 -999.0 -999.0 277.43316440165603 -29.301339920163233 277.5171305372768 -29.284192118274966 85.58901467264391 94.71217432994177 -999.0 5400.0 -999.0 1 435 {-999.0 -999.0 -999.0 -999.0 -999.0} "" -999.0 -999.0 -999.0 -999.0 -999 -999 "" "" "" "" 0 0 0.0 0.0 -999 ""
FIBERMAP 811 R-13C1 METROLOGY 0 0 0 1 0 0 -136.56862083536794 -259.9401297201478 143.1 265.16433305840945 -126.09852599734688 316.0442 124.04482 -999.0 -999.0 -999.0 -999.0 -999.0 277.43169499593284 -29.303149468321653 277.5156731089397 -29.286005449195873 85.590213094481 94.73639034957858 -999.0 6231.0 -999.0 -1 -999 {-999.0 -999.0 -999.0 -999.0 -999.0} "" -999.0 -999.0 -999.0 -999.0 -999 -999 "" "" "" "" 0 0 0.0 0.0 -999 ""
FIBERMAP 812 R-8C7 APOGEE 0 0 0 1 0 0 -68.31388237693902 -167.27647280688572 143.1 169.85863955124432 -61.59249666777773 255.89832 125.737045 -999.0 -999.0 -999.0 -999.0 -999.0 277.10285668576694 -29.109805443024015 277.1862818145303 -29.093539328680055 85.88150956754865 92.22291446821697 -999.0 16600.0 -999.0 2 -999 {-999.0 -999.0 -999.0 -999.0 -999.0} "" -999.0 -999.0 -999.0 -999.0 -999 -999 "" "" "" "" 0 0 0.0 0.0 -999 ""
FIBERMAP 812 R-8C7 BOSS 1 1 0 1 0 0 -69.11866122422381 -167.54653243142275 143.1 170.1605369067002 -62.38584497316972 255.89832 125.737045 277.1039908434191 -29.112211023891902 -0.8621611 -5.554729 0.21036933 277.10398790937154 -29.112227539259145 277.1874032234493 -29.095958211364067 85.88053173938036 92.25660232178738 5400.0 5400.0 2016.0 1 373 {-999.0 17.892872 17.632305 17.520039 -999.0} sdss_psfmag_ps1 17.788536 17.543959 17.096264 -999.0 63050395245564088 978464673 "" ops_std_boss ops_std standard_boss 0 0 0.0 0.0 -999 ""
FIBERMAP 812 R-8C7 METROLOGY 0 0 0 1 0 0 -68.90940575182148 -166.82386908754097 143.1 169.43013936956123 -62.20555543505173 255.89832 125.737045 -999.0 -999.0 -999.0 -999.0 -999.0 277.1014815511972 -29.111696361100087 277.1849008393838 -29.095433606024756 85.8827180217905 92.24927854324994 -999.0 6231.0 -999.0 -1 -999 {-999.0 -999.0 -999.0 -999.0 -999.0} "" -999.0 -999.0 -999.0 -999.0 -999 -999 "" "" "" "" 0 0 0.0 0.0 -999 ""
FIBERMAP 813 R+1C24 APOGEE 1 1 0 1 0 0 221.17674153137676 17.788188898626753 143.1 -26.58519127752627 220.28358880450494 195.14146 107.71918 276.4250856911258 -28.255557768737678 -2.443053 -3.393281 0.10342078 276.42507744483044 -28.25556785766919 276.5057948876718 -28.241165732503095 86.37871540223014 78.61720937049695 16000.0 16600.0 2016.0 2 112 {-999.0 15.372263 13.547412 12.361153 -999.0} sdss_psfmag_gaia 14.448278 13.054634 11.90519 9.219 63050395264314580 1154373024 bright_1x1 mwm_galactic_core_dist_apogee_sparse mwm_galactic science 0 0 0.0 0.0 -999 ""
FIBERMAP 813 R+1C24 BOSS 0 0 0 1 0 0 220.74113315531986 18.414574851410237 143.1 -27.193699886808137 219.82338806202935 195.14146 107.71918 -999.0 -999.0 -999.0 -999.0 -999.0 276.4229880214528 -28.256902301859245 276.5036955246072 -28.242508577748424 86.38082428480129 78.63116345653782 -999.0 5400.0 -999.0 1 191 {-999.0 -999.0 -999.0 -999.0 -999.0} "" -999.0 -999.0 -999.0 -999.0 -999 -999 "" "" "" "" 0 0 0.0 0.0 -999 ""
FIBERMAP 813 R+1C24 METROLOGY 0 0 0 1 0 0 221.50050794846524 18.46304326573068 143.1 -27.27238190686561 220.58019852995136 195.14146 107.71918 -999.0 -999.0 -999.0 -999.0 -999.0 276.4227202377569 -28.25459022021476 276.5034242987938 -28.240196587177767 86.38052422860038 78.59465213614453 -999.0 6231.0 -999.0 -1 -999 {-999.0 -999.0 -999.0 -999.0 -999.0} "" -999.0 -999.0 -999.0 -999.0 -999 -999 "" "" "" "" 0 0 0.0 0.0 -999 ""
FIBERMAP 815 R-12C7 APOGEE 0 0 0 1 0 0 -26.940081583897868 -214.6116097129067 143.1 215.5059380965479 -18.367335855034224 145.09259 68.26135 -999.0 -999.0 -999.0 -999.0 -999.0 277.26009306702144 -28.978377752823718 277.34302747820925 -28.961718459444302 85.74218466380759 90.4504907828159 -999.0 16600.0 -999.0 2 -999 {-999.0 -999.0 -999.0 -999.0 -999.0} "" -999.0 -999.0 -999.0 -999.0 -999 -999 "" "" "" "" 0 0 0.0 0.0 -999 ""
FIBERMAP 815 R-12C7 BOSS 1 1 0 1 0 0 -26.369598261014012 -214.21303606673362 143.1 215.0849683976772 -17.813207763753855 145.09259 68.26135 277.25870212893693 -28.976704982369203 2.458693 -0.92124283 0.29777607 277.25871048520946 -28.97670772141593 277.34162128115855 -28.96005276285126 85.7433584897325 90.42750951426888 5400.0 5400.0 2016.0 1 366 {-999.0 17.79666 17.134872 16.884031 16.6759} sdss_psfmag_from_ps1dr2 17.5605 17.1074 16.4724 15.437 63050395245604796 1039869665 "" ops_std_boss_ps1dr2 ops_std standard_boss 0 0 0.0 0.0 -999 ""
FIBERMAP 815 R-12C7 METROLOGY 0 0 0 1 0 0 -26.26757623149898 -214.93907691399858 143.1 215.8063391059927 -17.682344839502985 145.09259 68.26135 -999.0 -999.0 -999.0 -999.0 -999.0 277.2612233308374 -28.97630578200116 277.3441373171556 -28.959644183009697 85.74114452791083 90.4230104583255 -999.0 6231.0 -999.0 -1 -999 {-999.0 -999.0 -999.0 -999.0 -999.0} "" -999.0 -999.0 -999.0 -999.0 -999 -999 "" "" "" "" 0 0 0.0 0.0 -999 ""
FIBERMAP 817 R+10C12 APOGEE 0 0 0 1 0 0 59.84210423233682 210.29428080890233 143.1 -212.5030496006898 51.413924046150385 147.92401 78.147995 -999.0 -999.0 -999.0 -999.0 -999.0 275.78063699171724 -28.763267671298397 275.863226447953 -28.750484666270545 87.02185940123931 85.70565255034529 -999.0 16600.0 -999.0 2 -999 {-999.0 -999.0 -999.0 -999.0 -999.0} "" -999.0 -999.0 -999.0 -999.0 -999 -999 "" "" "" "" 0 0 0.0 0.0 -999 ""
FIBERMAP 817 R+10C12 BOSS 1 1 0 1 0 0 60.42789202990576 210.85007514596873 143.1 -213.0817186113764 51.97708006506073 147.92401 78.147995 275.77862424834643 -28.761513257232263 2.2521424 -7.9959793 -1.1186696 275.77863188679123 -28.761537030945462 275.8612032930237 -28.748760615810177 87.02344492086434 85.66909963537724 5400.0 5400.0 2016.0 1 147 {-999.0 16.535858 15.791365 15.539682 -999.0} sdss_psfmag_ps1 16.247423 15.929356 15.068431 13.873 63050395264115585 1093353321 bright_3x1 mwm_astar_core_boss mwm_ob science 0 0 0.0 0.0 -999 ""
FIBERMAP 817 R+10C12 METROLOGY 0 0 0 1 0 0 60.57176364897891 210.12967414894706 143.1 -212.36765036692728 52.14953298120384 147.92401 78.147995 -999.0 -999.0 -999.0 -999.0 -999.0 275.78105163664213 -28.76102398833096 275.8636243105418 -28.748240998405254 87.02127979303863 85.66340085298208 -999.0 6231.0 -999.0 -1 -999 {-999.0 -999.0 -999.0 -999.0 -999.0} "" -999.0 -999.0 -999.0 -999.0 -999 -999 "" "" "" "" 0 0 0.0 0.0 -999 ""
FIBERMAP 822 R+8C14 APOGEE 0 0 0 1 0 0 91.02963559586577 169.5015309470436 143.1 -172.98685366333052 84.20065733658261 93.744354 107.66067 -999.0 -999.0 -999.0 -999.0 -999.0 275.9176695112641 -28.66484544095442 275.9998923186728 -28.651716834690856 86.89118877193681 84.12377971178432 -999.0 16600.0 -999.0 2 -999 {-999.0 -999.0 -999.0 -999.0 -999.0} "" -999.0 -999.0 -999.0 -999.0 -999 -999 "" "" "" "" 0 0 0.0 0.0 -999 ""
FIBERMAP 822 R+8C14 BOSS 1 1 0 1 0 0 91.67850131984761 169.78610913754926 143.1 -173.2970457875541 84.83764411841166 93.744354 107.66067 275.91657680678475 -28.662864819109885 -0.107767746 -6.188532 -0.57156795 275.9165764416204 -28.662883218905275 275.9987797100542 -28.649759235239276 86.89189783725442 84.08561595953893 5400.0 5400.0 2016.0 1 168 {-999.0 15.924031 15.2095 14.952744 -999.0} sdss_psfmag_ps1 15.671112 15.283401 14.505354 13.301 63050395264128673 1093353341 bright_3x1 mwm_astar_core_boss mwm_ob science 0 0 0.0 0.0 -999 ""
FIBERMAP 822 R+8C14 METROLOGY 0 0 0 1 0 0 91.61529496570165 169.03623392435858 143.1 -172.54527777544433 84.80436603543619 93.744354 107.66067 -999.0 -999.0 -999.0 -999.0 -999.0 275.91913248260795 -28.66298702229807 276.0013392110318 -28.649855927538372 86.88968430548744 84.09286772982159 -999.0 6231.0 -999.0 -1 -999 {-999.0 -999.0 -999.0 -999.0 -999.0} "" -999.0 -999.0 -999.0 -999.0 -999 -999 "" "" "" "" 0 0 0.0 0.0 -999 ""
FIBERMAP 823 R-1C16 APOGEE 1 1 0 1 0 0 67.29698935965963 -9.522661373422359 143.1 6.833560027566191 67.62025403663792 55.501957 102.45684 276.5385633435234 -28.717608176515576 1.1106212 -6.8389893 0.10462832 276.5385671087623 -28.71762851025631 276.6208123558122 -28.70287655656111 86.35614923367663 86.07401114776793 16000.0 16600.0 2016.0 2 219 {-999.0 15.351406 13.831327 13.064382 -999.0} sdss_psfmag_gaia 14.689779 13.667783 12.642315 10.274 63050395263908486 1154372972 bright_1x1 mwm_galactic_core_dist_apogee_sparse mwm_galactic science 0 0 0.0 0.0 -999 ""
FIBERMAP 823 R-1C16 BOSS 0 0 0 1 0 0 67.98399720515093 -9.7826841540345 143.1 7.065995074799037 68.31704841703645 55.501957 102.45684 -999.0 -999.0 -999.0 -999.0 -999.0 276.53939879155104 -28.71547316705051 276.62162107768427 -28.70072071905723 86.35522044975896 86.04143230399939 -999.0 5400.0 -999.0 1 316 {-999.0 -999.0 -999.0 -999.0 -999.0} "" -999.0 -999.0 -999.0 -999.0 -999 -999 "" "" "" "" 0 0 0.0 0.0 -999 ""
FIBERMAP 823 R-1C16 METROLOGY 0 0 0 1 0 0 67.40930153459726 -10.25524080857341 143.1 7.561053904007159 67.7616590264117 55.501957 102.45684 -999.0 -999.0 -999.0 -999.0 -999.0 276.5411041232493 -28.717157403101286 276.6233360508994 -28.702399911587637 86.35389824752868 86.07015107167541 -999.0 6231.0 -999.0 -1 -999 {-999.0 -999.0 -999.0 -999.0 -999.0} "" -999.0 -999.0 -999.0 -999.0 -999 -999 "" "" "" "" 0 0 0.0 0.0 -999 ""
FIBERMAP 826 R+6C9 APOGEE 0 0 0 1 0 0 -34.42604286062574 128.92718326192863 143.1 -127.44810170301118 -39.533881949619 73.38381 91.13198 -999.0 -999.0 -999.0 -999.0 -999.0 276.0715683829862 -29.04092540462175 276.15503058455874 -29.02735152912089 86.78251869009259 91.09540074155154 -999.0 16600.0 -999.0 2 -999 {-999.0 -999.0 -999.0 -999.0 -999.0} "" -999.0 -999.0 -999.0 -999.0 -999 -999 "" "" "" "" 0 0 0.0 0.0 -999 ""
FIBERMAP 826 R+6C9 BOSS 1 1 0 1 0 0 -33.71930564933297 128.73540921027575 143.1 -127.28464449798467 -38.820093735010246 73.38381 91.13198 276.07209816966395 -29.03877054469071 -1.7888963 -4.024101 0.073018335 276.07209208615217 -29.0387825091811 276.1555330348758 -29.025207676118796 86.78205283555357 91.05730627645212 5400.0 5400.0 2016.0 1 135 {-999.0 16.53232 15.984661 15.673387 -999.0} sdss_psfmag_ps1 16.303936 15.88283 15.255209 14.229 63050395263729161 1093353604 bright_3x1 mwm_astar_core_boss mwm_ob science 0 0 0.0 0.0 -999 ""
FIBERMAP 826 R+6C9 METROLOGY 0 0 0 1 0 0 -34.230079868740276 128.2053129670644 143.1 -126.73464074316068 -39.30932256637451 73.38381 91.13198 -999.0 -999.0 -999.0 -999.0 -999.0 276.0739678012114 -29.040282790720557 276.15741732653635 -29.02670284526651 86.7804240153782 91.08429947503134 -999.0 6231.0 -999.0 -1 -999 {-999.0 -999.0 -999.0 -999.0 -999.0} "" -999.0 -999.0 -999.0 -999.0 -999 -999 "" "" "" "" 0 0 0.0 0.0 -999 ""
FIBERMAP 829 R-13C9 APOGEE 1 1 0 1 0 0 24.831444291621892 -235.66942811783377 143.1 234.48358039908553 34.19997154491534 160.1479 68.83397 277.32463277024476 -28.81903572025844 2.340368 0.43766388 0.5678763 277.3246407122971 -28.819034418992246 277.4070166800403 -28.802226226845978 85.67796234002597 88.35985939516677 16000.0 16600.0 2016.0 2 157 {-999.0 12.845643 11.597093 11.049928 -999.0} sdss_psfmag_gaia 12.384232 11.562913 10.676129 8.512 63050395247021285 1154354585 bright_1x1 mwm_galactic_core_dist_apogee_sparse mwm_galactic science 0 0 0.0 0.0 -999 ""
FIBERMAP 829 R-13C9 BOSS 0 0 0 1 0 0 25.33474230933738 -235.12251557001434 143.1 233.9170722214008 34.681060436203126 160.1479 68.83397 -999.0 -999.0 -999.0 -999.0 -999.0 277.3227413484899 -28.817577700440562 277.40509465611467 -28.800775746257 85.6795403594674 88.3390838661756 -999.0 5400.0 -999.0 1 438 {-999.0 -999.0 -999.0 -999.0 -999.0} "" -999.0 -999.0 -999.0 -999.0 -999 -999 "" "" "" "" 0 0 0.0 0.0 -999 ""
FIBERMAP 829 R-13C9 METROLOGY 0 0 0 1 0 0 25.573917540170363 -235.8241592347315 143.1 234.6086018137653 34.94799017668789 160.1479 68.83397 -999.0 -999.0 -999.0 -999.0 -999.0 277.32514879968636 -28.816758340771653 277.40750387936976 -28.799949906560816 85.67737609216022 88.33013057262269 -999.0 6231.0 -999.0 -1 -999 {-999.0 -999.0 -999.0 -999.0 -999.0} "" -999.0 -999.0 -999.0 -999.0 -999 -999 "" "" "" "" 0 0 0.0 0.0 -999 ""
FIBERMAP 833 R0C10 APOGEE 0 0 0 1 0 0 -95.2567149148645 7.818876538679756 143.1 -4.0172609256307235 -95.48878152874774 92.10833 146.52728 -999.0 -999.0 -999.0 -999.0 -999.0 276.499256322595 -29.212659430232634 276.58319507080955 -29.19795146740983 86.4065508035845 93.90088081230249 -999.0 16600.0 -999.0 2 -999 {-999.0 -999.0 -999.0 -999.0 -999.0} "" -999.0 -999.0 -999.0 -999.0 -999 -999 "" "" "" "" 0 0 0.0 0.0 -999 ""
FIBERMAP 833 R0C10 BOSS 1 1 0 1 0 0 -94.88172097850178 8.44642291319945 143.1 -4.659223957208626 -95.13910222333823 92.10833 146.52728 276.4970397949219 -29.211647920888197 -999.0 -999.0 -999.0 276.4970397949219 -29.211647920888197 276.5809602490564 -29.196945404003383 86.40853387409724 93.88586306359524 5400.0 5400.0 2015.5 1 448 {-999.0 -999.0 -999.0 -999.0 -999.0} "" -999.0 -999.0 -999.0 -999.0 27021603147062974 852450933 "" ops_sky_boss_fallback ops_sky sky_boss 0 0 0.0 0.0 -999 ""
FIBERMAP 833 R0C10 METROLOGY 0 0 0 1 0 0 -94.50902394234605 7.79751240025799 143.1 -4.025703140787927 -94.74086295909112 92.10833 146.52728 -999.0 -999.0 -999.0 -999.0 -999.0 276.49924267997454 -29.21045474532029 276.58316284906505 -29.195746763491556 86.40665141755957 93.86573812796581 -999.0 6231.0 -999.0 -1 -999 {-999.0 -999.0 -999.0 -999.0 -999.0} "" -999.0 -999.0 -999.0 -999.0 -999 -999 "" "" "" "" 0 0 0.0 0.0 -999 ""
FIBERMAP 834 R+2C24 APOGEE 0 0 0 1 0 0 255.23138638892456 25.494985224361045 143.1 -35.642321319015196 254.00278829468442 322.58157 95.44536 -999.0 -999.0 -999.0 -999.0 -999.0 276.3945190863336 -28.154110022462234 276.47490418663426 -28.13979939044406 86.3803604719117 76.95521438425567 -999.0 16600.0 -999.0 2 -999 {-999.0 -999.0 -999.0 -999.0 -999.0} "" -999.0 -999.0 -999.0 -999.0 -999 -999 "" "" "" "" 0 0 0.0 0.0 -999 ""
FIBERMAP 834 R+2C24 BOSS 1 1 0 1 0 0 254.81162198481718 24.851171886033626 143.1 -34.98232120304164 253.60902394687938 322.58157 95.44536 276.39678955078125 -28.15528254871265 -999.0 -999.0 -999.0 276.39678955078125 -28.15528254871265 276.4771631257277 -28.14096936551893 86.37873768431963 76.98125108926861 5400.0 5400.0 2015.5 1 193 {-999.0 -999.0 -999.0 -999.0 -999.0} "" -999.0 -999.0 -999.0 -999.0 27021603147110470 852462316 "" ops_sky_boss_fallback ops_sky sky_boss 0 0 0.0 0.0 -999 ""
FIBERMAP 834 R+2C24 METROLOGY 0 0 0 1 0 0 254.4834361337398 25.503269701721113 143.1 -35.62080002107079 253.25513176152984 322.58157 95.44536 -999.0 -999.0 -999.0 -999.0 -999.0 276.39458195849335 -28.156295623149326 276.4749637106629 -28.141987073923552 86.38087382658644 76.98891167370522 -999.0 6231.0 -999.0 -1 -999 {-999.0 -999.0 -999.0 -999.0 -999.0} "" -999.0 -999.0 -999.0 -999.0 -999 -999 "" "" "" "" 0 0 0.0 0.0 -999 ""
FIBERMAP 836 R+9C2 APOGEE 0 0 0 1 0 0 -148.93378603453831 169.1753972743646 143.1 -163.10067987231838 -155.54964431003222 34.891594 56.55188 -999.0 -999.0 -999.0 -999.0 -999.0 275.9458274456365 -29.39117252658724 276.0305189762238 -29.37788507889736 86.87567253216967 97.51687835491089 -999.0 16600.0 -999.0 2 -999 {-999.0 -999.0 -999.0 -999.0 -999.0} "" -999.0 -999.0 -999.0 -999.0 -999 -999 "" "" "" "" 0 0 0.0 0.0 -999 ""
FIBERMAP 836 R+9C2 BOSS 1 1 0 1 0 0 -148.92206921810032 168.4457245295538 143.1 -162.3720824719794 -155.50886658804214 34.891594 56.55188 275.9483488330182 -29.39110000200468 -5.1235113 -0.85566205 1.1139169 275.94833134944025 -29.391102546065188 276.03300828819886 -29.37780742328226 86.87352217404357 97.51145521722464 5400.0 5400.0 2016.0 1 19 {-999.0 15.526735 14.725123 14.578368 -999.0} sdss_psfmag_ps1 15.102377 15.15898 13.831919 12.525 63050395263005448 1096666203 bright_1x1 mwm_bin_vis_boss mwm_filler science 0 0 0.0 0.0 -999 ""
FIBERMAP 836 R+9C2 METROLOGY 0 0 0 1 0 0 -149.57592031582004 168.7917805625299 143.1 -162.69180000912232 -156.17595949850102 34.891594 56.55188 -999.0 -999.0 -999.0 -999.0 -999.0 275.9471802224684 -29.39312924147101 276.03186855091667 -29.379837187426126 86.87430531212539 97.55032448205588 -999.0 6231.0 -999.0 -1 -999 {-999.0 -999.0 -999.0 -999.0 -999.0} "" -999.0 -999.0 -999.0 -999.0 -999 -999 "" "" "" "" 0 0 0.0 0.0 -999 ""
FIBERMAP 843 R+7C18 APOGEE 1 1 0 1 0 0 157.34154730498415 129.16021260309984 143.1 -135.3210928630177 152.06449231435576 209.1245 120.465576 276.0494799788239 -28.460160869341706 -1.3009555 -6.0931745 0.09850768 276.0494755790986 -28.460178985619546 276.1309748250743 -28.44673099245337 86.74449648994828 80.8125278322155 16000.0 16600.0 2016.0 2 119 {-999.0 15.859609 14.308192 13.488244 -999.0} sdss_psfmag_from_g3xp 15.180556 14.101927 13.05441 10.673 63050395264190304 1152040015 bright_1x1 mwm_galactic_core_dist_apogee_sparse mwm_galactic science 0 0 0.0 0.0 -999 ""
FIBERMAP 843 R+7C18 BOSS 0 0 0 1 0 0 156.6889455531159 129.54901543993986 143.1 -135.68357132852836 151.39694464496785 209.1245 120.465576 -999.0 -999.0 -999.0 -999.0 -999.0 276.04818103556346 -28.46214831175679 276.1296736575006 -28.44870576671736 86.74599422519525 80.84285832218353 -999.0 5400.0 -999.0 1 204 {-999.0 -999.0 -999.0 -999.0 -999.0} "" -999.0 -999.0 -999.0 -999.0 -999 -999 "" "" "" "" 0 0 0.0 0.0 -999 ""
FIBERMAP 843 R+7C18 METROLOGY 0 0 0 1 0 0 157.3432460603543 129.90820680830888 143.1 -136.06853092972975 152.03638903583385 209.1245 120.465576 -999.0 -999.0 -999.0 -999.0 -999.0 276.04685232534047 -28.460190302671876 276.12834253591234 -28.446750800551197 86.7467725999238 80.80512724298461 -999.0 6231.0 -999.0 -1 -999 {-999.0 -999.0 -999.0 -999.0 -999.0} "" -999.0 -999.0 -999.0 -999.0 -999 -999 "" "" "" "" 0 0 0.0 0.0 -999 ""
FIBERMAP 844 R-3C20 APOGEE 1 1 0 1 0 0 177.58360360488342 -41.85500588683776 143.1 34.74504319341378 179.10303401006044 101.721085 67.23737 276.63574218749994 -28.380281785726652 -999.0 -999.0 -999.0 276.63574218749994 -28.38028178572665 276.7168244551942 -28.365316664004332 86.22309685334261 81.10366288493586 16000.0 16600.0 2015.5 2 214 {-999.0 -999.0 -999.0 -999.0 -999.0} "" -999.0 -999.0 -999.0 -999.0 27021603147109523 848843908 "" ops_sky_apogee_good ops_sky sky_apogee 0 0 0.0 0.0 -999 ""
FIBERMAP 844 R-3C20 BOSS 0 0 0 1 0 0 178.3405819773015 -41.96568370894277 143.1 34.82547015884103 179.86379055424283 101.721085 67.23737 -999.0 -999.0 -999.0 -999.0 -999.0 276.63605165025916 -28.377922305767218 276.71711011458785 -28.362959350840534 86.2224022727585 81.0692560791772 -999.0 5400.0 -999.0 1 306 {-999.0 -999.0 -999.0 -999.0 -999.0} "" -999.0 -999.0 -999.0 -999.0 -999 -999 "" "" "" "" 0 0 0.0 0.0 -999 ""
FIBERMAP 844 R-3C20 METROLOGY 0 0 0 1 0 0 177.87495757203806 -42.53970796489919 143.1 35.41756649051226 179.421424005661 101.721085 67.23737 -999.0 -999.0 -999.0 -999.0 -999.0 276.63809028888966 -28.37924003910814 276.71915712495445 -28.364270857182902 86.22088309211975 81.09399074458406 -999.0 6231.0 -999.0 -1 -999 {-999.0 -999.0 -999.0 -999.0 -999.0} "" -999.0 -999.0 -999.0 -999.0 -999 -999 "" "" "" "" 0 0 0.0 0.0 -999 ""
FIBERMAP 845 R+9C16 APOGEE 1 1 0 1 0 0 150.7204543204936 182.59429163104633 143.1 -188.446819497675 143.32006981322283 21.479017 147.93518 275.8667390911675 -28.48579807738472 -5.3031564 -6.0258923 0.08448367 275.86672115197325 -28.48581599361745 275.94835129413394 -28.47284121632009 86.90708725929417 80.72494396392891 16000.0 16600.0 2016.0 2 76 {-999.0 15.819432 14.226422 12.536803 -999.0} sdss_psfmag_from_g3xp 15.128739 13.26563 11.97273 8.934 63050395264198821 1152040054 bright_1x1 mwm_galactic_core_dist_apogee_sparse mwm_galactic science 0 0 0.0 0.0 -999 ""
FIBERMAP 845 R+9C16 BOSS 0 0 0 1 0 0 151.4414445096068 182.39434930745966 143.1 -188.27576868165224 144.04842454856103 21.479017 147.93518 -999.0 -999.0 -999.0 -999.0 -999.0 275.8673224448188 -28.4835988232928 275.94893205019616 -28.47062494667441 86.90616451588419 80.68642327096643 -999.0 5400.0 -999.0 1 235 {-999.0 -999.0 -999.0 -999.0 -999.0} "" -999.0 -999.0 -999.0 -999.0 -999 -999 "" "" "" "" 0 0 0.0 0.0 -999 ""
FIBERMAP 845 R+9C16 METROLOGY 0 0 0 1 0 0 150.89471352004117 181.8753154861698 143.1 -187.73538557971852 143.52282819985095 21.479017 147.93518 -999.0 -999.0 -999.0 -999.0 -999.0 275.86911541844125 -28.4851704846427 275.9507335573976 -28.472191120252944 86.90490779302829 80.72048741493779 -999.0 6231.0 -999.0 -1 -999 {-999.0 -999.0 -999.0 -999.0 -999.0} "" -999.0 -999.0 -999.0 -999.0 -999 -999 "" "" "" "" 0 0 0.0 0.0 -999 ""
FIBERMAP 850 R+3C23 APOGEE 0 0 0 1 0 0 244.37828347391834 63.77999950945495 143.1 -73.46301108434177 241.6334347412768 10.570106 136.2655 -999.0 -999.0 -999.0 -999.0 -999.0 276.26451559826205 -28.190924492660418 276.3450566201865 -28.17694803357022 86.5005402888032 77.06013719407719 -999.0 16600.0 -999.0 2 -999 {-999.0 -999.0 -999.0 -999.0 -999.0} "" -999.0 -999.0 -999.0 -999.0 -999 -999 "" "" "" "" 0 0 0.0 0.0 -999 ""
FIBERMAP 850 R+3C23 BOSS 1 1 0 1 0 0 245.06844662307796 63.26673162271956 143.1 -72.97766784386327 242.3434712576543 10.570106 136.2655 276.26621124713347 -28.18876590042438 -1.1667703 -3.9256494 0.14601436 276.26620731127326 -28.188777572198386 276.34672627163957 -28.174800319737805 86.49856848115495 77.03228985914133 5400.0 5400.0 2016.0 1 194 {-999.0 15.942555 14.454644 13.764437 -999.0} sdss_psfmag_from_g3xp 15.310374 14.334812 13.347686 11.111 63050395264392995 1093127540 bright_3x1 mwm_astar_core_boss mwm_ob science 0 0 0.0 0.0 -999 ""
FIBERMAP 850 R+3C23 METROLOGY 0 0 0 1 0 0 244.3505083827282 63.03251923472827 143.1 -72.71504761987369 241.63546295597385 10.570106 136.2655 -999.0 -999.0 -999.0 -999.0 -999.0 276.26707259242824 -28.190865470355195 276.34760246408734 -28.176884759442025 86.4983543353166 77.06851713884163 -999.0 6231.0 -999.0 -1 -999 {-999.0 -999.0 -999.0 -999.0 -999.0} "" -999.0 -999.0 -999.0 -999.0 -999 -999 "" "" "" "" 0 0 0.0 0.0 -999 ""
FIBERMAP 853 R+1C21 APOGEE 0 0 0 1 0 0 189.9060894510531 24.264063569376052 143.1 -31.80982029412787 188.7810126511217 96.582016 7.305981 -999.0 -999.0 -999.0 -999.0 -999.0 276.40661882521545 -28.35047418188625 276.4876597122636 -28.336108939726415 86.41501748415845 80.03615796935662 -999.0 16600.0 -999.0 2 -999 {-999.0 -999.0 -999.0 -999.0 -999.0} "" -999.0 -999.0 -999.0 -999.0 -999 -999 "" "" "" "" 0 0 0.0 0.0 -999 ""
FIBERMAP 853 R+1C21 BOSS 1 1 0 1 0 0 190.07783309240764 23.52378598667434 143.1 -31.07700248187329 188.98210624182167 96.582016 7.305981 276.4091491699219 -28.349812874827222 -999.0 -999.0 -999.0 276.4091491699219 -28.349812874827222 276.4901722371389 -28.335443894047927 86.4127164201459 80.03303945486124 5400.0 5400.0 2015.5 1 243 {-999.0 -999.0 -999.0 -999.0 -999.0} "" -999.0 -999.0 -999.0 -999.0 27021603147110270 852462259 "" ops_sky_boss_fallback ops_sky sky_boss 0 0 0.0 0.0 -999 ""
FIBERMAP 853 R+1C21 METROLOGY 0 0 0 1 0 0 189.3690204335822 23.7434340588132 143.1 -31.26822777349541 188.26513378992567 96.582016 7.305981 -999.0 -999.0 -999.0 -999.0 -999.0 276.40847067288104 -28.351950395022936 276.4895053421086 -28.337582137966617 86.41373096064386 80.06455530389735 -999.0 6231.0 -999.0 -1 -999 {-999.0 -999.0 -999.0 -999.0 -999.0} "" -999.0 -999.0 -999.0 -999.0 -999 -999 "" "" "" "" 0 0 0.0 0.0 -999 ""
FIBERMAP 855 R+8C7 APOGEE 0 0 1 1 0 0 -66.78461238657724 162.8671999353748 143.1 -160.0706245614247 -73.2176590431999 10.002518 170.26926 -999.0 -999.0 -999.0 -999.0 -999.0 275.95790814250535 -29.142225359504707 276.04174425119083 -29.128935733829827 86.88107868491946 92.94160965324483 -999.0 16600.0 -999.0 2 -999 {-999.0 -999.0 -999.0 -999.0 -999.0} "" -999.0 -999.0 -999.0 -999.0 -999 -999 "" "" "" "" 0 0 0.0 0.0 -999 ""
FIBERMAP 855 R+8C7 BOSS 1 0 1 1 0 0 -66.03275308015647 162.8843660179507 143.1 -160.11773093320693 -72.46711068718433 10.002518 170.26926 275.92265129507666 -29.119909996652186 -4.458735 -7.393406 1.0002517 275.9577085835053 -29.139976383222148 276.04152368561097 -29.126687304267158 86.88131792084901 92.90036543396934 5400.0 5400.0 2016.0 1 108 {-999.0 18.777147 17.569702 17.166372 -999.0} sdss_psfmag_ps1 18.154663 17.571085 16.618364 15.008 63050395263141181 1094904134 bright_1x1 mwm_bin_vis_boss mwm_filler science 0 0 0.0 0.0 -999 ""
FIBERMAP 855 R+8C7 METROLOGY 0 0 1 1 0 0 -66.39431785449412 162.22910245456006 143.1 -159.44860885585283 -72.80226775795687 10.002518 170.26926 -999.0 -999.0 -999.0 -999.0 -999.0 275.9599894485545 -29.141019215319783 276.0438113317273 -29.127724134376223 86.87929871347629 92.91865964049009 -999.0 6231.0 -999.0 -1 -999 {-999.0 -999.0 -999.0 -999.0 -999.0} "" -999.0 -999.0 -999.0 -999.0 -999 -999 "" "" "" "" 0 0 0.0 0.0 -999 ""
FIBERMAP 861 R+12C6 APOGEE 0 0 0 1 0 0 -25.249753674209025 231.27906112246808 143.1 -230.08020917554308 -34.44301674225169 43.158733 59.166477 -999.0 -999.0 -999.0 -999.0 -999.0 275.71733926343506 -29.022713965683884 275.80082624363774 -29.010065478520552 87.0919845021637 90.69030106117691 -999.0 16600.0 -999.0 2 -999 {-999.0 -999.0 -999.0 -999.0 -999.0} "" -999.0 -999.0 -999.0 -999.0 -999 -999 "" "" "" "" 0 0 0.0 0.0 -999 ""
FIBERMAP 861 R+12C6 BOSS 1 1 0 1 0 0 -25.091585851338458 230.5629009800474 143.1 -229.3709478197247 -34.256448503812976 43.158733 59.166477 275.7197570800781 -29.022176757214766 -999.0 -999.0 -999.0 275.7197570800782 -29.022176757214766 275.8032291748466 -29.009522207187 87.08987451663631 90.68026881675122 5400.0 5400.0 2015.5 1 163 {-999.0 -999.0 -999.0 -999.0 -999.0} "" -999.0 -999.0 -999.0 -999.0 27021603147108227 852461738 "" ops_sky_boss_fallback ops_sky sky_boss 0 0 0.0 0.0 -999 ""
FIBERMAP 861 R+12C6 METROLOGY 0 0 0 1 0 0 -25.796912048427025 230.7690455047472 143.1 -229.54881972879954 -34.96939941077671 43.158733 59.166477 -999.0 -999.0 -999.0 -999.0 -999.0 275.71907876942515 -29.024334187183737 275.802561924306 -29.011681095767987 87.09049237119697 90.72260820258418 -999.0 6231.0 -999.0 -1 -999 {-999.0 -999.0 -999.0 -999.0 -999.0} "" -999.0 -999.0 -999.0 -999.0 -999 -999 "" "" "" "" 0 0 0.0 0.0 -999 ""
FIBERMAP 862 R+6C19 APOGEE 1 1 0 1 0 0 169.51280852436065 104.4267908998082 143.1 -111.09321017271392 165.21099982943142 248.53897 98.4037 276.13320078852996 -28.420765423187905 -0.6071863 -4.5513134 0.29821366 276.1331987358401 -28.420778955191434 276.21454454982216 -28.407117487272764 86.6647170893345 80.38434279709611 16000.0 16600.0 2016.0 2 118 {-999.0 16.023794 14.255308 12.038496 -999.0} sdss_psfmag_from_g3xp 15.262192 12.7110815 11.290055 7.796 63050395264331193 1152040200 bright_1x1 mwm_galactic_core_dist_apogee_sparse mwm_galactic science 0 0 0.0 0.0 -999 ""
FIBERMAP 862 R+6C19 BOSS 0 0 0 1 0 0 168.75539498911016 104.578455631919 143.1 -111.21457252836588 164.44817553790955 248.53897 98.4037 -999.0 -999.0 -999.0 -999.0 -999.0 276.1327379570701 -28.42303220378184 276.2140776447877 -28.40937413030434 86.66556549458083 80.42097651605451 -999.0 5400.0 -999.0 1 203 {-999.0 -999.0 -999.0 -999.0 -999.0} "" -999.0 -999.0 -999.0 -999.0 -999 -999 "" "" "" "" 0 0 0.0 0.0 -999 ""
FIBERMAP 862 R+6C19 METROLOGY 0 0 0 1 0 0 169.26749780969763 105.14098756248393 143.1 -111.79703785198183 164.9374396017359 248.53897 98.4037 -999.0 -999.0 -999.0 -999.0 -999.0 276.1307268639885 -28.4215253197611 276.21206592641556 -28.40787196771099 86.66700342489811 80.3896438125995 -999.0 6231.0 -999.0 -1 -999 {-999.0 -999.0 -999.0 -999.0 -999.0} "" -999.0 -999.0 -999.0 -999.0 -999 -999 "" "" "" "" 0 0 0.0 0.0 -999 ""
FIBERMAP 863 R+9C12 APOGEE 1 1 0 1 0 0 42.767330950561345 158.54378434365535 143.1 -160.11544140210947 36.41516722881017 288.7313 44.463634 275.9605503790578 -28.809859503529378 -5.080655 -6.309135 0.06514619 275.9605331393411 -28.80987826190178 276.04323700442546 -28.79662089768078 86.86911452500397 86.84655231328455 16000.0 16600.0 2016.0 2 144 {-999.0 17.425627 15.490109 13.816114 -999.0} sdss_psfmag_ps1 16.61187 14.135555 12.732811 9.293 63050395264035881 1153378847 bright_1x1 mwm_galactic_core_dist_apogee_sparse mwm_galactic science 0 0 0.0 0.0 -999 ""
FIBERMAP 863 R+9C12 BOSS 0 0 0 1 0 0 42.067089060677645 158.9127841561167 143.1 -160.4562353419959 35.70080811917537 288.7313 44.463634 -999.0 -999.0 -999.0 -999.0 -999.0 275.95927751592694 -28.81202098201265 276.0419756549236 -28.798767626150095 86.87039776581791 86.88400934339177 -999.0 5400.0 -999.0 1 146 {-999.0 -999.0 -999.0 -999.0 -999.0} "" -999.0 -999.0 -999.0 -999.0 -999 -999 "" "" "" "" 0 0 0.0 0.0 -999 ""
FIBERMAP 863 R+9C12 METROLOGY 0 0 0 1 0 0 42.71049033193209 159.2923063927728 143.1 -160.86107462253096 36.32855236774402 288.7313 44.463634 -999.0 -999.0 -999.0 -999.0 -999.0 275.9578731446705 -28.81010501785364 276.0405689081821 -28.796855271689637 86.87146413574695 86.84718827659833 -999.0 6231.0 -999.0 -1 -999 {-999.0 -999.0 -999.0 -999.0 -999.0} "" -999.0 -999.0 -999.0 -999.0 -999 -999 "" "" "" "" 0 0 0.0 0.0 -999 ""
FIBERMAP 864 R-6C5 APOGEE 1 1 0 1 0 0 -125.62651538545734 -122.6900982579954 143.1 127.59282525536348 -120.63368427024406 302.01328 137.78743 276.9564408820257 -29.28896108124481 -2.002099 -4.9924603 0.08508334 276.9564340568623 -29.288975924869746 277.0405108500022 -29.27306938932224 86.0048462564484 94.79959297436935 16000.0 16600.0 2016.0 2 294 {-999.0 16.193914 14.572162 13.374296 -999.0} sdss_psfmag_from_g3xp 15.4901705 14.063229 12.8962965 10.22 63050395245421841 1155741256 bright_1x1 mwm_galactic_core_dist_apogee_extra mwm_galactic science 0 0 0.0 0.0 -999 ""
FIBERMAP 864 R-6C5 BOSS 0 0 0 1 0 0 -125.83583677058454 -123.41847236173719 143.1 128.32893141566737 -120.8138121454124 302.01328 137.78743 -999.0 -999.0 -999.0 -999.0 -999.0 276.95905701609644 -29.28955934316626 277.04311795182 -29.2736452405241 86.00254849497287 94.80637955692629 -999.0 5400.0 -999.0 1 485 {-999.0 -999.0 -999.0 -999.0 -999.0} "" -999.0 -999.0 -999.0 -999.0 -999 -999 "" "" "" "" 0 0 0.0 0.0 -999 ""
FIBERMAP 864 R-6C5 METROLOGY 0 0 0 1 0 0 -126.346939373906 -122.86695792624836 143.1 127.7982396250475 -121.34646121977971 302.01328 137.78743 -999.0 -999.0 -999.0 -999.0 -999.0 276.95722774488195 -29.291190784124016 277.0412996291226 -29.275281432912017 86.0040589308618 94.83086039601119 -999.0 6231.0 -999.0 -1 -999 {-999.0 -999.0 -999.0 -999.0 -999.0} "" -999.0 -999.0 -999.0 -999.0 -999 -999 "" "" "" "" 0 0 0.0 0.0 -999 ""
FIBERMAP 867 R-6C9 APOGEE 0 0 0 1 0 0 -52.52695019423813 -108.50643886711639 143.1 110.50865658588404 -48.16017023376227 116.529076 134.04126 -999.0 -999.0 -999.0 -999.0 -999.0 276.8973555275641 -29.069451891139085 276.98069963897706 -29.05372491812779 86.06097507965514 91.64259496423523 -999.0 16600.0 -999.0 2 -999 {-999.0 -999.0 -999.0 -999.0 -999.0} "" -999.0 -999.0 -999.0 -999.0 -999 -999 "" "" "" "" 0 0 0.0 0.0 -999 ""
FIBERMAP 867 R-6C9 BOSS 1 1 0 1 0 0 -52.28843151032147 -107.79698163028037 143.1 109.79028827505361 -47.95011574866703 116.529076 134.04126 276.89494931973127 -29.068809842931493 -0.40894225 -10.644699 0.24965341 276.8949479286332 -29.06884149184101 276.9782736480832 -29.053121000561163 86.06308991348189 91.63350591662238 5400.0 5400.0 2016.0 1 371 {-999.0 16.390648 16.22595 16.254078 -999.0} sdss_psfmag_ps1 16.30884 16.158806 15.762494 -999.0 63050395245633617 981872140 "" ops_std_boss_tic ops_std standard_boss 0 0 0.0 0.0 -999 ""
FIBERMAP 867 R-6C9 METROLOGY 0 0 0 1 0 0 -51.79368662382876 -108.35871360486718 143.1 110.33184078645304 -47.433403675020394 116.529076 134.04126 -999.0 -999.0 -999.0 -999.0 -999.0 276.8968336705667 -29.06727700208075 276.98015841618746 -29.05155174944762 86.0614269190874 91.61089216023777 -999.0 6231.0 -999.0 -1 -999 {-999.0 -999.0 -999.0 -999.0 -999.0} "" -999.0 -999.0 -999.0 -999.0 -999 -999 "" "" "" "" 0 0 0.0 0.0 -999 ""
FIBERMAP 873 R+3C16 APOGEE 1 1 0 1 0 0 95.63847563663248 44.69149388360203 143.1 -48.464526100182454 93.7781736415792 33.708576 25.262625 276.347607435509 -28.637710832225075 -3.7140312 -3.8966682 0.08102772 276.3475948537653 -28.63772241783138 276.42961892692284 -28.623477044995923 86.51356834803573 84.49233981934137 16000.0 16600.0 2016.0 2 71 {-999.0 15.963358 14.328123 12.636154 -999.0} sdss_psfmag_from_g3xp 15.244249 13.363364 12.071563 9.042 63050395263936925 1152039700 bright_1x1 mwm_galactic_core_dist_apogee_sparse mwm_galactic science 0 0 0.0 0.0 -999 ""
FIBERMAP 873 R+3C16 BOSS 0 0 0 1 0 0 95.18037189786877 44.09362424949157 143.1 -47.84890390577608 93.34427150405062 33.708576 25.262625 -999.0 -999.0 -999.0 -999.0 -999.0 276.3497007430391 -28.638992011944122 276.43171383492734 -28.62474268629634 86.5119078766303 84.51686879220102 -999.0 5400.0 -999.0 1 228 {-999.0 -999.0 -999.0 -999.0 -999.0} "" -999.0 -999.0 -999.0 -999.0 -999 -999 "" "" "" "" 0 0 0.0 0.0 -999 ""
FIBERMAP 873 R+3C16 METROLOGY 0 0 0 1 0 0 94.89555240999351 44.77553152435755 143.1 -48.518895068778356 93.03252188498503 33.708576 25.262625 -999.0 -999.0 -999.0 -999.0 -999.0 276.3473693878174 -28.639920953805674 276.42939040402257 -28.625677110094475 86.51405050837744 84.52779460014409 -999.0 6231.0 -999.0 -1 -999 {-999.0 -999.0 -999.0 -999.0 -999.0} "" -999.0 -999.0 -999.0 -999.0 -999 -999 "" "" "" "" 0 0 0.0 0.0 -999 ""
FIBERMAP 874 R+8C3 APOGEE 1 0 1 1 0 0 -153.96264793598937 162.8757320251852 143.1 -156.60591505960952 -160.32332909103758 10.0228405 169.733 276.0439046486942 -29.43296335967291 -1.8613907 -2.719378 0.11067736 275.96825132062395 -29.40579320604943 276.05298745294044 -29.392445596319504 86.85470383047303 97.7449899818958 16000.0 16600.0 2016.0 2 16 {-999.0 16.455645 14.787027 13.824324 -999.0} sdss_psfmag_from_g3xp 15.722728 14.471745 13.376455 10.81 63050395262984009 1152038588 bright_1x1 mwm_galactic_core_dist_apogee_sparse mwm_galactic science 0 0 0.0 0.0 -999 ""
FIBERMAP 874 R+8C3 BOSS 0 0 1 1 0 0 -153.22091644493324 162.79437251304543 143.1 -156.55417450651566 -159.57897477466776 10.0228405 169.733 -999.0 -999.0 -999.0 -999.0 -999.0 275.96842275241767 -29.403578293021855 276.0531377849021 -29.390229273982147 86.85480441164222 97.7045668377126 -999.0 5400.0 -999.0 1 25 {-999.0 -999.0 -999.0 -999.0 -999.0} "" -999.0 -999.0 -999.0 -999.0 -999 -999 "" "" "" "" 0 0 0.0 0.0 -999 ""
FIBERMAP 874 R+8C3 METROLOGY 0 0 1 1 0 0 -153.6614111905718 162.18945299717532 143.1 -155.9322098645821 -159.99500173249237 10.0228405 169.733 -999.0 -999.0 -999.0 -999.0 -999.0 275.97053952921374 -29.4048785531858 276.05526230383293 -29.391524207851145 86.85282873031709 97.72452640889713 -999.0 6231.0 -999.0 -1 -999 {-999.0 -999.0 -999.0 -999.0 -999.0} "" -999.0 -999.0 -999.0 -999.0 -999 -999 "" "" "" "" 0 0 0.0 0.0 -999 ""
FIBERMAP 876 R+5C22 APOGEE 1 1 0 1 0 0 235.80636234604668 105.48149457883771 143.1 -114.7882162230555 231.4072454908475 36.78625 156.72202 276.12252703831945 -28.22121003257781 -3.1676788 -22.518538 1.8799821 276.12251634955396 -28.22127698488389 276.20319370214605 -28.20766683317158 86.62927324065518 77.02360961041386 16000.0 16600.0 2016.0 2 87 {-999.0 15.650823 14.683907 14.277777 -999.0} sdss_psfmag_from_g3xp 15.333981 14.68524 13.900218 12.36 63050395264376935 916998726 bright_3x1 mwm_yso_variable_apogee mwm_yso science 0 0 0.0 0.0 -999 ""
FIBERMAP 876 R+5C22 BOSS 0 0 0 1 0 0 236.51647025524503 105.68031205497728 143.1 -115.01515908820069 232.1088401500516 36.78625 156.72202 -999.0 -999.0 -999.0 -999.0 -999.0 276.12177049784725 -28.219156147344982 276.2024276441024 -28.20555138033864 86.62938630099114 76.98589096984904 -999.0 5400.0 -999.0 1 260 {-999.0 -999.0 -999.0 -999.0 -999.0} "" -999.0 -999.0 -999.0 -999.0 -999 -999 "" "" "" "" 0 0 0.0 0.0 -999 ""
FIBERMAP 876 R+5C22 METROLOGY 0 0 0 1 0 0 236.3237587451035 104.9391255104357 143.1 -114.26691292166198 231.94581875412018 36.78625 156.72202 -999.0 -999.0 -999.0 -999.0 -999.0 276.12430244920137 -28.21961124912711 276.2049644207674 -28.205998917713096 86.6273390911033 77.00295281482136 -999.0 6231.0 -999.0 -1 -999 {-999.0 -999.0 -999.0 -999.0 -999.0} "" -999.0 -999.0 -999.0 -999.0 -999 -999 "" "" "" "" 0 0 0.0 0.0 -999 ""
FIBERMAP 878 R-3C23 APOGEE 0 0 0 1 0 0 222.9172400867194 -52.477752065546944 143.1 43.55280605161971 224.82208049443352 160.25577 112.949425 -999.0 -999.0 -999.0 -999.0 -999.0 276.6661822152126 -28.24252947866828 276.74679413072624 -28.227501373515498 86.1688189914878 79.15314856451755 -999.0 16600.0 -999.0 2 -999 {-999.0 -999.0 -999.0 -999.0 -999.0} "" -999.0 -999.0 -999.0 -999.0 -999 -999 "" "" "" "" 0 0 0.0 0.0 -999 ""
FIBERMAP 878 R-3C23 BOSS 1 1 0 1 0 0 222.8736086658181 -51.72413765130598 143.1 42.80155844928358 224.74846093136313 160.25577 112.949425 276.6636452497812 -28.242685449426332 -5.9880133 -6.2181196 0.08333525 276.66362504024437 -28.24270393719077 276.7442222912528 -28.227685670712304 86.17106894977935 79.14826723314799 5400.0 5400.0 2016.0 1 279 {-999.0 16.915154 16.118402 15.587007 -999.0} sdss_psfmag_ps1 16.598795 15.937455 15.143301 13.504 63050395266608422 1093503978 bright_1x1 mwm_astar_core_boss_single mwm_ob science 0 0 0.0 0.0 -999 ""
FIBERMAP 878 R-3C23 METROLOGY 0 0 0 1 0 0 223.54437847199344 -52.07008104313797 143.1 43.1204893859358 225.4324539525769 160.25577 112.949425 -999.0 -999.0 -999.0 -999.0 -999.0 276.6647252417343 -28.24061461051681 276.745319732667 -28.225592823535152 86.16965883546736 79.12095953134923 -999.0 6231.0 -999.0 -1 -999 {-999.0 -999.0 -999.0 -999.0 -999.0} "" -999.0 -999.0 -999.0 -999.0 -999 -999 "" "" "" "" 0 0 0.0 0.0 -999 ""
FIBERMAP 879 R0C22 APOGEE 0 0 0 1 0 0 199.29843215018698 3.0552944596187452 143.1 -10.992936604266156 199.0104945829451 62.580757 52.90255 -999.0 -999.0 -999.0 -999.0 -999.0 276.4784179130883 -28.319810839658924 276.5593374955828 -28.30526229544271 86.34687212851767 79.76676605880414 -999.0 16600.0 -999.0 2 -999 {-999.0 -999.0 -999.0 -999.0 -999.0} "" -999.0 -999.0 -999.0 -999.0 -999 -999 "" "" "" "" 0 0 0.0 0.0 -999 ""
FIBERMAP 879 R0C22 BOSS 1 1 0 1 0 0 199.60831765869347 2.345244638797037 143.1 -10.295825013806969 199.3484105367812 62.580757 52.90255 276.48085774040857 -28.318712369656804 -7.23404 -9.025172 0.17889796 276.480833308096 -28.31873920337316 276.5617334020617 -28.3041873975755 86.3445831837974 79.75727494375302 5400.0 5400.0 2016.0 1 255 {-999.0 15.026933 14.2429 13.842099 -999.0} sdss_psfmag_from_g3xp 14.78368 14.24134 13.464922 11.939 63050395264289888 1076161606 bright_1x1 mwm_halo_mp_xp_boss_single mwm_halo science 0 0 0.0 0.0 -999 ""
FIBERMAP 879 R0C22 METROLOGY 0 0 0 1 0 0 198.86648361880464 2.4446237766539105 143.1 -10.365566078850405 198.60323584249437 62.580757 52.90255 -999.0 -999.0 -999.0 -999.0 -999.0 276.4805784373875 -28.320959193453948 276.56149042604056 -28.306406959596963 86.34526083326863 79.79059869540106 -999.0 6231.0 -999.0 -1 -999 {-999.0 -999.0 -999.0 -999.0 -999.0} "" -999.0 -999.0 -999.0 -999.0 -999 -999 "" "" "" "" 0 0 0.0 0.0 -999 ""
FIBERMAP 881 R+5C5 APOGEE 1 0 1 1 0 0 -144.37851166984086 104.71484435562654 143.1 -98.87537162049011 -148.43001505749154 9.981125 170.04675 276.25151971648296 -29.35173387027808 48.48337 -79.52043 12.834881 276.16876623670976 -29.371449872293255 276.2533339604804 -29.35758384738912 86.68425096653341 96.83256278032252 16000.0 16600.0 2016.0 2 27 {-999.0 16.67538 15.248958 14.1069975 -999.0} sdss_psfmag_ps1 15.931128 15.199961 13.44746 11.39 63050395263023356 1069091477 bright_8x1 mwm_bin_rv_short_mdwarf_apogee_08epoch mwm_bin science 0 0 0.0 0.0 -999 ""
FIBERMAP 881 R+5C5 BOSS 0 0 1 1 0 0 -143.63578765250216 104.68893262725088 143.1 -98.87907215132782 -147.68687812144026 9.981125 170.04675 -999.0 -999.0 -999.0 -999.0 -999.0 276.1687378134548 -29.369256281041892 276.25328381969723 -29.355389516123974 86.68448464210341 96.79483064068523 -999.0 5400.0 -999.0 1 43 {-999.0 -999.0 -999.0 -999.0 -999.0} "" -999.0 -999.0 -999.0 -999.0 -999 -999 "" "" "" "" 0 0 0.0 0.0 -999 ""
FIBERMAP 881 R+5C5 METROLOGY 0 0 1 1 0 0 -144.0388356658217 104.04883921886683 143.1 -98.22345485573032 -148.06408822435986 9.981125 170.04675 -999.0 -999.0 -999.0 -999.0 -999.0 276.17099174236307 -29.37043055220227 276.2555452201781 -29.356558078271284 86.68241997147736 96.81200830853885 -999.0 6231.0 -999.0 -1 -999 {-999.0 -999.0 -999.0 -999.0 -999.0} "" -999.0 -999.0 -999.0 -999.0 -999 -999 "" "" "" "" 0 0 0.0 0.0 -999 ""
FIBERMAP 882 R-1C8 APOGEE 0 0 0 1 0 0 -137.99912423060633 -28.2854547223564 143.1 33.75984751965215 -136.75712214888762 240.69098 83.886734 -999.0 -999.0 -999.0 -999.0 -999.0 276.6302678626132 -29.337947600208803 276.7146005069284 -29.32288385022396 86.28592317765909 95.77107413048589 -999.0 16600.0 -999.0 2 -999 {-999.0 -999.0 -999.0 -999.0 -999.0} "" -999.0 -999.0 -999.0 -999.0 -999 -999 "" "" "" "" 0 0 0.0 0.0 -999 ""
FIBERMAP 882 R-1C8 BOSS 1 1 0 1 0 0 -138.61963186980833 -27.852167924622805 143.1 33.35164354022857 -137.3943747441143 240.69098 83.886734 276.6288757324218 -29.339939710923403 -999.0 -999.0 -999.0 276.6288757324218 -29.339939710923396 276.71319963227137 -29.32487844200056 86.28701254428539 95.80302882577024 5400.0 5400.0 2015.5 1 459 {-999.0 -999.0 -999.0 -999.0 -999.0} "" -999.0 -999.0 -999.0 -999.0 27021603147062878 852450916 "" ops_sky_boss_fallback ops_sky sky_boss 0 0 0.0 0.0 -999 ""
FIBERMAP 882 R-1C8 METROLOGY 0 0 0 1 0 0 -137.93323813332665 -27.540365976647973 143.1 33.0127552203106 -136.72097586140845 240.69098 83.886734 -999.0 -999.0 -999.0 -999.0 -999.0 276.6277019915236 -29.337914290567863 276.7120237937328 -29.322856577708272 86.28816681199598 95.77289607146304 -999.0 6231.0 -999.0 -1 -999 {-999.0 -999.0 -999.0 -999.0 -999.0} "" -999.0 -999.0 -999.0 -999.0 -999 -999 "" "" "" "" 0 0 0.0 0.0 -999 ""
FIBERMAP 883 R+4C1 APOGEE 1 1 0 1 0 0 -261.0302060282079 62.18057269538395 143.1 -51.72908717917927 -263.28982790700854 289.35458 38.573414 276.3313879743374 -29.718450462277232 -4.083607 -4.2436576 0.06531562 276.3313739941306 -29.71846307955519 276.4170937478493 -29.704132597205202 86.49655733342598 102.28949255046173 16000.0 16600.0 2016.0 2 2 {-999.0 22.950836 16.13523 17.450817 -999.0} sdss_psfmag_ps1 17.113186 14.242576 12.735334 8.666 63050395244872480 1153376907 bright_1x1 mwm_galactic_core_dist_apogee_sparse mwm_galactic science 0 0 0.0 0.0 -999 ""
FIBERMAP 883 R+4C1 BOSS 0 0 0 1 0 0 -261.6754115462455 62.5510358049837 143.1 -52.07353588373695 -263.9492548432559 289.35458 38.573414 -999.0 -999.0 -999.0 -999.0 -999.0 276.33018435686483 -29.720432102187615 276.41589637998516 -29.706102116450467 86.49722570256533 102.32426358041477 -999.0 5400.0 -999.0 1 2 {-999.0 -999.0 -999.0 -999.0 -999.0} "" -999.0 -999.0 -999.0 -999.0 -999 -999 "" "" "" "" 0 0 0.0 0.0 -999 ""
FIBERMAP 883 R+4C1 METROLOGY 0 0 0 1 0 0 -261.00975260371285 62.919786809162254 143.1 -52.46849967620755 -263.298842352532 289.35458 38.573414 -999.0 -999.0 -999.0 -999.0 -999.0 276.3288000787177 -29.718523985579722 276.4145100934602 -29.704198506161035 86.49875304546796 102.29716058511201 -999.0 6231.0 -999.0 -1 -999 {-999.0 -999.0 -999.0 -999.0 -999.0} "" -999.0 -999.0 -999.0 -999.0 -999 -999 "" "" "" "" 0 0 0.0 0.0 -999 ""
FIBERMAP 884 R+2C18 APOGEE 0 0 0 1 0 0 117.47981143256295 32.044809430738624 143.1 -36.69856306510542 116.10514686391956 262.58273 154.69534 -999.0 -999.0 -999.0 -999.0 -999.0 276.38861796012276 -28.570190274104736 276.47040351672547 -28.55584603551358 86.46876667918154 83.47858362076363 -999.0 16600.0 -999.0 2 -999 {-999.0 -999.0 -999.0 -999.0 -999.0} "" -999.0 -999.0 -999.0 -999.0 -999 -999 "" "" "" "" 0 0 0.0 0.0 -999 ""
FIBERMAP 884 R+2C18 BOSS 1 1 0 1 0 0 116.96229813392874 31.357041898036567 143.1 -35.990751027063425 115.61546630911361 262.58273 154.69534 276.3910558282407 -28.57160205393281 -1.8732722 -5.8252287 0.45961937 276.39104948628903 -28.57161937355195 276.4728241852274 -28.55727058352695 86.46687237373067 83.50651678255882 5400.0 5400.0 2016.0 1 208 {-999.0 16.71855 15.48979 15.1603985 -999.0} sdss_psfmag_ps1 16.16444 15.5114565 14.597487 12.807 63050395263940931 917037616 bright_3x1 mwm_yso_variable_boss mwm_yso science 0 0 0.0 0.0 -999 ""
FIBERMAP 884 R+2C18 METROLOGY 0 0 0 1 0 0 116.73222507010246 32.06956518682021 143.1 -36.693513806778526 115.35719769263565 262.58273 154.69534 -999.0 -999.0 -999.0 -999.0 -999.0 276.3886089680413 -28.57238358500836 276.47039124972946 -28.558040498720686 86.46909897942038 83.51380351962251 -999.0 6231.0 -999.0 -1 -999 {-999.0 -999.0 -999.0 -999.0 -999.0} "" -999.0 -999.0 -999.0 -999.0 -999 -999 "" "" "" "" 0 0 0.0 0.0 -999 ""
FIBERMAP 888 R-5C14 APOGEE 1 1 0 1 0 0 67.80752501086688 -106.84101398767159 143.1 104.0504102133764 72.00759577325442 337.25348 99.367966 276.8748721204885 -28.704819080190653 0.9599411 -11.928182 0.087429225 276.8748753744928 -28.704854545161325 276.9569886719229 -28.689229049801895 86.06141587350871 86.32578371622714 16000.0 16600.0 2016.0 2 196 {-999.0 15.53458 14.100245 13.445976 -999.0} sdss_psfmag_from_g3xp 14.95106 13.994638 13.033784 10.72 63050395263862128 1152039683 bright_1x1 mwm_galactic_core_dist_apogee_sparse mwm_galactic science 0 0 0.0 0.0 -999 ""
FIBERMAP 888 R-5C14 BOSS 0 0 0 1 0 0 67.64019325473207 -107.57082619816701 143.1 104.78628038461042 71.86947980342455 337.25348 99.367966 -999.0 -999.0 -999.0 -999.0 -999.0 276.8774945169247 -28.705237722994585 276.9595916861156 -28.689606869171662 86.05918265495713 86.33463241141203 -999.0 5400.0 -999.0 1 271 {-999.0 -999.0 -999.0 -999.0 -999.0} "" -999.0 -999.0 -999.0 -999.0 -999 -999 "" "" "" "" 0 0 0.0 0.0 -999 ""
FIBERMAP 888 R-5C14 METROLOGY 0 0 0 1 0 0 67.09166159597868 -107.07014760757548 143.1 104.30787324239863 71.30145822495047 337.25348 99.367966 -999.0 -999.0 -999.0 -999.0 -999.0 276.87585124480665 -28.706952012065642 276.9579594026151 -28.691324800103406 86.06078131557945 86.35739293275196 -999.0 6231.0 -999.0 -1 -999 {-999.0 -999.0 -999.0 -999.0 -999.0} "" -999.0 -999.0 -999.0 -999.0 -999 -999 "" "" "" "" 0 0 0.0 0.0 -999 ""
FIBERMAP 889 R-7C3 APOGEE 1 1 0 1 0 0 -164.74989863252904 -117.00593449596613 143.1 123.47210522315986 -159.9509001861883 123.259865 65.62567 276.94196145853914 -29.407867458810834 -3.353107 -5.0875897 0.12873961 276.9419500144379 -29.407882585275253 277.0264377180142 -29.391999678901108 86.0099685890204 96.51523867320789 16000.0 16600.0 2016.0 2 245 {-999.0 17.15922 15.145901 13.604824 -999.0} sdss_psfmag_ps1 16.144672 13.5032015 12.054312 8.29 63050395245177133 1153376992 bright_1x1 mwm_galactic_core_dist_apogee_sparse mwm_galactic science 0 0 0.0 0.0 -999 ""
FIBERMAP 889 R-7C3 BOSS 0 0 0 1 0 0 -164.0144771547953 -117.00137604279496 143.1 123.43825086087057 -159.21627365305437 123.259865 65.62567 -999.0 -999.0 -999.0 -999.0 -999.0 276.94189224432256 -29.40570827329569 277.0263554399495 -29.389824659283544 86.01020234270287 96.48414377403219 -999.0 5400.0 -999.0 1 502 {-999.0 -999.0 -999.0 -999.0 -999.0} "" -999.0 -999.0 -999.0 -999.0 -999 -999 "" "" "" "" 0 0 0.0 0.0 -999 ""
FIBERMAP 889 R-7C3 METROLOGY 0 0 0 1 0 0 -164.35135058364776 -117.63790602574807 143.1 124.08767126073245 -159.5275063296937 123.259865 65.62567 -999.0 -999.0 -999.0 -999.0 -999.0 276.9441600623026 -29.406664484912415 277.0286307554661 -29.390775172561263 86.00815462615398 96.4956434351829 -999.0 6231.0 -999.0 -1 -999 {-999.0 -999.0 -999.0 -999.0 -999.0} "" -999.0 -999.0 -999.0 -999.0 -999 -999 "" "" "" "" 0 0 0.0 0.0 -999 ""
FIBERMAP 890 R+11C6 APOGEE 1 1 0 1 0 0 -60.37978195161144 232.8119941952823 143.1 -230.21225867559448 -69.60482013717245 151.44276 57.72524 275.7158874648526 -29.12908795132382 -4.3813434 -3.7695017 0.107219316 275.71587255211904 -29.129099158837334 275.7997229319181 -29.11644198761607 87.09271761080356 92.7875237257118 16000.0 16600.0 2016.0 2 146 {-999.0 16.525843 14.960051 13.99179 -999.0} sdss_psfmag_ps1 15.805708 14.302197 13.11846 10.373 63050395263413792 1153378694 bright_1x1 mwm_galactic_core_dist_apogee_sparse mwm_galactic science 0 0 0.0 0.0 -999 ""
FIBERMAP 890 R+11C6 BOSS 0 0 0 1 0 0 -59.70676236438619 233.16921502215962 143.1 -230.5959951600726 -68.94659377004156 151.44276 57.72524 -999.0 -999.0 -999.0 -999.0 -999.0 275.7145521157226 -29.127102566331576 275.79838357362223 -29.114448855214953 87.09392760822044 92.74869100658094 -999.0 5400.0 -999.0 1 149 {-999.0 -999.0 -999.0 -999.0 -999.0} "" -999.0 -999.0 -999.0 -999.0 -999 -999 "" "" "" "" 0 0 0.0 0.0 -999 ""
FIBERMAP 890 R+11C6 METROLOGY 0 0 0 1 0 0 -59.75172162374954 232.40859018255784 143.1 -229.8342134637469 -68.96121170338606 151.44276 57.72524 -999.0 -999.0 -999.0 -999.0 -999.0 275.71712589337966 -29.12718470962882 275.80096053510056 -29.114524339356688 87.0916751950205 92.74930074106413 -999.0 6231.0 -999.0 -1 -999 {-999.0 -999.0 -999.0 -999.0 -999.0} "" -999.0 -999.0 -999.0 -999.0 -999 -999 "" "" "" "" 0 0 0.0 0.0 -999 ""
FIBERMAP 892 R-3C17 APOGEE 0 0 0 1 0 0 100.55357309263312 -73.2203581611214 143.1 69.15316793541412 103.3868633862036 283.0531 102.02651 -999.0 -999.0 -999.0 -999.0 -999.0 276.75427391786224 -28.609592735826077 276.83609756693136 -28.59429218791475 86.1559237515172 84.75660051963234 -999.0 16600.0 -999.0 2 -999 {-999.0 -999.0 -999.0 -999.0 -999.0} "" -999.0 -999.0 -999.0 -999.0 -999 -999 "" "" "" "" 0 0 0.0 0.0 -999 ""
FIBERMAP 892 R-3C17 BOSS 1 1 0 1 0 0 99.86541010660808 -73.55116993289494 143.1 69.51112071331868 102.71245409428647 283.0531 102.02651 276.75554798185414 -28.611566201342782 5.5927444 -6.007039 -0.0029700263 276.755566923256 -28.61158406152091 276.8373806580522 -28.59628175039874 86.15506020063023 84.78817498755575 5400.0 5400.0 2016.0 1 298 {-999.0 16.980326 15.965283 15.5814 -999.0} sdss_psfmag_ps1 16.505434 15.910878 15.021232 13.366 63050395263889154 1093504045 bright_1x1 mwm_astar_core_boss_single mwm_ob science 0 0 0.0 0.0 -999 ""
FIBERMAP 892 R-3C17 METROLOGY 0 0 0 1 0 0 99.93177173524379 -72.80459225493755 143.1 68.76252177797473 102.7490161964224 283.0531 102.02651 -999.0 -999.0 -999.0 -999.0 -999.0 276.75298391905403 -28.611459396772954 276.83480254832534 -28.59616330010004 86.15729030681038 84.78212204616034 -999.0 6231.0 -999.0 -1 -999 {-999.0 -999.0 -999.0 -999.0 -999.0} "" -999.0 -999.0 -999.0 -999.0 -999 -999 "" "" "" "" 0 0 0.0 0.0 -999 ""
FIBERMAP 893 R+11C7 APOGEE 1 1 0 1 0 0 -40.31410655325695 207.5136944429373 143.1 -205.73448807131146 -48.54797714872855 180.13693 151.29123 275.80078125 -29.066177693069648 -999.0 -999.0 -999.0 275.80078125 -29.066177693069648 275.88439628519643 -29.053306558926145 87.0193056018723 91.54491802203255 16000.0 16600.0 2015.5 2 130 {-999.0 -999.0 -999.0 -999.0 -999.0} "" -999.0 -999.0 -999.0 -999.0 27021603147108163 848843666 "" ops_sky_apogee_good ops_sky sky_apogee 0 0 0.0 0.0 -999 ""
FIBERMAP 893 R+11C7 BOSS 0 0 0 1 0 0 -41.005974224715594 207.855136645076 143.1 -206.04808101836204 -49.252871109286666 180.13693 151.29123 -999.0 -999.0 -999.0 -999.0 -999.0 275.7996390206085 -29.068313352700137 275.8832488562224 -29.055444958275242 87.02031197029906 91.58601837126787 -999.0 5400.0 -999.0 1 117 {-999.0 -999.0 -999.0 -999.0 -999.0} "" -999.0 -999.0 -999.0 -999.0 -999 -999 "" "" "" "" 0 0 0.0 0.0 -999 ""
FIBERMAP 893 R+11C7 METROLOGY 0 0 0 1 0 0 -40.3527046945687 208.26061766033538 143.1 -206.47925058659374 -48.616301047898055 180.13693 151.29123 -999.0 -999.0 -999.0 -999.0 -999.0 275.7981311595038 -29.066379379652563 275.88173838643047 -29.053515144751877 87.0216294432292 91.54884712864873 -999.0 6231.0 -999.0 -1 -999 {-999.0 -999.0 -999.0 -999.0 -999.0} "" -999.0 -999.0 -999.0 -999.0 -999 -999 "" "" "" "" 0 0 0.0 0.0 -999 ""
FIBERMAP 900 R-5C6 APOGEE 0 0 0 1 0 0 -110.95719446054474 -90.31311299349153 143.1 94.65840590369407 -107.26651932947225 35.646015 111.03062 -999.0 -999.0 -999.0 -999.0 -999.0 276.842175489441 -29.248683328941375 276.92614582188935 -29.233078736620055 86.10617893673616 94.27803713616566 -999.0 16600.0 -999.0 2 -999 {-999.0 -999.0 -999.0 -999.0 -999.0} "" -999.0 -999.0 -999.0 -999.0 -999 -999 "" "" "" "" 0 0 0.0 0.0 -999 ""
FIBERMAP 900 R-5C6 BOSS 1 1 0 1 0 0 -110.2981901096013 -90.83591366191288 143.1 95.15451536415021 -106.58723583249885 35.646015 111.03062 276.8440293851492 -29.246611492862968 -17.700708 -21.079157 0.7212973 276.84396906832825 -29.2466741655772 276.92791509654825 -29.23106462988141 86.10470964867918 94.2475719324333 5400.0 5400.0 2016.0 1 484 {-999.0 16.046713 15.536645 15.253248 -999.0} sdss_psfmag_ps1 15.807105 15.428889 14.811872 13.723 63050395245438345 1072928537 bright_1x1 mwm_halo_local_high_boss_single mwm_halo science 0 0 0.0 0.0 -999 ""
FIBERMAP 900 R-5C6 METROLOGY 0 0 0 1 0 0 -110.99983380224621 -91.05989281601981 143.1 95.40626170236557 -107.27937087519162 35.646015 111.03062 -999.0 -999.0 -999.0 -999.0 -999.0 276.8448466921236 -29.248781411163446 276.92880464780865 -29.233169473238288 86.10385697153133 94.27811419536067 -999.0 6231.0 -999.0 -1 -999 {-999.0 -999.0 -999.0 -999.0 -999.0} "" -999.0 -999.0 -999.0 -999.0 -999 -999 "" "" "" "" 0 0 0.0 0.0 -999 ""
FIBERMAP 909 R+1C23 APOGEE 0 0 0 1 0 0 232.32742028285625 15.299445633576434 143.1 -24.542774507037 231.52412131342692 36.957764 58.118298 -999.0 -999.0 -999.0 -999.0 -999.0 276.4322635482884 -28.221759455688577 276.51286580946453 -28.207342600009923 86.36472628295056 78.12073101423596 -999.0 16600.0 -999.0 2 -999 {-999.0 -999.0 -999.0 -999.0 -999.0} "" -999.0 -999.0 -999.0 -999.0 -999 -999 "" "" "" "" 0 0 0.0 0.0 -999 ""
FIBERMAP 909 R+1C23 BOSS 1 1 0 1 0 0 232.3924713112594 14.567730220377745 143.1 -23.81426101452459 231.6182701486457 36.957764 58.118298 276.43481908761606 -28.22117116824234 -11.8284645 -92.0822 1.5622957 276.4347791745162 -28.221444947810852 276.51536423351894 -28.207024864592253 86.36251236526672 78.1241539137009 5400.0 5400.0 2016.0 1 190 {-999.0 16.83645 15.862139 15.302414 -999.0} sdss_psfmag_ps1 16.324495 15.655865 14.754451 12.338 63050395264324448 1072813220 bright_1x1 mwm_halo_local_high_boss_single mwm_halo science 0 0 0.0 0.0 -999 ""
FIBERMAP 909 R+1C23 METROLOGY 0 0 0 1 0 0 231.71852101415146 14.86500358063166 143.1 -24.084435796811853 230.93303833740484 36.957764 58.118298 -999.0 -999.0 -999.0 -999.0 -999.0 276.43383196341784 -28.22346767031391 276.5144287908072 -28.209048857477814 86.36379561959639 78.15204191654112 -999.0 6231.0 -999.0 -1 -999 {-999.0 -999.0 -999.0 -999.0 -999.0} "" -999.0 -999.0 -999.0 -999.0 -999 -999 "" "" "" "" 0 0 0.0 0.0 -999 ""
FIBERMAP 911 R+5C9 APOGEE 1 1 0 1 0 0 -68.6346482843072 107.8192482942022 143.1 -104.99487550925343 -72.87300278121556 165.35277 88.77455 276.1487467419233 -29.142509374424215 -0.6389108 -2.6996381 0.1271655 276.14874456698533 -29.142517401011137 276.23253390409013 -29.12873050204764 86.71445518275351 92.87906814631559 16000.0 16600.0 2016.0 2 43 {-999.0 16.362036 14.716681 13.577682 -999.0} sdss_psfmag_from_g3xp 15.649713 14.255446 13.110836 10.477 63050395263126774 1152038681 bright_1x1 mwm_galactic_core_dist_apogee_sparse mwm_galactic science 0 0 0.0 0.0 -999 ""
FIBERMAP 911 R+5C9 BOSS 0 0 0 1 0 0 -68.40900463890542 108.51554157094075 143.1 -105.6995778879467 -72.67528813554613 165.35277 88.77455 -999.0 -999.0 -999.0 -999.0 -999.0 276.14625709291283 -29.14193911802424 276.2300310474011 -29.128158540466366 86.7166516149031 92.86978528469592 -999.0 5400.0 -999.0 1 77 {-999.0 -999.0 -999.0 -999.0 -999.0} "" -999.0 -999.0 -999.0 -999.0 -999 -999 "" "" "" "" 0 0 0.0 0.0 -999 ""
FIBERMAP 911 R+5C9 METROLOGY 0 0 0 1 0 0 -67.90522473808994 107.9933418863324 143.1 -105.19788465842306 -72.15112357700816 165.35277 88.77455 -999.0 -999.0 -999.0 -999.0 -999.0 276.14799029718387 -29.14036774680674 276.23176243512273 -29.126582907039474 86.71516776049927 92.84181062233722 -999.0 6231.0 -999.0 -1 -999 {-999.0 -999.0 -999.0 -999.0 -999.0} "" -999.0 -999.0 -999.0 -999.0 -999 -999 "" "" "" "" 0 0 0.0 0.0 -999 ""
FIBERMAP 913 R-2C5 APOGEE 1 1 0 1 0 0 -163.24031239832217 -34.44716988861348 143.1 40.92205064462934 -161.73177238947576 39.980076 89.709526 276.65496826171875 -29.413512979540386 -999.0 -999.0 -999.0 276.6549682617188 -29.41351297954039 276.739553226303 -29.398376030708267 86.25862220633921 96.90415814804936 16000.0 16600.0 2015.5 2 287 {-999.0 -999.0 -999.0 -999.0 -999.0} "" -999.0 -999.0 -999.0 -999.0 27021603147062645 848836130 "" ops_sky_apogee_good ops_sky sky_apogee 0 0 0.0 0.0 -999 ""
FIBERMAP 913 R-2C5 BOSS 0 0 0 1 0 0 -162.7773967452283 -35.00587048471067 143.1 41.46184240479924 -161.2469837762916 39.980076 89.709526 -999.0 -999.0 -999.0 -999.0 -999.0 276.6568854522702 -29.412113600844965 276.74144906481604 -29.396970654134396 86.25709416540042 96.88057878207263 -999.0 5400.0 -999.0 1 471 {-999.0 -999.0 -999.0 -999.0 -999.0} "" -999.0 -999.0 -999.0 -999.0 -999 -999 "" "" "" "" 0 0 0.0 0.0 -999 ""
FIBERMAP 913 R-2C5 METROLOGY 0 0 0 1 0 0 -163.49732242290025 -35.15134889122166 143.1 41.635881831280514 -161.96051308225583 39.980076 89.709526 -999.0 -999.0 -999.0 -999.0 -999.0 276.65748599094707 -29.41429018147784 276.742061451817 -29.399145741857687 86.25637997143221 96.91309178189266 -999.0 6231.0 -999.0 -1 -999 {-999.0 -999.0 -999.0 -999.0 -999.0} "" -999.0 -999.0 -999.0 -999.0 -999 -999 "" "" "" "" 0 0 0.0 0.0 -999 ""
FIBERMAP 915 R+5C16 APOGEE 1 1 0 1 0 0 88.1717269491971 91.54039225798567 143.1 -94.97687252204499 84.4511589498881 209.40782 111.66743 276.1866880248104 -28.665376683601956 -3.6738172 -4.8870273 0.28178433 276.18667557601265 -28.665391213752248 276.2688337384281 -28.651561671623963 86.65710815764103 84.65930572973468 16000.0 16600.0 2016.0 2 68 {-999.0 14.898388 13.02818 11.737807 -999.0} sdss_psfmag_gaia 13.861137 12.4437 11.215565 8.365 63050395264069959 1156919633 bright_1x1 mwm_galactic_core_dist_apogee_extra mwm_galactic science 0 0 0.0 0.0 -999 ""
FIBERMAP 915 R+5C16 BOSS 0 0 0 1 0 0 87.60319014588595 92.01349859710331 143.1 -95.42693338862577 83.86424740886679 209.40782 111.66743 -999.0 -999.0 -999.0 -999.0 -999.0 276.1850674237085 -28.667120062257737 276.2672177733805 -28.65329605728923 86.65873128254717 84.68579400047417 -999.0 5400.0 -999.0 1 222 {-999.0 -999.0 -999.0 -999.0 -999.0} "" -999.0 -999.0 -999.0 -999.0 -999 -999 "" "" "" "" 0 0 0.0 0.0 -999 ""
FIBERMAP 915 R+5C16 METROLOGY 0 0 0 1 0 0 88.2918931898491 92.27196692459947 143.1 -95.71262457209897 84.54207852220809 209.40782 111.66743 -999.0 -999.0 -999.0 -999.0 -999.0 276.18408092897687 -28.665052462422462 276.266228545735 -28.65123083451798 86.65933513161906 84.64877588479345 -999.0 6231.0 -999.0 -1 -999 {-999.0 -999.0 -999.0 -999.0 -999.0} "" -999.0 -999.0 -999.0 -999.0 -999 -999 "" "" "" "" 0 0 0.0 0.0 -999 ""
FIBERMAP 922 R-1C18 APOGEE 1 1 0 1 0 0 96.7368733946657 -37.29690594570176 143.1 33.4117354543701 98.14213107465334 295.14355 73.81317 276.6307626358938 -28.6252442795508 -5.029238 -6.2558618 0.0981583 276.63074560074494 -28.625262879530908 276.7126545886879 -28.61028190394961 86.26545547756332 84.7882107807038 16000.0 16600.0 2016.0 2 212 {-999.0 15.706361 13.954758 12.901532 -999.0} sdss_psfmag_gaia 14.861355 13.574431 12.459428 9.877 63050395263921654 1154372979 bright_1x1 mwm_galactic_core_dist_apogee_sparse mwm_galactic science 0 0 0.0 0.0 -999 ""
FIBERMAP 922 R-1C18 BOSS 0 0 0 1 0 0 95.97951820569612 -37.29528799661697 143.1 33.44029241998693 97.3853430505073 295.14355 73.81317 -999.0 -999.0 -999.0 -999.0 -999.0 276.63087711431285 -28.627501759493477 276.712777847461 -28.612521935363972 86.26563034634319 84.82253799738669 -999.0 5400.0 -999.0 1 301 {-999.0 -999.0 -999.0 -999.0 -999.0} "" -999.0 -999.0 -999.0 -999.0 -999 -999 "" "" "" "" 0 0 0.0 0.0 -999 ""
FIBERMAP 922 R-1C18 METROLOGY 0 0 0 1 0 0 96.36605876867554 -36.65481702459463 143.1 32.78495554410893 97.74604442769862 295.14355 73.81317 -999.0 -999.0 -999.0 -999.0 -999.0 276.6286122334188 -28.626394419772936 276.71051430766124 -28.61142012422407 86.26746299836837 84.80191074300359 -999.0 6231.0 -999.0 -1 -999 {-999.0 -999.0 -999.0 -999.0 -999.0} "" -999.0 -999.0 -999.0 -999.0 -999 -999 "" "" "" "" 0 0 0.0 0.0 -999 ""
FIBERMAP 923 R+4C16 APOGEE 0 0 0 1 0 0 81.7268737744022 77.23408226819708 143.1 -80.42572632160274 78.58165419353628 111.427345 167.57802 -999.0 -999.0 -999.0 -999.0 -999.0 276.2368242583498 -28.683392826321242 276.3190308357505 -28.669430542813156 86.61556155919264 85.05290382575129 -999.0 16600.0 -999.0 2 -999 {-999.0 -999.0 -999.0 -999.0 -999.0} "" -999.0 -999.0 -999.0 -999.0 -999 -999 "" "" "" "" 0 0 0.0 0.0 -999 ""
FIBERMAP 923 R+4C16 BOSS 1 1 0 1 0 0 81.60462637847552 77.99200904624689 143.1 -81.17815057534786 78.42931241259345 111.427345 167.57802 276.2342169555546 -28.68379768886054 -9.308139 -0.9686845 0.15322529 276.23418540920994 -28.683800568957828 276.31637963211534 -28.66984661353686 86.61792062155432 85.055237416545 5400.0 5400.0 2016.0 1 219 {-999.0 15.387471 14.742134 14.4538965 -999.0} sdss_psfmag_from_g3xp 15.207974 14.755168 14.094537 12.884 63050395264072926 1093127545 bright_3x1 mwm_astar_core_boss mwm_ob science 0 0 0.0 0.0 -999 ""
FIBERMAP 923 R+4C16 METROLOGY 0 0 0 1 0 0 82.29996894350646 77.71476942627962 143.1 -80.92884510850541 79.13512049250987 111.427345 167.57802 -999.0 -999.0 -999.0 -999.0 -999.0 276.2350492517784 -28.681656293529752 276.3172401186905 -28.66769991833487 86.61691620417243 85.02063021540727 -999.0 6231.0 -999.0 -1 -999 {-999.0 -999.0 -999.0 -999.0 -999.0} "" -999.0 -999.0 -999.0 -999.0 -999 -999 "" "" "" "" 0 0 0.0 0.0 -999 ""
FIBERMAP 924 R-11C4 APOGEE 1 0 1 1 0 0 -100.5742388933314 -205.8110427170014 143.1 209.6463474731083 -92.29070397037682 9.993477 171.8452 277.2829042327998 -29.23201568380507 -2.397011 -5.603816 0.16218387 277.2403768907771 -29.202213635777564 277.32407851341577 -29.185579140653953 85.76031086490865 93.47080969278477 16000.0 16600.0 2016.0 2 178 {-999.0 17.61968 15.656233 13.432024 -999.0} sdss_psfmag_gaia 16.203522 14.16515 12.840722 9.747 63050395245306440 1154354327 bright_1x1 mwm_galactic_core_dist_apogee_sparse mwm_galactic science 0 0 0.0 0.0 -999 ""
FIBERMAP 924 R-11C4 BOSS 0 0 1 1 0 0 -99.83216350248071 -205.76596570846087 143.1 209.57174325083858 -91.55104336125719 9.993477 171.8452 -999.0 -999.0 -999.0 -999.0 -999.0 277.2401745188288 -29.199992963835452 277.32385041916757 -29.183358956891123 85.76055246134797 93.44083461075672 -999.0 5400.0 -999.0 1 424 {-999.0 -999.0 -999.0 -999.0 -999.0} "" -999.0 -999.0 -999.0 -999.0 -999 -999 "" "" "" "" 0 0 0.0 0.0 -999 ""
FIBERMAP 924 R-11C4 METROLOGY 0 0 1 1 0 0 -100.16543266739757 -206.43863704985418 143.1 210.25713127126588 -91.85723488264065 9.993477 171.8452 -999.0 -999.0 -999.0 -999.0 -999.0 277.24257301855755 -29.200922000298945 277.32625656475966 -29.18428173278846 85.7584346219634 93.45277283929482 -999.0 6231.0 -999.0 -1 -999 {-999.0 -999.0 -999.0 -999.0 -999.0} "" -999.0 -999.0 -999.0 -999.0 -999 -999 "" "" "" "" 0 0 0.0 0.0 -999 ""
FIBERMAP 926 R+12C11 APOGEE 0 0 0 1 0 0 71.89857035864758 221.879747199093 143.1 -224.55919197342212 62.99876206643794 283.73465 126.855804 -999.0 -999.0 -999.0 -999.0 -999.0 275.73967074610744 -28.72792348117243 275.8221501773403 -28.71525142626345 87.05379633514916 84.95150118004233 -999.0 16600.0 -999.0 2 -999 {-999.0 -999.0 -999.0 -999.0 -999.0} "" -999.0 -999.0 -999.0 -999.0 -999 -999 "" "" "" "" 0 0 0.0 0.0 -999 ""
FIBERMAP 926 R+12C11 BOSS 1 1 0 1 0 0 71.41613472630375 221.2857610065943 143.1 -223.94648058206795 62.54039360877874 283.73465 126.855804 275.7417297363281 -28.729313694640524 -999.0 -999.0 -999.0 275.7417297363281 -28.72931369464052 275.82420087197295 -28.716637384563384 87.05217043307404 84.98232824118165 5400.0 5400.0 2015.5 1 107 {-999.0 -999.0 -999.0 -999.0 -999.0} "" -999.0 -999.0 -999.0 -999.0 27021603147109813 852462147 "" ops_sky_boss_fallback ops_sky sky_boss 0 0 0.0 0.0 -999 ""
FIBERMAP 926 R+12C11 METROLOGY 0 0 0 1 0 0 71.16088364373284 222.00350715802318 143.1 -224.6534587585839 62.25675988918428 283.73465 126.855804 -999.0 -999.0 -999.0 -999.0 -999.0 275.7392492797426 -28.730145530711255 275.8217273874967 -28.717475225420614 87.05442190523519 84.993646561471 -999.0 6231.0 -999.0 -1 -999 {-999.0 -999.0 -999.0 -999.0 -999.0} "" -999.0 -999.0 -999.0 -999.0 -999 -999 "" "" "" "" 0 0 0.0 0.0 -999 ""
FIBERMAP 928 R-10C10 APOGEE 0 0 0 1 0 0 7.294895902585806 -199.952649856494 143.1 199.49525796535002 15.255066766201697 223.05527 92.090485 -999.0 -999.0 -999.0 -999.0 -999.0 277.20460812657416 -28.87668531382287 277.2872130534482 -28.86018222994508 85.78639755025914 89.04718986403702 -999.0 16600.0 -999.0 2 -999 {-999.0 -999.0 -999.0 -999.0 -999.0} "" -999.0 -999.0 -999.0 -999.0 -999 -999 "" "" "" "" 0 0 0.0 0.0 -999 ""
FIBERMAP 928 R-10C10 BOSS 1 1 0 1 0 0 6.78108454147475 -199.41348181610303 143.1 198.9770101919065 14.7202030822121 223.05527 92.090485 277.2029113769531 -28.878304454485104 -999.0 -999.0 -999.0 277.2029113769531 -28.878304454485104 277.28550425008416 -28.86180648776389 85.78798435006006 89.06810176742557 5400.0 5400.0 2015.5 1 403 {-999.0 -999.0 -999.0 -999.0 -999.0} "" -999.0 -999.0 -999.0 -999.0 27021603147063441 852451026 "" ops_sky_boss_fallback ops_sky sky_boss 0 0 0.0 0.0 -999 ""
FIBERMAP 928 R-10C10 METROLOGY 0 0 0 1 0 0 7.471140057106785 -199.2257136730547 143.1 198.76190634635734 15.402202284533525 223.05527 92.090485 -999.0 -999.0 -999.0 -999.0 -999.0 277.20218896411984 -28.8762377344149 277.28478014549637 -28.85974164019013 85.78849954450001 89.03953942370686 -999.0 6231.0 -999.0 -1 -999 {-999.0 -999.0 -999.0 -999.0 -999.0} "" -999.0 -999.0 -999.0 -999.0 -999 -999 "" "" "" "" 0 0 0.0 0.0 -999 ""
FIBERMAP 929 R-3C18 APOGEE 1 1 0 1 0 0 112.47388128250782 -75.11828262685358 143.1 70.57459606219669 115.37284483385962 288.32034 55.436626 276.759156239666 -28.573282618824607 8.184054 -1.9740615 0.17809428 276.7591839471725 -28.57328848811813 276.84088373929256 -28.55797944847138 86.14694876289184 84.22864090270102 16000.0 16600.0 2016.0 2 217 {-999.0 14.466868 13.388369 12.947188 -999.0} sdss_psfmag_gaia 14.097047 13.398213 12.582299 10.816 63050395263891291 1154372944 bright_1x1 mwm_galactic_core_dist_apogee_sparse mwm_galactic science 0 0 0.0 0.0 -999 ""
FIBERMAP 929 R-3C18 BOSS 0 0 0 1 0 0 111.75350142577526 -74.91966808991165 143.1 70.40484760938783 114.64515282184949 288.32034 55.436626 -999.0 -999.0 -999.0 -999.0 -999.0 276.75865294225116 -28.575434471244314 276.84034388638725 -28.56012852738572 86.147712334495 84.25936012700191 -999.0 5400.0 -999.0 1 309 {-999.0 -999.0 -999.0 -999.0 -999.0} "" -999.0 -999.0 -999.0 -999.0 -999 -999 "" "" "" "" 0 0 0.0 0.0 -999 ""
FIBERMAP 929 R-3C18 METROLOGY 0 0 0 1 0 0 112.29790478040549 -74.39179095529498 143.1 69.85572130396247 115.168071152998 288.32034 55.436626 -999.0 -999.0 -999.0 -999.0 -999.0 276.75676074403384 -28.573835426800205 276.8384514156012 -28.55853403971096 86.14914097987806 84.23246307211747 -999.0 6231.0 -999.0 -1 -999 {-999.0 -999.0 -999.0 -999.0 -999.0} "" -999.0 -999.0 -999.0 -999.0 -999 -999 "" "" "" "" 0 0 0.0 0.0 -999 ""
FIBERMAP 931 R+4C2 APOGEE 0 0 0 1 0 0 -215.6527734326367 61.63063389176366 143.1 -52.98747596476495 -217.92832959062818 332.5283 75.537575 -999.0 -999.0 -999.0 -999.0 -999.0 276.32747435843805 -29.58211699049569 276.4127251119229 -29.567812746413658 86.52224434588176 100.08958617217792 -999.0 16600.0 -999.0 2 -999 {-999.0 -999.0 -999.0 -999.0 -999.0} "" -999.0 -999.0 -999.0 -999.0 -999 -999 "" "" "" "" 0 0 0.0 0.0 -999 ""
FIBERMAP 931 R+4C2 BOSS 1 1 0 1 0 0 -216.15219738936904 61.06804927507936 143.1 -52.405463133855314 -218.40492326556617 332.5283 75.537575 276.3294982910156 -29.583604382006797 -999.0 -999.0 -999.0 276.3294982910156 -29.583604382006797 276.41473878970805 -29.56929283566492 86.52030030551566 100.1096280110188 5400.0 5400.0 2015.5 1 74 {-999.0 -999.0 -999.0 -999.0 -999.0} "" -999.0 -999.0 -999.0 -999.0 27021603147061078 852450555 "" ops_sky_boss_fallback ops_sky sky_boss 0 0 0.0 0.0 -999 ""
FIBERMAP 931 R+4C2 METROLOGY 0 0 0 1 0 0 -216.3888639816444 61.763558383328004 143.1 -53.09096323182813 -218.66910205460732 332.5283 75.537575 -999.0 -999.0 -999.0 -999.0 -999.0 276.3270957519628 -29.584420015936782 276.41234390391276 -29.570115153882526 86.52224486326418 100.12793301141198 -999.0 6231.0 -999.0 -1 -999 {-999.0 -999.0 -999.0 -999.0 -999.0} "" -999.0 -999.0 -999.0 -999.0 -999 -999 "" "" "" "" 0 0 0.0 0.0 -999 ""
FIBERMAP 933 R+1C7 APOGEE 1 1 0 1 0 0 -154.18710472479378 35.8841984646921 143.1 -29.71134838352059 -155.48816634420163 156.15193 71.64241 276.4091999589361 -29.394042176718145 -0.75336975 -4.5457463 0.09398951 276.4091973880466 -29.3940556921696 276.4937805953308 -29.379560815594143 86.47359022429157 96.89572215065705 16000.0 16600.0 2016.0 2 14 {-999.0 16.275557 14.665581 13.43606 -999.0} sdss_psfmag_from_g3xp 15.565517 14.1341095 12.94403 10.218 63050395245007868 1152010351 bright_1x1 mwm_galactic_core_dist_apogee_sparse mwm_galactic science 0 0 0.0 0.0 -999 ""
FIBERMAP 933 R+1C7 BOSS 0 0 0 1 0 0 -153.7023654817461 36.47369452610974 143.1 -30.31966516598526 -155.0273173070301 156.15193 71.64241 -999.0 -999.0 -999.0 -999.0 -999.0 276.4070860445784 -29.392719827516494 276.4916501551063 -29.378229471893565 86.47555414649915 96.87674363213955 -999.0 5400.0 -999.0 1 21 {-999.0 -999.0 -999.0 -999.0 -999.0} "" -999.0 -999.0 -999.0 -999.0 -999 -999 "" "" "" "" 0 0 0.0 0.0 -999 ""
FIBERMAP 933 R+1C7 METROLOGY 0 0 0 1 0 0 -153.45572419846525 35.753835205673624 143.1 -29.61023256233797 -154.75220201611236 156.15193 71.64241 -999.0 -999.0 -999.0 -999.0 -999.0 276.40954997581537 -29.391915377970765 276.4941149577188 -29.377419024817446 86.47348352726762 96.86062381994611 -999.0 6231.0 -999.0 -1 -999 {-999.0 -999.0 -999.0 -999.0 -999.0} "" -999.0 -999.0 -999.0 -999.0 -999 -999 "" "" "" "" 0 0 0.0 0.0 -999 ""
FIBERMAP 937 R+8C19 APOGEE 1 1 0 1 0 0 217.5984086518227 146.7276192013287 143.1 -155.27452434871984 211.57120228860236 7.0721865 75.97636 275.9831073899641 -28.280510965928556 -3.5328317 -3.5679638 0.27298674 275.98309546243047 -28.28052157422835 276.0640062528704 -28.267267659954197 86.76291242817958 77.49229385994612 16000.0 16600.0 2016.0 2 101 {-999.0 14.08997 12.608392 11.913814 -999.0} sdss_psfmag_from_g3xp 13.473844 12.478663 11.499351 9.138 63050395265570964 1152041927 bright_1x1 mwm_galactic_core_dist_apogee_sparse mwm_galactic science 0 0 0.0 0.0 -999 ""
FIBERMAP 937 R+8C19 BOSS 0 0 0 1 0 0 217.52240513799637 145.9754811072275 143.1 -154.51998549503955 211.5252278733956 7.0721865 75.97636 -999.0 -999.0 -999.0 -999.0 -999.0 275.98568835453614 -28.28066165277026 276.066585718076 -28.267403942106927 86.76074369810188 77.5045141437729 -999.0 5400.0 -999.0 1 175 {-999.0 -999.0 -999.0 -999.0 -999.0} "" -999.0 -999.0 -999.0 -999.0 -999 -999 "" "" "" "" 0 0 0.0 0.0 -999 ""
FIBERMAP 937 R+8C19 METROLOGY 0 0 0 1 0 0 216.9132417202204 146.41968963849519 143.1 -154.9395540611933 210.898874909078 7.0721865 75.97636 -999.0 -999.0 -999.0 -999.0 -999.0 275.9841912083607 -28.28250307272599 276.06509891178223 -28.269248196771443 86.76246568768376 77.53047522874073 -999.0 6231.0 -999.0 -1 -999 {-999.0 -999.0 -999.0 -999.0 -999.0} "" -999.0 -999.0 -999.0 -999.0 -999 -999 "" "" "" "" 0 0 0.0 0.0 -999 ""
FIBERMAP 939 R+2C6 APOGEE 0 0 0 1 0 0 -147.83967292893408 24.54673312158137 143.1 -18.636224512676904 -148.69433560712434 328.8689 86.658966 -999.0 -999.0 -999.0 -999.0 -999.0 276.44781648307526 -29.373647943039067 276.5323196536731 -29.359054918492493 86.44181268245306 96.5200670884779 -999.0 16600.0 -999.0 2 -999 {-999.0 -999.0 -999.0 -999.0 -999.0} "" -999.0 -999.0 -999.0 -999.0 -999 -999 "" "" "" "" 0 0 0.0 0.0 -999 ""
FIBERMAP 939 R+2C6 BOSS 1 1 0 1 0 0 -148.2364521754669 23.930383061523393 143.1 -18.00458051583443 -149.06622812309075 328.8689 86.658966 276.4500262861885 -29.374829363279286 -2.8971372 -6.0727983 0.15144175 276.45001640151577 -29.374847418974127 276.5345077914974 -29.360247468320484 86.43981701250375 96.53678023858473 5400.0 5400.0 2016.0 1 49 {-999.0 17.359442 16.683973 16.432716 16.246449} sdss_psfmag_from_ps1dr2 17.1229 16.6883 15.9913 13.732 63050395245455440 1039869593 "" ops_std_boss_ps1dr2 ops_std standard_boss 0 0 0.0 0.0 -999 ""
FIBERMAP 939 R+2C6 METROLOGY 0 0 0 1 0 0 -148.58632063948903 24.591626474308946 143.1 -18.651333453038756 -149.4421492053927 328.8689 86.658966 -999.0 -999.0 -999.0 -999.0 -999.0 276.4477543362948 -29.375993119747662 276.5322546314227 -29.361399217538423 86.44168280111731 96.55779283198859 -999.0 6231.0 -999.0 -1 -999 {-999.0 -999.0 -999.0 -999.0 -999.0} "" -999.0 -999.0 -999.0 -999.0 -999 -999 "" "" "" "" 0 0 0.0 0.0 -999 ""
FIBERMAP 947 R+11C15 APOGEE 0 0 0 1 0 0 133.80957936147428 218.48251558204166 143.1 -223.6313719085566 124.99348614316052 155.14696 119.40599 -999.0 -999.0 -999.0 -999.0 -999.0 275.74539912108924 -28.540550907688395 275.8272431317022 -28.52788593730037 87.02182458839602 81.37729115354551 -999.0 16600.0 -999.0 2 -999 {-999.0 -999.0 -999.0 -999.0 -999.0} "" -999.0 -999.0 -999.0 -999.0 -999 -999 "" "" "" "" 0 0 0.0 0.0 -999 ""
FIBERMAP 947 R+11C15 BOSS 1 1 0 1 0 0 133.72952134816254 219.1993513892457 143.1 -224.34442031561326 124.88493565268335 155.14696 119.40599 275.74295391362864 -28.54083871917592 0.3145951 -6.49063 0.16129015 275.74295497837727 -28.540858017172454 275.82478806308535 -28.52820136674549 87.02400328689816 81.37588729454374 5400.0 5400.0 2016.0 1 186 {-999.0 16.007895 15.0409355 14.772394 -999.0} sdss_psfmag_ps1 -999.0 15.48211 -999.0 12.221 63050395264163316 1093353368 bright_3x1 mwm_astar_core_boss mwm_ob science 0 0 0.0 0.0 -999 ""
FIBERMAP 947 R+11C15 METROLOGY 0 0 0 1 0 0 134.42359298348418 218.90969878487434 143.1 -224.0826615819087 125.58996840489154 155.14696 119.40599 -999.0 -999.0 -999.0 -999.0 -999.0 275.7438336956984 -28.538712283185294 275.8256629169924 -28.52605303554509 87.02286443766101 81.33781198871696 -999.0 6231.0 -999.0 -1 -999 {-999.0 -999.0 -999.0 -999.0 -999.0} "" -999.0 -999.0 -999.0 -999.0 -999 -999 "" "" "" "" 0 0 0.0 0.0 -999 ""
FIBERMAP 949 R+1C19 APOGEE 0 0 0 1 0 0 140.1208868818442 33.0429291680231 143.1 -38.597886811031564 138.68757413551074 107.319016 30.69115 -999.0 -999.0 -999.0 -999.0 -999.0 276.3824199524429 -28.501794187489104 276.46397636466304 -28.487474137487 86.46365052045215 82.36862466089553 -999.0 16600.0 -999.0 2 -999 {-999.0 -999.0 -999.0 -999.0 -999.0} "" -999.0 -999.0 -999.0 -999.0 -999 -999 "" "" "" "" 0 0 0.0 0.0 -999 ""
FIBERMAP 949 R+1C19 BOSS 1 1 0 1 0 0 140.69154418299775 32.56314195221849 143.1 -38.14123512166499 139.27687057674825 107.319016 30.69115 276.38401125406216 -28.499936675890478 -3.0724444 -4.2759724 1.0270678 276.38400085939264 -28.499949389247334 276.4655354516696 -28.48562766600081 86.46199244961191 82.34280244843652 5400.0 5400.0 2016.0 1 241 {-999.0 18.002182 17.060667 16.570944 -999.0} sdss_psfmag_ps1 17.60818 16.916023 16.08945 14.453 63050395264240090 1096252986 bright_1x1 mwm_bin_vis_boss mwm_filler science 0 0 0.0 0.0 -999 ""
FIBERMAP 949 R+1C19 METROLOGY 0 0 0 1 0 0 139.9649969463551 32.31135788317842 143.1 -37.86071488270639 138.56096052675053 107.319016 30.69115 -999.0 -999.0 -999.0 -999.0 -999.0 276.3849483019519 -28.50210460643706 276.46649445463845 -28.487779512267455 86.46151860735428 82.37945397902405 -999.0 6231.0 -999.0 -1 -999 {-999.0 -999.0 -999.0 -999.0 -999.0} "" -999.0 -999.0 -999.0 -999.0 -999 -999 "" "" "" "" 0 0 0.0 0.0 -999 ""
FIBERMAP 952 R+4C8 APOGEE 0 0 0 1 0 0 -84.80849799994525 58.083847338828804 143.1 -54.6565756861353 -87.05187021934921 334.82114 55.741253 -999.0 -999.0 -999.0 -999.0 -999.0 276.32330992248757 -29.186438177304392 276.4072047990593 -29.172191421068014 86.56092350298503 93.55863085902638 -999.0 16600.0 -999.0 2 -999 {-999.0 -999.0 -999.0 -999.0 -999.0} "" -999.0 -999.0 -999.0 -999.0 -999 -999 "" "" "" "" 0 0 0.0 0.0 -999 ""
FIBERMAP 952 R+4C8 BOSS 1 1 0 1 0 0 -85.44372499530512 57.70434885608261 143.1 -54.25208580862159 -87.67144795564295 334.82114 55.741253 276.32468203334173 -29.188333067420242 1.4651487 -13.181735 0.690128 276.3246870231325 -29.188372259466423 276.4085731716232 -29.174121325390104 86.55967324155749 93.59020598697268 5400.0 5400.0 2016.0 1 33 {-999.0 15.859958 14.793807 14.338821 -999.0} sdss_psfmag_from_g3xp 15.478462 14.782913 13.952543 12.231 63050395263614350 917051145 bright_3x1 mwm_yso_variable_boss mwm_yso science 0 0 0.0 0.0 -999 ""
FIBERMAP 952 R+4C8 METROLOGY 0 0 0 1 0 0 -85.45842441318428 58.454109238259946 143.1 -55.00063526453389 -87.7160060972734 334.82114 55.741253 -999.0 -999.0 -999.0 -999.0 -999.0 276.3220744156636 -29.188503582566515 276.4059660958949 -29.174259529496798 86.56194456616069 93.59362091664804 -999.0 6231.0 -999.0 -1 -999 {-999.0 -999.0 -999.0 -999.0 -999.0} "" -999.0 -999.0 -999.0 -999.0 -999 -999 "" "" "" "" 0 0 0.0 0.0 -999 ""
FIBERMAP 953 R+4C11 APOGEE 0 0 0 1 0 0 -25.688307691009125 91.6958330452969 143.1 -90.59591951884049 -29.320110670792648 112.542465 106.7049 -999.0 -999.0 -999.0 -999.0 -999.0 276.1994787382843 -29.010676152764717 276.28280572729045 -28.996772615534198 86.67027340419209 90.59317321598843 -999.0 16600.0 -999.0 2 -999 {-999.0 -999.0 -999.0 -999.0 -999.0} "" -999.0 -999.0 -999.0 -999.0 -999 -999 "" "" "" "" 0 0 0.0 0.0 -999 ""
FIBERMAP 953 R+4C11 BOSS 1 1 0 1 0 0 -25.063352912461635 92.1853616375197 143.1 -91.10993848968278 -28.715180261639553 112.542465 106.7049 276.1976623535156 -29.008846842350735 -999.0 -999.0 -999.0 276.1976623535156 -29.008846842350735 276.28096930966336 -28.994948531440016 86.67183883486607 90.56115556680389 5400.0 5400.0 2015.5 1 118 {-999.0 -999.0 -999.0 -999.0 -999.0} "" -999.0 -999.0 -999.0 -999.0 27021603147108829 852461899 "" ops_sky_boss_fallback ops_sky sky_boss 0 0 0.0 0.0 -999 ""
FIBERMAP 953 R+4C11 METROLOGY 0 0 0 1 0 0 -24.982258265828523 91.44886659818668 143.1 -90.37728854626194 -28.604810764694992 112.542465 106.7049 -999.0 -999.0 -999.0 -999.0 -999.0 276.20019166561497 -29.00852765873562 276.2835009354361 -28.99462271888615 86.66961775717938 90.55640351292601 -999.0 6231.0 -999.0 -1 -999 {-999.0 -999.0 -999.0 -999.0 -999.0} "" -999.0 -999.0 -999.0 -999.0 -999 -999 "" "" "" "" 0 0 0.0 0.0 -999 ""
FIBERMAP 955 R-1C19 APOGEE 0 0 0 1 0 0 101.67957631152105 -19.404117437572964 143.1 15.33694854190144 102.36785051229724 248.2068 30.007845 -999.0 -999.0 -999.0 -999.0 -999.0 276.56828826747244 -28.612313634802895 276.6501698305991 -28.597496727396628 86.31821337334975 84.4830385812736 -999.0 16600.0 -999.0 2 -999 {-999.0 -999.0 -999.0 -999.0 -999.0} "" -999.0 -999.0 -999.0 -999.0 -999 -999 "" "" "" "" 0 0 0.0 0.0 -999 ""
FIBERMAP 955 R-1C19 BOSS 1 1 0 1 0 0 101.57739835129014 -18.687241197397743 143.1 14.624741009894091 102.23719691179068 248.2068 30.007845 276.56584570924207 -28.612629220153423 1.2976708 -5.368213 0.01772073 276.5658501042138 -28.61264518097023 276.64771783386277 -28.59783638738869 86.32039217016668 84.48389026857603 5400.0 5400.0 2016.0 1 302 {-999.0 16.39315 16.094189 15.857831 -999.0} sdss_psfmag_ps1 16.246 15.96361 15.454702 14.849 63050395263925083 1093353274 bright_3x1 mwm_astar_core_boss mwm_ob science 0 0 0.0 0.0 -999 ""
FIBERMAP 955 R-1C19 METROLOGY 0 0 0 1 0 0 102.26257800288548 -18.935494727216003 143.1 14.845489458281063 102.93169572772517 248.2068 30.007845 -999.0 -999.0 -999.0 -999.0 -999.0 276.5666161779095 -28.610532591822995 276.6484809988232 -28.59572154659395 86.31945029027943 84.45259682483265 -999.0 6231.0 -999.0 -1 -999 {-999.0 -999.0 -999.0 -999.0 -999.0} "" -999.0 -999.0 -999.0 -999.0 -999 -999 "" "" "" "" 0 0 0.0 0.0 -999 ""
FIBERMAP 960 R+13C6 APOGEE 1 1 0 1 0 0 -28.47932979850111 271.3468544839456 143.1 -269.98591788994133 -39.266228610860644 123.6034 58.296253 275.58015084329867 -29.035924943211388 -4.189371 -4.562686 0.48474064 275.5801365968687 -29.0359385090272 275.66370128678784 -29.023646239739318 87.21206892166835 90.93120288443833 16000.0 16600.0 2016.0 2 51 {-999.0 17.028746 15.810848 15.307123 -999.0} sdss_psfmag_ps1 16.408953 15.712486 14.733339 12.848 63050395263440273 916996419 bright_3x1 mwm_yso_variable_apogee mwm_yso science 0 0 0.0 0.0 -999 ""
FIBERMAP 960 R+13C6 BOSS 0 0 0 1 0 0 -27.719732379301576 271.3897495956213 143.1 -270.0590401250001 -38.50897365824032 123.6034 58.296253 -999.0 -999.0 -999.0 -999.0 -999.0 275.5799340780615 -29.03364547101861 275.66347920938813 -29.0213541115529 87.21223753270415 90.88403489573989 -999.0 5400.0 -999.0 1 88 {-999.0 -999.0 -999.0 -999.0 -999.0} "" -999.0 -999.0 -999.0 -999.0 -999 -999 "" "" "" "" 0 0 0.0 0.0 -999 ""
FIBERMAP 960 R+13C6 METROLOGY 0 0 0 1 0 0 -28.063074875264057 270.7224822488083 143.1 -269.37865026366745 -38.825445408592095 123.6034 58.296253 -999.0 -999.0 -999.0 -999.0 -999.0 275.58219225603955 -29.03463383677533 275.66574360143306 -29.022336435349473 87.21026879369457 90.90468757033909 -999.0 6231.0 -999.0 -1 -999 {-999.0 -999.0 -999.0 -999.0 -999.0} "" -999.0 -999.0 -999.0 -999.0 -999 -999 "" "" "" "" 0 0 0.0 0.0 -999 ""
FIBERMAP 961 R-2C8 APOGEE 0 0 0 1 0 0 -128.02295764536927 -46.65432157854359 143.1 51.71593744428801 -126.05744694350497 239.71298 77.74042 -999.0 -999.0 -999.0 -999.0 -999.0 276.6928149082429 -29.30561498951524 276.77702017019453 -29.290392282121736 86.23352460261326 95.22416008164623 -999.0 16600.0 -999.0 2 -999 {-999.0 -999.0 -999.0 -999.0 -999.0} "" -999.0 -999.0 -999.0 -999.0 -999 -999 "" "" "" "" 0 0 0.0 0.0 -999 ""
FIBERMAP 961 R-2C8 BOSS 1 1 0 1 0 0 -128.61645177038147 -46.05447173877596 143.1 51.14023309691625 -126.67434454265836 239.71298 77.74042 276.6908649121235 -29.307519252687335 -3.7046454 -8.085372 0.14652081 276.69085228067627 -29.30754329218317 276.77504845636446 -29.29232468964209 86.23513564960928 95.25497505206528 5400.0 5400.0 2016.0 1 497 {-999.0 -999.0 -999.0 -999.0 -999.0} "" -999.0 15.981355 -999.0 12.623 63050395245431779 1093123876 bright_3x1 mwm_astar_core_boss mwm_ob science 0 0 0.0 0.0 -999 ""
FIBERMAP 961 R-2C8 METROLOGY 0 0 0 1 0 0 -127.87532997353364 -45.92103835406312 143.1 50.97738417848033 -125.93915691265393 239.71298 77.74042 -999.0 -999.0 -999.0 -999.0 -999.0 276.6902931084885 -29.30532968172415 276.7744864930967 -29.290113018720966 86.23574629980362 95.22174964599208 -999.0 6231.0 -999.0 -1 -999 {-999.0 -999.0 -999.0 -999.0 -999.0} "" -999.0 -999.0 -999.0 -999.0 -999 -999 "" "" "" "" 0 0 0.0 0.0 -999 ""
FIBERMAP 966 R-8C2 APOGEE 0 0 0 1 0 0 -190.19403068464916 -145.6650881132662 143.1 153.12106963553586 -184.23201122942595 149.18962 105.54578 -999.0 -999.0 -999.0 -999.0 -999.0 277.0446687930937 -29.480800920709584 277.1293780954758 -29.464642274259024 85.91462380872238 97.43842685303724 -999.0 16600.0 -999.0 2 -999 {-999.0 -999.0 -999.0 -999.0 -999.0} "" -999.0 -999.0 -999.0 -999.0 -999 -999 "" "" "" "" 0 0 0.0 0.0 -999 ""
FIBERMAP 966 R-8C2 BOSS 1 1 0 1 0 0 -190.03587847818997 -144.95771450130914 143.1 152.40798506905972 -184.1021731840331 149.18962 105.54578 277.042236328125 -29.480444016743277 -999.0 -999.0 -999.0 277.042236328125 -29.480444016743277 277.1269275632857 -29.464290359715676 85.91678039895488 97.43620198286946 5400.0 5400.0 2015.5 1 456 {-999.0 -999.0 -999.0 -999.0 -999.0} "" -999.0 -999.0 -999.0 -999.0 27021603147061763 852450693 "" ops_sky_boss_fallback ops_sky sky_boss 0 0 0.0 0.0 -999 ""
FIBERMAP 966 R-8C2 METROLOGY 0 0 0 1 0 0 -189.4757395519583 -145.4563872136664 143.1 152.88392556418538 -183.52263393400605 149.18962 105.54578 -999.0 -999.0 -999.0 -999.0 -999.0 277.0439139074483 -29.478719453698353 277.12860372532305 -29.462562033536916 85.91548204417624 97.41019202033954 -999.0 6231.0 -999.0 -1 -999 {-999.0 -999.0 -999.0 -999.0 -999.0} "" -999.0 -999.0 -999.0 -999.0 -999 -999 "" "" "" "" 0 0 0.0 0.0 -999 ""
FIBERMAP 968 R0C21 APOGEE 1 1 0 1 0 0 155.9747944797205 20.625137018955584 143.1 -26.82208182035633 155.02299337145539 149.4327 47.181236 276.4232990991917 -28.452481334192626 -1.1141342 -5.674881 0.051643077 276.42329533155464 -28.452498206796772 276.5046752198386 -28.43807754063018 86.41990882051353 81.68370172419606 16000.0 16600.0 2016.0 2 83 {-999.0 16.604813 15.105966 17.581623 -999.0} sdss_psfmag_ps1 15.945662 14.241887 12.995738 10.129 63050395264248221 1153378892 bright_1x1 mwm_galactic_core_dist_apogee_sparse mwm_galactic science 0 0 0.0 0.0 -999 ""
FIBERMAP 968 R0C21 BOSS 0 0 0 1 0 0 156.71137167843378 20.809599103369507 143.1 -27.03573582117792 155.75160717404742 149.4327 47.181236 -999.0 -999.0 -999.0 -999.0 -999.0 276.42257159381336 -28.450225648638607 276.50392902321653 -28.43580953012489 86.42015003108726 81.64608789049402 -999.0 5400.0 -999.0 1 254 {-999.0 -999.0 -999.0 -999.0 -999.0} "" -999.0 -999.0 -999.0 -999.0 -999 -999 "" "" "" "" 0 0 0.0 0.0 -999 ""
FIBERMAP 968 R0C21 METROLOGY 0 0 0 1 0 0 156.51643627018922 20.10612419928571 143.1 -26.32508124237518 155.58486127634026 149.4327 47.181236 -999.0 -999.0 -999.0 -999.0 -999.0 276.42501254182207 -28.450719096252858 276.50637525892876 -28.436295884509374 86.41812032736858 81.65989871864491 -999.0 6231.0 -999.0 -1 -999 {-999.0 -999.0 -999.0 -999.0 -999.0} "" -999.0 -999.0 -999.0 -999.0 -999 -999 "" "" "" "" 0 0 0.0 0.0 -999 ""
FIBERMAP 970 R-3C14 APOGEE 1 1 0 1 0 0 41.88808747131609 -66.6527825431592 143.1 64.92834395558606 44.508647220821224 304.41568 126.12528 276.739572349219 -28.788148937961108 1.0258075 0.3411692 0.25158417 276.73957582927096 -28.78814792359388 276.8220070132612 -28.7728645745398 86.18696745675113 87.39702494822214 16000.0 16600.0 2016.0 2 231 {-999.0 13.9196615 12.278779 11.417899 -999.0} sdss_psfmag_from_g3xp 13.202912 12.043457 10.984492 8.446 63050395263827575 1152039515 bright_1x1 mwm_galactic_core_dist_apogee_sparse mwm_galactic science 0 0 0.0 0.0 -999 ""
FIBERMAP 970 R-3C14 BOSS 0 0 0 1 0 0 41.694840760850774 -67.35308832692873 143.1 65.6357647781709 44.34346235254937 304.41568 126.12528 -999.0 -999.0 -999.0 -999.0 -999.0 276.74208535067083 -28.788624841111872 276.8245013066402 -28.773336072362905 86.18482711578092 87.4067821925853 -999.0 5400.0 -999.0 1 340 {-999.0 -999.0 -999.0 -999.0 -999.0} "" -999.0 -999.0 -999.0 -999.0 -999 -999 "" "" "" "" 0 0 0.0 0.0 -999 ""
FIBERMAP 970 R-3C14 METROLOGY 0 0 0 1 0 0 41.16793595235273 -66.83307369892066 143.1 65.13717609558292 43.796279226419244 304.41568 126.12528 -999.0 -999.0 -999.0 -999.0 -999.0 276.74035959562957 -28.790280125570295 276.82278622901663 -28.774995315299414 86.18646088448556 87.4297957690012 -999.0 6231.0 -999.0 -1 -999 {-999.0 -999.0 -999.0 -999.0 -999.0} "" -999.0 -999.0 -999.0 -999.0 -999 -999 "" "" "" "" 0 0 0.0 0.0 -999 ""
FIBERMAP 974 R+9C1 APOGEE 1 1 0 1 0 0 -193.36328339809387 164.8896568047066 143.1 -157.0484111202142 -199.77134108511004 227.38257 139.8403 275.9661260526762 -29.524697713627297 1.1784331 -5.42596 -1.8129951 275.96613007928596 -29.524713846137654 276.05127550662496 -29.5113577581475 86.84153954986253 99.89470882195438 16000.0 16600.0 2016.0 2 47 {-999.0 16.507656 15.258601 16.962818 -999.0} sdss_psfmag_ps1 15.933336 14.402978 13.014746 9.873 63050395262971195 1153378564 bright_1x1 mwm_galactic_core_dist_apogee_sparse mwm_galactic science 0 0 0.0 0.0 -999 ""
FIBERMAP 974 R+9C1 BOSS 0 0 0 1 0 0 -194.1178472327922 164.73810290250262 143.1 -156.86692125630253 -200.5192376082599 227.38257 139.8403 -999.0 -999.0 -999.0 -999.0 -999.0 275.96675340586063 -29.526983614683004 276.0518930337464 -29.513623949229288 86.84068571882398 99.93403161197188 -999.0 5400.0 -999.0 1 83 {-999.0 -999.0 -999.0 -999.0 -999.0} "" -999.0 -999.0 -999.0 -999.0 -999 -999 "" "" "" "" 0 0 0.0 0.0 -999 ""
FIBERMAP 974 R+9C1 METROLOGY 0 0 0 1 0 0 -193.85527359398193 165.4460320130194 143.1 -157.5847210816361 -200.2850873481809 227.38257 139.8403 -999.0 -999.0 -999.0 -999.0 -999.0 275.9642320466296 -29.526288874976597 276.0493737374221 -29.512936341739255 86.84295366092422 99.92734160887011 -999.0 6231.0 -999.0 -1 -999 {-999.0 -999.0 -999.0 -999.0 -999.0} "" -999.0 -999.0 -999.0 -999.0 -999 -999 "" "" "" "" 0 0 0.0 0.0 -999 ""
FIBERMAP 976 R-8C8 APOGEE 0 0 0 1 0 0 -43.35732607532955 -167.71325315239108 143.1 169.30076880714006 -36.63935219464635 272.49643 121.38445 -999.0 -999.0 -999.0 -999.0 -999.0 277.1008403379595 -29.034193415953663 277.18400873317273 -29.017941471210786 85.8827174429691 91.16990484166058 -999.0 16600.0 -999.0 2 -999 {-999.0 -999.0 -999.0 -999.0 -999.0} "" -999.0 -999.0 -999.0 -999.0 -999 -999 "" "" "" "" 0 0 0.0 0.0 -999 ""
FIBERMAP 976 R-8C8 BOSS 1 1 0 1 0 0 -43.91692001534745 -168.15909353291144 143.1 169.7685319797737 -37.18071684461185 272.49643 121.38445 277.10255955776165 -29.035843251998823 -3.1427965 -0.19732083 0.0969806 277.10254887033665 -29.03584383867437 277.1857047102897 -29.019587553896805 85.88126635760422 91.19322090167768 5400.0 5400.0 2016.0 1 382 {-999.0 15.532942 14.504895 14.007001 -999.0} sdss_psfmag_from_g3xp 15.174821 14.461808 13.6212435 11.827 63050395245609567 1076161248 bright_1x1 mwm_halo_mp_xp_boss_single mwm_halo science 0 0 0.0 0.0 -999 ""
FIBERMAP 976 R-8C8 METROLOGY 0 0 0 1 0 0 -44.03563908358515 -167.39799186452444 143.1 169.01279491244568 -37.329659730320486 272.49643 121.38445 -999.0 -999.0 -999.0 -999.0 -999.0 277.0999566050342 -29.03630622475294 277.1831197820811 -29.02005653759443 85.88353526461084 91.1991528552415 -999.0 6231.0 -999.0 -1 -999 {-999.0 -999.0 -999.0 -999.0 -999.0} "" -999.0 -999.0 -999.0 -999.0 -999 -999 "" "" "" "" 0 0 0.0 0.0 -999 ""
FIBERMAP 977 R+4C7 APOGEE 1 1 0 1 0 0 -131.99938238416286 70.25227513179527 143.1 -64.93473701137093 -134.68819673046286 264.1785 37.050022 276.2869262695312 -29.33057965196835 -999.0 -999.0 -999.0 276.2869262695312 -29.330579651968343 276.37132363101085 -29.316410665035534 86.58497444421755 95.99461097629298 16000.0 16600.0 2015.5 2 31 {-999.0 -999.0 -999.0 -999.0 -999.0} "" -999.0 -999.0 -999.0 -999.0 27021603147107179 848843552 "" ops_sky_apogee_good ops_sky sky_apogee 0 0 0.0 0.0 -999 ""
FIBERMAP 977 R+4C7 BOSS 0 0 0 1 0 0 -132.4146803075726 70.87380628734081 143.1 -65.53920405502775 -135.1279105404139 264.1785 37.050022 -999.0 -999.0 -999.0 -999.0 -999.0 276.28479986460576 -29.331959691464967 276.36918787614206 -29.317795160549696 86.58673268324725 96.02003983192986 -999.0 5400.0 -999.0 1 52 {-999.0 -999.0 -999.0 -999.0 -999.0} "" -999.0 -999.0 -999.0 -999.0 -999 -999 "" "" "" "" 0 0 0.0 0.0 -999 ""
FIBERMAP 977 R+4C7 METROLOGY 0 0 0 1 0 0 -131.67591872954836 70.93710089117455 143.1 -65.63187865469452 -134.39228678229733 264.1785 37.050022 -999.0 -999.0 -999.0 -999.0 -999.0 276.28447456027783 -29.32974670027595 276.36885922152715 -29.315583543865593 86.5871767742635 95.98333050395661 -999.0 6231.0 -999.0 -1 -999 {-999.0 -999.0 -999.0 -999.0 -999.0} "" -999.0 -999.0 -999.0 -999.0 -999 -999 "" "" "" "" 0 0 0.0 0.0 -999 ""
FIBERMAP 978 R-1C23 APOGEE 0 0 0 1 0 0 194.7709519023589 -10.536964332700988 143.1 2.7683644178605133 195.0283153839938 207.29066 52.28815 -999.0 -999.0 -999.0 -999.0 -999.0 276.5257406516628 -28.331945451215528 276.6066888855173 -28.317272300797804 86.30860846208067 80.08596894326513 -999.0 16600.0 -999.0 2 -999 {-999.0 -999.0 -999.0 -999.0 -999.0} "" -999.0 -999.0 -999.0 -999.0 -999 -999 "" "" "" "" 0 0 0.0 0.0 -999 ""
FIBERMAP 978 R-1C23 BOSS 1 1 0 1 0 0 194.92528772750364 -9.816234681178114 143.1 2.0420869979194065 195.15380811684363 207.29066 52.28815 276.52326362181736 -28.33148587119097 -1.6437463 -4.5814004 0.07435863 276.5232580695472 -28.33149949264931 276.6041900416302 -28.316835711577404 86.31067093291607 80.07228252511146 5400.0 5400.0 2016.0 1 288 {-999.0 16.726086 15.93222 15.611566 -999.0} sdss_psfmag_ps1 16.455297 15.912512 15.12423 13.695 63050395264289060 1076105102 bright_1x1 mwm_halo_mp_xp_boss_single mwm_halo science 0 0 0.0 0.0 -999 ""
FIBERMAP 978 R-1C23 METROLOGY 0 0 0 1 0 0 195.47673523203002 -10.289238459295719 143.1 2.4927262387618496 195.72364052524577 207.29066 52.28815 -999.0 -999.0 -999.0 -999.0 -999.0 276.52481107104177 -28.329759478948606 276.6057411813433 -28.31509105522962 86.30897448338551 80.0501422024663 -999.0 6231.0 -999.0 -1 -999 {-999.0 -999.0 -999.0 -999.0 -999.0} "" -999.0 -999.0 -999.0 -999.0 -999 -999 "" "" "" "" 0 0 0.0 0.0 -999 ""
FIBERMAP 980 R+4C20 APOGEE 0 0 0 1 0 0 165.47721142064762 66.13059764559299 143.1 -72.6681744425919 162.70451573767713 254.60493 76.73246 -999.0 -999.0 -999.0 -999.0 -999.0 276.26541008967206 -28.428797049977685 276.3467500892748 -28.41479027732837 86.55213325288786 80.89302041555862 -999.0 16600.0 -999.0 2 -999 {-999.0 -999.0 -999.0 -999.0 -999.0} "" -999.0 -999.0 -999.0 -999.0 -999 -999 "" "" "" "" 0 0 0.0 0.0 -999 ""
FIBERMAP 980 R+4C20 BOSS 1 1 0 1 0 0 164.80217167423407 66.48185839346833 143.1 -72.99224818324366 162.01604449008525 254.60493 76.73246 276.2642607111553 -28.430803464090875 0.831527 -3.264759 0.099086106 276.26426352253094 -28.430813170900144 276.3455961418346 -28.41681159953286 86.55351371591163 80.92281799886824 5400.0 5400.0 2016.0 1 213 {-999.0 17.442436 16.812983 16.490175 16.304739} sdss_psfmag_from_ps1dr2 17.148 16.7255 16.032 -999.0 63050395264262232 1039872264 "" ops_std_boss_ps1dr2 ops_std standard_boss 0 0 0.0 0.0 -999 ""
FIBERMAP 980 R+4C20 METROLOGY 0 0 0 1 0 0 165.4531523192833 66.87820675230427 143.1 -73.41420152077872 162.6506914267574 254.60493 76.73246 -999.0 -999.0 -999.0 -999.0 -999.0 276.26280981809407 -28.428871363091023 276.3441403907402 -28.414873114727598 86.55440237122332 80.88710803398749 -999.0 6231.0 -999.0 -1 -999 {-999.0 -999.0 -999.0 -999.0 -999.0} "" -999.0 -999.0 -999.0 -999.0 -999 -999 "" "" "" "" 0 0 0.0 0.0 -999 ""
FIBERMAP 981 R-9C12 APOGEE 1 1 0 1 0 0 46.30780670446134 -185.98779567647796 143.1 183.98774839875242 53.67907162442035 243.12764 103.27416 277.15077395168646 -28.760337352130506 -4.1092257 -9.417508 0.12673736 277.15076001484965 -28.760365352344714 277.23298598607846 -28.744015964840457 85.8255299231709 87.41651685459723 16000.0 16600.0 2016.0 2 168 {-999.0 14.929801 13.180724 12.131547 -999.0} sdss_psfmag_gaia 14.091764 12.803724 11.694334 9.03 63050395245694069 1154354354 bright_1x1 mwm_galactic_core_dist_apogee_sparse mwm_galactic science 0 0 0.0 0.0 -999 ""
FIBERMAP 981 R-9C12 BOSS 0 0 0 1 0 0 45.58541759343773 -185.8538351027334 143.1 183.88268003862777 52.95194789334647 243.12764 103.27416 -999.0 -999.0 -999.0 -999.0 -999.0 277.1504894615273 -28.762550648142184 277.2327051562414 -28.74620302732889 85.82596083795504 87.44616764326622 -999.0 5400.0 -999.0 1 401 {-999.0 -999.0 -999.0 -999.0 -999.0} "" -999.0 -999.0 -999.0 -999.0 -999 -999 "" "" "" "" 0 0 0.0 0.0 -999 ""
FIBERMAP 981 R-9C12 METROLOGY 0 0 0 1 0 0 46.08617111999723 -185.28077768118476 143.1 183.29015016604578 53.42945278532783 243.12764 103.27416 -999.0 -999.0 -999.0 -999.0 -999.0 277.14846686912625 -28.761099189001598 277.23068325884583 -28.744756625411792 85.8276045680073 87.4242982982991 -999.0 6231.0 -999.0 -1 -999 {-999.0 -999.0 -999.0 -999.0 -999.0} "" -999.0 -999.0 -999.0 -999.0 -999 -999 "" "" "" "" 0 0 0.0 0.0 -999 ""
FIBERMAP 982 R+12C10 APOGEE 0 0 0 1 0 0 40.65525880836285 225.92131844609324 143.1 -227.352637011871 31.620488008219215 176.20259 162.6839 -999.0 -999.0 -999.0 -999.0 -999.0 275.72891125546147 -28.822812366613537 275.8117152305201 -28.81015720975977 87.07240957606331 86.77669044441097 -999.0 16600.0 -999.0 2 -999 {-999.0 -999.0 -999.0 -999.0 -999.0} "" -999.0 -999.0 -999.0 -999.0 -999 -999 "" "" "" "" 0 0 0.0 0.0 -999 ""
FIBERMAP 982 R+12C10 BOSS 1 1 0 1 0 0 39.915991222166255 226.2007246095568 143.1 -227.60235721148845 30.87070522345066 176.20259 162.6839 275.7279968261718 -28.825069003770565 -999.0 -999.0 -999.0 275.7279968261718 -28.825069003770565 275.8107962075684 -28.81241688194252 87.0734016656033 86.81946131387666 5400.0 5400.0 2015.5 1 160 {-999.0 -999.0 -999.0 -999.0 -999.0} "" -999.0 -999.0 -999.0 -999.0 27021603147108443 852461796 "" ops_sky_boss_fallback ops_sky sky_boss 0 0 0.0 0.0 -999 ""
FIBERMAP 982 R+12C10 METROLOGY 0 0 0 1 0 0 40.51452257947699 226.65595545215479 143.1 -228.0810543088592 31.45060069473647 176.20259 162.6839 -999.0 -999.0 -999.0 -999.0 -999.0 275.72633006812106 -28.823296094375703 275.80912737304027 -28.81064827132444 87.07471041791511 86.78253262594569 -999.0 6231.0 -999.0 -1 -999 {-999.0 -999.0 -999.0 -999.0 -999.0} "" -999.0 -999.0 -999.0 -999.0 -999 -999 "" "" "" "" 0 0 0.0 0.0 -999 ""
FIBERMAP 987 R-13C12 APOGEE 1 1 0 1 0 0 87.79992118453566 -267.5793795373677 143.1 263.85821073614767 98.38724848059842 280.64984 54.09051 277.4238629279132 -28.624783268125128 -5.90014 -1.966256 0.18540688 277.4238429429171 -28.624789114212724 277.50553501735334 -28.607746129315377 85.57405253681503 85.9243527514369 16000.0 16600.0 2016.0 2 160 {-999.0 14.4688835 13.43502 12.978988 -999.0} sdss_psfmag_from_g3xp 14.114637 13.412187 12.595185 10.814 63050395247066886 1152012463 bright_1x1 mwm_galactic_core_dist_apogee_sparse mwm_galactic science 0 0 0.0 0.0 -999 ""
FIBERMAP 987 R-13C12 BOSS 0 0 0 1 0 0 87.10576971968635 -267.2837919525139 143.1 263.5905251521272 97.68189951162745 280.64984 54.09051 -999.0 -999.0 -999.0 -999.0 -999.0 277.42294311295893 -28.626925708961867 277.50462392364796 -28.609886676519473 85.57508913784524 85.9507449601316 -999.0 5400.0 -999.0 1 350 {-999.0 -999.0 -999.0 -999.0 -999.0} "" -999.0 -999.0 -999.0 -999.0 -999 -999 "" "" "" "" 0 0 0.0 0.0 -999 ""
FIBERMAP 987 R-13C12 METROLOGY 0 0 0 1 0 0 87.70577891890304 -266.83659429919726 143.1 263.11979566619044 98.2635916402486 280.64984 54.09051 -999.0 -999.0 -999.0 -999.0 -999.0 277.42137487913527 -28.625152269611416 277.50305548026677 -28.608116994592383 85.57625735946596 85.92593495991093 -999.0 6231.0 -999.0 -1 -999 {-999.0 -999.0 -999.0 -999.0 -999.0} "" -999.0 -999.0 -999.0 -999.0 -999 -999 "" "" "" "" 0 0 0.0 0.0 -999 ""
FIBERMAP 992 R-2C20 APOGEE 0 0 0 1 0 0 157.23046228039388 -50.961625368469576 143.1 44.654951382479204 159.12968110757436 263.99323 125.46977 -999.0 -999.0 -999.0 -999.0 -999.0 276.66982012484493 -28.44070364776189 276.75109675245847 -28.425642733949314 86.20439131516383 82.08489482473755 -999.0 16600.0 -999.0 2 -999 {-999.0 -999.0 -999.0 -999.0 -999.0} "" -999.0 -999.0 -999.0 -999.0 -999 -999 "" "" "" "" 0 0 0.0 0.0 -999 ""
FIBERMAP 992 R-2C20 BOSS 1 1 0 1 0 0 156.57445656492396 -51.31852601416468 143.1 45.03769010814137 158.48844166659143 263.99323 125.46977 276.67118152161146 -28.442564392602232 -2.1350095 -4.983279 0.04159739 276.67117430238545 -28.442579208930052 276.7524409284278 -28.42751700807476 86.2035510293427 82.11586568060639 5400.0 5400.0 2016.0 1 304 {-999.0 16.923605 16.390682 16.201706 -999.0} sdss_psfmag_ps1 16.85576 16.480347 15.799975 -999.0 63050395263992326 1070829462 bright_1x1 mwm_halo_distant_rrl_boss_single mwm_halo science 0 0 0.0 0.0 -999 ""
FIBERMAP 992 R-2C20 METROLOGY 0 0 0 1 0 0 156.58853146806598 -50.57766827584052 143.1 44.29688948212355 158.47298853616238 263.99323 125.46977 -999.0 -999.0 -999.0 -999.0 -999.0 276.6686215242977 -28.442602352390008 276.7498934383834 -28.427546093900645 86.20576272581268 82.11045485081894 -999.0 6231.0 -999.0 -1 -999 {-999.0 -999.0 -999.0 -999.0 -999.0} "" -999.0 -999.0 -999.0 -999.0 -999 -999 "" "" "" "" 0 0 0.0 0.0 -999 ""
FIBERMAP 998 R+3C8 APOGEE 0 0 0 1 0 0 -101.53518625579784 40.048016296605745 143.1 -35.96938324099798 -103.0460483793705 303.2322 75.01484 -999.0 -999.0 -999.0 -999.0 -999.0 276.388057520965 -29.23519969581623 276.472102310913 -29.22077858874245 86.50259676632804 94.32837612960685 -999.0 16600.0 -999.0 2 -999 {-999.0 -999.0 -999.0 -999.0 -999.0} "" -999.0 -999.0 -999.0 -999.0 -999 -999 "" "" "" "" 0 0 0.0 0.0 -999 ""
FIBERMAP 998 R+3C8 BOSS 1 1 0 1 0 0 -102.25483627108987 39.8032462256532 143.1 -35.69614594070484 -103.75534640285174 303.2322 75.01484 276.3890108809452 -29.237402533740728 -5.7301965 -2.5363348 0.3024717 276.3889913565317 -29.237410074791278 276.4730283510626 -29.222985728502557 86.50169683808379 94.36396557957582 5400.0 5400.0 2016.0 1 53 {-999.0 17.786705 16.893946 16.436918 -999.0} sdss_psfmag_ps1 17.409723 16.78285 15.958157 14.421 63050395263607094 980263416 "" ops_std_boss_red ops_std standard_boss 0 0 0.0 0.0 -999 ""
FIBERMAP 998 R+3C8 METROLOGY 0 0 0 1 0 0 -102.09972523948994 40.53872390067153 143.1 -36.437189969240784 -103.62966668172633 303.2322 75.01484 -999.0 -999.0 -999.0 -999.0 -999.0 276.38640739356686 -29.23702857914646 276.4704481154648 -29.22261115764463 86.50396247766824 94.35938685611217 -999.0 6231.0 -999.0 -1 -999 {-999.0 -999.0 -999.0 -999.0 -999.0} "" -999.0 -999.0 -999.0 -999.0 -999 -999 "" "" "" "" 0 0 0.0 0.0 -999 ""
FIBERMAP 1001 R+8C12 APOGEE 0 0 0 1 0 0 24.150086846798924 148.2783248275678 143.1 -149.11681900780286 18.222432834795374 266.08698 29.043339 -999.0 -999.0 -999.0 -999.0 -999.0 275.99799631281087 -28.865271685402696 276.0808790767978 -28.851910180207494 86.8404368122997 87.89707057775252 -999.0 16600.0 -999.0 2 -999 {-999.0 -999.0 -999.0 -999.0 -999.0} "" -999.0 -999.0 -999.0 -999.0 -999 -999 "" "" "" "" 0 0 0.0 0.0 -999 ""
FIBERMAP 1001 R+8C12 BOSS 1 1 0 1 0 0 23.82062151156049 148.9105281548603 143.1 -149.73536895364728 17.868054842820456 266.08698 29.043339 275.99578857421875 -28.866324101463107 -999.0 -999.0 -999.0 275.99578857421875 -28.866324101463107 276.0786619730506 -28.852969015625252 86.84244522181963 87.91388480692852 5400.0 5400.0 2015.5 1 145 {-999.0 -999.0 -999.0 -999.0 -999.0} "" -999.0 -999.0 -999.0 -999.0 27021603147109567 852462086 "" ops_sky_boss_fallback ops_sky sky_boss 0 0 0.0 0.0 -999 ""
FIBERMAP 1001 R+8C12 METROLOGY 0 0 0 1 0 0 24.554734405544263 148.90741827849342 143.1 -149.76150924679217 18.60167939520937 266.08698 29.043339 -999.0 -999.0 -999.0 -999.0 -999.0 275.99569511081575 -28.864096500360986 276.0785647922073 -28.850741702123802 86.84238060114296 87.87343626600943 -999.0 6231.0 -999.0 -1 -999 {-999.0 -999.0 -999.0 -999.0 -999.0} "" -999.0 -999.0 -999.0 -999.0 -999 -999 "" "" "" "" 0 0 0.0 0.0 -999 ""
FIBERMAP 1002 R+12C5 APOGEE 0 0 0 1 0 0 -62.883119566085874 212.1284632750952 143.1 -209.446242832062 -71.28202352585669 344.70114 38.509483 -999.0 -999.0 -999.0 -999.0 -999.0 275.7873829792303 -29.134877355035712 275.8712358237194 -29.122033067774407 87.03014017623768 92.87111467500836 -999.0 16600.0 -999.0 2 -999 {-999.0 -999.0 -999.0 -999.0 -999.0} "" -999.0 -999.0 -999.0 -999.0 -999 -999 "" "" "" "" 0 0 0.0 0.0 -999 ""
FIBERMAP 1002 R+12C5 BOSS 1 1 0 1 0 0 -63.550618404077525 211.83869403751754 143.1 -209.13012163362146 -71.93742106692433 344.70114 38.509483 275.7884216308593 -29.136885206110037 -999.0 -999.0 -999.0 275.7884216308593 -29.136885206110037 275.8722683372574 -29.124037730523455 87.02919502974166 92.90941498977075 5400.0 5400.0 2015.5 1 164 {-999.0 -999.0 -999.0 -999.0 -999.0} "" -999.0 -999.0 -999.0 -999.0 27021603147108091 852461704 "" ops_sky_boss_fallback ops_sky sky_boss 0 0 0.0 0.0 -999 ""
FIBERMAP 1002 R+12C5 METROLOGY 0 0 0 1 0 0 -63.48319845905399 212.57500950899524 143.1 -209.8685090851136 -71.89939267747327 344.70114 38.509483 -999.0 -999.0 -999.0 -999.0 -999.0 275.78583674109285 -29.136756119950856 275.86968725889267 -29.123915467578133 87.03145192640939 92.9080114999295 -999.0 6231.0 -999.0 -1 -999 {-999.0 -999.0 -999.0 -999.0 -999.0} "" -999.0 -999.0 -999.0 -999.0 -999 -999 "" "" "" "" 0 0 0.0 0.0 -999 ""
FIBERMAP 1003 R-2C13 APOGEE 0 0 0 1 0 0 -7.771938363377417 -20.94631201143261 143.1 21.238482551513755 -6.930940804182843 159.40611 59.84987 -999.0 -999.0 -999.0 -999.0 -999.0 276.5878451100059 -28.9440860331748 276.6708454652198 -28.92917913512084 86.32878604913644 89.66248805627112 -999.0 16600.0 -999.0 2 -999 {-999.0 -999.0 -999.0 -999.0 -999.0} "" -999.0 -999.0 -999.0 -999.0 -999 -999 "" "" "" "" 0 0 0.0 0.0 -999 ""
FIBERMAP 1003 R-2C13 BOSS 1 1 0 1 0 0 -7.18895429368472 -20.46073365812836 143.1 20.73008266780684 -6.367788720514534 159.40611 59.84987 276.58612350737195 -28.942361127683025 -1.9591967 -4.9738646 0.18762846 276.5861168509275 -28.94237591601909 276.66909608100605 -28.92747429671228 86.33024491448268 89.63488582479907 5400.0 5400.0 2016.0 1 420 {-999.0 18.494547 18.115301 18.269135 -999.0} sdss_psfmag_ps1 18.333164 18.104774 17.560282 -999.0 63050395263675867 979783619 "" ops_std_boss ops_std standard_boss 0 0 0.0 0.0 -999 ""
FIBERMAP 1003 R-2C13 METROLOGY 0 0 0 1 0 0 -7.06413782111838 -21.188214076686123 143.1 21.45198360012821 -6.21409300996535 159.40611 59.84987 -999.0 -999.0 -999.0 -999.0 -999.0 276.58862103158583 -28.941914845324092 276.6716025456634 -28.927006597450518 86.3280335106084 89.62902248641501 -999.0 6231.0 -999.0 -1 -999 {-999.0 -999.0 -999.0 -999.0 -999.0} "" -999.0 -999.0 -999.0 -999.0 -999 -999 "" "" "" "" 0 0 0.0 0.0 -999 ""
FIBERMAP 1005 R+8C16 APOGEE 0 0 0 1 0 0 140.99684486809443 169.59583513808576 143.1 -175.0718080954803 134.12243741576359 85.38315 95.65229 -999.0 -999.0 -999.0 -999.0 -999.0 275.9122638195938 -28.513807917912175 275.99397744590567 -28.500711155587556 86.87281774995168 81.36624483360777 -999.0 16600.0 -999.0 2 -999 {-999.0 -999.0 -999.0 -999.0 -999.0} "" -999.0 -999.0 -999.0 -999.0 -999 -999 "" "" "" "" 0 0 0.0 0.0 -999 ""
FIBERMAP 1005 R+8C16 BOSS 1 1 0 1 0 0 141.74280328320273 169.63820935243655 143.1 -175.14386648008536 134.8660854919741 85.38315 95.65229 275.91201782226557 -28.511530739091242 -999.0 -999.0 -999.0 275.91201782226557 -28.511530739091242 275.9937106995983 -28.498436994554115 86.87263986105839 81.32446465156258 5400.0 5400.0 2015.5 1 210 {-999.0 -999.0 -999.0 -999.0 -999.0} "" -999.0 -999.0 -999.0 -999.0 27021603147109989 852462193 "" ops_sky_boss_fallback ops_sky sky_boss 0 0 0.0 0.0 -999 ""
FIBERMAP 1005 R+8C16 METROLOGY 0 0 0 1 0 0 141.3909130509432 168.96006121280857 143.1 -174.45226435253912 134.54150663250041 85.38315 95.65229 -999.0 -999.0 -999.0 -999.0 -999.0 275.91434681146666 -28.512502278628315 275.99604612122505 -28.49940175022877 86.87079432572298 81.34861684742276 -999.0 6231.0 -999.0 -1 -999 {-999.0 -999.0 -999.0 -999.0 -999.0} "" -999.0 -999.0 -999.0 -999.0 -999 -999 "" "" "" "" 0 0 0.0 0.0 -999 ""
FIBERMAP 1007 R+12C9 APOGEE 0 0 0 1 0 0 32.06366011954822 227.20659701316654 143.1 -228.29454831554108 22.98484820327923 313.84958 131.93701 -999.0 -999.0 -999.0 -999.0 -999.0 275.72536753583455 -28.84892686768988 275.8082610733444 -28.836277880154984 87.07751350303435 87.28219122947638 -999.0 16600.0 -999.0 2 -999 {-999.0 -999.0 -999.0 -999.0 -999.0} "" -999.0 -999.0 -999.0 -999.0 -999 -999 "" "" "" "" 0 0 0.0 0.0 -999 ""
FIBERMAP 1007 R+12C9 BOSS 1 1 0 1 0 0 32.006800317635005 226.43354974797808 143.1 -227.51988042776534 22.95883457049772 313.84958 131.93701 275.7279968261718 -28.849021584514844 -999.0 -999.0 -999.0 275.7279968261718 -28.84902158451484 275.810877575202 -28.836366557582025 87.07523466781332 87.28731640296849 5400.0 5400.0 2015.5 1 161 {-999.0 -999.0 -999.0 -999.0 -999.0} "" -999.0 -999.0 -999.0 -999.0 27021603147108437 852461793 "" ops_sky_boss_fallback ops_sky sky_boss 0 0 0.0 0.0 -999 ""
FIBERMAP 1007 R+12C9 METROLOGY 0 0 0 1 0 0 31.39358147885447 226.8741923921365 143.1 -227.9357245098809 22.328571634807123 313.84958 131.93701 -999.0 -999.0 -999.0 -999.0 -999.0 275.7265023530188 -28.850914740096705 275.8093934389807 -28.838263147450924 87.07667357465016 87.32247591852774 -999.0 6231.0 -999.0 -1 -999 {-999.0 -999.0 -999.0 -999.0 -999.0} "" -999.0 -999.0 -999.0 -999.0 -999 -999 "" "" "" "" 0 0 0.0 0.0 -999 ""
FIBERMAP 1008 R0C26 APOGEE 1 1 0 1 0 0 274.37805506092263 -12.181418872459137 143.1 1.2398443173119105 274.63454341214134 295.43338 116.26232 276.52126927953134 -28.092536940813403 -1.999377 -5.64628 0.054058105 276.5212625410989 -28.092553728380196 276.60140948980137 -28.077920416667055 86.25644141960684 76.48170860040408 16000.0 16600.0 2016.0 2 106 {-999.0 15.324062 13.998046 13.395858 -999.0} sdss_psfmag_from_g3xp 14.798764 13.915824 12.995618 10.859 63050395266707886 1152043397 bright_1x1 mwm_galactic_core_dist_apogee_sparse mwm_galactic science 0 0 0.0 0.0 -999 ""
FIBERMAP 1008 R0C26 BOSS 0 0 0 1 0 0 273.9511188218845 -12.786848189127165 143.1 1.861778154401671 274.23208396411053 295.43338 116.26232 -999.0 -999.0 -999.0 -999.0 -999.0 276.52340524475494 -28.09377335667341 276.60354041503626 -28.079138067092405 86.25495445491002 76.50736166328107 -999.0 5400.0 -999.0 1 180 {-999.0 -999.0 -999.0 -999.0 -999.0} "" -999.0 -999.0 -999.0 -999.0 -999 -999 "" "" "" "" 0 0 0.0 0.0 -999 ""
FIBERMAP 1008 R0C26 METROLOGY 0 0 0 1 0 0 273.6491326841295 -12.086567105942867 143.1 1.1741124380640207 273.90244998644965 295.43338 116.26232 -999.0 -999.0 -999.0 -999.0 -999.0 276.521041436301 -28.0947024031299 276.60118466803624 -28.080072092945077 86.25720670894526 76.5126615420728 -999.0 6231.0 -999.0 -1 -999 {-999.0 -999.0 -999.0 -999.0 -999.0} "" -999.0 -999.0 -999.0 -999.0 -999 -999 "" "" "" "" 0 0 0.0 0.0 -999 ""
FIBERMAP 1015 R+8C1 APOGEE 1 1 0 1 0 0 -191.71749028133934 151.6934456772476 143.1 -143.9287750325997 -197.60117417325716 318.9594 136.89107 276.01190740962693 -29.518293137341008 -72.97723 -107.335106 12.9043 276.0116580674271 -29.518612266754385 276.09676706393446 -29.505138499399585 86.80320579520318 99.68384318242089 16000.0 16600.0 2016.0 2 48 {-999.0 16.740425 15.331583 14.266592 -999.0} sdss_psfmag_ps1 16.068323 14.750168 13.576624 11.428 63050395262978520 1069091476 bright_8x1 mwm_bin_rv_short_mdwarf_apogee_08epoch mwm_bin science 0 0 0.0 0.0 -999 ""
FIBERMAP 1015 R+8C1 BOSS 0 0 0 1 0 0 -191.61097497864537 150.93554009960292 143.1 -143.17574518387903 -197.4645522098109 318.9594 136.89107 -999.0 -999.0 -999.0 -999.0 -999.0 276.01426546879486 -29.518245946632042 276.09936292567807 -29.50476353021044 86.8010196456466 99.67161442765234 -999.0 5400.0 -999.0 1 84 {-999.0 -999.0 -999.0 -999.0 -999.0} "" -999.0 -999.0 -999.0 -999.0 -999 -999 "" "" "" "" 0 0 0.0 0.0 -999 ""
FIBERMAP 1015 R+8C1 METROLOGY 0 0 0 1 0 0 -192.2978799222781 151.22799823321765 143.1 -143.44059263310547 -198.16253602152977 318.9594 136.89107 -999.0 -999.0 -999.0 -999.0 -999.0 276.0133054696015 -29.52037264335214 276.0984143538592 -29.506892939161162 86.80154390822577 99.71145103378342 -999.0 6231.0 -999.0 -1 -999 {-999.0 -999.0 -999.0 -999.0 -999.0} "" -999.0 -999.0 -999.0 -999.0 -999 -999 "" "" "" "" 0 0 0.0 0.0 -999 ""
FIBERMAP 1020 R-3C9 APOGEE 1 1 0 1 0 0 -76.58819772688908 -69.44838102323307 143.1 72.44178977603835 -73.75745157321384 265.78442 130.67839 276.76518862640694 -29.147040269862995 -0.56783956 -32.72657 5.4059615 276.76518669331796 -29.147137572778494 276.8488295212987 -29.131745363810094 86.17612749327031 92.79706335611337 16000.0 16600.0 2016.0 2 291 {-999.0 15.442 14.123929 13.556215 -999.0} sdss_psfmag_from_g3xp 14.911698 14.07915 13.17584 11.275 63050395245510476 1069132601 bright_8x1 mwm_bin_rv_short_mdwarf_apogee_08epoch mwm_bin science 0 0 0.0 0.0 -999 ""
FIBERMAP 1020 R-3C9 BOSS 0 0 0 1 0 0 -77.25651248717057 -69.81925390721676 143.1 72.83897948834588 -74.41043312957746 265.78442 130.67839 -999.0 -999.0 -999.0 -999.0 -999.0 276.7666233745017 -29.14915964622679 276.8502579732972 -29.13376317384071 86.17485569632535 92.82708902436838 -999.0 5400.0 -999.0 1 478 {-999.0 -999.0 -999.0 -999.0 -999.0} "" -999.0 -999.0 -999.0 -999.0 -999 -999 "" "" "" "" 0 0 0.0 0.0 -999 ""
FIBERMAP 1020 R-3C9 METROLOGY 0 0 0 1 0 0 -77.2198343472591 -69.05579508182228 143.1 72.074696095382 -74.40420231732601 265.78442 130.67839 -999.0 -999.0 -999.0 -999.0 -999.0 276.76397205468567 -29.14914746429117 276.84761198333547 -29.13375794085522 86.17716682118832 92.82743464708557 -999.0 6231.0 -999.0 -1 -999 {-999.0 -999.0 -999.0 -999.0 -999.0} "" -999.0 -999.0 -999.0 -999.0 -999 -999 "" "" "" "" 0 0 0.0 0.0 -999 ""
FIBERMAP 1021 R+4C5 APOGEE 1 1 0 1 0 0 -173.91120896746875 85.597711637553 143.1 -78.59757885191783 -177.17644238074308 195.24954 68.23257 276.23885830740875 -29.458746303419737 -999.0 -999.0 -999.0 276.23885830740875 -29.458746303419733 276.32370771964725 -29.44468740784014 86.61464280745385 98.21220202870636 16000.0 16600.0 2016.0 2 25 {-999.0 19.003048 16.632935 16.148003 -999.0} sdss_psfmag_ps1 -999.0 16.732058 -999.0 10.204 63050395245001794 1153376957 bright_1x1 mwm_galactic_core_dist_apogee_sparse mwm_galactic science 0 0 0.0 0.0 -999 ""
FIBERMAP 1021 R+4C5 BOSS 0 0 0 1 0 0 -173.8599832089278 86.32255229012583 143.1 -79.32385586654406 -177.15413750713384 195.24954 68.23257 -999.0 -999.0 -999.0 -999.0 -999.0 276.236320033165 -29.45871774956557 276.3211555369427 -29.444664069380178 86.61685433690006 98.21596335911806 -999.0 5400.0 -999.0 1 42 {-999.0 -999.0 -999.0 -999.0 -999.0} "" -999.0 -999.0 -999.0 -999.0 -999 -999 "" "" "" "" 0 0 0.0 0.0 -999 ""
FIBERMAP 1021 R+4C5 METROLOGY 0 0 0 1 0 0 -173.23501466213384 85.92152860251909 143.1 -78.9480658159116 -176.51371310974037 195.24954 68.23257 -999.0 -999.0 -999.0 -999.0 -999.0 276.2376182156512 -29.456816224747463 276.3224509513832 -29.442759789076096 86.61594272368345 98.18179073759677 -999.0 6231.0 -999.0 -1 -999 {-999.0 -999.0 -999.0 -999.0 -999.0} "" -999.0 -999.0 -999.0 -999.0 -999 -999 "" "" "" "" 0 0 0.0 0.0 -999 ""
FIBERMAP 1022 R-11C3 APOGEE 1 1 0 1 0 0 -135.9019417127334 -228.26801064771783 143.1 233.49206718292498 -126.69424245847767 275.7245 61.371723 277.3226948039114 -29.305698085472166 -4.5505404 -2.6043246 0.03844492 277.3226792885595 -29.305705828671172 277.40671086235665 -29.288845221135563 85.68505098138057 94.8249401781725 16000.0 16600.0 2016.0 2 152 {-999.0 16.12955 14.580696 13.681507 -999.0} sdss_psfmag_from_g3xp 15.474354 14.31151 13.250756 10.798 63050395245285577 1152010738 bright_1x1 mwm_galactic_core_dist_apogee_sparse mwm_galactic science 0 0 0.0 0.0 -999 ""
FIBERMAP 1022 R-11C3 BOSS 0 0 0 1 0 0 -136.58958866999257 -227.99105614871232 143.1 233.24274000081087 -127.39234998924564 275.7245 61.371723 -999.0 -999.0 -999.0 -999.0 -999.0 277.32183904929815 -29.307819016483666 277.4058595661958 -29.290959649893626 85.68570290825949 94.85343923024595 -999.0 5400.0 -999.0 1 433 {-999.0 -999.0 -999.0 -999.0 -999.0} "" -999.0 -999.0 -999.0 -999.0 -999 -999 "" "" "" "" 0 0 0.0 0.0 -999 ""
FIBERMAP 1022 R-11C3 METROLOGY 0 0 0 1 0 0 -136.0078252585199 -227.52744747327955 143.1 232.75634010441527 -126.82954225830821 275.7245 61.371723 -999.0 -999.0 -999.0 -999.0 -999.0 277.3202078543967 -29.306154737467516 277.40422840629753 -29.289300006630345 85.68719490336345 94.83219910654952 -999.0 6231.0 -999.0 -1 -999 {-999.0 -999.0 -999.0 -999.0 -999.0} "" -999.0 -999.0 -999.0 -999.0 -999 -999 "" "" "" "" 0 0 0.0 0.0 -999 ""
FIBERMAP 1024 R+6C15 APOGEE 1 1 0 1 0 0 102.60158354358579 129.3001708313342 143.1 -133.28005557014905 97.3646049853066 81.85474 75.20014 276.0548400878906 -28.6256776603999 -999.0 -999.0 -999.0 276.0548400878906 -28.62567766039991 276.1368967734187 -28.6121962260365 86.7666800276961 83.71156801035315 16000.0 16600.0 2015.5 2 113 {-999.0 -999.0 -999.0 -999.0 -999.0} "" -999.0 -999.0 -999.0 -999.0 27021603147109764 848843850 "" ops_sky_apogee_good ops_sky sky_apogee 0 0 0.0 0.0 -999 ""
FIBERMAP 1024 R+6C15 BOSS 0 0 0 1 0 0 103.28240611112918 128.9705801400988 143.1 -132.97786420524832 98.05799088087191 81.85474 75.20014 -999.0 -999.0 -999.0 -999.0 -999.0 276.05585584013556 -28.623541856937063 276.13789139210553 -28.610059732841858 86.76551553560584 83.6762436239955 -999.0 5400.0 -999.0 1 196 {-999.0 -999.0 -999.0 -999.0 -999.0} "" -999.0 -999.0 -999.0 -999.0 -999 -999 "" "" "" "" 0 0 0.0 0.0 -999 ""
FIBERMAP 1024 R+6C15 METROLOGY 0 0 0 1 0 0 102.68205383577721 128.52606195531007 143.1 -132.50979828479973 97.47584921031918 81.85474 75.20014 -999.0 -999.0 -999.0 -999.0 -999.0 276.0574302878503 -28.625300918620027 276.13947526838524 -28.611813997649772 86.764385191621 83.71048189917963 -999.0 6231.0 -999.0 -1 -999 {-999.0 -999.0 -999.0 -999.0 -999.0} "" -999.0 -999.0 -999.0 -999.0 -999 -999 "" "" "" "" 0 0 0.0 0.0 -999 ""
FIBERMAP 1027 R+8C18 APOGEE 0 0 0 1 0 0 161.95801469224227 147.92197828496543 143.1 -154.2511347789908 155.92962763486426 244.4236 68.82733 -999.0 -999.0 -999.0 -999.0 -999.0 275.9845530358315 -28.448247157198878 276.0660279775458 -28.434969723516623 86.7982608397775 80.41189393707509 -999.0 16600.0 -999.0 2 -999 {-999.0 -999.0 -999.0 -999.0 -999.0} "" -999.0 -999.0 -999.0 -999.0 -999 -999 "" "" "" "" 0 0 0.0 0.0 -999 ""
FIBERMAP 1027 R+8C18 BOSS 1 1 0 1 0 0 161.46498125255908 148.4519792633644 143.1 -154.76105094271807 155.41588976598854 244.4236 68.82733 275.9827728772536 -28.449745040104293 -3.4574902 -3.960792 0.03922317 275.9827611854569 -28.449756816364307 276.06422826141954 -28.43648622284667 86.80010995861767 80.43297175516267 5400.0 5400.0 2016.0 1 250 {-999.0 17.195602 16.240326 15.935026 -999.0} sdss_psfmag_ps1 16.808254 16.20728 15.402893 13.775 63050395264210280 1076105096 bright_1x1 mwm_halo_mp_xp_boss_single mwm_halo science 0 0 0.0 0.0 -999 ""
FIBERMAP 1027 R+8C18 METROLOGY 0 0 0 1 0 0 162.1775374138628 148.63703631861614 143.1 -154.97434240309192 156.1204788603672 244.4236 68.82733 -999.0 -999.0 -999.0 -999.0 -999.0 275.982023986833 -28.447603845684725 276.06348779652524 -28.434334765837992 86.80032642760098 80.39288797929339 -999.0 6231.0 -999.0 -1 -999 {-999.0 -999.0 -999.0 -999.0 -999.0} "" -999.0 -999.0 -999.0 -999.0 -999 -999 "" "" "" "" 0 0 0.0 0.0 -999 ""
FIBERMAP 1029 R+7C2 APOGEE 0 0 0 1 0 0 -199.46060255400806 145.92453933513212 143.1 -137.85618882965244 -205.1079914830604 134.56232 114.866844 -999.0 -999.0 -999.0 -999.0 -999.0 276.03262341554034 -29.5414125026519 276.11780961453167 -29.527881165749072 86.78187724371588 100.04023921350222 -999.0 16600.0 -999.0 2 -999 {-999.0 -999.0 -999.0 -999.0 -999.0} "" -999.0 -999.0 -999.0 -999.0 -999 -999 "" "" "" "" 0 0 0.0 0.0 -999 ""
FIBERMAP 1029 R+7C2 BOSS 1 1 0 1 0 0 -199.20304312085673 146.63686744987976 143.1 -138.57818422100763 -204.87902650628737 134.56232 114.866844 276.0301208496094 -29.540719761670218 -999.0 -999.0 -999.0 276.0301208496094 -29.540719761670214 276.1152915826437 -29.527193297830088 86.78414429452053 100.0337151220687 5400.0 5400.0 2015.5 1 72 {-999.0 -999.0 -999.0 -999.0 -999.0} "" -999.0 -999.0 -999.0 -999.0 27021603147107021 852461435 "" ops_sky_boss_fallback ops_sky sky_boss 0 0 0.0 0.0 -999 ""
FIBERMAP 1029 R+7C2 METROLOGY 0 0 0 1 0 0 -198.7234356092696 146.05135854653585 143.1 -138.01227152681994 -204.37649189353291 134.56232 114.866844 -999.0 -999.0 -999.0 -999.0 -999.0 276.0320597429213 -29.539258820328502 276.1172288445076 -29.525727970465095 86.78268598786855 100.00356502206046 -999.0 6231.0 -999.0 -1 -999 {-999.0 -999.0 -999.0 -999.0 -999.0} "" -999.0 -999.0 -999.0 -999.0 -999 -999 "" "" "" "" 0 0 0.0 0.0 -999 ""
FIBERMAP 1030 R-7C6 APOGEE 0 0 0 1 0 0 -111.29538099571788 -140.6368197649955 143.1 144.9536169033837 -105.59949181948336 189.44576 131.25223 -999.0 -999.0 -999.0 -999.0 -999.0 277.0166667311427 -29.243323317406574 277.10057099754965 -29.227265534956622 85.95425741942341 94.11782775577035 -999.0 16600.0 -999.0 2 -999 {-999.0 -999.0 -999.0 -999.0 -999.0} "" -999.0 -999.0 -999.0 -999.0 -999 -999 "" "" "" "" 0 0 0.0 0.0 -999 ""
FIBERMAP 1030 R-7C6 BOSS 1 1 0 1 0 0 -111.8959770177013 -140.09280454286198 143.1 144.43398355283966 -106.22126090213128 189.44576 131.25223 277.0149362897859 -29.245238744551727 1.3694192 -3.2148988 0.4244809 277.0149409561451 -29.245248303116053 277.0988347676047 -29.22919428863626 85.95570848480679 94.14586044687194 5400.0 5400.0 2016.0 1 504 {-999.0 18.535648 17.940321 17.717165 17.558792} sdss_psfmag_from_ps1dr2 18.3267 17.9124 17.307 -999.0 63050395245545672 1039869623 "" ops_std_boss_ps1dr2 ops_std standard_boss 0 0 0.0 0.0 -999 ""
FIBERMAP 1030 R-7C6 METROLOGY 0 0 0 1 0 0 -111.18301298663336 -139.89731205892986 143.1 144.2102491169872 -105.5166800329919 189.44576 131.25223 -999.0 -999.0 -999.0 -999.0 -999.0 277.0141826914429 -29.243130452566625 277.0980745418543 -29.227078798528026 85.95644097766402 94.1161873384919 -999.0 6231.0 -999.0 -1 -999 {-999.0 -999.0 -999.0 -999.0 -999.0} "" -999.0 -999.0 -999.0 -999.0 -999 -999 "" "" "" "" 0 0 0.0 0.0 -999 ""
FIBERMAP 1031 R+1C16 APOGEE 1 1 0 1 0 0 62.969911995007536 8.619335714965395 143.1 -11.120913038195216 62.57399543153042 301.04507 118.91459 276.4763502260998 -28.732752962816402 0.91761273 -8.1997795 1.9800348 276.4763533374503 -28.73277734247026 276.5586653865494 -28.718185585770467 86.41192989557875 86.22761339921685 16000.0 16600.0 2016.0 2 114 {-999.0 11.629344 11.387602 11.322003 -999.0} sdss_psfmag_from_g3xp 11.617198 11.38132 10.986869 10.319 63050395263909847 975029393 "" ops_std_apogee ops_std standard_apogee 0 0 0.0 0.0 -999 ""
FIBERMAP 1031 R+1C16 BOSS 0 0 0 1 0 0 62.6203356466 7.950206672423267 143.1 -10.438414672683122 62.25136919896307 301.04507 118.91459 -999.0 -999.0 -999.0 -999.0 -999.0 276.4787201603331 -28.733723402643935 276.5610201511563 -28.71912667736166 86.40996919066176 86.24586855257155 -999.0 5400.0 -999.0 1 198 {-999.0 -999.0 -999.0 -999.0 -999.0} "" -999.0 -999.0 -999.0 -999.0 -999 -999 "" "" "" "" 0 0 0.0 0.0 -999 ""
FIBERMAP 1031 R+1C16 METROLOGY 0 0 0 1 0 0 62.22362863522831 8.586033637926775 143.1 -11.057906278824571 61.82966124129432 301.04507 118.91459 -999.0 -999.0 -999.0 -999.0 -999.0 276.4765644275704 -28.734992412801 276.55887360317706 -28.720400765739143 86.41196924754107 86.26312411181186 -999.0 6231.0 -999.0 -1 -999 {-999.0 -999.0 -999.0 -999.0 -999.0} "" -999.0 -999.0 -999.0 -999.0 -999 -999 "" "" "" "" 0 0 0.0 0.0 -999 ""
FIBERMAP 1033 R-9C16 APOGEE 1 1 0 1 0 0 160.52777345818404 -184.47217930775787 143.1 177.92279193146933 167.74339708288414 359.9886 78.960625 277.12811295113465 -28.415444695348192 -2.3102937 -4.171 0.1582359 277.1281051412123 -28.415457096600505 277.2091745957829 -28.39920729458317 85.8028477185887 82.6927278980874 16000.0 16600.0 2016.0 2 208 {-999.0 16.255985 14.63447 13.82204 -999.0} sdss_psfmag_from_g3xp 15.54506 14.428914 13.391568 10.97 63050395266260717 1152042875 bright_1x1 mwm_galactic_core_dist_apogee_sparse mwm_galactic science 0 0 0.0 0.0 -999 ""
FIBERMAP 1033 R-9C16 BOSS 0 0 0 1 0 0 160.41383923777846 -185.20735433634653 143.1 178.661893052754 167.65884777434377 359.9886 78.960625 -999.0 -999.0 -999.0 -999.0 -999.0 277.1306767474879 -28.415696897593683 277.2117287106322 -28.39944299887116 85.80067153157088 82.70100948749746 -999.0 5400.0 -999.0 1 294 {-999.0 -999.0 -999.0 -999.0 -999.0} "" -999.0 -999.0 -999.0 -999.0 -999 -999 "" "" "" "" 0 0 0.0 0.0 -999 ""
FIBERMAP 1033 R-9C16 METROLOGY 0 0 0 1 0 0 159.8279305524437 -184.73045336109632 143.1 178.20873282276403 167.0544276582559 359.9886 78.960625 -999.0 -999.0 -999.0 -999.0 -999.0 277.12916536134503 -28.41748970239157 277.21022876677694 -28.401238773540463 85.80227098215475 82.72220242854212 -999.0 6231.0 -999.0 -1 -999 {-999.0 -999.0 -999.0 -999.0 -999.0} "" -999.0 -999.0 -999.0 -999.0 -999 -999 "" "" "" "" 0 0 0.0 0.0 -999 ""
FIBERMAP 1038 R+9C11 APOGEE 1 1 0 1 0 0 26.35127914958556 163.4071268808778 143.1 -164.32070087856948 19.819047216507485 239.11377 115.11106 275.94556314421334 -28.860082666458744 -3.7587585 -5.7205486 0.086988546 275.9455503838095 -28.86009967484178 276.0284284492253 -28.84687544906619 86.88592770946087 87.74803542807602 16000.0 16600.0 2016.0 2 140 {-999.0 16.508398 14.865957 13.839085 -999.0} sdss_psfmag_from_g3xp 15.789642 14.49818 13.3876705 10.843 63050395264013814 1152039639 bright_1x1 mwm_galactic_core_dist_apogee_sparse mwm_galactic science 0 0 0.0 0.0 -999 ""
FIBERMAP 1038 R+9C11 BOSS 0 0 0 1 0 0 25.60235517667674 163.46608615458493 143.1 -164.34977332120408 19.068398858039423 239.11377 115.11106 -999.0 -999.0 -999.0 -999.0 -999.0 275.94536822619847 -28.862365975487723 276.0282407809435 -28.849142755809183 86.88624790841574 87.78946661040447 -999.0 5400.0 -999.0 1 139 {-999.0 -999.0 -999.0 -999.0 -999.0} "" -999.0 -999.0 -999.0 -999.0 -999 -999 "" "" "" "" 0 0 0.0 0.0 -999 ""
FIBERMAP 1038 R+9C11 METROLOGY 0 0 0 1 0 0 26.046138906178374 164.08860665289114 143.1 -164.98945530200635 19.487010821189443 239.11377 115.11106 -999.0 -999.0 -999.0 -999.0 -999.0 275.9431460310807 -28.861080119448918 276.02601853452336 -28.84786261885025 86.88810175634163 87.76348380297168 -999.0 6231.0 -999.0 -1 -999 {-999.0 -999.0 -999.0 -999.0 -999.0} "" -999.0 -999.0 -999.0 -999.0 -999 -999 "" "" "" "" 0 0 0.0 0.0 -999 ""
FIBERMAP 1045 R+11C11 APOGEE 1 1 0 1 0 0 36.96493331999689 207.07427663683404 143.1 -208.37428823478487 28.68411965658584 250.30768 52.7356 275.7940533831512 -28.832174442990897 -4.2099404 -5.531898 0.12846921 275.79403909488866 -28.8321908904762 275.87685921603196 -28.819364848782065 87.01628215767917 87.04570653946826 16000.0 16600.0 2016.0 2 126 {-999.0 16.009735 14.430993 13.681135 -999.0} sdss_psfmag_from_g3xp 15.334547 14.273291 13.260195 10.965 63050395263495387 1152039227 bright_1x1 mwm_galactic_core_dist_apogee_sparse mwm_galactic science 0 0 0.0 0.0 -999 ""
FIBERMAP 1045 R+11C11 BOSS 0 0 0 1 0 0 36.54833349270514 207.6818469870169 143.1 -208.96475424745196 28.243661236865567 250.30768 52.7356 -999.0 -999.0 -999.0 -999.0 -999.0 275.7919498524645 -28.83350198596717 275.8747622673111 -28.820682125310388 87.0182188578441 87.06811641370729 -999.0 5400.0 -999.0 1 113 {-999.0 -999.0 -999.0 -999.0 -999.0} "" -999.0 -999.0 -999.0 -999.0 -999 -999 "" "" "" "" 0 0 0.0 0.0 -999 ""
FIBERMAP 1045 R+11C11 METROLOGY 0 0 0 1 0 0 37.27894805455457 207.7449267825138 143.1 -209.05688963505398 28.97115333143591 250.30768 52.7356 -999.0 -999.0 -999.0 -999.0 -999.0 275.7916188672432 -28.831292052953476 275.8744274590824 -28.818473068235978 87.01833419204897 87.0253333946398 -999.0 6231.0 -999.0 -1 -999 {-999.0 -999.0 -999.0 -999.0 -999.0} "" -999.0 -999.0 -999.0 -999.0 -999 -999 "" "" "" "" 0 0 0.0 0.0 -999 ""
FIBERMAP 1047 R+10C15 APOGEE 1 1 0 1 0 0 118.31168657435225 189.70472965056126 143.1 -194.26013931336175 110.6550457169482 221.27466 88.96802 275.8455138006471 -28.584391997382422 -4.1862607 -6.509453 -0.006318796 275.84549962636294 -28.584411351341945 275.9274678429612 -28.571480295956253 86.94239913990738 82.4755716895568 16000.0 16600.0 2016.0 2 77 {-999.0 17.357523 15.622168 13.921449 -999.0} sdss_psfmag_ps1 16.54473 14.19068 12.799107 9.438 63050395264157968 1153378876 bright_1x1 mwm_galactic_core_dist_apogee_sparse mwm_galactic science 0 0 0.0 0.0 -999 ""
FIBERMAP 1047 R+10C15 BOSS 0 0 0 1 0 0 117.81637510442958 190.24794245260762 143.1 -194.7831655239026 110.13850534930215 221.27466 88.96802 -999.0 -999.0 -999.0 -999.0 -999.0 275.84365672821207 -28.58594113648615 275.9256177000424 -28.573016527716852 86.94424814059401 82.49915380392724 -999.0 5400.0 -999.0 1 236 {-999.0 -999.0 -999.0 -999.0 -999.0} "" -999.0 -999.0 -999.0 -999.0 -999 -999 "" "" "" "" 0 0 0.0 0.0 -999 ""
FIBERMAP 1047 R+10C15 METROLOGY 0 0 0 1 0 0 118.56434721691404 190.40597643497833 143.1 -194.9708674448065 110.87955747668649 221.27466 88.96802 -999.0 -999.0 -999.0 -999.0 -999.0 275.843003055608 -28.58368028065536 275.92496019243583 -28.570757130719965 86.94445753264047 82.45558262130021 -999.0 6231.0 -999.0 -1 -999 {-999.0 -999.0 -999.0 -999.0 -999.0} "" -999.0 -999.0 -999.0 -999.0 -999 -999 "" "" "" "" 0 0 0.0 0.0 -999 ""
FIBERMAP 1048 R-5C8 APOGEE 0 0 0 1 0 0 -71.929277868751 -89.98671181307533 143.1 92.77737719077241 -68.28415560098462 14.3626585 145.50021 -999.0 -999.0 -999.0 -999.0 -999.0 276.83580648973776 -29.13052897136403 276.9193753334764 -29.11495488981875 86.11465683153672 92.53890611760801 -999.0 16600.0 -999.0 2 -999 {-999.0 -999.0 -999.0 -999.0 -999.0} "" -999.0 -999.0 -999.0 -999.0 -999 -999 "" "" "" "" 0 0 0.0 0.0 -999 ""
FIBERMAP 1048 R-5C8 BOSS 1 1 0 1 0 0 -71.21685235766947 -90.25925750178966 143.1 93.02131204441407 -67.56146583152237 14.3626585 145.50021 276.8367119527937 -29.12824091942639 5.058937 -44.37988 1.1071435 276.8367291717243 -29.128372870057433 276.9202733927343 -29.11279657761104 86.11388592241157 92.50698428311094 5400.0 5400.0 2016.0 1 481 {-999.0 14.982018 14.19112 14.019766 -999.0} sdss_psfmag_ps1 14.698511 14.196609 13.515696 12.211 63050395245511887 1072928541 bright_1x1 mwm_halo_local_high_boss_single mwm_halo science 0 0 0.0 0.0 -999 ""
FIBERMAP 1048 R-5C8 METROLOGY 0 0 0 1 0 0 -71.79670188469646 -90.722865210981 143.1 93.50763472486673 -68.12236131266633 14.3626585 145.50021 -999.0 -999.0 -999.0 -999.0 -999.0 276.8384203143143 -29.130079967527504 276.9219749663488 -29.11449907192245 86.11238870207136 92.5319619358163 -999.0 6231.0 -999.0 -1 -999 {-999.0 -999.0 -999.0 -999.0 -999.0} "" -999.0 -999.0 -999.0 -999.0 -999 -999 "" "" "" "" 0 0 0.0 0.0 -999 ""
FIBERMAP 1050 R+12C14 APOGEE 1 1 0 1 0 0 119.46025820496224 229.41565484541883 143.1 -233.98370598199492 110.22054816070067 210.12962 97.74622 275.70931915201646 -28.58495924368187 -0.5733872 -1.2439606 0.08420003 275.7093172105712 -28.584962942236107 275.79131985796755 -28.572386821586793 87.06053193879337 82.12204876620379 16000.0 16600.0 2016.0 2 56 {-999.0 15.196206 13.623171 12.728327 -999.0} sdss_psfmag_from_g3xp 14.517243 13.354424 12.289012 9.763 63050395264153721 1152040024 bright_1x1 mwm_galactic_core_dist_apogee_sparse mwm_galactic science 0 0 0.0 0.0 -999 ""
FIBERMAP 1050 R+12C14 BOSS 0 0 0 1 0 0 119.00250402002749 230.0038363671907 143.1 -234.55315971763946 109.73974217018397 210.12962 97.74622 -999.0 -999.0 -999.0 -999.0 -999.0 275.7073516114886 -28.586398547149738 275.7893472510351 -28.573829188286346 87.06247788771816 82.14424544383155 -999.0 5400.0 -999.0 1 93 {-999.0 -999.0 -999.0 -999.0 -999.0} "" -999.0 -999.0 -999.0 -999.0 -999 -999 "" "" "" "" 0 0 0.0 0.0 -999 ""
FIBERMAP 1050 R+12C14 METROLOGY 0 0 0 1 0 0 119.75799659097744 230.10379331471643 143.1 -234.68313265961618 110.49062231412778 210.12962 97.74622 -999.0 -999.0 -999.0 -999.0 -999.0 275.7068883400872 -28.584108236028623 275.7888798507703 -28.571539847976744 87.06250590311213 82.09886343686838 -999.0 6231.0 -999.0 -1 -999 {-999.0 -999.0 -999.0 -999.0 -999.0} "" -999.0 -999.0 -999.0 -999.0 -999 -999 "" "" "" "" 0 0 0.0 0.0 -999 ""
FIBERMAP 1052 R-8C18 APOGEE 0 0 0 1 0 0 188.99160935300176 -166.1732764742785 143.1 158.50513084648077 195.45445327699045 322.17004 105.78511 -999.0 -999.0 -999.0 -999.0 -999.0 277.0610306429893 -28.33183444634284 277.1418375581477 -28.315768867455404 85.84639417761524 81.42070647975169 -999.0 16600.0 -999.0 2 -999 {-999.0 -999.0 -999.0 -999.0 -999.0} "" -999.0 -999.0 -999.0 -999.0 -999 -999 "" "" "" "" 0 0 0.0 0.0 -999 ""
FIBERMAP 1052 R-8C18 BOSS 1 1 0 1 0 0 188.72300803812507 -166.8795650797054 143.1 159.22153168175532 195.21421500897304 322.17004 105.78511 277.0635273510484 -28.33252868032965 -2.3447678 -6.0582566 0.18771306 277.06351943077925 -28.332546692789336 277.1443106123322 -28.316477484724164 85.84438860470256 81.43595096517616 5400.0 5400.0 2016.0 1 275 {-999.0 18.121946 17.238777 16.693542 -999.0} sdss_psfmag_ps1 17.783316 17.100355 16.285664 14.611 63050395266283187 980263465 "" ops_std_boss_red ops_std standard_boss 0 0 0.0 0.0 -999 ""
FIBERMAP 1052 R-8C18 METROLOGY 0 0 0 1 0 0 188.25291026137037 -166.2908429185518 143.1 158.6520295350273 194.7210541815879 322.17004 105.78511 -999.0 -999.0 -999.0 -999.0 -999.0 277.0616030909471 -28.333995241798384 277.14240464739555 -28.31793000912609 85.84630888899684 81.45130667573096 -999.0 6231.0 -999.0 -1 -999 {-999.0 -999.0 -999.0 -999.0 -999.0} "" -999.0 -999.0 -999.0 -999.0 -999 -999 "" "" "" "" 0 0 0.0 0.0 -999 ""
FIBERMAP 1055 R+1C11 APOGEE 1 1 0 1 0 0 -74.44815100975471 13.055448961366269 143.1 -10.078493985236026 -74.90620045583336 246.43214 61.44379 276.4784100488016 -29.150156900405904 -1.2435224 -5.7412477 0.15283702 276.4784058153691 -29.15017397033199 276.5621365990588 -29.13552765650773 86.42647312148974 92.90968962750509 16000.0 16600.0 2016.0 2 21 {-999.0 15.151034 13.758416 13.135753 -999.0} sdss_psfmag_from_g3xp 14.592244 13.6746855 12.734598 10.521 63050395263619744 1152039435 bright_1x1 mwm_galactic_core_dist_apogee_sparse mwm_galactic science 0 0 0.0 0.0 -999 ""
FIBERMAP 1055 R+1C11 BOSS 0 0 0 1 0 0 -74.92787056186322 13.650200192570786 143.1 -10.65363683552135 -75.40921523653493 246.43214 61.44379 -999.0 -999.0 -999.0 -999.0 -999.0 276.4764088022192 -29.151739540089864 276.5601301799459 -29.13709801571776 86.42819976643801 92.93534645533043 -999.0 5400.0 -999.0 1 31 {-999.0 -999.0 -999.0 -999.0 -999.0} "" -999.0 -999.0 -999.0 -999.0 -999 -999 "" "" "" "" 0 0 0.0 0.0 -999 ""
FIBERMAP 1055 R+1C11 METROLOGY 0 0 0 1 0 0 -74.18023596496445 13.746660758208389 143.1 -10.77980324431693 -74.66604721486456 246.43214 61.44379 -999.0 -999.0 -999.0 -999.0 -999.0 276.47597293821707 -29.149489817965257 276.5596910964239 -29.134849762345098 86.42861980115059 92.8993612866609 -999.0 6231.0 -999.0 -1 -999 {-999.0 -999.0 -999.0 -999.0 -999.0} "" -999.0 -999.0 -999.0 -999.0 -999 -999 "" "" "" "" 0 0 0.0 0.0 -999 ""
FIBERMAP 1059 R+3C13 APOGEE 1 1 0 1 0 0 6.904800534258584 46.13125953744237 143.1 -46.367878753006394 5.061140069820262 249.6837 119.54449 276.3534292689338 -28.906952571866253 0.87746006 -10.642319 0.105789065 276.3534322491199 -28.906984213698394 276.4363672977157 -28.89269193767336 86.53211304377521 88.92276695983576 16000.0 16600.0 2016.0 2 125 {-999.0 14.88121 13.37283 12.617209 -999.0} sdss_psfmag_gaia 14.247608 13.216917 12.215952 9.814 63050395263759307 1154372932 bright_1x1 mwm_galactic_core_dist_apogee_sparse mwm_galactic science 0 0 0.0 0.0 -999 ""
FIBERMAP 1059 R+3C13 BOSS 0 0 0 1 0 0 6.170494866913422 46.00817132907157 143.1 -46.21563794257165 4.332350725620795 249.6837 119.54449 -999.0 -999.0 -999.0 -999.0 -999.0 276.3539305180274 -28.909195630807226 276.4368581656564 -28.894902465738262 86.53179867409341 88.95962920477041 -999.0 5400.0 -999.0 1 111 {-999.0 -999.0 -999.0 -999.0 -999.0} "" -999.0 -999.0 -999.0 -999.0 -999 -999 "" "" "" "" 0 0 0.0 0.0 -999 ""
FIBERMAP 1059 R+3C13 METROLOGY 0 0 0 1 0 0 6.436318677211938 46.708004976550285 143.1 -46.92547854551174 4.570070975546483 249.6837 119.54449 -999.0 -999.0 -999.0 -999.0 -999.0 276.3514633332422 -28.908464138316354 276.4343933360302 -28.894177295415275 86.53391625795392 88.94580842312047 -999.0 6231.0 -999.0 -1 -999 {-999.0 -999.0 -999.0 -999.0 -999.0} "" -999.0 -999.0 -999.0 -999.0 -999 -999 "" "" "" "" 0 0 0.0 0.0 -999 ""
FIBERMAP 1061 R+9C10 APOGEE 1 1 0 1 0 0 9.666789146059159 159.32967430559415 143.1 -159.58192698990555 3.3109204645262453 281.4689 99.14121 275.9614562988281 -28.910258820657816 -999.0 -999.0 -999.0 275.9614562988281 -28.910258820657816 276.04450096487545 -28.89698724212898 86.87494549920936 88.68298486044415 16000.0 16600.0 2015.5 2 136 {-999.0 -999.0 -999.0 -999.0 -999.0} "" -999.0 -999.0 -999.0 -999.0 27021603147109545 848843915 "" ops_sky_apogee_good ops_sky sky_apogee 0 0 0.0 0.0 -999 ""
FIBERMAP 1061 R+9C10 BOSS 0 0 0 1 0 0 8.974159310617107 159.05912870669607 143.1 -159.28401216118405 2.6296470016206817 281.4689 99.14121 -999.0 -999.0 -999.0 -999.0 -999.0 275.96240521972396 -28.91232922931651 276.04544334030845 -28.89905554878643 86.87423081942191 88.72166633888486 -999.0 5400.0 -999.0 1 131 {-999.0 -999.0 -999.0 -999.0 -999.0} "" -999.0 -999.0 -999.0 -999.0 -999 -999 "" "" "" "" 0 0 0.0 0.0 -999 ""
FIBERMAP 1061 R+9C10 METROLOGY 0 0 0 1 0 0 9.072493664977763 159.7869119128751 143.1 -160.01510611507422 2.698903949638279 281.4689 99.14121 -999.0 -999.0 -999.0 -999.0 -999.0 275.9598567376213 -28.912102124989406 276.04289850601367 -28.898834938757773 86.87644409796728 88.71547862521135 -999.0 6231.0 -999.0 -1 -999 {-999.0 -999.0 -999.0 -999.0 -999.0} "" -999.0 -999.0 -999.0 -999.0 -999 -999 "" "" "" "" 0 0 0.0 0.0 -999 ""
FIBERMAP 1062 R-12C6 APOGEE 0 0 0 1 0 0 -44.22052933068156 -211.61420006823639 143.1 213.1994934918663 -35.752790833776196 152.15277 37.72833 -999.0 -999.0 -999.0 -999.0 -999.0 277.25230705048466 -29.031051559225055 277.33542258465013 -29.01440627877717 85.7502642427667 91.1581254536286 -999.0 16600.0 -999.0 2 -999 {-999.0 -999.0 -999.0 -999.0 -999.0} "" -999.0 -999.0 -999.0 -999.0 -999 -999 "" "" "" "" 0 0 0.0 0.0 -999 ""
FIBERMAP 1062 R-12C6 BOSS 1 1 0 1 0 0 -43.53386942108154 -211.53135420668843 143.1 213.08935970724653 -35.07000422783201 152.15277 37.72833 277.2519999239129 -29.028975192573338 -1.8349411 -5.8832994 0.25020787 277.251993684408 -29.02899268484866 277.33508400634213 -29.012348808883264 85.75051666575914 91.13028153711844 5400.0 5400.0 2016.0 1 365 {-999.0 17.064941 16.705214 16.60621 -999.0} sdss_psfmag_ps1 16.889227 16.692299 16.110077 -999.0 63050395245592990 979783073 "" ops_std_boss ops_std standard_boss 0 0 0.0 0.0 -999 ""
FIBERMAP 1062 R-12C6 METROLOGY 0 0 0 1 0 0 -43.742498560908615 -212.18951285268184 143.1 213.75528138910215 -35.25223786842678 152.15277 37.72833 -999.0 -999.0 -999.0 -999.0 -999.0 277.2543195652902 -29.029541263657887 277.3374163400275 -29.012891174897163 85.74848907202511 91.13818563240767 -999.0 6231.0 -999.0 -1 -999 {-999.0 -999.0 -999.0 -999.0 -999.0} "" -999.0 -999.0 -999.0 -999.0 -999 -999 "" "" "" "" 0 0 0.0 0.0 -999 ""
FIBERMAP 1065 R-10C5 APOGEE 0 0 0 1 0 0 -99.836053895048 -188.06308190685039 143.1 191.8837784359499 -92.26022589654859 141.04204 126.329735 -999.0 -999.0 -999.0 -999.0 -999.0 277.1790516665671 -29.20239492546538 277.26277112105095 -29.185919802840377 85.81381760338142 93.48989130638893 -999.0 16600.0 -999.0 2 -999 {-999.0 -999.0 -999.0 -999.0 -999.0} "" -999.0 -999.0 -999.0 -999.0 -999 -999 "" "" "" "" 0 0 0.0 0.0 -999 ""
FIBERMAP 1065 R-10C5 BOSS 1 1 0 1 0 0 -99.8040208311238 -187.3458413210112 143.1 191.16585980019545 -92.25679491905757 141.04204 126.329735 277.17665590939646 -29.20239632308778 -4.4797454 -6.813261 0.16271754 277.1766406508399 -29.202416580332322 277.2603428291799 -29.185947407405997 85.81593660230467 93.49085837717541 5400.0 5400.0 2016.0 1 423 {-999.0 17.279276 16.954128 16.952528 -999.0} sdss_psfmag_ps1 17.22172 16.949276 16.49279 14.92 63050395245310732 978464647 "" ops_std_boss ops_std standard_boss 0 0 0.0 0.0 -999 ""
FIBERMAP 1065 R-10C5 METROLOGY 0 0 0 1 0 0 -99.17268087640721 -187.71748900337073 143.1 191.51204450342414 -91.61117478820438 141.04204 126.329735 -999.0 -999.0 -999.0 -999.0 -999.0 277.1778619810626 -29.20047105308892 277.2615623279273 -29.183999027338352 85.81491120613882 93.46386997334486 -999.0 6231.0 -999.0 -1 -999 {-999.0 -999.0 -999.0 -999.0 -999.0} "" -999.0 -999.0 -999.0 -999.0 -999 -999 "" "" "" "" 0 0 0.0 0.0 -999 ""
FIBERMAP 1066 R-11C10 APOGEE 1 1 0 1 0 0 18.625034856607982 -203.4771327795566 143.1 202.56540077836632 26.71617440914259 181.40376 76.49114 277.21505538550423 -28.841945310628656 -3.566771 0.52369964 0.23612241 277.215043278982 -28.841943753559914 277.29752752067577 -28.825417655177052 85.775247502871 88.5830848333057 16000.0 16600.0 2016.0 2 175 {-999.0 14.611549 12.989485 11.870283 -999.0} sdss_psfmag_from_g3xp 13.912543 12.546724 11.404175 8.704 63050395245628538 1152011169 bright_1x1 mwm_galactic_core_dist_apogee_sparse mwm_galactic science 0 0 0.0 0.0 -999 ""
FIBERMAP 1066 R-11C10 BOSS 0 0 0 1 0 0 18.773077495601083 -202.75367951757903 143.1 201.83665274440736 26.835270693718666 181.40376 76.49114 -999.0 -999.0 -999.0 -999.0 -999.0 277.21261220322134 -28.841579819480298 277.2950779321144 -28.825061114558626 85.7773656425653 88.57634710788187 -999.0 5400.0 -999.0 1 417 {-999.0 -999.0 -999.0 -999.0 -999.0} "" -999.0 -999.0 -999.0 -999.0 -999 -999 "" "" "" "" 0 0 0.0 0.0 -999 ""
FIBERMAP 1066 R-11C10 METROLOGY 0 0 0 1 0 0 19.324644399836863 -203.21905155840045 143.1 202.2796618557614 27.404918348451144 181.40376 76.49114 -999.0 -999.0 -999.0 -999.0 -999.0 277.2141575481522 -28.83984743627448 277.2966220875247 -28.823324630410003 85.77590164081428 88.55402577833615 -999.0 6231.0 -999.0 -1 -999 {-999.0 -999.0 -999.0 -999.0 -999.0} "" -999.0 -999.0 -999.0 -999.0 -999 -999 "" "" "" "" 0 0 0.0 0.0 -999 ""
FIBERMAP 1067 R+3C14 APOGEE 1 0 1 1 0 0 34.40143122676695 66.00526206128315 143.1 -67.32079177626868 31.74304461550501 10.005702 170.04414 276.3125188614742 -28.797407763737294 -2.1214068 -6.6179924 0.10145446 276.28125782180797 -28.825690384241273 276.36393531169585 -28.811595629021294 86.59021470874752 87.5055581258764 16000.0 16600.0 2016.0 2 122 {-999.0 17.224499 15.547027 14.017884 -999.0} sdss_psfmag_ps1 16.51398 14.600526 13.305015 10.286 63050395263785825 1153378793 bright_1x1 mwm_galactic_core_dist_apogee_sparse mwm_galactic science 0 0 0.0 0.0 -999 ""
FIBERMAP 1067 R+3C14 BOSS 0 0 1 1 0 0 35.130387437052704 65.91015372473751 143.1 -67.25480488891795 32.475182068403655 10.005702 170.04414 -999.0 -999.0 -999.0 -999.0 -999.0 276.2814680492717 -28.823448283592253 276.36412333728083 -28.8093542280661 86.58987872655126 87.46819766705511 -999.0 5400.0 -999.0 1 102 {-999.0 -999.0 -999.0 -999.0 -999.0} "" -999.0 -999.0 -999.0 -999.0 -999 -999 "" "" "" "" 0 0 0.0 0.0 -999 ""
FIBERMAP 1067 R+3C14 METROLOGY 0 0 1 1 0 0 34.69000893560947 65.3087407732306 143.1 -66.63634851816617 32.05913155382859 10.005702 170.04414 -999.0 -999.0 -999.0 -999.0 -999.0 276.28359198830907 -28.824717570476764 276.3662551586185 -28.81061755231038 86.58811323198051 87.4917773354801 -999.0 6231.0 -999.0 -1 -999 {-999.0 -999.0 -999.0 -999.0 -999.0} "" -999.0 -999.0 -999.0 -999.0 -999 -999 "" "" "" "" 0 0 0.0 0.0 -999 ""
FIBERMAP 1072 R-5C17 APOGEE 0 0 0 1 0 0 106.4755682227523 -87.98877560757356 143.1 83.67333223417091 109.89230382030206 195.24898 64.918335 -999.0 -999.0 -999.0 -999.0 -999.0 276.80440711223565 -28.5899583629054 276.88615122220745 -28.574529709153097 86.10977708471819 84.55066989593428 -999.0 16600.0 -999.0 2 -999 {-999.0 -999.0 -999.0 -999.0 -999.0} "" -999.0 -999.0 -999.0 -999.0 -999 -999 "" "" "" "" 0 0 0.0 0.0 -999 ""
FIBERMAP 1072 R-5C17 BOSS 1 1 0 1 0 0 106.59258728974119 -87.26278638809313 143.1 82.9432863586754 109.98030137182027 195.24898 64.918335 276.80194679583303 -28.589582737168048 0.77375466 -17.17765 2.9390528 276.8019494158235 -28.589633809903845 276.88367572100884 -28.574213570044055 86.11189037257166 84.54182245484259 5400.0 5400.0 2016.0 1 296 {-999.0 21.326645 19.610022 18.352043 -999.0} sdss_psfmag_ps1 20.099298 18.758404 17.460299 15.287 63050395263889689 1096247638 bright_1x1 mwm_bin_vis_boss mwm_filler science 0 0 0.0 0.0 -999 ""
FIBERMAP 1072 R-5C17 METROLOGY 0 0 0 1 0 0 107.17541379576504 -87.72474077894185 143.1 83.38163526573378 110.58104639662398 195.24898 64.918335 -999.0 -999.0 -999.0 -999.0 -999.0 276.80346589926046 -28.587805161069454 276.8851912007615 -28.572380592870118 86.11032889265944 84.51762674341614 -999.0 6231.0 -999.0 -1 -999 {-999.0 -999.0 -999.0 -999.0 -999.0} "" -999.0 -999.0 -999.0 -999.0 -999 -999 "" "" "" "" 0 0 0.0 0.0 -999 ""
FIBERMAP 1073 R+13C13 APOGEE 1 1 0 1 0 0 132.89816661140117 259.35880601584 143.1 -264.43726068374605 122.45429323450003 27.232998 125.77209 275.60581644837197 -28.547394480542117 3.0066562 -10.153437 0.18967484 275.605826625049 -28.547424668825624 275.6877267959415 -28.535122797033736 87.14370363367031 81.08450490866385 16000.0 16600.0 2016.0 2 58 {-999.0 13.629515 12.037959 11.205223 -999.0} sdss_psfmag_from_g3xp 12.91134 11.840396 10.760316 8.25 63050395265354379 1152041576 bright_1x1 mwm_galactic_core_dist_apogee_sparse mwm_galactic science 0 0 0.0 0.0 -999 ""
FIBERMAP 1073 R+13C13 BOSS 0 0 0 1 0 0 133.5906590721157 259.0364241594928 143.1 -264.1427370784344 123.15905208561614 27.232998 125.77209 -999.0 -999.0 -999.0 -999.0 -999.0 275.60691673806673 -28.545319431551484 275.6887976234017 -28.533016912188852 87.14239548316205 81.04639274041341 -999.0 5400.0 -999.0 1 96 {-999.0 -999.0 -999.0 -999.0 -999.0} "" -999.0 -999.0 -999.0 -999.0 -999 -999 "" "" "" "" 0 0 0.0 0.0 -999 ""
FIBERMAP 1073 R+13C13 METROLOGY 0 0 0 1 0 0 132.95462214808774 258.61150109301957 143.1 -263.6928282326166 122.54047484360629 27.232998 125.77209 -999.0 -999.0 -999.0 -999.0 -999.0 275.60835423746767 -28.547168008928402 275.690244423287 -28.534860966267626 87.14148106397647 81.0873959647057 -999.0 6231.0 -999.0 -1 -999 {-999.0 -999.0 -999.0 -999.0 -999.0} "" -999.0 -999.0 -999.0 -999.0 -999 -999 "" "" "" "" 0 0 0.0 0.0 -999 ""
FIBERMAP 1075 R-7C7 APOGEE 1 1 0 1 0 0 -77.45781030733251 -149.93942492614437 143.1 152.9003511020296 -71.41951889892675 281.3007 109.487816 277.0442100290059 -29.139711593182923 -0.9419621 -7.6424317 0.2119045 277.04420682252737 -29.139734315725658 277.1277500493303 -29.123617158553117 85.93256514101631 92.64631454195813 16000.0 16600.0 2016.0 2 267 {-999.0 14.479613 13.223142 12.643403 -999.0} sdss_psfmag_from_g3xp 13.992436 13.1537075 12.243838 10.145 63050395245561825 1152011019 bright_1x1 mwm_galactic_core_dist_apogee_sparse mwm_galactic science 0 0 0.0 0.0 -999 ""
FIBERMAP 1075 R-7C7 BOSS 0 0 0 1 0 0 -78.09045689193273 -150.31716489001622 143.1 153.30298112186622 -72.03658843712545 281.3007 109.487816 -999.0 -999.0 -999.0 -999.0 -999.0 277.0456855056371 -29.141628123531675 277.12921738706245 -29.125506784145404 85.93127024648894 92.67282474402532 -999.0 5400.0 -999.0 1 362 {-999.0 -999.0 -999.0 -999.0 -999.0} "" -999.0 -999.0 -999.0 -999.0 -999 -999 "" "" "" "" 0 0 0.0 0.0 -999 ""
FIBERMAP 1075 R-7C7 METROLOGY 0 0 0 1 0 0 -78.11816723732397 -149.58688692579875 143.1 152.57441620034967 -72.09337046202769 281.3007 109.487816 -999.0 -999.0 -999.0 -999.0 -999.0 277.0431802053744 -29.141815345285966 277.12671837171933 -29.125700528119314 85.93345182112681 92.67577768222156 -999.0 6231.0 -999.0 -1 -999 {-999.0 -999.0 -999.0 -999.0 -999.0} "" -999.0 -999.0 -999.0 -999.0 -999 -999 "" "" "" "" 0 0 0.0 0.0 -999 ""
FIBERMAP 1076 R-13C6 APOGEE 1 1 0 1 0 0 -16.7807036340774 -254.33018954827543 143.1 254.78663632815773 -6.634014445102887 21.380503 86.79313 277.39496039987176 -28.942340410278167 -2.422244 -7.606807 0.12296594 277.3949521702073 -28.942363026901614 277.4777263091989 -28.925357579290345 85.62302620532144 90.02667032178817 16000.0 16600.0 2016.0 2 263 {-999.0 15.1149645 13.703542 13.075018 -999.0} sdss_psfmag_from_g3xp 14.538465 13.618376 12.6722145 10.463 63050395246998220 1152012285 bright_1x1 mwm_galactic_core_dist_apogee_sparse mwm_galactic science 0 0 0.0 0.0 -999 ""
FIBERMAP 1076 R-13C6 BOSS 0 0 0 1 0 0 -16.540280460869713 -255.0549381766412 143.1 255.5012018960058 -6.364917284950508 21.380503 86.79313 -999.0 -999.0 -999.0 -999.0 -999.0 277.3974313803868 -28.941538565274442 277.4801833167995 -28.924527461716824 85.62084279335434 90.01698663319576 -999.0 5400.0 -999.0 1 357 {-999.0 -999.0 -999.0 -999.0 -999.0} "" -999.0 -999.0 -999.0 -999.0 -999 -999 "" "" "" "" 0 0 0.0 0.0 -999 ""
FIBERMAP 1076 R-13C6 METROLOGY 0 0 0 1 0 0 -17.282774144611892 -254.8974586228801 143.1 255.37343515077822 -7.113065834538839 21.380503 86.79313 -999.0 -999.0 -999.0 -999.0 -999.0 277.3970513298406 -28.943804854167936 277.47981637487567 -28.926794268490113 85.62125834515132 90.0464736914451 -999.0 6231.0 -999.0 -1 -999 {-999.0 -999.0 -999.0 -999.0 -999.0} "" -999.0 -999.0 -999.0 -999.0 -999 -999 "" "" "" "" 0 0 0.0 0.0 -999 ""
FIBERMAP 1077 R-13C11 APOGEE 1 1 0 1 0 0 61.84926469810752 -249.97860553033254 143.1 247.30600803471262 71.75700726648874 198.88783 87.56321 277.36788471082485 -28.705315773155878 -1.0210617 -6.404478 0.4504555 277.3678812496184 -28.70533481500429 277.44986073871445 -28.688427701912012 85.63107811141852 86.90426502485404 16000.0 16600.0 2016.0 2 159 {-999.0 16.790241 15.673792 15.229636 -999.0} sdss_psfmag_ps1 16.218111 15.680246 14.650246 12.832 63050395247034969 916996286 bright_3x1 mwm_yso_variable_apogee mwm_yso science 0 0 0.0 0.0 -999 ""
FIBERMAP 1077 R-13C11 BOSS 0 0 0 1 0 0 61.640997768277494 -249.27976723042488 143.1 246.61605005898696 71.52107181757249 198.88783 87.56321 -999.0 -999.0 -999.0 -999.0 -999.0 277.36555349346173 -28.706048028388025 277.4475176058801 -28.689148435624507 85.63319316358714 86.91110131036703 -999.0 5400.0 -999.0 1 351 {-999.0 -999.0 -999.0 -999.0 -999.0} "" -999.0 -999.0 -999.0 -999.0 -999 -999 "" "" "" "" 0 0 0.0 0.0 -999 ""
FIBERMAP 1077 R-13C11 METROLOGY 0 0 0 1 0 0 62.36428281481106 -249.4365505620107 143.1 246.743886448346 72.25000001174013 198.88783 87.56321 -999.0 -999.0 -999.0 -999.0 -999.0 277.36602052607265 -28.703830881944413 277.4479822860501 -28.686929899661745 85.63257462379191 86.88261406521138 -999.0 6231.0 -999.0 -1 -999 {-999.0 -999.0 -999.0 -999.0 -999.0} "" -999.0 -999.0 -999.0 -999.0 -999 -999 "" "" "" "" 0 0 0.0 0.0 -999 ""
FIBERMAP 1079 R+9C17 APOGEE 0 0 0 1 0 0 160.5687851974452 162.36655147089158 143.1 -168.6283134820406 153.96607474837657 248.17735 106.8352 -999.0 -999.0 -999.0 -999.0 -999.0 275.9351221547442 -28.4539726670505 276.01662841079315 -28.440823368841272 86.84200313546162 80.36155072112479 -999.0 16600.0 -999.0 2 -999 {-999.0 -999.0 -999.0 -999.0 -999.0} "" -999.0 -999.0 -999.0 -999.0 -999 -999 "" "" "" "" 0 0 0.0 0.0 -999 ""
FIBERMAP 1079 R+9C17 BOSS 1 1 0 1 0 0 159.8567425550291 162.39365932682264 143.1 -168.6270304488376 153.25354594478654 248.17735 106.8352 275.93508062452446 -28.456076783941292 0.028032172 -6.168737 0.119253114 275.9350807193233 -28.456095124882197 276.0165809023933 -28.44294800629231 86.84246121174147 80.39922102198778 5400.0 5400.0 2016.0 1 251 {-999.0 18.643875 18.373808 18.159367 -999.0} sdss_psfmag_ps1 18.460007 18.161146 17.652102 -999.0 63050395264202431 979783676 "" ops_std_boss ops_std standard_boss 0 0 0.0 0.0 -999 ""
FIBERMAP 1079 R+9C17 METROLOGY 0 0 0 1 0 0 160.24307106783488 163.03990763412784 143.1 -169.28813139354216 153.61380527553555 248.17735 106.8352 -999.0 -999.0 -999.0 -999.0 -999.0 275.93279231173756 -28.45497497493707 276.01429306249327 -28.441833295022235 86.8442150632535 80.37220293273572 -999.0 6231.0 -999.0 -1 -999 {-999.0 -999.0 -999.0 -999.0 -999.0} "" -999.0 -999.0 -999.0 -999.0 -999 -999 "" "" "" "" 0 0 0.0 0.0 -999 ""
FIBERMAP 1082 R-2C22 APOGEE 0 0 0 1 0 0 190.0729901760618 -29.607665828997142 143.1 22.010331291530512 191.0940619106655 154.16891 103.1409 -999.0 -999.0 -999.0 -999.0 -999.0 276.5919515514358 -28.343982429532634 276.67292317879094 -28.329135540111068 86.25393322754451 80.44784254358973 -999.0 16600.0 -999.0 2 -999 {-999.0 -999.0 -999.0 -999.0 -999.0} "" -999.0 -999.0 -999.0 -999.0 -999 -999 "" "" "" "" 0 0 0.0 0.0 -999 ""
FIBERMAP 1082 R-2C22 BOSS 1 1 0 1 0 0 190.2098694048646 -28.889898608062833 143.1 21.287709314667744 191.2022306310892 154.16891 103.1409 276.5895005617616 -28.34358243563859 -3.7964938 -1.9590213 0.24804652 276.5894877364501 -28.343588260216805 276.6704429732329 -28.32875065072881 86.25599479994264 80.43536448973758 5400.0 5400.0 2016.0 1 311 {-999.0 18.781277 17.778194 17.332596 -999.0} sdss_psfmag_ps1 18.393404 17.64412 16.79791 15.227 63050395264291461 980263435 "" ops_std_boss_red ops_std standard_boss 0 0 0.0 0.0 -999 ""
FIBERMAP 1082 R-2C22 METROLOGY 0 0 0 1 0 0 190.78257595862803 -29.371051725495256 143.1 21.745644122846155 191.7936290343698 154.16891 103.1409 -999.0 -999.0 -999.0 -999.0 -999.0 276.5910669631203 -28.341783504288895 276.67202023434504 -28.326941199424517 86.25427120609284 80.41249601128084 -999.0 6231.0 -999.0 -1 -999 {-999.0 -999.0 -999.0 -999.0 -999.0} "" -999.0 -999.0 -999.0 -999.0 -999 -999 "" "" "" "" 0 0 0.0 0.0 -999 ""
FIBERMAP 1084 R-6C17 APOGEE 1 1 0 1 0 0 118.380654517085 -116.92149150056086 143.1 112.10761155057196 122.94016124183149 203.80235 89.78996 276.902425260327 -28.550574978851152 1.2141864 -1.1296633 0.1649718 276.90242937012624 -28.55057833757573 276.9840144957663 -28.534899370262835 86.01923471618446 84.14853655620374 16000.0 16600.0 2016.0 2 209 {-999.0 14.755873 13.14689 12.258704 -999.0} sdss_psfmag_from_g3xp 14.055626 12.885857 11.819442 9.276 63050395263895102 1152039678 bright_1x1 mwm_galactic_core_dist_apogee_sparse mwm_galactic science 0 0 0.0 0.0 -999 ""
FIBERMAP 1084 R-6C17 BOSS 0 0 0 1 0 0 118.0475902154115 -116.26876073052053 143.1 111.4686946669817 122.58136945710635 203.80235 89.78996 -999.0 -999.0 -999.0 -999.0 -999.0 276.90029633774844 -28.551611341508778 276.9818687594719 -28.53593987536097 86.02124648688623 84.1595941414273 -999.0 5400.0 -999.0 1 295 {-999.0 -999.0 -999.0 -999.0 -999.0} "" -999.0 -999.0 -999.0 -999.0 -999 -999 "" "" "" "" 0 0 0.0 0.0 -999 ""
FIBERMAP 1084 R-6C17 METROLOGY 0 0 0 1 0 0 118.79954530736214 -116.29925012455354 143.1 111.4692002115548 123.3339121465963 203.80235 89.78996 -999.0 -999.0 -999.0 -999.0 -999.0 276.90030368681295 -28.54931921140187 276.9818731462075 -28.53364741341492 86.02092255422532 84.12688792973086 -999.0 6231.0 -999.0 -1 -999 {-999.0 -999.0 -999.0 -999.0 -999.0} "" -999.0 -999.0 -999.0 -999.0 -999 -999 "" "" "" "" 0 0 0.0 0.0 -999 ""
FIBERMAP 1088 R+6C21 APOGEE 1 1 0 1 0 0 214.45609166462364 129.89692942383303 143.1 -138.3326790357478 209.10205251737688 150.24535 89.27602 276.04105944284515 -28.288129338907513 -1.4546448 -0.94655246 0.7178734 276.0410545313275 -28.2881321532052 276.12197665457006 -28.274726339465683 86.71520150042981 77.83767686920307 16000.0 16600.0 2016.0 2 88 {-999.0 11.467546 11.425589 11.465685 -999.0} sdss_psfmag_from_g3xp 11.521903 11.382266 11.126149 10.684 63050395264364806 975029426 "" ops_std_apogee ops_std standard_apogee 0 0 0.0 0.0 -999 ""
FIBERMAP 1088 R+6C21 BOSS 0 0 0 1 0 0 214.8299799053375 130.5285107537947 143.1 -138.9786296059685 209.45046629380116 150.24535 89.27602 -999.0 -999.0 -999.0 -999.0 -999.0 276.03885578526 -28.287060131783903 276.119761512301 -28.273663122728255 86.71683920419301 77.81146742043484 -999.0 5400.0 -999.0 1 262 {-999.0 -999.0 -999.0 -999.0 -999.0} "" -999.0 -999.0 -999.0 -999.0 -999 -999 "" "" "" "" 0 0 0.0 0.0 -999 ""
FIBERMAP 1088 R+6C21 METROLOGY 0 0 0 1 0 0 215.20141935780867 129.8937325415913 143.1 -138.35917920109648 209.84688598233578 150.24535 89.27602 -999.0 -999.0 -999.0 -999.0 -999.0 276.04096211950036 -28.285837250160654 276.12186706076045 -28.2724340608479 86.71474333301269 77.79844521064888 -999.0 6231.0 -999.0 -1 -999 {-999.0 -999.0 -999.0 -999.0 -999.0} "" -999.0 -999.0 -999.0 -999.0 -999 -999 "" "" "" "" 0 0 0.0 0.0 -999 ""
FIBERMAP 1089 R+7C13 APOGEE 1 1 0 1 0 0 71.31539549593975 138.2571993225694 143.1 -140.98315019108813 65.74765490173499 25.671232 98.79508 276.0273742675781 -28.721338048544652 -999.0 -999.0 -999.0 276.0273742675781 -28.721338048544652 276.10976148898004 -28.707916924812118 86.80234952723946 85.3511606915603 16000.0 16600.0 2015.5 2 91 {-999.0 -999.0 -999.0 -999.0 -999.0} "" -999.0 -999.0 -999.0 -999.0 27021603147109652 848843983 "" ops_sky_apogee_good ops_sky sky_apogee 0 0 0.0 0.0 -999 ""
FIBERMAP 1089 R+7C13 BOSS 0 0 0 1 0 0 71.76238322227286 137.67872848206164 143.1 -140.42297009480632 66.21731653234973 25.671232 98.79508 -999.0 -999.0 -999.0 -999.0 -999.0 276.0292657760233 -28.719894807040912 276.11163406633034 -28.7064702665454 86.8005557661253 85.32868447196688 -999.0 5400.0 -999.0 1 156 {-999.0 -999.0 -999.0 -999.0 -999.0} "" -999.0 -999.0 -999.0 -999.0 -999 -999 "" "" "" "" 0 0 0.0 0.0 -999 ""
FIBERMAP 1089 R+7C13 METROLOGY 0 0 0 1 0 0 71.0200770165151 137.5782002972923 143.1 -140.2929517460885 65.47963451482424 25.671232 98.79508 -999.0 -999.0 -999.0 -999.0 -999.0 276.02967102125444 -28.722125854750317 276.11205061752116 -28.708699609688832 86.80044146583974 85.36910867477121 -999.0 6231.0 -999.0 -1 -999 {-999.0 -999.0 -999.0 -999.0 -999.0} "" -999.0 -999.0 -999.0 -999.0 -999 -999 "" "" "" "" 0 0 0.0 0.0 -999 ""
FIBERMAP 1090 R+2C22 APOGEE 0 0 0 1 0 0 194.2928043659845 32.424265235534925 143.1 -40.137986269733 192.83896090419864 188.33505 144.7762 -999.0 -999.0 -999.0 -999.0 -999.0 276.3780177037097 -28.338150659629857 276.4590244143782 -28.32386133176506 86.43711966063118 79.75977709734116 -999.0 16600.0 -999.0 2 -999 {-999.0 -999.0 -999.0 -999.0 -999.0} "" -999.0 -999.0 -999.0 -999.0 -999 -999 "" "" "" "" 0 0 0.0 0.0 -999 ""
FIBERMAP 1090 R+2C22 BOSS 1 1 0 1 0 0 193.60698565427717 32.72924946159945 143.1 -40.41539264104651 192.14156337013543 188.33505 144.7762 276.37704327611647 -28.340182084363043 2.8511417 -3.516976 1.2542585 276.37705290753263 -28.340192541065893 276.45805150602536 -28.325908311738065 86.43838731809818 79.78908781715808 5400.0 5400.0 2016.0 1 232 {-999.0 -999.0 -999.0 -999.0 -999.0} "" -999.0 15.472588 -999.0 12.66 63050395264271053 1095489161 bright_1x1 mwm_bin_vis_boss mwm_filler science 0 0 0.0 0.0 -999 ""
FIBERMAP 1090 R+2C22 METROLOGY 0 0 0 1 0 0 194.24179674918798 33.17052017844977 143.1 -40.8815866656016 192.75826450342382 188.33505 144.7762 -999.0 -999.0 -999.0 -999.0 -999.0 276.3754482715947 -28.338302720041714 276.4564455225286 -28.324022077883328 86.43937276413511 79.75461303991403 -999.0 6231.0 -999.0 -1 -999 {-999.0 -999.0 -999.0 -999.0 -999.0} "" -999.0 -999.0 -999.0 -999.0 -999 -999 "" "" "" "" 0 0 0.0 0.0 -999 ""
FIBERMAP 1097 R-1C6 APOGEE 0 0 0 1 0 0 -183.10454637050924 -24.491320132153295 143.1 31.765909050090578 -181.97608791326743 218.34848 95.080086 -999.0 -999.0 -999.0 -999.0 -999.0 276.6229156331668 -29.474633371468574 276.7077188945224 -29.45957262906882 86.28055895892929 97.88020557799445 -999.0 16600.0 -999.0 2 -999 {-999.0 -999.0 -999.0 -999.0 -999.0} "" -999.0 -999.0 -999.0 -999.0 -999 -999 "" "" "" "" 0 0 0.0 0.0 -999 ""
FIBERMAP 1097 R-1C6 BOSS 1 1 0 1 0 0 -183.6521582954609 -23.80764286257984 143.1 31.104619204735407 -182.55048132153755 218.34848 95.080086 276.6206359863281 -29.476426909012517 -999.0 -999.0 -999.0 276.6206359863281 -29.476426909012517 276.70543008600333 -29.46137046922683 86.28235894458884 97.91090334626446 5400.0 5400.0 2015.5 1 461 {-999.0 -999.0 -999.0 -999.0 -999.0} "" -999.0 -999.0 -999.0 -999.0 27021603147062585 852450857 "" ops_sky_boss_fallback ops_sky sky_boss 0 0 0.0 0.0 -999 ""
FIBERMAP 1097 R-1C6 METROLOGY 0 0 0 1 0 0 -182.90645730039876 -23.770030358831328 143.1 31.037328815319974 -181.80690074077626 218.34848 95.080086 -999.0 -999.0 -999.0 -999.0 -999.0 276.6204088571013 -29.47420483978782 276.70519990843286 -29.45914966139566 86.28278380694606 97.8771414215148 -999.0 6231.0 -999.0 -1 -999 {-999.0 -999.0 -999.0 -999.0 -999.0} "" -999.0 -999.0 -999.0 -999.0 -999 -999 "" "" "" "" 0 0 0.0 0.0 -999 ""
FIBERMAP 1102 R+4C17 APOGEE 1 1 0 1 0 0 101.02848039499987 77.35428865830339 143.1 -81.31482209395938 97.86237440048886 164.3979 132.644 276.234176855051 -28.62490794509955 -4.2118125 -8.27095 0.08870897 276.2341625887499 -28.624932536358347 276.3161720919302 -28.610984066491437 86.6106300024929 84.06619820766069 16000.0 16600.0 2016.0 2 66 {-999.0 15.604864 14.093082 13.387714 -999.0} sdss_psfmag_from_g3xp 14.964279 13.961734 12.972693 10.632 63050395264082895 1152039864 bright_1x1 mwm_galactic_core_dist_apogee_sparse mwm_galactic science 0 0 0.0 0.0 -999 ""
FIBERMAP 1102 R+4C17 BOSS 0 0 0 1 0 0 100.6748451861951 78.01219595550558 143.1 -81.95809162808924 97.48282262802363 164.3979 132.644 -999.0 -999.0 -999.0 -999.0 -999.0 276.2319006620386 -28.62602357905766 276.3139001286319 -28.612082586550095 86.61275485299478 84.08004672023213 -999.0 5400.0 -999.0 1 218 {-999.0 -999.0 -999.0 -999.0 -999.0} "" -999.0 -999.0 -999.0 -999.0 -999 -999 "" "" "" "" 0 0 0.0 0.0 -999 ""
FIBERMAP 1102 R+4C17 METROLOGY 0 0 0 1 0 0 101.4222264524453 77.98549788373442 143.1 -81.96119201941653 98.23064425737319 164.3979 132.644 -999.0 -999.0 -999.0 -999.0 -999.0 276.23189252334856 -28.623747172408184 276.3138883579297 -28.609805988698863 86.61245653115216 84.0418487967379 -999.0 6231.0 -999.0 -1 -999 {-999.0 -999.0 -999.0 -999.0 -999.0} "" -999.0 -999.0 -999.0 -999.0 -999 -999 "" "" "" "" 0 0 0.0 0.0 -999 ""
FIBERMAP 1110 R-12C9 APOGEE 0 0 0 1 0 0 36.20583948497817 -218.39328132661402 143.1 216.76867777132142 44.876586746873556 97.09477 55.545574 -999.0 -999.0 -999.0 -999.0 -999.0 277.26363367077454 -28.786853896763073 277.34591799409486 -28.77020801914313 85.72899129295203 87.88069405601044 -999.0 16600.0 -999.0 2 -999 {-999.0 -999.0 -999.0 -999.0 -999.0} "" -999.0 -999.0 -999.0 -999.0 -999 -999 "" "" "" "" 0 0 0.0 0.0 -999 ""
FIBERMAP 1110 R-12C9 BOSS 1 1 0 1 0 0 36.87433862216447 -218.71542181280373 143.1 217.06391611872186 45.55736266824531 97.09477 55.545574 277.26471284972166 -28.784767786434518 -2.557016 -4.3787913 0.23081896 277.2647041753252 -28.78478080549372 277.3469628890632 -28.768133652940513 85.72791587965251 87.85389152023961 5400.0 5400.0 2016.0 1 367 {-999.0 16.89273 16.559694 16.53222 -999.0} sdss_psfmag_ps1 16.771946 16.550312 16.108135 15.502 63050395247025531 978464690 "" ops_std_boss ops_std standard_boss 0 0 0.0 0.0 -999 ""
FIBERMAP 1110 R-12C9 METROLOGY 0 0 0 1 0 0 36.250045078090594 -219.13997007189795 143.1 217.51298260519835 44.95050407976229 97.09477 55.545574 -999.0 -999.0 -999.0 -999.0 -999.0 277.2662884799941 -28.786608581469128 277.3485581718671 -28.769956730059707 85.72666447243553 87.87975490229564 -999.0 6231.0 -999.0 -1 -999 {-999.0 -999.0 -999.0 -999.0 -999.0} "" -999.0 -999.0 -999.0 -999.0 -999 -999 "" "" "" "" 0 0 0.0 0.0 -999 ""
FIBERMAP 1117 R-12C14 APOGEE 1 1 0 1 0 0 152.56399649126817 -242.97365653577893 143.1 236.69276213190196 162.1170019589578 28.316648 45.32635 277.32932127955746 -28.432587206589876 -3.7722373 -3.9500043 0.13344894 277.3293085254856 -28.43259895077564 277.41038024790373 -28.415824246832393 85.6309020315491 83.29640899967369 16000.0 16600.0 2016.0 2 233 {-999.0 16.001846 14.390153 13.456672 -999.0} sdss_psfmag_from_g3xp 15.305657 14.093017 13.012662 10.5 63050395247150258 1152012499 bright_1x1 mwm_galactic_core_dist_apogee_sparse mwm_galactic science 0 0 0.0 0.0 -999 ""
FIBERMAP 1117 R-12C14 BOSS 0 0 0 1 0 0 152.40014829904305 -243.68660348866044 143.1 237.41164232329743 161.98169472401884 28.316648 45.32635 -999.0 -999.0 -999.0 -999.0 -999.0 277.33175580290055 -28.433023166921526 277.4128099121482 -28.416244635253424 85.62885811969642 83.30627857093151 -999.0 5400.0 -999.0 1 342 {-999.0 -999.0 -999.0 -999.0 -999.0} "" -999.0 -999.0 -999.0 -999.0 -999 -999 "" "" "" "" 0 0 0.0 0.0 -999 ""
FIBERMAP 1117 R-12C14 METROLOGY 0 0 0 1 0 0 151.8484640291926 -243.17232495624043 143.1 236.91977218369556 161.40998133240439 28.316648 45.32635 -999.0 -999.0 -999.0 -999.0 -999.0 277.3301439637452 -28.4347113326625 277.4112094127996 -28.41793605265276 85.6305144845975 83.32529020641505 -999.0 6231.0 -999.0 -1 -999 {-999.0 -999.0 -999.0 -999.0 -999.0} "" -999.0 -999.0 -999.0 -999.0 -999 -999 "" "" "" "" 0 0 0.0 0.0 -999 ""
FIBERMAP 1119 R-13C14 APOGEE 0 0 0 1 0 0 144.06332066813835 -272.04469245164256 143.1 266.07822608130664 154.78162618890065 314.73468 57.629925 -999.0 -999.0 -999.0 -999.0 -999.0 277.4297434481587 -28.454731701591527 277.5108615624964 -28.437693467976068 85.54696517097841 83.75453474438609 -999.0 16600.0 -999.0 2 -999 {-999.0 -999.0 -999.0 -999.0 -999.0} "" -999.0 -999.0 -999.0 -999.0 -999 -999 "" "" "" "" 0 0 0.0 0.0 -999 ""
FIBERMAP 1119 R-13C14 BOSS 1 1 0 1 0 0 143.32648888691443 -272.20506220958146 143.1 266.26781799110864 154.05179816082295 314.73468 57.629925 277.43039153055685 -28.456945916797338 -6.7590365 -4.5964036 0.25900903 277.4303686727439 -28.456959582861543 277.5114752321353 -28.43992197625636 85.54676694541828 83.7839554029788 5400.0 5400.0 2016.0 1 343 {-999.0 18.188711 17.696238 17.725405 -999.0} sdss_psfmag_ps1 18.072607 17.721632 17.245647 -999.0 63050395247141572 978464703 "" ops_std_boss ops_std standard_boss 0 0 0.0 0.0 -999 ""
FIBERMAP 1119 R-13C14 METROLOGY 0 0 0 1 0 0 143.55640198661902 -271.49466366410246 143.1 265.548852009225 154.25321673625834 314.73468 57.629925 -999.0 -999.0 -999.0 -999.0 -999.0 277.4279747064299 -28.456318891110485 277.5090851988032 -28.43928686359555 85.54874923975413 83.77179824861582 -999.0 6231.0 -999.0 -1 -999 {-999.0 -999.0 -999.0 -999.0 -999.0} "" -999.0 -999.0 -999.0 -999.0 -999 -999 "" "" "" "" 0 0 0.0 0.0 -999 ""
FIBERMAP 1120 R-8C16 APOGEE 0 0 0 1 0 0 147.2800351862695 -158.12278898870605 143.1 152.12317592933093 153.45692895372062 346.9912 117.13745 -999.0 -999.0 -999.0 -999.0 -999.0 277.03981080651954 -28.458471591514012 277.1210488937346 -28.44244624556687 85.88635000789154 83.10765841484192 -999.0 16600.0 -999.0 2 -999 {-999.0 -999.0 -999.0 -999.0 -999.0} "" -999.0 -999.0 -999.0 -999.0 -999 -999 "" "" "" "" 0 0 0.0 0.0 -999 ""
FIBERMAP 1120 R-8C16 BOSS 1 1 0 1 0 0 147.49107597851017 -158.86427307705668 143.1 152.85563361479186 153.69733498999543 346.9912 117.13745 277.04239238235135 -28.457694334093688 -4.1499844 -6.23491 0.12142393 277.04237834777086 -28.457712871780224 277.12359581475 -28.441683392192868 85.88401782515717 83.10211393586246 5400.0 5400.0 2016.0 1 293 {-999.0 16.740648 16.517727 16.555586 -999.0} sdss_psfmag_ps1 16.585785 16.44036 16.01659 -999.0 63050395266258561 981872633 "" ops_std_boss_tic ops_std standard_boss 0 0 0.0 0.0 -999 ""
FIBERMAP 1120 R-8C16 METROLOGY 0 0 0 1 0 0 146.75979279923592 -158.66023300953958 143.1 152.68089855230141 152.9585325917146 346.9912 117.13745 -999.0 -999.0 -999.0 -999.0 -999.0 277.0418096884163 -28.459921355146687 277.1230396941604 -28.44389239084302 85.88485071353871 83.13142474359506 -999.0 6231.0 -999.0 -1 -999 {-999.0 -999.0 -999.0 -999.0 -999.0} "" -999.0 -999.0 -999.0 -999.0 -999 -999 "" "" "" "" 0 0 0.0 0.0 -999 ""
FIBERMAP 1122 R-6C16 APOGEE 0 0 0 1 0 0 105.19013504713794 -130.20658309121188 143.1 125.90714314267515 110.28992993242998 260.4118 99.58963 -999.0 -999.0 -999.0 -999.0 -999.0 276.95008128997006 -28.588918523606296 277.0317829464673 -28.57311110802722 85.9827915534712 84.77234719743569 -999.0 16600.0 -999.0 2 -999 {-999.0 -999.0 -999.0 -999.0 -999.0} "" -999.0 -999.0 -999.0 -999.0 -999 -999 "" "" "" "" 0 0 0.0 0.0 -999 ""
FIBERMAP 1122 R-6C16 BOSS 1 1 0 1 0 0 104.43636321251608 -130.1954384830201 143.1 125.92603863093662 109.53634272533377 260.4118 99.58963 276.9502258300781 -28.591155061190094 -999.0 -999.0 -999.0 276.9502258300781 -28.591155061190097 277.0319179757307 -28.57534894360768 85.98296246249552 84.80424301849338 5400.0 5400.0 2015.5 1 291 {-999.0 -999.0 -999.0 -999.0 -999.0} "" -999.0 -999.0 -999.0 -999.0 27021603147109249 852462000 "" ops_sky_boss_fallback ops_sky sky_boss 0 0 0.0 0.0 -999 ""
FIBERMAP 1122 R-6C16 METROLOGY 0 0 0 1 0 0 104.81532462250713 -129.55926913154147 143.1 125.27530174690811 109.88964265005754 260.4118 99.58963 -999.0 -999.0 -999.0 -999.0 -999.0 276.9479920967651 -28.59007088290157 277.02968602027613 -28.574270155540972 85.98476728049731 84.78536359347942 -999.0 6231.0 -999.0 -1 -999 {-999.0 -999.0 -999.0 -999.0 -999.0} "" -999.0 -999.0 -999.0 -999.0 -999 -999 "" "" "" "" 0 0 0.0 0.0 -999 ""
FIBERMAP 1123 R-1C3 APOGEE 1 0 0 1 1 0 -237.13333457298208 -37.78344841232696 143.1 47.19949691756919 -235.430248986883 303.01044 71.74505 276.6444072884534 -29.664730712984905 2.5821612 -7.1550746 1.7824607 276.67612252913165 -29.635735463085492 276.76146546052416 -29.62051723078685 86.21458992316339 100.23464802394568 16000.0 16600.0 2016.0 2 248 {-999.0 10.720996 10.529195 10.485042 -999.0} sdss_psfmag_from_g3xp 10.730162 10.515336 10.152315 9.588 63050395244889670 975028955 "" ops_std_apogee ops_std standard_apogee 0 0 0.0 0.0 -999 ""
FIBERMAP 1123 R-1C3 BOSS 0 0 0 1 1 0 -237.880809438593 -38.00647224792877 143.1 47.452114680287046 -236.16821504046206 303.01044 71.74505 -999.0 -999.0 -999.0 -999.0 -999.0 276.6770166445554 -29.63798273260595 276.7623509112316 -29.622759891770755 86.21351000331023 100.26661679699038 -999.0 5400.0 -999.0 1 511 {-999.0 -999.0 -999.0 -999.0 -999.0} "" -999.0 -999.0 -999.0 -999.0 -999 -999 "" "" "" "" 0 0 0.0 0.0 -999 ""
FIBERMAP 1123 R-1C3 METROLOGY 0 0 0 1 1 0 -237.684800014907 -37.271621075642074 143.1 46.71006721117583 -236.00164607570332 303.01044 71.74505 -999.0 -999.0 -999.0 -999.0 -999.0 276.6744395464715 -29.63752066033495 276.7597775049843 -29.62230515316615 86.2157889770521 100.26461189159647 -999.0 6231.0 -999.0 -1 -999 {-999.0 -999.0 -999.0 -999.0 -999.0} "" -999.0 -999.0 -999.0 -999.0 -999 -999 "" "" "" "" 0 0 0.0 0.0 -999 ""
FIBERMAP 1124 R-4C19 APOGEE 1 1 0 1 0 0 155.6315423988546 -69.9800284003633 143.1 63.72119539329909 158.28980130789031 27.354141 168.61688 276.73552054452625 -28.443366164193883 4.51838 -5.1860304 0.49304166 276.7355358228914 -28.44338158334251 276.81680409802254 -28.428149381406882 86.14789653127195 82.27079704207299 16000.0 16600.0 2016.0 2 215 {-999.0 18.31475 15.944142 15.467808 -999.0} sdss_psfmag_ps1 12.691132 11.631638 10.617694 8.332 63050395263975661 1153378877 bright_1x1 mwm_galactic_core_dist_apogee_sparse mwm_galactic science 0 0 0.0 0.0 -999 ""
FIBERMAP 1124 R-4C19 BOSS 0 0 0 1 0 0 156.33714844411716 -69.76477538707574 143.1 63.47801005548198 158.9862430542567 27.354141 168.61688 -999.0 -999.0 -999.0 -999.0 -999.0 276.7347408958923 -28.441212587937645 276.815986062462 -28.42598516999422 86.14823577723223 82.23722554916901 -999.0 5400.0 -999.0 1 307 {-999.0 -999.0 -999.0 -999.0 -999.0} "" -999.0 -999.0 -999.0 -999.0 -999 -999 "" "" "" "" 0 0 0.0 0.0 -999 ""
FIBERMAP 1124 R-4C19 METROLOGY 0 0 0 1 0 0 156.17739877906868 -70.48660033455835 143.1 64.20559754912269 158.8553846339443 27.354141 168.61688 -999.0 -999.0 -999.0 -999.0 -999.0 276.73725304450693 -28.441594250622277 276.81850341315874 -28.426359551177978 86.14611854748948 82.24834826550608 -999.0 6231.0 -999.0 -1 -999 {-999.0 -999.0 -999.0 -999.0 -999.0} "" -999.0 -999.0 -999.0 -999.0 -999 -999 "" "" "" "" 0 0 0.0 0.0 -999 ""
FIBERMAP 1128 R+2C19 APOGEE 1 1 0 1 0 0 126.11625849272045 35.56709819754148 143.1 -40.56199643314051 124.59406076092164 156.75208 152.45796 276.3754210409219 -28.544421479397585 -3.0057654 -5.49016 0.22795251 276.37541086754817 -28.54443780278739 276.45711280129996 -28.53013098685326 86.47643558367305 83.03681284357558 16000.0 16600.0 2016.0 2 72 {-999.0 16.848232 14.691714 13.023776 -999.0} sdss_psfmag_ps1 15.590873 12.839711 11.381311 7.85 63050395264229379 1153378919 bright_1x1 mwm_galactic_core_dist_apogee_sparse mwm_galactic science 0 0 0.0 0.0 -999 ""
FIBERMAP 1128 R+2C19 BOSS 0 0 0 1 0 0 125.636749936364 36.13232667166639 143.1 -41.10764955418786 124.09243300748659 156.75208 152.45796 -999.0 -999.0 -999.0 -999.0 -999.0 276.3735106494103 -28.545887913331377 276.455203191775 -28.531587902915177 86.47831788491132 83.05603061281789 -999.0 5400.0 -999.0 1 229 {-999.0 -999.0 -999.0 -999.0 -999.0} "" -999.0 -999.0 -999.0 -999.0 -999 -999 "" "" "" "" 0 0 0.0 0.0 -999 ""
FIBERMAP 1128 R+2C19 METROLOGY 0 0 0 1 0 0 126.36477066814373 36.26398903040953 143.1 -41.26820696798784 124.8146010574774 156.75208 152.45796 -999.0 -999.0 -999.0 -999.0 -999.0 276.37295897195764 -28.543686446669255 276.4546484353185 -28.529387561529155 86.47845983742685 83.01941361469517 -999.0 6231.0 -999.0 -1 -999 {-999.0 -999.0 -999.0 -999.0 -999.0} "" -999.0 -999.0 -999.0 -999.0 -999 -999 "" "" "" "" 0 0 0.0 0.0 -999 ""
FIBERMAP 1133 R0C15 APOGEE 1 1 0 1 0 0 37.69033693582161 -14.562107255747685 143.1 13.048353005185744 38.23906828376732 19.638998 38.172573 276.559830638107 -28.8068411911871 -1.2789958 -6.6547546 0.07045929 276.55982629833477 -28.806860977159896 276.64236822863546 -28.792043176457575 86.34544489045011 87.49620464041176 16000.0 16600.0 2016.0 2 110 {-999.0 16.104181 14.458721 12.764084 -999.0} sdss_psfmag_from_g3xp 15.412096 13.4843445 12.186266 9.101 63050395263839723 1152039572 bright_1x1 mwm_galactic_core_dist_apogee_sparse mwm_galactic science 0 0 0.0 0.0 -999 ""
FIBERMAP 1133 R0C15 BOSS 0 0 0 1 0 0 37.28165972589922 -15.188767873767327 143.1 13.690772984369701 37.85569850707622 19.638998 38.172573 -999.0 -999.0 -999.0 -999.0 -999.0 276.5620748096845 -28.80800485183909 276.64460446880764 -28.793182137765005 86.34358073116724 87.5164299355996 -999.0 5400.0 -999.0 1 188 {-999.0 -999.0 -999.0 -999.0 -999.0} "" -999.0 -999.0 -999.0 -999.0 -999 -999 "" "" "" "" 0 0 0.0 0.0 -999 ""
FIBERMAP 1133 R0C15 METROLOGY 0 0 0 1 0 0 36.94681564648262 -14.49681302698551 143.1 13.012735644044675 37.49356571401511 19.638998 38.172573 -999.0 -999.0 -999.0 -999.0 -999.0 276.5597182924301 -28.809096272723764 276.64225669022665 -28.794279255701422 86.34571782824227 87.53105821414681 -999.0 6231.0 -999.0 -1 -999 {-999.0 -999.0 -999.0 -999.0 -999.0} "" -999.0 -999.0 -999.0 -999.0 -999 -999 "" "" "" "" 0 0 0.0 0.0 -999 ""
FIBERMAP 1134 R-4C17 APOGEE 1 1 0 1 0 0 124.01223661440386 -71.76969305692374 143.1 66.76910295398119 126.76816714485837 27.277842 115.724594 276.74605241472136 -28.53874448556341 -1.0761864 -4.9940667 0.11409553 276.7460487724357 -28.538759333964812 276.82763562005977 -28.52348853478526 86.15358789165717 83.6955589651497 16000.0 16600.0 2016.0 2 210 {-999.0 16.318504 14.695899 13.407106 -999.0} sdss_psfmag_from_g3xp 15.603075 14.114671 12.913184 10.152 63050395263959423 1152039794 bright_1x1 mwm_galactic_core_dist_apogee_sparse mwm_galactic science 0 0 0.0 0.0 -999 ""
FIBERMAP 1134 R-4C17 BOSS 0 0 0 1 0 0 124.60387630495691 -72.21565640491168 143.1 67.19112303102199 127.3770809096663 27.277842 115.724594 -999.0 -999.0 -999.0 -999.0 -999.0 276.74755635441284 -28.536858273019085 276.8291201977306 -28.521585887141576 86.15201917348371 83.67035118637642 -999.0 5400.0 -999.0 1 297 {-999.0 -999.0 -999.0 -999.0 -999.0} "" -999.0 -999.0 -999.0 -999.0 -999 -999 "" "" "" "" 0 0 0.0 0.0 -999 ""
FIBERMAP 1134 R-4C17 METROLOGY 0 0 0 1 0 0 123.91960060403963 -72.50831244841046 143.1 67.51079702988437 126.7050355097593 27.277842 115.724594 -999.0 -999.0 -999.0 -999.0 -999.0 276.7486637016899 -28.53888141474925 276.8302386719587 -28.523605305221004 86.1513423732788 83.70225794572576 -999.0 6231.0 -999.0 -1 -999 {-999.0 -999.0 -999.0 -999.0 -999.0} "" -999.0 -999.0 -999.0 -999.0 -999 -999 "" "" "" "" 0 0 0.0 0.0 -999 ""
FIBERMAP 1138 R+7C7 APOGEE 1 1 0 1 0 0 -95.89486702332832 135.04967649080282 143.1 -131.11652750068646 -101.19536630941907 214.67863 81.44711 276.05764132702654 -29.227716121530463 -1.952061 -5.59117 0.08617873 276.0576346764265 -29.227732745243816 276.1417381893464 -29.214173184467178 86.79094184152196 94.43188470400322 16000.0 16600.0 2016.0 2 44 {-999.0 15.669151 14.105113 12.960128 -999.0} sdss_psfmag_from_g3xp 15.006196 13.642558 12.490315 9.787 63050395263114471 1152038816 bright_1x1 mwm_galactic_core_dist_apogee_sparse mwm_galactic science 0 0 0.0 0.0 -999 ""
FIBERMAP 1138 R+7C7 BOSS 0 0 0 1 0 0 -96.20093468909022 135.72072117630435 143.1 -131.774818591186 -101.52791361241995 214.67863 81.44711 -999.0 -999.0 -999.0 -999.0 -999.0 276.0553005340712 -29.228762974603363 276.1393944364594 -29.215208813157545 86.79293723771266 94.45206598764156 -999.0 5400.0 -999.0 1 78 {-999.0 -999.0 -999.0 -999.0 -999.0} "" -999.0 -999.0 -999.0 -999.0 -999 -999 "" "" "" "" 0 0 0.0 0.0 -999 ""
FIBERMAP 1138 R+7C7 METROLOGY 0 0 0 1 0 0 -95.47385980819637 135.66295007235985 143.1 -131.74606284414548 -100.79914346161078 214.67863 81.44711 -999.0 -999.0 -999.0 -999.0 -999.0 276.05539104622045 -29.22656869083778 276.1394813174044 -29.213014716380478 86.7929629015663 94.41282598377609 -999.0 6231.0 -999.0 -1 -999 {-999.0 -999.0 -999.0 -999.0 -999.0} "" -999.0 -999.0 -999.0 -999.0 -999 -999 "" "" "" "" 0 0 0.0 0.0 -999 ""
FIBERMAP 1139 R-5C16 APOGEE 1 1 0 1 0 0 93.98189430005567 -77.72836117337414 143.1 73.91923164983696 97.00026731640996 167.19086 47.414238 276.77075894174453 -28.62894583682038 -6.592092 -9.042373 0.103659205 276.77073661207294 -28.628972721677666 276.85262129110237 -28.61362706280824 86.14395191876754 85.06934188509427 16000.0 16600.0 2016.0 2 206 {-999.0 15.345456 13.968542 13.341308 -999.0} sdss_psfmag_from_g3xp 14.787588 13.875003 12.932981 10.721 63050395263884730 1152039627 bright_1x1 mwm_galactic_core_dist_apogee_sparse mwm_galactic science 0 0 0.0 0.0 -999 ""
FIBERMAP 1139 R-5C16 BOSS 0 0 0 1 0 0 94.58339453380891 -77.2847285664759 143.1 73.45200483324456 97.58359127002886 167.19086 47.414238 -999.0 -999.0 -999.0 -999.0 -999.0 276.7691817178672 -28.62715074193986 276.8510443593634 -28.611811119466772 86.14510274215615 85.04001060654855 -999.0 5400.0 -999.0 1 290 {-999.0 -999.0 -999.0 -999.0 -999.0} "" -999.0 -999.0 -999.0 -999.0 -999 -999 "" "" "" "" 0 0 0.0 0.0 -999 ""
FIBERMAP 1139 R-5C16 METROLOGY 0 0 0 1 0 0 94.63430719634705 -78.07180611233831 143.1 74.23639756954884 97.66581919705445 167.19086 47.414238 -999.0 -999.0 -999.0 -999.0 -999.0 276.77189585247254 -28.62689601511465 276.8537615372844 -28.611548858652306 86.14270322902597 85.04050626366586 -999.0 6231.0 -999.0 -1 -999 {-999.0 -999.0 -999.0 -999.0 -999.0} "" -999.0 -999.0 -999.0 -999.0 -999 -999 "" "" "" "" 0 0 0.0 0.0 -999 ""
FIBERMAP 1141 R+13C2 APOGEE 1 1 0 1 0 0 -123.7537077431512 230.85729315168513 143.1 -225.73432588929967 -132.84801617254737 331.91647 37.077824 275.72978818779427 -29.320359842017638 -4.228616 -4.426126 0.15474391 275.72977376799065 -29.320373001812186 275.81427546266104 -29.307657087324394 87.06989772694857 96.52500791240868 16000.0 16600.0 2016.0 2 60 {-999.0 18.015278 16.082188 13.928322 -999.0} sdss_psfmag_ps1 17.057318 14.226015 12.753338 8.863 63050395263089365 1153378584 bright_1x1 mwm_galactic_core_dist_apogee_sparse mwm_galactic science 0 0 0.0 0.0 -999 ""
FIBERMAP 1141 R+13C2 BOSS 0 0 0 1 0 0 -124.49390438191482 230.90120941946657 143.1 -225.74871557484641 -133.58934515138617 331.91647 37.077824 -999.0 -999.0 -999.0 -999.0 -999.0 275.7297173464099 -29.322612697542038 275.8142142474254 -29.30989571815115 87.0697589379588 96.56872880991011 -999.0 5400.0 -999.0 1 100 {-999.0 -999.0 -999.0 -999.0 -999.0} "" -999.0 -999.0 -999.0 -999.0 -999 -999 "" "" "" "" 0 0 0.0 0.0 -999 ""
FIBERMAP 1141 R+13C2 METROLOGY 0 0 0 1 0 0 -124.08876388628197 231.5343361471798 143.1 -226.39745536587287 -133.2097667537824 331.91647 37.077824 -999.0 -999.0 -999.0 -999.0 -999.0 275.7274372055573 -29.321465058072228 275.81193428537165 -29.308754429544138 87.07183780915268 96.54982306200924 -999.0 6231.0 -999.0 -1 -999 {-999.0 -999.0 -999.0 -999.0 -999.0} "" -999.0 -999.0 -999.0 -999.0 -999 -999 "" "" "" "" 0 0 0.0 0.0 -999 ""
FIBERMAP 1146 R-1C11 APOGEE 1 1 0 1 0 0 -47.045250257720156 -32.91417994084049 143.1 34.76104589319888 -45.694690925423544 326.4346 92.36056 276.63447741430764 -29.06188681638926 3.7193186 6.1685934 5.0483413 276.6344900654507 -29.0618684758745 276.7178772539604 -29.046826399392543 86.29065626350287 91.50615045716083 16000.0 16600.0 2016.0 2 247 {-999.0 13.898087 12.706912 12.273757 -999.0} sdss_psfmag_from_g3xp 13.451169 12.729018 11.906796 10.237 63050395245537888 917142374 bright_3x1 mwm_yso_pms_apogee_zari18pms mwm_yso science 0 0 0.0 0.0 -999 ""
FIBERMAP 1146 R-1C11 BOSS 0 0 0 1 0 0 -47.406780601237195 -33.55201686941532 143.1 35.41275449759141 -46.03050788352303 326.4346 92.36056 -999.0 -999.0 -999.0 -999.0 -999.0 276.63679055182416 -29.06292003130389 276.7201663653416 -29.047871872347102 86.28866513420586 91.5225999558325 -999.0 5400.0 -999.0 1 508 {-999.0 -999.0 -999.0 -999.0 -999.0} "" -999.0 -999.0 -999.0 -999.0 -999 -999 "" "" "" "" 0 0 0.0 0.0 -999 ""
FIBERMAP 1146 R-1C11 METROLOGY 0 0 0 1 0 0 -47.7893234722296 -32.92709956292964 143.1 34.80359914259297 -46.43762886501757 326.4346 92.36056 -999.0 -999.0 -999.0 -999.0 -999.0 276.63467029182345 -29.06415687223984 276.71805539395393 -29.04911404478259 86.29052193581238 91.54153122181458 -999.0 6231.0 -999.0 -1 -999 {-999.0 -999.0 -999.0 -999.0 -999.0} "" -999.0 -999.0 -999.0 -999.0 -999 -999 "" "" "" "" 0 0 0.0 0.0 -999 ""
FIBERMAP 1147 R+8C8 APOGEE 0 0 0 1 0 0 -41.6704172775111 148.46175263964557 143.1 -146.67775849576992 -47.55048567957708 213.15413 174.37437 -999.0 -999.0 -999.0 -999.0 -999.0 276.00482131365817 -29.064786463719344 276.08838148941345 -29.05138369856757 86.84098159063005 91.51903283946666 -999.0 16600.0 -999.0 2 -999 {-999.0 -999.0 -999.0 -999.0 -999.0} "" -999.0 -999.0 -999.0 -999.0 -999 -999 "" "" "" "" 0 0 0.0 0.0 -999 ""
FIBERMAP 1147 R+8C8 BOSS 1 1 0 1 0 0 -42.33159197364366 148.09956316891288 143.1 -146.2895294200478 -48.19667907983243 213.15413 174.37437 276.00609409509974 -29.066767546127345 -0.7900656 -2.6478786 -0.007905942 276.00609140758905 -29.066775418822548 276.08964449733435 -29.053369151283878 86.83988502592565 91.55513108150932 5400.0 5400.0 2016.0 1 137 {-999.0 18.731434 18.141596 17.94253 -999.0} sdss_psfmag_ps1 18.30324 18.215143 17.27393 -999.0 63050395263152899 978465309 "" ops_std_boss ops_std standard_boss 0 0 0.0 0.0 -999 ""
FIBERMAP 1147 R+8C8 METROLOGY 0 0 0 1 0 0 -42.3061018955528 148.8559648707867 143.1 -147.04631583476592 -48.20134583791074 213.15413 174.37437 -999.0 -999.0 -999.0 -999.0 -999.0 276.003449518097 -29.066776178653868 276.0870071205194 -29.05337678331289 86.84219055435152 91.55512441046722 -999.0 6231.0 -999.0 -1 -999 {-999.0 -999.0 -999.0 -999.0 -999.0} "" -999.0 -999.0 -999.0 -999.0 -999 -999 "" "" "" "" 0 0 0.0 0.0 -999 ""
FIBERMAP 1154 R+2C15 APOGEE 1 1 0 1 0 0 37.96406540503947 18.1695172988034 143.1 -19.666879306257588 37.20851743898558 322.35672 26.581282 276.4464546199683 -28.809671860454934 -3.631848 -4.9212217 0.07845757 276.446442296377 -28.809686492272515 276.5290232116834 -28.795163507651047 86.44471224532498 87.42093553684646 16000.0 16600.0 2016.0 2 120 {-999.0 16.173319 14.382888 12.584554 -999.0} sdss_psfmag_from_g3xp 15.398283 13.34375 12.015477 8.892 63050395263773440 1152039605 bright_1x1 mwm_galactic_core_dist_apogee_sparse mwm_galactic science 0 0 0.0 0.0 -999 ""
FIBERMAP 1154 R+2C15 BOSS 0 0 0 1 0 0 37.22186812950238 18.272777163196835 143.1 -19.740483389794004 36.46282520110002 322.35672 26.581282 -999.0 -999.0 -999.0 -999.0 -999.0 276.44617870110767 -28.811925360223274 276.52875214969106 -28.797403842731907 86.44512565486659 87.45665086534814 -999.0 5400.0 -999.0 1 206 {-999.0 -999.0 -999.0 -999.0 -999.0} "" -999.0 -999.0 -999.0 -999.0 -999 -999 "" "" "" "" 0 0 0.0 0.0 -999 ""
FIBERMAP 1154 R+2C15 METROLOGY 0 0 0 1 0 0 37.68549400148712 18.856454256821866 143.1 -20.3421448858075 36.90281030728894 322.35672 26.581282 -999.0 -999.0 -999.0 -999.0 -999.0 276.4440926206691 -28.810580134367786 276.5266663471958 -28.79606391320247 86.4468423706734 87.43278147193752 -999.0 6231.0 -999.0 -1 -999 {-999.0 -999.0 -999.0 -999.0 -999.0} "" -999.0 -999.0 -999.0 -999.0 -999 -999 "" "" "" "" 0 0 0.0 0.0 -999 ""
FIBERMAP 1157 R+10C1 APOGEE 1 1 0 1 0 0 -184.5600516088384 178.60854636344845 143.1 -171.10658625993506 -191.52202132886802 273.14954 91.52557 275.91755174377636 -29.499362915209858 -4.7639894 -4.9991117 0.018626451 275.9175354696866 -29.499377778609972 276.00260585147623 -29.486151326233806 86.88699071919302 99.54593815267482 16000.0 16600.0 2016.0 2 46 {-999.0 21.501453 17.391949 14.938717 -999.0} sdss_psfmag_ps1 19.122114 15.015668 13.419247 8.001 63050395262988670 1153378554 bright_1x1 mwm_galactic_core_dist_apogee_sparse mwm_galactic science 0 0 0.0 0.0 -999 ""
FIBERMAP 1157 R+10C1 BOSS 0 0 0 1 0 0 -185.29293944322265 178.55263903154454 143.1 -171.0215267853957 -192.25207055610406 273.14954 91.52557 -999.0 -999.0 -999.0 -999.0 -999.0 275.9178253617271 -29.50158841146325 276.00289001259637 -29.488359347113047 86.88644443034109 99.58559225607826 -999.0 5400.0 -999.0 1 81 {-999.0 -999.0 -999.0 -999.0 -999.0} "" -999.0 -999.0 -999.0 -999.0 -999 -999 "" "" "" "" 0 0 0.0 0.0 -999 ""
FIBERMAP 1157 R+10C1 METROLOGY 0 0 0 1 0 0 -184.99993642033746 179.2142776136099 143.1 -171.69428701616 -191.98567204235763 273.14954 91.52557 -999.0 -999.0 -999.0 -999.0 -999.0 275.9154596272282 -29.500795642622855 276.0005259085866 -29.487573291839677 86.88859042633646 99.57643238222573 -999.0 6231.0 -999.0 -1 -999 {-999.0 -999.0 -999.0 -999.0 -999.0} "" -999.0 -999.0 -999.0 -999.0 -999 -999 "" "" "" "" 0 0 0.0 0.0 -999 ""
FIBERMAP 1160 R-9C13 APOGEE 1 1 0 1 0 0 59.29623879311283 -173.25319579357148 143.1 170.74630071490105 66.14931606918836 218.97293 63.92498 277.1050236912664 -28.722609597899986 -2.9682527 -6.009952 0.037201516 277.10501362778604 -28.722627466740015 277.1871246107103 -28.706401447851597 85.86220624063075 86.8497610346554 16000.0 16600.0 2016.0 2 185 {-999.0 18.239801 16.646997 13.145062 -999.0} sdss_psfmag_gaia 16.39312 13.808413 12.354707 8.691 63050395245710387 1154354360 bright_1x1 mwm_galactic_core_dist_apogee_sparse mwm_galactic science 0 0 0.0 0.0 -999 ""
FIBERMAP 1160 R-9C13 BOSS 0 0 0 1 0 0 59.237016058542224 -172.48824705745838 143.1 169.9843494123226 66.05966662803107 218.97293 63.92498 -999.0 -999.0 -999.0 -999.0 -999.0 277.1024735535344 -28.722876610818968 277.1845684924941 -28.706658630692033 85.86446246849857 86.850372186941 -999.0 5400.0 -999.0 1 379 {-999.0 -999.0 -999.0 -999.0 -999.0} "" -999.0 -999.0 -999.0 -999.0 -999 -999 "" "" "" "" 0 0 0.0 0.0 -999 ""
FIBERMAP 1160 R-9C13 METROLOGY 0 0 0 1 0 0 59.914064119369534 -172.8431965709174 143.1 170.31202882950825 66.7502914781516 218.97293 63.92498 -999.0 -999.0 -999.0 -999.0 -999.0 277.10361443989825 -28.720775398378365 277.1857069492403 -28.704554290699054 85.86326900515073 86.82263974582156 -999.0 6231.0 -999.0 -1 -999 {-999.0 -999.0 -999.0 -999.0 -999.0} "" -999.0 -999.0 -999.0 -999.0 -999 -999 "" "" "" "" 0 0 0.0 0.0 -999 ""
FIBERMAP 1161 R-13C7 APOGEE 1 1 0 1 0 0 -24.32874429025346 -239.73871357123605 143.1 240.50804873336745 -14.757094829932592 172.60468 75.98924 277.34606156285054 -28.96711654028463 -5.3573437 -6.972846 0.10298524 277.346043356721 -28.967137272008284 277.42891539516546 -28.950255966293067 85.66668078410918 90.33237777947 16000.0 16600.0 2016.0 2 264 {-999.0 14.931925 13.454136 12.752629 -999.0} sdss_psfmag_from_g3xp 14.319663 13.321894 12.33957 10.023 63050395245602102 1152011069 bright_1x1 mwm_galactic_core_dist_apogee_sparse mwm_galactic science 0 0 0.0 0.0 -999 ""
FIBERMAP 1161 R-13C7 BOSS 0 0 0 1 0 0 -24.021346661982733 -239.03901585875684 143.1 239.79668762180341 -14.477830018349147 172.60468 75.98924 -999.0 -999.0 -999.0 -999.0 -999.0 277.3436456136509 -28.966302653126146 277.4264969842267 -28.949428263172784 85.66876565877786 90.32041384598125 -999.0 5400.0 -999.0 1 358 {-999.0 -999.0 -999.0 -999.0 -999.0} "" -999.0 -999.0 -999.0 -999.0 -999 -999 "" "" "" "" 0 0 0.0 0.0 -999 ""
FIBERMAP 1161 R-13C7 METROLOGY 0 0 0 1 0 0 -23.582493769191455 -239.63227370636122 143.1 240.37196649050773 -14.015707312122567 172.60468 75.98924 -999.0 -999.0 -999.0 -999.0 -999.0 277.3456566657856 -28.9648986792244 277.4285079556397 -28.948019066840065 85.66695575073614 90.3026200155951 -999.0 6231.0 -999.0 -1 -999 {-999.0 -999.0 -999.0 -999.0 -999.0} "" -999.0 -999.0 -999.0 -999.0 -999 -999 "" "" "" "" 0 0 0.0 0.0 -999 ""
FIBERMAP 1164 R+8C9 APOGEE 0 0 0 1 0 0 -21.15539959413156 146.06742716136858 143.1 -145.10276264217225 -26.957185655311754 240.9684 148.61249 -999.0 -999.0 -999.0 -999.0 -999.0 276.010743192027 -29.002381076249737 276.0940892063328 -28.988970223811588 86.83511873247049 90.38885808585775 -999.0 16600.0 -999.0 2 -999 {-999.0 -999.0 -999.0 -999.0 -999.0} "" -999.0 -999.0 -999.0 -999.0 -999 -999 "" "" "" "" 0 0 0.0 0.0 -999 ""
FIBERMAP 1164 R+8C9 BOSS 1 1 0 1 0 0 -21.786963431391154 145.68916653682234 143.1 -144.6996555333043 -27.57315260567921 240.9684 148.61249 276.01205891367385 -29.00427117786362 0.9200475 0.3376382 0.28848323 276.0120620414402 -29.00427017399483 276.09540050827275 -28.990855943869867 86.83401644005733 90.42348745232039 5400.0 5400.0 2016.0 1 128 {-999.0 17.616623 17.422607 17.386993 -999.0} sdss_psfmag_ps1 17.51565 17.337322 16.878143 -999.0 63050395263735569 979783623 "" ops_std_boss ops_std standard_boss 0 0 0.0 0.0 -999 ""
FIBERMAP 1164 R+8C9 METROLOGY 0 0 0 1 0 0 -21.804185937663764 146.4396831179928 143.1 -145.44886003592626 -27.620261858979656 240.9684 148.61249 -999.0 -999.0 -999.0 -999.0 -999.0 276.0094471310971 -29.004398519830623 276.09279062940095 -28.990991004308626 86.83630181909564 90.42497283205057 -999.0 6231.0 -999.0 -1 -999 {-999.0 -999.0 -999.0 -999.0 -999.0} "" -999.0 -999.0 -999.0 -999.0 -999 -999 "" "" "" "" 0 0 0.0 0.0 -999 ""
FIBERMAP 1165 R+13C8 APOGEE 1 1 0 1 0 0 20.18671792372257 255.41461659903945 143.1 -256.00585699352456 9.99398382086389 344.92996 146.2919 275.6298018307015 -28.887429061060164 -0.5008656 -3.8631356 0.16815472 275.6298001298929 -28.88744054696757 275.71284733360824 -28.875036215015616 87.1635707926539 87.93639949279569 16000.0 16600.0 2016.0 2 99 {-999.0 16.681154 15.105699 14.078055 -999.0} sdss_psfmag_ps1 15.949022 14.510657 13.343352 10.651 63050395263555791 1153378708 bright_1x1 mwm_galactic_core_dist_apogee_sparse mwm_galactic science 0 0 0.0 0.0 -999 ""
FIBERMAP 1165 R+13C8 BOSS 0 0 0 1 0 0 20.697673954689506 254.89535253683783 143.1 -255.507382840225 10.525201567478696 344.92996 146.2919 -999.0 -999.0 -999.0 -999.0 -999.0 275.63152775389386 -28.885847596754175 275.71455707228847 -28.873439623099994 87.16197510435812 87.90613317637104 -999.0 5400.0 -999.0 1 173 {-999.0 -999.0 -999.0 -999.0 -999.0} "" -999.0 -999.0 -999.0 -999.0 -999 -999 "" "" "" "" 0 0 0.0 0.0 -999 ""
FIBERMAP 1165 R+13C8 METROLOGY 0 0 0 1 0 0 19.981190369764427 254.7042771842998 143.1 -255.2879216304224 9.816928098114667 344.92996 146.2919 -999.0 -999.0 -999.0 -999.0 -999.0 275.6321978802027 -28.887994674627368 275.71523777343486 -28.875584503086195 87.16151640398263 87.95012641000619 -999.0 6231.0 -999.0 -1 -999 {-999.0 -999.0 -999.0 -999.0 -999.0} "" -999.0 -999.0 -999.0 -999.0 -999 -999 "" "" "" "" 0 0 0.0 0.0 -999 ""
FIBERMAP 1166 R0C7 APOGEE 1 1 0 1 0 0 -142.71173431808194 -13.688163558690716 143.1 19.362484032620507 -142.0473683609186 4.119103 60.178905 276.5797931913883 -29.353858613116678 -0.514399 -7.259668 0.8302065 276.58012444883576 -29.353880197622676 276.66452473055193 -29.338945094184393 86.32839825002944 96.06554609834664 16000.0 16600.0 2016.0 2 277 {-999.0 11.181717 9.620591 8.59192 -999.0} sdss_psfmag_from_g3xp 10.517145 9.258862 8.155869 5.647 63050395245460679 1152010814 bright_1x1 mwm_galactic_core_dist_apogee_sparse mwm_galactic science 0 0 1.0449228286743164 0.0 -999 ""
FIBERMAP 1166 R0C7 BOSS 0 0 0 1 0 0 -143.109639942574 -14.298465909506461 143.1 19.98813023963005 -142.42062726046402 4.119103 60.178905 -999.0 -999.0 -999.0 -999.0 -999.0 276.5823238410054 -29.35507978147593 276.6667121555222 -29.340137825190524 86.32641229544801 96.08202821808646 -999.0 5400.0 -999.0 1 450 {-999.0 -999.0 -999.0 -999.0 -999.0} "" -999.0 -999.0 -999.0 -999.0 -999 -999 "" "" "" "" 0 0 0.0 0.0 -999 ""
FIBERMAP 1166 R0C7 METROLOGY 0 0 0 1 0 0 -143.4490385157659 -13.620933614998783 143.1 19.32468487759226 -142.78673614424417 4.119103 60.178905 -999.0 -999.0 -999.0 -999.0 -999.0 276.58000928496205 -29.356199115105433 276.66440651960056 -29.341263322804306 86.32833769395259 96.1017702141433 -999.0 6231.0 -999.0 -1 -999 {-999.0 -999.0 -999.0 -999.0 -999.0} "" -999.0 -999.0 -999.0 -999.0 -999 -999 "" "" "" "" 0 0 0.0 0.0 -999 ""
FIBERMAP 1171 R+5C19 APOGEE 0 0 0 1 0 0 183.62073411426886 93.94624079625525 143.1 -101.18347043544414 179.72471209465334 7.91847 97.01866 -999.0 -999.0 -999.0 -999.0 -999.0 276.16768884870567 -28.377081088756132 276.2488791283797 -28.363334913790407 86.62623727578732 79.7567186589431 -999.0 16600.0 -999.0 2 -999 {-999.0 -999.0 -999.0 -999.0 -999.0} "" -999.0 -999.0 -999.0 -999.0 -999 -999 "" "" "" "" 0 0 0.0 0.0 -999 ""
FIBERMAP 1171 R+5C19 BOSS 1 1 0 1 0 0 183.83437840669146 93.20545470399334 143.1 -100.45181388923673 179.96769165116558 7.91847 97.01866 276.17019653320307 -28.376307083734233 -999.0 -999.0 -999.0 276.17019653320307 -28.37630708373423 276.25136951941965 -28.36255711177465 86.62393169888496 79.7515746250668 5400.0 5400.0 2015.5 1 212 {-999.0 -999.0 -999.0 -999.0 -999.0} "" -999.0 -999.0 -999.0 -999.0 27021603147110319 852462275 "" ops_sky_boss_fallback ops_sky sky_boss 0 0 0.0 0.0 -999 ""
FIBERMAP 1171 R+5C19 METROLOGY 0 0 0 1 0 0 183.09173353367268 93.41741511370473 143.1 -100.63401003055287 179.2172214826311 7.91847 97.01866 -999.0 -999.0 -999.0 -999.0 -999.0 276.16952929198067 -28.37854505893533 276.250713967049 -28.364795806432934 86.62496299073798 79.78671444162262 -999.0 6231.0 -999.0 -1 -999 {-999.0 -999.0 -999.0 -999.0 -999.0} "" -999.0 -999.0 -999.0 -999.0 -999 -999 "" "" "" "" 0 0 0.0 0.0 -999 ""
FIBERMAP 1173 R-8C17 APOGEE 1 1 0 1 0 0 145.02044656705715 -153.96257680274246 143.1 148.05645691560784 151.0334790138405 165.34236 125.351395 277.02589053001554 -28.46576220135658 -5.569182 -4.35676 0.12767889 277.0258716945002 -28.46577515491109 277.1071380721666 -28.44978519118118 85.89958677962349 83.18187430445197 16000.0 16600.0 2016.0 2 221 {-999.0 15.680527 14.051803 12.454414 -999.0} sdss_psfmag_from_g3xp 15.001572 13.175575 11.898216 8.858 63050395266266278 1152042716 bright_1x1 mwm_galactic_core_dist_apogee_sparse mwm_galactic science 0 0 0.0 0.0 -999 ""
FIBERMAP 1173 R-8C17 BOSS 0 0 0 1 0 0 144.78847413741218 -153.24285286368996 143.1 147.346575162954 150.77302573660222 165.34236 125.351395 -999.0 -999.0 -999.0 -999.0 -999.0 277.0234923024503 -28.46652116367799 277.10474461848366 -28.450539709898383 85.90178361643093 83.18767140816067 -999.0 5400.0 -999.0 1 319 {-999.0 -999.0 -999.0 -999.0 -999.0} "" -999.0 -999.0 -999.0 -999.0 -999 -999 "" "" "" "" 0 0 0.0 0.0 -999 ""
FIBERMAP 1173 R-8C17 METROLOGY 0 0 0 1 0 0 145.52134823045895 -153.41401726982542 143.1 147.4883985988386 151.51210793229615 165.34236 125.351395 -999.0 -999.0 -999.0 -999.0 -999.0 277.0239892482971 -28.464267619275557 277.1052387391919 -28.448284461153857 85.90099968420627 83.15746732560132 -999.0 6231.0 -999.0 -1 -999 {-999.0 -999.0 -999.0 -999.0 -999.0} "" -999.0 -999.0 -999.0 -999.0 -999 -999 "" "" "" "" 0 0 0.0 0.0 -999 ""
FIBERMAP 1175 R-8C4 APOGEE 0 0 0 1 0 0 -153.22506125842517 -154.41487555343105 143.1 160.39069002028816 -146.94527576790412 218.28409 68.80654 -999.0 -999.0 -999.0 -999.0 -999.0 277.07004593180227 -29.36817768674616 277.1543622512602 -29.35196636196449 85.90148902086328 95.84071269269589 -999.0 16600.0 -999.0 2 -999 {-999.0 -999.0 -999.0 -999.0 -999.0} "" -999.0 -999.0 -999.0 -999.0 -999 -999 "" "" "" "" 0 0 0.0 0.0 -999 ""
FIBERMAP 1175 R-8C4 BOSS 1 1 0 1 0 0 -153.44500019701908 -153.72126265356647 143.1 159.70641810775373 -147.19266530764392 218.28409 68.80654 277.0677579055711 -29.36894706257003 -7.7867436 -6.6153502 0.20145099 277.06773133970216 -29.368966731382784 277.1520333462882 -29.352760378804778 85.90346563492514 95.85356998373727 5400.0 5400.0 2016.0 1 490 {-999.0 18.913979 18.425995 18.263882 -999.0} sdss_psfmag_gaia 18.736519 18.45948 17.853779 -999.0 63050395245182718 978637119 "" ops_std_boss ops_std standard_boss 0 0 0.0 0.0 -999 ""
FIBERMAP 1175 R-8C4 METROLOGY 0 0 0 1 0 0 -152.71850619705026 -153.86451186768173 143.1 159.8206038199622 -146.46107004506317 218.28409 68.80654 -999.0 -999.0 -999.0 -999.0 -999.0 277.0681518897972 -29.366776565106516 277.15245133587075 -29.350569650561518 85.9032379141961 95.8226470011877 -999.0 6231.0 -999.0 -1 -999 {-999.0 -999.0 -999.0 -999.0 -999.0} "" -999.0 -999.0 -999.0 -999.0 -999 -999 "" "" "" "" 0 0 0.0 0.0 -999 ""
FIBERMAP 1180 R+3C19 APOGEE 0 0 0 1 0 0 128.48751411323542 52.9848696713846 143.1 -58.0597141942868 126.2694024720983 232.33777 76.715385 -999.0 -999.0 -999.0 -999.0 -999.0 276.3150338221663 -28.539170496992043 276.39673336417854 -28.525021509696995 86.52803771541183 82.8184434947226 -999.0 16600.0 -999.0 2 -999 {-999.0 -999.0 -999.0 -999.0 -999.0} "" -999.0 -999.0 -999.0 -999.0 -999 -999 "" "" "" "" 0 0 0.0 0.0 -999 ""
FIBERMAP 1180 R+3C19 BOSS 1 1 0 1 0 0 128.02749434925352 53.60455480317292 143.1 -58.660555004049954 125.78507766593825 232.33777 76.715385 276.3129362730571 -28.54057033816492 -0.5672225 0.7406018 1.0858681 276.31293435329513 -28.54056813620143 276.39462418330845 -28.526426517652478 86.53008896550924 82.8365411394587 5400.0 5400.0 2016.0 1 225 {-999.0 18.243607 16.851372 16.28216 -999.0} sdss_psfmag_ps1 17.525198 16.767721 15.788717 13.872 63050395264232466 1094858925 bright_1x1 mwm_bin_vis_boss mwm_filler science 0 0 0.0 0.0 -999 ""
FIBERMAP 1180 R+3C19 METROLOGY 0 0 0 1 0 0 128.75617602327696 53.68295204108672 143.1 -58.76791805189196 126.51002822696906 232.33777 76.715385 -999.0 -999.0 -999.0 -999.0 -999.0 276.3125662198079 -28.538359095540674 276.3942531740091 -28.524218101253087 86.53006277943788 82.79966040154198 -999.0 6231.0 -999.0 -1 -999 {-999.0 -999.0 -999.0 -999.0 -999.0} "" -999.0 -999.0 -999.0 -999.0 -999 -999 "" "" "" "" 0 0 0.0 0.0 -999 ""
FIBERMAP 1181 R-7C8 APOGEE 1 1 0 1 0 0 -60.546113479751604 -155.25850605187978 143.1 157.54122223879824 -54.31001027489373 306.33173 57.06895 277.0602518717712 -29.087830922593678 -3.3676302 -5.575985 0.12738834 277.06024041399667 -29.087847501158898 277.14360252043787 -29.071694779659932 85.91872810443621 91.9154767463652 16000.0 16600.0 2016.0 2 270 {-999.0 16.632769 15.009967 13.988722 -999.0} sdss_psfmag_ps1 15.932777 14.460979 13.279143 10.578 63050395245577866 1153377086 bright_1x1 mwm_galactic_core_dist_apogee_sparse mwm_galactic science 0 0 0.0 0.0 -999 ""
FIBERMAP 1181 R-7C8 BOSS 0 0 0 1 0 0 -61.29470188696586 -155.12998976927747 143.1 157.4426374277975 -55.063094547860175 306.33173 57.06895 -999.0 -999.0 -999.0 -999.0 -999.0 277.05998883359325 -29.09015208070102 277.14334139324524 -29.073999823809874 85.91896983310853 91.94784558669846 -999.0 5400.0 -999.0 1 372 {-999.0 -999.0 -999.0 -999.0 -999.0} "" -999.0 -999.0 -999.0 -999.0 -999 -999 "" "" "" "" 0 0 0.0 0.0 -999 ""
FIBERMAP 1181 R-7C8 METROLOGY 0 0 0 1 0 0 -60.81138676871039 -154.56052581590575 143.1 156.85439278498023 -54.60287035445265 306.33173 57.06895 -999.0 -999.0 -999.0 -999.0 -999.0 277.0579698978005 -29.088768519010106 277.14132327155096 -29.072621654069895 85.92072573547 91.92833432961118 -999.0 6231.0 -999.0 -1 -999 {-999.0 -999.0 -999.0 -999.0 -999.0} "" -999.0 -999.0 -999.0 -999.0 -999 -999 "" "" "" "" 0 0 0.0 0.0 -999 ""
FIBERMAP 1188 R+1C9 APOGEE 1 1 0 1 0 0 -106.687831466489 36.14150599654257 143.1 -31.860845900735494 -108.03875821835501 142.49329 79.5313 276.40228271484375 -29.25038576486068 -999.0 -999.0 -999.0 276.40228271484375 -29.25038576486068 276.4863757310613 -29.23592582794212 86.48949210160598 94.56709405355348 16000.0 16600.0 2015.5 2 28 {-999.0 -999.0 -999.0 -999.0 -999.0} "" -999.0 -999.0 -999.0 -999.0 27021603147062946 848836124 "" ops_sky_apogee_good ops_sky sky_apogee 0 0 0.0 0.0 -999 ""
FIBERMAP 1188 R+1C9 BOSS 0 0 0 1 0 0 -106.15444960978364 36.64167401616054 143.1 -32.38184709597107 -107.52574824263392 142.49329 79.5313 -999.0 -999.0 -999.0 -999.0 -999.0 276.4004721420371 -29.24888225497764 276.48454543943046 -29.234426614931326 86.49115570176606 94.54381413507656 -999.0 5400.0 -999.0 1 46 {-999.0 -999.0 -999.0 -999.0 -999.0} "" -999.0 -999.0 -999.0 -999.0 -999 -999 "" "" "" "" 0 0 0.0 0.0 -999 ""
FIBERMAP 1188 R+1C9 METROLOGY 0 0 0 1 0 0 -105.97788308439846 35.935104474790435 143.1 -31.682901360054064 -107.32117874229164 142.49329 79.5313 -999.0 -999.0 -999.0 -999.0 -999.0 276.4028977666704 -29.248281949278518 276.4869726406557 -29.233820234509228 86.48906716074558 94.53235869313164 -999.0 6231.0 -999.0 -1 -999 {-999.0 -999.0 -999.0 -999.0 -999.0} "" -999.0 -999.0 -999.0 -999.0 -999 -999 "" "" "" "" 0 0 0.0 0.0 -999 ""
FIBERMAP 1191 R0C18 APOGEE 0 0 0 1 0 0 80.55052967610231 -1.712277493560224 143.1 -1.4983404886998808 80.55156985375022 152.74951 149.89703 -999.0 -999.0 -999.0 -999.0 -999.0 276.50985861037543 -28.67832250461733 276.5919783738253 -28.6636499050858 86.37702492897904 85.41525038652941 -999.0 16600.0 -999.0 2 -999 {-999.0 -999.0 -999.0 -999.0 -999.0} "" -999.0 -999.0 -999.0 -999.0 -999 -999 "" "" "" "" 0 0 0.0 0.0 -999 ""
FIBERMAP 1191 R0C18 BOSS 1 1 0 1 0 0 80.15853300703084 -1.0716155030365366 143.1 -2.1228507508714967 80.13437567920336 152.74951 149.89703 276.50766213570375 -28.679502438952397 13.54363 -10.252677 2.047523 276.5077080347396 -28.67953292229064 276.5898164438283 -28.66486736732646 86.37904861338978 85.4309640090863 5400.0 5400.0 2016.0 1 252 {-999.0 16.531235 15.360707 14.965037 -999.0} sdss_psfmag_ps1 16.01674 15.318013 14.506985 12.897 63050395263913588 1094631202 bright_1x1 mwm_bin_vis_boss mwm_filler science 0 0 0.0 0.0 -999 ""
FIBERMAP 1191 R0C18 METROLOGY 0 0 0 1 0 0 80.90454889333664 -1.0533627717449576 143.1 -2.1708100591352357 80.87904219559366 152.74951 149.89703 -999.0 -999.0 -999.0 -999.0 -999.0 276.50754473561136 -28.677266772925243 276.58965051620544 -28.662601437016765 86.37893390659627 85.39505788052134 -999.0 6231.0 -999.0 -1 -999 {-999.0 -999.0 -999.0 -999.0 -999.0} "" -999.0 -999.0 -999.0 -999.0 -999 -999 "" "" "" "" 0 0 0.0 0.0 -999 ""
FIBERMAP 1195 R-8C11 APOGEE 0 0 0 1 0 0 21.73211542621047 -167.1917011334021 143.1 166.1864424596374 28.3750265002108 256.75958 127.57586 -999.0 -999.0 -999.0 -999.0 -999.0 277.08967128489087 -28.837115305677465 277.17217389492725 -28.820915660555954 85.88453149803047 88.42120720986611 -999.0 16600.0 -999.0 2 -999 {-999.0 -999.0 -999.0 -999.0 -999.0} "" -999.0 -999.0 -999.0 -999.0 -999 -999 "" "" "" "" 0 0 0.0 0.0 -999 ""
FIBERMAP 1195 R-8C11 BOSS 1 1 0 1 0 0 21.052826102368954 -167.49891962517725 143.1 166.52046810108803 27.708543497020543 256.75958 127.57586 277.0909227909412 -28.839108268066727 -0.70229167 -4.7968183 0.10970389 277.09092040725045 -28.839122530007373 277.1734118545228 -28.822920431979746 85.88358346938465 88.45008712682156 5400.0 5400.0 2016.0 1 396 {-999.0 15.540919 15.300379 15.282221 -999.0} sdss_psfmag_ps1 15.484398 15.271065 14.878785 14.178 63050395245687273 1093353037 bright_3x1 mwm_astar_core_boss mwm_ob science 0 0 0.0 0.0 -999 ""
FIBERMAP 1195 R-8C11 METROLOGY 0 0 0 1 0 0 21.12817927831152 -166.75038566114097 143.1 165.76955628159214 27.754011707803425 256.75958 127.57586 -999.0 -999.0 -999.0 -999.0 -999.0 277.08834711804167 -28.838984583465926 277.170843834161 -28.822788897786094 85.88581957353155 88.44616740981138 -999.0 6231.0 -999.0 -1 -999 {-999.0 -999.0 -999.0 -999.0 -999.0} "" -999.0 -999.0 -999.0 -999.0 -999 -999 "" "" "" "" 0 0 0.0 0.0 -999 ""
FIBERMAP 1196 R-12C2 APOGEE 1 1 0 1 0 0 -123.22911883790782 -225.8579063837978 143.1 230.57907870759757 -114.12800881966778 33.709534 115.99116 277.3126269751722 -29.26781168461088 -2.7924688 -4.728179 0.09426686 277.31261745760526 -29.26782574247233 277.3965225020525 -29.250995759647576 85.69536895814913 94.32613267030968 16000.0 16600.0 2016.0 2 153 {-999.0 16.332106 14.365714 12.68792 -999.0} sdss_psfmag_gaia 15.137865 13.419474 12.1582985 9.219 63050395245289982 1154354310 bright_1x1 mwm_galactic_core_dist_apogee_sparse mwm_galactic science 0 0 0.0 0.0 -999 ""
FIBERMAP 1196 R-12C2 BOSS 0 0 0 1 0 0 -122.57284120967638 -226.18787317820212 143.1 230.88262374971038 -113.45913240901648 33.709534 115.99116 -999.0 -999.0 -999.0 -999.0 -999.0 277.31369020251987 -29.265804010562103 277.3975695804497 -29.248970941289407 85.69452357574549 94.29876739884764 -999.0 5400.0 -999.0 1 434 {-999.0 -999.0 -999.0 -999.0 -999.0} "" -999.0 -999.0 -999.0 -999.0 -999 -999 "" "" "" "" 0 0 0.0 0.0 -999 ""
FIBERMAP 1196 R-12C2 METROLOGY 0 0 0 1 0 0 -123.21950370012597 -226.59763498946816 143.1 231.31780731469118 -114.08893039096412 33.709534 115.99116 -999.0 -999.0 -999.0 -999.0 -999.0 277.3152334129953 -29.26771718123965 277.3991241213731 -29.250880022592153 85.69310425900261 94.32357523883866 -999.0 6231.0 -999.0 -1 -999 {-999.0 -999.0 -999.0 -999.0 -999.0} "" -999.0 -999.0 -999.0 -999.0 -999 -999 "" "" "" "" 0 0 0.0 0.0 -999 ""
FIBERMAP 1197 R-12C11 APOGEE 0 0 0 1 0 0 62.457671556028515 -241.46277823991545 143.1 238.7730434824432 72.02563014981583 210.21797 143.86705 -999.0 -999.0 -999.0 -999.0 -999.0 277.33864798026843 -28.704574347415782 277.4206332442384 -28.687743265374362 85.65653358124679 86.86287819164153 -999.0 16600.0 -999.0 2 -999 {-999.0 -999.0 -999.0 -999.0 -999.0} "" -999.0 -999.0 -999.0 -999.0 -999 -999 "" "" "" "" 0 0 0.0 0.0 -999 ""
FIBERMAP 1197 R-12C11 BOSS 1 1 0 1 0 0 61.710121221550985 -241.37020429303803 143.1 238.71032967414394 71.27501505187327 210.21797 143.86705 277.3384832433695 -28.706826322534717 1.5110469 -3.675016 0.06210747 277.338488365607 -28.706837249123097 277.4204628076507 -28.69000787566198 85.6568998361191 86.89245342935517 5400.0 5400.0 2016.0 1 369 {-999.0 17.91189 17.276798 17.00655 16.832981} sdss_psfmag_from_ps1dr2 17.7426 17.2536 16.6434 15.383 63050395247035658 1039871100 "" ops_std_boss_ps1dr2 ops_std standard_boss 0 0 0.0 0.0 -999 ""
FIBERMAP 1197 R-12C11 METROLOGY 0 0 0 1 0 0 62.153918232708946 -240.77923443344184 143.1 238.1021714900505 71.69489728532093 210.21797 143.86705 -999.0 -999.0 -999.0 -999.0 -999.0 277.336437122333 -28.70555902468645 277.4184130916193 -28.688734691553073 85.65856751800064 86.87343750352181 -999.0 6231.0 -999.0 -1 -999 {-999.0 -999.0 -999.0 -999.0 -999.0} "" -999.0 -999.0 -999.0 -999.0 -999 -999 "" "" "" "" 0 0 0.0 0.0 -999 ""
FIBERMAP 1199 R+1C1 APOGEE 1 1 0 1 0 0 -302.0976805093939 16.64855921382282 143.1 -4.598889672347201 -302.5090250532212 266.68375 12.013523 276.4950960227277 -29.8365364716607 -8.127111 -5.7885475 0.08608862 276.4950681667749 -29.83655368221628 276.58115276141757 -29.82178301612538 86.3342646225678 103.70114979600993 16000.0 16600.0 2016.0 2 10 {-999.0 15.38105 14.044228 13.443292 -999.0} sdss_psfmag_from_g3xp 14.857752 13.965653 13.042945 10.884 63050395244843525 1152010298 bright_1x1 mwm_galactic_core_dist_apogee_sparse mwm_galactic science 0 0 0.0 0.0 -999 ""
FIBERMAP 1199 R+1C1 BOSS 0 0 0 1 0 0 -302.2568211858485 17.394712475694742 143.1 -5.338080374544858 -302.69776028094714 266.68375 12.013523 -999.0 -999.0 -999.0 -999.0 -999.0 276.49250927786085 -29.837056262160804 276.5785808273233 -29.822289412242853 86.33634705659044 103.71598246737994 -999.0 5400.0 -999.0 1 12 {-999.0 -999.0 -999.0 -999.0 -999.0} "" -999.0 -999.0 -999.0 -999.0 -999 -999 "" "" "" "" 0 0 0.0 0.0 -999 ""
FIBERMAP 1199 R+1C1 METROLOGY 0 0 0 1 0 0 -301.53832062675457 17.139726190384327 143.1 -5.11193231417853 -301.96970010901595 266.68375 12.013523 -999.0 -999.0 -999.0 -999.0 -999.0 276.49329815432384 -29.834949684105574 276.57936659738266 -29.820181823980754 86.33610621853421 103.68152358352006 -999.0 6231.0 -999.0 -1 -999 {-999.0 -999.0 -999.0 -999.0 -999.0} "" -999.0 -999.0 -999.0 -999.0 -999 -999 "" "" "" "" 0 0 0.0 0.0 -999 ""
FIBERMAP 1204 R+8C11 APOGEE 0 0 0 1 0 0 19.978653744153615 144.45369905912878 143.1 -145.12919009148675 14.206854447296731 240.01588 133.78088 -999.0 -999.0 -999.0 -999.0 -999.0 276.0116665557713 -28.877534191198993 276.09458760640644 -28.86413562221758 86.82925218652429 88.13217859940147 -999.0 16600.0 -999.0 2 -999 {-999.0 -999.0 -999.0 -999.0 -999.0} "" -999.0 -999.0 -999.0 -999.0 -999 -999 "" "" "" "" 0 0 0.0 0.0 -999 ""
FIBERMAP 1204 R+8C11 BOSS 1 1 0 1 0 0 19.27736552058422 144.28430497029643 143.1 -144.9319974574014 13.512899869689996 240.01588 133.78088 276.0122680664062 -28.879635690097885 -999.0 -999.0 -999.0 276.0122680664062 -28.879635690097885 276.0951825603826 -28.866236048784412 86.8288640780541 88.17066719735759 5400.0 5400.0 2015.5 1 140 {-999.0 -999.0 -999.0 -999.0 -999.0} "" -999.0 -999.0 -999.0 -999.0 27021603147109550 852462080 "" ops_sky_boss_fallback ops_sky sky_boss 0 0 0.0 0.0 -999 ""
FIBERMAP 1204 R+8C11 METROLOGY 0 0 0 1 0 0 19.462114227111986 144.99470288918036 143.1 -145.64916343190643 13.669191743469595 240.01588 133.78088 -999.0 -999.0 -999.0 -999.0 -999.0 276.0097723003111 -28.879145075920732 276.0926895956327 -28.86575178634555 86.83101273295375 88.15945769196225 -999.0 6231.0 -999.0 -1 -999 {-999.0 -999.0 -999.0 -999.0 -999.0} "" -999.0 -999.0 -999.0 -999.0 -999 -999 "" "" "" "" 0 0 0.0 0.0 -999 ""
FIBERMAP 1205 R-2C3 APOGEE 1 0 1 1 0 0 -223.3149499570906 -30.99006304833848 143.1 39.86124295711065 -221.89404200484836 10.024755 170.08754 276.60415649414057 -29.615779808052295 -999.0 -999.0 -999.0 276.6507113905274 -29.59500008129614 276.73592093510433 -29.579852790520597 86.24215270834058 99.66843091184313 16000.0 16600.0 2015.5 2 288 {-999.0 -999.0 -999.0 -999.0 -999.0} "" -999.0 -999.0 -999.0 -999.0 27021603147060807 848146145 "" ops_sky_apogee_best ops_sky sky_apogee 0 0 0.0 0.0 -999 ""
FIBERMAP 1205 R-2C3 BOSS 0 0 1 1 0 0 -222.56955842291123 -31.041012757078917 143.1 39.88245324951133 -221.14724224582093 10.024755 170.08754 -999.0 -999.0 -999.0 -999.0 -999.0 276.6508168073121 -29.592793642259966 276.73600267476843 -29.577644487046157 86.24237300470762 99.63488637965611 -999.0 5400.0 -999.0 1 473 {-999.0 -999.0 -999.0 -999.0 -999.0} "" -999.0 -999.0 -999.0 -999.0 -999 -999 "" "" "" "" 0 0 0.0 0.0 -999 ""
FIBERMAP 1205 R-2C3 METROLOGY 0 0 1 1 0 0 -223.00972972072637 -31.67383102982069 143.1 40.53228049470152 -221.56183451940598 10.024755 170.08754 -999.0 -999.0 -999.0 -999.0 -999.0 276.65307770519485 -29.59407706000631 276.7382719246798 -29.578922390399153 86.24024857031158 99.65025198082901 -999.0 6231.0 -999.0 -1 -999 {-999.0 -999.0 -999.0 -999.0 -999.0} "" -999.0 -999.0 -999.0 -999.0 -999 -999 "" "" "" "" 0 0 0.0 0.0 -999 ""
FIBERMAP 1206 R0C2 APOGEE 1 1 0 1 0 0 -280.7549293467575 17.015233542132147 143.1 -5.815568471045948 -281.1986820507045 183.26872 45.06723 276.4910510093905 -29.77280529257023 -0.23413411 2.681296 0.29402983 276.49105020739916 -29.77279732051792 276.57691541137433 -29.758044647207306 86.35025418719857 102.73227544231514 16000.0 16600.0 2016.0 2 253 {-999.0 13.798707 12.178551 10.593652 -999.0} sdss_psfmag_from_g3xp 13.114604 11.318899 10.061243 7.103 63050395244877029 1152010317 bright_1x1 mwm_galactic_core_dist_apogee_sparse mwm_galactic science 0 0 0.0 0.0 -999 ""
FIBERMAP 1206 R0C2 BOSS 0 0 0 1 0 0 -280.2505917090543 17.58969446130557 143.1 -6.40964346427072 -280.7176519530209 183.26872 45.06723 -999.0 -999.0 -999.0 -999.0 -999.0 276.4890024433256 -29.771332235603854 276.57484775402895 -29.756582521328227 86.35228966592615 102.71494266465982 -999.0 5400.0 -999.0 1 522 {-999.0 -999.0 -999.0 -999.0 -999.0} "" -999.0 -999.0 -999.0 -999.0 -999 -999 "" "" "" "" 0 0 0.0 0.0 -999 ""
FIBERMAP 1206 R0C2 METROLOGY 0 0 0 1 0 0 -280.0211289894428 16.87309582866721 143.1 -5.702784422943969 -280.459830807162 183.26872 45.06723 -999.0 -999.0 -999.0 -999.0 -999.0 276.49146058860117 -29.770623053579804 276.5773071743689 -29.755867744955847 86.35032424124638 102.6976804132982 -999.0 6231.0 -999.0 -1 -999 {-999.0 -999.0 -999.0 -999.0 -999.0} "" -999.0 -999.0 -999.0 -999.0 -999 -999 "" "" "" "" 0 0 0.0 0.0 -999 ""
FIBERMAP 1209 R-2C21 APOGEE 1 1 0 1 0 0 169.10099860341728 -44.2849163542537 143.1 37.51088011612 170.72431274676939 195.65071 128.61906 276.6452488277711 -28.405596237643305 -3.511763 -4.4913163 0.0695516 276.6452369573982 -28.40560959126251 276.72640189845447 -28.390616780526933 86.21953057723954 81.50466324113052 16000.0 16600.0 2016.0 2 218 {-999.0 15.426103 13.90298 12.513389 -999.0} sdss_psfmag_from_g3xp 14.798929 13.211425 11.9849205 9.094 63050395263998468 1152039752 bright_1x1 mwm_galactic_core_dist_apogee_sparse mwm_galactic science 0 0 0.0 0.0 -999 ""
FIBERMAP 1209 R-2C21 BOSS 0 0 0 1 0 0 168.4676698448294 -43.874863154204775 143.1 37.12640116028881 170.0751753677477 195.65071 128.61906 -999.0 -999.0 -999.0 -999.0 -999.0 276.6439410482753 -28.407502681694883 276.72509688884884 -28.392515603258232 86.22100615306395 81.52980201642902 -999.0 5400.0 -999.0 1 310 {-999.0 -999.0 -999.0 -999.0 -999.0} "" -999.0 -999.0 -999.0 -999.0 -999 -999 "" "" "" "" 0 0 0.0 0.0 -999 ""
FIBERMAP 1209 R-2C21 METROLOGY 0 0 0 1 0 0 169.14009114543578 -43.54174677829933 143.1 36.76677286012356 170.73376428556577 195.65071 128.61906 -999.0 -999.0 -999.0 -999.0 -999.0 276.6427050535522 -28.40548942933962 276.72385893491594 -28.390505077180133 86.22170950848242 81.49678827459115 -999.0 6231.0 -999.0 -1 -999 {-999.0 -999.0 -999.0 -999.0 -999.0} "" -999.0 -999.0 -999.0 -999.0 -999 -999 "" "" "" "" 0 0 0.0 0.0 -999 ""
FIBERMAP 1210 R-3C6 APOGEE 0 0 0 1 0 0 -138.72565521208057 -43.41215831032153 143.1 48.90288112715219 -136.88038866331405 88.79205 90.64725 -999.0 -999.0 -999.0 -999.0 -999.0 276.6829455057953 -29.33837115211227 276.7672655226064 -29.323170262519497 86.24008187115521 95.73035237334494 -999.0 16600.0 -999.0 2 -999 {-999.0 -999.0 -999.0 -999.0 -999.0} "" -999.0 -999.0 -999.0 -999.0 -999 -999 "" "" "" "" 0 0 0.0 0.0 -999 ""
FIBERMAP 1210 R-3C6 BOSS 1 1 0 1 0 0 -137.97465919026695 -43.41619937497982 143.1 48.8769986099683 -136.12985796422063 88.79205 90.64725 276.6829339494799 -29.336162426899953 -8.971876 -0.21970783 0.19829458 276.6829033501734 -29.336163080133655 276.7671996177852 -29.32096167887752 86.24027869900013 95.69679424326101 5400.0 5400.0 2016.0 1 475 {-999.0 17.50983 17.091862 16.928753 16.797958} sdss_psfmag_from_ps1dr2 17.3514 17.0523 16.4665 -999.0 63050395245400991 1039869577 "" ops_std_boss_ps1dr2 ops_std standard_boss 0 0 0.0 0.0 -999 ""
FIBERMAP 1210 R-3C6 METROLOGY 0 0 0 1 0 0 -138.35140092743416 -44.05979396963923 143.1 49.53506611128247 -136.48064424037094 88.79205 90.64725 -999.0 -999.0 -999.0 -999.0 -999.0 276.6851912166813 -29.337240640789254 276.7694951942617 -29.322033403040297 86.23821370040366 95.71117960591596 -999.0 6231.0 -999.0 -1 -999 {-999.0 -999.0 -999.0 -999.0 -999.0} "" -999.0 -999.0 -999.0 -999.0 -999 -999 "" "" "" "" 0 0 0.0 0.0 -999 ""
FIBERMAP 1211 R-11C11 APOGEE 1 1 0 1 0 0 37.810794433157284 -213.34324332015862 143.1 211.65890889732907 46.27900610301976 216.2141 73.945244 277.2460508314265 -28.782624323511573 0.44011548 -5.4866076 0.051450375 277.2460523244394 -28.782640636339607 277.3283272692075 -28.766040946483127 85.74403588169974 87.80852246732897 16000.0 16600.0 2016.0 2 182 {-999.0 15.313881 13.848734 13.164092 -999.0} sdss_psfmag_from_g3xp 14.705392 13.731981 12.7466345 10.449 63050395247025828 1152012431 bright_1x1 mwm_galactic_core_dist_apogee_sparse mwm_galactic science 0 0 0.0 0.0 -999 ""
FIBERMAP 1211 R-11C11 BOSS 0 0 0 1 0 0 37.49637601353926 -212.67476156910936 143.1 211.00351130375398 45.93821711970811 216.2141 73.945244 -999.0 -999.0 -999.0 -999.0 -999.0 277.24387460090287 -28.78366518966442 277.32613549831194 -28.7670722955915 85.74603263482122 87.82033397867372 -999.0 5400.0 -999.0 1 375 {-999.0 -999.0 -999.0 -999.0 -999.0} "" -999.0 -999.0 -999.0 -999.0 -999 -999 "" "" "" "" 0 0 0.0 0.0 -999 ""
FIBERMAP 1211 R-11C11 METROLOGY 0 0 0 1 0 0 38.244266741914984 -212.7343094525265 143.1 211.0332130303968 46.687856545982854 216.2141 73.945244 -999.0 -999.0 -999.0 -999.0 -999.0 277.2439965118008 -28.781388413200872 277.3262548147371 -28.764795120608138 85.74574813625067 87.78984392349133 -999.0 6231.0 -999.0 -1 -999 {-999.0 -999.0 -999.0 -999.0 -999.0} "" -999.0 -999.0 -999.0 -999.0 -999 -999 "" "" "" "" 0 0 0.0 0.0 -999 ""
FIBERMAP 1214 R+5C1 APOGEE 1 1 0 1 0 0 -238.66183196308037 84.58701952312161 143.1 -75.00801911434051 -241.83279745351285 255.01051 117.76535 276.25057994715195 -29.653567093310684 2.4826553 -2.5000882 0.14581902 276.2505884410232 -29.65357452659387 276.33610530775 -29.639462109107985 86.57704479064454 101.43631007734248 16000.0 16600.0 2016.0 2 1 {-999.0 15.742688 14.183912 13.427268 -999.0} sdss_psfmag_from_g3xp 15.070269 14.018395 13.001047 10.592 63050395244936955 1152010457 bright_1x1 mwm_galactic_core_dist_apogee_sparse mwm_galactic science 0 0 0.0 0.0 -999 ""
FIBERMAP 1214 R+5C1 BOSS 0 0 0 1 0 0 -239.4124995733904 84.37871000370521 143.1 -74.76997619504392 -242.57453981782436 255.01051 117.76535 -999.0 -999.0 -999.0 -999.0 -999.0 276.25141851886207 -29.655823422683717 276.33692841963364 -29.641706439462627 86.57596651425455 101.47138141522424 -999.0 5400.0 -999.0 1 1 {-999.0 -999.0 -999.0 -999.0 -999.0} "" -999.0 -999.0 -999.0 -999.0 -999 -999 "" "" "" "" 0 0 0.0 0.0 -999 ""
FIBERMAP 1214 R+5C1 METROLOGY 0 0 0 1 0 0 -239.18616995604305 85.12716263707983 143.1 -75.52682175970796 -242.37821783788976 255.01051 117.76535 -999.0 -999.0 -999.0 -999.0 -999.0 276.24876774874804 -29.655259159828216 276.3342805227277 -29.641149754181285 86.57832844831195 101.46860153624641 -999.0 6231.0 -999.0 -1 -999 {-999.0 -999.0 -999.0 -999.0 -999.0} "" -999.0 -999.0 -999.0 -999.0 -999 -999 "" "" "" "" 0 0 0.0 0.0 -999 ""
FIBERMAP 1216 R-2C17 APOGEE 1 1 0 1 0 0 88.13707555740004 -31.15700222865016 143.1 27.619574359176887 89.30488726635873 26.611198 169.34161 276.61067411744074 -28.651993495219312 -2.9168496 -7.1269975 0.080267094 276.6106642349027 -28.652014685268202 276.69266884631537 -28.637082816956173 86.28616074132545 85.16449089376862 16000.0 16600.0 2016.0 2 211 {-999.0 15.520933 13.716369 12.570451 -999.0} sdss_psfmag_gaia 14.612558 13.258299 12.110984 9.477 63050395263918607 1154372994 bright_1x1 mwm_galactic_core_dist_apogee_sparse mwm_galactic science 0 0 0.0 0.0 -999 ""
FIBERMAP 1216 R-2C17 BOSS 0 0 0 1 0 0 88.84696050881188 -30.958307768015 143.1 27.39276328973826 90.00626405474499 26.611198 169.34161 -999.0 -999.0 -999.0 -999.0 -999.0 276.60991800675663 -28.649833241591754 276.69189972904246 -28.634905243870783 86.28656981245243 85.12986356007593 -999.0 5400.0 -999.0 1 300 {-999.0 -999.0 -999.0 -999.0 -999.0} "" -999.0 -999.0 -999.0 -999.0 -999 -999 "" "" "" "" 0 0 0.0 0.0 -999 ""
FIBERMAP 1216 R-2C17 METROLOGY 0 0 0 1 0 0 88.6663174577638 -31.686262977895147 143.1 28.12730834045893 89.85477390724523 26.611198 169.34161 -999.0 -999.0 -999.0 -999.0 -999.0 276.6124564459897 -28.650290221813787 276.6944435048114 -28.63535508897053 86.28440736724173 85.14089648487106 -999.0 6231.0 -999.0 -1 -999 {-999.0 -999.0 -999.0 -999.0 -999.0} "" -999.0 -999.0 -999.0 -999.0 -999 -999 "" "" "" "" 0 0 0.0 0.0 -999 ""
FIBERMAP 1217 R-3C13 APOGEE 1 1 0 1 0 0 1.0761649035079037 -42.47597249090512 143.1 42.397672874737616 2.767540123177819 162.22585 68.66167 276.6613294959053 -28.914755239131974 -2.8871644 -3.533545 -0.039785065 276.6613196892679 -28.914765745097593 276.744201080656 -28.899671088434815 86.26330489585486 89.25115752392014 16000.0 16600.0 2016.0 2 169 {-999.0 19.163889 16.511454 14.125815 -999.0} sdss_psfmag_ps1 17.66941 14.13926 12.571022 7.845 63050395263810380 1153378811 bright_1x1 mwm_galactic_core_dist_apogee_sparse mwm_galactic science 0 0 0.0 0.0 -999 ""
FIBERMAP 1217 R-3C13 BOSS 0 0 0 1 0 0 1.4983584804467114 -41.8571340885544 143.1 41.762530085986185 3.164726636992914 162.22585 68.66167 -999.0 -999.0 -999.0 -999.0 -999.0 276.6591656467578 -28.913553658101883 276.74202752867336 -28.89846544202929 86.26514603538389 89.23123604161958 -999.0 5400.0 -999.0 1 407 {-999.0 -999.0 -999.0 -999.0 -999.0} "" -999.0 -999.0 -999.0 -999.0 -999 -999 "" "" "" "" 0 0 0.0 0.0 -999 ""
FIBERMAP 1217 R-3C13 METROLOGY 0 0 0 1 0 0 1.8157343580460452 -42.5476441719901 143.1 42.43981981337157 3.5093482361139743 162.22585 68.66167 -999.0 -999.0 -999.0 -999.0 -999.0 276.6615166895032 -28.912510489980278 276.74437892806407 -28.897416085628944 86.26303791384441 89.21671805526063 -999.0 6231.0 -999.0 -1 -999 {-999.0 -999.0 -999.0 -999.0 -999.0} "" -999.0 -999.0 -999.0 -999.0 -999 -999 "" "" "" "" 0 0 0.0 0.0 -999 ""
FIBERMAP 1218 R0C17 APOGEE 1 1 0 1 0 0 80.00026552814018 4.828450003446937 143.1 -8.01169018608205 79.74117741879164 25.023228 112.8615 276.48731543420485 -28.680692507370498 -0.9073853 -9.329927 0.11592572 276.487312359063 -28.680720247189765 276.56944601282163 -28.6661060570164 86.39694689507559 85.41810518596871 16000.0 16600.0 2016.0 2 111 {-999.0 15.340385 13.856912 13.124703 -999.0} sdss_psfmag_gaia 14.720951 13.71649 12.722495 10.449 63050395263914512 1154372976 bright_1x1 mwm_galactic_core_dist_apogee_sparse mwm_galactic science 0 0 0.0 0.0 -999 ""
FIBERMAP 1218 R0C17 BOSS 0 0 0 1 0 0 80.54239157387565 4.336404139786551 143.1 -7.541653367067276 80.30245479251666 25.023228 112.8615 -999.0 -999.0 -999.0 -999.0 -999.0 276.48895546632053 -28.678973031573882 276.5710675336153 -28.664356316647186 86.39533325274347 85.39304144700839 -999.0 5400.0 -999.0 1 189 {-999.0 -999.0 -999.0 -999.0 -999.0} "" -999.0 -999.0 -999.0 -999.0 -999 -999 "" "" "" "" 0 0 0.0 0.0 -999 ""
FIBERMAP 1218 R0C17 METROLOGY 0 0 0 1 0 0 79.83597342232349 4.10285984082017 143.1 -7.280159643394269 79.60593035488088 25.023228 112.8615 -999.0 -999.0 -999.0 -999.0 -999.0 276.4898475614044 -28.681081922757247 276.5719708625646 -28.666462192687625 86.39478664489023 85.4277554562579 -999.0 6231.0 -999.0 -1 -999 {-999.0 -999.0 -999.0 -999.0 -999.0} "" -999.0 -999.0 -999.0 -999.0 -999 -999 "" "" "" "" 0 0 0.0 0.0 -999 ""
FIBERMAP 1219 R+1C17 APOGEE 0 0 0 1 0 0 67.08283708528228 7.109931743711728 143.1 -9.77662973052049 66.74362611179627 254.35493 88.18128 -999.0 -999.0 -999.0 -999.0 -999.0 276.4810552236033 -28.72013728457188 276.56332389017416 -28.7055347380436 86.40657762477255 86.03330758386653 -999.0 16600.0 -999.0 2 -999 {-999.0 -999.0 -999.0 -999.0 -999.0} "" -999.0 -999.0 -999.0 -999.0 -999 -999 "" "" "" "" 0 0 0.0 0.0 -999 ""
FIBERMAP 1219 R+1C17 BOSS 1 1 0 1 0 0 66.3623547502423 7.360264932717351 143.1 -9.99804961985536 66.01377119933758 254.35493 88.18128 276.4802907165642 -28.722292090587448 -0.59544736 -5.2946124 0.1017086 276.4802886977824 -28.72230783257389 276.5625495994995 -28.707708413517462 86.40747744593911 86.06668950114738 5400.0 5400.0 2016.0 1 199 {-999.0 16.902954 15.6882515 15.221754 -999.0} sdss_psfmag_ps1 16.32575 15.606476 14.6504135 12.034 63050395263910463 1093353271 bright_3x1 mwm_astar_core_boss mwm_ob science 0 0 0.0 0.0 -999 ""
FIBERMAP 1219 R+1C17 METROLOGY 0 0 0 1 0 0 66.92594915325373 7.8412896544366415 143.1 -10.501127171643013 66.55773120696864 254.35493 88.18128 -999.0 -999.0 -999.0 -999.0 -999.0 276.47854768418694 -28.720646889834562 276.5608077845375 -28.7060518081981 86.40882614404403 86.03787224296832 -999.0 6231.0 -999.0 -1 -999 {-999.0 -999.0 -999.0 -999.0 -999.0} "" -999.0 -999.0 -999.0 -999.0 -999 -999 "" "" "" "" 0 0 0.0 0.0 -999 ""
FIBERMAP 1220 R+1C3 APOGEE 1 1 0 1 0 0 -240.14718992735374 38.26403675893222 143.1 -28.6644914470531 -241.4713763141375 149.95267 61.492382 276.41189575195307 -29.653330792075053 -999.0 -999.0 -999.0 276.41189575195307 -29.653330792075046 276.49736972931277 -29.638798306000016 86.4388350528762 101.05313789914109 16000.0 16600.0 2015.5 2 38 {-999.0 -999.0 -999.0 -999.0 -999.0} "" -999.0 -999.0 -999.0 -999.0 27021603147060852 848146160 "" ops_sky_apogee_best ops_sky sky_apogee 0 0 0.0 0.0 -999 ""
FIBERMAP 1220 R+1C3 BOSS 0 0 0 1 0 0 -239.5365828750981 38.64583182665527 143.1 -29.070295118306916 -240.87648948578024 149.95267 61.492382 -999.0 -999.0 -999.0 -999.0 -999.0 276.41050060144545 -29.651564174333927 276.4959537050979 -29.637033428974366 86.44032866198253 101.02819824143836 -999.0 5400.0 -999.0 1 62 {-999.0 -999.0 -999.0 -999.0 -999.0} "" -999.0 -999.0 -999.0 -999.0 -999 -999 "" "" "" "" 0 0 0.0 0.0 -999 ""
FIBERMAP 1220 R+1C3 METROLOGY 0 0 0 1 0 0 -239.49323596235143 37.8984603815838 143.1 -28.32527394357388 -240.80340291788676 149.95267 61.492382 -999.0 -999.0 -999.0 -999.0 -999.0 276.4130855300482 -29.651395347931693 276.4985416604875 -29.63685848759553 86.43813482389228 101.01971745208766 -999.0 6231.0 -999.0 -1 -999 {-999.0 -999.0 -999.0 -999.0 -999.0} "" -999.0 -999.0 -999.0 -999.0 -999 -999 "" "" "" "" 0 0 0.0 0.0 -999 ""
FIBERMAP 1221 R-8C13 APOGEE 0 0 0 1 0 0 73.5719606035035 -136.93034669055345 143.1 133.88498959394775 78.96600415159041 117.557144 61.831806 -999.0 -999.0 -999.0 -999.0 -999.0 276.9778315590843 -28.68381323234799 277.0598460445299 -28.66792246301767 85.96945440196446 86.15536874546893 -999.0 16600.0 -999.0 2 -999 {-999.0 -999.0 -999.0 -999.0 -999.0} "" -999.0 -999.0 -999.0 -999.0 -999 -999 "" "" "" "" 0 0 0.0 0.0 -999 ""
FIBERMAP 1221 R-8C13 BOSS 1 1 0 1 0 0 74.3197704970491 -136.93719978587274 143.1 133.86204369982465 79.7134634128948 117.557144 61.831806 276.9778352270762 -28.681491570066836 -1.8099312 -7.059752 0.08646275 276.97782909314697 -28.681512560181105 277.05981864635623 -28.665623673624783 85.96923508771421 86.12281185834784 5400.0 5400.0 2016.0 1 418 {-999.0 16.929115 16.426964 16.305422 -999.0} sdss_psfmag_ps1 16.696714 16.378191 15.744226 14.828 63050395263869453 1070829410 bright_1x1 mwm_halo_distant_rrl_boss_single mwm_halo science 0 0 0.0 0.0 -999 ""
FIBERMAP 1221 R-8C13 METROLOGY 0 0 0 1 0 0 73.93740564253363 -137.58299371632188 143.1 134.5225327316737 79.35714633209837 117.557144 61.831806 -999.0 -999.0 -999.0 -999.0 -999.0 276.98012260251045 -28.6825846357308 277.0621200376736 -28.66668920003404 85.96734002385848 86.14092408806175 -999.0 6231.0 -999.0 -1 -999 {-999.0 -999.0 -999.0 -999.0 -999.0} "" -999.0 -999.0 -999.0 -999.0 -999 -999 "" "" "" "" 0 0 0.0 0.0 -999 ""
FIBERMAP 1223 R+13C7 APOGEE 1 1 0 1 0 0 5.596878991252567 262.10758338118325 143.1 -262.1119724402592 -4.8503398838168525 76.17801 61.100933 275.608344593795 -28.93213247697352 -5.871452 -4.9193826 0.038538504 275.60832464728514 -28.932147103321984 275.69152910640145 -28.91979351583479 87.18469194255742 88.82182695157348 16000.0 16600.0 2016.0 2 100 {-999.0 17.409569 15.484883 14.026116 -999.0} sdss_psfmag_gaia 16.323421 14.746601 13.524491 10.734 63050395263552267 1154372901 bright_1x1 mwm_galactic_core_dist_apogee_sparse mwm_galactic science 0 0 0.0 0.0 -999 ""
FIBERMAP 1223 R+13C7 BOSS 0 0 0 1 0 0 6.115061871113493 261.5702184190662 143.1 -261.59570040573703 -4.311180162782331 76.17801 61.100933 -999.0 -999.0 -999.0 -999.0 -999.0 275.61012069855576 -28.930532710929253 275.693307213049 -28.918175138562333 87.18305965021702 88.79044588959465 -999.0 5400.0 -999.0 1 174 {-999.0 -999.0 -999.0 -999.0 -999.0} "" -999.0 -999.0 -999.0 -999.0 -999 -999 "" "" "" "" 0 0 0.0 0.0 -999 ""
FIBERMAP 1223 R+13C7 METROLOGY 0 0 0 1 0 0 5.367166606795248 261.4111649419989 143.1 -261.40698290206797 -5.052114888702513 76.17801 61.100933 -999.0 -999.0 -999.0 -999.0 -999.0 275.6106821761042 -28.93278023569874 275.6938796190999 -28.92042078459791 87.18266675983796 88.83657276585012 -999.0 6231.0 -999.0 -1 -999 {-999.0 -999.0 -999.0 -999.0 -999.0} "" -999.0 -999.0 -999.0 -999.0 -999 -999 "" "" "" "" 0 0 0.0 0.0 -999 ""
FIBERMAP 1224 R+5C18 APOGEE 1 1 0 1 0 0 135.75103215600254 97.01309628190033 143.1 -102.34060548312365 131.77274720072518 150.07819 143.98161 276.1623794966402 -28.521733365424133 14.389474 -78.940834 9.573023 276.16242818915714 -28.521968072971877 276.24410499147393 -28.50821873601087 86.65763583159507 82.17265014120885 16000.0 16600.0 2016.0 2 64 {-999.0 16.589096 15.178338 14.07301 -999.0} sdss_psfmag_ps1 15.931348 14.525862 13.342101 11.104 63050395264110785 1069091479 bright_8x1 mwm_bin_rv_short_mdwarf_apogee_08epoch mwm_bin science 0 0 0.0 0.0 -999 ""
FIBERMAP 1224 R+5C18 BOSS 0 0 0 1 0 0 135.58172220401008 97.73204166819956 143.1 -103.05220584967138 131.57493515948306 150.07819 143.98161 -999.0 -999.0 -999.0 -999.0 -999.0 276.15993646542825 -28.522503886580758 276.2416046048455 -28.50876289488605 86.65989313847709 82.17554237847031 -999.0 5400.0 -999.0 1 216 {-999.0 -999.0 -999.0 -999.0 -999.0} "" -999.0 -999.0 -999.0 -999.0 -999 -999 "" "" "" "" 0 0 0.0 0.0 -999 ""
FIBERMAP 1224 R+5C18 METROLOGY 0 0 0 1 0 0 136.2917249627708 97.51862738286349 143.1 -102.86725656037086 132.2928483603187 150.07819 143.98161 -999.0 -999.0 -999.0 -999.0 -999.0 276.1605745206627 -28.520318443495576 276.24223910609385 -28.50657545895058 86.65897659965724 82.14013977955204 -999.0 6231.0 -999.0 -1 -999 {-999.0 -999.0 -999.0 -999.0 -999.0} "" -999.0 -999.0 -999.0 -999.0 -999 -999 "" "" "" "" 0 0 0.0 0.0 -999 ""
FIBERMAP 1227 R-4C8 APOGEE 0 0 0 1 0 0 -101.12599247457015 -92.60377190152886 143.1 96.55547240289259 -97.35225497902235 275.2284 66.22062 -999.0 -999.0 -999.0 -999.0 -999.0 276.8488080279062 -29.21864145332686 276.9326739527336 -29.203023153177405 86.10147438292319 93.83318638790922 -999.0 16600.0 -999.0 2 -999 {-999.0 -999.0 -999.0 -999.0 -999.0} "" -999.0 -999.0 -999.0 -999.0 -999 -999 "" "" "" "" 0 0 0.0 0.0 -999 ""
FIBERMAP 1227 R-4C8 BOSS 1 1 0 1 0 0 -101.83272570711291 -92.39654974533143 143.1 96.37657981833748 -98.06665468158933 275.2284 66.22062 276.84825221569497 -29.220842559163103 0.32865345 -3.8481705 0.036090028 276.84825333532996 -29.220854000576274 276.93211021246464 -29.20523645023967 86.10190134109737 93.8659398771504 5400.0 5400.0 2016.0 1 479 {-999.0 17.526594 16.862734 16.579767 16.425907} sdss_psfmag_from_ps1dr2 17.2531 16.8445 16.128 15.207 63050395245442258 1039869591 "" ops_std_boss_ps1dr2 ops_std standard_boss 0 0 0.0 0.0 -999 ""
FIBERMAP 1227 R-4C8 METROLOGY 0 0 0 1 0 0 -101.28667709318746 -91.87323876050382 143.1 95.83195030629581 -97.54191054464106 275.2284 66.22062 -999.0 -999.0 -999.0 -999.0 -999.0 276.8463712924279 -29.219275557486007 276.93022805651765 -29.2036632151174 86.10358983336712 93.84351429563026 -999.0 6231.0 -999.0 -1 -999 {-999.0 -999.0 -999.0 -999.0 -999.0} "" -999.0 -999.0 -999.0 -999.0 -999 -999 "" "" "" "" 0 0 0.0 0.0 -999 ""
FIBERMAP 1228 R-4C5 APOGEE 1 1 0 1 0 0 -163.19688999319735 -70.75538323140414 143.1 77.19825339785672 -160.24184134827405 94.38428 148.82266 276.78118315835354 -29.409008516459444 -3.5803952 -5.027525 0.11754241 276.781170938384 -29.40902346433865 276.86570647507136 -29.39355865522441 86.14947260186678 96.69595304687212 16000.0 16600.0 2016.0 2 296 {-999.0 15.471739 13.952646 13.22606 -999.0} sdss_psfmag_from_g3xp 14.829489 13.806012 12.808071 10.466 63050395245408664 1152010836 bright_1x1 mwm_galactic_core_dist_apogee_sparse mwm_galactic science 0 0 0.0 0.0 -999 ""
FIBERMAP 1228 R-4C5 BOSS 0 0 0 1 0 0 -162.8684742661998 -70.08904507101157 143.1 76.51938664102667 -159.9402468986997 94.38428 148.82266 -999.0 -999.0 -999.0 -999.0 -999.0 276.7788604005374 -29.408171729063564 276.8633771807812 -29.392711886481393 86.15156281763733 96.68577720886015 -999.0 5400.0 -999.0 1 487 {-999.0 -999.0 -999.0 -999.0 -999.0} "" -999.0 -999.0 -999.0 -999.0 -999 -999 "" "" "" "" 0 0 0.0 0.0 -999 ""
FIBERMAP 1228 R-4C5 METROLOGY 0 0 0 1 0 0 -162.44529328266367 -70.7083374608844 143.1 77.12130271943408 -159.49274579700375 94.38428 148.82266 -999.0 -999.0 -999.0 -999.0 -999.0 276.7809635969921 -29.4068379383999 276.86547990781105 -29.391373108947732 86.14984227413827 96.6637406341041 -999.0 6231.0 -999.0 -1 -999 {-999.0 -999.0 -999.0 -999.0 -999.0} "" -999.0 -999.0 -999.0 -999.0 -999 -999 "" "" "" "" 0 0 0.0 0.0 -999 ""
FIBERMAP 1230 R+8C17 APOGEE 1 1 0 1 0 0 144.60091647097607 150.59223662424486 143.1 -156.22764710949738 138.48062004615292 201.36522 117.562225 275.9771536778159 -28.500913790532405 0.32182917 -4.7592983 0.05379212 275.97715476663586 -28.500927940918494 276.0588091346265 -28.48766359266692 86.81442166620202 81.31934653431219 16000.0 16600.0 2016.0 2 75 {-999.0 16.483082 14.8726 12.964952 -999.0} sdss_psfmag_ps1 15.622046 13.104862 11.6085005 7.861 63050395264181318 1153378952 bright_1x1 mwm_galactic_core_dist_apogee_sparse mwm_galactic science 0 0 0.0 0.0 -999 ""
FIBERMAP 1230 R+8C17 BOSS 0 0 0 1 0 0 144.04914897758218 151.09093443544347 143.1 -156.70394620632598 137.9094442473345 201.36522 117.562225 -999.0 -999.0 -999.0 -999.0 -999.0 275.97546833431335 -28.5026109994415 276.05711546404814 -28.489352996040235 86.81619057734665 81.3444241366609 -999.0 5400.0 -999.0 1 234 {-999.0 -999.0 -999.0 -999.0 -999.0} "" -999.0 -999.0 -999.0 -999.0 -999 -999 "" "" "" "" 0 0 0.0 0.0 -999 ""
FIBERMAP 1230 R+8C17 METROLOGY 0 0 0 1 0 0 144.75773442589139 151.32627427549204 143.1 -156.96732032025437 138.60806263860388 201.36522 117.562225 -999.0 -999.0 -999.0 -999.0 -999.0 275.9745579145992 -28.50047610387314 276.05620184970144 -28.48722012038776 86.81659539369397 81.30403971588242 -999.0 6231.0 -999.0 -1 -999 {-999.0 -999.0 -999.0 -999.0 -999.0} "" -999.0 -999.0 -999.0 -999.0 -999 -999 "" "" "" "" 0 0 0.0 0.0 -999 ""
FIBERMAP 1233 R+11C16 APOGEE 1 1 0 1 0 0 160.09809521492883 229.38511863858278 143.1 -235.57223535503914 150.8257102906992 150.6249 77.291855 275.70576299636645 -28.46238160795927 -4.6202703 -8.839801 -0.0062599606 275.70574737066056 -28.462407890529082 275.7873370137429 -28.449855473501465 87.04132330913893 79.7686942184631 16000.0 16600.0 2016.0 2 104 {-999.0 17.733963 15.622091 13.856124 -999.0} sdss_psfmag_ps1 16.605068 14.012727 12.5428 8.78 63050395265368011 1153379377 bright_1x1 mwm_galactic_core_dist_apogee_sparse mwm_galactic science 0 0 0.0 0.0 -999 ""
FIBERMAP 1233 R+11C16 BOSS 0 0 0 1 0 0 160.57380513181647 229.93939660814766 143.1 -236.1450036823851 151.2789406456995 150.6249 77.291855 -999.0 -999.0 -999.0 -999.0 -999.0 275.7038445481014 -28.461041198282533 275.78541771099617 -28.44849617856691 87.04269605332837 79.73620409510625 -999.0 5400.0 -999.0 1 178 {-999.0 -999.0 -999.0 -999.0 -999.0} "" -999.0 -999.0 -999.0 -999.0 -999 -999 "" "" "" "" 0 0 0.0 0.0 -999 ""
FIBERMAP 1233 R+11C16 METROLOGY 0 0 0 1 0 0 160.82383645205826 229.23041212862967 143.1 -235.44657191163586 151.55700988498953 150.6249 77.291855 -999.0 -999.0 -999.0 -999.0 -999.0 275.70618636364117 -28.460184261205114 275.7877595705485 -28.44763259422594 87.04050344626104 79.72802817625222 -999.0 6231.0 -999.0 -1 -999 {-999.0 -999.0 -999.0 -999.0 -999.0} "" -999.0 -999.0 -999.0 -999.0 -999 -999 "" "" "" "" 0 0 0.0 0.0 -999 ""
FIBERMAP 1234 R+5C14 APOGEE 1 1 0 1 0 0 69.13186780751343 85.76988020257474 143.1 -88.4526115752216 65.6570800939235 348.7332 83.52989 276.2088048863972 -28.722457833336794 -0.78266513 -5.7467723 0.098949976 276.2088022328752 -28.722474919688818 276.29114811835603 -28.708581023729387 86.64428910897544 85.66761729905357 16000.0 16600.0 2016.0 2 93 {-999.0 16.093727 14.4894705 13.562472 -999.0} sdss_psfmag_from_g3xp 15.402062 14.200677 13.123707 10.66 63050395264063425 1152039779 bright_1x1 mwm_galactic_core_dist_apogee_sparse mwm_galactic science 0 0 0.0 0.0 -999 ""
FIBERMAP 1234 R+5C14 BOSS 0 0 0 1 0 0 68.87942814070801 85.07167035792473 143.1 -87.74492665460305 65.43266813182635 348.7332 83.52989 -999.0 -999.0 -999.0 -999.0 -999.0 276.2112045164688 -28.723129090200366 276.29353778746554 -28.70923020876699 86.6422750875896 85.68248636369657 -999.0 5400.0 -999.0 1 166 {-999.0 -999.0 -999.0 -999.0 -999.0} "" -999.0 -999.0 -999.0 -999.0 -999 -999 "" "" "" "" 0 0 0.0 0.0 -999 ""
FIBERMAP 1234 R+5C14 METROLOGY 0 0 0 1 0 0 68.39894378910881 85.62522130394007 143.1 -88.27887311008658 64.93053063791312 348.7332 83.52989 -999.0 -999.0 -999.0 -999.0 -999.0 276.2093334670138 -28.724638498148202 276.2916763670115 -28.71074392556701 86.64406042488578 85.70520247741183 -999.0 6231.0 -999.0 -1 -999 {-999.0 -999.0 -999.0 -999.0 -999.0} "" -999.0 -999.0 -999.0 -999.0 -999 -999 "" "" "" "" 0 0 0.0 0.0 -999 ""
FIBERMAP 1236 R+13C5 APOGEE 1 1 0 1 0 0 -66.66564616359679 236.2785202980002 143.1 -233.42546047006934 -76.0235508614982 281.32977 63.933052 275.7046373602774 -29.148376772323537 0.011904711 -6.880484 0.08902601 275.7046374008049 -29.14839722943715 275.78855643971644 -29.135767081713112 87.10200812097933 93.17363887740777 16000.0 16600.0 2016.0 2 52 {-999.0 15.583314 13.995736 13.124854 -999.0} sdss_psfmag_from_g3xp 14.8939295 13.742805 12.683841 10.13 63050395263411260 1152039152 bright_1x1 mwm_galactic_core_dist_apogee_sparse mwm_galactic science 0 0 0.0 0.0 -999 ""
FIBERMAP 1236 R+13C5 BOSS 0 0 0 1 0 0 -67.39461977341007 236.46732982156092 143.1 -233.58506970557033 -76.75943882084846 281.32977 63.933052 -999.0 -999.0 -999.0 -999.0 -999.0 275.70405670908866 -29.15062368216484 275.78797110919754 -29.13799448044288 87.10245756483617 93.21796160567908 -999.0 5400.0 -999.0 1 89 {-999.0 -999.0 -999.0 -999.0 -999.0} "" -999.0 -999.0 -999.0 -999.0 -999 -999 "" "" "" "" 0 0 0.0 0.0 -999 ""
FIBERMAP 1236 R+13C5 METROLOGY 0 0 0 1 0 0 -66.84447112076964 237.00229834194616 143.1 -234.14151037936278 -76.23106250901361 281.32977 63.933052 -999.0 -999.0 -999.0 -999.0 -999.0 275.7021059769442 -29.14901843664286 275.78601888659057 -29.136394600398013 87.10420656044168 93.18725287528525 -999.0 6231.0 -999.0 -1 -999 {-999.0 -999.0 -999.0 -999.0 -999.0} "" -999.0 -999.0 -999.0 -999.0 -999 -999 "" "" "" "" 0 0 0.0 0.0 -999 ""
FIBERMAP 1237 R-2C7 APOGEE 1 1 0 1 0 0 -126.68829473003449 -22.443657045925395 143.1 27.472290400039622 -125.68846708636342 99.27029 76.56319 276.60849600088255 -29.304397235632802 -1.1819959 -3.3665175 0.04950068 276.6084919708451 -29.304407244991218 276.6927155785164 -29.289404127074757 86.3069933393852 95.2715395832771 16000.0 16600.0 2016.0 2 286 {-999.0 15.640254 14.033 12.718664 -999.0} sdss_psfmag_from_g3xp 14.912099 13.425423 12.220998 9.441 63050395245463867 1152010824 bright_1x1 mwm_galactic_core_dist_apogee_sparse mwm_galactic science 0 0 0.0 0.0 -999 ""
FIBERMAP 1237 R-2C7 BOSS 0 0 0 1 0 0 -126.01933697067813 -22.758107439971603 143.1 27.75982679690928 -125.00753930400644 99.27029 76.56319 -999.0 -999.0 -999.0 -999.0 -999.0 276.60952987303904 -29.30240983774825 276.69373054191317 -29.2874034840062 86.3062211969008 95.23976327531227 -999.0 5400.0 -999.0 1 469 {-999.0 -999.0 -999.0 -999.0 -999.0} "" -999.0 -999.0 -999.0 -999.0 -999 -999 "" "" "" "" 0 0 0.0 0.0 -999 ""
FIBERMAP 1237 R-2C7 METROLOGY 0 0 0 1 0 0 -126.63124205258725 -23.174370604203425 143.1 28.20012153311443 -125.60234984617998 99.27029 76.56319 -999.0 -999.0 -999.0 -999.0 -999.0 276.6110553203531 -29.30422652152743 276.69526628783683 -29.289216196476463 86.30478274957663 95.26669189693683 -999.0 6231.0 -999.0 -1 -999 {-999.0 -999.0 -999.0 -999.0 -999.0} "" -999.0 -999.0 -999.0 -999.0 -999 -999 "" "" "" "" 0 0 0.0 0.0 -999 ""
FIBERMAP 1238 R-9C3 APOGEE 1 1 0 1 0 0 -138.74665568641592 -159.91255097664722 143.1 165.30695055035787 -132.25991374111626 87.45878 91.967995 277.0867770817251 -29.32373534068904 1.9136721 -0.53422546 0.3053856 277.0871173166591 -29.32373692905255 277.1712767427083 -29.307486475223428 85.8892791114784 95.20864229840603 16000.0 16600.0 2016.0 2 283 {-999.0 18.423672 19.677319 11.785566 -999.0} sdss_psfmag_gaia 15.991605 11.996887 10.525368 5.639 63050395245297876 1154354311 bright_1x1 mwm_galactic_core_dist_apogee_sparse mwm_galactic science 0 0 1.0474188327789307 0.0 -999 ""
FIBERMAP 1238 R-9C3 BOSS 0 0 0 1 0 0 -138.00131680191845 -159.90019863362298 143.1 165.26491368173905 -131.51568858628926 87.45878 91.967995 -999.0 -999.0 -999.0 -999.0 -999.0 277.087035463098 -29.321519500124925 277.17116977830483 -29.305268737679366 85.88948463364228 95.17780953193045 -999.0 5400.0 -999.0 1 464 {-999.0 -999.0 -999.0 -999.0 -999.0} "" -999.0 -999.0 -999.0 -999.0 -999 -999 "" "" "" "" 0 0 0.0 0.0 -999 ""
FIBERMAP 1238 R-9C3 METROLOGY 0 0 0 1 0 0 -138.3770578586359 -160.5533430595763 143.1 165.93248318208794 -131.86509454452516 87.45878 91.967995 -999.0 -999.0 -999.0 -999.0 -999.0 277.0893691050544 -29.322585586217787 277.17351141197946 -29.30632884803733 85.88739174969503 95.19113798058771 -999.0 6231.0 -999.0 -1 -999 {-999.0 -999.0 -999.0 -999.0 -999.0} "" -999.0 -999.0 -999.0 -999.0 -999 -999 "" "" "" "" 0 0 0.0 0.0 -999 ""
FIBERMAP 1239 R0C25 APOGEE 1 1 0 1 0 0 232.42086724279957 10.37416427332865 143.1 -19.625323764655136 231.8137170259252 175.72386 80.95653 276.4491661976972 -28.22091380794345 -1.6694157 -6.42127 0.05757589 276.4491605645707 -28.220932899717376 276.52975574392036 -28.20647215567502 86.35006390971742 78.16329284180064 16000.0 16600.0 2016.0 2 105 {-999.0 14.964271 17.259428 13.621517 -999.0} sdss_psfmag_ps1 14.745154 13.718001 12.712449 10.355 63050395264323371 1153378934 bright_1x1 mwm_galactic_core_dist_apogee_sparse mwm_galactic science 0 0 0.0 0.0 -999 ""
FIBERMAP 1239 R0C25 BOSS 0 0 0 1 0 0 232.62818677839638 11.078610478570202 143.1 -20.337442226937984 231.99279802544856 175.72386 80.95653 -999.0 -999.0 -999.0 -999.0 -999.0 276.4467285574037 -28.220350771576786 276.5273073584026 -28.20589968624367 86.35202297538136 78.14647784761206 -999.0 5400.0 -999.0 1 179 {-999.0 -999.0 -999.0 -999.0 -999.0} "" -999.0 -999.0 -999.0 -999.0 -999 -999 "" "" "" "" 0 0 0.0 0.0 -999 ""
FIBERMAP 1239 R0C25 METROLOGY 0 0 0 1 0 0 233.1367917086525 10.582138024830584 143.1 -19.861647004662988 232.5207585983722 175.72386 80.95653 -999.0 -999.0 -999.0 -999.0 -999.0 276.448362713713 -28.218730473913148 276.5289399334531 -28.204274405815102 86.35023799781342 78.12707172436888 -999.0 6231.0 -999.0 -1 -999 {-999.0 -999.0 -999.0 -999.0 -999.0} "" -999.0 -999.0 -999.0 -999.0 -999 -999 "" "" "" "" 0 0 0.0 0.0 -999 ""
FIBERMAP 1244 R-7C12 APOGEE 1 1 0 1 0 0 22.917515467551222 -136.43628277344652 143.1 135.40944657176243 28.334120354312315 160.58363 136.87209 276.9833519888292 -28.83715395525184 17.911495 -57.613243 8.555121 276.9834127822718 -28.837325251420605 277.06594250881494 -28.821402037899723 85.9774248787798 88.33960918213644 16000.0 16600.0 2016.0 2 163 {-999.0 16.032183 14.621121 13.632293 -999.0} sdss_psfmag_from_g3xp 15.458863 14.293444 13.216287 11.194 63050395245698814 1069132619 bright_8x1 mwm_bin_rv_short_mdwarf_apogee_08epoch mwm_bin science 0 0 0.0 0.0 -999 ""
FIBERMAP 1244 R-7C12 BOSS 0 0 0 1 0 0 22.561938009963043 -135.7865491941386 143.1 134.7744213193077 27.952953599566474 160.58363 136.87209 -999.0 -999.0 -999.0 -999.0 -999.0 276.9813077931439 -28.83846828621714 277.06382743554934 -28.822551250075957 85.97935134500322 88.35417313004666 -999.0 5400.0 -999.0 1 394 {-999.0 -999.0 -999.0 -999.0 -999.0} "" -999.0 -999.0 -999.0 -999.0 -999 -999 "" "" "" "" 0 0 0.0 0.0 -999 ""
FIBERMAP 1244 R-7C12 METROLOGY 0 0 0 1 0 0 23.297103927756574 -135.78256388025542 143.1 134.7411498000036 28.687347620167927 160.58363 136.87209 -999.0 -999.0 -999.0 -999.0 -999.0 276.9812010485035 -28.836237594163382 277.0637180271153 -28.82032081673857 85.97929599808229 88.3223431432707 -999.0 6231.0 -999.0 -1 -999 {-999.0 -999.0 -999.0 -999.0 -999.0} "" -999.0 -999.0 -999.0 -999.0 -999 -999 "" "" "" "" 0 0 0.0 0.0 -999 ""
FIBERMAP 1245 R-13C10 APOGEE 1 1 0 1 0 0 48.55256597160124 -233.68109482135642 143.1 231.55183911584055 57.82209349452799 163.43416 53.857193 277.3141616331564 -28.747573184085443 1.7815478 -1.920461 0.4047718 277.3141676747083 -28.747578894016392 277.3963049489553 -28.730806349035564 85.68172118716303 87.404893226375 16000.0 16600.0 2016.0 2 158 {-999.0 12.575304 11.01217 10.202273 -999.0} sdss_psfmag_from_g3xp 11.90334 10.809468 9.7773905 7.335 63050395247027110 1155741971 bright_1x1 mwm_galactic_core_dist_apogee_extra mwm_galactic science 0 0 0.0 0.0 -999 ""
FIBERMAP 1245 R-13C10 BOSS 0 0 0 1 0 0 49.13276581114055 -233.20685908627365 143.1 231.05488331644358 58.38291556797393 163.43416 53.857193 -999.0 -999.0 -999.0 -999.0 -999.0 277.31250311098086 -28.745876822456133 277.39461683687 -28.72911020474419 85.68304853485978 87.38074060360191 -999.0 5400.0 -999.0 1 439 {-999.0 -999.0 -999.0 -999.0 -999.0} "" -999.0 -999.0 -999.0 -999.0 -999 -999 "" "" "" "" 0 0 0.0 0.0 -999 ""
FIBERMAP 1245 R-13C10 METROLOGY 0 0 0 1 0 0 49.25526608038377 -233.94343985618752 143.1 231.78596928971362 58.534659571307564 163.43416 53.857193 -999.0 -999.0 -999.0 -999.0 -999.0 277.3150462847045 -28.74540364319871 277.3971629053549 -28.72863007529362 85.6807825359451 87.37697154444874 -999.0 6231.0 -999.0 -1 -999 {-999.0 -999.0 -999.0 -999.0 -999.0} "" -999.0 -999.0 -999.0 -999.0 -999 -999 "" "" "" "" 0 0 0.0 0.0 -999 ""
FIBERMAP 1248 R-10C3 APOGEE 1 1 0 1 0 0 -150.95563314087246 -184.5331906391114 143.1 190.39347117766295 -143.47780539214745 193.30606 65.38961 277.1739099324646 -29.357231302821592 -2.8668678 -1.5113224 -0.02293463 277.1739001527589 -29.357235796297747 277.2581499760584 -29.340755770250336 85.81184927445572 95.61116963079904 16000.0 16600.0 2016.0 2 284 {-999.0 16.369696 14.546472 13.500332 -999.0} sdss_psfmag_from_g3xp 15.51061 14.17878 13.037353 10.312 63050395245279900 1152010696 bright_1x1 mwm_galactic_core_dist_apogee_sparse mwm_galactic science 0 0 0.0 0.0 -999 ""
FIBERMAP 1248 R-10C3 BOSS 0 0 0 1 0 0 -150.84580398338915 -183.78060224541946 143.1 189.63713476241523 -143.39805148371448 193.30606 65.38961 -999.0 -999.0 -999.0 -999.0 -999.0 277.17133021868347 -29.35702707907259 277.2555620817743 -29.340552860234855 85.81411311666733 95.61016210948748 -999.0 5400.0 -999.0 1 465 {-999.0 -999.0 -999.0 -999.0 -999.0} "" -999.0 -999.0 -999.0 -999.0 -999 -999 "" "" "" "" 0 0 0.0 0.0 -999 ""
FIBERMAP 1248 R-10C3 METROLOGY 0 0 0 1 0 0 -150.26465350540164 -184.26133455461084 143.1 190.09431270139987 -142.7982329636378 193.30606 65.38961 -999.0 -999.0 -999.0 -999.0 -999.0 277.1729435261256 -29.355231221894613 277.2571738824969 -29.338753280959935 85.81281284993364 95.58445535431144 -999.0 6231.0 -999.0 -1 -999 {-999.0 -999.0 -999.0 -999.0 -999.0} "" -999.0 -999.0 -999.0 -999.0 -999 -999 "" "" "" "" 0 0 0.0 0.0 -999 ""
FIBERMAP 1250 R-9C17 APOGEE 0 0 0 1 0 0 165.239878782691 -184.5516608325028 143.1 177.81447356714352 172.45473916865936 227.45438 140.30211 -999.0 -999.0 -999.0 -999.0 -999.0 277.1276413604288 -28.40124886620061 277.20866326093505 -28.38500194250259 85.80090310032521 82.50040894776117 -999.0 16600.0 -999.0 2 -999 {-999.0 -999.0 -999.0 -999.0 -999.0} "" -999.0 -999.0 -999.0 -999.0 -999 -999 "" "" "" "" 0 0 0.0 0.0 -999 ""
FIBERMAP 1250 R-9C17 BOSS 1 1 0 1 0 0 164.4713407509512 -184.64507933997325 143.1 177.93843326241162 171.69056394761472 227.45438 140.30211 277.1281149190046 -28.403537905135654 0.4819443 0.62144125 0.25774983 277.1281165480286 -28.403536057461267 277.20912827633566 -28.387290298599353 85.80088775432812 82.53215580726524 5400.0 5400.0 2016.0 1 334 {-999.0 17.455988 16.969225 16.812164 -999.0} sdss_psfmag_ps1 17.278801 16.899326 16.352484 15.24 63050395266261801 981872636 "" ops_std_boss_tic ops_std standard_boss 0 0 0.0 0.0 -999 ""
FIBERMAP 1250 R-9C17 METROLOGY 0 0 0 1 0 0 164.77240471597113 -183.9677377093603 143.1 177.24966192562715 171.9643910602287 227.45438 140.30211 -999.0 -999.0 -999.0 -999.0 -999.0 277.1257796040229 -28.402678793585803 277.20679418012503 -28.386438452080363 85.80276728464577 82.51593748565375 -999.0 6231.0 -999.0 -1 -999 {-999.0 -999.0 -999.0 -999.0 -999.0} "" -999.0 -999.0 -999.0 -999.0 -999 -999 "" "" "" "" 0 0 0.0 0.0 -999 ""
FIBERMAP 1255 R-8C3 APOGEE 1 1 0 1 0 0 -151.61307351511155 -133.8031800447353 143.1 139.73196168646177 -146.155816901878 154.48215 16.602057 276.9984530085864 -29.366035939812615 -4.12068 -2.8260539 0.10487339 276.9984389505534 -29.366044342259144 277.0827677917068 -29.350019468826282 85.96389260118305 95.86840219020479 16000.0 16600.0 2016.0 2 282 {-999.0 15.804619 14.354757 13.674719 -999.0} sdss_psfmag_from_g3xp 15.202494 14.234065 13.26208 10.949 63050395245187617 1152010614 bright_1x1 mwm_galactic_core_dist_apogee_sparse mwm_galactic science 0 0 0.0 0.0 -999 ""
FIBERMAP 1255 R-8C3 BOSS 0 0 0 1 0 0 -150.88596242858878 -133.92712390503416 143.1 139.82683356012126 -145.4243742063099 154.48215 16.602057 -999.0 -999.0 -999.0 -999.0 -999.0 276.9988318452205 -29.36387316213391 277.08313585731173 -29.34784657362434 85.9637090561221 95.83730585444289 -999.0 5400.0 -999.0 1 463 {-999.0 -999.0 -999.0 -999.0 -999.0} "" -999.0 -999.0 -999.0 -999.0 -999 -999 "" "" "" "" 0 0 0.0 0.0 -999 ""
FIBERMAP 1255 R-8C3 METROLOGY 0 0 0 1 0 0 -151.3706573740078 -134.4998457298246 143.1 140.4183883306202 -145.88584728022477 154.48215 16.602057 -999.0 -999.0 -999.0 -999.0 -999.0 277.00089918960555 -29.36528152405007 277.08521235577257 -29.34924965809245 85.9618145760519 95.85558189359233 -999.0 6231.0 -999.0 -1 -999 {-999.0 -999.0 -999.0 -999.0 -999.0} "" -999.0 -999.0 -999.0 -999.0 -999 -999 "" "" "" "" 0 0 0.0 0.0 -999 ""
FIBERMAP 1257 R0C5 APOGEE 1 1 0 1 0 0 -198.90140931347977 -8.189384965180578 143.1 16.10692767043631 -198.40925706853898 242.10786 155.62634 276.5682652296585 -29.524126298350467 -7.096297 -2.8181608 0.1406797 276.5682409823293 -29.524134677327744 276.6532288297406 -29.509210404755706 86.32230989543619 98.72515039233427 16000.0 16600.0 2016.0 2 278 {-999.0 15.716749 14.271077 13.596436 -999.0} sdss_psfmag_from_g3xp 15.117103 14.16467 13.188846 10.92 63050395245379966 1152010938 bright_1x1 mwm_galactic_core_dist_apogee_sparse mwm_galactic science 0 0 0.0 0.0 -999 ""
FIBERMAP 1257 R0C5 BOSS 0 0 0 1 0 0 -199.55494398315298 -8.539259798958694 143.1 16.48254799541467 -199.04830743785377 242.10786 155.62634 -999.0 -999.0 -999.0 -999.0 -999.0 276.56956318369845 -29.526121146938696 276.6545418197385 -29.51119158401563 86.32094402738318 98.75374376572103 -999.0 5400.0 -999.0 1 452 {-999.0 -999.0 -999.0 -999.0 -999.0} "" -999.0 -999.0 -999.0 -999.0 -999 -999 "" "" "" "" 0 0 0.0 0.0 -999 ""
FIBERMAP 1257 R0C5 METROLOGY 0 0 0 1 0 0 -199.5346427871332 -7.793778142117223 143.1 15.736879247268156 -199.05772368823574 242.10786 155.62634 -999.0 -999.0 -999.0 -999.0 -999.0 276.5669646134135 -29.526172261274578 276.6519485841163 -29.511249912624308 86.3231785223887 98.75875950625289 -999.0 6231.0 -999.0 -1 -999 {-999.0 -999.0 -999.0 -999.0 -999.0} "" -999.0 -999.0 -999.0 -999.0 -999 -999 "" "" "" "" 0 0 0.0 0.0 -999 ""
FIBERMAP 1258 R-12C12 APOGEE 0 0 0 1 0 0 103.16697933668695 -218.66492484939113 143.1 214.37231566658974 111.79270428844592 94.23355 59.629326 -999.0 -999.0 -999.0 -999.0 -999.0 277.25419288839095 -28.584443940653042 277.3357964169554 -28.56784649139135 85.71729071467848 85.16886829063935 -999.0 16600.0 -999.0 2 -999 {-999.0 -999.0 -999.0 -999.0 -999.0} "" -999.0 -999.0 -999.0 -999.0 -999 -999 "" "" "" "" 0 0 0.0 0.0 -999 ""
FIBERMAP 1258 R-12C12 BOSS 1 1 0 1 0 0 103.8557745514266 -219.02068030927447 143.1 214.70033234314587 112.49509860496913 94.23355 59.629326 277.2553564275968 -28.5822852308715 -2.7182896 -7.2601275 0.1857367 277.25534722390853 -28.582306816743895 277.3369250189101 -28.565708637591566 85.71603983621458 85.14212991480457 5400.0 5400.0 2016.0 1 428 {-999.0 17.087029 16.628868 16.546797 -999.0} sdss_psfmag_ps1 16.957361 16.65795 16.100191 15.283 63050395247115237 981872251 "" ops_std_boss_tic ops_std standard_boss 0 0 0.0 0.0 -999 ""
FIBERMAP 1258 R-12C12 METROLOGY 0 0 0 1 0 0 103.21971231266726 -219.41105985730886 143.1 215.11572748795774 111.87511983118091 94.23355 59.629326 -999.0 -999.0 -999.0 -999.0 -999.0 277.25681923398383 -28.58416179774814 277.33840807504896 -28.567558995004603 85.71497907181823 85.16888419285095 -999.0 6231.0 -999.0 -1 -999 {-999.0 -999.0 -999.0 -999.0 -999.0} "" -999.0 -999.0 -999.0 -999.0 -999 -999 "" "" "" "" 0 0 0.0 0.0 -999 ""
FIBERMAP 1259 R+6C4 APOGEE 0 0 0 1 0 0 -168.79024623801854 124.99715523953594 143.1 -118.16818656507391 -173.62945211768977 156.5373 104.81626 -999.0 -999.0 -999.0 -999.0 -999.0 276.1013941799366 -29.447089713192273 276.18623864774054 -29.433390297997256 86.73487551686758 98.24814839199996 -999.0 16600.0 -999.0 2 -999 {-999.0 -999.0 -999.0 -999.0 -999.0} "" -999.0 -999.0 -999.0 -999.0 -999 -999 "" "" "" "" 0 0 0.0 0.0 -999 ""
FIBERMAP 1259 R+6C4 BOSS 1 1 0 1 0 0 -168.71430398261464 125.7406931267062 143.1 -118.91412994371292 -173.58319627150155 156.5373 104.81626 276.09878540039057 -29.446972980592022 -999.0 -999.0 -999.0 276.09878540039057 -29.446972980592022 276.18361617091085 -29.433279004897205 86.73715757559215 98.25070386963287 5400.0 5400.0 2015.5 1 39 {-999.0 -999.0 -999.0 -999.0 -999.0} "" -999.0 -999.0 -999.0 -999.0 27021603147107062 852461442 "" ops_sky_boss_fallback ops_sky sky_boss 0 0 0.0 0.0 -999 ""
FIBERMAP 1259 R+6C4 METROLOGY 0 0 0 1 0 0 -168.0955156679626 125.27436932977275 143.1 -118.47284801844303 -172.94634534955978 156.5373 104.81626 -999.0 -999.0 -999.0 -999.0 -999.0 276.10030286210497 -29.445087255033886 276.1851307270151 -29.43138994162102 86.7360580553118 98.21513600762665 -999.0 6231.0 -999.0 -1 -999 {-999.0 -999.0 -999.0 -999.0 -999.0} "" -999.0 -999.0 -999.0 -999.0 -999 -999 "" "" "" "" 0 0 0.0 0.0 -999 ""
FIBERMAP 1262 R-5C7 APOGEE 1 1 0 1 0 0 -101.06877054413727 -111.25758648237762 143.1 115.19145016614826 -96.55189963020761 276.74838 108.737686 276.9135076055519 -29.216121000229897 -4.8905463 -6.5606174 0.02020214 276.9134909455265 -29.216140506312232 276.9973307108458 -29.200354254695807 86.04513278653246 93.77096947325056 16000.0 16600.0 2016.0 2 293 {-999.0 17.636555 15.331159 14.331647 -999.0} sdss_psfmag_ps1 16.69097 13.614788 12.069632 8.307 63050395245439928 1153377046 bright_1x1 mwm_galactic_core_dist_apogee_sparse mwm_galactic science 0 0 0.0 0.0 -999 ""
FIBERMAP 1262 R-5C7 BOSS 0 0 0 1 0 0 -101.76956868368728 -111.55918725362753 143.1 115.52071969858558 -97.24009732496583 276.74838 108.737686 -999.0 -999.0 -999.0 -999.0 -999.0 276.9147060696988 -29.21826659479628 276.9985357901726 -29.202476517213544 86.04402256036296 93.80130204666273 -999.0 5400.0 -999.0 1 482 {-999.0 -999.0 -999.0 -999.0 -999.0} "" -999.0 -999.0 -999.0 -999.0 -999 -999 "" "" "" "" 0 0 0.0 0.0 -999 ""
FIBERMAP 1262 R-5C7 METROLOGY 0 0 0 1 0 0 -101.68171913584524 -110.82402705310557 143.1 114.78267262476946 -97.18161034392728 276.74838 108.737686 -999.0 -999.0 -999.0 -999.0 -999.0 276.9121556970738 -29.21810439894858 276.9959903803772 -29.2023210913713 86.04624792620864 93.79994890399149 -999.0 6231.0 -999.0 -1 -999 {-999.0 -999.0 -999.0 -999.0 -999.0} "" -999.0 -999.0 -999.0 -999.0 -999 -999 "" "" "" "" 0 0 0.0 0.0 -999 ""
FIBERMAP 1263 R-7C13 APOGEE 1 1 0 1 0 0 42.269932072579344 -128.60917305291542 143.1 126.81785062739289 47.3585597017343 171.03787 96.81565 276.9536199289246 -28.77960930387706 3.5254178 -7.5304613 0.1211716 276.953631887928 -28.779631693507888 277.03597690415353 -28.763792554417797 85.99929556141598 87.49031435743473 16000.0 16600.0 2016.0 2 176 {-999.0 15.553061 14.108504 13.144233 -999.0} sdss_psfmag_ps1 14.824395 13.281553 12.085678 9.254 63050395245704225 1156423268 bright_1x1 mwm_galactic_core_dist_apogee_extra mwm_galactic science 0 0 0.0 0.0 -999 ""
FIBERMAP 1263 R-7C13 BOSS 0 0 0 1 0 0 42.2877984539744 -127.84684298641699 143.1 126.05544452569244 47.34603941479937 171.03787 96.81565 -999.0 -999.0 -999.0 -999.0 -999.0 276.9510843946494 -28.77964565896216 277.03341314844545 -28.763814372839196 86.00153717315943 87.4879778243876 -999.0 5400.0 -999.0 1 419 {-999.0 -999.0 -999.0 -999.0 -999.0} "" -999.0 -999.0 -999.0 -999.0 -999 -999 "" "" "" "" 0 0 0.0 0.0 -999 ""
FIBERMAP 1263 R-7C13 METROLOGY 0 0 0 1 0 0 42.92210044697195 -128.2434198576075 143.1 126.42641961741441 47.99561231011023 171.03787 96.81565 -999.0 -999.0 -999.0 -999.0 -999.0 276.9523734910513 -28.77767055315915 277.0347000373638 -28.761835803872877 86.0002497908418 87.46103762769826 -999.0 6231.0 -999.0 -1 -999 {-999.0 -999.0 -999.0 -999.0 -999.0} "" -999.0 -999.0 -999.0 -999.0 -999 -999 "" "" "" "" 0 0 0.0 0.0 -999 ""
FIBERMAP 1268 R0C1 APOGEE 1 1 0 1 0 0 -287.232937948157 6.530986365496599 143.1 4.918023405950702 -287.25358826293757 339.66568 171.56606 276.5283726147849 -29.79101581549243 -2.4087713 -1.9187431 0.11871134 276.5283643623976 -29.79102152031551 276.61428263843555 -29.776169548312083 86.31499553912957 102.91558368208942 16000.0 16600.0 2016.0 2 254 {-999.0 15.854471 14.313083 13.515953 -999.0} sdss_psfmag_from_g3xp 15.196977 14.117776 13.0889 10.681 63050395244875851 1152010306 bright_1x1 mwm_galactic_core_dist_apogee_sparse mwm_galactic science 0 0 0.0 0.0 -999 ""
FIBERMAP 1268 R0C1 BOSS 0 0 0 1 0 0 -286.60292574345715 6.167376114182265 143.1 5.256230279752274 -286.60961499170025 339.66568 171.56606 -999.0 -999.0 -999.0 -999.0 -999.0 276.5295638269399 -29.789069668161016 276.6154594499284 -29.774212201072213 86.31436141713914 102.88268191545632 -999.0 5400.0 -999.0 1 524 {-999.0 -999.0 -999.0 -999.0 -999.0} "" -999.0 -999.0 -999.0 -999.0 -999 -999 "" "" "" "" 0 0 0.0 0.0 -999 ""
FIBERMAP 1268 R0C1 METROLOGY 0 0 0 1 0 0 -287.20257304678785 5.792143387380395 143.1 5.655040438864043 -287.19381265972515 339.66568 171.56606 -999.0 -999.0 -999.0 -999.0 -999.0 276.5309431250881 -29.790878622391023 276.6168490563057 -29.776018083233925 86.31283657821572 102.90673100407162 -999.0 6231.0 -999.0 -1 -999 {-999.0 -999.0 -999.0 -999.0 -999.0} "" -999.0 -999.0 -999.0 -999.0 -999 -999 "" "" "" "" 0 0 0.0 0.0 -999 ""
FIBERMAP 1269 R+7C9 APOGEE 1 1 0 1 0 0 -48.69945369187496 138.42305374712612 143.1 -136.36738998397186 -54.173711112405876 187.48311 99.43238 276.0403799400287 -29.085100836315803 -3.1423674 -5.022723 0.15231049 276.0403692489554 -29.08511576991853 276.1239898661293 -29.071617986877282 86.80987767896421 91.88501233474295 16000.0 16600.0 2016.0 2 139 {-999.0 16.689478 14.773458 12.260936 -999.0} sdss_psfmag_gaia 15.166265 12.984942 11.629458 8.405 63050395263134065 1154372853 bright_1x1 mwm_galactic_core_dist_apogee_sparse mwm_galactic science 0 0 0.0 0.0 -999 ""
FIBERMAP 1269 R+7C9 BOSS 0 0 0 1 0 0 -48.92057892199436 139.14485667014415 143.1 -137.07978114683 -54.42340906474039 187.48311 99.43238 -999.0 -999.0 -999.0 -999.0 -999.0 276.03784027822894 -29.085879829950027 276.12145051941684 -29.07238851691103 86.81209546914268 91.89894740368942 -999.0 5400.0 -999.0 1 136 {-999.0 -999.0 -999.0 -999.0 -999.0} "" -999.0 -999.0 -999.0 -999.0 -999 -999 "" "" "" "" 0 0 0.0 0.0 -999 ""
FIBERMAP 1269 R+7C9 METROLOGY 0 0 0 1 0 0 -48.19457193035645 138.96757271370709 143.1 -136.93156967410698 -53.69094443617204 187.48311 99.43238 -999.0 -999.0 -999.0 -999.0 -999.0 276.0383473843782 -29.083668295208728 276.1219538267335 -29.070175934689104 86.81165975765663 91.8591482563067 -999.0 6231.0 -999.0 -1 -999 {-999.0 -999.0 -999.0 -999.0 -999.0} "" -999.0 -999.0 -999.0 -999.0 -999 -999 "" "" "" "" 0 0 0.0 0.0 -999 ""
FIBERMAP 1273 R+2C9 APOGEE 1 1 0 1 0 0 -96.09002653629143 55.37221189279878 143.1 -51.49773765062363 -98.21595662716302 143.1905 79.38716 276.3341400337103 -29.220319533915546 -1.5535343 -4.754467 0.022254596 276.33413474125865 -29.220333669937034 276.41814264472896 -29.20605473053138 86.55024406502713 94.11662030777875 16000.0 16600.0 2016.0 2 32 {-999.0 16.833242 15.287214 13.783092 -999.0} sdss_psfmag_ps1 16.11887 14.15503 12.834698 9.766 63050395263612701 1153378744 bright_1x1 mwm_galactic_core_dist_apogee_sparse mwm_galactic science 0 0 0.0 0.0 -999 ""
FIBERMAP 1273 R+2C9 BOSS 0 0 0 1 0 0 -95.57221049316776 55.90544240969209 143.1 -52.051153616411014 -97.71981671655409 143.1905 79.38716 -999.0 -999.0 -999.0 -999.0 -999.0 276.3322002980823 -29.218874108546977 276.41618893184557 -29.20459988766845 86.55200369412063 94.09353589645298 -999.0 5400.0 -999.0 1 54 {-999.0 -999.0 -999.0 -999.0 -999.0} "" -999.0 -999.0 -999.0 -999.0 -999 -999 "" "" "" "" 0 0 0.0 0.0 -999 ""
FIBERMAP 1273 R+2C9 METROLOGY 0 0 0 1 0 0 -95.36721633341146 55.17703565765896 143.1 -51.33152145882091 -97.48597328025568 143.1905 79.38716 -999.0 -999.0 -999.0 -999.0 -999.0 276.33469521303357 -29.21818584356684 276.4186850363176 -29.203905347743927 86.54985272378075 94.0806290163751 -999.0 6231.0 -999.0 -1 -999 {-999.0 -999.0 -999.0 -999.0 -999.0} "" -999.0 -999.0 -999.0 -999.0 -999 -999 "" "" "" "" 0 0 0.0 0.0 -999 ""
FIBERMAP 1275 R-6C7 APOGEE 1 1 0 1 0 0 -80.33245251943991 -118.53649573852248 143.1 121.63813935207212 -75.54287856065226 313.6742 145.07425 276.9359164838699 -29.15241099752398 -4.723656 -10.646249 0.06654187 276.93590040235733 -29.15244265104018 277.01951672221276 -29.136605635503404 86.02698960684049 92.84356441291764 16000.0 16600.0 2016.0 2 246 {-999.0 15.155158 13.482337 12.560088 -999.0} sdss_psfmag_from_g3xp 14.406343 13.196277 12.119433 9.612 63050395245567985 1152011055 bright_1x1 mwm_galactic_core_dist_apogee_sparse mwm_galactic science 0 0 0.0 0.0 -999 ""
FIBERMAP 1275 R-6C7 BOSS 0 0 0 1 0 0 -80.21179549519057 -119.27113306743598 143.1 122.36735694132979 -75.39305369312983 313.6742 145.07425 -999.0 -999.0 -999.0 -999.0 -999.0 276.93851005438364 -29.15201945017354 277.02210718388574 -29.136175533114802 86.02473180971681 92.8369997303559 -999.0 5400.0 -999.0 1 505 {-999.0 -999.0 -999.0 -999.0 -999.0} "" -999.0 -999.0 -999.0 -999.0 -999 -999 "" "" "" "" 0 0 0.0 0.0 -999 ""
FIBERMAP 1275 R-6C7 METROLOGY 0 0 0 1 0 0 -80.9087764179868 -119.00593744508633 143.1 122.13015070088672 -76.10001892307396 313.6742 145.07425 -999.0 -999.0 -999.0 -999.0 -999.0 276.93769706830045 -29.154172266749764 277.0213065969451 -29.138330250300278 86.02540688840904 92.8681944957043 -999.0 6231.0 -999.0 -1 -999 {-999.0 -999.0 -999.0 -999.0 -999.0} "" -999.0 -999.0 -999.0 -999.0 -999 -999 "" "" "" "" 0 0 0.0 0.0 -999 ""
FIBERMAP 1278 R+2C4 APOGEE 0 0 0 1 0 0 -196.82584751642395 59.380735460237155 143.1 -51.48953193986805 -199.02746756093083 138.23318 39.552895 -999.0 -999.0 -999.0 -999.0 -999.0 276.3329009273651 -29.525194167870183 276.4179544065362 -29.510882504453694 86.52535573633435 99.14906360438812 -999.0 16600.0 -999.0 2 -999 {-999.0 -999.0 -999.0 -999.0 -999.0} "" -999.0 -999.0 -999.0 -999.0 -999 -999 "" "" "" "" 0 0 0.0 0.0 -999 ""
FIBERMAP 1278 R+2C4 BOSS 1 1 0 1 0 0 -196.13563832491477 59.39677058111876 143.1 -51.53305210906696 -198.33847284606523 138.23318 39.552895 276.33277955326906 -29.523171849375437 -6.7433777 0.8049616 0.19788851 276.3327565120486 -29.523169456054738 276.41778815370236 -29.508856782131407 86.52575333471356 99.11620103540385 5400.0 5400.0 2016.0 1 35 {-999.0 18.553833 18.063503 18.019358 -999.0} sdss_psfmag_ps1 18.402487 17.950811 17.465662 -999.0 63050395244979021 978464570 "" ops_std_boss ops_std standard_boss 0 0 0.0 0.0 -999 ""
FIBERMAP 1278 R+2C4 METROLOGY 0 0 0 1 0 0 -196.46977755318713 58.72292667489248 143.1 -50.8464578377733 -198.64548698937122 138.23318 39.552895 -999.0 -999.0 -999.0 -999.0 -999.0 276.3351301468095 -29.524134295148848 276.42016875755644 -29.50981578127449 86.52357777864478 99.12761689712642 -999.0 6231.0 -999.0 -1 -999 {-999.0 -999.0 -999.0 -999.0 -999.0} "" -999.0 -999.0 -999.0 -999.0 -999 -999 "" "" "" "" 0 0 0.0 0.0 -999 ""
FIBERMAP 1279 R-5C22 APOGEE 1 1 0 1 0 0 243.90569908041357 -103.73427962719214 143.1 93.93039126768574 247.83513160791668 302.45932 135.09888 276.8389892578125 -28.173793979390027 -999.0 -999.0 -999.0 276.8389892578125 -28.173793979390023 276.91932573879296 -28.158324417329705 86.00499093057978 78.67396162480928 16000.0 16600.0 2015.5 2 236 {-999.0 -999.0 -999.0 -999.0 -999.0} "" -999.0 -999.0 -999.0 -999.0 27021603147114996 848845025 "" ops_sky_apogee_good ops_sky sky_apogee 0 0 0.0 0.0 -999 ""
FIBERMAP 1279 R-5C22 BOSS 0 0 0 1 0 0 243.7730970881275 -104.46796135599283 143.1 94.66874407178585 247.73187060207385 302.45932 135.09888 -999.0 -999.0 -999.0 -999.0 -999.0 276.84153713949553 -28.174107165932345 276.9218574726699 -28.158634423909934 86.00289214176578 78.6857371062901 -999.0 5400.0 -999.0 1 346 {-999.0 -999.0 -999.0 -999.0 -999.0} "" -999.0 -999.0 -999.0 -999.0 -999 -999 "" "" "" "" 0 0 0.0 0.0 -999 ""
FIBERMAP 1279 R-5C22 METROLOGY 0 0 0 1 0 0 243.20399179623502 -103.97128407518089 143.1 94.19515457037711 247.14345196362774 302.45932 135.09888 -999.0 -999.0 -999.0 -999.0 -999.0 276.83993472755265 -28.175823644404883 276.92026591734304 -28.16035387587597 86.00465636533983 78.70505746619205 -999.0 6231.0 -999.0 -1 -999 {-999.0 -999.0 -999.0 -999.0 -999.0} "" -999.0 -999.0 -999.0 -999.0 -999 -999 "" "" "" "" 0 0 0.0 0.0 -999 ""
FIBERMAP 1282 R+11C4 APOGEE 1 1 0 1 0 0 -103.56260725903773 202.82038325148935 143.1 -198.52522612882402 -111.55674453984997 239.49586 133.71202 275.8241271972656 -29.25706618555317 -999.0 -999.0 -999.0 275.8241271972656 -29.257066185553175 275.90838899773956 -29.24411173581351 86.99268076111723 95.18507044923005 16000.0 16600.0 2015.5 2 148 {-999.0 -999.0 -999.0 -999.0 -999.0} "" -999.0 -999.0 -999.0 -999.0 27021603147107367 848843558 "" ops_sky_apogee_good ops_sky sky_apogee 0 0 0.0 0.0 -999 ""
FIBERMAP 1282 R+11C4 BOSS 0 0 0 1 0 0 -104.25932897226707 202.64548131688065 143.1 -198.32271217543448 -112.24591697906722 239.49586 133.71202 -999.0 -999.0 -999.0 -999.0 -999.0 275.824786635472 -29.259175702330875 275.90904261380274 -29.24621858699458 86.99198171349605 95.22447806888522 -999.0 5400.0 -999.0 1 151 {-999.0 -999.0 -999.0 -999.0 -999.0} "" -999.0 -999.0 -999.0 -999.0 -999 -999 "" "" "" "" 0 0 0.0 0.0 -999 ""
FIBERMAP 1282 R+11C4 METROLOGY 0 0 0 1 0 0 -104.06551928232673 203.35773428602502 143.1 -199.0420926490859 -112.08064558513738 239.49586 133.71202 -999.0 -999.0 -999.0 -999.0 -999.0 275.822265712524 -29.25866832553016 275.90652423084293 -29.245718040474546 86.99420585459708 95.21754779239689 -999.0 6231.0 -999.0 -1 -999 {-999.0 -999.0 -999.0 -999.0 -999.0} "" -999.0 -999.0 -999.0 -999.0 -999 -999 "" "" "" "" 0 0 0.0 0.0 -999 ""
FIBERMAP 1283 R+3C24 APOGEE 1 1 0 1 0 0 276.7416759243075 69.01795140975412 143.1 -79.98597499698258 273.76115281301327 101.47774 23.655613 276.24298095703125 -28.09448178997728 -999.0 -999.0 -999.0 276.24298095703125 -28.09448178997728 276.3232042999188 -28.08057275528403 86.49320433665797 75.45608840653202 16000.0 16600.0 2015.5 2 85 {-999.0 -999.0 -999.0 -999.0 -999.0} "" -999.0 -999.0 -999.0 -999.0 27021603147110523 848843996 "" ops_sky_apogee_good ops_sky sky_apogee 0 0 0.0 0.0 -999 ""
FIBERMAP 1283 R+3C24 BOSS 0 0 0 1 0 0 277.1747186222781 68.41838555180887 143.1 -79.40416189647848 274.21772148563605 101.47774 23.655613 -999.0 -999.0 -999.0 -999.0 -999.0 276.24500782139387 -28.093142238854956 276.32521188750525 -28.079231795664214 86.49112665570713 75.4432314813912 -999.0 5400.0 -999.0 1 258 {-999.0 -999.0 -999.0 -999.0 -999.0} "" -999.0 -999.0 -999.0 -999.0 -999 -999 "" "" "" "" 0 0 0.0 0.0 -999 ""
FIBERMAP 1283 R+3C24 METROLOGY 0 0 0 1 0 0 276.44042643717034 68.31584263207066 143.1 -79.27244977729623 273.4881270736278 101.47774 23.655613 -999.0 -999.0 -999.0 -999.0 -999.0 276.2454170674196 -28.09527304729085 276.32563221349847 -28.081360229973903 86.49137108114797 75.47830655817103 -999.0 6231.0 -999.0 -1 -999 {-999.0 -999.0 -999.0 -999.0 -999.0} "" -999.0 -999.0 -999.0 -999.0 -999 -999 "" "" "" "" 0 0 0.0 0.0 -999 ""
FIBERMAP 1284 R+4C21 APOGEE 1 1 0 1 0 0 192.08502541807735 66.56629907950749 143.1 -74.163586599114 189.2727804877207 239.87909 105.76599 276.26085600647986 -28.348540561361734 2.5951495 -8.683191 1.7731483 276.26086477382233 -28.34856637829937 276.34193540129064 -28.334580914946784 86.5401200675687 79.57474308289444 16000.0 16600.0 2016.0 2 116 {-999.0 11.345271 11.155615 11.062256 -999.0} sdss_psfmag_from_g3xp 11.340472 11.181588 10.724636 10.046 63050395264343925 975029446 "" ops_std_apogee ops_std standard_apogee 0 0 0.0 0.0 -999 ""
FIBERMAP 1284 R+4C21 BOSS 0 0 0 1 0 0 191.35773310588226 66.7274887506755 143.1 -74.29566600092866 188.53967281822315 239.87909 105.76599 -999.0 -999.0 -999.0 -999.0 -999.0 276.26038509375593 -28.350723492438476 276.34144925246187 -28.336741741598917 86.5409972151247 79.60822915993589 -999.0 5400.0 -999.0 1 201 {-999.0 -999.0 -999.0 -999.0 -999.0} "" -999.0 -999.0 -999.0 -999.0 -999 -999 "" "" "" "" 0 0 0.0 0.0 -999 ""
FIBERMAP 1284 R+4C21 METROLOGY 0 0 0 1 0 0 191.86566250570436 67.27492353785 143.1 -74.86288049995963 189.02536842271638 239.87909 105.76599 -999.0 -999.0 -999.0 -999.0 -999.0 276.2584290861694 -28.34922644181476 276.33949278444084 -28.33524918554525 86.5423629754522 79.57798766084085 -999.0 6231.0 -999.0 -1 -999 {-999.0 -999.0 -999.0 -999.0 -999.0} "" -999.0 -999.0 -999.0 -999.0 -999 -999 "" "" "" "" 0 0 0.0 0.0 -999 ""
FIBERMAP 1288 R-12C5 APOGEE 0 0 0 1 0 0 -48.03339923781391 -222.49162808018633 143.1 224.21975728919907 -39.12911644311391 98.96221 26.923967 -999.0 -999.0 -999.0 -999.0 -999.0 277.29028730286365 -29.04112749135368 277.3734264147471 -29.02438232052305 85.71723627909697 91.30107509011543 -999.0 16600.0 -999.0 2 -999 {-999.0 -999.0 -999.0 -999.0 -999.0} "" -999.0 -999.0 -999.0 -999.0 -999 -999 "" "" "" "" 0 0 0.0 0.0 -999 ""
FIBERMAP 1288 R-12C5 BOSS 1 1 0 1 0 0 -47.59790713773845 -223.07573741729828 143.1 224.78602917351213 -38.67071620985874 98.96221 26.923967 277.292324366041 -29.03973283823883 -8.595178 -1.7892524 1.9977015 277.29229513609187 -29.039738158056057 277.3754099666201 -29.02298828433663 85.71547571410414 91.28285515176734 5400.0 5400.0 2016.0 1 427 {-999.0 19.336235 17.614721 16.851156 -999.0} sdss_psfmag_ps1 18.40596 17.389908 16.224804 14.076 63050395245598560 1096162451 bright_1x1 mwm_bin_vis_boss mwm_filler science 0 0 0.0 0.0 -999 ""
FIBERMAP 1288 R-12C5 METROLOGY 0 0 0 1 0 0 -48.33533880634862 -223.17597500518065 143.1 224.9155629626963 -39.4035393331267 98.96221 26.923967 -999.0 -999.0 -999.0 -999.0 -999.0 277.2927814366691 -29.041960746560413 277.3759095117688 -29.025209210221803 85.71508086906263 91.31268628512623 -999.0 6231.0 -999.0 -1 -999 {-999.0 -999.0 -999.0 -999.0 -999.0} "" -999.0 -999.0 -999.0 -999.0 -999 -999 "" "" "" "" 0 0 0.0 0.0 -999 ""
FIBERMAP 1292 R-8C6 APOGEE 0 0 0 1 0 0 -87.89479723559967 -165.40838092776835 143.1 168.77222310842893 -81.23150737970637 253.82332 140.28929 -999.0 -999.0 -999.0 -999.0 -999.0 277.0991386871191 -29.169302244940063 277.1827675678579 -29.153038770831373 85.88421774519891 93.05189830668286 -999.0 16600.0 -999.0 2 -999 {-999.0 -999.0 -999.0 -999.0 -999.0} "" -999.0 -999.0 -999.0 -999.0 -999 -999 "" "" "" "" 0 0 0.0 0.0 -999 ""
FIBERMAP 1292 R-8C6 BOSS 1 1 0 1 0 0 -88.52384010803483 -165.85953544658716 143.1 169.24806288192607 -81.84205132349932 253.82332 140.28929 277.100848225011 -29.17116328240365 5.1712127 -3.0960824 -0.0802806 277.1008658334248 -29.17117248770106 277.18448292451063 -29.154904090522805 85.88269459912631 93.07759828881125 5400.0 5400.0 2016.0 1 363 {-999.0 16.363625 15.625634 15.056351 -999.0} sdss_psfmag_ps1 15.848777 15.459552 14.407025 12.271 63050395245556322 1093352999 bright_3x1 mwm_astar_core_boss mwm_ob science 0 0 0.0 0.0 -999 ""
FIBERMAP 1292 R-8C6 METROLOGY 0 0 0 1 0 0 -88.5720842396076 -165.09092143271735 143.1 168.4820119630949 -81.92087734493393 253.82332 140.28929 -999.0 -999.0 -999.0 -999.0 -999.0 277.09823619144464 -29.171430231221105 277.18185991754285 -29.155168699126644 85.88498142256617 93.0817244849153 -999.0 6231.0 -999.0 -1 -999 {-999.0 -999.0 -999.0 -999.0 -999.0} "" -999.0 -999.0 -999.0 -999.0 -999 -999 "" "" "" "" 0 0 0.0 0.0 -999 ""
FIBERMAP 1293 R+1C5 APOGEE 1 1 0 1 0 0 -181.6952198662299 27.223267332081953 143.1 -19.961697637169564 -182.6282824405468 30.180227 127.40902 276.44285123617226 -29.47615688007287 -6.7347064 -7.9733124 0.20536804 276.44282823525515 -29.476180586390797 276.5276844624944 -29.46158846166867 86.4362446177112 98.16978997040002 16000.0 16600.0 2016.0 2 39 {-999.0 15.892186 14.330497 13.523867 -999.0} sdss_psfmag_from_g3xp 15.213507 14.139822 13.096095 10.687 63050395244985566 1152010438 bright_1x1 mwm_galactic_core_dist_apogee_sparse mwm_galactic science 0 0 0.0 0.0 -999 ""
FIBERMAP 1293 R+1C5 BOSS 0 0 0 1 0 0 -181.01041825659695 26.961945879620437 143.1 -19.727877103169945 -181.9336407160294 30.180227 127.40902 -999.0 -999.0 -999.0 -999.0 -999.0 276.4436571079707 -29.47414910982333 276.52849095661963 -29.459553629938497 86.43576528422375 98.13603149073424 -999.0 5400.0 -999.0 1 65 {-999.0 -999.0 -999.0 -999.0 -999.0} "" -999.0 -999.0 -999.0 -999.0 -999 -999 "" "" "" "" 0 0 0.0 0.0 -999 ""
FIBERMAP 1293 R+1C5 METROLOGY 0 0 0 1 0 0 -181.55979520726032 26.477803618921367 143.1 -19.222251045730033 -182.46327092354187 30.180227 127.40902 -999.0 -999.0 -999.0 -999.0 -999.0 276.44540444731547 -29.475777533341457 276.53024774806374 -29.461177713682524 86.43407003638009 98.15935588214279 -999.0 6231.0 -999.0 -1 -999 {-999.0 -999.0 -999.0 -999.0 -999.0} "" -999.0 -999.0 -999.0 -999.0 -999 -999 "" "" "" "" 0 0 0.0 0.0 -999 ""
FIBERMAP 1294 R+13C4 APOGEE 1 1 0 1 0 0 -80.35556385663746 270.6764673494875 143.1 -267.2493040655085 -91.07248982126598 134.55203 71.955215 275.5879574605436 -29.192551358782865 -2.3485188 -6.387634 0.12531461 275.58794946197145 -29.192570350549556 275.6720475125905 -29.180239286395047 87.20207931880643 94.14228896234663 16000.0 16600.0 2016.0 2 53 {-999.0 16.014261 14.362835 13.468571 -999.0} sdss_psfmag_from_g3xp 15.288383 14.101768 13.029199 10.473 63050395263400087 1152039104 bright_1x1 mwm_galactic_core_dist_apogee_sparse mwm_galactic science 0 0 0.0 0.0 -999 ""
FIBERMAP 1294 R+13C4 BOSS 0 0 0 1 0 0 -79.6510798582568 270.9383919139569 143.1 -267.53907732785893 -90.37902861355283 134.55203 71.955215 -999.0 -999.0 -999.0 -999.0 -999.0 275.587011381212 -29.190457763823137 275.67109048418956 -29.17812892685568 87.20300856647118 94.09985870965818 -999.0 5400.0 -999.0 1 90 {-999.0 -999.0 -999.0 -999.0 -999.0} "" -999.0 -999.0 -999.0 -999.0 -999 -999 "" "" "" "" 0 0 0.0 0.0 -999 ""
FIBERMAP 1294 R+13C4 METROLOGY 0 0 0 1 0 0 -79.78547154517472 270.1823396844702 143.1 -266.778301377102 -90.48318656490505 134.55203 71.955215 -999.0 -999.0 -999.0 -999.0 -999.0 275.58955406781365 -29.190821221985324 275.67363719914556 -29.178485842294116 87.20077134581221 94.10513823280303 -999.0 6231.0 -999.0 -1 -999 {-999.0 -999.0 -999.0 -999.0 -999.0} "" -999.0 -999.0 -999.0 -999.0 -999 -999 "" "" "" "" 0 0 0.0 0.0 -999 ""
FIBERMAP 1295 R-12C3 APOGEE 0 0 0 1 0 0 -119.41009770904262 -229.7850841083477 143.1 234.35082871582557 -110.1557111754091 92.198044 165.5637 -999.0 -999.0 -999.0 -999.0 -999.0 277.3256012493601 -29.255749150851052 277.4094614171138 -29.238886854782535 85.68447458576011 94.16026296929573 -999.0 16600.0 -999.0 2 -999 {-999.0 -999.0 -999.0 -999.0 -999.0} "" -999.0 -999.0 -999.0 -999.0 -999 -999 "" "" "" "" 0 0 0.0 0.0 -999 ""
FIBERMAP 1295 R-12C3 BOSS 1 1 0 1 0 0 -119.27325717420936 -229.01835821126156 143.1 233.57929043534918 -110.04953166490286 92.198044 165.5637 277.32297617714795 -29.255427713960774 -1.3251785 -7.1971083 -0.037876926 277.3229716610908 -29.25544911246396 277.4068130124775 -29.2385931894436 85.68679347237325 94.15730284549488 5400.0 5400.0 2016.0 1 425 {-999.0 16.897633 15.973246 15.703215 -999.0} sdss_psfmag_ps1 16.452364 15.876444 15.017703 13.0 63050395245290047 1093352902 bright_3x1 mwm_astar_core_boss mwm_ob science 0 0 0.0 0.0 -999 ""
FIBERMAP 1295 R-12C3 METROLOGY 0 0 0 1 0 0 -118.69676766878315 -229.56000974183848 143.1 234.0975224862634 -109.45194316540939 92.198044 165.5637 -999.0 -999.0 -999.0 -999.0 -999.0 277.3247972352099 -29.25365223440357 277.4086371918306 -29.236791925238823 85.68525722559697 94.13272425154594 -999.0 6231.0 -999.0 -1 -999 {-999.0 -999.0 -999.0 -999.0 -999.0} "" -999.0 -999.0 -999.0 -999.0 -999 -999 "" "" "" "" 0 0 0.0 0.0 -999 ""
FIBERMAP 1297 R+11C13 APOGEE 1 1 0 1 0 0 103.74320300312583 195.20444593256937 143.1 -199.1748502290963 95.87959950564887 317.85367 71.92942 275.82807528234815 -28.628981089115957 -3.44304 -6.133153 0.08661085 275.8280636195908 -28.62899932425779 275.91018679023733 -28.616108476409064 86.96421522239181 83.26175256515566 16000.0 16600.0 2016.0 2 123 {-999.0 15.787049 14.2525 13.51002 -999.0} sdss_psfmag_from_g3xp 15.13591 14.095887 13.091723 10.753 63050395264136041 1152039950 bright_1x1 mwm_galactic_core_dist_apogee_sparse mwm_galactic science 0 0 0.0 0.0 -999 ""
FIBERMAP 1297 R+11C13 BOSS 0 0 0 1 0 0 103.1109020905651 194.83183345590058 143.1 -198.77735719201854 95.26267106849366 317.85367 71.92942 -999.0 -999.0 -999.0 -999.0 -999.0 275.82937350660944 -28.630852339359205 275.91148984118706 -28.617959511493748 86.96335318497678 83.29947237304884 -999.0 5400.0 -999.0 1 104 {-999.0 -999.0 -999.0 -999.0 -999.0} "" -999.0 -999.0 -999.0 -999.0 -999 -999 "" "" "" "" 0 0 0.0 0.0 -999 ""
FIBERMAP 1297 R+11C13 METROLOGY 0 0 0 1 0 0 103.08236410392416 195.5645256262062 143.1 -199.50830133239293 95.20496590890973 317.85367 71.92942 -999.0 -999.0 -999.0 -999.0 -999.0 275.8268232743509 -28.630998322303554 275.90894435790744 -28.6181116553844 86.96558607466302 83.2961812455398 -999.0 6231.0 -999.0 -1 -999 {-999.0 -999.0 -999.0 -999.0 -999.0} "" -999.0 -999.0 -999.0 -999.0 -999 -999 "" "" "" "" 0 0 0.0 0.0 -999 ""
FIBERMAP 1298 R+9C18 APOGEE 1 1 0 1 0 0 200.53614836057744 180.85133481294065 143.1 -188.69000870030763 193.16365879766983 21.751501 127.49108 275.8679783985609 -28.33551828766011 -5.202152 -5.4954786 0.10310533 275.8679608259891 -28.335534626862596 275.9490843963195 -28.322574279802037 86.87444667234888 78.02035665175805 16000.0 16600.0 2016.0 2 102 {-999.0 16.0113 14.483016 13.774517 -999.0} sdss_psfmag_from_g3xp 15.357391 14.348407 13.353527 10.979 63050395265417640 1152041582 bright_1x1 mwm_galactic_core_dist_apogee_sparse mwm_galactic science 0 0 0.0 0.0 -999 ""
FIBERMAP 1298 R+9C18 BOSS 0 0 0 1 0 0 201.14918235846565 180.4477771097194 143.1 -188.3112112665459 193.79225955639762 21.751501 127.49108 -999.0 -999.0 -999.0 -999.0 -999.0 275.869301838971 -28.333648908285948 275.9504058498171 -28.32068805620094 86.87287082769579 77.9917871158666 -999.0 5400.0 -999.0 1 176 {-999.0 -999.0 -999.0 -999.0 -999.0} "" -999.0 -999.0 -999.0 -999.0 -999 -999 "" "" "" "" 0 0 0.0 0.0 -999 ""
FIBERMAP 1298 R+9C18 METROLOGY 0 0 0 1 0 0 200.487251121054 180.11159240548676 143.1 -187.94893512852482 193.14427419755512 21.751501 127.49108 -999.0 -999.0 -999.0 -999.0 -999.0 275.8704684038717 -28.33556692415652 275.95158224857914 -28.322602016220625 86.87231641916298 78.03035916343754 -999.0 6231.0 -999.0 -1 -999 {-999.0 -999.0 -999.0 -999.0 -999.0} "" -999.0 -999.0 -999.0 -999.0 -999 -999 "" "" "" "" 0 0 0.0 0.0 -999 ""
FIBERMAP 1299 R+7C16 APOGEE 1 1 0 1 0 0 133.1198561552206 123.55726723854657 143.1 -128.75781101336193 128.0862270602115 328.48187 96.443924 276.0713195800781 -28.532758006765107 -999.0 -999.0 -999.0 276.0713195800781 -28.532758006765114 276.15305829379946 -28.519244565848243 86.73835541367961 82.1287435591423 16000.0 16600.0 2015.5 2 62 {-999.0 -999.0 -999.0 -999.0 -999.0} "" -999.0 -999.0 -999.0 -999.0 27021603147109942 848843893 "" ops_sky_apogee_good ops_sky sky_apogee 0 0 0.0 0.0 -999 ""
FIBERMAP 1299 R+7C16 BOSS 0 0 0 1 0 0 132.7775185398972 122.9001712035155 143.1 -128.08762401621428 127.7703541201991 328.48187 96.443924 -999.0 -999.0 -999.0 -999.0 -999.0 276.0735817280614 -28.533676870975 276.1553092707396 -28.520159472282618 86.73655854193242 82.15040736736029 -999.0 5400.0 -999.0 1 209 {-999.0 -999.0 -999.0 -999.0 -999.0} "" -999.0 -999.0 -999.0 -999.0 -999 -999 "" "" "" "" 0 0 0.0 0.0 -999 ""
FIBERMAP 1299 R+7C16 METROLOGY 0 0 0 1 0 0 132.3793548895033 123.50584105740589 143.1 -128.67692562788164 127.34839221894227 328.48187 96.443924 -999.0 -999.0 -999.0 -999.0 -999.0 276.0715171236377 -28.534928999096312 276.1532532956585 -28.521416249300003 86.73854950780313 82.16688057477103 -999.0 6231.0 -999.0 -1 -999 {-999.0 -999.0 -999.0 -999.0 -999.0} "" -999.0 -999.0 -999.0 -999.0 -999 -999 "" "" "" "" 0 0 0.0 0.0 -999 ""
FIBERMAP 1305 R+6C10 APOGEE 0 0 0 1 0 0 -11.628219494640462 102.28533681281446 143.1 -101.73675560731147 -15.693641723047461 340.36676 79.30302 -999.0 -999.0 -999.0 -999.0 -999.0 276.1611264029663 -28.9691171749093 276.2443215950218 -28.95531843367352 86.70276263755026 89.85986954020478 -999.0 16600.0 -999.0 2 -999 {-999.0 -999.0 -999.0 -999.0 -999.0} "" -999.0 -999.0 -999.0 -999.0 -999 -999 "" "" "" "" 0 0 0.0 0.0 -999 ""
FIBERMAP 1305 R+6C10 BOSS 1 1 0 1 0 0 -12.00397853363471 101.6471772376203 143.1 -101.08415774411104 -16.043662655595337 340.36676 79.30302 276.16333007812494 -28.970199807696517 -999.0 -999.0 -999.0 276.16333007812494 -28.970199807696513 276.24651427138065 -28.956395618824494 86.70088197190672 89.87972094050576 5400.0 5400.0 2015.5 1 133 {-999.0 -999.0 -999.0 -999.0 -999.0} "" -999.0 -999.0 -999.0 -999.0 27021603147108849 852461900 "" ops_sky_boss_fallback ops_sky sky_boss 0 0 0.0 0.0 -999 ""
FIBERMAP 1305 R+6C10 METROLOGY 0 0 0 1 0 0 -12.37621255829872 102.28319356405802 143.1 -101.70481357432807 -16.440925581004286 340.36676 79.30302 -999.0 -999.0 -999.0 -999.0 -999.0 276.16115671214817 -28.971395647921955 276.24434953667696 -28.957596857322123 86.70281562243322 89.89947523917294 -999.0 6231.0 -999.0 -1 -999 {-999.0 -999.0 -999.0 -999.0 -999.0} "" -999.0 -999.0 -999.0 -999.0 -999 -999 "" "" "" "" 0 0 0.0 0.0 -999 ""
FIBERMAP 1307 R+1C13 APOGEE 1 1 0 1 0 0 -23.226838917790527 23.116814087429333 143.1 -22.17216128589229 -24.12845820696305 158.49106 120.7757 276.43699368564063 -28.995905979353832 -2.157458 -2.8454692 0.101584196 276.4369863518028 -28.995914439526874 276.5202022530822 -28.98139413584585 86.46230638513995 90.42101451489853 16000.0 16600.0 2016.0 2 11 {-999.0 15.546147 13.9711895 12.743605 -999.0} sdss_psfmag_from_g3xp 14.863991 13.438018 12.262436 9.549 63050395263679923 1152039610 bright_1x1 mwm_galactic_core_dist_apogee_sparse mwm_galactic science 0 0 0.0 0.0 -999 ""
FIBERMAP 1307 R+1C13 BOSS 0 0 0 1 0 0 -23.368945234156975 23.85394085251942 143.1 -22.90301168022774 -24.299813659047246 158.49106 120.7757 -999.0 -999.0 -999.0 -999.0 -999.0 276.4344451589055 -28.9964418205075 276.5176484091156 -28.981928422897646 86.46455394881441 90.4287020533286 -999.0 5400.0 -999.0 1 13 {-999.0 -999.0 -999.0 -999.0 -999.0} "" -999.0 -999.0 -999.0 -999.0 -999 -999 "" "" "" "" 0 0 0.0 0.0 -999 ""
FIBERMAP 1307 R+1C13 METROLOGY 0 0 0 1 0 0 -22.66140672933684 23.609466758931298 143.1 -22.686930308562626 -23.58312521230814 158.49106 120.7757 -999.0 -999.0 -999.0 -999.0 -999.0 276.43519793329875 -28.994269630141247 276.5183978865207 -28.979754434109168 86.46383978497109 90.39375166166184 -999.0 6231.0 -999.0 -1 -999 {-999.0 -999.0 -999.0 -999.0 -999.0} "" -999.0 -999.0 -999.0 -999.0 -999 -999 "" "" "" "" 0 0 0.0 0.0 -999 ""
FIBERMAP 1310 R+2C13 APOGEE 0 0 0 1 0 0 6.064268493784881 31.154557741432548 143.1 -31.370179955118655 4.817991394618201 276.8958 143.5733 -999.0 -999.0 -999.0 -999.0 -999.0 276.40544303995244 -28.907908741602263 276.4883679079271 -28.893480929041036 86.48668801993921 88.9746094766 -999.0 16600.0 -999.0 2 -999 {-999.0 -999.0 -999.0 -999.0 -999.0} "" -999.0 -999.0 -999.0 -999.0 -999 -999 "" "" "" "" 0 0 0.0 0.0 -999 ""
FIBERMAP 1310 R+2C13 BOSS 1 1 0 1 0 0 5.70361511522397 30.492269043948568 143.1 -30.69407491319908 4.484024845830736 276.8958 143.5733 276.40777587890625 -28.908927192306834 -999.0 -999.0 -999.0 276.40777587890625 -28.908927192306834 276.4906885703373 -28.894493864327963 86.48471126010793 88.9928240378388 5400.0 5400.0 2015.5 1 110 {-999.0 -999.0 -999.0 -999.0 -999.0} "" -999.0 -999.0 -999.0 -999.0 27021603147108749 852461872 "" ops_sky_boss_fallback ops_sky sky_boss 0 0 0.0 0.0 -999 ""
FIBERMAP 1310 R+2C13 METROLOGY 0 0 0 1 0 0 5.316653230988032 31.130690700784577 143.1 -31.316547299476127 4.0719505136453975 276.8958 143.5733 -999.0 -999.0 -999.0 -999.0 -999.0 276.40560371193743 -28.910171345348974 276.4885254615132 -28.89574333058795 86.4866667091438 89.011595106475 -999.0 6231.0 -999.0 -1 -999 {-999.0 -999.0 -999.0 -999.0 -999.0} "" -999.0 -999.0 -999.0 -999.0 -999 -999 "" "" "" "" 0 0 0.0 0.0 -999 ""
FIBERMAP 1311 R-8C9 APOGEE 0 0 0 1 0 0 -19.49282443507571 -170.94545713630137 143.1 171.57949858057322 -12.66597997144001 301.3464 95.109024 -999.0 -999.0 -999.0 -999.0 -999.0 277.1085849760738 -28.96150621891596 277.19150424790143 -28.945242721443655 85.87410780685518 90.1613893689593 -999.0 16600.0 -999.0 2 -999 {-999.0 -999.0 -999.0 -999.0 -999.0} "" -999.0 -999.0 -999.0 -999.0 -999 -999 "" "" "" "" 0 0 0.0 0.0 -999 ""
FIBERMAP 1311 R-8C9 BOSS 1 1 0 1 0 0 -20.09273237298657 -171.38214843989547 143.1 172.039726444634 -13.247989503595523 301.3464 95.109024 277.1102708915143 -28.9632619989897 -0.4633086 -3.243703 0.46516392 277.1102693170882 -28.96327164319459 277.1931762945114 -28.947004135631076 85.87271055543398 90.18659979149426 5400.0 5400.0 2016.0 1 387 {-999.0 17.908934 17.18159 16.868202 16.662617} sdss_psfmag_from_ps1dr2 17.6367 17.1709 16.4102 15.072 63050395245615583 1039869675 "" ops_std_boss_ps1dr2 ops_std standard_boss 0 0 0.0 0.0 -999 ""
FIBERMAP 1311 R-8C9 METROLOGY 0 0 0 1 0 0 -20.179430920027748 -170.64869165377704 143.1 171.31033548390945 -13.363837181210267 301.3464 95.109024 -999.0 -999.0 -999.0 -999.0 -999.0 277.1077701650364 -28.96362974402574 277.1906842140122 -28.947368519351183 85.87490317342915 90.19055118901582 -999.0 6231.0 -999.0 -1 -999 {-999.0 -999.0 -999.0 -999.0 -999.0} "" -999.0 -999.0 -999.0 -999.0 -999 -999 "" "" "" "" 0 0 0.0 0.0 -999 ""
FIBERMAP 1313 R+6C17 APOGEE 1 1 0 1 0 0 114.20179994050623 112.25819520753832 143.1 -116.71445355761057 109.63411128113277 248.35512 46.93207 276.11230693817964 -28.588762407052275 -4.7734556 -5.0383463 0.09536395 276.1122907750377 -28.588777387105186 276.1942085062673 -28.575150621194528 86.71152417110446 83.19525484559533 16000.0 16600.0 2016.0 2 63 {-999.0 16.062044 14.447966 13.314186 -999.0} sdss_psfmag_from_g3xp 15.360312 13.992352 12.844852 10.219 63050395264102115 1152039957 bright_1x1 mwm_galactic_core_dist_apogee_sparse mwm_galactic science 0 0 0.0 0.0 -999 ""
FIBERMAP 1313 R+6C17 BOSS 0 0 0 1 0 0 113.95687852123396 112.97678097641776 143.1 -117.42268219242393 109.36076515907091 248.35512 46.93207 -999.0 -999.0 -999.0 -999.0 -999.0 276.10980100305045 -28.589547741740784 276.1917081251203 -28.575929208362084 86.71381165663561 83.20295928309633 -999.0 5400.0 -999.0 1 215 {-999.0 -999.0 -999.0 -999.0 -999.0} "" -999.0 -999.0 -999.0 -999.0 -999 -999 "" "" "" "" 0 0 0.0 0.0 -999 ""
FIBERMAP 1313 R+6C17 METROLOGY 0 0 0 1 0 0 114.69250745556783 112.8152804393013 143.1 -117.29062432083015 110.10221488318415 248.35512 46.93207 -999.0 -999.0 -999.0 -999.0 -999.0 276.1102569055057 -28.587291815023033 276.1921602211279 -28.573671844314802 86.71308128428768 83.16506396263799 -999.0 6231.0 -999.0 -1 -999 {-999.0 -999.0 -999.0 -999.0 -999.0} "" -999.0 -999.0 -999.0 -999.0 -999 -999 "" "" "" "" 0 0 0.0 0.0 -999 ""
FIBERMAP 1315 R+3C7 APOGEE 1 1 0 1 0 0 -112.66070869693222 71.76857677441964 143.1 -67.22024048781023 -115.42606179073728 80.28525 83.96671 276.2792531426275 -29.272208112686943 -2.1069455 -3.947554 0.06981315 276.27924596121983 -29.27221984958807 276.3634454440962 -29.258077744182923 86.59550771100969 95.02305282065923 16000.0 16600.0 2016.0 2 26 {-999.0 15.479824 13.504063 11.731813 -999.0} sdss_psfmag_gaia 14.248342 12.465947 11.19636 8.201 63050395263032360 1154372797 bright_1x1 mwm_galactic_core_dist_apogee_sparse mwm_galactic science 0 0 0.0 0.0 -999 ""
FIBERMAP 1315 R+3C7 BOSS 0 0 0 1 0 0 -111.9419504329244 71.58958429090369 143.1 -67.07003311847352 -114.70077177552307 80.28525 83.96671 -999.0 -999.0 -999.0 -999.0 -999.0 276.27975516351916 -29.270081999344256 276.36393262414765 -29.25593812981187 86.59519943336234 94.9866893647092 -999.0 5400.0 -999.0 1 44 {-999.0 -999.0 -999.0 -999.0 -999.0} "" -999.0 -999.0 -999.0 -999.0 -999 -999 "" "" "" "" 0 0 0.0 0.0 -999 ""
FIBERMAP 1315 R+3C7 METROLOGY 0 0 0 1 0 0 -112.45221910852746 71.04875927477119 143.1 -66.50932967961711 -115.18906804281377 80.28525 83.96671 -999.0 -999.0 -999.0 -999.0 -999.0 276.28168518973916 -29.27158326682121 276.3658714253453 -29.257434384972143 86.59342940466907 95.01029769229365 -999.0 6231.0 -999.0 -1 -999 {-999.0 -999.0 -999.0 -999.0 -999.0} "" -999.0 -999.0 -999.0 -999.0 -999 -999 "" "" "" "" 0 0 0.0 0.0 -999 ""
FIBERMAP 1319 R0C9 APOGEE 1 1 0 1 0 0 -119.10395492338256 19.751825378485968 143.1 -14.990166954696182 -119.7915503331949 171.62505 41.29703 276.46083858149876 -29.286184366653515 -3.823657 -4.6443543 -0.046606306 276.4608255469916 -29.28619817528654 276.54502580034074 -29.271581592365532 86.43660193122314 95.1028435351578 16000.0 16600.0 2016.0 2 276 {-999.0 17.366594 15.536611 12.685719 -999.0} sdss_psfmag_gaia 15.660014 13.393189 11.937233 8.432 63050395245477025 1154354526 bright_1x1 mwm_galactic_core_dist_apogee_sparse mwm_galactic science 0 0 0.0 0.0 -999 ""
FIBERMAP 1319 R0C9 BOSS 0 0 0 1 0 0 -118.48647154238019 20.145225489721984 143.1 -15.407839948788526 -119.19025526399143 171.62505 41.29703 -999.0 -999.0 -999.0 -999.0 -999.0 276.45938520023293 -29.284434449130064 276.5435645231447 -29.269821103317003 86.43797018655667 95.07566649606832 -999.0 5400.0 -999.0 1 449 {-999.0 -999.0 -999.0 -999.0 -999.0} "" -999.0 -999.0 -999.0 -999.0 -999 -999 "" "" "" "" 0 0 0.0 0.0 -999 ""
FIBERMAP 1319 R0C9 METROLOGY 0 0 0 1 0 0 -118.4406861859387 19.39980157727355 143.1 -14.66486183177801 -119.11480987711015 171.62505 41.29703 -999.0 -999.0 -999.0 -999.0 -999.0 276.46196501971247 -29.284226061230253 276.5461472783318 -29.2696062284411 86.43573203893156 95.07025959450493 -999.0 6231.0 -999.0 -1 -999 {-999.0 -999.0 -999.0 -999.0 -999.0} "" -999.0 -999.0 -999.0 -999.0 -999 -999 "" "" "" "" 0 0 0.0 0.0 -999 ""
FIBERMAP 1320 R+5C8 APOGEE 0 0 0 1 0 0 -71.32429649637326 82.78780877549497 143.1 -79.87715442459927 -74.56313763892025 317.42596 94.19822 -999.0 -999.0 -999.0 -999.0 -999.0 276.23589021929337 -29.148137704801762 276.3196766829152 -29.13412313819217 86.63824834710738 92.94764175147748 -999.0 16600.0 -999.0 2 -999 {-999.0 -999.0 -999.0 -999.0 -999.0} "" -999.0 -999.0 -999.0 -999.0 -999 -999 "" "" "" "" 0 0 0.0 0.0 -999 ""
FIBERMAP 1320 R+5C8 BOSS 1 1 0 1 0 0 -71.75487875963826 82.19751515736908 143.1 -79.27019840288338 -74.9698430873522 317.42596 94.19822 276.23796536640816 -29.14940376591113 -2.7800057 -6.495621 0.090481915 276.2379559022599 -29.149423078746782 276.32173176467563 -29.135402740356312 86.63642927766676 92.9688715755036 5400.0 5400.0 2016.0 1 67 {-999.0 16.385357 15.003251 14.454705 -999.0} sdss_psfmag_ps1 15.753727 14.888466 13.898729 11.763 63050395263631425 1093353571 bright_3x1 mwm_astar_core_boss mwm_ob science 0 0 0.0 0.0 -999 ""
FIBERMAP 1320 R+5C8 METROLOGY 0 0 0 1 0 0 -72.06577429563437 82.88634247530882 143.1 -79.94606494956285 -75.30792270683123 317.42596 94.19822 -999.0 -999.0 -999.0 -999.0 -999.0 276.2355906757296 -29.150443066463584 276.31937475378106 -29.136428832313566 86.6384678140829 92.98704153767608 -999.0 6231.0 -999.0 -1 -999 {-999.0 -999.0 -999.0 -999.0 -999.0} "" -999.0 -999.0 -999.0 -999.0 -999 -999 "" "" "" "" 0 0 0.0 0.0 -999 ""
FIBERMAP 1321 R-6C21 APOGEE 1 1 0 1 0 0 206.74631519207736 -120.18586180543942 143.1 111.84870911081954 211.3621808430857 225.36862 78.64359 276.9007873535156 -28.283606242436406 -999.0 -999.0 -999.0 276.9007873535156 -28.283606242436402 276.981475402628 -28.267963013549213 85.97549799826382 80.37517130812759 16000.0 16600.0 2015.5 2 195 {-999.0 -999.0 -999.0 -999.0 -999.0} "" -999.0 -999.0 -999.0 -999.0 27021603147114949 848844989 "" ops_sky_apogee_good ops_sky sky_apogee 0 0 0.0 0.0 -999 ""
FIBERMAP 1321 R-6C21 BOSS 0 0 0 1 0 0 206.3161361350826 -119.56203992537905 143.1 111.24254612795116 210.9075070461531 225.36862 78.64359 -999.0 -999.0 -999.0 -999.0 -999.0 276.89874391806313 -28.28494179570023 276.9794202323053 -28.269306800383664 85.97754426017973 80.38865386726764 -999.0 5400.0 -999.0 1 268 {-999.0 -999.0 -999.0 -999.0 -999.0} "" -999.0 -999.0 -999.0 -999.0 -999 -999 "" "" "" "" 0 0 0.0 0.0 -999 ""
FIBERMAP 1321 R-6C21 METROLOGY 0 0 0 1 0 0 207.05577227910106 -119.50071946389181 143.1 111.1518091808935 211.6440832921111 225.36862 78.64359 -999.0 -999.0 -999.0 -999.0 -999.0 276.89844088800226 -28.282689465221086 276.9791144810622 -28.26705465755972 85.97734780677057 80.35644162662561 -999.0 6231.0 -999.0 -1 -999 {-999.0 -999.0 -999.0 -999.0 -999.0} "" -999.0 -999.0 -999.0 -999.0 -999 -999 "" "" "" "" 0 0 0.0 0.0 -999 ""
FIBERMAP 1322 R+4C3 APOGEE 1 1 0 1 0 0 -199.37191894251586 64.87365001058534 143.1 -56.87642818308422 -201.7902571874609 280.02713 118.427734 276.3141364458477 -29.533412866672354 -4.061966 -4.908062 0.13818316 276.3141225652453 -29.53342745936309 276.39920919039236 -29.519163732545227 86.54048192114723 99.31921155120297 16000.0 16600.0 2016.0 2 20 {-999.0 16.290478 14.625022 12.977297 -999.0} sdss_psfmag_from_g3xp 15.559042 13.706628 12.420728 9.398 63050395244979619 1152010417 bright_1x1 mwm_galactic_core_dist_apogee_sparse mwm_galactic science 0 0 0.0 0.0 -999 ""
FIBERMAP 1322 R+4C3 BOSS 0 0 0 1 0 0 -199.94639486805488 64.42654712744687 143.1 -56.40681065193589 -202.34644111255628 280.02713 118.427734 -999.0 -999.0 -999.0 -999.0 -999.0 276.3157494169621 -29.53516245992551 276.4008268556288 -29.52089261256789 86.53886297657023 99.34460734585514 -999.0 5400.0 -999.0 1 29 {-999.0 -999.0 -999.0 -999.0 -999.0} "" -999.0 -999.0 -999.0 -999.0 -999 -999 "" "" "" "" 0 0 0.0 0.0 -999 ""
FIBERMAP 1322 R+4C3 METROLOGY 0 0 0 1 0 0 -200.06909125656335 65.13844164555836 143.1 -57.11322314790869 -202.49739755389604 280.02713 118.427734 -999.0 -999.0 -999.0 -999.0 -999.0 276.31327529872624 -29.535633657643285 276.39835919625796 -29.521370671778854 86.54093039766674 99.35706368129064 -999.0 6231.0 -999.0 -1 -999 {-999.0 -999.0 -999.0 -999.0 -999.0} "" -999.0 -999.0 -999.0 -999.0 -999 -999 "" "" "" "" 0 0 0.0 0.0 -999 ""
FIBERMAP 1327 R+4C12 APOGEE 0 0 0 1 0 0 -7.915235037032157 82.15040392901554 143.1 -81.76654293555112 -11.181563910016399 109.87631 149.88527 -999.0 -999.0 -999.0 -999.0 -999.0 276.23042300901574 -28.955773934537213 276.3135553040431 -28.94179626094569 86.64172819569782 89.66497295621599 -999.0 16600.0 -999.0 2 -999 {-999.0 -999.0 -999.0 -999.0 -999.0} "" -999.0 -999.0 -999.0 -999.0 -999 -999 "" "" "" "" 0 0 0.0 0.0 -999 ""
FIBERMAP 1327 R+4C12 BOSS 1 1 0 1 0 0 -7.812870067297755 82.87044505908483 143.1 -82.490061852691 -11.107971258332066 109.87631 149.88527 276.2278747558593 -28.9555443634072 -999.0 -999.0 -999.0 276.2278747558593 -28.955544363407203 276.3109925474572 -28.941573836672248 86.64396071450868 89.65970929625253 5400.0 5400.0 2015.5 1 120 {-999.0 -999.0 -999.0 -999.0 -999.0} "" -999.0 -999.0 -999.0 -999.0 27021603147108856 852461903 "" ops_sky_boss_fallback ops_sky sky_boss 0 0 0.0 0.0 -999 ""
FIBERMAP 1327 R+4C12 METROLOGY 0 0 0 1 0 0 -7.217127133373501 82.41899948304689 143.1 -82.06272759582444 -10.494739256372748 109.87631 149.88527 -999.0 -999.0 -999.0 -999.0 -999.0 276.2293553535126 -28.95369062344987 276.3124705376524 -28.939716326897656 86.64259647884265 89.62886277869222 -999.0 6231.0 -999.0 -1 -999 {-999.0 -999.0 -999.0 -999.0 -999.0} "" -999.0 -999.0 -999.0 -999.0 -999 -999 "" "" "" "" 0 0 0.0 0.0 -999 ""
FIBERMAP 1337 R-5C21 APOGEE 0 0 0 1 0 0 199.96588469175586 -87.4786834590517 143.1 79.43894529263206 203.2843280661201 165.31453 93.08695 -999.0 -999.0 -999.0 -999.0 -999.0 276.7895331841873 -28.307688822126096 276.8703314412419 -28.292332125339662 86.07628626596323 80.43231184221787 -999.0 16600.0 -999.0 2 -999 {-999.0 -999.0 -999.0 -999.0 -999.0} "" -999.0 -999.0 -999.0 -999.0 -999 -999 "" "" "" "" 0 0 0.0 0.0 -999 ""
FIBERMAP 1337 R-5C21 BOSS 1 1 0 1 0 0 200.09490108756503 -86.78923386461678 143.1 78.74493058652796 203.38576870528706 165.31453 93.08695 276.7871797716542 -28.307318188261018 0.8560153 -4.646622 0.2409846 276.7871826624582 -28.307332003637413 276.8679639080935 -28.291984446113926 86.07825740660927 80.4211652030634 5400.0 5400.0 2016.0 1 277 {-999.0 17.39906 16.995558 16.946415 -999.0} sdss_psfmag_ps1 17.27464 16.962502 16.507662 16.419 63050395266359664 979783718 "" ops_std_boss ops_std standard_boss 0 0 0.0 0.0 -999 ""
FIBERMAP 1337 R-5C21 METROLOGY 0 0 0 1 0 0 200.67284424656117 -87.23433451867024 143.1 79.16663436859629 203.98096299094425 165.31453 93.08695 -999.0 -999.0 -999.0 -999.0 -999.0 276.7886381317215 -28.305512638076227 276.86941760002196 -28.290160665110932 86.07663418644728 80.39885227274783 -999.0 6231.0 -999.0 -1 -999 {-999.0 -999.0 -999.0 -999.0 -999.0} "" -999.0 -999.0 -999.0 -999.0 -999 -999 "" "" "" "" 0 0 0.0 0.0 -999 ""
FIBERMAP 1343 R+6C1 APOGEE 1 1 0 1 0 0 -235.21636943117545 103.25935114222479 143.1 -93.80204789441761 -239.1341272682946 258.80783 83.176254 276.1852570891547 -29.64500232867995 -0.99781096 -5.224544 0.12178412 276.1852536756492 -29.645017862338523 276.27075789589503 -29.63107664453299 86.63444777718529 101.45615743020711 16000.0 16600.0 2016.0 2 50 {-999.0 15.429805 13.841969 12.702754 -999.0} sdss_psfmag_from_g3xp 14.749723 13.385562 12.23402 9.611 63050395244940862 1152010255 bright_1x1 mwm_galactic_core_dist_apogee_sparse mwm_galactic science 0 0 0.0 0.0 -999 ""
FIBERMAP 1343 R+6C1 BOSS 0 0 0 1 0 0 -235.9345401370859 103.49782274429208 143.1 -94.01170818617034 -239.8611999054976 258.80783 83.176254 -999.0 -999.0 -999.0 -999.0 -999.0 276.18452718542665 -29.64720779146048 276.27002488415917 -29.6332660946076 86.63471023020743 101.49474295616733 -999.0 5400.0 -999.0 1 87 {-999.0 -999.0 -999.0 -999.0 -999.0} "" -999.0 -999.0 -999.0 -999.0 -999 -999 "" "" "" "" 0 0 0.0 0.0 -999 ""
FIBERMAP 1343 R+6C1 METROLOGY 0 0 0 1 0 0 -235.4052108574661 103.99090749073457 143.1 -94.52547055806266 -239.3519569244584 258.80783 83.176254 -999.0 -999.0 -999.0 -999.0 -999.0 276.1827222575768 -29.64570749755396 276.2682193056015 -29.63177128169797 86.63650752283618 101.47410199974314 -999.0 6231.0 -999.0 -1 -999 {-999.0 -999.0 -999.0 -999.0 -999.0} "" -999.0 -999.0 -999.0 -999.0 -999 -999 "" "" "" "" 0 0 0.0 0.0 -999 ""
FIBERMAP 1344 R-6C18 APOGEE 0 0 0 1 0 0 154.77314355687727 -134.39482594514436 143.1 128.11647099270763 159.9984493652617 298.48215 76.99322 -999.0 -999.0 -999.0 -999.0 -999.0 276.95721915787874 -28.438606379752823 277.0384126808368 -28.42279812654485 85.95487489275058 82.66959118137368 -999.0 16600.0 -999.0 2 -999 {-999.0 -999.0 -999.0 -999.0 -999.0} "" -999.0 -999.0 -999.0 -999.0 -999 -999 "" "" "" "" 0 0 0.0 0.0 -999 ""
FIBERMAP 1344 R-6C18 BOSS 1 1 0 1 0 0 154.11827485737464 -134.5650140753612 143.1 128.31260761934988 159.35090723357004 298.48215 76.99322 276.9579777084951 -28.440512022556728 -6.435783 -2.2486537 0.06501254 276.9579559472496 -28.44051870827108 277.0391386657633 -28.424710817419445 85.95456120829749 82.69782702388012 5400.0 5400.0 2016.0 1 314 {-999.0 17.220802 16.01309 15.50786 -999.0} sdss_psfmag_ps1 16.577665 15.935138 15.106651 12.971 63050395266271105 1093353760 bright_3x1 mwm_astar_core_boss mwm_ob science 0 0 0.0 0.0 -999 ""
FIBERMAP 1344 R-6C18 METROLOGY 0 0 0 1 0 0 154.24117220871565 -133.86898880159973 143.1 127.61226650500724 159.44597195177158 298.48215 76.99322 -999.0 -999.0 -999.0 -999.0 -999.0 276.9555621316394 -28.44020629060782 277.03674929578153 -28.424403951552375 85.95658306556817 82.68861843963163 -999.0 6231.0 -999.0 -1 -999 {-999.0 -999.0 -999.0 -999.0 -999.0} "" -999.0 -999.0 -999.0 -999.0 -999 -999 "" "" "" "" 0 0 0.0 0.0 -999 ""
FIBERMAP 1352 R+7C11 APOGEE 1 1 0 1 0 0 28.844884302308742 132.0688244189715 143.1 -133.1078811709979 23.559112824769482 23.590336 75.85044 276.0534481489975 -28.84939865883618 -0.7520777 -4.697379 0.11148407 276.05344559607244 -28.849412625123527 276.1362607326255 -28.835908507211315 86.79093345101715 87.67022327059219 16000.0 16600.0 2016.0 2 141 {-999.0 15.939241 14.339238 13.403992 -999.0} sdss_psfmag_from_g3xp 15.223758 14.048063 12.962003 10.464 63050395264019797 1152039677 bright_1x1 mwm_galactic_core_dist_apogee_sparse mwm_galactic science 0 0 0.0 0.0 -999 ""
FIBERMAP 1352 R+7C11 BOSS 0 0 0 1 0 0 28.986598798626613 131.33490684510525 143.1 -132.38022168107233 23.72994892713453 23.590336 75.85044 -999.0 -999.0 -999.0 -999.0 -999.0 276.05590570515204 -28.848895999268354 276.13870481764695 -28.835386392404484 86.78876054095971 87.66366024345331 -999.0 5400.0 -999.0 1 141 {-999.0 -999.0 -999.0 -999.0 -999.0} "" -999.0 -999.0 -999.0 -999.0 -999 -999 "" "" "" "" 0 0 0.0 0.0 -999 ""
FIBERMAP 1352 R+7C11 METROLOGY 0 0 0 1 0 0 28.274602603820327 131.59551942672095 143.1 -132.61225048394564 23.008163539313433 23.590336 75.85044 -999.0 -999.0 -999.0 -999.0 -999.0 276.0550654922873 -28.851078883949935 276.13787611074304 -28.837570959172716 86.78964043082216 87.70163999109246 -999.0 6231.0 -999.0 -1 -999 {-999.0 -999.0 -999.0 -999.0 -999.0} "" -999.0 -999.0 -999.0 -999.0 -999 -999 "" "" "" "" 0 0 0.0 0.0 -999 ""
FIBERMAP 1360 R-3C11 APOGEE 1 1 0 1 0 0 -48.39851048132575 -65.28450583991919 143.1 67.15829017501868 -45.757165912095516 229.11238 91.305626 276.7469787597656 -29.062176832307983 -999.0 -999.0 -999.0 276.7469787597656 -29.062176832307983 276.83033862565225 -29.046841906270483 86.19234500747983 91.52138858253093 16000.0 16600.0 2015.5 2 151 {-999.0 -999.0 -999.0 -999.0 -999.0} "" -999.0 -999.0 -999.0 -999.0 27021603147063114 848836118 "" ops_sky_apogee_good ops_sky sky_apogee 0 0 0.0 0.0 -999 ""
FIBERMAP 1360 R-3C11 BOSS 0 0 0 1 0 0 -48.995969615805194 -64.81561943239984 143.1 66.71359800675458 -46.372807538357385 229.11238 91.305626 -999.0 -999.0 -999.0 -999.0 -999.0 276.74549365929744 -29.064071750438863 276.8288440605272 -29.048740605254096 86.193670680698 91.54978525315983 -999.0 5400.0 -999.0 1 432 {-999.0 -999.0 -999.0 -999.0 -999.0} "" -999.0 -999.0 -999.0 -999.0 -999 -999 "" "" "" "" 0 0 0.0 0.0 -999 ""
FIBERMAP 1360 R-3C11 METROLOGY 0 0 0 1 0 0 -48.28746181824027 -64.53628275843354 143.1 66.40626684539569 -45.6760195979935 229.11238 91.305626 -999.0 -999.0 -999.0 -999.0 -999.0 276.74443230261153 -29.061960217662655 276.8277804265084 -29.046632048764707 86.19457915715569 91.51787847181788 -999.0 6231.0 -999.0 -1 -999 {-999.0 -999.0 -999.0 -999.0 -999.0} "" -999.0 -999.0 -999.0 -999.0 -999 -999 "" "" "" "" 0 0 0.0 0.0 -999 ""
FIBERMAP 1361 R+12C3 APOGEE 0 0 0 1 0 0 -97.11708148172436 227.9027917573215 143.1 -223.84351050658867 -106.11589511373593 1.9852488 96.84524 -999.0 -999.0 -999.0 -999.0 -999.0 275.73688836413623 -29.239713629693764 275.8211120133167 -29.226988652551114 87.06972498726951 94.94260739363233 -999.0 16600.0 -999.0 2 -999 {-999.0 -999.0 -999.0 -999.0 -999.0} "" -999.0 -999.0 -999.0 -999.0 -999 -999 "" "" "" "" 0 0 0.0 0.0 -999 ""
FIBERMAP 1361 R+12C3 BOSS 1 1 0 1 0 0 -96.99315269657484 227.1748704357016 143.1 -223.1211336728197 -105.96306878439378 1.9852488 96.84524 275.7394024467714 -29.239275902441637 -8.912109 -4.225191 0.15971419 275.73937208011597 -29.23928846481222 275.8235810468673 -29.22655643232046 87.06759880106559 94.93173834364731 5400.0 5400.0 2016.0 1 99 {-999.0 -999.0 -999.0 -999.0 -999.0} "" -999.0 15.799528 -999.0 12.276 63050395263105671 1093123856 bright_3x1 mwm_astar_core_boss mwm_ob science 0 0 0.0 0.0 -999 ""
FIBERMAP 1361 R+12C3 METROLOGY 0 0 0 1 0 0 -97.70855498713932 227.44490824682103 143.1 -223.36244414341004 -106.68863293512722 1.9852488 96.84524 -999.0 -999.0 -999.0 -999.0 -999.0 275.73847674005754 -29.24148930621858 275.82269707951275 -29.228759519544504 87.06824119254432 94.97560966920912 -999.0 6231.0 -999.0 -1 -999 {-999.0 -999.0 -999.0 -999.0 -999.0} "" -999.0 -999.0 -999.0 -999.0 -999 -999 "" "" "" "" 0 0 0.0 0.0 -999 ""
FIBERMAP 1366 R+3C11 APOGEE 1 1 0 1 0 0 -17.68336708121487 51.39085329063738 143.1 -50.64347611391088 -19.716067239503918 7.7747173 82.259705 276.3382331362963 -28.982136133161493 -1.9566469 -7.7922406 0.031109424 276.33822648595964 -28.982159301117143 276.42142105360807 -28.96789776551694 86.54830006909972 90.158939338862 16000.0 16600.0 2016.0 2 12 {-999.0 16.574097 14.821361 12.691214 -999.0} sdss_psfmag_from_g3xp 15.832113 13.382598 11.976589 8.589 63050395263653525 1152039449 bright_1x1 mwm_galactic_core_dist_apogee_sparse mwm_galactic science 0 0 0.0 0.0 -999 ""
FIBERMAP 1366 R+3C11 BOSS 0 0 0 1 0 0 -17.660964434738588 50.63698382715319 143.1 -49.89112790568085 -19.663648584975796 7.7747173 82.259705 -999.0 -999.0 -999.0 -999.0 -999.0 276.3408168426318 -28.982022413362714 276.42399550842424 -28.967754544693925 86.54604437554539 90.15770806733383 -999.0 5400.0 -999.0 1 14 {-999.0 -999.0 -999.0 -999.0 -999.0} "" -999.0 -999.0 -999.0 -999.0 -999 -999 "" "" "" "" 0 0 0.0 0.0 -999 ""
FIBERMAP 1366 R+3C11 METROLOGY 0 0 0 1 0 0 -18.31272957426416 50.98824842942999 143.1 -50.216132774287665 -20.328864789982102 7.7747173 82.259705 -999.0 -999.0 -999.0 -999.0 -999.0 276.33966979348196 -28.984039852935627 276.4228598117627 -28.969774615641015 86.54709885553062 90.19072704265011 -999.0 6231.0 -999.0 -1 -999 {-999.0 -999.0 -999.0 -999.0 -999.0} "" -999.0 -999.0 -999.0 -999.0 -999 -999 "" "" "" "" 0 0 0.0 0.0 -999 ""
FIBERMAP 1367 R-10C9 APOGEE 0 0 0 1 0 0 13.447101062495049 -205.1709700929893 143.1 204.46411798949202 21.610042623377637 351.90833 81.97657 -999.0 -999.0 -999.0 -999.0 -999.0 277.22164064860664 -28.857396942597138 277.30417548003163 -28.840851868267432 85.77041665987178 88.79707206165853 -999.0 16600.0 -999.0 2 -999 {-999.0 -999.0 -999.0 -999.0 -999.0} "" -999.0 -999.0 -999.0 -999.0 -999 -999 "" "" "" "" 0 0 0.0 0.0 -999 ""
FIBERMAP 1367 R-10C9 BOSS 1 1 0 1 0 0 13.237406909539986 -205.89206442566896 143.1 205.1929653013081 21.429252260047317 351.90833 81.97657 277.22424391106836 -28.85791907777204 -4.2325816 -4.5218005 0.30585423 277.22422954240807 -28.85793252202688 277.30674728472763 -28.841381640222238 85.76820081482478 88.80612288277216 5400.0 5400.0 2016.0 1 404 {-999.0 19.28787 18.380007 17.944864 -999.0} sdss_psfmag_ps1 18.851421 18.259672 17.421696 -999.0 63050395245628246 978464684 "" ops_std_boss ops_std standard_boss 0 0 0.0 0.0 -999 ""
FIBERMAP 1367 R-10C9 METROLOGY 0 0 0 1 0 0 12.721698373312789 -205.35342325224735 143.1 204.6753195402291 20.89251397391463 351.90833 81.97657 -999.0 -999.0 -999.0 -999.0 -999.0 277.22248237951885 -28.859559565081426 277.3050113500793 -28.843012743826485 85.76981872312068 88.82692368029484 -999.0 6231.0 -999.0 -1 -999 {-999.0 -999.0 -999.0 -999.0 -999.0} "" -999.0 -999.0 -999.0 -999.0 -999 -999 "" "" "" "" 0 0 0.0 0.0 -999 ""
FIBERMAP 1371 R-4C4 APOGEE 0 0 0 1 0 0 -189.90442481498738 -80.33875594597207 143.1 87.83768073598472 -186.54529407548176 174.8398 133.71057 -999.0 -999.0 -999.0 -999.0 -999.0 276.8179606623467 -29.488409569369132 276.9027585557004 -29.472839671094235 86.11027273029393 97.82337484438062 -999.0 16600.0 -999.0 2 -999 {-999.0 -999.0 -999.0 -999.0 -999.0} "" -999.0 -999.0 -999.0 -999.0 -999 -999 "" "" "" "" 0 0 0.0 0.0 -999 ""
FIBERMAP 1371 R-4C4 BOSS 1 1 0 1 0 0 -190.39477697614464 -79.74644462708243 143.1 87.2653993738071 -187.05883538993595 174.8398 133.71057 276.8160065639651 -29.490010169754093 0.739945 -0.2258107 0.10709098 276.8160090914304 -29.490010841136378 276.9007963122758 -29.47444438886566 86.11181402105514 97.84940917784428 5400.0 5400.0 2016.0 1 493 {-999.0 17.109339 16.01388 15.685614 -999.0} sdss_psfmag_ps1 16.724043 15.996158 15.129285 13.035 63050395245369686 1093352912 bright_3x1 mwm_astar_core_boss mwm_ob science 0 0 0.0 0.0 -999 ""
FIBERMAP 1371 R-4C4 METROLOGY 0 0 0 1 0 0 -189.65701282535642 -79.63286252329202 143.1 87.12251895155488 -186.32621171670982 174.8398 133.71057 -999.0 -999.0 -999.0 -999.0 -999.0 276.8155277049991 -29.487827329344764 276.9003123248333 -29.47226280011404 86.11244889357728 97.81800582543673 -999.0 6231.0 -999.0 -1 -999 {-999.0 -999.0 -999.0 -999.0 -999.0} "" -999.0 -999.0 -999.0 -999.0 -999 -999 "" "" "" "" 0 0 0.0 0.0 -999 ""
FIBERMAP 1375 R+7C1 APOGEE 1 1 0 1 0 0 -212.3907518457394 148.67932307306106 143.1 -140.09352883602108 -218.13710971558993 83.102486 120.66098 276.0247034681143 -29.580526437648803 -2.1131554 -8.167494 1.3750634 276.0246962436438 -29.580550721310416 276.11001877839766 -29.56703545653813 86.7827139734302 100.7480245541009 16000.0 16600.0 2016.0 2 49 {-999.0 12.1526985 11.867463 11.797628 -999.0} sdss_psfmag_from_g3xp 12.130404 11.874415 11.460046 10.81 63050395262963443 975029272 "" ops_std_apogee ops_std standard_apogee 0 0 0.0 0.0 -999 ""
FIBERMAP 1375 R+7C1 BOSS 0 0 0 1 0 0 -211.70770231135756 148.99072548998114 143.1 -140.431884722716 -217.46703632836065 83.102486 120.66098 -999.0 -999.0 -999.0 -999.0 -999.0 276.02353874965627 -29.57853266977811 276.10884137318806 -29.56501876021629 86.78403945099706 100.71536182582508 -999.0 5400.0 -999.0 1 36 {-999.0 -999.0 -999.0 -999.0 -999.0} "" -999.0 -999.0 -999.0 -999.0 -999 -999 "" "" "" "" 0 0 0.0 0.0 -999 ""
FIBERMAP 1375 R+7C1 METROLOGY 0 0 0 1 0 0 -211.78111949740372 148.2448530749183 143.1 -139.68370936369809 -217.51067620182914 83.102486 120.66098 -999.0 -999.0 -999.0 -999.0 -999.0 276.0261006665092 -29.578727351894653 276.1114071859166 -29.56520727355433 86.78180552212336 100.7125035878704 -999.0 6231.0 -999.0 -1 -999 {-999.0 -999.0 -999.0 -999.0 -999.0} "" -999.0 -999.0 -999.0 -999.0 -999 -999 "" "" "" "" 0 0 0.0 0.0 -999 ""
FIBERMAP 1377 R-3C22 APOGEE 1 1 0 1 0 0 226.6377871263352 -66.31764296457457 143.1 57.23292542879508 229.09091566597615 351.50052 93.954124 276.71318809716826 -28.229792125842135 -3.8617404 -3.8519182 0.08807352 276.7131750653755 -28.229803578397394 276.7937320696732 -28.214654705569163 86.1256347294888 79.10452375587467 16000.0 16600.0 2016.0 2 202 {-999.0 15.846401 14.249847 13.376344 -999.0} sdss_psfmag_from_g3xp 15.151619 14.000039 12.938375 10.492 63050395266609794 1152043140 bright_1x1 mwm_galactic_core_dist_apogee_sparse mwm_galactic science 0 0 0.0 0.0 -999 ""
FIBERMAP 1377 R-3C22 BOSS 0 0 0 1 0 0 226.57476367089797 -67.04168513351338 143.1 57.95887465428542 229.0567911224553 351.50052 93.954124 -999.0 -999.0 -999.0 -999.0 -999.0 276.7156928050294 -28.229879240104555 276.79623336857503 -28.214727064800428 86.12350301719978 79.11288125009179 -999.0 5400.0 -999.0 1 285 {-999.0 -999.0 -999.0 -999.0 -999.0} "" -999.0 -999.0 -999.0 -999.0 -999 -999 "" "" "" "" 0 0 0.0 0.0 -999 ""
FIBERMAP 1377 R-3C22 METROLOGY 0 0 0 1 0 0 225.971172565381 -66.63846369272176 143.1 57.58003699101663 228.4376387777734 351.50052 93.954124 -999.0 -999.0 -999.0 -999.0 -999.0 276.7143987583652 -28.23170130564817 276.79495032401746 -28.216551353985064 86.12501355870683 79.13543743972889 -999.0 6231.0 -999.0 -1 -999 {-999.0 -999.0 -999.0 -999.0 -999.0} "" -999.0 -999.0 -999.0 -999.0 -999 -999 "" "" "" "" 0 0 0.0 0.0 -999 ""
FIBERMAP 1379 R-4C9 APOGEE 1 1 0 1 0 0 -73.14924257266873 -63.69361636653028 143.1 66.55481412244755 -70.55063835220938 126.840355 101.53746 276.74476482845427 -29.13738197699104 -2.368728 -7.619013 0.13313375 276.74475676538793 -29.137404629904285 276.8283735132791 -29.122066614727135 86.19409790935285 92.65443427040029 16000.0 16600.0 2016.0 2 292 {-999.0 14.97115 13.139885 11.940178 -999.0} sdss_psfmag_gaia 14.043012 12.635429 11.486318 8.547 63050395245514574 1154354338 bright_1x1 mwm_galactic_core_dist_apogee_sparse mwm_galactic science 0 0 0.0 0.0 -999 ""
FIBERMAP 1379 R-4C9 BOSS 0 0 0 1 0 0 -72.61664205322818 -63.175382859177404 143.1 66.01579363490329 -70.0391288039112 126.840355 101.53746 -999.0 -999.0 -999.0 -999.0 -999.0 276.7429465089795 -29.13589207191138 276.82654230871105 -29.120558813713583 86.19571146495167 92.63193671636333 -999.0 5400.0 -999.0 1 480 {-999.0 -999.0 -999.0 -999.0 -999.0} "" -999.0 -999.0 -999.0 -999.0 -999 -999 "" "" "" "" 0 0 0.0 0.0 -999 ""
FIBERMAP 1379 R-4C9 METROLOGY 0 0 0 1 0 0 -72.4389900772634 -63.91426452602713 143.1 66.7469813032612 -69.83218742035348 126.840355 101.53746 -999.0 -999.0 -999.0 -999.0 -999.0 276.74549012813543 -29.13527178621709 276.82908775039164 -29.11993202142432 86.19349345240914 92.62219366753146 -999.0 6231.0 -999.0 -1 -999 {-999.0 -999.0 -999.0 -999.0 -999.0} "" -999.0 -999.0 -999.0 -999.0 -999 -999 "" "" "" "" 0 0 0.0 0.0 -999 ""
FIBERMAP 1385 R-13C3 APOGEE 1 1 0 1 0 0 -91.41011309577972 -259.8696276687374 143.1 263.29474297875674 -80.9804887579091 314.4227 125.3008 277.4249931049124 -29.166987620701708 0.42717013 -3.2157607 0.39236698 277.42499455940344 -29.16699718182868 277.5085236348382 -29.149887146668746 85.59977660153746 92.96660083150688 16000.0 16600.0 2016.0 2 156 {-999.0 13.329377 11.807643 10.370598 -999.0} sdss_psfmag_from_g3xp 12.7137985 11.089896 9.859407 7.003 63050395245329091 1152010812 bright_1x1 mwm_galactic_core_dist_apogee_sparse mwm_galactic science 0 0 0.0 0.0 -999 ""
FIBERMAP 1385 R-13C3 BOSS 0 0 0 1 0 0 -91.53755019989954 -260.623578046459 143.1 264.0531417551795 -81.07778166575908 314.4227 125.3008 -999.0 -999.0 -999.0 -999.0 -999.0 277.4276023399834 -29.167270522524156 277.5111128227313 -29.150153521698222 85.59751302349075 92.96980434552779 -999.0 5400.0 -999.0 1 437 {-999.0 -999.0 -999.0 -999.0 -999.0} "" -999.0 -999.0 -999.0 -999.0 -999 -999 "" "" "" "" 0 0 0.0 0.0 -999 ""
FIBERMAP 1385 R-13C3 METROLOGY 0 0 0 1 0 0 -92.1156582844006 -260.12465339662015 143.1 263.5776654366351 -81.67528512536218 314.4227 125.3008 -999.0 -999.0 -999.0 -999.0 -999.0 277.42602858144147 -29.16910164978071 277.5095511138703 -29.15198855828404 85.59885978660363 92.99387778369658 -999.0 6231.0 -999.0 -1 -999 {-999.0 -999.0 -999.0 -999.0 -999.0} "" -999.0 -999.0 -999.0 -999.0 -999 -999 "" "" "" "" 0 0 0.0 0.0 -999 ""
FIBERMAP 1386 R-3C2 APOGEE 0 0 0 1 0 0 -243.52387119474852 -59.05608811775274 143.1 68.70899898920226 -240.9679389960947 130.32755 160.99644 -999.0 -999.0 -999.0 -999.0 -999.0 276.75092767226766 -29.65235815997085 276.83630757894116 -29.63694330581018 86.14785964569406 100.33997823286086 -999.0 16600.0 -999.0 2 -999 {-999.0 -999.0 -999.0 -999.0 -999.0} "" -999.0 -999.0 -999.0 -999.0 -999 -999 "" "" "" "" 0 0 0.0 0.0 -999 ""
FIBERMAP 1386 R-3C2 BOSS 1 1 0 1 0 0 -243.7969909515938 -58.36817263587663 143.1 68.03253850441858 -241.26823801277285 130.32755 160.99644 276.74859720620236 -29.653257253049713 -1.2678628 -8.274451 0.06755008 276.748592868495 -29.653281854718205 276.83396012813955 -29.637870903815394 86.14974654577786 100.35798670531939 5400.0 5400.0 2016.0 1 514 {-999.0 18.504118 17.724606 17.90903 -999.0} sdss_psfmag_ps1 17.887253 17.79541 17.086552 -999.0 63050395245128031 979782958 "" ops_std_boss ops_std standard_boss 0 0 0.0 0.0 -999 ""
FIBERMAP 1386 R-3C2 METROLOGY 0 0 0 1 0 0 -243.05004239609622 -58.477309674508874 143.1 68.11182556635406 -240.5175643066663 130.32755 160.99644 -999.0 -999.0 -999.0 -999.0 -999.0 276.7488852456517 -29.651067132284087 276.8342494825275 -29.635656271698043 86.14981371758762 100.32480866656459 -999.0 6231.0 -999.0 -1 -999 {-999.0 -999.0 -999.0 -999.0 -999.0} "" -999.0 -999.0 -999.0 -999.0 -999 -999 "" "" "" "" 0 0 0.0 0.0 -999 ""
FIBERMAP 1389 R+2C3 APOGEE 1 1 0 1 0 0 -231.4709399994815 54.93647561900187 143.1 -45.66869361675234 -233.466604007043 148.10445 79.239296 276.35278405597444 -29.62899206936228 -1.1329409 -3.018245 0.1162391 276.35278018080663 -29.62900104323377 276.43818577305916 -29.614625368840002 86.4934211631194 100.79587914516897 16000.0 16600.0 2016.0 2 37 {-999.0 16.902174 14.922003 12.917415 -999.0} sdss_psfmag_gaia 15.571142 13.653446 12.352726 9.336 63050395244969814 1154354305 bright_1x1 mwm_galactic_core_dist_apogee_sparse mwm_galactic science 0 0 0.0 0.0 -999 ""
FIBERMAP 1389 R+2C3 BOSS 0 0 0 1 0 0 -231.00209915176816 55.49307800161812 143.1 -46.24351075005253 -233.02032959875325 148.10445 79.239296 -999.0 -999.0 -999.0 -999.0 -999.0 276.3507920578434 -29.627680483764532 276.4361787334386 -29.613308121900683 86.49534786834421 100.77898171644944 -999.0 5400.0 -999.0 1 61 {-999.0 -999.0 -999.0 -999.0 -999.0} "" -999.0 -999.0 -999.0 -999.0 -999 -999 "" "" "" "" 0 0 0.0 0.0 -999 ""
FIBERMAP 1389 R+2C3 METROLOGY 0 0 0 1 0 0 -230.74773735118012 54.78194458184697 143.1 -45.543104360634196 -232.7378478753885 148.10445 79.239296 -999.0 -999.0 -999.0 -999.0 -999.0 276.3532201400275 -29.626881128703495 276.43860765103943 -29.612503112270133 86.49338479440935 100.76067171695632 -999.0 6231.0 -999.0 -1 -999 {-999.0 -999.0 -999.0 -999.0 -999.0} "" -999.0 -999.0 -999.0 -999.0 -999 -999 "" "" "" "" 0 0 0.0 0.0 -999 ""
FIBERMAP 1390 R+5C10 APOGEE 1 0 0 1 1 0 -25.539207005184398 104.2110093769619 143.1 -103.10659862155917 -29.669747792751817 21.443787 135.76309 276.2066945146302 -29.018196834608602 -3.6087422 -1.3890318 0.18915014 276.1561028671262 -29.011503742632506 276.23944362281713 -28.997713097882936 86.70821124170652 90.59521932844177 16000.0 16600.0 2016.0 2 138 {-999.0 14.489256 13.001486 12.265305 -999.0} sdss_psfmag_gaia 13.870826 12.858463 11.866686 9.507 63050395263718090 1154372984 bright_1x1 mwm_galactic_core_dist_apogee_sparse mwm_galactic science 0 0 0.0 0.0 -999 ""
FIBERMAP 1390 R+5C10 BOSS 0 0 0 1 1 0 -24.84777600322299 103.9376137855932 143.1 -102.86097813800814 -28.968001162521592 21.443787 135.76309 -999.0 -999.0 -999.0 -999.0 -999.0 276.15691777643684 -29.00939427365372 276.2402370398412 -28.995602027278967 86.70747143291821 90.55873075912712 -999.0 5400.0 -999.0 1 134 {-999.0 -999.0 -999.0 -999.0 -999.0} "" -999.0 -999.0 -999.0 -999.0 -999 -999 "" "" "" "" 0 0 0.0 0.0 -999 ""
FIBERMAP 1390 R+5C10 METROLOGY 0 0 0 1 1 0 -25.451202853612735 103.4667740789523 143.1 -102.36649015429802 -29.552166175942574 21.443787 135.76309 -999.0 -999.0 -999.0 -999.0 -999.0 276.15860497867766 -29.011179639147795 276.2419338893659 -28.997382705433708 86.70602654582083 90.59028504503635 -999.0 6231.0 -999.0 -1 -999 {-999.0 -999.0 -999.0 -999.0 -999.0} "" -999.0 -999.0 -999.0 -999.0 -999 -999 "" "" "" "" 0 0 0.0 0.0 -999 ""
FIBERMAP 1394 R+6C7 APOGEE 1 1 0 1 0 0 -83.05896957846932 101.47732285733845 143.1 -98.08356401880901 -87.03262757985395 317.81808 90.68029 276.17249412325367 -29.185581138508574 -4.0672445 -2.229771 0.09957968 276.17248027199844 -29.185587768081586 276.2564107332738 -29.171733963923106 86.69254582175463 93.61773154604572 16000.0 16600.0 2016.0 2 41 {-999.0 15.64905 14.042591 12.528928 -999.0} sdss_psfmag_from_g3xp 14.940854 13.255521 12.002959 9.108 63050395263056584 1152038738 bright_1x1 mwm_galactic_core_dist_apogee_sparse mwm_galactic science 0 0 0.0 0.0 -999 ""
FIBERMAP 1394 R+6C7 BOSS 0 0 0 1 0 0 -83.55515273988152 100.91669071092572 143.1 -97.50363114540764 -87.50606095004972 317.81808 90.68029 -999.0 -999.0 -999.0 -999.0 -999.0 276.1744442899547 -29.187077913085606 276.2583651880441 -29.17321842518965 86.69079373102997 93.64251809722828 -999.0 5400.0 -999.0 1 68 {-999.0 -999.0 -999.0 -999.0 -999.0} "" -999.0 -999.0 -999.0 -999.0 -999 -999 "" "" "" "" 0 0 0.0 0.0 -999 ""
FIBERMAP 1394 R+6C7 METROLOGY 0 0 0 1 0 0 -83.7836202491085 101.64081850790207 143.1 -98.21805272172473 -87.76318768273956 317.81808 90.68029 -999.0 -999.0 -999.0 -999.0 -999.0 276.1719439337881 -29.187851509446382 276.25587213880976 -29.17399855209649 86.69294479507555 93.6572221971436 -999.0 6231.0 -999.0 -1 -999 {-999.0 -999.0 -999.0 -999.0 -999.0} "" -999.0 -999.0 -999.0 -999.0 -999 -999 "" "" "" "" 0 0 0.0 0.0 -999 ""
FIBERMAP 1397 R-3C19 APOGEE 0 0 0 1 0 0 159.8645803074246 -64.52086289605268 143.1 58.097935548503926 162.30181190673954 353.77237 99.12797 -999.0 -999.0 -999.0 -999.0 -999.0 276.71615841147377 -28.431215539052562 276.7973909952051 -28.416035175335097 86.16262689462174 82.04895838698928 -999.0 16600.0 -999.0 2 -999 {-999.0 -999.0 -999.0 -999.0 -999.0} "" -999.0 -999.0 -999.0 -999.0 -999 -999 "" "" "" "" 0 0 0.0 0.0 -999 ""
FIBERMAP 1397 R-3C19 BOSS 1 1 0 1 0 0 159.90193954804428 -65.2592689144532 143.1 58.834237326707594 162.36855860722474 353.77237 99.12797 276.71874258100854 -28.430937021929697 -1.6406784 -6.327828 0.2488484 276.71873703390116 -28.430955835881186 276.7999518688264 -28.415771305052612 86.1603630196855 82.05093554910205 5400.0 5400.0 2016.0 1 305 {-999.0 18.680758 17.51081 17.145504 -999.0} sdss_psfmag_ps1 18.24245 17.458593 16.624163 14.85 63050395263976065 980263428 "" ops_std_boss_red ops_std standard_boss 0 0 0.0 0.0 -999 ""
FIBERMAP 1397 R-3C19 METROLOGY 0 0 0 1 0 0 159.23550420593912 -64.92553742618267 143.1 58.52733542092884 161.68938296604892 353.77237 99.12797 -999.0 -999.0 -999.0 -999.0 -999.0 276.7176825845123 -28.432987247832113 276.7989091831646 -28.417804500357935 86.161619645686 82.07845866778564 -999.0 6231.0 -999.0 -1 -999 {-999.0 -999.0 -999.0 -999.0 -999.0} "" -999.0 -999.0 -999.0 -999.0 -999 -999 "" "" "" "" 0 0 0.0 0.0 -999 ""
FIBERMAP 1399 R+5C21 APOGEE 0 0 1 1 0 0 213.75088115921847 104.76712728625053 143.1 -113.1957387645154 209.39861920548518 10.015881 170.06366 -999.0 -999.0 -999.0 -999.0 -999.0 276.1272864408018 -28.287502806176345 276.2081855393724 -28.273872407329424 86.64126062819092 78.13553022740473 -999.0 16600.0 -999.0 2 -999 {-999.0 -999.0 -999.0 -999.0 -999.0} "" -999.0 -999.0 -999.0 -999.0 -999 -999 "" "" "" "" 0 0 0.0 0.0 -999 ""
FIBERMAP 1399 R+5C21 BOSS 1 0 1 1 0 0 214.4738815525512 104.78608508414476 143.1 -113.24348559787792 210.12026133319372 10.015881 170.06366 276.1244926880148 -28.28887390888932 -3.7165492 -4.3555827 0.010116615 276.1271434186837 -28.285301219701662 276.20802126968886 -28.271674431832352 86.64088164825142 78.09849565493982 5400.0 5400.0 2016.0 1 247 {-999.0 17.035519 15.815509 15.370856 -999.0} sdss_psfmag_ps1 16.380201 15.724307 14.741728 12.204 63050395264361060 1093353428 bright_3x1 mwm_astar_core_boss mwm_ob science 0 0 0.0 0.0 -999 ""
FIBERMAP 1399 R+5C21 METROLOGY 0 0 1 1 0 0 214.12495449238256 104.1193870927998 143.1 -112.56344212419751 209.79818699257095 10.015881 170.06366 -999.0 -999.0 -999.0 -999.0 -999.0 276.1294421605678 -28.2862432807909 276.2103265393688 -28.2726095474157 86.63913012900373 78.12219059739078 -999.0 6231.0 -999.0 -1 -999 {-999.0 -999.0 -999.0 -999.0 -999.0} "" -999.0 -999.0 -999.0 -999.0 -999 -999 "" "" "" "" 0 0 0.0 0.0 -999 ""
FIBERMAP 1401 R-2C6 APOGEE 0 0 1 1 0 0 -156.10040139758598 -31.130096856786253 143.1 37.32328491715596 -154.7299705191973 9.980858 170.0273 -999.0 -999.0 -999.0 -999.0 -999.0 276.64250763407495 -29.392333595862254 276.7270233299645 -29.377231574779692 86.27122544765885 96.5942998104598 -999.0 16600.0 -999.0 2 -999 {-999.0 -999.0 -999.0 -999.0 -999.0} "" -999.0 -999.0 -999.0 -999.0 -999 -999 "" "" "" "" 0 0 0.0 0.0 -999 ""
FIBERMAP 1401 R-2C6 BOSS 1 0 1 1 0 0 -155.3557002912856 -31.109332708069168 143.1 37.272868667721966 -153.98671774294485 9.980858 170.0273 276.6899578933753 -29.36069741675917 -2.5203052 -4.0483494 0.07189837 276.64237242602445 -29.390151055389566 276.7268646882278 -29.37504855045279 86.27153465705564 96.56100123442792 5400.0 5400.0 2016.0 1 470 {-999.0 18.341896 17.70771 17.429523 17.26038} sdss_psfmag_from_ps1dr2 18.1048 17.6706 16.9957 -999.0 63050395245399593 1039869576 "" ops_std_boss_ps1dr2 ops_std standard_boss 0 0 0.0 0.0 -999 ""
FIBERMAP 1401 R-2C6 METROLOGY 0 0 1 1 0 0 -155.71540699795796 -31.771406087229074 143.1 37.94872085481404 -154.31974698779072 9.980858 170.0273 -999.0 -999.0 -999.0 -999.0 -999.0 276.6447220695956 -29.39117839615223 276.72922174965026 -29.376069962290202 86.26940696498424 96.57418238282048 -999.0 6231.0 -999.0 -1 -999 {-999.0 -999.0 -999.0 -999.0 -999.0} "" -999.0 -999.0 -999.0 -999.0 -999 -999 "" "" "" "" 0 0 0.0 0.0 -999 ""
